ticker,filing_date,url,cik,accession_compact,document,characters,text_sha256,truncated_at60000,scoring_ignores_after15000,flagging_ignores_after40000,acceptance_timestamp_present,raw_html_preserved
EXPE,2026-08-05,https://www.sec.gov/Archives/edgar/data/1324424/000132442426000051/earningsrelease-q22026.htm,1324424,000132442426000051,earningsrelease-q22026.htm,39593,e1c0ea4ed2689b6bc4f9ca1fc2111d6d9c0dd6760e19fc66f515398727546764,False,True,False,False,False
EXPE,2026-05-07,https://www.sec.gov/Archives/edgar/data/1324424/000132442426000031/earningsrelease-q12026.htm,1324424,000132442426000031,earningsrelease-q12026.htm,38053,f7a4ed5c6aa8885b24e6842ac096d04c7c2ff94b3556064aa19521442488d413,False,True,False,False,False
EXPE,2026-02-12,https://www.sec.gov/Archives/edgar/data/1324424/000132442426000005/earningsrelease-q42025.htm,1324424,000132442426000005,earningsrelease-q42025.htm,42563,33cef82620210f28e1c0124d357c0783c763033b6b4fa6a6ec8627e401b26517,False,True,True,False,False
EXPE,2025-11-06,https://www.sec.gov/Archives/edgar/data/1324424/000132442425000049/earningsrelease-q32025.htm,1324424,000132442425000049,earningsrelease-q32025.htm,46794,d3bbcd2adbbf0452bf34f80ddc02abfbcb806d8cb604a02115dea9de844a4295,False,True,True,False,False
EXPE,2025-08-07,https://www.sec.gov/Archives/edgar/data/1324424/000132442425000039/earningsrelease-q22025.htm,1324424,000132442425000039,earningsrelease-q22025.htm,45492,81b165c9b0cee40702ebbd302cae6c3c92135da8bdc3e47afdd94d1db3da579e,False,True,True,False,False
EXPE,2025-05-08,https://www.sec.gov/Archives/edgar/data/1324424/000132442425000025/earningsrelease-q12025.htm,1324424,000132442425000025,earningsrelease-q12025.htm,41066,9fd2402f427c0bccddc137d4ffa106d44c448c42eca2b85079990e4ce648cbce,False,True,True,False,False
EXPE,2025-02-06,https://www.sec.gov/Archives/edgar/data/1324424/000132442425000005/earningsrelease-q42024.htm,1324424,000132442425000005,earningsrelease-q42024.htm,42794,614363789f04968246686e7d0151a05e79e613941e7425e6c6c04576e481f601,False,True,True,False,False
EXPE,2024-11-07,https://www.sec.gov/Archives/edgar/data/1324424/000132442424000049/earningsrelease-q32024.htm,1324424,000132442424000049,earningsrelease-q32024.htm,41744,9f03d9a07b717c0395e405d58c0164549b1116aab83db085cfcc0ba0e1410491,False,True,True,False,False
EXPE,2024-08-08,https://www.sec.gov/Archives/edgar/data/1324424/000132442424000036/earningsrelease-q22024.htm,1324424,000132442424000036,earningsrelease-q22024.htm,40293,fb370c72651f96a537fa8f87044079eca5441b66ab12ace7735703d581c34d78,False,True,True,False,False
NEM,2026-07-23,https://www.sec.gov/Archives/edgar/data/1164727/000116472726000034/newmontq22026earningsrelea.htm,1164727,000116472726000034,newmontq22026earningsrelea.htm,60000,9d48bc40e0dde1d581d158d5fd6130244e73f4339c93c766f772906f963c7c17,True,True,True,False,False
NEM,2026-04-23,https://www.sec.gov/Archives/edgar/data/1164727/000116472726000017/newmontq12026earningsrelea.htm,1164727,000116472726000017,newmontq12026earningsrelea.htm,60000,c57c8d479b303c8e1bc1a133bf3639b46bcf365cf9216d75c406160828a4c7e7,True,True,True,False,False
NEM,2026-02-19,https://www.sec.gov/Archives/edgar/data/1164727/000116472726000009/newmontq42025earningsand20.htm,1164727,000116472726000009,newmontq42025earningsand20.htm,60000,db1f1662c292ab7a3829e8fbc885e63b020c257fbf377a59e3598fd3c4c21504,True,True,True,False,False
NEM,2025-10-23,https://www.sec.gov/Archives/edgar/data/1164727/000116472725000044/newmontq32025earningsrelea.htm,1164727,000116472725000044,newmontq32025earningsrelea.htm,60000,26f9f05facac6b1bd7e5dbca96152fbb284d05581ef7bd4a41b5fffc2c4be860,True,True,True,False,False
NEM,2025-07-24,https://www.sec.gov/Archives/edgar/data/1164727/000116472725000033/newmontq22025earningsrelea.htm,1164727,000116472725000033,newmontq22025earningsrelea.htm,60000,0078d7068e253334819c30f70d3a652f922b55bf4d1d54f71f12fdc535f58d12,True,True,True,False,False
NEM,2025-04-23,https://www.sec.gov/Archives/edgar/data/1164727/000116472725000018/newmontq12025earningsrelea.htm,1164727,000116472725000018,newmontq12025earningsrelea.htm,60000,7e5d2f3a1b0040612c576225b4821f6ea93b9efe0f3c027d2b467ce7c8a8c853,True,True,True,False,False
NEM,2025-02-20,https://www.sec.gov/Archives/edgar/data/1164727/000116472725000008/newmontq42024earningsand20.htm,1164727,000116472725000008,newmontq42024earningsand20.htm,60000,9cf4b743da186b6fdb88e70d513dff4a68a98ad779c7a0987fe92a948d391fbb,True,True,True,False,False
NEM,2024-10-23,https://www.sec.gov/Archives/edgar/data/1164727/000116472724000057/newmontq32024earningsrelea.htm,1164727,000116472724000057,newmontq32024earningsrelea.htm,60000,c4856667c3fbd0daf252746b15a36d0137ef282edac0f2f827dfef14b25eeaba,True,True,True,False,False
NEM,2024-07-24,https://www.sec.gov/Archives/edgar/data/1164727/000116472724000035/newmontq22024earningsrelea.htm,1164727,000116472724000035,newmontq22024earningsrelea.htm,60000,c1fd0f20db67f934590a36f3802af2fdf601003f6e52f1876009180e9f6ff088,True,True,True,False,False
BMY,2026-07-30,https://www.sec.gov/Archives/edgar/data/14272/000001427226000018/a2026q2ex991-filing.htm,14272,000001427226000018,a2026q2ex991-filing.htm,43395,b84d1d0d341c16d6e6e1507970ccd672dfbed4c2f2d5a7f7c0cf28651521f1b6,False,True,True,False,False
BMY,2026-04-30,https://www.sec.gov/Archives/edgar/data/14272/000001427226000008/a2026q1ex991.htm,14272,000001427226000008,a2026q1ex991.htm,37659,f5dfc216b52d504a30b9a53e22e2954f2aef76aa87c2de6f630b57e128e6640f,False,True,False,False,False
BMY,2026-02-05,https://www.sec.gov/Archives/edgar/data/14272/000001427226000002/a2025q4ex991.htm,14272,000001427226000002,a2025q4ex991.htm,50278,83c622680c9e3acaec94cfbafc079d35094669bd5a1743994fae7917b683ee46,False,True,True,False,False
BMY,2025-10-30,https://www.sec.gov/Archives/edgar/data/14272/000001427225000147/a2025q3ex991.htm,14272,000001427225000147,a2025q3ex991.htm,45896,68bba16976eda1ac86315098053cdc9c6d0f7a1b01c7d6aaaf477b3ef9e40609,False,True,True,False,False
BMY,2025-07-31,https://www.sec.gov/Archives/edgar/data/14272/000001427225000129/a2025q2ex991-filing.htm,14272,000001427225000129,a2025q2ex991-filing.htm,45439,f5205d63672d37807edb16882efab627c01837d311f2fe7032544eb60122e814,False,True,True,False,False
BMY,2025-04-24,https://www.sec.gov/Archives/edgar/data/14272/000001427225000089/a2025q1ex991-filing.htm,14272,000001427225000089,a2025q1ex991-filing.htm,39112,ad471608e451727fba57b980fd8167c88b8c2960814c37ab71eed75234c86d06,False,True,False,False,False
BMY,2025-02-06,https://www.sec.gov/Archives/edgar/data/14272/000001427225000037/a2024ex991-filing.htm,14272,000001427225000037,a2024ex991-filing.htm,53728,ecf96f7cff8415d18b4f48013133dac627ecd9f97fba0e2ab7d2ac1e9377408a,False,True,True,False,False
BMY,2024-10-31,https://www.sec.gov/Archives/edgar/data/14272/000001427224000145/q32024ex991-filing.htm,14272,000001427224000145,q32024ex991-filing.htm,47626,64e608fa738e5093e9276f27a728cd2f3920d3ffb788a6f6d3f023ea94acf92a,False,True,True,False,False
BMY,2024-07-26,https://www.sec.gov/Archives/edgar/data/14272/000001427224000121/q22024ex991-filing.htm,14272,000001427224000121,q22024ex991-filing.htm,48980,6160aa019aa51e9e1ae2c75fad690a91ffb7a1db80a5363ab6071d962e9601f1,False,True,True,False,False
HPE,2026-09-02,https://www.sec.gov/Archives/edgar/data/1645590/000164559026000078/ex-991x922026x8k.htm,1645590,000164559026000078,ex-991x922026x8k.htm,53041,141e68ef900c0d8eb70703f3cc2af641f02438953ba6a9ff44591c03fa446291,False,True,True,False,False
HPE,2026-06-01,https://www.sec.gov/Archives/edgar/data/1645590/000164559026000052/ex-991x612026x8k.htm,1645590,000164559026000052,ex-991x612026x8k.htm,54674,22668032c5779a59d54e8b398db1bbe8ee13d31a216e4f14d12cec0a9834bd9b,False,True,True,False,False
HPE,2026-03-09,https://www.sec.gov/Archives/edgar/data/1645590/000164559026000028/ex-991x392026x8k.htm,1645590,000164559026000028,ex-991x392026x8k.htm,47730,f7a029c81659591ecb6e09f666087bb241d1302d5ac5d87d7a5c1ac98b638c97,False,True,True,False,False
HPE,2025-12-04,https://www.sec.gov/Archives/edgar/data/1645590/000164559025000126/ex-991x1242025x8k.htm,1645590,000164559025000126,ex-991x1242025x8k.htm,58575,931db7f5e855d423c67df34a667ff92fdeb5d95ff4fa3dc18ee658053475fd58,False,True,True,False,False
HPE,2025-10-15,https://www.sec.gov/Archives/edgar/data/1645590/000164559025000111/ex-991x10152025x8k.htm,1645590,000164559025000111,ex-991x10152025x8k.htm,16648,a5a303d7f3341a4ba14df7f00de236ca9a99c58e16b8f5a07b9ad2b59c25a83b,False,True,False,False,False
HPE,2025-09-03,https://www.sec.gov/Archives/edgar/data/1645590/000164559025000096/ex-991x932025x8k.htm,1645590,000164559025000096,ex-991x932025x8k.htm,59321,092312de78556746303a7b9e29500f273672b5042eb8778f797947212f74b478,False,True,True,False,False
HPE,2025-06-03,https://www.sec.gov/Archives/edgar/data/1645590/000164559025000060/ex-991x632025x8k.htm,1645590,000164559025000060,ex-991x632025x8k.htm,56321,47b02ad4a9b74c2cfb951da5855cfe4d0596c2e9334490fa9442503911bcd6fe,False,True,True,False,False
HPE,2025-03-06,https://www.sec.gov/Archives/edgar/data/1645590/000164559025000034/ex-991x362025x8k.htm,1645590,000164559025000034,ex-991x362025x8k.htm,49836,ffb378d3379256e6a0d9763014a4596595ab79d35d99e9f06d6daff74bd31014,False,True,True,False,False
HPE,2024-12-05,https://www.sec.gov/Archives/edgar/data/1645590/000164559024000132/ex-991x1252024x8k.htm,1645590,000164559024000132,ex-991x1252024x8k.htm,55043,6aa878b3f7435ceb76072363d97707760aae15f77002b9efa165e3cdee24d001,False,True,True,False,False
MPC,2026-08-04,https://www.sec.gov/Archives/edgar/data/1510295/000151029526000060/mpcq22026earningsrelease.htm,1510295,000151029526000060,mpcq22026earningsrelease.htm,38859,c8a610338c024d9eeacf5e465f867983a54da93c4f6d05717ca705bbea888ef7,False,True,False,False,False
MPC,2026-05-05,https://www.sec.gov/Archives/edgar/data/1510295/000151029526000039/mpcq12026earningsrelease.htm,1510295,000151029526000039,mpcq12026earningsrelease.htm,36571,419cc9fdb5d6c5caf38ab5a06edf5f2bd0fd9dd8ce3c828fe8248d72fc347abc,False,True,False,False,False
MPC,2026-04-13,https://www.sec.gov/Archives/edgar/data/1510295/000151029526000029/mpc8-kex101.htm,1510295,000151029526000029,mpc8-kex101.htm,60000,f22e4813fc87ef9be00f9ef61c611744492ca79a507b8eecb4eb014a297e82c3,True,True,True,False,False
MPC,2026-02-03,https://www.sec.gov/Archives/edgar/data/1510295/000151029526000003/mpcq42025earningsrelease.htm,1510295,000151029526000003,mpcq42025earningsrelease.htm,40570,219a5c2ec61dca022bde4aefc4ffce64a5ba7f8c9fde6deb693948c909ac1a4b,False,True,True,False,False
MPC,2025-11-04,https://www.sec.gov/Archives/edgar/data/1510295/000151029525000059/mpcq32025earningsrelease.htm,1510295,000151029525000059,mpcq32025earningsrelease.htm,37422,93831050cc5e51f96cfc06bd1de95e67224d3fdf417b87428bd2324453e37df3,False,True,False,False,False
MPC,2025-08-05,https://www.sec.gov/Archives/edgar/data/1510295/000151029525000052/mpcq22025earningsrelease.htm,1510295,000151029525000052,mpcq22025earningsrelease.htm,37077,23a0414f2bf484682e3ad239fcbac07d4d6400436a65cf5debc655bb44765acf,False,True,False,False,False
MPC,2025-05-06,https://www.sec.gov/Archives/edgar/data/1510295/000151029525000038/mpcq12025earningsrelease.htm,1510295,000151029525000038,mpcq12025earningsrelease.htm,31201,eadb0091f025c3b666679a9e5a1f3b8d00c44b6cc307dd574fdfe4103efb4ff6,False,True,False,False,False
MPC,2025-02-04,https://www.sec.gov/Archives/edgar/data/1510295/000151029525000005/mpcq42024earningsrelease.htm,1510295,000151029525000005,mpcq42024earningsrelease.htm,36176,906c16e7457c34ad56415085bb45088ad9d02b2d659158fef23d2e8755f0dede,False,True,False,False,False
MPC,2024-11-05,https://www.sec.gov/Archives/edgar/data/1510295/000151029524000078/mpcq32024earningsrelease.htm,1510295,000151029524000078,mpcq32024earningsrelease.htm,31408,6ab812c7d0f80c31b04008addaf98dba825f14b9bf0003743470bd6f3f7fcd82,False,True,False,False,False
SWK,2026-07-29,https://www.sec.gov/Archives/edgar/data/93556/000009355626000028/ex991q22026.htm,93556,000009355626000028,ex991q22026.htm,21683,ebcfc09f31e94f46a846db009b5e1d52764eebf865ed30bf2ed139b893227389,False,True,False,False,False
SWK,2026-04-29,https://www.sec.gov/Archives/edgar/data/93556/000009355626000013/ex991q12026.htm,93556,000009355626000013,ex991q12026.htm,21595,a0a56194dcee2e1c54a385be28906158fe7683306f643f574010a9b3deda530f,False,True,False,False,False
SWK,2026-02-04,https://www.sec.gov/Archives/edgar/data/93556/000009355626000004/ex991q42025.htm,93556,000009355626000004,ex991q42025.htm,26638,561595bcdceef46e3304019fee4e01fe7403d2799571fca6e97dc541b1e59044,False,True,False,False,False
SWK,2025-11-04,https://www.sec.gov/Archives/edgar/data/93556/000009355625000152/ex991q32025.htm,93556,000009355625000152,ex991q32025.htm,26305,2a0858d390e390a10c8c059e3fe141de343a7c4489b382d372cfc4a625b86c6a,False,True,False,False,False
SWK,2025-07-29,https://www.sec.gov/Archives/edgar/data/93556/000009355625000141/ex991q22025.htm,93556,000009355625000141,ex991q22025.htm,25822,52c9a329185c0e960e51bb26870861b7b670b43203f0bf75c76a2962aabeea34,False,True,False,False,False
SWK,2025-06-30,https://www.sec.gov/Archives/edgar/data/93556/000119312525151956/d933064dex991.htm,93556,000119312525151956,d933064dex991.htm,12558,d5a7a8873fc359c3b1dba2959e4cc2156431871466f452f4e2b985273b34cace,False,False,False,False,False
SWK,2025-04-30,https://www.sec.gov/Archives/edgar/data/93556/000009355625000104/ex991q12025.htm,93556,000009355625000104,ex991q12025.htm,25911,5a0f96c3f476e2469a8a9146857b88b41346b158662d87c9ae63f3ba126bd8c1,False,True,False,False,False
SWK,2025-02-05,https://www.sec.gov/Archives/edgar/data/93556/000009355625000002/ex991q42024.htm,93556,000009355625000002,ex991q42024.htm,26415,2b48549f7fac40ba3942a4953c653fdb91ed40e274fa902c10597f4d4f6df37e,False,True,False,False,False
SWK,2024-10-29,https://www.sec.gov/Archives/edgar/data/93556/000009355624000179/ex991q32024.htm,93556,000009355624000179,ex991q32024.htm,22672,dedda6f69fc7eac17cbebdb4ceb87655033433eba359f614bc14ffb2d6253649,False,True,False,False,False
GM,2026-07-21,https://www.sec.gov/Archives/edgar/data/1467858/000146785826000049/gmq22026pressreleaseandfin.htm,1467858,000146785826000049,gmq22026pressreleaseandfin.htm,40417,96f2e65e4aae40e521593f6fe345ef4e0244c0cb1914c280f43cf0ddacf1614b,False,True,True,False,False
GM,2026-04-28,https://www.sec.gov/Archives/edgar/data/1467858/000146785826000033/gmq12026pressreleaseandfin.htm,1467858,000146785826000033,gmq12026pressreleaseandfin.htm,34504,643fd388dcac508aed6140f79307f7d5ee6bcd81950993fc47b45c6f504042a8,False,True,False,False,False
GM,2026-01-27,https://www.sec.gov/Archives/edgar/data/1467858/000146785826000011/gmq42025pressreleaseandfin.htm,1467858,000146785826000011,gmq42025pressreleaseandfin.htm,44227,04fc87d0f2c6d850eeeae58b7eb97f1d3f18eb886f2934f015f9325e03727412,False,True,True,False,False
GM,2025-10-21,https://www.sec.gov/Archives/edgar/data/1467858/000146785825000141/gmq32025pressreleaseandfin.htm,1467858,000146785825000141,gmq32025pressreleaseandfin.htm,41382,e6b7206114191652136f648df3a6cd2c2c736ef03460263312ea241eb56bdddb,False,True,True,False,False
GM,2025-07-22,https://www.sec.gov/Archives/edgar/data/1467858/000146785825000119/gmq22025pressreleaseandfin.htm,1467858,000146785825000119,gmq22025pressreleaseandfin.htm,40680,8864aae6034ff23809ed5a384c6e82494131f52e350df014817a685e5b20a513,False,True,True,False,False
GM,2025-04-29,https://www.sec.gov/Archives/edgar/data/1467858/000146785825000089/gmq12025pressreleaseandfin.htm,1467858,000146785825000089,gmq12025pressreleaseandfin.htm,32369,3fc92366546bf92eb650cfde164b19905e4aed56e65353601a9c8e65103e7c0c,False,True,False,False,False
GM,2025-01-28,https://www.sec.gov/Archives/edgar/data/1467858/000146785825000030/gmq42024pressreleaseandfin.htm,1467858,000146785825000030,gmq42024pressreleaseandfin.htm,43835,59bf2c530400518d534200b36a1abd5532276cc397a8b50b9f201e9d3bb10f21,False,True,True,False,False
GM,2024-10-22,https://www.sec.gov/Archives/edgar/data/1467858/000146785824000115/gmq32024pressreleaseandfin.htm,1467858,000146785824000115,gmq32024pressreleaseandfin.htm,41288,b9ebb7d85a19dbdd665606596b289ac959da86c22be09592a7d08a969ba11306,False,True,True,False,False
GM,2024-07-23,https://www.sec.gov/Archives/edgar/data/1467858/000146785824000100/gmq22024pressreleaseandfin.htm,1467858,000146785824000100,gmq22024pressreleaseandfin.htm,41248,2152edb0dce4310e43eca453245211c7087e529db5bbfd73dd2c572553ca6cfe,False,True,True,False,False
BIIB,2026-07-29,https://www.sec.gov/Archives/edgar/data/875045/000087504526000073/exhibit991-q22026pressrele.htm,875045,000087504526000073,exhibit991-q22026pressrele.htm,42670,fbc1d42f39c8609662970d9197b23147d3b5e48f2ab164c554632f7dd95ff067,False,True,True,False,False
BIIB,2026-07-01,https://www.sec.gov/Archives/edgar/data/875045/000087504526000068/R1.htm,875045,000087504526000068,R1.htm,8831,24bdc244eafbd60b20d46b86e8df98abdded67994de0b50c44355ba767837e2e,False,False,False,False,False
BIIB,2026-04-29,https://www.sec.gov/Archives/edgar/data/875045/000087504526000042/exhibit991-q12026pressrele.htm,875045,000087504526000042,exhibit991-q12026pressrele.htm,39173,4a5373942f5655efd3413a479d5e4a37526db19e81565a864269e043ae96787e,False,True,False,False,False
BIIB,2026-04-06,https://www.sec.gov/Archives/edgar/data/875045/000087504526000039/R1.htm,875045,000087504526000039,R1.htm,8831,2d63775e002b9341e7e7883dbe77384de0301edc8238d5b1acdcf00a273c6c51,False,False,False,False,False
BIIB,2026-02-06,https://www.sec.gov/Archives/edgar/data/875045/000087504526000011/exhibit991-q42025pressrele.htm,875045,000087504526000011,exhibit991-q42025pressrele.htm,43293,c3e5faa4c80dd2b28b3a886e60a5967987e8b715e63c133d8b5d63167827dae5,False,True,True,False,False
BIIB,2026-01-14,https://www.sec.gov/Archives/edgar/data/875045/000087504526000003/R1.htm,875045,000087504526000003,R1.htm,8831,9c0424345d2ca0c84f3ace4d59f7371de594341eef39a296ee2816734b13634f,False,False,False,False,False
BIIB,2025-10-30,https://www.sec.gov/Archives/edgar/data/875045/000087504525000047/exhibit991-q32025pressrele.htm,875045,000087504525000047,exhibit991-q32025pressrele.htm,44215,5e9cee90ccf2f329eb80720983289ac469c1e42a6fae1125c9a2f0563135daf1,False,True,True,False,False
BIIB,2025-10-14,https://www.sec.gov/Archives/edgar/data/875045/000087504525000040/R1.htm,875045,000087504525000040,R1.htm,8831,07d59c9eaa34b46b31b18de23df8bb4946032d1f8c4d2cc3239bfa75b18e035e,False,False,False,False,False
BIIB,2025-07-31,https://www.sec.gov/Archives/edgar/data/875045/000087504525000035/exhibit991-q22025pressrele.htm,875045,000087504525000035,exhibit991-q22025pressrele.htm,40983,92105e8b29878071658b8ede6e245755272da6d92703c88145cb569b3e412419,False,True,True,False,False
VTRS,2026-08-06,https://www.sec.gov/Archives/edgar/data/1792044/000179204426000037/exhibit991-2q26earningsrel.htm,1792044,000179204426000037,exhibit991-2q26earningsrel.htm,51916,e97302797cde663c087ce111e18ea025e3fc9d6468db6f01235850f39a188e78,False,True,True,False,False
VTRS,2026-05-07,https://www.sec.gov/Archives/edgar/data/1792044/000179204426000025/exhibit991-1q26earningsrel.htm,1792044,000179204426000025,exhibit991-1q26earningsrel.htm,38005,ec99a6935057ecaea898854cdab9454ee3be5e1945a469a8125c2c152829a5eb,False,True,False,False,False
VTRS,2026-02-26,https://www.sec.gov/Archives/edgar/data/1792044/000179204426000010/exhibit991-4q25earningsrel.htm,1792044,000179204426000010,exhibit991-4q25earningsrel.htm,57913,17e160b5f90b0e1940f5758f75fbaa8ed98945fc442117b6b6443f5fc8eb903f,False,True,True,False,False
VTRS,2025-11-06,https://www.sec.gov/Archives/edgar/data/1792044/000179204425000042/exhibit991-3q25earningsrel.htm,1792044,000179204425000042,exhibit991-3q25earningsrel.htm,54320,44f1d69483c3fff7e63c84a847c4cea621f3b22003c8b0db7d14490a95c7692e,False,True,True,False,False
VTRS,2025-08-07,https://www.sec.gov/Archives/edgar/data/1792044/000179204425000031/exhibit991-2q25earningsrel.htm,1792044,000179204425000031,exhibit991-2q25earningsrel.htm,51890,4f3d4a7b640c31bd2cc6586c7eb457b4034de5f9173be7c1bdace86039de8b02,False,True,True,False,False
VTRS,2025-05-08,https://www.sec.gov/Archives/edgar/data/1792044/000179204425000016/exhibit991-1q25earningsrel.htm,1792044,000179204425000016,exhibit991-1q25earningsrel.htm,49702,0dc50f5b1ef9f98ff1b0a91ca8d61af42d76ef7386df52511a1a90f20133f477,False,True,True,False,False
VTRS,2025-02-27,https://www.sec.gov/Archives/edgar/data/1792044/000179204425000004/exhibit991-4q24earningsrel.htm,1792044,000179204425000004,exhibit991-4q24earningsrel.htm,56332,dbe6f7a1af023245732bc4eb59f36f93f478d77c12da546c9a81d57ed18d02a5,False,True,True,False,False
VTRS,2024-11-07,https://www.sec.gov/Archives/edgar/data/1792044/000179204424000031/exhibit991-3q24earningsrel.htm,1792044,000179204424000031,exhibit991-3q24earningsrel.htm,56416,0e13a06cb2c692a287f68042d11c8e7d0f2403dcf6daae53ee8bff70386740ae,False,True,True,False,False
VTRS,2024-08-08,https://www.sec.gov/Archives/edgar/data/1792044/000179204424000022/exhibit991-2q24earningsrel.htm,1792044,000179204424000022,exhibit991-2q24earningsrel.htm,51990,b76ba8f87803e8d9faee69a5f1215eca99b882ace16d7c20b672952733f44eb7,False,True,True,False,False
MMM,2026-07-21,https://www.sec.gov/Archives/edgar/data/66740/000006674026000242/q22026-8kerexx991.htm,66740,000006674026000242,q22026-8kerexx991.htm,43133,f4b16109b7dee8945b9a67eac9bada3e7f4aa673fddf8dc90d4dd9bba1af9f07,False,True,True,False,False
MMM,2026-04-21,https://www.sec.gov/Archives/edgar/data/66740/000006674026000171/q12026-8kerexx991.htm,66740,000006674026000171,q12026-8kerexx991.htm,31305,47e69f2b1d6b24814f9e2748780f0f9f7311673edfc8132401ba966596f1f763,False,True,False,False,False
MMM,2026-01-20,https://www.sec.gov/Archives/edgar/data/66740/000006674026000003/q42025-8kerexx991.htm,66740,000006674026000003,q42025-8kerexx991.htm,46747,f19757124c7d4154229b7c73f2ae394fcb8871333cd75f235814a6390158f487,False,True,True,False,False
MMM,2025-10-21,https://www.sec.gov/Archives/edgar/data/66740/000006674025000086/q32025-8kerexx991.htm,66740,000006674025000086,q32025-8kerexx991.htm,44415,e2bca6ffcf6748f238e8f95906131a70e7c1534af0d54f37b7a076ce55f8258c,False,True,True,False,False
MMM,2025-07-18,https://www.sec.gov/Archives/edgar/data/66740/000006674025000061/q22025-8kerexx991.htm,66740,000006674025000061,q22025-8kerexx991.htm,43305,3346a055abcf57ee110265b8e77683f275aa252189a819fcf3463612363058ea,False,True,True,False,False
MMM,2025-04-22,https://www.sec.gov/Archives/edgar/data/66740/000006674025000036/q12025-8kerexx991.htm,66740,000006674025000036,q12025-8kerexx991.htm,34673,acffd27b8fb2c88a41d4c53923f8b55a23d7c612329aa43aa6ced324f3d2728a,False,True,False,False,False
MMM,2025-01-21,https://www.sec.gov/Archives/edgar/data/66740/000006674025000002/q42024-8kerexx991.htm,66740,000006674025000002,q42024-8kerexx991.htm,56991,884860834e557be357074ad2a18373ade73025d1dc6dce2d1195000fe052d9f7,False,True,True,False,False
MMM,2024-10-22,https://www.sec.gov/Archives/edgar/data/66740/000006674024000098/q32024-8kerexx991.htm,66740,000006674024000098,q32024-8kerexx991.htm,54627,debdc82774ebc105b9d50b64ef1790998cd25e5b5b699bee7117716c81c408ec,False,True,True,False,False
MMM,2024-07-26,https://www.sec.gov/Archives/edgar/data/66740/000006674024000077/q22024-8kerexx991.htm,66740,000006674024000077,q22024-8kerexx991.htm,60000,f54420a6cffc8535a7815336b3d348b579c08ca3b5320c2af5d6da4b4e83914f,True,True,True,False,False
CPAY,2026-08-05,https://www.sec.gov/Archives/edgar/data/1175454/000117545426000045/ex991q2_2026.htm,1175454,000117545426000045,ex991q2_2026.htm,35243,c414114def5ad1fbc2cc0c78646e6618d8ebab55356b93ca7f0bbffa55b01157,False,True,False,False,False
CPAY,2026-05-07,https://www.sec.gov/Archives/edgar/data/1175454/000117545426000029/ex991q1_2026.htm,1175454,000117545426000029,ex991q1_2026.htm,32665,417e806e22985bb9a40deaee2f882167113fa2c2eece391e8f54483999ef6b05,False,True,False,False,False
CPAY,2026-02-04,https://www.sec.gov/Archives/edgar/data/1175454/000117545426000008/ex991q4_2025.htm,1175454,000117545426000008,ex991q4_2025.htm,36328,f21aff7dd8198f49c9a69f0d7b7151eccd3a299d1cf6352f8c7bd3a64201040e,False,True,False,False,False
CPAY,2025-11-05,https://www.sec.gov/Archives/edgar/data/1175454/000117545425000025/ex991q3_2025.htm,1175454,000117545425000025,ex991q3_2025.htm,33550,5d33fda327a540437d48ccc654be01bcd5a4ba372a2adf96292f5a95478d7323,False,True,False,False,False
CPAY,2025-08-06,https://www.sec.gov/Archives/edgar/data/1175454/000117545425000013/ex991q2_2025.htm,1175454,000117545425000013,ex991q2_2025.htm,32637,81044cb990a0b5663c24b9e6d7021141de7ab46a87bb87ff3ac62c20fa1d7fb3,False,True,False,False,False
CPAY,2025-05-06,https://www.sec.gov/Archives/edgar/data/1175454/000162828025022757/ex991q1_2025.htm,1175454,000162828025022757,ex991q1_2025.htm,30590,e70e187209cacda84a28dae3793834eddec6dac29dd829966e92adc6614692a6,False,True,False,False,False
CPAY,2025-02-05,https://www.sec.gov/Archives/edgar/data/1175454/000162828025004035/ex991q4_2024.htm,1175454,000162828025004035,ex991q4_2024.htm,35893,9168143e88e60695b25241604b0f710429f14b52d17ff575993dd3d274e6f2ec,False,True,False,False,False
CPAY,2024-11-07,https://www.sec.gov/Archives/edgar/data/1175454/000162828024046334/ex991q3_2024.htm,1175454,000162828024046334,ex991q3_2024.htm,32762,6cd2f35bfbebfd0bfd8d8d5612e32eb8d32d64a4a592172e8a4062d21d39ba05,False,True,False,False,False
CPAY,2024-10-28,https://www.sec.gov/Archives/edgar/data/1175454/000162828024043875/exhibit991corpay3qpreannou.htm,1175454,000162828024043875,exhibit991corpay3qpreannou.htm,14392,3cfcc41b00a5ae7a1a17c8372c4b812d5d9627dcadacb99c1b0347c4136d494a,False,False,False,False,False
NVDA,2026-08-26,https://www.sec.gov/Archives/edgar/data/1045810/000104581026000073/q2fy27cfocommentary.htm,1045810,000104581026000073,q2fy27cfocommentary.htm,19630,1a56db355bcfbecb0431c605035947be7250937d0a571c642bafa3ab816148f6,False,True,False,False,False
NVDA,2026-05-20,https://www.sec.gov/Archives/edgar/data/1045810/000104581026000051/q1fy27cfocommentary.htm,1045810,000104581026000051,q1fy27cfocommentary.htm,15592,b9779ad332cf2932ec5477c57aef5e9658bb4be6d86f0ade7321b9542a6a3601,False,True,False,False,False
NVDA,2026-02-25,https://www.sec.gov/Archives/edgar/data/1045810/000104581026000019/q4fy26cfocommentary.htm,1045810,000104581026000019,q4fy26cfocommentary.htm,18468,721fda4b634ff4a39a7d29c5e19957654067b349b36076ad363695460294da96,False,True,False,False,False
NVDA,2025-11-19,https://www.sec.gov/Archives/edgar/data/1045810/000104581025000228/q3fy26cfocommentary.htm,1045810,000104581025000228,q3fy26cfocommentary.htm,15964,206095b61ab6994f483b70ae928abaafbeca5f435f0f32b6ed264bdc22e3fd83,False,True,False,False,False
NVDA,2025-08-27,https://www.sec.gov/Archives/edgar/data/1045810/000104581025000207/q2fy26cfocommentary.htm,1045810,000104581025000207,q2fy26cfocommentary.htm,18002,d7b78b0c8337a6d26126f8ef0e734a84cc3016fb9ea0b2a0e32dbe34d0cf28f2,False,True,False,False,False
NVDA,2025-05-28,https://www.sec.gov/Archives/edgar/data/1045810/000104581025000115/q1fy26cfocommentary.htm,1045810,000104581025000115,q1fy26cfocommentary.htm,18742,9bd5c2c39f6a167a79f5fb6084443e7388a0c659740e094a7427f5c6625a39a9,False,True,False,False,False
NVDA,2025-02-26,https://www.sec.gov/Archives/edgar/data/1045810/000104581025000021/q4fy25cfocommentary.htm,1045810,000104581025000021,q4fy25cfocommentary.htm,18651,30581e3226fc7459bf2c2e1da9c593b81bb533de14f2bcfa006990c92f9a03e4,False,True,False,False,False
NVDA,2024-11-20,https://www.sec.gov/Archives/edgar/data/1045810/000104581024000315/q3fy25cfocommentary.htm,1045810,000104581024000315,q3fy25cfocommentary.htm,16338,f194919ae67636ec3b577123db51aba6915edbf6ebadea4b654f019556084402,False,True,False,False,False
NVDA,2024-08-28,https://www.sec.gov/Archives/edgar/data/1045810/000104581024000262/q2fy25cfocommentary.htm,1045810,000104581024000262,q2fy25cfocommentary.htm,16694,43decb101a4d08d7470fe65f5364c21c91bb9149e0ec2da4a349b262041da21c,False,True,False,False,False
INCY,2026-07-28,https://www.sec.gov/Archives/edgar/data/879169/000087916926000053/incy-q22026xexx991.htm,879169,000087916926000053,incy-q22026xexx991.htm,48708,09f7ac1ed5167291824c6db7667f849aa6706ce9d81cb6ba25bfb240ce040508,False,True,True,False,False
INCY,2026-04-28,https://www.sec.gov/Archives/edgar/data/879169/000087916926000023/incy-q12026xexx991.htm,879169,000087916926000023,incy-q12026xexx991.htm,38655,5886264eb7fc0470e02559a190b591d5fbe9d6354850ca2ebfc4012c8a01d6e4,False,True,False,False,False
INCY,2026-02-10,https://www.sec.gov/Archives/edgar/data/879169/000087916926000006/incy-q42025xexx991.htm,879169,000087916926000006,incy-q42025xexx991.htm,46064,662fb405e57a84d690bb2fc01e9ef56caca77ee97c409e0f98cf123ea2db5703,False,True,True,False,False
INCY,2025-10-28,https://www.sec.gov/Archives/edgar/data/879169/000087916925000115/incy-q32025xexx991.htm,879169,000087916925000115,incy-q32025xexx991.htm,41839,086d5f1909b436eb2e0f9935989603c25e707e26d46f6c4e47ffe1f96301d0a7,False,True,True,False,False
INCY,2025-07-29,https://www.sec.gov/Archives/edgar/data/879169/000087916925000100/incy-q22025xexx991.htm,879169,000087916925000100,incy-q22025xexx991.htm,44807,9c8f8aab009e58362c918dff0662bd041e4bc57cce5ca1cc754c131cefd2c631,False,True,True,False,False
INCY,2025-04-29,https://www.sec.gov/Archives/edgar/data/879169/000087916925000053/incy-q12025xexx991.htm,879169,000087916925000053,incy-q12025xexx991.htm,38565,6b05e407639c579fcd0fd7784577fc65e535cfa773bf50c7acae2ce0cfb874e5,False,True,False,False,False
INCY,2025-02-10,https://www.sec.gov/Archives/edgar/data/879169/000162828025004514/incy-q42024xexx991.htm,879169,000162828025004514,incy-q42024xexx991.htm,43258,e472d181f18d1c4d162f725b40aceac9957507c319250fa46aac279aa780955e,False,True,True,False,False
INCY,2024-10-29,https://www.sec.gov/Archives/edgar/data/879169/000087916924000169/incy-q32024xexx991.htm,879169,000087916924000169,incy-q32024xexx991.htm,45200,89141e1b88d2df4c1d809011358e919f2d757e85ed4c4d3be7580e1e910b0b9e,False,True,True,False,False
INCY,2024-07-30,https://www.sec.gov/Archives/edgar/data/879169/000087916924000146/incy-q22024xexx991.htm,879169,000087916924000146,incy-q22024xexx991.htm,43336,66bbdb464aa8a6c3db1bfc1cff10f3e57dc5239957f0a62131f5a9cf206c4390,False,True,True,False,False
NTAP,2026-09-02,https://www.sec.gov/Archives/edgar/data/1002047/000100204726000003/ntap-ex99_1.htm,1002047,000100204726000003,ntap-ex99_1.htm,38310,b001fd0ec73b44c85ebf93c39a7f0620fd903ceeb1af8d8c33c1ed541f04ecc6,False,True,False,False,False
NTAP,2026-05-28,https://www.sec.gov/Archives/edgar/data/1002047/000119312526245196/ntap-ex99_1.htm,1002047,000119312526245196,ntap-ex99_1.htm,43983,31ba91e3b5e32164d3207fd6499ff62440c608e92f1af4afcd3d28e235461569,False,True,True,False,False
NTAP,2026-02-26,https://www.sec.gov/Archives/edgar/data/1002047/000119312526076545/ntap-ex99_1.htm,1002047,000119312526076545,ntap-ex99_1.htm,43240,0fbb1dc7547d043c893546a14d113da583ef549a898363713784aa4e657776b6,False,True,True,False,False
NTAP,2025-11-25,https://www.sec.gov/Archives/edgar/data/1002047/000119312525297164/ntap-ex99_1.htm,1002047,000119312525297164,ntap-ex99_1.htm,43284,0400f9d5c56176a91867320eca9535902d8558da87e3cad524d5c892378cf567,False,True,True,False,False
NTAP,2025-08-27,https://www.sec.gov/Archives/edgar/data/1002047/000095017025111700/ntap-ex99_1.htm,1002047,000095017025111700,ntap-ex99_1.htm,40280,795d6f455f721d117b24628997f95a473070c1dab5a5653c68b224adf02d738c,False,True,True,False,False
NTAP,2025-05-29,https://www.sec.gov/Archives/edgar/data/1002047/000095017025078936/ntap-ex99_1.htm,1002047,000095017025078936,ntap-ex99_1.htm,49948,5e7b3217a1a13337bd24fe1eef03044e6711af2d4bd6c3d50347f33037c7f6d7,False,True,True,False,False
NTAP,2025-02-27,https://www.sec.gov/Archives/edgar/data/1002047/000095017025029022/ntap-ex99_1.htm,1002047,000095017025029022,ntap-ex99_1.htm,43502,dc1eb9216c7c47cac360defa396d6d7e5ce7a665b87c99d35759e4cb5e125fa5,False,True,True,False,False
NTAP,2024-11-21,https://www.sec.gov/Archives/edgar/data/1002047/000095017024129714/ntap-ex99_1.htm,1002047,000095017024129714,ntap-ex99_1.htm,45080,9f063bea385cadc7b753d945e1c6696b2c902afcda73048adc184392be8908cb,False,True,True,False,False
NTAP,2024-08-28,https://www.sec.gov/Archives/edgar/data/1002047/000095017024101383/ntap-ex99_1.htm,1002047,000095017024101383,ntap-ex99_1.htm,43607,d380d66773503484289ebc54df03e621a23d67aaab739cff005b28ab1fb4ec8c,False,True,True,False,False
IVZ,2026-07-28,https://www.sec.gov/Archives/edgar/data/914208/000091420826000229/ivzpressrelease2q2026.htm,914208,000091420826000229,ivzpressrelease2q2026.htm,41364,e33f6a3c97fd098e1365cd1c1130b774aad9f9d8d7249712ad9fca9663a5c14a,False,True,True,False,False
IVZ,2026-04-28,https://www.sec.gov/Archives/edgar/data/914208/000091420826000102/ivzpressrelease1q2026.htm,914208,000091420826000102,ivzpressrelease1q2026.htm,38410,f195ed32fd65dd24320ba966f07775ffa3198dfa585c79d90385b3c8bf9fee87,False,True,False,False,False
IVZ,2026-01-27,https://www.sec.gov/Archives/edgar/data/914208/000091420826000017/ivzpressrelease4q2025.htm,914208,000091420826000017,ivzpressrelease4q2025.htm,49290,bfa69920dacb0059460a6abbd0878eb53e3c1dfbe857a5e6c5929dd0eb3d4041,False,True,True,False,False
IVZ,2025-10-28,https://www.sec.gov/Archives/edgar/data/914208/000091420825000360/ivzpressrelease3q2025.htm,914208,000091420825000360,ivzpressrelease3q2025.htm,48492,df3b4802376ad93215314a13a9f979bd86d7161b91382e378733307b5094acec,False,True,True,False,False
IVZ,2025-07-22,https://www.sec.gov/Archives/edgar/data/914208/000091420825000258/ivzpressrelease2q2025.htm,914208,000091420825000258,ivzpressrelease2q2025.htm,45666,dc64b6b40274c22349456571829d9491a493b4026597ecc01bae1e6361ca5c55,False,True,True,False,False
IVZ,2025-04-22,https://www.sec.gov/Archives/edgar/data/914208/000091420825000139/ivzpressrelease1q2025.htm,914208,000091420825000139,ivzpressrelease1q2025.htm,39711,79c2423c34398d518b469d8d8e179816238c005ebfe57bc176839dbae4319c35,False,True,False,False,False
IVZ,2025-01-28,https://www.sec.gov/Archives/edgar/data/914208/000091420825000013/ivzpressrelease4q2024.htm,914208,000091420825000013,ivzpressrelease4q2024.htm,51490,1599a25b4ab21e8d1d926f1dc22f974b6335fb3a078f39b9d9740767e3b046b9,False,True,True,False,False
IVZ,2024-10-22,https://www.sec.gov/Archives/edgar/data/914208/000091420824000423/ivzpressrelease3q2024.htm,914208,000091420824000423,ivzpressrelease3q2024.htm,45087,3ca28134154117c88db25f33c35512df235c4d401d54742ac886db92b08b98c5,False,True,True,False,False
IVZ,2024-07-23,https://www.sec.gov/Archives/edgar/data/914208/000091420824000331/ivzpressrelease2q2024.htm,914208,000091420824000331,ivzpressrelease2q2024.htm,44053,563d0b1fc7b6515ef955ef0dac7a42a5f60dd179828b7a00884fd4639bb72390,False,True,True,False,False
PFE,2026-08-04,https://www.sec.gov/Archives/edgar/data/78003/000007800326000094/pfe-6282026xex99.htm,78003,000007800326000094,pfe-6282026xex99.htm,60000,4cf6f0463ae9c83da1d6b648d7f110e748eec7d56a4ef2dca3720dd4b3326ca0,True,True,True,False,False
PFE,2026-05-05,https://www.sec.gov/Archives/edgar/data/78003/000007800326000053/pfe-3292026xex99.htm,78003,000007800326000053,pfe-3292026xex99.htm,60000,43684f25f79443c35b2dafd72debac433caa3f4516f5c6c712953fed284804c0,True,True,True,False,False
PFE,2026-02-03,https://www.sec.gov/Archives/edgar/data/78003/000007800326000005/pfe-12312025xex99.htm,78003,000007800326000005,pfe-12312025xex99.htm,60000,b00d1b15c7f645b074e22e9a9e065160e7aa04c30d570faf5a855fbaabbfe2ca,True,True,True,False,False
PFE,2025-11-04,https://www.sec.gov/Archives/edgar/data/78003/000007800325000149/pfe-09282025xex99.htm,78003,000007800325000149,pfe-09282025xex99.htm,60000,b5c622ebacb1c9e8ead7c89de5774ca9ee4e09b8756ea3770decb12b27a40ae4,True,True,True,False,False
PFE,2025-08-05,https://www.sec.gov/Archives/edgar/data/78003/000007800325000136/pfe-06292025xex99.htm,78003,000007800325000136,pfe-06292025xex99.htm,60000,67cae70d9d46d047a5975dba0038e3e98bfbbde2b0c6829c37abf3805c3ad5c0,True,True,True,False,False
PFE,2025-04-29,https://www.sec.gov/Archives/edgar/data/78003/000007800325000111/pfe-03302025xex99.htm,78003,000007800325000111,pfe-03302025xex99.htm,60000,845df5a5eb656806783cc82a7759e463efb67ceff5705f11f5d2133143b82d27,True,True,True,False,False
PFE,2025-02-04,https://www.sec.gov/Archives/edgar/data/78003/000007800325000017/pfe-12312024xex99.htm,78003,000007800325000017,pfe-12312024xex99.htm,60000,a882af3800e6d8f9d405259f470dbcc6283a507e146a2826a0445b3008920d99,True,True,True,False,False
PFE,2024-10-29,https://www.sec.gov/Archives/edgar/data/78003/000007800324000188/pfe-9292024xex99.htm,78003,000007800324000188,pfe-9292024xex99.htm,60000,149063e118e24f79eaa0583d16c75882dbbfdace36437a5420b93d58a2fa0dd5,True,True,True,False,False
PFE,2024-07-30,https://www.sec.gov/Archives/edgar/data/78003/000007800324000155/pfe-6302024xex99.htm,78003,000007800324000155,pfe-6302024xex99.htm,60000,90836f5a5f22538dea69f092682905774f89d19368d98f895dcbc518def9bb24,True,True,True,False,False
VLO,2026-07-30,https://www.sec.gov/Archives/edgar/data/1035002/000162828026050822/a6302026exh9901earningsrel.htm,1035002,000162828026050822,a6302026exh9901earningsrel.htm,48301,d93886c27b11dd8efc416d996387d69a17aeee776f9a3475010668b807bb89d3,False,True,True,False,False
VLO,2026-04-30,https://www.sec.gov/Archives/edgar/data/1035002/000162828026028602/a3312026exh9901earningsrel.htm,1035002,000162828026028602,a3312026exh9901earningsrel.htm,41811,f0a8dc2207db78cd3b64d857ea44ca8080ebb82abc75b0c2107a8e6f0c9298e2,False,True,True,False,False
VLO,2026-01-29,https://www.sec.gov/Archives/edgar/data/1035002/000162828026003974/a12312025exh9901earningsre.htm,1035002,000162828026003974,a12312025exh9901earningsre.htm,53431,709648da5c54784bd39e21b48f56bf3d4b95c182d62e82afe063dc0cb4f0a892,False,True,True,False,False
VLO,2025-10-23,https://www.sec.gov/Archives/edgar/data/1035002/000162828025045978/a9302025exh9901earningsrel.htm,1035002,000162828025045978,a9302025exh9901earningsrel.htm,50501,32af13eec33ed58ec91089b4f1af5b036b8d64d3d750d666d41e60211a66f6ed,False,True,True,False,False
VLO,2025-07-24,https://www.sec.gov/Archives/edgar/data/1035002/000103500225000060/a6302025exh9901earningsrel.htm,1035002,000103500225000060,a6302025exh9901earningsrel.htm,47207,9fd266b3ac9f6ceb57f79c8d1545cba2208bda96ebf17e8eab441f94f507306e,False,True,True,False,False
VLO,2025-04-24,https://www.sec.gov/Archives/edgar/data/1035002/000103500225000016/a3312025exh9901earningsrel.htm,1035002,000103500225000016,a3312025exh9901earningsrel.htm,44064,19425a1055e0ee160e588174fd1b118b8e7bf7d8b3e39b6f3c8780347275f650,False,True,True,False,False
VLO,2025-04-16,https://www.sec.gov/Archives/edgar/data/1035002/000119312525082159/R1.htm,1035002,000119312525082159,R1.htm,8861,2b06887d59a10cdddb431d499305a6152585dfe46c5e7649126eccb560e5b4e8,False,False,False,False,False
VLO,2025-01-30,https://www.sec.gov/Archives/edgar/data/1035002/000103500225000002/a12312024exh9901earningsre.htm,1035002,000103500225000002,a12312024exh9901earningsre.htm,49155,69262dee1434a0f476d6940029d807e3d2107ff7f7828fe3017b7590a6f047a5,False,True,True,False,False
VLO,2024-10-24,https://www.sec.gov/Archives/edgar/data/1035002/000103500224000054/a9302024exh9901earningsrel.htm,1035002,000103500224000054,a9302024exh9901earningsrel.htm,44743,777ad2a0615bd3a23665c0207bf39938297290afd2d722e260efa1437b16131c,False,True,True,False,False
MRK,2026-08-04,https://www.sec.gov/Archives/edgar/data/310158/000110465926090045/tm2621496d1_ex99-1.htm,310158,000110465926090045,tm2621496d1_ex99-1.htm,41904,fc41d49800c459f0d3d803622b53a6a9065b374169990c23cd1622408e8615a8,False,True,True,False,False
MRK,2026-04-30,https://www.sec.gov/Archives/edgar/data/310158/000110465926052081/tm2612241d1_ex99-1.htm,310158,000110465926052081,tm2612241d1_ex99-1.htm,42871,61ea069ed292b564f2f2b1be8cc4b10f070447f2d6499b0eb574c2961c40b239,False,True,True,False,False
MRK,2026-02-03,https://www.sec.gov/Archives/edgar/data/310158/000110465926009495/tm264564d1_ex99-1.htm,310158,000110465926009495,tm264564d1_ex99-1.htm,49339,0703b917424e8a0dbc6457126409b43d58187941c8f8bac41c8ff8bec4be3085,False,True,True,False,False
MRK,2025-10-30,https://www.sec.gov/Archives/edgar/data/310158/000110465925103974/tm2529620d1_ex99-1.htm,310158,000110465925103974,tm2529620d1_ex99-1.htm,45792,780c4ee6361f5fed4edf94e734ce5cebe7421a7d4b376d450789d4e3dca40ddf,False,True,True,False,False
MRK,2025-07-29,https://www.sec.gov/Archives/edgar/data/310158/000110465925071380/tm2521736d1_ex99-1.htm,310158,000110465925071380,tm2521736d1_ex99-1.htm,44102,5e13026389070716030b56ccb4830cf1eed2bf2933fca1968b6de19017c9b6e6,False,True,True,False,False
MRK,2025-04-24,https://www.sec.gov/Archives/edgar/data/310158/000110465925038301/tm2512885d1_ex99-1.htm,310158,000110465925038301,tm2512885d1_ex99-1.htm,35179,f1d842d474b005bbd1dd24b49e606f51ceeda5eb9c99a429dab060eae553f1c0,False,True,False,False,False
MRK,2025-02-04,https://www.sec.gov/Archives/edgar/data/310158/000110465925008863/tm255059d1_ex99-1.htm,310158,000110465925008863,tm255059d1_ex99-1.htm,49827,39def1ab4a7643980f191c1f3696a557c6b164dbc183fb45b3349673319b8c0c,False,True,True,False,False
MRK,2024-10-31,https://www.sec.gov/Archives/edgar/data/310158/000110465924112841/tm2426878d1_ex99-1.htm,310158,000110465924112841,tm2426878d1_ex99-1.htm,43502,00d2605874e40b9f2e25d73834d5aaba1fb542d26e8f2326e505edc0f91b5bc5,False,True,True,False,False
MRK,2024-07-30,https://www.sec.gov/Archives/edgar/data/310158/000110465924083722/tm2420272d1_ex99-1.htm,310158,000110465924083722,tm2420272d1_ex99-1.htm,39055,4f97e309ccd4a7c4b9b9ced59e49a7de955872552dc0b0e72cba42e0fcfa98ef,False,True,False,False,False
KEYS,2026-08-18,https://www.sec.gov/Archives/edgar/data/1601046/000160104626000029/exhibit991-q326pressrelease.htm,1601046,000160104626000029,exhibit991-q326pressrelease.htm,22890,a16d2e6313ef899eef1d80be0343a3747faf65544d7fa4480e56dfa16c8dbfdb,False,True,False,False,False
KEYS,2026-05-19,https://www.sec.gov/Archives/edgar/data/1601046/000160104626000019/exhibit991-q226pressrelease.htm,1601046,000160104626000019,exhibit991-q226pressrelease.htm,23586,f7a6ccc65d5cc2f8853f0f5a5fcca74d63ffc3418b9fc1160f11e7a969f6f86e,False,True,False,False,False
KEYS,2026-02-23,https://www.sec.gov/Archives/edgar/data/1601046/000160104626000003/exhibit991-q126pressrelease.htm,1601046,000160104626000003,exhibit991-q126pressrelease.htm,21006,a02b462e54381bc730c6e8191293067ee2430d339c5756c05611e84ec7758a60,False,True,False,False,False
KEYS,2025-11-24,https://www.sec.gov/Archives/edgar/data/1601046/000160104625000121/exhibit991-q425pressrelease.htm,1601046,000160104625000121,exhibit991-q425pressrelease.htm,23587,95c0f542769f63b80cbac67e8895d5119534d2ccfa5068c240bcc3ee7fd13ee0,False,True,False,False,False
KEYS,2025-08-19,https://www.sec.gov/Archives/edgar/data/1601046/000160104625000088/exhibit991-q325pressrelease.htm,1601046,000160104625000088,exhibit991-q325pressrelease.htm,21656,62fc801297061fc61f529d8083eca0c59b8c8ae0ab5f64e1e5e297f6747699a7,False,True,False,False,False
KEYS,2025-05-20,https://www.sec.gov/Archives/edgar/data/1601046/000160104625000053/exhibit991-q225pressrelease.htm,1601046,000160104625000053,exhibit991-q225pressrelease.htm,21376,86249e0835c223e81409c4da46a30c3d6bc8228be7f06a8e1ea7a71bf0bc283f,False,True,False,False,False
KEYS,2025-02-25,https://www.sec.gov/Archives/edgar/data/1601046/000160104625000006/exhibit991-q125pressrelease.htm,1601046,000160104625000006,exhibit991-q125pressrelease.htm,20560,84b50cd05b87dc7c96347869b3d4f1560f278e16d3abb87d04fe540679a6a1e5,False,True,False,False,False
KEYS,2024-11-19,https://www.sec.gov/Archives/edgar/data/1601046/000160104624000072/exhibit991-q424pressrelease.htm,1601046,000160104624000072,exhibit991-q424pressrelease.htm,22701,169bc9c71fda5988bf6be19a62c93bec52f33ccc89bb8fa8b8761c6129efbce1,False,True,False,False,False
KEYS,2024-08-20,https://www.sec.gov/Archives/edgar/data/1601046/000160104624000055/exhibit991-q324pressrelease.htm,1601046,000160104624000055,exhibit991-q324pressrelease.htm,22209,44169fc72376aa3efa9ad2880fb4ee2c58a74bb8227fb09d6561dfc33be09ed6,False,True,False,False,False
AIZ,2026-08-04,https://www.sec.gov/Archives/edgar/data/1267238/000126723826000039/aiz-20260630exx991pressrel.htm,1267238,000126723826000039,aiz-20260630exx991pressrel.htm,30635,37fa6eaa6bbdd37ef76864ebf0eb0243e4e72bef6ea563d7edd71a30b14e4d88,False,True,False,False,False
AIZ,2026-05-05,https://www.sec.gov/Archives/edgar/data/1267238/000126723826000024/aiz-20260331exx991pressrel.htm,1267238,000126723826000024,aiz-20260331exx991pressrel.htm,28566,c3775775c6d67bb83b3dccfa6c0ec987b557f044ca2eafa612f37c2f97642e0a,False,True,False,False,False
AIZ,2026-02-10,https://www.sec.gov/Archives/edgar/data/1267238/000126723826000006/aiz-20251231exx991pressrel.htm,1267238,000126723826000006,aiz-20251231exx991pressrel.htm,33493,fa1e4eb78a5ad6b9039cc0a7bd9b1aee4f9bd25b87c667b7ce4e1f9b1039bc29,False,True,False,False,False
AIZ,2025-11-04,https://www.sec.gov/Archives/edgar/data/1267238/000126723825000049/aiz-20250930exx991pressrel.htm,1267238,000126723825000049,aiz-20250930exx991pressrel.htm,30461,1a8e0184f4abc0442b59027a276e209fb69c71e34558ec5f1ec5903202057917,False,True,False,False,False
AIZ,2025-08-05,https://www.sec.gov/Archives/edgar/data/1267238/000126723825000042/aiz-20250630exx991pressrel.htm,1267238,000126723825000042,aiz-20250630exx991pressrel.htm,30132,b83f0268936231ac421062457c693a9b05f00955af9bba852def8ab1007a11dc,False,True,False,False,False
AIZ,2025-05-06,https://www.sec.gov/Archives/edgar/data/1267238/000126723825000024/aiz-20250331exx991pressrel.htm,1267238,000126723825000024,aiz-20250331exx991pressrel.htm,28578,fb1036ff98f7957c5d0c7cffcceceef8016f4a7d4910fbb90880a2a1d12e40ea,False,True,False,False,False
AIZ,2025-02-11,https://www.sec.gov/Archives/edgar/data/1267238/000126723825000005/aiz-20241231exx991pressrel.htm,1267238,000126723825000005,aiz-20241231exx991pressrel.htm,36485,baec17dd51def8b1b9036481bb39b3441ccb352eca5007ada342de602686852c,False,True,False,False,False
AIZ,2025-01-23,https://www.sec.gov/Archives/edgar/data/1267238/000126723825000002/R1.htm,1267238,000126723825000002,R1.htm,9576,a060233b6779d11a0c20b40d1ff952f4f76cbbf63958acc9eadcb708ddc32257,False,False,False,False,False
AIZ,2024-11-05,https://www.sec.gov/Archives/edgar/data/1267238/000126723824000044/aiz-20240930exx991pressrel.htm,1267238,000126723824000044,aiz-20240930exx991pressrel.htm,33411,8cfbdd691cfa01b8303c402ae45f21613793a6b5de1634fac46be10ced58c57a,False,True,False,False,False
ADI,2026-08-19,https://www.sec.gov/Archives/edgar/data/6281/000000628126000072/adi3q26exhibit991earnings.htm,6281,000000628126000072,adi3q26exhibit991earnings.htm,26770,8149e23a6519294b23d1135fc340657a05f2a9f439977c234ef4c54f8e674532,False,True,False,False,False
ADI,2026-05-20,https://www.sec.gov/Archives/edgar/data/6281/000000628126000050/adi2q26exhibit991earnings.htm,6281,000000628126000050,adi2q26exhibit991earnings.htm,25596,cb4c305de55d594b65b33d818e01745479a5272d8ec1559219e3951582984607,False,True,False,False,False
ADI,2026-02-18,https://www.sec.gov/Archives/edgar/data/6281/000000628126000015/adi1q26ex992dividendpressr.htm,6281,000000628126000015,adi1q26ex992dividendpressr.htm,4546,de3341244e81652ac88682b1c69c6fa75bfa54aeb0fc807a0d3822df9b9397f0,False,False,False,False,False
ADI,2025-11-25,https://www.sec.gov/Archives/edgar/data/6281/000000628125000151/adiq425exhibit991.htm,6281,000000628125000151,adiq425exhibit991.htm,26906,9cf8779ec913a740d6e2cc1c10abf113eb737da13e34368785e79d5303b5f06e,False,True,False,False,False
ADI,2025-08-20,https://www.sec.gov/Archives/edgar/data/6281/000000628125000142/adi3q25exhibit991earnings.htm,6281,000000628125000142,adi3q25exhibit991earnings.htm,26719,f3b5a270e538befc05f99dce8d444f26a23e225674ca17cd38d5551cb9a069b1,False,True,False,False,False
ADI,2025-05-22,https://www.sec.gov/Archives/edgar/data/6281/000000628125000124/adi2q25exhibit991earnings.htm,6281,000000628125000124,adi2q25exhibit991earnings.htm,26295,63c65821381fdc341aeafa17f7c354e306522944101f7415251f26a1dfbc6f88,False,True,False,False,False
ADI,2025-02-19,https://www.sec.gov/Archives/edgar/data/6281/000000628125000022/adi1q25ex992dividendpressr.htm,6281,000000628125000022,adi1q25ex992dividendpressr.htm,5146,f089112d896cabda9c756ee426abdb1fcefabf5355da4046d4e8cf9c3826f304,False,False,False,False,False
ADI,2024-11-26,https://www.sec.gov/Archives/edgar/data/6281/000000628124000202/adiq424exhibit991.htm,6281,000000628124000202,adiq424exhibit991.htm,27842,8e11f41a36781017da3ceaefd30669631951d6f9721742cad91da7d3bb80fa53,False,True,False,False,False
ADI,2024-08-21,https://www.sec.gov/Archives/edgar/data/6281/000000628124000158/adi3q24exhibit991earnings.htm,6281,000000628124000158,adi3q24exhibit991earnings.htm,26170,a3be428ca740da6887dee59096ed3d0ab53785e72527cfa8117dc7569e0c15bc,False,True,False,False,False
AMGN,2026-08-04,https://www.sec.gov/Archives/edgar/data/318154/000031815426000124/amgn-20260630earningsrelea.htm,318154,000031815426000124,amgn-20260630earningsrelea.htm,52910,98b8e68ffee866e7da81baf1a393413032e68b2fa6cf0bddfff28addbf939bc4,False,True,True,False,False
AMGN,2026-04-30,https://www.sec.gov/Archives/edgar/data/318154/000031815426000054/amgn-20260331earningsrelea.htm,318154,000031815426000054,amgn-20260331earningsrelea.htm,54091,b38869bd9b0298d1a4ae3108edc6830e4fcb91e617043621bbdd6f8df000bd48,False,True,True,False,False
AMGN,2026-02-03,https://www.sec.gov/Archives/edgar/data/318154/000031815426000003/amgn-20251231earningsrelea.htm,318154,000031815426000003,amgn-20251231earningsrelea.htm,60000,04d2b5994c9d9d1193443abe508e3f6396c178b437fdf33a8768bc2523a4014a,True,True,True,False,False
AMGN,2025-11-04,https://www.sec.gov/Archives/edgar/data/318154/000031815425000070/amgn-20250930earningsrelea.htm,318154,000031815425000070,amgn-20250930earningsrelea.htm,56697,8a1d0ebb11f0a3adb4ba6f875938ec270a477ddc9428d7c6ad0af95c1e3c5305,False,True,True,False,False
AMGN,2025-08-05,https://www.sec.gov/Archives/edgar/data/318154/000031815425000054/amgn-20250630earningsrelea.htm,318154,000031815425000054,amgn-20250630earningsrelea.htm,55484,e763262e895efacfc3d62904ae36bc4598ac1a135812787482ba52817bddf704,False,True,True,False,False
AMGN,2025-05-01,https://www.sec.gov/Archives/edgar/data/318154/000031815425000018/amgn-20250331earningsrelea.htm,318154,000031815425000018,amgn-20250331earningsrelea.htm,53823,6031a04ab7bc11cbe9028b6f51882bdd01e499cbf3b7acdde131a16bb90d3553,False,True,True,False,False
AMGN,2025-02-04,https://www.sec.gov/Archives/edgar/data/318154/000031815425000005/amgn-20241231earningsrelea.htm,318154,000031815425000005,amgn-20241231earningsrelea.htm,60000,f9c3f041826b94426f0714179bc4c46e07d4ec37ac268a5be7de867863d77fcf,True,True,True,False,False
AMGN,2024-10-30,https://www.sec.gov/Archives/edgar/data/318154/000031815424000042/amgn-20240930earningsrelea.htm,318154,000031815424000042,amgn-20240930earningsrelea.htm,60000,d1ec5bd23cf269b1198ba3e8255144fcc9c83e102b22189bcc291b22845f2f52,True,True,True,False,False
AMGN,2024-08-06,https://www.sec.gov/Archives/edgar/data/318154/000031815424000033/amgn-20240630earningsrelea.htm,318154,000031815424000033,amgn-20240630earningsrelea.htm,56480,c23b6bfb53f10668ca0efd3c7ca436345a0ef0b75ac6d4ad759bcc476c2e5eb6,False,True,True,False,False
KDP,2026-08-06,https://www.sec.gov/Archives/edgar/data/1418135/000141813526000048/ex991-keurigdrpepperreport.htm,1418135,000141813526000048,ex991-keurigdrpepperreport.htm,60000,69092fad851e9f89b13c0ea092de1217e3a76013302901d4930457b3f72d2c6d,True,True,True,False,False
KDP,2026-04-23,https://www.sec.gov/Archives/edgar/data/1418135/000141813526000020/ex991-keurigdrpepperreport.htm,1418135,000141813526000020,ex991-keurigdrpepperreport.htm,36142,4a51fc8e2617a689fbb1131c7ea4d95349e0abdc5b07d90571a41d94ebb2ff77,False,True,False,False,False
KDP,2026-02-24,https://www.sec.gov/Archives/edgar/data/1418135/000141813526000011/ex991-keurigdrpepperreport.htm,1418135,000141813526000011,ex991-keurigdrpepperreport.htm,49420,713d176d08ebcf412fb4a757a738ffa0ea807cbdedc0b3e4fd6974604dce09fc,False,True,True,False,False
KDP,2025-10-27,https://www.sec.gov/Archives/edgar/data/1418135/000141813525000118/ex991-keurigdrpepperreport.htm,1418135,000141813525000118,ex991-keurigdrpepperreport.htm,42769,8926f3e19e974848bf6ab89e12d3aa1b3b3225ee9dbc6e875602d61128e91947,False,True,True,False,False
KDP,2025-07-24,https://www.sec.gov/Archives/edgar/data/1418135/000141813525000102/ex991-keurigdrpepperreport.htm,1418135,000141813525000102,ex991-keurigdrpepperreport.htm,38141,c7d787bf8631947da02dc12be6346e29af56631155b61a922a6b48db47ecf148,False,True,False,False,False
KDP,2025-04-24,https://www.sec.gov/Archives/edgar/data/1418135/000141813525000059/ex991-keurigdrpepperreport.htm,1418135,000141813525000059,ex991-keurigdrpepperreport.htm,32116,1bda47bfb0fd9d5a9997276b2aebae92651fc346cc3d2533115eedee7b3f30b6,False,True,False,False,False
KDP,2025-02-25,https://www.sec.gov/Archives/edgar/data/1418135/000141813525000011/ex991-keurigdrpepperreport.htm,1418135,000141813525000011,ex991-keurigdrpepperreport.htm,42753,beb3e8f4826bca1ea3889450810c430d5ad8a85af3a1f9b490325497e10e9f58,False,True,True,False,False
KDP,2024-10-24,https://www.sec.gov/Archives/edgar/data/1418135/000141813524000086/ex991-keurigdrpepperreport.htm,1418135,000141813524000086,ex991-keurigdrpepperreport.htm,37078,22673cd3faf78bfb1b1e3035aab5fc25f40443da6e6097cfb30fff81d4a384a3,False,True,False,False,False
KDP,2024-07-25,https://www.sec.gov/Archives/edgar/data/1418135/000141813524000072/ex991-keurigdrpepperreport.htm,1418135,000141813524000072,ex991-keurigdrpepperreport.htm,34594,9af41ada75fb7cc70dc90e1e2fd7ee6d9d496d4288a0d2aa90a37f522d2f0cd4,False,True,False,False,False
TRV,2026-07-17,https://www.sec.gov/Archives/edgar/data/86312/000008631226000143/a991pressrelease63026.htm,86312,000008631226000143,a991pressrelease63026.htm,60000,56ef49e612826076e58e78032699dfd3b00546b017f375251297c0f9c28017ff,True,True,True,False,False
TRV,2026-04-16,https://www.sec.gov/Archives/edgar/data/86312/000008631226000110/a991pressrelease33126.htm,86312,000008631226000110,a991pressrelease33126.htm,52266,794534b4bfc3222d6d24194683d5ef99e5f967612a95206ffa0f24acb04d985a,False,True,True,False,False
TRV,2026-01-21,https://www.sec.gov/Archives/edgar/data/86312/000008631226000008/a991pressrelease123125.htm,86312,000008631226000008,a991pressrelease123125.htm,59975,0ba32e4b777eaceea3d594385dd4d42534f971a7d491f8053415548f862383c0,False,True,True,False,False
TRV,2025-10-16,https://www.sec.gov/Archives/edgar/data/86312/000008631225000068/a991pressrelease93025.htm,86312,000008631225000068,a991pressrelease93025.htm,60000,0a373c50b31609f541879d1ecafc4b8ba34f8410f37ad2a97367e972c3a9ed2c,True,True,True,False,False
TRV,2025-07-17,https://www.sec.gov/Archives/edgar/data/86312/000008631225000046/a991pressrelease63025.htm,86312,000008631225000046,a991pressrelease63025.htm,60000,b3619e9359c3d15a002438295baef408abe8e757b7f2ede1895739ad2482d6da,True,True,True,False,False
TRV,2025-04-16,https://www.sec.gov/Archives/edgar/data/86312/000008631225000028/a991pressrelease33125.htm,86312,000008631225000028,a991pressrelease33125.htm,53330,11145dcb7ce014c009ad552c83648492ba947b731bbacb8f46ef5813cfa0560c,False,True,True,False,False
TRV,2025-01-22,https://www.sec.gov/Archives/edgar/data/86312/000008631225000004/a991pressrelease123124.htm,86312,000008631225000004,a991pressrelease123124.htm,60000,d13031fea5ecc153bc6446d5fbd3e5b054dd7240d4057b43ecd507d6d3d3f91e,True,True,True,False,False
TRV,2024-10-17,https://www.sec.gov/Archives/edgar/data/86312/000008631224000058/a991pressrelease93024.htm,86312,000008631224000058,a991pressrelease93024.htm,60000,fa0012c0a040f358e32b2795d3a88a8517105553554a7814839dc87c6e47f21a,True,True,True,False,False
TRV,2024-07-19,https://www.sec.gov/Archives/edgar/data/86312/000008631224000050/a991pressrelease63024.htm,86312,000008631224000050,a991pressrelease63024.htm,60000,9d0419ce4badfe595658961517901ff7209dc140228d08fbaadf7ea6ef94c86a,True,True,True,False,False
GEN,2026-08-06,https://www.sec.gov/Archives/edgar/data/849399/000084939926000028/ex9901q1fy27.htm,849399,000084939926000028,ex9901q1fy27.htm,29087,bf1d218eb3fd66a7be139a1ad1569eb72545744686174889559aa910f465eb36,False,True,False,False,False
GEN,2026-05-07,https://www.sec.gov/Archives/edgar/data/849399/000084939926000014/ex9901q4fy26.htm,849399,000084939926000014,ex9901q4fy26.htm,31452,754822b66ee74ef320aee0bd69df3ed5706362b8f17a7d29b86ae08fd9383e9e,False,True,False,False,False
GEN,2026-02-05,https://www.sec.gov/Archives/edgar/data/849399/000084939926000002/ex9901q3fy26.htm,849399,000084939926000002,ex9901q3fy26.htm,29068,0eafd76a072d7ee7206d462d44dc02d7801f20181925a75519a10cbce1ef94b3,False,True,False,False,False
GEN,2025-11-06,https://www.sec.gov/Archives/edgar/data/849399/000084939925000087/ex9901q2fy26.htm,849399,000084939925000087,ex9901q2fy26.htm,28753,78c243076230e78f9cb399904c694ddbd7340dc3edaee57f4be9a664f04c9557,False,True,False,False,False
GEN,2025-08-07,https://www.sec.gov/Archives/edgar/data/849399/000084939925000057/ex9901q1fy26.htm,849399,000084939925000057,ex9901q1fy26.htm,27620,24ae7a5ceb10d2627c1ac9ea86d6cc2a20dbf68cd9fd7b12798e9e246c054003,False,True,False,False,False
GEN,2025-05-06,https://www.sec.gov/Archives/edgar/data/849399/000084939925000025/ex9901q4fy25.htm,849399,000084939925000025,ex9901q4fy25.htm,33121,caba89645a8b4ce06c904771382df76aa4774e308c35e0b93f35fbbbb53522d5,False,True,False,False,False
GEN,2025-01-30,https://www.sec.gov/Archives/edgar/data/849399/000084939925000003/ex9901q3fy25.htm,849399,000084939925000003,ex9901q3fy25.htm,31090,14b558fb44f4f55502c2d88fe0130a9e6c2960d6c720f4addb02ec6ddca87d0d,False,True,False,False,False
GEN,2024-10-30,https://www.sec.gov/Archives/edgar/data/849399/000084939924000079/ex9901q2fy25.htm,849399,000084939924000079,ex9901q2fy25.htm,29776,87ddf8ab48ad37d0a2c0a4783533e7184ebc834e6a23ab31655ca17d02837b67,False,True,False,False,False
GEN,2024-08-01,https://www.sec.gov/Archives/edgar/data/849399/000084939924000040/ex9901q1fy25.htm,849399,000084939924000040,ex9901q1fy25.htm,28907,f0100d0fb497df2bb49a90f80371376542942eef0e2961553a56c400947a72c4,False,True,False,False,False
ALL,2026-08-05,https://www.sec.gov/Archives/edgar/data/899051/000089905126000117/allcorp63026earningsreleas.htm,899051,000089905126000117,allcorp63026earningsreleas.htm,34351,be698bf55feb99032398ef4cf4fb7589c406a805edc0d35fc4b8d9812b6236ac,False,True,False,False,False
ALL,2026-04-29,https://www.sec.gov/Archives/edgar/data/899051/000089905126000074/allcorp33126earningsreleas.htm,899051,000089905126000074,allcorp33126earningsreleas.htm,32953,575833642b12d718f5d62276b20323b8da35f2be06c47f62647ecf0b9afeadb8,False,True,False,False,False
ALL,2026-02-04,https://www.sec.gov/Archives/edgar/data/899051/000089905126000013/allcorp123125earningsrelea.htm,899051,000089905126000013,allcorp123125earningsrelea.htm,35899,a1884bb6780f10c0d6a06b8bd4100d81cfddf48c65c69b7bf1ef244cb34d8252,False,True,False,False,False
ALL,2025-11-05,https://www.sec.gov/Archives/edgar/data/899051/000089905125000100/allcorp93025earningsreleas.htm,899051,000089905125000100,allcorp93025earningsreleas.htm,37090,111aaef9f7439163704a2190a640426c7dca8a6d1e6e7f2c6f2b480ba5d9b848,False,True,False,False,False
ALL,2025-07-30,https://www.sec.gov/Archives/edgar/data/899051/000089905125000068/allcorp63025earningsreleas.htm,899051,000089905125000068,allcorp63025earningsreleas.htm,36898,8485f9122613fa723df303870eb34c10bf8ef7113460c0b700fcd2b9724a56c8,False,True,False,False,False
ALL,2025-04-30,https://www.sec.gov/Archives/edgar/data/899051/000089905125000040/allcorp33125earningsreleas.htm,899051,000089905125000040,allcorp33125earningsreleas.htm,33867,84adebf2cee12ee61e1f7c801e4acb8eebec7f6f5cf0cb6b50d9fd295492cee5,False,True,False,False,False
ALL,2025-02-05,https://www.sec.gov/Archives/edgar/data/899051/000089905125000009/allcorp123124earningsrelea.htm,899051,000089905125000009,allcorp123124earningsrelea.htm,39650,a0c90c46bac179dc89e265858463b34e831c72302ace831e30fbe7fd4466f332,False,True,False,False,False
ALL,2024-10-30,https://www.sec.gov/Archives/edgar/data/899051/000089905124000082/allcorp93024earningsreleas.htm,899051,000089905124000082,allcorp93024earningsreleas.htm,38690,558a12ee578df7f54acc24662dc694584158fac6c878d95a28f70eb774306768,False,True,False,False,False
ALL,2024-07-31,https://www.sec.gov/Archives/edgar/data/899051/000089905124000053/allcorp63024earningsreleas.htm,899051,000089905124000053,allcorp63024earningsreleas.htm,39480,739f2f354f23a5995858e3c941699c62ba2fe7ab6fc98c1d9137780142af6d86,False,True,False,False,False
ANET,2026-08-04,https://www.sec.gov/Archives/edgar/data/1596532/000159653226000174/ex991q226-earningsrelease.htm,1596532,000159653226000174,ex991q226-earningsrelease.htm,19023,c9565c7aafb59385a05fd22c37ad22c91c99075b12781edbad56735014a208dd,False,True,False,False,False
ANET,2026-05-05,https://www.sec.gov/Archives/edgar/data/1596532/000159653226000074/ex991q126-earningsrelease.htm,1596532,000159653226000074,ex991q126-earningsrelease.htm,18096,327ca68d75db2d88be492324c834a677e6242d713c884f25e8b1ac55b39c43c9,False,True,False,False,False
ANET,2026-02-12,https://www.sec.gov/Archives/edgar/data/1596532/000159653226000010/ex991q425-earningsrelease.htm,1596532,000159653226000010,ex991q425-earningsrelease.htm,22857,f2b8c4b1e3f1fc26d0ad9edb3b20fa451f623940f0de93b465cadb73ce2721f9,False,True,False,False,False
ANET,2025-11-04,https://www.sec.gov/Archives/edgar/data/1596532/000159653225000284/ex991q325-earningsrelease.htm,1596532,000159653225000284,ex991q325-earningsrelease.htm,18227,2bff1585364eae440a865efe888db0f69c7671136fca625492fd14c619cea72d,False,True,False,False,False
ANET,2025-08-05,https://www.sec.gov/Archives/edgar/data/1596532/000159653225000214/ex991q225-earningsrelease.htm,1596532,000159653225000214,ex991q225-earningsrelease.htm,19390,4258fc0778df0c555e3ec2a300f9d7ceca5090abde8bfe6e548296a6d8d6ed43,False,True,False,False,False
ANET,2025-05-06,https://www.sec.gov/Archives/edgar/data/1596532/000159653225000103/ex991q125-earningsrelease.htm,1596532,000159653225000103,ex991q125-earningsrelease.htm,18067,e65ce35a8613e4d760c9eb0828658523ce3a4799b2aa8bedbcd1f22b3869032f,False,True,False,False,False
ANET,2025-02-18,https://www.sec.gov/Archives/edgar/data/1596532/000159653225000018/ex991q424-earningsrelease.htm,1596532,000159653225000018,ex991q424-earningsrelease.htm,21367,4e7e98974ca2d39d86de958eb0dfce13d76f21fe5bfc2d223d38bbd03ad6252d,False,True,False,False,False
ANET,2024-11-07,https://www.sec.gov/Archives/edgar/data/1596532/000159653224000366/ex991q324-earningsrelease.htm,1596532,000159653224000366,ex991q324-earningsrelease.htm,18656,2c21608b0fb14d4f2d950ad525860d3a34649f16520bc016f428ee54920e058f,False,True,False,False,False
ANET,2024-07-30,https://www.sec.gov/Archives/edgar/data/1596532/000159653224000277/ex991q224-earningsrelease.htm,1596532,000159653224000277,ex991q224-earningsrelease.htm,18225,04198ffdbab09e359ef29ce726864a4607c26af5c6fc4a045f93d19dcbb46e67,False,True,False,False,False
DAL,2026-07-10,https://www.sec.gov/Archives/edgar/data/27904/000002790426000029/deltaairlinesannouncesjune.htm,27904,000002790426000029,deltaairlinesannouncesjune.htm,45863,49b9ebb302aef63a8ba8ddecdbdd6e77e6ae4cef18e647da8061b9936500a418,False,True,True,False,False
DAL,2026-04-08,https://www.sec.gov/Archives/edgar/data/27904/000002790426000020/deltaairlinesannouncesmarc.htm,27904,000002790426000020,deltaairlinesannouncesmarc.htm,41231,31da832a4ed7794973e9d64dc473748322b2a22bf6a1eb2880d3993a8ce84f5b,False,True,True,False,False
DAL,2026-01-13,https://www.sec.gov/Archives/edgar/data/27904/000002790426000008/decemberquartersupplemen.htm,27904,000002790426000008,decemberquartersupplemen.htm,9167,9700a095f3eb8487aeb4cf1bf167ed385106daa2204845501781e4d18c4f0d6b,False,False,False,False,False
DAL,2025-10-09,https://www.sec.gov/Archives/edgar/data/27904/000002790425000018/deltaairlinesannouncessept.htm,27904,000002790425000018,deltaairlinesannouncessept.htm,43115,f0f27e1ca3c811f7db46b1b8a7dccf922b912ed1d529a4d3a31965fef1ad56fa,False,True,True,False,False
DAL,2025-07-10,https://www.sec.gov/Archives/edgar/data/27904/000168316825005002/delta_ex9901.htm,27904,000168316825005002,delta_ex9901.htm,43684,79254d633e4a0da780d68f6ba59bc79b979b4faf31ce8ab8868944524de69948,False,True,True,False,False
DAL,2025-04-09,https://www.sec.gov/Archives/edgar/data/27904/000168316825002353/delta_ex9901.htm,27904,000168316825002353,delta_ex9901.htm,41450,33181284938b33e578d114a776ffaa25257fbd4155e736370b6bf34b3a6fd10b,False,True,True,False,False
DAL,2025-01-10,https://www.sec.gov/Archives/edgar/data/27904/000168316825000182/delta_ex9901.htm,27904,000168316825000182,delta_ex9901.htm,53258,88bbfc600676cca57670c113b757b4fbbfcb11141cf9c0be383977adf9a5fd34,False,True,True,False,False
DAL,2024-10-10,https://www.sec.gov/Archives/edgar/data/27904/000168316824007033/delta_ex9901.htm,27904,000168316824007033,delta_ex9901.htm,49769,ed3c3a91a4c34e6936b4ce3e75fddb4cfc60032dbdcd4965e9cf31c47511df19,False,True,True,False,False
DAL,2024-07-11,https://www.sec.gov/Archives/edgar/data/27904/000168316824004743/delta_ex9901.htm,27904,000168316824004743,delta_ex9901.htm,46814,2b83ae6cf6ef7b3cb45d0d454a962ad00b59e187ff92056297df462a8e6dafa1,False,True,True,False,False
HST,2026-08-05,https://www.sec.gov/Archives/edgar/data/1070750/000107075026000122/hst-ex991.htm,1070750,000107075026000122,hst-ex991.htm,60000,fdcbe0b5faa223fff57208464e49e198c2ea9db637ce6f959812d4ed1b851808,True,True,True,False,False
HST,2026-05-06,https://www.sec.gov/Archives/edgar/data/1070750/000107075026000077/hst-ex991.htm,1070750,000107075026000077,hst-ex991.htm,60000,cec418daedd8b20fcd1cddb72e0717ef3eb2f1d810c5aa4a84f6654b46990593,True,True,True,False,False
HST,2026-02-18,https://www.sec.gov/Archives/edgar/data/1070750/000107075026000038/hst-ex991.htm,1070750,000107075026000038,hst-ex991.htm,60000,27e14175332ee89ff734fb726c37a94972df51926b192a2cf49b41e156f2f37c,True,True,True,False,False
HST,2025-11-05,https://www.sec.gov/Archives/edgar/data/1070750/000107075025000164/hst-ex991.htm,1070750,000107075025000164,hst-ex991.htm,60000,7311901b573d4cce0e405768a41bbd45b010f7fc8e390d1461f33425e6323cfd,True,True,True,False,False
HST,2025-07-30,https://www.sec.gov/Archives/edgar/data/1070750/000107075025000136/hst-ex991.htm,1070750,000107075025000136,hst-ex991.htm,60000,2be38a5cb77689e5f1e8ce354e6746d4b19b669195ffdc93665f0377f8d31e48,True,True,True,False,False
HST,2025-04-30,https://www.sec.gov/Archives/edgar/data/1070750/000107075025000094/hst-ex991.htm,1070750,000107075025000094,hst-ex991.htm,60000,95147d2498568a6e31df405c8f2bdf2d668e6a76c3cd5155ff60f7f9ce8110db,True,True,True,False,False
HST,2025-02-19,https://www.sec.gov/Archives/edgar/data/1070750/000107075025000055/hst-ex991.htm,1070750,000107075025000055,hst-ex991.htm,60000,ad49f02e6fb6774056e7e96e4cc05a7cbd38c513d95f30aa75994a75ba148ad1,True,True,True,False,False
HST,2024-11-06,https://www.sec.gov/Archives/edgar/data/1070750/000107075024000180/ex992.htm,1070750,000107075024000180,ex992.htm,60000,404b738bb4ffca1a0e273ef71448f1922d98480da9275f39a6da4c85420a2e73,True,True,True,False,False
HST,2024-07-31,https://www.sec.gov/Archives/edgar/data/1070750/000107075024000163/hst-ex991.htm,1070750,000107075024000163,hst-ex991.htm,60000,f4bcc3324639f0c4003c82a0644971466b3e7b92af925150b9e6e56b59550503,True,True,True,False,False
ABBV,2026-07-31,https://www.sec.gov/Archives/edgar/data/1551152/000155115226000023/abbv-20260630xexhibit991.htm,1551152,000155115226000023,abbv-20260630xexhibit991.htm,33752,aa5674f6270dee38ca4cfcf5fcd04daad460d5b2179ab31810d96be7d4bc04a4,False,True,False,False,False
ABBV,2026-07-06,https://www.sec.gov/Archives/edgar/data/1551152/000155115226000021/abbv-20260630nonxgaapxex991.htm,1551152,000155115226000021,abbv-20260630nonxgaapxex991.htm,930,df4d1c4beaac1fd9b5bf5df2bc372dcc3f5a032ba863235ff99f96418d5ab10d,False,False,False,False,False
ABBV,2026-04-29,https://www.sec.gov/Archives/edgar/data/1551152/000155115226000013/abbv-20260331xexhibit991.htm,1551152,000155115226000013,abbv-20260331xexhibit991.htm,21894,315e0ed10bd44e66db1e7c69574c8900d8b1fcf273add4bd0c225b758754de0a,False,True,False,False,False
ABBV,2026-04-03,https://www.sec.gov/Archives/edgar/data/1551152/000155115226000011/abbv-20260331nonxgaapxex991.htm,1551152,000155115226000011,abbv-20260331nonxgaapxex991.htm,924,f9774c74770284be835a1e6c9e9701baa3e81874c91fe28b14849612aa04557a,False,False,False,False,False
ABBV,2026-02-04,https://www.sec.gov/Archives/edgar/data/1551152/000155115226000004/abbv-20251231xexhibit991.htm,1551152,000155115226000004,abbv-20251231xexhibit991.htm,29974,af848161c5590a6a029c167607257481e48fcca538cb35e2ee48056cc339dc0c,False,True,False,False,False
ABBV,2026-01-07,https://www.sec.gov/Archives/edgar/data/1551152/000155115226000002/abbv-20251231nonxgaapxex991.htm,1551152,000155115226000002,abbv-20251231nonxgaapxex991.htm,729,d7d55854eeb47bb0b48ceec802d2e8d7c07380d413f452079959f59c79c44f6d,False,False,False,False,False
ABBV,2025-10-31,https://www.sec.gov/Archives/edgar/data/1551152/000155115225000047/abbv-20250930xexhibit991.htm,1551152,000155115225000047,abbv-20250930xexhibit991.htm,33684,6bcdd484a47f303a6d8b3ce08c27ca734772c085968ced6da92a1ab81aac8b2c,False,True,False,False,False
ABBV,2025-10-03,https://www.sec.gov/Archives/edgar/data/1551152/000155115225000043/abbv-20250930nonxgaapxex991.htm,1551152,000155115225000043,abbv-20250930nonxgaapxex991.htm,942,9ad259ab9553eb9d8f4a15025227f820536eaeb91333845181eb682f59be34ea,False,False,False,False,False
ABBV,2025-07-31,https://www.sec.gov/Archives/edgar/data/1551152/000155115225000036/abbv-20250630xexhibit991.htm,1551152,000155115225000036,abbv-20250630xexhibit991.htm,29035,430221029a569661abb9c5f4e5f174530b26305e8f73d518a07291313b166e8f,False,True,False,False,False
GPN,2026-08-05,https://www.sec.gov/Archives/edgar/data/1123360/000112336026000082/exhibit99120260630.htm,1123360,000112336026000082,exhibit99120260630.htm,43610,8188f21ec230ca5e5a1c56a28030e8c79f743c99db8034b950cf93daee26a2d6,False,True,True,False,False
GPN,2026-05-06,https://www.sec.gov/Archives/edgar/data/1123360/000112336026000070/exhibit99120260331.htm,1123360,000112336026000070,exhibit99120260331.htm,27953,678e90e6747bee564ffb4ebf83905c740a9f88670e0829f2cb501ef5390648c3,False,True,False,False,False
GPN,2026-02-18,https://www.sec.gov/Archives/edgar/data/1123360/000112336026000004/exhibit99120251231.htm,1123360,000112336026000004,exhibit99120251231.htm,46469,9bc89d6e3295456e00d2a70d55ffa2b00dca2653e316ac4dba81f0c508c98e5d,False,True,True,False,False
GPN,2025-11-04,https://www.sec.gov/Archives/edgar/data/1123360/000112336025000075/exhibit99120250930.htm,1123360,000112336025000075,exhibit99120250930.htm,45153,b0671e45de3dafc3b36ecd019dc7391c351c76d53e9e95d3075d1dba822d39d3,False,True,True,False,False
GPN,2025-08-06,https://www.sec.gov/Archives/edgar/data/1123360/000112336025000038/exhibit99120250630.htm,1123360,000112336025000038,exhibit99120250630.htm,45094,90e11ab1e6e28b34b1e511f0a27c74827a08b85c0646b0351e1b58ab6e09b244,False,True,True,False,False
GPN,2025-05-06,https://www.sec.gov/Archives/edgar/data/1123360/000112336025000028/exhibit99120250331.htm,1123360,000112336025000028,exhibit99120250331.htm,35217,78cd195e7b699b4a0e0693f44963088a51130d9ba935d0df012d342024eed6ce,False,True,False,False,False
GPN,2025-04-17,https://www.sec.gov/Archives/edgar/data/1123360/000110465925035771/tm2512552d1_ex99-1.htm,1123360,000110465925035771,tm2512552d1_ex99-1.htm,22115,47f752ce9b6e00ed588c77f6c2e74128742d8a91271e35e4c8866580ebd2a4a4,False,True,False,False,False
GPN,2025-02-13,https://www.sec.gov/Archives/edgar/data/1123360/000112336025000004/exhibit99120241231.htm,1123360,000112336025000004,exhibit99120241231.htm,43799,805538d06bbb2ba49ceaebca4da550be56fdfc55b1752c5d13eb11ad989f3d57,False,True,True,False,False
GPN,2024-10-30,https://www.sec.gov/Archives/edgar/data/1123360/000112336024000033/exhibit99120240930.htm,1123360,000112336024000033,exhibit99120240930.htm,41983,a5f3f1f2d674b43b070f0f3e10315ff761884dec575a8bef657337b5ffb0d8eb,False,True,True,False,False
FCX,2026-07-23,https://www.sec.gov/Archives/edgar/data/831259/000083125926000033/a2q2026exhibit991.htm,831259,000083125926000033,a2q2026exhibit991.htm,60000,359849d2c1f23e626d11fab67442c14970b68ad8913efc8e42fb33eef67bb92a,True,True,True,False,False
FCX,2026-04-23,https://www.sec.gov/Archives/edgar/data/831259/000083125926000021/a1q2026exhibit991.htm,831259,000083125926000021,a1q2026exhibit991.htm,60000,76bff7f0220d97d74fc52e152377ce740e3f1b82e77e28bba9cd5b39e610af31,True,True,True,False,False
FCX,2026-01-22,https://www.sec.gov/Archives/edgar/data/831259/000083125926000006/a4q2025exhibit991.htm,831259,000083125926000006,a4q2025exhibit991.htm,60000,03d4056a4302b659faa0a0bc90e38f28451462ef9726934a3aab344be12c4bbd,True,True,True,False,False
FCX,2025-10-23,https://www.sec.gov/Archives/edgar/data/831259/000083125925000048/a2025fcx3rdqtrfinsummary.htm,831259,000083125925000048,a2025fcx3rdqtrfinsummary.htm,15306,0ce8c7817e8c0fa3b9676ec84728867f5afb9a79892283df47d87c1f4b0f82ba,False,True,False,False,False
FCX,2025-07-23,https://www.sec.gov/Archives/edgar/data/831259/000083125925000028/a2025fcx2ndqtrcc_final.htm,831259,000083125925000028,a2025fcx2ndqtrcc_final.htm,41116,58aae5c9bf6ea5e3a202672e49e693aebf765e2fc9b6e66edb4ff6d27fdc2f8c,False,True,True,False,False
FCX,2025-04-24,https://www.sec.gov/Archives/edgar/data/831259/000083125925000014/a1q2025exhibit991.htm,831259,000083125925000014,a1q2025exhibit991.htm,60000,e0cd2edd980db48fc6cbfdc8264743a225d9b9acf749d64c3687e0e94f325af8,True,True,True,False,False
FCX,2025-03-31,https://www.sec.gov/Archives/edgar/data/831259/000083125925000011/fcx_250331.htm,831259,000083125925000011,fcx_250331.htm,6134,115ab3b78f80d346daaf2f08211a2e5a831d988bd86bdef6601c4db674b31eb4,False,False,False,False,False
FCX,2025-01-23,https://www.sec.gov/Archives/edgar/data/831259/000083125925000002/a4q2024exhibit991.htm,831259,000083125925000002,a4q2024exhibit991.htm,60000,e2f78c0935b3a3276b02867ec7cf4ff323bee119fb0df151b8c7434902b0ba93,True,True,True,False,False
FCX,2024-10-22,https://www.sec.gov/Archives/edgar/data/831259/000083125924000036/a3q2024exhibit991.htm,831259,000083125924000036,a3q2024exhibit991.htm,60000,fda8970d6356acf34a399eb0ac886d66f2da26dfbf7860ba089f32d628adea89,True,True,True,False,False
MO,2026-07-30,https://www.sec.gov/Archives/edgar/data/764180/000076418026000093/exhibit991erq22026.htm,764180,000076418026000093,exhibit991erq22026.htm,52871,c151ebe73f903b0d51f7eb1f8ade75f6e4db241329b76f490b042756fcc5763c,False,True,True,False,False
MO,2026-04-30,https://www.sec.gov/Archives/edgar/data/764180/000076418026000056/exhibit991erq12026.htm,764180,000076418026000056,exhibit991erq12026.htm,37186,e5c605404dc7a5c71ad75cb0b1500abac6b765ef1fe5af7b6d510b475eee9d19,False,True,False,False,False
MO,2026-01-29,https://www.sec.gov/Archives/edgar/data/764180/000076418026000007/exhibit991erq42025.htm,764180,000076418026000007,exhibit991erq42025.htm,60000,99f14ab8891c16bdd65d9880bb9791810e63b2016ee08eb161bd389d200b2e4a,True,True,True,False,False
MO,2025-10-30,https://www.sec.gov/Archives/edgar/data/764180/000076418025000128/exhibit991erq32025.htm,764180,000076418025000128,exhibit991erq32025.htm,60000,1685f4fc9ac9b7c10480f3f4e75bbc3cd3672ff3d0b6b14f54f0490a6615beaa,True,True,True,False,False
MO,2025-07-30,https://www.sec.gov/Archives/edgar/data/764180/000076418025000109/exhibit991erq22025.htm,764180,000076418025000109,exhibit991erq22025.htm,57464,001f0ff3670d2bed450e0857c4c423d4cdbbf783d7ecc2d0486425987c5e5a23,False,True,True,False,False
MO,2025-04-29,https://www.sec.gov/Archives/edgar/data/764180/000076418025000047/exhibit991erq12025.htm,764180,000076418025000047,exhibit991erq12025.htm,46375,2287e61046e24cfc8d7224b494298feb6f5487986739d9ac66644dd53e1b37e3,False,True,True,False,False
MO,2025-01-30,https://www.sec.gov/Archives/edgar/data/764180/000076418025000006/exhibit991erq42024.htm,764180,000076418025000006,exhibit991erq42024.htm,60000,3912a011c4355f610b611c31d3c717d2bdc3745e9fc04c976ee5eb0083d79536,True,True,True,False,False
MO,2024-10-31,https://www.sec.gov/Archives/edgar/data/764180/000076418024000100/exhibit991erq32024.htm,764180,000076418024000100,exhibit991erq32024.htm,57948,5b53d83cd71356a21689931c55328122a9271bbc5179ad3d7406b27afc848408,False,True,True,False,False
MO,2024-07-31,https://www.sec.gov/Archives/edgar/data/764180/000076418024000091/exhibit991erq22024.htm,764180,000076418024000091,exhibit991erq22024.htm,55125,b3b33db4fd6011e76cb1b49e3bade8a3d590c5730c83e2cfa1d6a6076cd2b31c,False,True,True,False,False
BBY,2026-08-27,https://www.sec.gov/Archives/edgar/data/764478/000076447826000037/bby-fy27q2xexx99.htm,764478,000076447826000037,bby-fy27q2xexx99.htm,25434,7197372e6cbd05ad73d432fc387a2f2cd00de5a9d43ffce5a07c494968dddbcd,False,True,False,False,False
BBY,2026-05-28,https://www.sec.gov/Archives/edgar/data/764478/000076447826000018/bby-fy27q1xexx991.htm,764478,000076447826000018,bby-fy27q1xexx991.htm,24641,9a52207645e36f7a68f8c3a61f32d3e92af66fe30300edaeff80a642112865f1,False,True,False,False,False
BBY,2026-03-03,https://www.sec.gov/Archives/edgar/data/764478/000076447826000005/bby-fy26q4xexx99.htm,764478,000076447826000005,bby-fy26q4xexx99.htm,24961,cd0533153bc0113e0b956e5e1849d40f857ad5e53487e6d38d1ec79a59c145f8,False,True,False,False,False
BBY,2025-11-25,https://www.sec.gov/Archives/edgar/data/764478/000076447825000050/bby-fy26q3xexx99.htm,764478,000076447825000050,bby-fy26q3xexx99.htm,24823,2208830989189d755908d75a23259f98099dad1ae944e18681ff53d58441f402,False,True,False,False,False
BBY,2025-08-28,https://www.sec.gov/Archives/edgar/data/764478/000076447825000035/bby-fy26q2xexx99.htm,764478,000076447825000035,bby-fy26q2xexx99.htm,23806,c90ce4abe3ade7b9dc3bec2c124d06f84c2e5783b4ccedd9295d1241995462c9,False,True,False,False,False
BBY,2025-05-29,https://www.sec.gov/Archives/edgar/data/764478/000076447825000014/bby-20250529xex99.htm,764478,000076447825000014,bby-20250529xex99.htm,24157,1ec7c74d2dc6130f9413d3b60544a38c0d86cf8510710a73ca8900d9393499d5,False,True,False,False,False
BBY,2025-03-04,https://www.sec.gov/Archives/edgar/data/764478/000076447825000003/bby-20250304xex99.htm,764478,000076447825000003,bby-20250304xex99.htm,35065,65526845fd80ee6dcf77c4d1310a18463d1ec40ccc87551793b0166c0ef4c327,False,True,False,False,False
BBY,2024-11-26,https://www.sec.gov/Archives/edgar/data/764478/000076447824000038/bby-20241126xex99.htm,764478,000076447824000038,bby-20241126xex99.htm,30867,06205201c91ccbc984828ed4e33fc504560479733b9574d9371a3cf56956098c,False,True,False,False,False
BBY,2024-08-29,https://www.sec.gov/Archives/edgar/data/764478/000076447824000031/bby-20240829xex99.htm,764478,000076447824000031,bby-20240829xex99.htm,31117,40744b8a73200386de4765dbfd851a84b7266e81c5cd9875c36cc31ad6eb2eab,False,True,False,False,False
JBHT,2026-07-15,https://www.sec.gov/Archives/edgar/data/728535/000143774926023629/ex_987956.htm,728535,000143774926023629,ex_987956.htm,20838,c0abf00a3513a27972ebb468a91e67538f2ea11ca1e3bb4bd64d87c36f6c8dfa,False,True,False,False,False
JBHT,2026-04-15,https://www.sec.gov/Archives/edgar/data/728535/000143774926012396/ex_945603.htm,728535,000143774926012396,ex_945603.htm,17155,23b3bb0d4be7bc757a26e99bde58f967a347742cbdfc4f8f6e21f062be0bac18,False,True,False,False,False
JBHT,2026-01-15,https://www.sec.gov/Archives/edgar/data/728535/000143774926001357/ex_907715.htm,728535,000143774926001357,ex_907715.htm,22073,0d0aff26a3a20ac0788c701b8d9830da236b1aec0b349e19111788406ed86fa8,False,True,False,False,False
JBHT,2025-10-15,https://www.sec.gov/Archives/edgar/data/728535/000143774925031039/ex_870337.htm,728535,000143774925031039,ex_870337.htm,20856,d6e50681be7c449dda7586d8298755d7f2888f33bbc828da79a2a51dfe763828,False,True,False,False,False
JBHT,2025-07-15,https://www.sec.gov/Archives/edgar/data/728535/000143774925022724/ex_838700.htm,728535,000143774925022724,ex_838700.htm,20210,07d6f849dc17878a5624e56cebb29a703f68185528ed95d7546e4b4dc5188db1,False,True,False,False,False
JBHT,2025-04-15,https://www.sec.gov/Archives/edgar/data/728535/000143774925012053/ex_801137.htm,728535,000143774925012053,ex_801137.htm,16670,f2a1fe00448354f9d06714db9ab40a644cb127a002589c1d8090727d81520a65,False,True,False,False,False
JBHT,2025-01-16,https://www.sec.gov/Archives/edgar/data/728535/000143774925001274/ex_766622.htm,728535,000143774925001274,ex_766622.htm,22417,0c9383194deab670c00f8722b187cf791125fd840a0290294814d8b89db395dc,False,True,False,False,False
JBHT,2024-10-15,https://www.sec.gov/Archives/edgar/data/728535/000143774924031253/ex_732530.htm,728535,000143774924031253,ex_732530.htm,21522,76b78953cf2774eea767d0c93a19c0aa91469ca7829368afddc803818f94ffa7,False,True,False,False,False
JBHT,2024-07-16,https://www.sec.gov/Archives/edgar/data/728535/000143774924022814/ex_698520.htm,728535,000143774924022814,ex_698520.htm,20658,b03e4d7b36c4a065438cb6b1f99beda8539f12c46615b0aaca6639cb9af0dd3e,False,True,False,False,False
FIX,2026-07-23,https://www.sec.gov/Archives/edgar/data/1035983/000110465926086255/fix-20260723xex99d1.htm,1035983,000110465926086255,fix-20260723xex99d1.htm,15223,bbf082a2230056b47a7fe2036214dd61ec3fcd38d6aa28f8f82f7767dac69eac,False,True,False,False,False
FIX,2026-04-23,https://www.sec.gov/Archives/edgar/data/1035983/000110465926047679/fix-20260423xex99d1.htm,1035983,000110465926047679,fix-20260423xex99d1.htm,13492,ba36c7d98cf5d10b7cb780bc95705fdb2fce7f95ee4ea9fe096f93eb8e01bde7,False,False,False,False,False
FIX,2026-02-19,https://www.sec.gov/Archives/edgar/data/1035983/000110465926017529/fix-20260219xex99d1.htm,1035983,000110465926017529,fix-20260219xex99d1.htm,15330,2657686aaee6530721217b3ca5e958093ee74e857ec14b1dafc791126802cd62,False,True,False,False,False
FIX,2025-10-23,https://www.sec.gov/Archives/edgar/data/1035983/000110465925101818/fix-20251023xex99d1.htm,1035983,000110465925101818,fix-20251023xex99d1.htm,15742,7028e04e3aa8556542bc957e75437ad19b15138af7e170f1b0f823e1cccbeb33,False,True,False,False,False
FIX,2025-07-24,https://www.sec.gov/Archives/edgar/data/1035983/000155837025009535/fix-20250724xex99d1.htm,1035983,000155837025009535,fix-20250724xex99d1.htm,14251,2f38a7ca0f1f35aa3681556c8e51903607565f2ded0753e1285e8dea6d325dc4,False,False,False,False,False
FIX,2025-04-24,https://www.sec.gov/Archives/edgar/data/1035983/000155837025005409/fix-20250424xex99d1.htm,1035983,000155837025005409,fix-20250424xex99d1.htm,13135,a327ffcfa4baa1c485c7741573e30ade36a3774322908ff32d6c556bc4f2ecf2,False,False,False,False,False
FIX,2025-02-20,https://www.sec.gov/Archives/edgar/data/1035983/000155837025001221/fix-20250220xex99d1.htm,1035983,000155837025001221,fix-20250220xex99d1.htm,15567,e44c14566edf428ef601176f032d18f56d5225cc108b51d5eb3a8ec4ab012b93,False,True,False,False,False
FIX,2024-10-24,https://www.sec.gov/Archives/edgar/data/1035983/000155837024013619/fix-20241024xex99d1.htm,1035983,000155837024013619,fix-20241024xex99d1.htm,15621,7dbbc877a88ff19dded9f34098de61e83c02d393e634fb92264908f067e1c96b,False,True,False,False,False
FIX,2024-07-25,https://www.sec.gov/Archives/edgar/data/1035983/000155837024010175/fix-20240725xex99d1.htm,1035983,000155837024010175,fix-20240725xex99d1.htm,14777,de380b4c9a36e26e444bc25db23606f71aaf2ea1031f836d478375f8e3561766,False,False,False,False,False
FTNT,2026-07-29,https://www.sec.gov/Archives/edgar/data/1262039/000126203926000018/ftntq2-2026ex991.htm,1262039,000126203926000018,ftntq2-2026ex991.htm,30597,72d9d237352ebcb0d57fa428ebe2e1a873a9343b3173ab054c93d9f0cc4d964d,False,True,False,False,False
FTNT,2026-05-06,https://www.sec.gov/Archives/edgar/data/1262039/000126203926000010/ftntq1-2026ex991.htm,1262039,000126203926000010,ftntq1-2026ex991.htm,31224,569f66f427f0997efca66fd44478ff919e8e343478e99b095ff6e51b6d9dfba7,False,True,False,False,False
FTNT,2026-02-05,https://www.sec.gov/Archives/edgar/data/1262039/000126203926000003/ftntq4-2025ex991.htm,1262039,000126203926000003,ftntq4-2025ex991.htm,34374,c69a3fef2c17445e260cf8948daeebed42a6c201eba934a313441a727a14ddc3,False,True,False,False,False
FTNT,2025-11-05,https://www.sec.gov/Archives/edgar/data/1262039/000126203925000036/ftntq3-2025ex991.htm,1262039,000126203925000036,ftntq3-2025ex991.htm,31059,b09e2b5006defb113c1b3015166b1492c5814081aa3efcf0e6ed8e5abf4e4eef,False,True,False,False,False
FTNT,2025-08-06,https://www.sec.gov/Archives/edgar/data/1262039/000126203925000025/ftntq2-2025ex991.htm,1262039,000126203925000025,ftntq2-2025ex991.htm,31551,f0da79972d1a9275639e36890ee185c37ba040aa1f25b96203a9c571835ab2c6,False,True,False,False,False
FTNT,2025-05-07,https://www.sec.gov/Archives/edgar/data/1262039/000126203925000014/ftntq1-2025ex991.htm,1262039,000126203925000014,ftntq1-2025ex991.htm,31355,99c8c2e53c828f2f16ce7f359bf3bc684193498e1d47a97fda23eb6d88304f99,False,True,False,False,False
FTNT,2025-02-06,https://www.sec.gov/Archives/edgar/data/1262039/000126203925000007/ftntq4-2024ex991.htm,1262039,000126203925000007,ftntq4-2024ex991.htm,34691,f538c61232db39c37086d2e695e8a7e5f0c53c9799474fb9b42d7125c8c8775c,False,True,False,False,False
FTNT,2024-11-07,https://www.sec.gov/Archives/edgar/data/1262039/000126203924000040/ftntq3-2024ex991.htm,1262039,000126203924000040,ftntq3-2024ex991.htm,31051,c75bdd7fd300b8d89ba6bbe0f6722eeb0a92d9f12b7503cc65a4a23787f47338,False,True,False,False,False
FTNT,2024-08-06,https://www.sec.gov/Archives/edgar/data/1262039/000126203924000032/ftntq2-2024ex991.htm,1262039,000126203924000032,ftntq2-2024ex991.htm,31214,2f619873320ae3bf3d3e4f8ffe7cd6496b1dac20a00e33e833f4b67abeb11547,False,True,False,False,False
EMR,2026-08-04,https://www.sec.gov/Archives/edgar/data/32604/000003260426000042/a2026q3release_ex991.htm,32604,000003260426000042,a2026q3release_ex991.htm,20140,b3025c20f865454a9b0679eebfa73ed34a23ca464319ea76428ca87ea6136f7b,False,True,False,False,False
EMR,2026-05-05,https://www.sec.gov/Archives/edgar/data/32604/000003260426000034/a2026q2release_ex991.htm,32604,000003260426000034,a2026q2release_ex991.htm,19176,fa48c699fea9b4806468c533470613ca7b6cb849f795ad6c72ffb027e5eef136,False,True,False,False,False
EMR,2026-02-03,https://www.sec.gov/Archives/edgar/data/32604/000003260426000006/a2026q1release_ex991.htm,32604,000003260426000006,a2026q1release_ex991.htm,17511,5e2e8e015c8ff579d8f307621a39bd12915e4f20523d1a06832033784b9b7df9,False,True,False,False,False
EMR,2025-11-20,https://www.sec.gov/Archives/edgar/data/32604/000003260425000094/a2025updatedsegmentrelease.htm,32604,000003260425000094,a2025updatedsegmentrelease.htm,11112,c25da8aabedf249fec595bd27a5783c20aed7d2d3d23acd940513c9981adefc6,False,False,False,False,False
EMR,2025-11-05,https://www.sec.gov/Archives/edgar/data/32604/000003260425000079/a2025q4release_ex991.htm,32604,000003260425000079,a2025q4release_ex991.htm,29292,1a07e08f97bc38c1b33d54eb4f72cf74c5975dd03f1bdcbdec00e1be2ae2cd67,False,True,False,False,False
EMR,2025-08-06,https://www.sec.gov/Archives/edgar/data/32604/000003260425000075/a2025q3release_ex991.htm,32604,000003260425000075,a2025q3release_ex991.htm,22581,dcf3ab5ccdaa76b0dc419a156438f09aca1cdb09e9aa6d121a7e3b5805f695a3,False,True,False,False,False
EMR,2025-05-07,https://www.sec.gov/Archives/edgar/data/32604/000003260425000061/a2025q2release_ex991.htm,32604,000003260425000061,a2025q2release_ex991.htm,22505,80de7c6772f71140e8f42f627631095db2910d9b6afd9f8e9c14d1b5e1b50f1a,False,True,False,False,False
EMR,2025-02-05,https://www.sec.gov/Archives/edgar/data/32604/000003260425000011/a2025q1release_ex991.htm,32604,000003260425000011,a2025q1release_ex991.htm,22063,00d48bd2d0b41b1d144728f163e9ac3ac88c6a741eb5aa148eaa539ad76c53f8,False,True,False,False,False
EMR,2024-11-05,https://www.sec.gov/Archives/edgar/data/32604/000095010324015969/dp220300_ex9901.htm,32604,000095010324015969,dp220300_ex9901.htm,34621,c2613d5fdea5906ecf9b0a931eb17b5d53a3f3fed6c53121c9d68e2bc9fee351,False,True,False,False,False
DD,2026-08-04,https://www.sec.gov/Archives/edgar/data/1666700/000166670026000049/exhibit991enrschedules-2q26.htm,1666700,000166670026000049,exhibit991enrschedules-2q26.htm,46174,6c938cf9293e525469aeb97c553f1e37f724e489ebfa10565abf23b84c6ebc55,False,True,True,False,False
DD,2026-05-05,https://www.sec.gov/Archives/edgar/data/1666700/000166670026000029/exhibit991enrschedules-1q26.htm,1666700,000166670026000029,exhibit991enrschedules-1q26.htm,40701,fb8b6d94f45910b2c137a5f5309abf69ba70f6ffcb149790b70813dd4b9603c5,False,True,True,False,False
DD,2026-02-10,https://www.sec.gov/Archives/edgar/data/1666700/000166670026000007/exhibit991enrschedules-4q25.htm,1666700,000166670026000007,exhibit991enrschedules-4q25.htm,54159,ae05ae7314b1fec73438bfba3df58822a12cf7c7fc62acb414d848af33a7cdf3,False,True,True,False,False
DD,2025-11-06,https://www.sec.gov/Archives/edgar/data/1666700/000166670025000058/exhibit991enrschedules-3q25.htm,1666700,000166670025000058,exhibit991enrschedules-3q25.htm,48513,ba3d2e01271843a92004cf7090a0878475241d9a81056bbde2e6181f92d83e42,False,True,True,False,False
DD,2025-08-05,https://www.sec.gov/Archives/edgar/data/1666700/000166670025000040/exhibit991enrschedules-2q25.htm,1666700,000166670025000040,exhibit991enrschedules-2q25.htm,45063,fec095f477f1dee12e68cf4872472e1f7e74063bfe41dcc0e24a8d457676335f,False,True,True,False,False
DD,2025-05-02,https://www.sec.gov/Archives/edgar/data/1666700/000166670025000017/exhibit991enrschedules-1q25.htm,1666700,000166670025000017,exhibit991enrschedules-1q25.htm,40703,19a203d70fffceef760e5d8917f74169745d88f4b664e3de93904f76eb003efb,False,True,True,False,False
DD,2025-02-11,https://www.sec.gov/Archives/edgar/data/1666700/000166670025000002/exhibit991enrschedules-4q24.htm,1666700,000166670025000002,exhibit991enrschedules-4q24.htm,52825,9205896381a803288052f2ef8322bb454f4928dabf4424e8c98172c192cd326c,False,True,True,False,False
DD,2024-11-05,https://www.sec.gov/Archives/edgar/data/1666700/000166670024000033/exhibit991enrschedules-3q24.htm,1666700,000166670024000033,exhibit991enrschedules-3q24.htm,46530,3881ae3af122b6c3b85d483a07a4b912fdb2aac63bc59f2395f3b3300c3f0ff7,False,True,True,False,False
DD,2024-07-31,https://www.sec.gov/Archives/edgar/data/1666700/000166670024000028/exhibit991enrschedules-2q24.htm,1666700,000166670024000028,exhibit991enrschedules-2q24.htm,45189,e96b5fb9971b2be9322f8980cf354dc33c2efbb74efd4734c9c73577b266ea89,False,True,True,False,False
SJM,2026-08-26,https://www.sec.gov/Archives/edgar/data/91419/000009141926000079/R1.htm,91419,000009141926000079,R1.htm,8847,5d2374982f993b666343067c47b3ff183a699f2a24cdee5d665877f1fde75161,False,False,False,False,False
SJM,2026-06-09,https://www.sec.gov/Archives/edgar/data/91419/000009141926000047/R1.htm,91419,000009141926000047,R1.htm,8847,a339a9adcee66a806f28d7c6a161b900c226cc14e75dfb4273433d154a38391c,False,False,False,False,False
SJM,2026-02-26,https://www.sec.gov/Archives/edgar/data/91419/000009141926000013/R1.htm,91419,000009141926000013,R1.htm,8847,9209d6d942881a775906f41742d7cd0baa668d460e69dc2a4891624358eb59f1,False,False,False,False,False
SJM,2025-11-25,https://www.sec.gov/Archives/edgar/data/91419/000009141925000104/R1.htm,91419,000009141925000104,R1.htm,8847,e8c7095e0b968391d997374c04b8a9890542cfa5ba3d6190f7c3d428b911aba1,False,False,False,False,False
SJM,2025-08-27,https://www.sec.gov/Archives/edgar/data/91419/000009141925000069/R1.htm,91419,000009141925000069,R1.htm,8847,a1b08e3d1c613d96dbd343294ac7c29c8fba4f337bcd576276dfc05f19405cc2,False,False,False,False,False
SJM,2025-06-10,https://www.sec.gov/Archives/edgar/data/91419/000009141925000037/R1.htm,91419,000009141925000037,R1.htm,8847,e7c0a6c5f8449368d40e0ba233f4f7d2ea079514f13ad12306e3ae71e3f90db2,False,False,False,False,False
SJM,2025-02-27,https://www.sec.gov/Archives/edgar/data/91419/000009141925000008/R1.htm,91419,000009141925000008,R1.htm,8849,0d9fa6a9da264461dd4465d74adbfa9a98c685c70041d4876b1f27af568c9587,False,False,False,False,False
SJM,2024-11-26,https://www.sec.gov/Archives/edgar/data/91419/000009141924000101/R1.htm,91419,000009141924000101,R1.htm,8847,a7788e4f7de046ce6fa2ccd806206650391214a3095f82be473a258000c7b933,False,False,False,False,False
SJM,2024-08-28,https://www.sec.gov/Archives/edgar/data/91419/000009141924000075/R1.htm,91419,000009141924000075,R1.htm,8850,5ff8f2bf37233ec53c59d7bb91dea5afb8aa9b0aea4fb4196ddb85ab4715c25f,False,False,False,False,False
HAS,2026-07-21,https://www.sec.gov/Archives/edgar/data/46080/000004608026000044/exhibit991q22026.htm,46080,000004608026000044,exhibit991q22026.htm,38300,8fb0205c91a66ca237b4d74c1c70248a71ceecfe51cf627243109e0d42a07300,False,True,False,False,False
HAS,2026-05-20,https://www.sec.gov/Archives/edgar/data/46080/000004608026000029/exhibit991q12026.htm,46080,000004608026000029,exhibit991q12026.htm,29677,a0f13a1561864f4dd08bf6a0b5eb610543489977502a09cc90a294957267bfa9,False,True,False,False,False
HAS,2026-04-23,https://www.sec.gov/Archives/edgar/data/46080/000004608026000016/exhibit991-apr232026.htm,46080,000004608026000016,exhibit991-apr232026.htm,10749,b8422c35b37667d9593501602852e033aba2a95b12a647ea90af678a0f7476f5,False,False,False,False,False
HAS,2026-02-10,https://www.sec.gov/Archives/edgar/data/46080/000004608026000006/exhibit991q42025.htm,46080,000004608026000006,exhibit991q42025.htm,34875,4cac395ba77b325bf4e0e5f105bf351dbd3cfa7bb93eb2098b561a99e4269006,False,True,False,False,False
HAS,2025-10-23,https://www.sec.gov/Archives/edgar/data/46080/000004608025000156/exhibit991q32025.htm,46080,000004608025000156,exhibit991q32025.htm,35026,dbcaecdc4d22edadbe5f96b6e159848e4f754cf00e3e5249f5b50718b76d16d1,False,True,False,False,False
HAS,2025-07-23,https://www.sec.gov/Archives/edgar/data/46080/000004608025000119/exhibit991q22025.htm,46080,000004608025000119,exhibit991q22025.htm,34505,1c87979dcb45dd4b8ba937834c4b7922ed74765e76f554dfc9430ecbcfe30012,False,True,False,False,False
HAS,2025-04-24,https://www.sec.gov/Archives/edgar/data/46080/000004608025000063/exhibit991q12025.htm,46080,000004608025000063,exhibit991q12025.htm,26558,2e87828c9d391eb4759d55b0dbba9ed697de47569aaf217f24cc87987fc5b782,False,True,False,False,False
HAS,2025-02-20,https://www.sec.gov/Archives/edgar/data/46080/000004608025000008/exhibit991q42024.htm,46080,000004608025000008,exhibit991q42024.htm,36956,be88758131fb3f9fded62f4231d3d16fa35777c386e0430898f4f63a6896daac,False,True,False,False,False
HAS,2024-10-24,https://www.sec.gov/Archives/edgar/data/46080/000004608024000160/exhibit991q32024.htm,46080,000004608024000160,exhibit991q32024.htm,35928,2cff4aac330c40d5c5dbc5f4f7e219587bf79d9212fd7033ea99c2f6194547d2,False,True,False,False,False
TROW,2026-07-31,https://www.sec.gov/Archives/edgar/data/1113169/000162828026051211/earningsreleaseq22026.htm,1113169,000162828026051211,earningsreleaseq22026.htm,40514,eea8f35a6e1675a753dfbf65bc6d9f7bd75829c40b0af1d482348c532b09c275,False,True,True,False,False
TROW,2026-04-30,https://www.sec.gov/Archives/edgar/data/1113169/000162828026028572/earningsreleaseq12026.htm,1113169,000162828026028572,earningsreleaseq12026.htm,34386,88aefb2fcd8969d3486e9fcc30a60b4fbf25c38149d348ac36909cd0f0bb79ad,False,True,False,False,False
TROW,2026-02-04,https://www.sec.gov/Archives/edgar/data/1113169/000162828026005273/earningsreleaseq42025.htm,1113169,000162828026005273,earningsreleaseq42025.htm,40128,9c0cf17c0d58e29e69abd85bfd8df7dad1d575ac9a06c47c63a0fa50c990a218,False,True,True,False,False
TROW,2025-10-31,https://www.sec.gov/Archives/edgar/data/1113169/000162828025047662/earningsreleaseq32025.htm,1113169,000162828025047662,earningsreleaseq32025.htm,40226,5e13a605ec6bf5c4f908c789f0c84251aadecc84899d38fc2e6e310e2499ca56,False,True,True,False,False
TROW,2025-08-01,https://www.sec.gov/Archives/edgar/data/1113169/000111316925000021/earningsreleaseq22025.htm,1113169,000111316925000021,earningsreleaseq22025.htm,37499,bb3148a43e72c2387f47825c23a5da1ca44ddb10e91fc2eac22857edc1cd2746,False,True,False,False,False
TROW,2025-05-02,https://www.sec.gov/Archives/edgar/data/1113169/000111316925000013/earningsreleaseq12025.htm,1113169,000111316925000013,earningsreleaseq12025.htm,31436,c0e0e7870b9c7b68520f229ea76bff415b92b1be32de362f31612e1a34289635,False,True,False,False,False
TROW,2025-02-05,https://www.sec.gov/Archives/edgar/data/1113169/000111316925000002/earningsreleaseq42024.htm,1113169,000111316925000002,earningsreleaseq42024.htm,39966,dda467ba8c12700d817a1af09d5b2459de28e4694e5b28863f33d6cd0a89ff49,False,True,False,False,False
TROW,2024-11-01,https://www.sec.gov/Archives/edgar/data/1113169/000111316924000028/earningsreleaseq32024.htm,1113169,000111316924000028,earningsreleaseq32024.htm,38447,39756b8b2afe4253ae813e46af5c0f5d1f45f479505c4898f37cedefd8b8859f,False,True,False,False,False
TROW,2024-07-26,https://www.sec.gov/Archives/edgar/data/1113169/000111316924000018/earningsreleaseq22024.htm,1113169,000111316924000018,earningsreleaseq22024.htm,37592,c21ca7538544f29a1e2451c1d2d8a2c30f752777cfdb77a8972f14e548b92542,False,True,False,False,False
AMP,2026-07-23,https://www.sec.gov/Archives/edgar/data/820027/000082002726000038/q22026er.htm,820027,000082002726000038,q22026er.htm,48667,7b03b9427b16fb408eadcb9d4f4edbce9bfcf150acc763ffed5c6c8c549b8389,False,True,True,False,False
AMP,2026-04-23,https://www.sec.gov/Archives/edgar/data/820027/000082002726000020/q12026er.htm,820027,000082002726000020,q12026er.htm,47651,cd7da2cdbb26e922c64582a9d54743e79fcf67b04d489ccfaacc60b20120f4cf,False,True,True,False,False
AMP,2026-01-29,https://www.sec.gov/Archives/edgar/data/820027/000082002726000004/q42025er.htm,820027,000082002726000004,q42025er.htm,49392,61274574dfcbdde1a2b678279fba212a2ce2983316e90c22887d63c30b2fe6fa,False,True,True,False,False
AMP,2025-10-30,https://www.sec.gov/Archives/edgar/data/820027/000082002725000077/q32025er.htm,820027,000082002725000077,q32025er.htm,51338,8d89236d5ffedb533de2931679472a6084c74791d6b1ca0d37596efe43cc91a2,False,True,True,False,False
AMP,2025-07-24,https://www.sec.gov/Archives/edgar/data/820027/000082002725000058/q22025er.htm,820027,000082002725000058,q22025er.htm,49651,2c326d68804f4b056d9300d5e40c40b48ef9248000654067f538abbc6f81a257,False,True,True,False,False
AMP,2025-04-24,https://www.sec.gov/Archives/edgar/data/820027/000082002725000040/q12025er.htm,820027,000082002725000040,q12025er.htm,47672,f6996638cb3e3479ea4cb26ecefa657c4d3a417f2cdbda28c408efc770d97257,False,True,True,False,False
AMP,2025-01-29,https://www.sec.gov/Archives/edgar/data/820027/000082002725000003/q42024er.htm,820027,000082002725000003,q42024er.htm,52549,5a5e684cb2ca63059d3f85d17436786d65c68bfa3f9e59997c8d871c5da59236,False,True,True,False,False
AMP,2024-10-23,https://www.sec.gov/Archives/edgar/data/820027/000082002724000084/q32024er.htm,820027,000082002724000084,q32024er.htm,51903,390ed9e9af315db00aba900801da7ae4b9aa8ab8859cc1571f4ee03ec70240e0,False,True,True,False,False
AMP,2024-07-24,https://www.sec.gov/Archives/edgar/data/820027/000082002724000065/q22024er.htm,820027,000082002724000065,q22024er.htm,48123,52c407d38f1b0bf71b95010bb1959b36e7f66ac40fdac4f9a55c85db2f1b3c09,False,True,True,False,False
ADP,2026-07-29,https://www.sec.gov/Archives/edgar/data/8670/000000867026000025/q4fy26exhibit99.htm,8670,000000867026000025,q4fy26exhibit99.htm,37514,c06d71489edb39e6b3c6d6c635252320195fc5d83bb074bd328a40aebe0d4561,False,True,False,False,False
ADP,2026-04-29,https://www.sec.gov/Archives/edgar/data/8670/000000867026000016/q3fy26exhibit99.htm,8670,000000867026000016,q3fy26exhibit99.htm,33770,c07f6da25bfd9aab25d488239554f4839981870fa0ff914b220a2b7b9a822c5a,False,True,False,False,False
ADP,2026-01-28,https://www.sec.gov/Archives/edgar/data/8670/000000867026000006/q2fy26exhibit99.htm,8670,000000867026000006,q2fy26exhibit99.htm,33092,7cdf027c3727e794965540608599391b02116670d585308f8149d48f66d45094,False,True,False,False,False
ADP,2025-10-29,https://www.sec.gov/Archives/edgar/data/8670/000000867025000042/q1fy26exhibit99.htm,8670,000000867025000042,q1fy26exhibit99.htm,30219,67a535333148b2c9ff9021274489b188bdf6393be0e8227af66cc4f09ea3f142,False,True,False,False,False
ADP,2025-07-30,https://www.sec.gov/Archives/edgar/data/8670/000000867025000026/q4fy25exhibit99.htm,8670,000000867025000026,q4fy25exhibit99.htm,34856,13534a6e9fc0b1aa53249c17ac84af2ddfd2600ab74c380e15f81b32b03b6fde,False,True,False,False,False
ADP,2025-04-30,https://www.sec.gov/Archives/edgar/data/8670/000000867025000012/q3fy25exhibit99.htm,8670,000000867025000012,q3fy25exhibit99.htm,31776,32069b5d357647c605002439f58ad689107a2f3d2dd7312efc94c809b61a2867,False,True,False,False,False
ADP,2025-01-29,https://www.sec.gov/Archives/edgar/data/8670/000000867025000003/q2fy25exhibit99.htm,8670,000000867025000003,q2fy25exhibit99.htm,32066,8ec67d857e1ebf5732516d3daf1f00ec9d6e24e50dbcc0528f43485b674631fe,False,True,False,False,False
ADP,2024-10-30,https://www.sec.gov/Archives/edgar/data/8670/000000867024000026/q1fy25exhibit99.htm,8670,000000867024000026,q1fy25exhibit99.htm,31593,b1c390d37987bbcb5f514b4c9fefdbb64b3c59ff6ea88a988702a5817c8b7ef9,False,True,False,False,False
ADP,2024-07-31,https://www.sec.gov/Archives/edgar/data/8670/000000867024000017/q4fy24exhibit99.htm,8670,000000867024000017,q4fy24exhibit99.htm,34848,e2397f76a9b1000dfe6e13a6e7ec4a0148c47fba727855e65bb9e79fd4c7a5e4,False,True,False,False,False
FANG,2026-08-03,https://www.sec.gov/Archives/edgar/data/1539838/000153983826000137/diamondbackex991-8x3x26.htm,1539838,000153983826000137,diamondbackex991-8x3x26.htm,40418,8cb0e402d896d9116650328a2703d3d85f2deb20ba93a770109e1e3c52465129,False,True,True,False,False
FANG,2026-07-13,https://www.sec.gov/Archives/edgar/data/1539838/000153983826000134/R1.htm,1539838,000153983826000134,R1.htm,9361,f64ef7a9777f2230cc47a4711c3f3c394d3c851e2d5589d41855a1c0a296cc85,False,False,False,False,False
FANG,2026-05-04,https://www.sec.gov/Archives/edgar/data/1539838/000153983826000073/diamondbackex991-5x4x26.htm,1539838,000153983826000073,diamondbackex991-5x4x26.htm,39491,728d01378cf9a552fd58d0123a91d48c59d32eb6a61a82374b67dd08e7d32ebd,False,True,False,False,False
FANG,2026-04-13,https://www.sec.gov/Archives/edgar/data/1539838/000153983826000070/R1.htm,1539838,000153983826000070,R1.htm,9361,2c99d8cde86e3e5aa2ea07e3a08a4e23388b8f5b8eb2c99d99da9136587f5ece,False,False,False,False,False
FANG,2026-02-23,https://www.sec.gov/Archives/edgar/data/1539838/000153983826000006/diamondbackex991-2x23x26.htm,1539838,000153983826000006,diamondbackex991-2x23x26.htm,47937,6bfaf2a1bd90a190b7e07118e592b01cdd2f6e13baf9785ea01953bfb3d9f31e,False,True,True,False,False
FANG,2026-01-12,https://www.sec.gov/Archives/edgar/data/1539838/000153983826000003/R1.htm,1539838,000153983826000003,R1.htm,9334,5d031321a64633f6d475474352719dfbc32228f4117a06aa1eae9e9975fa7d97,False,False,False,False,False
FANG,2025-11-03,https://www.sec.gov/Archives/edgar/data/1539838/000153983825000144/diamondbackex991-11x3x25.htm,1539838,000153983825000144,diamondbackex991-11x3x25.htm,42001,38fba9e3c62cdfa08eaaacf61d5f6dd7c06b5015469e72ece09669b742bdbc4d,False,True,True,False,False
FANG,2025-10-09,https://www.sec.gov/Archives/edgar/data/1539838/000153983825000141/R1.htm,1539838,000153983825000141,R1.htm,9334,a223392958447d9b3686c4c2a67cd39e5a01c3404694a652cc8361bf1c9825a9,False,False,False,False,False
FANG,2025-08-04,https://www.sec.gov/Archives/edgar/data/1539838/000153983825000124/diamondbackex991-8x4x25.htm,1539838,000153983825000124,diamondbackex991-8x4x25.htm,38680,796708ea95222f5a7f4c2390e888111ee74c86d7b3832147a93e7344438d41c8,False,True,False,False,False
CAH,2026-08-11,https://www.sec.gov/Archives/edgar/data/721371/000072137126000037/a26q4_x063026xex991xnewsre.htm,721371,000072137126000037,a26q4_x063026xex991xnewsre.htm,43680,988692ee0e09bf66796a8d87c3d6976998fb8ece9c543aefcb63a95102730ec6,False,True,True,False,False
CAH,2026-04-30,https://www.sec.gov/Archives/edgar/data/721371/000072137126000017/a26q3_x033126xex991xnewsre.htm,721371,000072137126000017,a26q3_x033126xex991xnewsre.htm,37339,3abb758f254ac8c5682a080f257dc424a6831dc7cc8db98db83928212649483b,False,True,False,False,False
CAH,2026-02-05,https://www.sec.gov/Archives/edgar/data/721371/000072137126000004/a26q2_x123125xex991xnewsre.htm,721371,000072137126000004,a26q2_x123125xex991xnewsre.htm,34474,9b6192f0492548310c8844bd1df8f0fbc8bc3452ad1b09a3f05d4ff084534d84,False,True,False,False,False
CAH,2025-10-30,https://www.sec.gov/Archives/edgar/data/721371/000072137125000128/a26q1_x093025xex991xnewsre.htm,721371,000072137125000128,a26q1_x093025xex991xnewsre.htm,31862,c2f49bb79684beff0a26d9bf43a465d57b0d1bebe54a17c66e7776c34efa881f,False,True,False,False,False
CAH,2025-08-12,https://www.sec.gov/Archives/edgar/data/721371/000072137125000075/a25q4_x063025xex991xnewsre.htm,721371,000072137125000075,a25q4_x063025xex991xnewsre.htm,41778,325e6066eeda62577a5637f78a92333ec66abbf85a6d6b0bb4db63fde3c0199a,False,True,True,False,False
CAH,2025-05-01,https://www.sec.gov/Archives/edgar/data/721371/000072137125000036/a25q3_x33125xex991xnewsrel.htm,721371,000072137125000036,a25q3_x33125xex991xnewsrel.htm,40155,102e98248dc1b021c1440470685e3c577301723f00b385219faa0bd602bf0055,False,True,True,False,False
CAH,2025-01-30,https://www.sec.gov/Archives/edgar/data/721371/000072137125000009/a25q2_x123124xex991xnewsre.htm,721371,000072137125000009,a25q2_x123124xex991xnewsre.htm,37861,cb74f3370c526a3f0827edb890db2dba08d3a3b82a29cdbf492e67f3866dc2d4,False,True,False,False,False
CAH,2024-11-01,https://www.sec.gov/Archives/edgar/data/721371/000072137124000119/a25q1_x093024xex991xnewsre.htm,721371,000072137124000119,a25q1_x093024xex991xnewsre.htm,33796,d5b4567e874c96c35fd9f75dfb44e5ca05f54d61b44164a3f84c852372d41fde,False,True,False,False,False
CAH,2024-08-14,https://www.sec.gov/Archives/edgar/data/721371/000072137124000054/a24q4_x063024xex991xnewsre.htm,721371,000072137124000054,a24q4_x063024xex991xnewsre.htm,60000,64a62bb21b296f4cc69afe6d33a61a91a4dd245186361eaeeba4f50ed408b29a,True,True,True,False,False
HIG,2026-07-23,https://www.sec.gov/Archives/edgar/data/874766/000087476626000059/ex991earningsnewsrelease63.htm,874766,000087476626000059,ex991earningsnewsrelease63.htm,60000,050e47398ed04a1feff5f8d327acba5fbb74aaa0a93da0e0daca37de9ae46a6e,True,True,True,False,False
HIG,2026-04-23,https://www.sec.gov/Archives/edgar/data/874766/000087476626000036/ex991earningsnewsrelease33.htm,874766,000087476626000036,ex991earningsnewsrelease33.htm,60000,3d9ccbeeb9f8eca7d5dd0ca590d2e29455f75dec3399051dbe432ee1fb72e434,True,True,True,False,False
HIG,2026-01-29,https://www.sec.gov/Archives/edgar/data/874766/000087476626000006/ex991earningsnewsrelease12.htm,874766,000087476626000006,ex991earningsnewsrelease12.htm,60000,c5b042caf65f8c9893586dd1a6cf1f6e7d2b35f47b93e0969bc885909139bf78,True,True,True,False,False
HIG,2025-10-27,https://www.sec.gov/Archives/edgar/data/874766/000087476625000106/ex991earningsnewsrelease93.htm,874766,000087476625000106,ex991earningsnewsrelease93.htm,59440,e2d0307ee8c8c9c5c3cf85dd63d2fb3f57906866f180161514b8a9150721d1e7,False,True,True,False,False
HIG,2025-07-28,https://www.sec.gov/Archives/edgar/data/874766/000087476625000083/ex991earningsnewsrelease63.htm,874766,000087476625000083,ex991earningsnewsrelease63.htm,60000,bc334e4c1877c35528f38079183d8e8618fb3d5bd49cd2217323eeb48cb738c6,True,True,True,False,False
HIG,2025-04-24,https://www.sec.gov/Archives/edgar/data/874766/000087476625000051/ex991earningsnewsrelease33.htm,874766,000087476625000051,ex991earningsnewsrelease33.htm,58794,4ad1c452e14334f33d97e9c0f9c32d85d3fa37be77465df430a601bdf683b4af,False,True,True,False,False
HIG,2025-01-30,https://www.sec.gov/Archives/edgar/data/874766/000087476625000010/ex991earningsnewsrelease12.htm,874766,000087476625000010,ex991earningsnewsrelease12.htm,60000,f50ddf1ec77ec544f0440fcb06dc60a1750be83b10c07b9959badaca76e8ea62,True,True,True,False,False
HIG,2024-10-24,https://www.sec.gov/Archives/edgar/data/874766/000087476624000121/ex991earningsnewsrelease93.htm,874766,000087476624000121,ex991earningsnewsrelease93.htm,60000,92116dbc81cc96e72c91e83814e7483f11aea74d075c607927a7e0252f55e2fd,True,True,True,False,False
HIG,2024-07-25,https://www.sec.gov/Archives/edgar/data/874766/000087476624000107/ex991earningsnewsrelease63.htm,874766,000087476624000107,ex991earningsnewsrelease63.htm,57317,f37f890afaa198cd76519bb8a1919b10f061d0fb572d978d365f2828f33d74ea,False,True,True,False,False
BKNG,2026-08-04,https://www.sec.gov/Archives/edgar/data/1075531/000107553126000036/q2-26bkngearningsrelease.htm,1075531,000107553126000036,q2-26bkngearningsrelease.htm,30723,5bdd3519b3eaa650d69dd89c94488c12a1f91c2090785d27ace991b55f852d6a,False,True,False,False,False
BKNG,2026-04-28,https://www.sec.gov/Archives/edgar/data/1075531/000107553126000024/q1-26bkngearningsrelease.htm,1075531,000107553126000024,q1-26bkngearningsrelease.htm,29780,fcf2f92f6db41c4fae2d75b05860f68c6772d04d78469bed8c7f67a2036be3ee,False,True,False,False,False
BKNG,2026-02-18,https://www.sec.gov/Archives/edgar/data/1075531/000107553126000008/q4-25bkngearningsrelease.htm,1075531,000107553126000008,q4-25bkngearningsrelease.htm,32442,aaaf38bb3643096f364cf0f04143cf9c86589fc0c06a057f2fc579288b948487,False,True,False,False,False
BKNG,2025-10-28,https://www.sec.gov/Archives/edgar/data/1075531/000107553125000050/q3-25bkngearningsrelease.htm,1075531,000107553125000050,q3-25bkngearningsrelease.htm,33657,f79304beca564ac810cf287784a4139820581a4de1b5e3c64013088b9cfc3376,False,True,False,False,False
BKNG,2025-07-29,https://www.sec.gov/Archives/edgar/data/1075531/000107553125000035/bkngq22025earningspressr.htm,1075531,000107553125000035,bkngq22025earningspressr.htm,29234,ad136710933f655a90c8ac4b49434ec4c8d173744d2b986cdcd96b4f21a143a0,False,True,False,False,False
BKNG,2025-04-29,https://www.sec.gov/Archives/edgar/data/1075531/000107553125000021/bkngq12025earningspressr.htm,1075531,000107553125000021,bkngq12025earningspressr.htm,24909,c835bb50d1c099d436ba7450984e3f2a3265e7607c7b24edc137cc818fb3d690,False,True,False,False,False
BKNG,2025-02-20,https://www.sec.gov/Archives/edgar/data/1075531/000107553125000009/bnkgq42024earningspressr.htm,1075531,000107553125000009,bnkgq42024earningspressr.htm,30782,560e926933f9aabf82c861a9f4be81919a2cabdac282ca9244b6363b9c901383,False,True,False,False,False
BKNG,2024-10-30,https://www.sec.gov/Archives/edgar/data/1075531/000107553124000047/ex99193024.htm,1075531,000107553124000047,ex99193024.htm,27813,6a755e995fb56698c65ddc56bb890d225a60ca8f51c9f61d32f044f3d6bffdac,False,True,False,False,False
BKNG,2024-08-01,https://www.sec.gov/Archives/edgar/data/1075531/000107553124000039/ex99163024.htm,1075531,000107553124000039,ex99163024.htm,21611,5f8e73d9bf1e3fa05e57e71c0d54dbaa854ab96018988ed739b77c21e8e47b8d,False,True,False,False,False
MA,2026-07-30,https://www.sec.gov/Archives/edgar/data/1141391/000114139126000081/ma06302026-exx991xearnings.htm,1141391,000114139126000081,ma06302026-exx991xearnings.htm,38937,204656f0505cbed5473ae0d8c1c73c2da0f94bed3ae2ff3e7bcf500c27e1ddc5,False,True,False,False,False
MA,2026-04-30,https://www.sec.gov/Archives/edgar/data/1141391/000114139126000029/ma03312026-exx991xearnings.htm,1141391,000114139126000029,ma03312026-exx991xearnings.htm,28103,7fdc77b088323eb400a3272d1338e1530995c0142e6cb8f37212965f7bd9bc7c,False,True,False,False,False
MA,2026-01-29,https://www.sec.gov/Archives/edgar/data/1141391/000114139126000003/ma12312025-exx991xearnings.htm,1141391,000114139126000003,ma12312025-exx991xearnings.htm,40440,a0b40f3835e6f13478b40489d33f87b4ab570b9499462be73b5c9da5ffc7716f,False,True,True,False,False
MA,2025-10-30,https://www.sec.gov/Archives/edgar/data/1141391/000114139125000191/ma09302025-exx991xearnings.htm,1141391,000114139125000191,ma09302025-exx991xearnings.htm,40216,96ac51d3c34d5d09eae154a6e8a190e64a8ba7ca06b3e102b574f54e74d28150,False,True,True,False,False
MA,2025-07-31,https://www.sec.gov/Archives/edgar/data/1141391/000114139125000170/ma06302025-exx991xearnings.htm,1141391,000114139125000170,ma06302025-exx991xearnings.htm,38342,37c6a7f9028b8c8048dc396a3e4dc3d50c7168fd6b2780634a0852ada062a840,False,True,False,False,False
MA,2025-05-01,https://www.sec.gov/Archives/edgar/data/1141391/000114139125000088/ma03312025-exx991xearnings.htm,1141391,000114139125000088,ma03312025-exx991xearnings.htm,28612,8880b4905b8ea14b87fec7022e11c6650dd14cde25b3efdd477cb92e6389efd6,False,True,False,False,False
MA,2025-01-30,https://www.sec.gov/Archives/edgar/data/1141391/000114139125000003/ma12312024-exx991xearnings.htm,1141391,000114139125000003,ma12312024-exx991xearnings.htm,39196,30e78fb0626a40ab3787f9b3ec306c20fce1328ee848a4b2fe5f5e49c2dd7605,False,True,False,False,False
MA,2024-10-31,https://www.sec.gov/Archives/edgar/data/1141391/000114139124000200/ma09302024-exx991xearnings.htm,1141391,000114139124000200,ma09302024-exx991xearnings.htm,39215,c15661e405ed96b949afe0a8a964da28577e14aa200a8b65382caf580adf06c4,False,True,False,False,False
MA,2024-07-31,https://www.sec.gov/Archives/edgar/data/1141391/000114139124000159/ma06302024-exx991xearnings.htm,1141391,000114139124000159,ma06302024-exx991xearnings.htm,37820,d5d111cf912ebdd98998317e54e029964d6365e15709ba670be7075c5dac3ea7,False,True,False,False,False
CL,2026-07-31,https://www.sec.gov/Archives/edgar/data/21665/000002166526000041/q22026pressreleasetables.htm,21665,000002166526000041,q22026pressreleasetables.htm,33597,66979127f1c41e014ed32360de809c800bdbfd7609d247e65bb514b5927b8dd7,False,True,False,False,False
CL,2026-05-01,https://www.sec.gov/Archives/edgar/data/21665/000002166526000022/q12026pressreleasetables.htm,21665,000002166526000022,q12026pressreleasetables.htm,27608,c62d5719cedfbdc56901dc5ae91ff772826a1fabf2b678238fd1215802d2ac3d,False,True,False,False,False
CL,2026-01-30,https://www.sec.gov/Archives/edgar/data/21665/000002166526000003/a4q2025pressreleasetables.htm,21665,000002166526000003,a4q2025pressreleasetables.htm,36486,c708660049eb902ba1ba12d7c3f3501736a21fe9b259b0e33226f8465b252c87,False,True,False,False,False
CL,2025-10-31,https://www.sec.gov/Archives/edgar/data/21665/000002166525000052/q32025pressreleasetables.htm,21665,000002166525000052,q32025pressreleasetables.htm,32184,540aa295696decefe6b19c0c1cc8e7c64e204f77d1cd0d8593ab103340e1e5c0,False,True,False,False,False
CL,2025-08-01,https://www.sec.gov/Archives/edgar/data/21665/000002166525000040/q22025pressreleasetables.htm,21665,000002166525000040,q22025pressreleasetables.htm,33738,25ecff554e75e1cdb2035523aa4feafd383439176c2a3b45441fdc3ab7e55774,False,True,False,False,False
CL,2025-04-25,https://www.sec.gov/Archives/edgar/data/21665/000002166525000019/q12025pressreleasetables.htm,21665,000002166525000019,q12025pressreleasetables.htm,25520,80e906bcd749e744c526245daf6eadf0ae6c1500ed0da59f4f1bf1e995351e32,False,True,False,False,False
CL,2025-01-31,https://www.sec.gov/Archives/edgar/data/21665/000002166525000005/a4q2024pressreleasetables.htm,21665,000002166525000005,a4q2024pressreleasetables.htm,33896,4e27c4af0a0186d7b7179ed1d796b7b45ca38e67f28312d50751b6d39260b4ed,False,True,False,False,False
CL,2024-07-26,https://www.sec.gov/Archives/edgar/data/21665/000002166524000029/q22024pressreleasetables.htm,21665,000002166524000029,q22024pressreleasetables.htm,31944,3a800ead7b258654022e3bb5ad22e0a50f5992cbe0f57269a8fce0093aa3b301,False,True,False,False,False
ADSK,2026-08-27,https://www.sec.gov/Archives/edgar/data/769397/000076939726000059/q227pressrelease.htm,769397,000076939726000059,q227pressrelease.htm,29564,2c454ac958887d5f1baa9fd8e2fc6dd26c6fd529c3996e8fc70942559d61f1c8,False,True,False,False,False
ADSK,2026-05-28,https://www.sec.gov/Archives/edgar/data/769397/000076939726000041/q127pressrelease.htm,769397,000076939726000041,q127pressrelease.htm,28935,798638cd36ac5a20fb2c4cb360aed568d9b4f7349409f1abebf2638f9fb0dd0e,False,True,False,False,False
ADSK,2026-02-26,https://www.sec.gov/Archives/edgar/data/769397/000076939726000010/q426pressrelease.htm,769397,000076939726000010,q426pressrelease.htm,31381,ec2cb2b957b68cb83a812c0022f9b2f4ac676536f2f0166ae1bd0f0b1969cd84,False,True,False,False,False
ADSK,2025-11-25,https://www.sec.gov/Archives/edgar/data/769397/000076939725000126/q326pressrelease.htm,769397,000076939725000126,q326pressrelease.htm,29133,85d7fcc8110a70715bb3a2b90a295b8570a4c74e89ac516ae1ca059a137a040f,False,True,False,False,False
ADSK,2025-08-28,https://www.sec.gov/Archives/edgar/data/769397/000076939725000114/q226pressrelease.htm,769397,000076939725000114,q226pressrelease.htm,30288,331d298222a3e1dc8828f32b212ea3d62fddd66d80d695f4fef9ae4faf6b7a93,False,True,False,False,False
ADSK,2025-05-22,https://www.sec.gov/Archives/edgar/data/769397/000076939725000067/q126pressrelease.htm,769397,000076939725000067,q126pressrelease.htm,28687,f8d0a93e85e0ae2f7c70b8410a6d459a7bd0aa4f974ce8c4b34902fb290134cb,False,True,False,False,False
ADSK,2025-02-27,https://www.sec.gov/Archives/edgar/data/769397/000076939725000013/q425pressrelease.htm,769397,000076939725000013,q425pressrelease.htm,36650,d916f8ecc600a5b4bd0fbb2489299b426bc10bb6cdb1d0011c016c1dbab2ff6d,False,True,False,False,False
ADSK,2024-11-26,https://www.sec.gov/Archives/edgar/data/769397/000076939724000175/q325pressrelease.htm,769397,000076939724000175,q325pressrelease.htm,31861,6e5612d3b2360bf1ee352200ade489fac40afd17269eaecd0ccb4c771fcdba37,False,True,False,False,False
ADSK,2024-08-29,https://www.sec.gov/Archives/edgar/data/769397/000076939724000147/q225pressrelease.htm,769397,000076939724000147,q225pressrelease.htm,32010,96d65fef1a943e04c710df98d699b933ea44414544ff58b57a596f9e32d18114,False,True,False,False,False
MDT,2026-09-01,https://www.sec.gov/Archives/edgar/data/1613103/000162828026059697/exhibit991-fy27q1earningsr.htm,1613103,000162828026059697,exhibit991-fy27q1earningsr.htm,32883,cb8437eda590edaefdeddf63fb14c81b209241c077be5d9708f06fa5b2226278,False,True,False,False,False
MDT,2026-06-03,https://www.sec.gov/Archives/edgar/data/1613103/000162828026040034/exhibit991-fy26q4earningsr.htm,1613103,000162828026040034,exhibit991-fy26q4earningsr.htm,43149,45f3c62289e569b87175d9a43473276a8e46588093a474f6af732df892d738c3,False,True,True,False,False
MDT,2026-02-17,https://www.sec.gov/Archives/edgar/data/1613103/000162828026008300/exhibit991-fy26q3earningsr.htm,1613103,000162828026008300,exhibit991-fy26q3earningsr.htm,34630,cc8ade970d11e7e6776bf2de8672b0341d3f8acfe37a25cec19313f108fafbf3,False,True,False,False,False
MDT,2025-11-18,https://www.sec.gov/Archives/edgar/data/1613103/000162828025052771/exhibit991-fy26q2earningsr.htm,1613103,000162828025052771,exhibit991-fy26q2earningsr.htm,35389,9ec47753c13fb0cf9bcc43c199068b1299368359ae5e7b8391b56849f4059c47,False,True,False,False,False
MDT,2025-08-19,https://www.sec.gov/Archives/edgar/data/1613103/000161310325000141/exhibit992-pressrelease819.htm,1613103,000161310325000141,exhibit992-pressrelease819.htm,8532,ed7780d26e3964b2bcefed91562faaf730ee1a01a6594096a74d2490cb8ea1fd,False,False,False,False,False
MDT,2025-05-21,https://www.sec.gov/Archives/edgar/data/1613103/000161310325000078/exhibit991-fy25q4earningsr.htm,1613103,000161310325000078,exhibit991-fy25q4earningsr.htm,47697,b1d463e808d4723f8ed3a4be58f339270d7ea5df21aaa5eea93fa9ea98e12a80,False,True,True,False,False
MDT,2025-02-18,https://www.sec.gov/Archives/edgar/data/1613103/000161310325000019/exhibit991-fy25q3earningsr.htm,1613103,000161310325000019,exhibit991-fy25q3earningsr.htm,38206,2be1cbea954bd12cbd4b07bae6042a6255bc213eb010936edbea9489eb269fcd,False,True,False,False,False
MDT,2024-11-19,https://www.sec.gov/Archives/edgar/data/1613103/000161310324000162/exhibit991-fy25q2earningsr.htm,1613103,000161310324000162,exhibit991-fy25q2earningsr.htm,38966,d32664c8c975d4fa5ced61b99f30cf4f9dccda159ba8f22ecbf032bc269af195,False,True,False,False,False
MDT,2024-08-20,https://www.sec.gov/Archives/edgar/data/1613103/000161310324000140/exhibit991-fy25q1earningsr.htm,1613103,000161310324000140,exhibit991-fy25q1earningsr.htm,29884,0077c9870dab1c69f146308b191547d8dd44bb07607a643b1db7c3faf6b99d2c,False,True,False,False,False
PAYX,2026-09-23,https://www.sec.gov/Archives/edgar/data/723531/000072353126000004/payx-ex99_1.htm,723531,000072353126000004,payx-ex99_1.htm,21031,044a8657c62a29e67f613586b405e409ffe8838b6faf7571c51a725857da5c09,False,True,False,False,False
PAYX,2026-06-24,https://www.sec.gov/Archives/edgar/data/723531/000119312526280314/payx-ex99_1.htm,723531,000119312526280314,payx-ex99_1.htm,26990,19416151d1b37e3ae3bc6b67943fdb0bc98e3015208130dd954a1c7adf335718,False,True,False,False,False
PAYX,2026-03-25,https://www.sec.gov/Archives/edgar/data/723531/000119312526122887/payx-ex99_1.htm,723531,000119312526122887,payx-ex99_1.htm,25756,3a3c2809a4765f63cabd66d304c4022cc9ae036f6cb14de5b87da1da343925b2,False,True,False,False,False
PAYX,2025-12-19,https://www.sec.gov/Archives/edgar/data/723531/000119312525325838/payx-ex99_1.htm,723531,000119312525325838,payx-ex99_1.htm,25568,e9dfdfae6d003ff6a3cd80e8776884de6e34d67a818f1c4f883572800641fb3d,False,True,False,False,False
PAYX,2025-09-30,https://www.sec.gov/Archives/edgar/data/723531/000119312525224146/payx-ex99_1.htm,723531,000119312525224146,payx-ex99_1.htm,22841,632be8f0422efb7d8252fd53e86cdf51795aca3ac5734b003eee115e7341cdcc,False,True,False,False,False
PAYX,2025-06-25,https://www.sec.gov/Archives/edgar/data/723531/000095017025089743/payx-ex99_1.htm,723531,000095017025089743,payx-ex99_1.htm,27922,4b47cf831ebc21e7abe6a54510215d0a4921ffe36cfa3e229c1acf788183b4c9,False,True,False,False,False
PAYX,2025-03-26,https://www.sec.gov/Archives/edgar/data/723531/000095017025044818/payx-ex99_1.htm,723531,000095017025044818,payx-ex99_1.htm,26686,74787bb941a9468d532f2eb915ffd76ba99da78faeed375ad1ebbfaa2fa3790c,False,True,False,False,False
PAYX,2024-12-19,https://www.sec.gov/Archives/edgar/data/723531/000095017024138255/payx-ex99_1.htm,723531,000095017024138255,payx-ex99_1.htm,22155,c9e73394f6bd32052442294498cb4c675baba51ceb898bbf52dc46dc714047e1,False,True,False,False,False
PAYX,2024-10-01,https://www.sec.gov/Archives/edgar/data/723531/000095017024110559/payx-ex99_1.htm,723531,000095017024110559,payx-ex99_1.htm,21679,4ce0f98c1fb9c9207a08e90afa2295d0ab3ebbfef266d8ac8585e83df091b079,False,True,False,False,False
EOG,2026-08-04,https://www.sec.gov/Archives/edgar/data/821189/000082118926000147/exh99-1080426.htm,821189,000082118926000147,exh99-1080426.htm,53382,b7cc7b2df6f9427c26ca46cc45982341670ada6f64c9147324ef62874e0aea5e,False,True,True,False,False
EOG,2026-07-09,https://www.sec.gov/Archives/edgar/data/821189/000082118926000140/R1.htm,821189,000082118926000140,R1.htm,9157,eb8bf0a0b410c9692c4f1b6cbe3e9a191c8e83cf3ac805bee60f64bbfdc39dbb,False,False,False,False,False
EOG,2026-05-05,https://www.sec.gov/Archives/edgar/data/821189/000082118926000102/exh99-1050526.htm,821189,000082118926000102,exh99-1050526.htm,52557,e89b242ed4fa7793aad35d6c16ebee447f84da79b8b8a6079e83f3ddc6e454e3,False,True,True,False,False
EOG,2026-04-09,https://www.sec.gov/Archives/edgar/data/821189/000082118926000078/R1.htm,821189,000082118926000078,R1.htm,9157,416bf7c8ed311320d1ea092b6763e7a066e2a056973210a7aa14e69449e11a5e,False,False,False,False,False
EOG,2026-02-24,https://www.sec.gov/Archives/edgar/data/821189/000082118926000052/exh99-1022426.htm,821189,000082118926000052,exh99-1022426.htm,60000,14c4395335c540c74b1d8fcf03dd4fff3fea36ad671ab26dce57252f93325eda,True,True,True,False,False
EOG,2026-01-12,https://www.sec.gov/Archives/edgar/data/821189/000082118926000012/R1.htm,821189,000082118926000012,R1.htm,9157,e814e47054cdb22415ceb263e0ee27628f196610d9f190b7088db94404202d49,False,False,False,False,False
EOG,2025-11-06,https://www.sec.gov/Archives/edgar/data/821189/000082118925000129/exh99-1110625.htm,821189,000082118925000129,exh99-1110625.htm,50800,e2f86105e56e9620fe1ecce0323bcfb72784ac14f761a8fd8aa927e8b14ecd86,False,True,True,False,False
EOG,2025-10-08,https://www.sec.gov/Archives/edgar/data/821189/000082118925000101/R1.htm,821189,000082118925000101,R1.htm,9157,2030706f2ff98dfb2d8884d8a2d97b23cd1aabb2732f20defa797969ddc53da5,False,False,False,False,False
EOG,2025-08-07,https://www.sec.gov/Archives/edgar/data/821189/000082118925000069/exh99-1080725.htm,821189,000082118925000069,exh99-1080725.htm,49257,6598d60f4e5d63c574f933130d36524137e328d05d99e212b1f89c03717ea31f,False,True,True,False,False
TPR,2026-08-13,https://www.sec.gov/Archives/edgar/data/1116132/000114036126032624/ef20079840_ex99-1.htm,1116132,000114036126032624,ef20079840_ex99-1.htm,41764,736e449d3a557b6bbeb3821f0d5005d949a98f942cdacca1f5e2cfb441079303,False,True,True,False,False
TPR,2026-05-07,https://www.sec.gov/Archives/edgar/data/1116132/000114036126019428/ef20072115_ex99-1.htm,1116132,000114036126019428,ef20072115_ex99-1.htm,38002,e54424e4c439bc5d0bd9cd6064718c2d41c8b10eb894387e8d2faa283971b507,False,True,False,False,False
TPR,2026-02-05,https://www.sec.gov/Archives/edgar/data/1116132/000114036126003783/ef20064297_ex99-1.htm,1116132,000114036126003783,ef20064297_ex99-1.htm,37229,3ea5c3c56de714450b792bf533024582b0717d74cb9dee23d8d132afcd10b4d8,False,True,False,False,False
TPR,2025-11-06,https://www.sec.gov/Archives/edgar/data/1116132/000114036125040658/ef20058309_ex99-1.htm,1116132,000114036125040658,ef20058309_ex99-1.htm,34490,d63dddb5132950693002d111e85a963b191512a313804de6442119060e9f6d91,False,True,False,False,False
TPR,2025-08-14,https://www.sec.gov/Archives/edgar/data/1116132/000114036125031018/ef20053800_ex99-1.htm,1116132,000114036125031018,ef20053800_ex99-1.htm,40970,8b568e9020173215b8175933ac71ab9b3e7db01b86af8360a42f5f5957b0d0bd,False,True,True,False,False
TPR,2025-05-08,https://www.sec.gov/Archives/edgar/data/1116132/000114036125017853/ef20048446_ex99-1.htm,1116132,000114036125017853,ef20048446_ex99-1.htm,35367,0a0b176344e0cb4c1f8487128d7f254aab3fcad0dfe177b106286bcf686318e7,False,True,False,False,False
TPR,2025-02-06,https://www.sec.gov/Archives/edgar/data/1116132/000114036125003264/ef20042835_ex99-1.htm,1116132,000114036125003264,ef20042835_ex99-1.htm,34537,ce046e192c33f28ff1ad713f5dc8820ce4a476a7913a914e8fdfa39ff1f4bc38,False,True,False,False,False
TPR,2024-11-07,https://www.sec.gov/Archives/edgar/data/1116132/000114036124045498/ef20037911_ex99-1.htm,1116132,000114036124045498,ef20037911_ex99-1.htm,26199,8d7ed0146997657158a92855c44f35a89404b87f52e26e194724b49de284ebf1,False,True,False,False,False
TPR,2024-08-15,https://www.sec.gov/Archives/edgar/data/1116132/000114036124037418/ef20034103_ex99-1.htm,1116132,000114036124037418,ef20034103_ex99-1.htm,32247,80d394547d44d766aacb0c98ff3bf4ee23a8325495ac62d7d9c7a2b617664ebf,False,True,False,False,False
ABNB,2026-08-06,https://www.sec.gov/Archives/edgar/data/1559720/000119312526337928/d70413dex991.htm,1559720,000119312526337928,d70413dex991.htm,50987,dfa502b3ae37a39e894804dc4bb8c203193382c785cc55a62eb6b515d4774c09,False,True,True,False,False
ABNB,2026-05-07,https://www.sec.gov/Archives/edgar/data/1559720/000119312526211816/d23351dex991.htm,1559720,000119312526211816,d23351dex991.htm,45566,42898fec48199de0ad0a4200834d0c19bee6da3e83b10204f9cc8aa31591004f,False,True,True,False,False
ABNB,2026-02-12,https://www.sec.gov/Archives/edgar/data/1559720/000119312526048670/d58192dex991.htm,1559720,000119312526048670,d58192dex991.htm,44025,da0b43c3a9bc811bc43ca156bc0cd70f0c6422dd7ebc1cec84bcb74ad331976b,False,True,True,False,False
ABNB,2025-11-06,https://www.sec.gov/Archives/edgar/data/1559720/000119312525269432/d40503dex991.htm,1559720,000119312525269432,d40503dex991.htm,49118,af814de700256c163b0e692f9e758a77bf951341a15a7fbfac78d29230ad499a,False,True,True,False,False
ABNB,2025-08-06,https://www.sec.gov/Archives/edgar/data/1559720/000119312525174438/d17531dex991.htm,1559720,000119312525174438,d17531dex991.htm,48710,d639bd50f2d3b86529556d0a1f235209ffbb84cf7df5b37c75671113d591d9bf,False,True,True,False,False
ABNB,2025-05-01,https://www.sec.gov/Archives/edgar/data/1559720/000119312525109934/d40594dex991.htm,1559720,000119312525109934,d40594dex991.htm,45830,0e8a0055e2f93375a6000e21ba33f14ea191f91eb491df55ac83ee72c8f91c0f,False,True,True,False,False
ABNB,2025-02-13,https://www.sec.gov/Archives/edgar/data/1559720/000119312525026054/d915198dex991.htm,1559720,000119312525026054,d915198dex991.htm,54759,baa4c8956bdcdd01c04f9021998116dd8f33066bd1e25c3c401b27b9c609e071,False,True,True,False,False
ABNB,2024-11-07,https://www.sec.gov/Archives/edgar/data/1559720/000119312524253103/d886752dex991.htm,1559720,000119312524253103,d886752dex991.htm,54381,4791322b1784559a4b539f292c996391c759b1357aca12a66f4ac41fe1865e69,False,True,True,False,False
ABNB,2024-08-06,https://www.sec.gov/Archives/edgar/data/1559720/000119312524194849/d831385dex991.htm,1559720,000119312524194849,d831385dex991.htm,52982,37a5cfe7ae024c88e07d77a4f1a1dfa2a8d1dbb7e30c61abff0aef007d0f9383,False,True,True,False,False
SNA,2026-07-23,https://www.sec.gov/Archives/edgar/data/91440/000009144026000141/q22026pressreleaseforpress.htm,91440,000009144026000141,q22026pressreleaseforpress.htm,25176,c5b13e2978206825fdc129ec9b85c31c64d8f92dc60732d47f92b16b7860802e,False,True,False,False,False
SNA,2026-04-23,https://www.sec.gov/Archives/edgar/data/91440/000009144026000106/q12026pressreleaseforpress.htm,91440,000009144026000106,q12026pressreleaseforpress.htm,21346,b91bb1ee222a9ddac8f24bf07e2af7753f2d975ad495c96f2fc19686be22a3e9,False,True,False,False,False
SNA,2026-02-05,https://www.sec.gov/Archives/edgar/data/91440/000009144026000008/q42025pressreleaseforpress.htm,91440,000009144026000008,q42025pressreleaseforpress.htm,26003,419b38278189293a4288fce9362c2da368e05c67419558c86713dd0e0fcd71fd,False,True,False,False,False
SNA,2025-10-16,https://www.sec.gov/Archives/edgar/data/91440/000009144025000078/q32025pressreleaseforpress.htm,91440,000009144025000078,q32025pressreleaseforpress.htm,25685,d23c583245e0572187a419a501f6a16a1422763188d5614e3e02f6a0b4f047e0,False,True,False,False,False
SNA,2025-07-17,https://www.sec.gov/Archives/edgar/data/91440/000009144025000061/q22025pressreleaseforpress.htm,91440,000009144025000061,q22025pressreleaseforpress.htm,25274,404aa319751943f1a7740eafa50fffa568d5d1de5e2f313914aeaac6471b3431,False,True,False,False,False
SNA,2025-04-17,https://www.sec.gov/Archives/edgar/data/91440/000009144025000028/q12025pressreleaseforpress.htm,91440,000009144025000028,q12025pressreleaseforpress.htm,21391,f36c850b0a707b8a39ef42997b3ca81dbcd2199816f3bda118a9688ee1c5b82a,False,True,False,False,False
SNA,2025-02-06,https://www.sec.gov/Archives/edgar/data/91440/000009144025000005/q42024pressreleaseforfiling.htm,91440,000009144025000005,q42024pressreleaseforfiling.htm,25585,859e2d1cb3080accb421edc1c85bbc9ca19883859c1aedc145cdc1a2d5694aae,False,True,False,False,False
SNA,2024-10-17,https://www.sec.gov/Archives/edgar/data/91440/000009144024000059/q32024pressreleaseforfiling.htm,91440,000009144024000059,q32024pressreleaseforfiling.htm,24854,48bebdb86c54d247e01ee4626254c8d422239f3f2cb8680b43e2c0a3daadafc2,False,True,False,False,False
SNA,2024-07-18,https://www.sec.gov/Archives/edgar/data/91440/000009144024000048/q22024pressreleaseforpress.htm,91440,000009144024000048,q22024pressreleaseforpress.htm,25043,32676494ff97efb7d4237cee269e9bbba9755d747e3260e58032d29fc08ea52f,False,True,False,False,False
EBAY,2026-08-05,https://www.sec.gov/Archives/edgar/data/1065088/000106508826000174/exhibit991erebayq22026.htm,1065088,000106508826000174,exhibit991erebayq22026.htm,38730,e51c47dce0c7478b489f272f17ae5432628132b26f8af65a7d74ec0b24d25a5c,False,True,False,False,False
EBAY,2026-04-29,https://www.sec.gov/Archives/edgar/data/1065088/000106508826000092/exhibit991erebayq12026.htm,1065088,000106508826000092,exhibit991erebayq12026.htm,36326,7dbc006bf78b7f4d368be7117026877403bfe363ebf6fc31fa069172ec74f688,False,True,False,False,False
EBAY,2026-02-18,https://www.sec.gov/Archives/edgar/data/1065088/000106508826000017/exhibit991erebayq42025.htm,1065088,000106508826000017,exhibit991erebayq42025.htm,41486,1f6481df1f673ab5265ad164ab9b21a90700d9a570d46a412a664bf5ca45e348,False,True,True,False,False
EBAY,2025-10-29,https://www.sec.gov/Archives/edgar/data/1065088/000106508825000124/exhibit991erebayq32025.htm,1065088,000106508825000124,exhibit991erebayq32025.htm,37789,709cf3768e8f3a503cc63e20724d93aaefd1b20f56b9e41bbe2329bb76f6c3ca,False,True,False,False,False
EBAY,2025-07-30,https://www.sec.gov/Archives/edgar/data/1065088/000106508825000075/exhibit991erebayq22025.htm,1065088,000106508825000075,exhibit991erebayq22025.htm,35409,61d33bd19a3776d8bf7abe78da534ed6a0051ff7390c0559c82e94fb4d8eede8,False,True,False,False,False
EBAY,2025-04-30,https://www.sec.gov/Archives/edgar/data/1065088/000106508825000058/exhibit991erebayq12025.htm,1065088,000106508825000058,exhibit991erebayq12025.htm,33171,b20fc588ba5d16fc593cf2a6a5b47c9e9fdbf5ec35f5164121cff08c54636295,False,True,False,False,False
EBAY,2025-02-26,https://www.sec.gov/Archives/edgar/data/1065088/000106508825000034/exhibit991erebayq42024.htm,1065088,000106508825000034,exhibit991erebayq42024.htm,36532,899a5476a35bf1d3bcb20b7c56458e49648341542f3674cffa81cd6659160447,False,True,False,False,False
EBAY,2024-10-30,https://www.sec.gov/Archives/edgar/data/1065088/000106508824000196/exhibit991erebayq32024.htm,1065088,000106508824000196,exhibit991erebayq32024.htm,35729,56f149297313deabf91b8b0de24629d17db2f30206d55ec4c2003141907cbd1a,False,True,False,False,False
EBAY,2024-07-31,https://www.sec.gov/Archives/edgar/data/1065088/000106508824000143/exhibit991erebayq22024.htm,1065088,000106508824000143,exhibit991erebayq22024.htm,36349,5571c593d7fe396ca750620ce14d41185dd97fc1afa0a37f8fdfcc54f49bbd67,False,True,False,False,False
RL,2026-08-06,https://www.sec.gov/Archives/edgar/data/1037038/000162828026053896/rl-20260627ex991xpressrele.htm,1037038,000162828026053896,rl-20260627ex991xpressrele.htm,40712,7ec6598c73009f624cadc670a4f37eb1b790c029a4593cd4d71beb017cd32c8f,False,True,True,False,False
RL,2026-05-21,https://www.sec.gov/Archives/edgar/data/1037038/000162828026037053/rl-20260328xex991xpressrel.htm,1037038,000162828026037053,rl-20260328xex991xpressrel.htm,48025,00a92ceba1407e98b1b8beef8fbc888838bb06b76ca54b7f155643cfe06d1a33,False,True,True,False,False
RL,2026-02-05,https://www.sec.gov/Archives/edgar/data/1037038/000162828026005615/rl-20251227ex991xpressrele.htm,1037038,000162828026005615,rl-20251227ex991xpressrele.htm,42913,60cc03f823f39fca1806734b8f715e79b07a4fa8cfa39fe6f4f2c8a3ba7f03a1,False,True,True,False,False
RL,2025-11-06,https://www.sec.gov/Archives/edgar/data/1037038/000162828025049886/rl-20250927ex991xpressrele.htm,1037038,000162828025049886,rl-20250927ex991xpressrele.htm,42653,334e092cc1a49fbc09ee73837ac8abf3dcdc82cae33bd2ef876e7cc4fc93f09e,False,True,True,False,False
RL,2025-08-07,https://www.sec.gov/Archives/edgar/data/1037038/000103703825000016/rl-20250628ex991xpressrele.htm,1037038,000103703825000016,rl-20250628ex991xpressrele.htm,39859,c6b503efc9269af905b3aa2badcef1e446482014c0933fea59f4870cfa763bea,False,True,False,False,False
RL,2025-05-22,https://www.sec.gov/Archives/edgar/data/1037038/000103703825000010/rl-20250329xex991xpressrel.htm,1037038,000103703825000010,rl-20250329xex991xpressrel.htm,49892,b8c2057921f74a94e753ddba0b7c6ed7271e44d3fb7ba2b514e58d15c63be532,False,True,True,False,False
RL,2025-02-06,https://www.sec.gov/Archives/edgar/data/1037038/000103703825000005/rl-20241228ex991xpressrele.htm,1037038,000103703825000005,rl-20241228ex991xpressrele.htm,47093,fc3cb502a92abab7da0c95f0729bf9d5fd0223634c9328704ef2936daf6c2f0b,False,True,True,False,False
RL,2024-11-07,https://www.sec.gov/Archives/edgar/data/1037038/000103703824000027/rl-20240928ex991xpressrele.htm,1037038,000103703824000027,rl-20240928ex991xpressrele.htm,47841,0f4d95c7be88df2cd540a7719bbe8fc769c374ce0e93002e3dda8fcfca9436b7,False,True,True,False,False
RL,2024-08-07,https://www.sec.gov/Archives/edgar/data/1037038/000103703824000020/rl-20240629ex991xpressrele.htm,1037038,000103703824000020,rl-20240629ex991xpressrele.htm,41068,42e8e8753787f9f6426ea795eb0f78da7edfc6bb078e5464ee29c58f1ca78c74,False,True,True,False,False
AME,2026-08-04,https://www.sec.gov/Archives/edgar/data/1037868/000103786826000173/ametek8kexhibit99108042026.htm,1037868,000103786826000173,ametek8kexhibit99108042026.htm,19088,6b9743bd2089cb5fa868ba6f2cf923c241c510cb1229472c603d27ce0ffc9af7,False,True,False,False,False
AME,2026-04-30,https://www.sec.gov/Archives/edgar/data/1037868/000103786826000141/ametek8kexhibit99104302026.htm,1037868,000103786826000141,ametek8kexhibit99104302026.htm,14409,014f2fc98eac4e47926eed92592b70a435e1b3eaf77657e4e2943a71c04d72b0,False,False,False,False,False
AME,2026-02-03,https://www.sec.gov/Archives/edgar/data/1037868/000103786826000006/ametek8kex99202-03x2026.htm,1037868,000103786826000006,ametek8kex99202-03x2026.htm,2177,3eb7ec58c949a21523720c5e1e71ea7e4fefe43a55b3d42fc8f08d10a0bb46a5,False,False,False,False,False
AME,2025-10-30,https://www.sec.gov/Archives/edgar/data/1037868/000103786825000075/ametek8kexhibit991103025.htm,1037868,000103786825000075,ametek8kexhibit991103025.htm,13529,3e83b19f6bc699f7f8fc4813f83c68a55467f0b3c9e330e0da8e7ab758cb5b42,False,False,False,False,False
AME,2025-07-31,https://www.sec.gov/Archives/edgar/data/1037868/000103786825000055/ametek8kexhibit99173125.htm,1037868,000103786825000055,ametek8kexhibit99173125.htm,11306,60cb652bc8d2792c12ed5710b3198341758abd27600f87ac04432e5c0906abc4,False,False,False,False,False
AME,2025-05-01,https://www.sec.gov/Archives/edgar/data/1037868/000103786825000037/ametek8kexhibit9915125.htm,1037868,000103786825000037,ametek8kexhibit9915125.htm,11268,703afa52371a9f0b5bd3ab58b856251354a02e15385122887da8888ef31eca1a,False,False,False,False,False
AME,2025-02-04,https://www.sec.gov/Archives/edgar/data/1037868/000103786825000004/ametek8kexhibit9912-4x25.htm,1037868,000103786825000004,ametek8kexhibit9912-4x25.htm,12634,6c320e93d7adc0cc5bb1ff46da25108a2cd4e1b7edbd365e47926fe3ce99da47,False,False,False,False,False
AME,2024-10-31,https://www.sec.gov/Archives/edgar/data/1037868/000103786824000051/ametek8kexhibit99110-31x24.htm,1037868,000103786824000051,ametek8kexhibit99110-31x24.htm,11337,e6cef4e3fd557fb7308db86983165302d9563a77b5935849a566b3ef3da5bb2c,False,False,False,False,False
AME,2024-08-01,https://www.sec.gov/Archives/edgar/data/1037868/000103786824000045/ametek8kexhibit9918-1x24.htm,1037868,000103786824000045,ametek8kexhibit9918-1x24.htm,11551,dc08efeec126317683cfeb08c300a946e3b69ebf01f51bf9a9537e650f76dfae,False,False,False,False,False
MSFT,2026-07-29,https://www.sec.gov/Archives/edgar/data/789019/000119312526323632/msft-ex99_1.htm,789019,000119312526323632,msft-ex99_1.htm,23630,881fdd4f85903c1d597e08f4328033e724fa25d8614d5087af674648f6d55b1c,False,True,False,False,False
MSFT,2026-04-29,https://www.sec.gov/Archives/edgar/data/789019/000119312526191457/msft-ex99_1.htm,789019,000119312526191457,msft-ex99_1.htm,20139,2cb57e21daa9cb6ba25c0060e596c731e8d2868d63e2342dfbc9add834d057d5,False,True,False,False,False
MSFT,2026-01-28,https://www.sec.gov/Archives/edgar/data/789019/000119312526027198/msft-ex99_1.htm,789019,000119312526027198,msft-ex99_1.htm,20499,a053f68fd06c0242e953c6fac1411c962079a5e6ce75c4094520eda1d2f5ac2d,False,True,False,False,False
MSFT,2025-10-29,https://www.sec.gov/Archives/edgar/data/789019/000119312525256310/msft-ex99_1.htm,789019,000119312525256310,msft-ex99_1.htm,18978,fbff3047ba481768443ac519eff7c825c0dfd1edfb8af0ca35b673734a9b5545,False,True,False,False,False
MSFT,2025-07-30,https://www.sec.gov/Archives/edgar/data/789019/000095017025100226/msft-ex99_1.htm,789019,000095017025100226,msft-ex99_1.htm,18767,142c3ce59eddb29862f76e76887a368ab7c1ad95f876a8e7ae8387ddd7306a18,False,True,False,False,False
MSFT,2025-04-30,https://www.sec.gov/Archives/edgar/data/789019/000095017025061032/msft-ex99_1.htm,789019,000095017025061032,msft-ex99_1.htm,18808,83d378fa44c457a4bacb835609ea34a4ea6f2ce296064edc93f1d793931ac5f2,False,True,False,False,False
MSFT,2025-01-29,https://www.sec.gov/Archives/edgar/data/789019/000095017025010484/msft-ex99_1.htm,789019,000095017025010484,msft-ex99_1.htm,18511,f598667699b5c9822fc1b2e38326ad99dc25c3f39d3c9d30d1e54a328a2aa6b5,False,True,False,False,False
MSFT,2024-10-30,https://www.sec.gov/Archives/edgar/data/789019/000095017024118955/msft-ex99_1.htm,789019,000095017024118955,msft-ex99_1.htm,17663,0f5ffb42dd9c2de1c0f2d813d97a44a6b0d6196e2f79b71dd6686d0e9302e26a,False,True,False,False,False
MSFT,2024-07-30,https://www.sec.gov/Archives/edgar/data/789019/000095017024087835/msft-ex99_1.htm,789019,000095017024087835,msft-ex99_1.htm,21923,82346f2129983d201c1074962248d45a373646a3366f8e48a14ed94c13a892aa,False,True,False,False,False
IBKR,2026-07-21,https://www.sec.gov/Archives/edgar/data/1381197/000138119726000118/ibkr-ex99_1.htm,1381197,000138119726000118,ibkr-ex99_1.htm,21541,03d4e5f23cabe1a781083bba44faa16dfda53ce1251c31d9695c88282644068c,False,True,False,False,False
IBKR,2026-04-21,https://www.sec.gov/Archives/edgar/data/1381197/000138119726000078/ibkr-ex99_1.htm,1381197,000138119726000078,ibkr-ex99_1.htm,19898,817c15512f7f98f036d888c892ed203b597987e35f2b1eba3be62ba91bffa682,False,True,False,False,False
IBKR,2026-01-20,https://www.sec.gov/Archives/edgar/data/1381197/000119312526016540/ibkr-ex99_1.htm,1381197,000119312526016540,ibkr-ex99_1.htm,23112,b46c0f227895f521d548e52cb7cdb6b3582444fa09ec8a60d3ed5c570850ac5e,False,True,False,False,False
IBKR,2025-10-16,https://www.sec.gov/Archives/edgar/data/1381197/000138119725000143/ibkr-8k_20250930er.htm,1381197,000138119725000143,ibkr-8k_20250930er.htm,21950,6ba3f25261fdb94c240920b867412395610e9c048f61d61084bb21c947e26499,False,True,False,False,False
IBKR,2025-07-17,https://www.sec.gov/Archives/edgar/data/1381197/000138119725000078/ibkr-8k_20250630er.htm,1381197,000138119725000078,ibkr-8k_20250630er.htm,21869,3fa59af51ee4ff1a60bd2b016acdad758c0d5c7d9716bb7a08bc2f8614b4d143,False,True,False,False,False
IBKR,2025-04-15,https://www.sec.gov/Archives/edgar/data/1381197/000138119725000043/ikr-8k_20250331er.htm,1381197,000138119725000043,ikr-8k_20250331er.htm,19281,91f4c96e0eb083cf5ea9ff255e7153e644b8999fd752e92fcb18d00e15f24610,False,True,False,False,False
IBKR,2025-01-21,https://www.sec.gov/Archives/edgar/data/1381197/000138119725000027/ibkr-8k_20241231er.htm,1381197,000138119725000027,ibkr-8k_20241231er.htm,22362,5de66143f40ebfb5a9907a62ce5d729c14f5615cbd9eda51f1d5fcabed784b63,False,True,False,False,False
IBKR,2024-10-15,https://www.sec.gov/Archives/edgar/data/1381197/000138119724000135/ibkr-8k_20240930er.htm,1381197,000138119724000135,ibkr-8k_20240930er.htm,20252,00643d2f19370efb001e52a5aa6551bb570a4569867b584ff1891d50e2395b3e,False,True,False,False,False
IBKR,2024-07-16,https://www.sec.gov/Archives/edgar/data/1381197/000138119724000110/ibkr-8k_20240630er.htm,1381197,000138119724000110,ibkr-8k_20240630er.htm,20154,a78e988f89e6122b69f185b7a21f74c449cf6097556ddfac541e5b2256755bf7,False,True,False,False,False
ITW,2026-07-28,https://www.sec.gov/Archives/edgar/data/49826/000004982626000047/a20260630-2q26ex991pressre.htm,49826,000004982626000047,a20260630-2q26ex991pressre.htm,18110,8b34a3d695bb2d4713bb0fa64037a35e59858e6de7a2ea1fa380e7119df2fc52,False,True,False,False,False
ITW,2026-04-30,https://www.sec.gov/Archives/edgar/data/49826/000004982626000025/a20260331-1q26ex991pressre.htm,49826,000004982626000025,a20260331-1q26ex991pressre.htm,14620,1752ffa59663b6ce1bc3aa2bca4269ac3af2eb81d99e6f07238d84a839dc1136,False,False,False,False,False
ITW,2026-02-03,https://www.sec.gov/Archives/edgar/data/49826/000004982626000003/a20251231-4q25ex991pressre.htm,49826,000004982626000003,a20251231-4q25ex991pressre.htm,18082,9c76bcee422ca2c082dd79e2551e53ded43b8a42d9a4f96dc060b6d2cfd8c584,False,True,False,False,False
ITW,2025-10-24,https://www.sec.gov/Archives/edgar/data/49826/000004982625000050/a20250930-3q25ex991pressre.htm,49826,000004982625000050,a20250930-3q25ex991pressre.htm,20944,e294f4c83d4fd57fd0584506478dbb4c4d28bec2f91ccde665d1de1244c50c95,False,True,False,False,False
ITW,2025-07-30,https://www.sec.gov/Archives/edgar/data/49826/000004982625000034/a20250630-2q25ex991pressre.htm,49826,000004982625000034,a20250630-2q25ex991pressre.htm,17511,4ff00bd6dae91f7d6fd5b0e22a4a57119058b083e3f4f62b43ef9228ff016582,False,True,False,False,False
ITW,2025-04-30,https://www.sec.gov/Archives/edgar/data/49826/000004982625000011/a20250331-1q25ex991pressre.htm,49826,000004982625000011,a20250331-1q25ex991pressre.htm,15870,cb61306135246d10f4a6cb7c4d0a38ab8f247aae5d8fa2f9c3206902b645f708,False,True,False,False,False
ITW,2025-02-05,https://www.sec.gov/Archives/edgar/data/49826/000004982625000004/a20241231-4q24ex991pressre.htm,49826,000004982625000004,a20241231-4q24ex991pressre.htm,20939,b4c82c6710916c7e3c78d51579313a5747df882dd49a7d0d08d835967a0125f4,False,True,False,False,False
ITW,2024-10-30,https://www.sec.gov/Archives/edgar/data/49826/000004982624000045/a20240930-3q24ex991pressre.htm,49826,000004982624000045,a20240930-3q24ex991pressre.htm,19904,1c6d917560ba268838c5bbff2a1705ba5ea9a83f1da7211112c64f5366dd73b2,False,True,False,False,False
ITW,2024-07-30,https://www.sec.gov/Archives/edgar/data/49826/000004982624000034/a20240630-2q24ex991pressre.htm,49826,000004982624000034,a20240630-2q24ex991pressre.htm,17318,a5efbd5be63ebdf22a58531fae92e1d1fcd496d415669f9c32ceaac152fda84f,False,True,False,False,False
V,2026-07-28,https://www.sec.gov/Archives/edgar/data/1403161/000140316126000103/q32026earningsrelease.htm,1403161,000140316126000103,q32026earningsrelease.htm,28777,210771cd02836eaae4795d283cb122a235d1648d417315d3918294693ad504ab,False,True,False,False,False
V,2026-04-28,https://www.sec.gov/Archives/edgar/data/1403161/000140316126000077/q22026earningsrelease.htm,1403161,000140316126000077,q22026earningsrelease.htm,29232,a4ee59f068dc24e8c2e748d1dde2045104602f4ae2e22861f6ddce1345c772cd,False,True,False,False,False
V,2026-01-29,https://www.sec.gov/Archives/edgar/data/1403161/000140316126000044/q12026earningsrelease.htm,1403161,000140316126000044,q12026earningsrelease.htm,26386,dd32c608e315faaffdfe41325f0da4e7e51a1ea53ab36c3b588ce9a27f3e193d,False,True,False,False,False
V,2025-10-28,https://www.sec.gov/Archives/edgar/data/1403161/000140316125000077/q42025earningsrelease.htm,1403161,000140316125000077,q42025earningsrelease.htm,33991,9452cfa084b9724edaea7edb90141cc8f04aeea8fa93b34a1b47ad2b00704e2e,False,True,False,False,False
V,2025-07-29,https://www.sec.gov/Archives/edgar/data/1403161/000140316125000051/q32025earningsrelease.htm,1403161,000140316125000051,q32025earningsrelease.htm,27844,703826d9a60c0f41e2f2372fe7fd393b733fbbdc7d5c9a8c79ebff9ad722c6ff,False,True,False,False,False
V,2025-04-29,https://www.sec.gov/Archives/edgar/data/1403161/000140316125000035/q22025earningsrelease.htm,1403161,000140316125000035,q22025earningsrelease.htm,27397,ba21b0b805d674be446406a39b4ef4f38bb27312990971d183cda6331c6484db,False,True,False,False,False
V,2025-01-30,https://www.sec.gov/Archives/edgar/data/1403161/000140316125000016/q12025earningsrelease.htm,1403161,000140316125000016,q12025earningsrelease.htm,25516,3e93915a26fd18c98ba3ba03333a2c9272d75cbd9dc994293df83f3798e49938,False,True,False,False,False
V,2024-10-29,https://www.sec.gov/Archives/edgar/data/1403161/000140316124000053/q42024earningsrelease.htm,1403161,000140316124000053,q42024earningsrelease.htm,34162,f24aba8f8bd61468c88c86573eb7f4c825e018a5b316866da2922e4ec81a0296,False,True,False,False,False
V,2024-07-23,https://www.sec.gov/Archives/edgar/data/1403161/000140316124000040/q32024earningsrelease.htm,1403161,000140316124000040,q32024earningsrelease.htm,28486,1c533ab4f4636e00f4a77401de0987111a9a840f6fe027c59d02468471ae404d,False,True,False,False,False
CB,2026-07-21,https://www.sec.gov/Archives/edgar/data/896159/000119312526310312/d78544dex991.htm,896159,000119312526310312,d78544dex991.htm,33865,443474a91975c41cbe3d8854ab011768cd6ce655a98af0dd85ebfa918b954b08,False,True,False,False,False
CB,2026-04-21,https://www.sec.gov/Archives/edgar/data/896159/000119312526166937/d145408dex991.htm,896159,000119312526166937,d145408dex991.htm,31016,d7fe4a3bc06e47ea29236ad43ca62b7a79c2cc59554763e0d0d315d19f086b6c,False,True,False,False,False
CB,2026-02-03,https://www.sec.gov/Archives/edgar/data/896159/000119312526035589/d812920dex991.htm,896159,000119312526035589,d812920dex991.htm,41461,07a8cbe24691126558f987c9cb1c86561ad98f8e4442e5faa571d78244a0af58,False,True,True,False,False
CB,2025-10-21,https://www.sec.gov/Archives/edgar/data/896159/000119312525245172/d65750dex991.htm,896159,000119312525245172,d65750dex991.htm,34627,b47297d2b41875d5198383bd9ed7293ae5ca4c5962fe0363dbc019afb2e9e89d,False,True,False,False,False
CB,2025-07-22,https://www.sec.gov/Archives/edgar/data/896159/000119312525162607/d59718dex991.htm,896159,000119312525162607,d59718dex991.htm,33601,2a7eb7cc06096b4e7922aa977adc0bdacf321dd370244ffda631612690455188,False,True,False,False,False
CB,2025-04-22,https://www.sec.gov/Archives/edgar/data/896159/000119312525089344/d877161dex991.htm,896159,000119312525089344,d877161dex991.htm,32350,1d990f6b6dade5575ad1a1c8338b7a5effd76f4cf9f41bef649830991216ead7,False,True,False,False,False
CB,2025-01-28,https://www.sec.gov/Archives/edgar/data/896159/000119312525014382/d902864dex991.htm,896159,000119312525014382,d902864dex991.htm,42721,675549c14202b628f497507e3686893f99eaba941c47aed24ae85bcb88eedfab,False,True,True,False,False
CB,2024-10-29,https://www.sec.gov/Archives/edgar/data/896159/000119312524246567/d889064dex991.htm,896159,000119312524246567,d889064dex991.htm,33368,9de10f3549cd9f1b93d429bff7087e455ae1917f611303e17bf7d851c451287f,False,True,False,False,False
CB,2024-07-23,https://www.sec.gov/Archives/edgar/data/896159/000119312524182880/d866140dex991.htm,896159,000119312524182880,d866140dex991.htm,33799,7993ba4c99cef7f01c35f44c6d6d5094aabba63619b84e75955a28af7aa10e52,False,True,False,False,False
ALLE,2026-07-23,https://www.sec.gov/Archives/edgar/data/1579241/000157924126000026/exhibit991-pressreleasedat.htm,1579241,000157924126000026,exhibit991-pressreleasedat.htm,26885,fd8a7d42c24912f1dfddcb42998451a511580e4cd01baa3aadd0a2b69bd5a8c9,False,True,False,False,False
ALLE,2026-04-28,https://www.sec.gov/Archives/edgar/data/1579241/000157924126000013/exhibit991-pressreleasedat.htm,1579241,000157924126000013,exhibit991-pressreleasedat.htm,22723,d65cc58aea583b1221d39d7a071cc3d1cc90d0116aa789819deebc9954e633a2,False,True,False,False,False
ALLE,2026-02-17,https://www.sec.gov/Archives/edgar/data/1579241/000157924126000006/exhibit991-pressreleasedat.htm,1579241,000157924126000006,exhibit991-pressreleasedat.htm,28296,13cf18a826f4bb3318b1c967c0274bf2e6fd63c326ecca86935d1f241715f3e3,False,True,False,False,False
ALLE,2025-10-23,https://www.sec.gov/Archives/edgar/data/1579241/000157924125000041/exhibit991-pressreleasedat.htm,1579241,000157924125000041,exhibit991-pressreleasedat.htm,26558,9a54b90c862b560bdcc5032f11e10950ea61d35843992d6d735c7ae9c51c51ee,False,True,False,False,False
ALLE,2025-07-24,https://www.sec.gov/Archives/edgar/data/1579241/000157924125000028/exhibit991-pressreleasedat.htm,1579241,000157924125000028,exhibit991-pressreleasedat.htm,25804,fcdb15e01def109fd2256af7fb0711a9693e45688d4b23eb2ba6ba3807d22a92,False,True,False,False,False
ALLE,2025-04-24,https://www.sec.gov/Archives/edgar/data/1579241/000157924125000019/exhibit991-pressreleasedat.htm,1579241,000157924125000019,exhibit991-pressreleasedat.htm,22261,6f801cae3290b8a1dfb9f14a26a86de3686fe7dd7856507d6515d9b8c21a87dd,False,True,False,False,False
ALLE,2025-02-18,https://www.sec.gov/Archives/edgar/data/1579241/000157924125000006/exhibit991-pressreleasedat.htm,1579241,000157924125000006,exhibit991-pressreleasedat.htm,28212,661b89d3de7c5fa6c76834c321e2891e860f3c15e3eb830c75fdbf4438cd5a1e,False,True,False,False,False
ALLE,2024-10-24,https://www.sec.gov/Archives/edgar/data/1579241/000157924124000051/exhibit991-pressreleasedat.htm,1579241,000157924124000051,exhibit991-pressreleasedat.htm,26436,174ba8f7426c99f72922d8eba8cc3cbac82feb3934ef1759e6dc79e26a61faee,False,True,False,False,False
ALLE,2024-07-24,https://www.sec.gov/Archives/edgar/data/1579241/000157924124000044/exhibit991-pressreleasedat.htm,1579241,000157924124000044,exhibit991-pressreleasedat.htm,26133,627949d092a6696ae12c2395acd8e47c007db15bb5262d75443413f32fc6ef04,False,True,False,False,False
