date,NVDA,CPAY,AMP,RL,AME,SNA,ABNB,NTAP,PAYX,MSFT,IBKR,HIG,ALLE,AIZ,^GSPC
2015-09-25,0.5723908543586731,150.52000427246094,86.04132843017578,87.78343200683594,48.33908462524414,118.37679290771484,,22.49298095703125,33.113380432128906,37.975799560546875,9.41461181640625,35.96271514892578,52.58110809326172,62.93294906616211,1931.3399658203125
2015-09-28,0.5648753046989441,143.25,82.64138793945312,84.9956283569336,47.23329162597656,115.9974365234375,,22.135469436645508,32.45380401611328,37.41404342651367,8.84227466583252,35.24155807495117,50.48280334472656,61.74823760986328,1881.77001953125
2015-09-29,0.5748152136802673,140.6199951171875,84.7593765258789,84.32296752929688,47.5120735168457,114.65762329101562,,22.021366119384766,32.631099700927734,37.543678283691406,8.837638854980469,35.70118713378906,49.43364715576172,62.41714859008789,1884.0899658203125
2015-09-30,0.597603976726532,137.6199951171875,86.8932876586914,95.75785064697266,48.61785888671875,116.22842407226562,,22.515804290771484,33.780052185058594,38.252357482910156,9.14582347869873,36.279685974121094,50.835472106933594,63.67435836791992,1920.030029296875
2015-10-01,0.585966944694519,137.94000244140625,87.27548217773438,94.461181640625,48.19041061401367,115.20429229736328,,22.241966247558594,34.141746520996094,38.55485534667969,9.421560287475586,36.44611358642578,51.62894058227539,63.25529479980469,1923.8199462890625
2015-10-02,0.6012404561042786,140.85000610351562,86.46333312988281,95.10951232910156,49.50993347167969,116.5133285522461,,22.766822814941406,33.87933349609375,39.38456344604492,9.034600257873535,36.382720947265625,51.20574951171875,63.061866760253906,1951.3599853515625
2015-10-05,0.6162717938423157,144.24000549316406,89.08294677734375,96.6655044555664,50.857337951660156,119.49334716796875,,23.497058868408203,34.52473068237305,40.300682067871094,9.345096588134766,36.98499298095703,52.02567672729492,64.21430969238281,1987.050048828125
2015-10-06,0.6242719888687134,143.11000061035156,88.39817810058594,97.24088287353516,50.6064338684082,119.0236587524414,,23.83176040649414,34.41835403442383,40.404388427734375,9.064720153808594,36.88197708129883,51.708290100097656,64.59308624267578,1979.9200439453125
2015-10-07,0.6308179497718811,145.57000732421875,89.06702423095703,96.13067626953125,51.24762725830078,121.12584686279297,,24.122488021850586,35.08500671386719,40.44759750366211,9.134233474731445,37.16727828979492,52.58110809326172,64.50443267822266,1995.8299560546875
2015-10-08,0.6344542503356934,146.92999267578125,89.21831512451172,98.26200866699219,51.95383834838867,124.52932739257812,,24.68863868713379,35.43252944946289,41.0093879699707,9.257041931152344,37.33369064331055,52.66928482055664,65.85835266113281,2013.4300537109375
2015-10-09,0.6320301294326782,147.1999969482422,88.46188354492188,97.68659973144531,52.056060791015625,124.66024017333984,,25.36954116821289,35.50343704223633,40.71553421020508,9.02532958984375,37.151432037353516,52.60757064819336,64.92350769042969,2014.8900146484375
2015-10-12,0.6388181447982788,146.72000122070312,87.45069122314453,97.71903228759766,51.83302688598633,125.97700500488281,,25.53020477294922,35.680755615234375,40.620452880859375,9.057768821716309,37.13557052612305,52.14030075073242,64.81067657470703,2017.4599609375
2015-10-13,0.6400305032730103,145.58999633789062,85.98560333251953,96.21979522705078,51.04318618774414,124.583251953125,,25.576107025146484,35.30485534667969,40.525386810302734,8.807518005371094,36.86613464355469,51.893428802490234,64.85905456542969,2003.68994140625
2015-10-14,0.6633042097091675,144.4499969482422,85.65116882324219,96.21979522705078,50.281211853027344,122.39637756347656,,25.920385360717773,35.13466262817383,40.3438835144043,8.585073471069336,36.358951568603516,51.86698913574219,64.20622253417969,1994.239990234375
2015-10-15,0.6650012731552124,145.1699981689453,88.07967376708984,95.05279541015625,50.67148208618164,123.66696166992188,,25.84387969970703,35.36869812011719,40.62909698486328,8.921056747436523,37.20690155029297,53.19825744628906,64.47221374511719,2023.8599853515625
2015-10-16,0.6754257678985596,145.64999389648438,88.83609771728516,94.78536224365234,50.27189636230469,123.18182373046875,,25.874483108520508,35.6240119934082,41.061241149902344,9.124966621398926,37.35746383666992,53.18062973022461,64.52862548828125,2033.1099853515625
2015-10-19,0.6742137670516968,146.86000061035156,88.58131408691406,94.98796081542969,50.43916702270508,123.03548431396484,,25.76736831665039,35.787132263183594,41.15630340576172,9.224605560302734,37.63483810424805,52.8808708190918,65.31838989257812,2033.6600341796875
2015-10-20,0.6732439994812012,145.6699981689453,89.4173812866211,95.42556762695312,50.73652648925781,122.6966781616211,,25.797977447509766,35.75167465209961,41.28594970703125,9.423881530761719,38.10239791870117,54.65296936035156,66.24517059326172,2030.77001953125
2015-10-21,0.6645162105560303,144.58999633789062,88.82814025878906,93.85340881347656,50.75511169433594,123.26651000976562,,25.55316162109375,35.680755615234375,40.79331588745117,8.890932083129883,38.363914489746094,54.0181884765625,64.39967346191406,2018.93994140625
2015-10-22,0.6885175108909607,146.36000061035156,90.84262084960938,94.55843353271484,51.69364929199219,126.3697280883789,,26.302915573120117,36.595645904541016,41.510658264160156,8.930322647094727,38.65713882446289,56.425071716308594,65.10887145996094,2052.510009765625
2015-10-23,0.6931237578392029,148.50999450683594,92.4271240234375,92.13530731201172,51.907371520996094,126.2850570678711,,26.524782180786133,36.73038101196289,45.693695068359375,9.108743667602539,39.02166748046875,56.18702697753906,65.9631118774414,2075.14990234375
2015-10-26,0.6899721622467041,146.9199981689453,91.96530151367188,92.07048797607422,52.31623840332031,125.02223205566406,,25.361896514892578,36.9857177734375,46.88638687133789,9.238508224487305,38.68090057373047,56.486785888671875,66.1162338256836,2071.179931640625
2015-10-27,0.6894873976707458,141.3000030517578,89.9747314453125,90.91160583496094,49.95595932006836,123.89795684814453,,25.52255630493164,36.943153381347656,46.40240478515625,9.185213088989258,35.93100357055664,56.86589431762695,65.34257507324219,2065.889892578125
2015-10-28,0.6950632333755493,144.72999572753906,92.34750366210938,91.11421203613281,50.3834228515625,126.92417907714844,,26.05809783935547,37.04953384399414,46.65302276611328,9.667182922363281,36.786869049072266,57.48305130004883,65.60045623779297,2090.35009765625
2015-10-29,0.671062171459198,144.6699981689453,92.42759704589844,89.41232299804688,50.810874938964844,126.90105438232422,,25.828584671020508,37.00664138793945,46.1171875,9.63242244720459,37.341617584228516,56.87472152709961,66.43860626220703,2089.409912109375
2015-10-30,0.6877899765968323,144.86000061035156,92.38753509521484,89.76893615722656,50.94095993041992,127.74036407470703,,26.012187957763672,36.87794494628906,45.49492645263672,9.532787322998047,36.66007995605469,57.45658874511719,65.70523834228516,2079.360107421875
2015-11-02,0.6957905888557434,144.9499969482422,93.8691635131836,89.83375549316406,51.51708984375,128.4642333984375,,26.302915573120117,37.113895416259766,46.01347732543945,9.810846328735352,37.056331634521484,58.84960174560547,66.8334732055664,2104.050048828125
2015-11-03,0.6909418106079102,147.9499969482422,94.34166717529297,92.52432250976562,51.777278900146484,129.21115112304688,,26.38707733154297,36.99234390258789,46.799957275390625,9.759866714477539,36.85029602050781,57.597660064697266,67.30093383789062,2109.7900390625
2015-11-04,0.6795471906661987,144.0,92.81201934814453,92.03807830810547,52.20473098754883,130.14288330078125,,25.874483108520508,37.049537658691406,47.01601791381836,9.671819686889648,36.92161178588867,57.042236328125,66.80126190185547,2102.31005859375
2015-11-05,0.6717896461486816,154.58999633789062,93.74102020263672,105.75830841064453,52.483497619628906,130.48167419433594,,26.16520881652832,37.56430435180664,46.99873352050781,9.725112915039062,37.16727828979492,56.566139221191406,67.55879974365234,2099.929931640625
2015-11-06,0.7648847103118896,156.39999389648438,95.5269546508789,111.22045135498047,52.23261260986328,131.03610229492188,,26.318227767944336,37.75020217895508,47.4654426574707,10.149147033691406,37.722007751464844,56.663116455078125,68.42112731933594,2099.199951171875
2015-11-09,0.761490523815155,153.47000122070312,94.01329803466797,108.87023162841797,52.056060791015625,130.38931274414062,,26.119300842285156,37.700157165527344,46.808597564697266,10.077315330505371,37.151432037353516,56.1429443359375,67.75222778320312,2078.580078125
2015-11-10,0.7469443678855896,154.19000244140625,93.34059143066406,107.94637298583984,52.00958251953125,131.15933227539062,,25.49960708618164,37.97185134887695,46.2468147277832,9.961459159851074,37.515968322753906,55.83437728881836,68.3969497680664,2081.719970703125
2015-11-11,0.7396714687347412,153.1199951171875,92.9401626586914,101.26863861083984,51.82373809814453,130.7589111328125,,24.811044692993164,38.01475524902344,46.367820739746094,9.942923545837402,37.04047393798828,57.31551742553711,68.0101089477539,2075.0
2015-11-12,0.7370045185089111,150.6300048828125,91.0981674194336,98.97517395019531,50.262611389160156,128.4642333984375,,24.35965347290039,37.78594970703125,46.08262252807617,9.739014625549316,36.240081787109375,57.02458572387695,66.69647979736328,2045.969970703125
2015-11-13,0.7224586009979248,146.82000732421875,90.08907318115234,97.02208709716797,49.95595932006836,127.73265075683594,,23.954166412353516,37.43561553955078,45.66777420043945,9.56986141204834,35.77250671386719,56.151771545410156,66.20489501953125,2023.0400390625
2015-11-16,0.7370045185089111,148.52000427246094,90.87393951416016,97.76764678955078,51.01531982421875,127.74812316894531,,24.09187889099121,38.15058517456055,46.471534729003906,9.634742736816406,36.358951568603516,57.059844970703125,67.26868438720703,2053.18994140625
2015-11-17,0.7370045185089111,148.27000427246094,90.47351837158203,96.69792175292969,50.40200424194336,126.5160140991211,,23.94651985168457,38.12913513183594,46.08870315551758,9.685721397399902,36.089508056640625,56.945247650146484,67.67969512939453,2050.43994140625
2015-11-18,0.7551347017288208,151.72000122070312,92.47564697265625,96.7546157836914,51.972408294677734,129.06480407714844,,23.747604370117188,38.55812072753906,46.8543701171875,9.979999542236328,36.37479782104492,58.056087493896484,68.92884063720703,2083.580078125
2015-11-19,0.757324755191803,151.57000732421875,92.07521057128906,99.4451904296875,51.842323303222656,129.99659729003906,,23.694046020507812,38.643917083740234,46.932682037353516,9.896577835083008,36.46989440917969,58.78787612915039,69.04167175292969,2081.239990234375
2015-11-20,0.7638955116271973,152.2100067138672,91.69078826904297,100.255615234375,52.24189758300781,130.33663940429688,,23.755252838134766,38.922752380371094,47.15019607543945,9.968416213989258,36.438194274902344,58.63800048828125,69.54132843017578,2089.169921875
2015-11-23,0.752457857131958,152.99000549316406,90.99406433105469,102.27352905273438,52.32554244995117,129.52517700195312,,23.724653244018555,38.82980728149414,47.15019607543945,10.047194480895996,36.33515930175781,57.91505813598633,69.2189712524414,2086.590087890625
2015-11-24,0.7585417628288269,154.72000122070312,90.17715454101562,101.29296112060547,52.46492004394531,130.77711486816406,,23.663442611694336,38.736854553222656,47.20241928100586,10.042559623718262,36.2162971496582,57.46541213989258,68.99331665039062,2089.139892578125
2015-11-25,0.7575682997703552,153.6699981689453,90.51351928710938,101.79541015625,52.46492004394531,132.06773376464844,,23.53338623046875,38.8941535949707,46.715171813964844,10.098172187805176,36.07365036010742,58.54103088378906,68.75013732910156,2088.8701171875
2015-11-27,0.7638955116271973,152.74000549316406,90.90595245361328,100.48253631591797,52.83662033081055,132.74014282226562,,23.479829788208008,38.65106201171875,46.923988342285156,10.1190767288208,36.26472854614258,59.18461608886719,69.0257339477539,2090.110107421875
2015-11-30,0.7719264626502991,153.7100067138672,90.45746612548828,100.66083526611328,52.46492004394531,133.04920959472656,,23.456878662109375,38.78690719604492,47.289432525634766,10.07030200958252,36.336387634277344,59.25514221191406,69.32566833496094,2080.409912109375
2015-12-01,0.7969920635223389,153.49000549316406,91.78689575195312,101.16326904296875,52.660057067871094,134.06166076660156,,23.694046020507812,38.71541213989258,48.04640579223633,10.283970832824707,36.7822380065918,59.97807312011719,69.11491394042969,2102.6298828125
2015-12-02,0.7909083962440491,151.9600067138672,90.49751281738281,101.884521484375,51.934104919433594,132.9177703857422,,23.663442611694336,38.543827056884766,48.03770446777344,10.228231430053711,36.591156005859375,59.343292236328125,68.5960922241211,2079.510009765625
2015-12-03,0.7892047166824341,148.9499969482422,89.13604736328125,99.00757598876953,50.919620513916016,131.76632690429688,,23.609893798828125,37.64297103881836,47.15890884399414,10.098175048828125,36.041805267333984,58.27650451660156,67.27474975585938,2049.6201171875
2015-12-04,0.8213275074958801,150.52000427246094,92.05119323730469,97.92971801757812,51.478057861328125,134.33212280273438,,23.931224822998047,38.40082931518555,48.646759033203125,10.367581367492676,37.188270568847656,59.17578887939453,70.1687240600586,2091.68994140625
2015-12-07,0.805752694606781,147.50999450683594,90.74579620361328,96.91673278808594,51.29190444946289,134.54080200195312,,24.122488021850586,38.257835388183594,48.55976486206055,10.265390396118164,36.925540924072266,58.53220748901367,70.37140655517578,2077.070068359375
2015-12-08,0.8167038559913635,147.60000610351562,89.3522720336914,96.171142578125,50.10057830810547,131.9363555908203,,23.7782039642334,38.236385345458984,48.5423469543457,10.149270057678223,36.4956169128418,58.056087493896484,69.5850830078125,2063.590087890625
2015-12-09,0.7960185408592224,146.0,87.15790557861328,95.78214263916016,50.25880432128906,130.9394073486328,,23.043746948242188,37.88606262207031,47.837581634521484,9.93327522277832,35.93830108642578,57.46541213989258,68.16647338867188,2047.6199951171875
2015-12-10,0.8025889992713928,146.75999450683594,87.1258773803711,93.88581085205078,50.333255767822266,131.14035034179688,,23.097299575805664,37.97185134887695,48.08989715576172,9.991341590881348,35.826847076416016,57.65057373046875,68.18266296386719,2052.22998046875
2015-12-11,0.7906647324562073,139.80999755859375,84.21073913574219,91.5599365234375,49.244327545166016,129.1619415283203,,22.232778549194336,37.35698318481445,47.03709411621094,9.631356239318848,34.92720031738281,56.945247650146484,66.70730590820312,2012.3699951171875
2015-12-14,0.7926116585731506,139.30999755859375,84.05858612060547,91.60856628417969,49.71898651123047,130.09703063964844,,21.934402465820312,37.73591232299805,47.976783752441406,9.584905624389648,34.40969467163086,57.31610107421875,66.01017761230469,2021.93994140625
2015-12-15,0.8023456931114197,141.49000549316406,84.79534912109375,92.82417297363281,49.63522720336914,130.43710327148438,,21.85789680480957,37.95039367675781,48.02900314331055,9.821795463562012,35.03069305419922,57.77526092529297,66.35061645507812,2043.4100341796875
2015-12-16,0.8072129487991333,144.25,86.14081573486328,93.8939208984375,50.58456039428711,132.3536376953125,,22.140966415405273,38.65106201171875,48.838191986083984,10.13300895690918,35.492454528808594,58.68476104736328,66.9180908203125,2073.070068359375
2015-12-17,0.7950451374053955,142.7899932861328,84.17069244384766,91.37353515625,49.8399772644043,131.72772216796875,,21.651325225830078,38.1434440612793,48.464046478271484,9.940244674682617,34.48135757446289,57.94303894042969,65.57243347167969,2041.8900146484375
2015-12-18,0.7821471095085144,140.32000732421875,82.55297088623047,90.49018096923828,49.28153610229492,128.82191467285156,,21.115781784057617,37.49998092651367,47.09799575805664,9.647611618041992,33.52595901489258,57.086509704589844,64.11327362060547,2005.550048828125
2015-12-21,0.8006422519683838,141.3800048828125,84.43500518798828,89.6392822265625,49.402549743652344,130.19749450683594,,21.115781784057617,37.607215881347656,47.707069396972656,9.731223106384277,33.74888610839844,57.18366241455078,64.81853485107422,2021.1500244140625
2015-12-22,0.8013724684715271,142.13999938964844,85.82850646972656,91.02322387695312,49.71898651123047,131.60403442382812,,20.0676326751709,37.685855865478516,48.159507751464844,9.83108901977539,34.44154357910156,57.545684814453125,65.24006652832031,2038.969970703125
2015-12-23,0.8045358657836914,145.41000366210938,87.03779602050781,93.22127532958984,50.417030334472656,133.2037811279297,,20.289512634277344,38.572418212890625,48.56846618652344,9.889150619506836,34.52115249633789,58.11964416503906,65.62918090820312,2064.2900390625
2015-12-24,0.8072129487991333,145.33999633789062,86.44515991210938,92.30133819580078,50.52870559692383,132.81736755371094,,20.289512634277344,38.479469299316406,48.43793487548828,9.923989295959473,34.7599983215332,57.93421936035156,65.56429290771484,2060.989990234375
2015-12-28,0.8064829111099243,143.85000610351562,86.3330307006836,91.4953842163086,50.20296096801758,133.00286865234375,,20.327762603759766,38.45802307128906,48.68156433105469,10.03082275390625,34.62466049194336,58.55232620239258,65.61293029785156,2056.5
2015-12-29,0.819624125957489,145.38999938964844,86.95771026611328,92.78980255126953,50.77070617675781,134.4016876220703,,20.564931869506836,38.7940559387207,49.203609466552734,10.139981269836426,35.118263244628906,59.12628936767578,66.46412658691406,2078.360107421875
2015-12-30,0.8125666975975037,143.1199951171875,85.924560546875,91.7152099609375,50.42633819580078,133.2501983642578,,20.557283401489258,38.45087814331055,48.99480056762695,10.144624710083008,34.9033088684082,58.817222595214844,65.96151733398438,2063.360107421875
2015-12-31,0.8021025061607361,142.92999267578125,85.22783660888672,90.75458526611328,49.877220153808594,132.4850311279297,,20.297161102294922,37.8145637512207,48.27263641357422,10.126043319702148,34.600765228271484,58.20794677734375,65.2886962890625,2043.93994140625
2016-01-04,0.7877447009086609,140.6300048828125,83.48994445800781,90.81968688964844,49.002342224121094,130.24388122558594,,19.906978607177734,36.85649871826172,47.68096160888672,9.8566312789917,33.987728118896484,56.98054885864258,63.651214599609375,2012.6600341796875
2016-01-05,0.8003990054130554,136.75999450683594,83.16162109375,90.26611328125,48.75104522705078,130.09703063964844,,19.432640075683594,36.82789611816406,47.898475646972656,9.566324234008789,34.52910614013672,56.91874694824219,64.7131576538086,2016.7099609375
2016-01-06,0.7673025131225586,132.66000366210938,80.33455657958984,88.00293731689453,47.64348220825195,129.6719970703125,,19.024261474609375,36.305973052978516,47.02840042114258,9.227239608764648,33.62947082519531,55.426475524902344,63.86196517944336,1990.260009765625
2016-01-07,0.7368831634521484,128.5,77.78780364990234,85.1210708618164,46.517311096191406,126.92850494384766,,18.00716781616211,34.62580490112305,45.392635345458984,8.720940589904785,32.80146408081055,53.828224182128906,62.4271240234375,1943.0899658203125
2016-01-08,0.7210646867752075,129.25999450683594,76.03396606445312,84.33142852783203,45.67036056518555,125.59925842285156,,17.722074508666992,34.003787994384766,45.53184509277344,8.651264190673828,32.36357879638672,52.77743911743164,61.665164947509766,1922.030029296875
2016-01-11,0.7222816944122314,125.55999755859375,76.61054992675781,83.069580078125,44.86064147949219,126.00882720947266,,17.7066650390625,33.903690338134766,45.50572967529297,8.474753379821777,32.578556060791016,52.53019332885742,62.74330139160156,1923.6700439453125
2016-01-12,0.7344493865966797,124.29000091552734,77.00298309326172,84.63262176513672,45.1119270324707,127.38444519042969,,17.413869857788086,33.93230056762695,45.923377990722656,8.3214693069458,32.93680953979492,53.07766342163086,63.059444427490234,1938.6800537109375
2016-01-13,0.7120605111122131,117.66000366210938,74.00775146484375,82.04383087158203,44.10676956176758,124.81865692138672,,17.352222442626953,33.160125732421875,44.931480407714844,7.984710216522217,31.917739868164062,51.92976379394531,63.5944709777832,1890.280029296875
2016-01-14,0.6977025866508484,120.0199966430664,76.15406799316406,82.2554931640625,44.66517639160156,126.03197479248047,,17.891592025756836,33.83219528198242,46.210514068603516,8.112445831298828,32.04512405395508,53.183624267578125,64.3078384399414,1921.8399658203125
2016-01-15,0.6597389578819275,118.16000366210938,74.34412384033203,81.96243286132812,44.572120666503906,121.56510925292969,,17.14417839050293,33.388912200927734,44.36591720581055,7.919679164886475,31.113632202148438,51.8149528503418,63.44855499267578,1880.3299560546875
2016-01-19,0.665092945098877,114.8499984741211,74.11186981201172,82.53227233886719,44.13466262817383,120.49856567382812,,16.527761459350586,33.960880279541016,43.991783142089844,7.778010368347168,31.13750457763672,51.22333908081055,63.651214599609375,1881.3299560546875
2016-01-20,0.6687431335449219,114.9000015258789,73.3670883178711,84.1767349243164,43.334259033203125,118.09513854980469,,16.450708389282227,33.35316467285156,44.1919059753418,7.766395092010498,30.150283813476562,50.69354248046875,62.1272087097168,1859.3299560546875
2016-01-21,0.676530659198761,116.75,72.53417205810547,86.2445068359375,43.12018966674805,116.31758880615234,,16.450708389282227,33.88225173950195,43.92216873168945,7.42266845703125,30.277660369873047,50.51694107055664,62.58116912841797,1868.989990234375
2016-01-22,0.6923486590385437,123.66000366210938,74.68046569824219,87.08302307128906,43.66000747680664,118.3192138671875,,16.573997497558594,34.454219818115234,45.497039794921875,7.701367378234863,30.819047927856445,52.94520568847656,64.42132568359375,1906.9000244140625
2016-01-25,0.6916186213493347,119.01000213623047,72.33395385742188,86.72484588623047,42.719993591308594,118.5742416381836,,16.350540161132812,33.89653396606445,45.0620002746582,7.3855085372924805,29.959197998046875,52.265296936035156,63.31885528564453,1877.0799560546875
2016-01-26,0.6984325647354126,120.13999938964844,73.96772766113281,88.83332824707031,43.39009475708008,122.92520904541016,,16.974668502807617,34.11102294921875,45.392635345458984,7.355315685272217,30.731475830078125,52.927547454833984,64.2105484008789,1903.6300048828125
2016-01-27,0.6901586055755615,118.0199966430664,72.96662902832031,88.29602813720703,43.101593017578125,122.18330383300781,,16.419885635375977,33.61055374145508,44.56603240966797,7.424990653991699,30.6916561126709,52.74212646484375,63.999778747558594,1882.949951171875
2016-01-28,0.6826145648956299,117.5,69.61101531982422,89.24850463867188,42.9805908203125,121.510986328125,,16.55087661743164,33.49513244628906,45.29692077636719,7.306542873382568,30.970312118530273,52.291778564453125,64.40508270263672,1893.3599853515625
2016-01-29,0.7127905488014221,122.83999633789062,72.59823608398438,91.5849380493164,43.79030990600586,124.85724639892578,,16.897613525390625,34.526756286621094,47.933292388916016,7.494665622711182,31.9893856048584,53.47500991821289,65.91291046142578,1940.239990234375
2016-02-01,0.7130341529846191,121.76000213623047,70.3077621459961,91.44654846191406,43.44594955444336,124.50182342529297,,16.843679428100586,34.880245208740234,47.60265350341797,7.57130765914917,31.758512496948242,53.37790298461914,65.6453857421875,1939.3800048828125
2016-02-02,0.6828578114509583,117.75,67.22444152832031,90.98250579833984,42.36631393432617,119.4398193359375,,16.612518310546875,34.880245208740234,46.11479949951172,7.3947978019714355,31.225086212158203,51.859107971191406,64.3078384399414,1903.030029296875
2016-02-03,0.6862647533416748,121.9000015258789,67.92919158935547,94.0760498046875,42.6734504699707,118.35015106201172,,17.105653762817383,34.69987487792969,45.38391876220703,7.380863666534424,31.002166748046875,52.43305969238281,64.40508270263672,1912.530029296875
2016-02-04,0.686508297920227,124.75,68.44976043701172,73.22724914550781,43.40870666503906,112.17524719238281,,17.398452758789062,34.5844612121582,45.24470520019531,7.348349571228027,31.68684959411621,52.80392837524414,63.748497009277344,1915.449951171875
2016-02-05,0.643190860748291,123.76000213623047,66.30345153808594,71.02920532226562,42.1894645690918,108.11797332763672,,17.44468116760254,33.93518829345703,43.64373779296875,7.1973876953125,32.275997161865234,49.68691635131836,63.61879348754883,1880.050048828125
2016-02-08,0.6137444972991943,117.37000274658203,64.68570709228516,69.38475036621094,41.64965057373047,104.6479721069336,,17.221229553222656,33.76926040649414,42.991180419921875,6.986042022705078,31.51966094970703,47.47937774658203,61.794864654541016,1853.43994140625
2016-02-09,0.6203153133392334,113.87000274658203,63.40431594848633,68.13919067382812,42.58037567138672,104.93388366699219,,16.98237419128418,33.661048889160156,42.87806701660156,7.123068332672119,31.846088409423828,47.929718017578125,62.00560760498047,1852.2099609375
2016-02-10,0.618855357170105,114.98999786376953,64.86622619628906,68.79048156738281,42.459381103515625,109.24624633789062,,17.24435043334961,33.88468551635742,43.25218963623047,7.190420150756836,31.63909149169922,48.43303680419922,53.68850326538086,1851.8599853515625
2016-02-11,0.6156913042068481,113.38999938964844,61.60314178466797,67.71587371826172,41.910255432128906,106.67276000976562,,16.743507385253906,34.44017791748047,43.23479080200195,7.067327499389648,30.75535011291504,50.101932525634766,54.23973083496094,1829.0799560546875
2016-02-12,0.6261557936668396,117.45999908447266,64.73701477050781,70.7768325805664,42.468692779541016,108.20293426513672,,16.866790771484375,35.30587387084961,43.93958282470703,7.15325927734375,32.47504425048828,50.773014068603516,54.36941146850586,1864.780029296875
2016-02-16,0.6568189263343811,124.61000061035156,66.97431945800781,71.90843200683594,42.794429779052734,109.6481704711914,,17.791418075561523,36.0633544921875,44.7720832824707,7.392477989196777,32.7775764465332,51.656028747558594,54.51533889770508,1895.5799560546875
2016-02-17,0.6731236577033997,127.5,68.630126953125,72.64923858642578,42.82236099243164,110.86144256591797,,18.14586067199707,36.5106315612793,45.937625885009766,7.668851852416992,33.366729736328125,51.92976379394531,56.13661193847656,1926.8199462890625
2016-02-18,0.7310423851013184,126.98999786376953,68.07281494140625,72.31546783447266,42.68275833129883,111.9820556640625,,18.43866539001465,36.68376922607422,45.7360725402832,7.6340131759643555,33.25528335571289,51.73549270629883,55.47189712524414,1917.8299560546875
2016-02-19,0.7407767176628113,127.97000122070312,66.7885971069336,71.86770629882812,42.93404006958008,112.2293930053711,,18.985733032226562,36.972328186035156,45.41182327270508,7.764073371887207,33.26322937011719,51.885597229003906,57.01210403442383,1917.780029296875
2016-02-22,0.7670592069625854,129.7899932861328,68.28280639648438,74.08203125,42.93404006958008,113.90641784667969,,19.24001121520996,37.45567321777344,46.139190673828125,7.884846210479736,33.83646774291992,53.92535400390625,57.22286605834961,1945.5
2016-02-23,0.7690058946609497,126.37000274658203,67.38627624511719,73.1051254272461,42.38492202758789,112.1680679321289,,18.739164352416992,37.094966888427734,44.85097122192383,7.815168380737305,33.2154655456543,53.96067428588867,56.88240051269531,1921.27001953125
2016-02-24,0.7743598222732544,128.1199951171875,67.38627624511719,73.23539733886719,42.236019134521484,113.10712432861328,,19.255416870117188,37.246463775634766,45.00872039794922,7.768723011016846,33.3587760925293,55.30284881591797,57.23906707763672,1929.800048828125
2016-02-25,0.7760634422302246,127.62999725341797,68.1455078125,74.83097839355469,43.17604064941406,112.1680679321289,,18.978029251098633,37.61438751220703,45.65719985961914,7.968453407287598,34.01957321166992,56.3359489440918,59.16584396362305,1951.699951171875
2016-02-26,0.7709528207778931,128.0,69.85784149169922,73.95993041992188,43.4366340637207,114.255615234375,,19.3555850982666,37.28254318237305,44.95612335205078,8.140815734863281,34.09919357299805,56.406612396240234,59.386253356933594,1948.050048828125
2016-02-29,0.7659457921981812,127.69000244140625,67.80626678466797,73.88665771484375,43.19465637207031,112.26899719238281,,19.13983726501465,37.07332992553711,44.58806228637695,7.959135055541992,33.53391647338867,55.62955093383789,58.04732131958008,1932.22998046875
2016-03-01,0.7998955249786377,134.57000732421875,71.08554077148438,76.27194213867188,44.59074020385742,116.83206939697266,,19.679210662841797,37.95345687866211,46.07783508300781,8.306193351745605,34.70425033569336,57.2454833984375,59.876102447509766,1978.3499755859375
2016-03-02,0.8045361638069153,135.24000549316406,70.98860168457031,76.98832702636719,44.544189453125,117.03382110595703,,19.794788360595703,37.664886474609375,46.40208435058594,8.296880722045898,34.728153228759766,57.07770538330078,59.81895065307617,1986.449951171875
2016-03-03,0.7974531650543213,137.7100067138672,72.3213119506836,77.9652328491211,44.87924575805664,119.56375122070312,,20.08758544921875,37.83803176879883,45.87627410888672,8.648600578308105,34.70415496826172,57.254302978515625,60.53739547729492,1993.4000244140625
2016-03-04,0.7950107455253601,138.02999877929688,73.06437683105469,79.0968246459961,44.79548263549805,119.54041290283203,,20.03364372253418,37.93181228637695,45.595855712890625,8.841926574707031,35.00817108154297,56.4595832824707,60.50474166870117,1999.989990234375
2016-03-07,0.7898816466331482,141.74000549316406,72.4990005493164,80.35052490234375,44.82341384887695,119.40845489501953,,20.704004287719727,37.939022064208984,44.71950912475586,9.035262107849121,35.09615707397461,56.062225341796875,59.96589660644531,2001.760009765625
2016-03-08,0.7754711508750916,135.82000732421875,71.73976135253906,79.06428527832031,44.42319869995117,117.92625427246094,,19.99512481689453,37.542240142822266,45.26282501220703,8.918797492980957,34.608158111572266,55.58540725708008,61.41096496582031,1979.260009765625
2016-03-09,0.7749829292297363,136.60000610351562,71.61053466796875,79.08869171142578,44.34873580932617,117.4684066772461,,20.16463851928711,37.59996032714844,46.30569076538086,8.811652183532715,34.568138122558594,55.912113189697266,62.56212615966797,1989.260009765625
2016-03-10,0.7737616896629333,135.10000610351562,71.44901275634766,78.35599517822266,44.116058349609375,116.68462371826172,,20.287919998168945,37.41960144042969,45.61338424682617,8.874541282653809,34.91215896606445,55.71786117553711,62.68457794189453,1989.5699462890625
2016-03-11,0.786950945854187,139.7899932861328,74.79286193847656,80.17958068847656,44.7396354675293,118.5781478881836,,20.85041046142578,38.19872283935547,46.507240295410156,9.09582233428955,35.76816177368164,56.291812896728516,63.35403823852539,2022.18994140625
2016-03-14,0.7889044880867004,139.50999450683594,74.17095947265625,80.24468994140625,45.15847396850586,119.58696746826172,,20.50366973876953,38.24201202392578,46.59487533569336,9.051565170288086,35.72016143798828,56.76954650878906,63.215240478515625,2019.6400146484375
2016-03-15,0.7849966287612915,139.97000122070312,72.77359008789062,79.21078491210938,45.223724365234375,120.2621078491211,,19.90265655517578,38.328575134277344,46.96294021606445,8.848917007446289,35.712158203125,56.30065155029297,64.22760772705078,2015.9300537109375
2016-03-16,0.8084442019462585,140.4199981689453,73.85594177246094,77.93266296386719,45.48481369018555,120.99163055419922,,20.257099151611328,38.45121383666992,47.628963470458984,8.827956199645996,36.07216262817383,56.40683364868164,63.623451232910156,2027.219970703125
2016-03-17,0.8016053438186646,142.7899932861328,75.42285919189453,79.0561294555664,46.53849792480469,121.06143188476562,,20.542194366455078,39.12214279174805,47.90061569213867,8.888516426086426,36.90415573120117,56.94647216796875,64.08882141113281,2040.5899658203125
2016-03-18,0.8257855176925659,147.36000061035156,76.21443176269531,79.87833404541016,46.77161407470703,120.54150390625,,20.98909568786621,38.94900131225586,46.87531280517578,9.093494415283203,36.72815704345703,57.11456298828125,63.69694900512695,2049.580078125
2016-03-21,0.828227698802948,146.7899932861328,76.03672790527344,80.79824829101562,46.529170989990234,122.62902069091797,,20.642364501953125,39.136558532714844,47.199546813964844,9.014297485351562,36.312156677246094,57.0526237487793,63.95002365112305,2051.60009765625
2016-03-22,0.8267625570297241,146.86000061035156,75.39863586425781,79.58526611328125,46.407936096191406,121.73661041259766,,20.919750213623047,38.992279052734375,47.38357925415039,9.04690933227539,36.640167236328125,56.81377410888672,64.17862701416016,2049.800048828125
2016-03-23,0.8409286141395569,146.10000610351562,74.92208099365234,78.06293487548828,46.016300201416016,120.91397094726562,,20.326446533203125,38.92014694213867,47.29595184326172,8.883855819702148,36.68816375732422,56.052947998046875,63.64795684814453,2036.7099609375
2016-03-24,0.8421497344970703,145.86000061035156,74.2921142578125,77.78614044189453,45.75523376464844,122.4893569946289,,20.295629501342773,38.94900131225586,47.50627517700195,8.949077606201172,36.46417236328125,55.85832214355469,63.01115798950195,2035.93994140625
2016-03-28,0.8506980538368225,145.75,75.43096160888672,78.50253295898438,45.9323844909668,122.6910629272461,,20.40350341796875,39.07884979248047,46.919124603271484,8.99100399017334,36.96017074584961,56.061798095703125,63.39485549926758,2037.050048828125
2016-03-29,0.864375650882721,147.66000366210938,76.0609359741211,78.55951690673828,46.37063980102539,123.21881866455078,,21.0045166015625,39.30970764160156,47.94443130493164,9.102811813354492,36.93618392944336,56.30065155029297,62.95401382446289,2055.010009765625
2016-03-30,0.8734126091003418,147.75999450683594,77.19174194335938,79.31236267089844,46.92079162597656,123.0325698852539,,20.542194366455078,38.444000244140625,48.24239730834961,9.135421752929688,37.04816436767578,56.477603912353516,63.97453689575195,2063.949951171875
2016-03-31,0.8702375292778015,148.75,75.93173217773438,78.77230072021484,46.603755950927734,121.82969665527344,,21.027629852294922,38.96342468261719,48.4001350402832,9.158711433410645,36.86417007446289,56.362586975097656,62.98670196533203,2059.739990234375
2016-04-01,0.8829382658004761,148.63999938964844,76.46480560302734,79.59062957763672,46.724979400634766,123.5757827758789,,20.781064987182617,39.07884979248047,48.698089599609375,9.317103385925293,37.4401741027832,57.84000778198242,63.77042770385742,2072.780029296875
2016-04-04,0.8743897080421448,149.05999755859375,75.2613525390625,76.75921630859375,45.988346099853516,120.20782470703125,,20.511375427246094,38.559444427490234,48.57540512084961,9.144735336303711,37.056156158447266,57.37994384765625,63.468318939208984,2066.1298828125
2016-04-05,0.8731686472892761,145.42999267578125,74.2355728149414,76.80010986328125,45.54076385498047,119.24553680419922,,20.519079208374023,38.31414794921875,47.812984466552734,8.956067085266113,36.60816192626953,57.23842239379883,63.174434661865234,2045.1700439453125
2016-04-06,0.8743897080421448,146.6999969482422,75.30979919433594,78.95234680175781,45.64334487915039,121.62018585205078,,20.604412078857422,38.69649887084961,48.30374526977539,9.123771667480469,36.88816833496094,58.57426834106445,63.64795684814453,2066.659912109375
2016-04-07,0.865352988243103,144.64999389648438,73.53285217285156,77.3811264038086,45.71793746948242,120.51045989990234,,19.95277214050293,38.141014099121094,47.7253532409668,8.813980102539062,36.096160888671875,56.59260940551758,62.93767547607422,2041.9100341796875
2016-04-08,0.8709702491760254,145.67999267578125,73.74284362792969,74.66429138183594,46.18415451049805,122.4583511352539,,20.0225887298584,38.26365280151367,47.690303802490234,8.76506519317627,36.024166107177734,56.67222595214844,63.60715866088867,2047.5999755859375
2016-04-11,0.8763437867164612,146.61000061035156,74.75248718261719,73.95234680175781,46.14685821533203,121.19339752197266,,20.263080596923828,38.003944396972656,47.59390640258789,8.886190414428711,35.872161865234375,56.09718322753906,64.18679809570312,2041.989990234375
2016-04-12,0.8753666281700134,148.97999572753906,76.0609359741211,74.53334045410156,46.64106369018555,121.22443389892578,,20.27083396911621,38.29973220825195,47.891845703125,8.984020233154297,36.32815170288086,56.09718322753906,65.06851959228516,2061.719970703125
2016-04-13,0.8973484635353088,151.91000366210938,78.85558319091797,76.57099914550781,47.44295883178711,123.78534698486328,,20.713024139404297,38.27808380126953,48.505287170410156,9.326422691345215,36.9521598815918,56.86684036254883,66.3503189086914,2082.419921875
2016-04-14,0.8997911214828491,151.02000427246094,78.45980834960938,75.73628234863281,47.2564697265625,124.71658325195312,,19.890708923339844,38.18429946899414,48.514060974121094,9.219274520874023,36.816165924072266,56.35374450683594,66.03189086914062,2082.780029296875
2016-04-15,0.9068740606307983,150.8699951171875,77.87825012207031,77.3074722290039,47.116607666015625,124.81749725341797,,19.487306594848633,38.141014099121094,48.76819610595703,9.175017356872559,36.73616027832031,56.41566467285156,65.99925231933594,2080.72998046875
2016-04-18,0.902966320514679,152.47999572753906,78.00752258300781,77.89666748046875,47.069984436035156,125.05030059814453,,19.22354507446289,38.53778839111328,49.47803497314453,9.354373931884766,36.87215805053711,56.84030532836914,66.41564178466797,2094.340087890625
2016-04-19,0.8868459463119507,152.07000732421875,78.2175064086914,77.5857162475586,47.5455436706543,125.4072265625,,18.95978546142578,38.638790130615234,49.41667556762695,9.30312728881836,36.86417007446289,56.51298904418945,66.5544204711914,2100.800048828125
2016-04-20,0.8902656435966492,153.1999969482422,79.76829528808594,77.60208129882812,47.50823211669922,125.19770812988281,,18.711538314819336,38.516143798828125,48.71561050415039,9.375333786010742,37.248172760009766,56.53953552246094,66.46461486816406,2102.39990234375
2016-04-21,0.8892885446548462,153.47999572753906,79.8248519897461,76.98833465576172,47.51755142211914,124.32076263427734,,18.703781127929688,37.722591400146484,48.88212203979492,9.326422691345215,35.85615158081055,55.94679641723633,64.48072814941406,2091.47998046875
2016-04-22,0.8858692049980164,154.27000427246094,80.7052230834961,76.90650177001953,47.685401916503906,124.6700439453125,,18.804624557495117,37.708168029785156,45.37676239013672,9.356701850891113,36.07216262817383,56.831478118896484,65.01136779785156,2091.580078125
2016-04-25,0.8902656435966492,153.4600067138672,79.84907531738281,77.23384857177734,47.592166900634766,125.4615478515625,,19.02184295654297,37.92458724975586,45.66596984863281,9.191326141357422,35.84016418457031,57.23842239379883,64.48072814941406,2087.7900390625
2016-04-26,0.8909984230995178,153.57000732421875,80.96367645263672,77.71665954589844,48.11432647705078,125.54694366455078,,19.029605865478516,37.982303619384766,45.078819274902344,9.314772605895996,36.0401611328125,58.09656524658203,64.75012969970703,2091.699951171875
2016-04-27,0.9112703800201416,155.91000366210938,81.63409423828125,77.65119171142578,48.80434036254883,126.24535369873047,,19.18475341796875,38.32137680053711,44.64064407348633,9.263526916503906,35.99217224121094,59.12276840209961,69.66496276855469,2095.14990234375
2016-04-28,0.884159505367279,153.77999877929688,79.25945281982422,76.93104553222656,44.85076141357422,125.0269775390625,,18.858938217163086,38.10495376586914,43.729251861572266,8.993334770202637,35.00817108154297,57.71613311767578,69.06079864501953,2075.81005859375
2016-04-29,0.8677951097488403,154.67999267578125,77.4582748413086,76.27641296386719,44.84142303466797,123.60687255859375,,18.339168548583984,37.59996032714844,43.702964782714844,8.851247787475586,35.504154205322266,57.901920318603516,69.04450225830078,2065.300048828125
2016-05-02,0.8792746067047119,155.58999633789062,79.0090560913086,77.9294204711914,45.18643569946289,123.73098754882812,,18.075410842895508,37.946231842041016,44.35145568847656,9.03060245513916,35.968162536621094,58.830833435058594,70.41607666015625,2081.429931640625
2016-05-03,0.8687722086906433,154.86000061035156,77.19174194335938,77.3565902709961,44.505760192871094,121.44947052001953,,17.842674255371094,37.80195236206055,43.62408447265625,8.769722938537598,35.656158447265625,58.114261627197266,70.39974212646484,2063.3701171875
2016-05-04,0.8489885330200195,152.72000122070312,76.55367279052734,76.14546203613281,43.78776931762695,122.38849639892578,,17.765106201171875,37.722591400146484,43.702964782714844,8.60201644897461,35.27214813232422,57.910770416259766,70.25279235839844,2051.1201171875
2016-05-05,0.8541175723075867,151.66000366210938,75.85348510742188,74.46788787841797,43.4893913269043,122.9627456665039,,17.70303726196289,37.22807312011719,43.76430892944336,8.56474781036377,35.34416198730469,57.831153869628906,70.41607666015625,2050.6298828125
2016-05-06,0.8629103899002075,151.42999267578125,75.91861724853516,73.73957824707031,43.5826301574707,124.20436096191406,,17.959043502807617,37.75168991088867,44.158660888671875,8.59968376159668,35.09615707397461,58.3973274230957,70.50587463378906,2057.139892578125
2016-05-09,0.8616890907287598,150.14999389648438,75.6581039428711,73.89506530761719,43.181678771972656,123.73098754882812,,17.850435256958008,37.80986404418945,43.87821960449219,8.576395988464355,35.33616256713867,58.538883209228516,70.26911926269531,2058.68994140625
2016-05-10,0.8782975673675537,152.38999938964844,77.52247619628906,73.1176528930664,43.843719482421875,126.21432495117188,,18.207292556762695,38.46438980102539,44.71074295043945,8.69518756866455,35.79216766357422,59.220088958740234,71.03654479980469,2084.389892578125
2016-05-11,0.8807401657104492,152.0,77.48176574707031,69.14877319335938,43.74113464355469,126.38506317138672,,18.098678588867188,37.9698600769043,44.73705291748047,8.60900592803955,35.408164978027344,58.33542251586914,70.53035736083984,2064.4599609375
2016-05-12,0.8687722086906433,150.92999267578125,77.62015533447266,71.09635162353516,43.81574249267578,126.7187271118164,,17.834917068481445,37.89714431762695,45.1401481628418,8.578725814819336,35.60016632080078,58.50349044799805,71.26512908935547,2064.110107421875
2016-05-13,1.0009076595306396,145.3800048828125,76.3908462524414,69.96707153320312,43.19100570678711,125.41503143310547,,17.873703002929688,37.606239318847656,44.763343811035156,8.371414184570312,35.552154541015625,58.3973274230957,71.03654479980469,2046.6099853515625
2016-05-16,1.0304609537124634,146.39999389648438,76.98514556884766,70.78540802001953,43.79709243774414,127.11451721191406,,18.145227432250977,37.86078643798828,45.42058181762695,8.357441902160645,35.440155029296875,58.68928527832031,71.33045959472656,2066.659912109375
2016-05-17,1.0326591730117798,144.97999572753906,77.41663360595703,72.10291290283203,43.89966583251953,127.30072784423828,,18.300378799438477,37.43170166015625,44.57341003417969,8.366758346557617,34.99215316772461,59.12276840209961,70.47322082519531,2047.2099609375
2016-05-18,1.059037685394287,146.14999389648438,79.40315246582031,72.83124542236328,44.30061340332031,127.19954681396484,,18.486560821533203,37.620784759521484,44.838157653808594,8.706833839416504,35.520164489746094,59.43241500854492,71.81214904785156,2047.6300048828125
2016-05-19,1.06367826461792,145.47999572753906,78.65412139892578,72.96216583251953,43.8530387878418,125.96874237060547,,18.15298843383789,37.606239318847656,44.4057502746582,8.5531005859375,35.240150451660156,59.458946228027344,71.15901184082031,2040.0400390625
2016-05-20,1.0827287435531616,146.85000610351562,79.51712799072266,74.9834213256836,44.31926727294922,126.3426284790039,,18.78911590576172,37.838966369628906,44.67048645019531,8.7673978805542,36.000160217285156,59.5916633605957,71.59986114501953,2052.320068359375
2016-05-23,1.0844391584396362,146.52999877929688,79.41942596435547,75.86724090576172,44.31926727294922,126.31929016113281,,19.153732299804688,37.620784759521484,44.14982986450195,8.7673978805542,35.74416732788086,59.467796325683594,71.14268493652344,2048.0400390625
2016-05-24,1.1107629537582397,148.8800048828125,81.226806640625,76.42367553710938,44.505760192871094,128.048583984375,,19.5571231842041,38.602577209472656,45.52647018432617,9.084174156188965,36.376155853271484,60.264007568359375,72.39179992675781,2076.06005859375
2016-05-25,1.1061104536056519,150.1999969482422,82.52132415771484,76.8655776977539,44.69224548339844,126.70881652832031,,19.797616958618164,39.03165054321289,45.99419021606445,9.268189430236816,36.360145568847656,60.11360168457031,71.63252258300781,2090.5400390625
2016-05-26,1.1178642511367798,149.30999755859375,81.5524673461914,76.80010986328125,44.571006774902344,126.72437286376953,,19.31663703918457,39.24983215332031,45.79122543334961,9.188989639282227,36.024166107177734,59.91897964477539,71.10702514648438,2090.10009765625
2016-05-27,1.1239858865737915,150.1699981689453,82.65153503417969,76.98014831542969,44.5989875793457,126.61532592773438,,19.63470458984375,39.51164627075195,46.17068099975586,9.34311580657959,36.329586029052734,60.14898681640625,71.80496978759766,2099.06005859375
2016-05-31,1.144066333770752,148.88999938964844,82.773681640625,77.19293212890625,44.58967590332031,126.04670715332031,,19.80537223815918,39.431640625,46.77075958251953,9.382813453674316,36.30548095703125,59.839385986328125,71.75569915771484,2096.949951171875
2016-06-01,1.1462703943252563,150.02000427246094,83.3272933959961,78.11763000488281,44.66426467895508,127.30856323242188,,19.448522567749023,39.60618209838867,46.638389587402344,9.338444709777832,36.27333068847656,60.3259391784668,70.9838638305664,2099.330078125
2016-06-02,1.1543511152267456,152.47999572753906,83.05863189697266,79.0587158203125,44.60832214355469,126.41276550292969,,19.386455535888672,39.955257415771484,46.31187438964844,9.364131927490234,36.14472579956055,60.27284240722656,70.34339904785156,2105.260009765625
2016-06-03,1.1381889581680298,150.44000244140625,81.82113647460938,78.40403747558594,44.27265548706055,123.92800903320312,,19.347673416137695,39.78799819946289,45.70298385620117,9.1492919921875,35.62229537963867,60.0605354309082,69.80150604248047,2099.1298828125
2016-06-06,1.132312536239624,153.80999755859375,83.05863189697266,78.82958984375,44.97198486328125,123.8501205444336,,19.401975631713867,39.940711975097656,46.003021240234375,9.382813453674316,35.71873092651367,60.06937789916992,69.53874969482422,2109.409912109375
2016-06-07,1.1345160007476807,152.85000610351562,82.83883666992188,76.97196197509766,45.456851959228516,124.23957824707031,,19.42525291442871,40.078895568847656,45.97654342651367,9.3921537399292,35.80714797973633,59.936676025390625,69.7686538696289,2112.1298828125
2016-06-08,1.130842924118042,152.38999938964844,82.58644104003906,76.7101058959961,45.9044189453125,124.35641479492188,,19.502819061279297,40.0861701965332,45.92359924316406,9.39915943145752,35.78304672241211,61.05134963989258,69.85897827148438,2119.1201171875
2016-06-09,1.1602283716201782,150.0,81.95954895019531,78.70684814453125,45.49414825439453,124.90164184570312,,19.31663703918457,40.15162658691406,45.552955627441406,9.338444709777832,35.750877380371094,61.02482604980469,69.82613372802734,2115.47998046875
2016-06-10,1.1313321590423584,147.33999633789062,81.04769897460938,78.3958740234375,45.055912017822266,121.43539428710938,,18.998573303222656,39.67890930175781,45.42939758300781,9.111928939819336,35.18022155761719,60.07822799682617,69.60443115234375,2096.070068359375
2016-06-13,1.1457805633544922,145.92999267578125,80.47782135009766,76.78375244140625,44.067501068115234,119.88531494140625,,18.897724151611328,39.43891525268555,44.24689483642578,8.831707954406738,35.42134475708008,59.812355041503906,69.12818145751953,2079.06005859375
2016-06-14,1.1479843854904175,143.99000549316406,78.31219482421875,74.76248931884766,43.74051284790039,119.57374572753906,,18.781356811523438,39.693443298339844,43.97333908081055,8.616869926452637,35.292747497558594,59.93640899658203,68.9393310546875,2075.320068359375
2016-06-15,1.159738302230835,144.66000366210938,78.77626037597656,77.3811264038086,43.53498840332031,119.21544647216797,,18.952030181884766,39.649810791015625,43.84979248046875,8.700937271118164,34.82658767700195,60.40613555908203,68.64373779296875,2071.5
2016-06-16,1.1643913984298706,144.0500030517578,78.36918640136719,76.92288208007812,43.60039138793945,119.55819702148438,,18.983062744140625,39.92618179321289,44.46752166748047,8.574836730957031,35.22041320800781,60.441593170166016,69.99855041503906,2077.989990234375
2016-06-17,1.144066333770752,144.35000610351562,78.7273941040039,78.27312469482422,43.469600677490234,119.15316009521484,,19.28561019897461,39.70072937011719,44.23807907104492,8.504778861999512,35.36507797241211,59.98959732055664,70.21200561523438,2071.219970703125
2016-06-20,1.1646361351013184,145.08999633789062,80.02191162109375,78.72317504882812,43.759212493896484,120.11121368408203,,19.63470458984375,40.187984466552734,44.18512725830078,8.567830085754395,35.445465087890625,61.10626220703125,70.40911102294922,2083.25
2016-06-21,1.1575348377227783,146.07000732421875,80.34756469726562,79.5169906616211,43.348148345947266,120.36051177978516,,19.6424617767334,40.36980056762695,45.173492431640625,8.488433837890625,35.54189682006836,61.16828918457031,70.49942779541016,2088.89990234375
2016-06-22,1.1565550565719604,144.1699981689453,80.73833465576172,78.89506530761719,43.36682891845703,118.67799377441406,,19.54161262512207,40.22434997558594,44.99699401855469,8.560829162597656,35.41331481933594,61.00874710083008,70.73751068115234,2085.449951171875
2016-06-23,1.18740975856781,146.39999389648438,82.80625915527344,79.58245849609375,44.347774505615234,121.21728515625,,20.185501098632812,40.93706130981445,45.80887222290039,8.78734016418457,36.13668441772461,61.37213897705078,71.09061431884766,2113.320068359375
2016-06-24,1.1198235750198364,141.49000549316406,74.34732055664062,73.32223510742188,41.75996017456055,116.94098663330078,,19.176998138427734,39.73710250854492,43.97333908081055,8.303953170776367,34.07909393310547,58.24370574951172,68.3235092163086,2037.4100341796875
2016-06-27,1.1078243255615234,134.6699981689453,69.62531280517578,71.50553894042969,40.99388885498047,115.30519104003906,,17.811647415161133,39.46799850463867,42.737876892089844,7.890625476837158,32.93776321411133,56.73709487915039,66.51709747314453,2000.5400390625
2016-06-28,1.1239858865737915,139.22999572753906,69.77183532714844,71.92290496826172,41.76930236816406,117.82115936279297,,17.98231315612793,40.384334564208984,43.62917709350586,8.009719848632812,33.84599685668945,58.85520935058594,68.29066467285156,2036.0899658203125
2016-06-29,1.1423523426055908,143.1300048828125,72.43408203125,73.02571105957031,42.4886474609375,120.11902618408203,,18.983062744140625,40.827964782714844,44.59989547729492,8.23389720916748,34.68993377685547,60.27320098876953,69.2513427734375,2070.77001953125
2016-06-30,1.151167631149292,143.1300048828125,73.15054321289062,73.75818634033203,43.1893196105957,122.93099975585938,,19.07615089416504,43.27153778076172,45.15583801269531,8.26659107208252,35.670509338378906,61.531639099121094,70.86888122558594,2098.860107421875
2016-07-01,1.1425971984863281,142.75,73.0854263305664,74.13677215576172,43.348148345947266,123.07117462158203,,18.843420028686523,43.22789001464844,45.14702224731445,8.184859275817871,35.574066162109375,60.97330856323242,72.21549987792969,2102.949951171875
2016-07-05,1.1594936847686768,139.50999450683594,70.70814514160156,72.85286712646484,42.19905471801758,120.76553344726562,,18.215045928955078,43.70060729980469,45.15583801269531,7.9513397216796875,34.61760330200195,60.27320098876953,70.19560241699219,2088.550048828125
2016-07-06,1.166839599609375,139.61000061035156,71.09892272949219,74.20262908935547,41.984169006347656,121.77812957763672,,18.31589698791504,44.246055603027344,45.34116744995117,7.958343029022217,34.344322204589844,60.49474334716797,70.12171173095703,2099.72998046875
2016-07-07,1.197204828262329,140.14999389648438,71.70952606201172,75.5194320678711,42.37655258178711,122.48699188232422,,18.571897506713867,44.06424331665039,45.34116744995117,8.133484840393066,34.33628463745117,60.8315315246582,69.31702423095703,2097.89990234375
2016-07-08,1.245200514793396,143.7899932861328,73.95654296875,76.74573516845703,42.8249626159668,124.75364685058594,,19.037363052368164,44.602413177490234,46.15303039550781,8.26425838470459,35.02750778198242,61.80641555786133,70.96744537353516,2129.89990234375
2016-07-11,1.2738512754440308,143.69000244140625,74.62413787841797,79.0172348022461,43.19866180419922,125.71952056884766,,18.944271087646484,44.536964416503906,46.40894317626953,8.38101577758789,35.188262939453125,61.974761962890625,71.32872772216797,2137.159912109375
2016-07-12,1.2929519414901733,150.05999755859375,77.03399658203125,81.1241455078125,43.62841796875,126.73213195800781,,19.51833724975586,44.36967849731445,46.95606231689453,8.567830085754395,35.236480712890625,62.50651550292969,71.87063598632812,2152.139892578125
2016-07-13,1.292461633682251,149.6699981689453,76.4071044921875,81.09123992919922,43.394859313964844,126.49849700927734,,19.789859771728516,44.44241714477539,47.2208251953125,8.483763694763184,34.906951904296875,62.426761627197266,72.20731353759766,2152.429931640625
2016-07-14,1.3056855201721191,151.85000610351562,77.96211242675781,81.41219329833984,44.011451721191406,126.73213195800781,,19.76641273498535,44.449676513671875,47.42377853393555,8.530465126037598,35.20432662963867,62.931915283203125,72.51107788085938,2163.75
2016-07-15,1.290502905845642,150.4499969482422,78.35289001464844,81.37104034423828,44.48789978027344,126.50627899169922,,19.75078010559082,44.30422592163086,47.388484954833984,8.581841468811035,35.164154052734375,63.23322296142578,72.1990966796875,2161.739990234375
2016-07-18,1.2971144914627075,150.39999389648438,78.81694793701172,81.60973358154297,44.39448547363281,125.64945983886719,,19.969629287719727,44.1878776550293,47.6179313659668,8.621538162231445,35.15611267089844,62.869873046875,71.919921875,2166.889892578125
2016-07-19,1.3105825185775757,150.1999969482422,78.46686553955078,81.31342315673828,44.8429069519043,124.68355560302734,,19.961811065673828,44.14423751831055,46.85017776489258,8.71027660369873,35.17218780517578,63.66747283935547,71.919921875,2163.780029296875
2016-07-20,1.3277236223220825,151.8800048828125,78.5645751953125,82.33396911621094,44.64672088623047,125.89091491699219,,20.243179321289062,44.00605392456055,49.338741302490234,8.119473457336426,35.148075103759766,63.74724197387695,71.75569915771484,2173.02001953125
2016-07-21,1.303236484527588,149.99000549316406,78.36105346679688,81.62615966796875,44.24501037597656,121.54447937011719,,20.313520431518555,43.882423400878906,49.24166488647461,8.061094284057617,34.93911361694336,63.41934585571289,71.6982421875,2165.169921875
2016-07-22,1.338743805885315,151.8000030517578,79.03679656982422,81.38751220703125,44.226314544677734,123.28927612304688,,20.688682556152344,44.17333221435547,49.921173095703125,8.145161628723145,35.98397445678711,64.1106185913086,72.17444610595703,2175.030029296875
2016-07-25,1.363476037979126,151.16000366210938,78.4017562866211,82.1035385131836,43.77788543701172,123.18798065185547,,20.60271644592285,44.1878776550293,50.0623664855957,8.119473457336426,35.670509338378906,63.694061279296875,71.9281234741211,2168.47998046875
2016-07-26,1.3867396116256714,152.02000427246094,78.64599609375,83.08289337158203,44.291717529296875,122.9075927734375,,20.790294647216797,44.515132904052734,50.08882522583008,8.114801406860352,35.52583312988281,64.21694946289062,71.03314971923828,2169.179931640625
2016-07-27,1.3727810382843018,150.75,77.80744171142578,81.68377685546875,44.10487747192383,121.47433471679688,,20.61833953857422,43.81697463989258,49.5858268737793,8.175519943237305,35.212371826171875,63.70295333862305,68.76689147949219,2166.580078125
2016-07-28,1.3757202625274658,152.16000366210938,77.79114532470703,79.74969482421875,44.27303695678711,121.08490753173828,,20.61052703857422,43.38459396362305,49.60348129272461,8.2058744430542,35.30881881713867,64.50055694580078,68.43846130371094,2170.06005859375
2016-07-29,1.3982486724853516,151.67999267578125,78.0272216796875,80.7291030883789,43.936710357666016,122.42464447021484,,20.59489631652832,43.4432373046875,50.01824188232422,8.135819435119629,32.029510498046875,64.1549301147461,68.15927124023438,2173.60009765625
2016-08-01,1.3891881704330444,152.30999755859375,77.2049789428711,80.39168548583984,43.98342514038086,122.35460662841797,,20.829368591308594,43.42856979370117,49.93000411987305,8.203540802001953,32.15810775756836,64.1637954711914,68.35636138916016,2170.840087890625
2016-08-02,1.3722916841506958,150.58999633789062,75.7150650024414,76.86917877197266,43.394859313964844,120.18135833740234,,20.360422134399414,43.15009689331055,49.93000411987305,7.995710372924805,32.24652099609375,63.534542083740234,68.38919830322266,2157.030029296875
2016-08-03,1.3759651184082031,153.72000122070312,77.18869018554688,76.42475891113281,43.768558502197266,120.18910217285156,,20.493289947509766,42.878929138183594,50.274147033691406,8.131150245666504,32.59213638305664,62.96734619140625,69.06249237060547,2163.7900390625
2016-08-04,1.4014317989349365,154.7899932861328,77.09020233154297,77.58517456054688,42.890380859375,119.51924896240234,,20.67305564880371,42.974205017089844,50.644798278808594,8.131150245666504,32.34297561645508,62.92305374145508,68.7176284790039,2164.25
2016-08-05,1.4251854419708252,162.32000732421875,79.20742797851562,79.0501708984375,43.15195083618164,121.82488250732422,,21.196718215942383,43.50184631347656,51.14778518676758,8.437057495117188,32.67251968383789,63.28639602661133,69.63727569580078,2182.8701171875
2016-08-08,1.4384082555770874,163.47000122070312,79.44541931152344,78.97607421875,43.98342514038086,120.83560943603516,,21.45464324951172,43.296653747558594,51.23605728149414,8.362334251403809,32.65644073486328,62.90536117553711,69.5962142944336,2180.889892578125
2016-08-09,1.4420820474624634,163.00999450683594,78.99407196044922,78.24361419677734,44.25434494018555,121.56783294677734,,21.634410858154297,43.56781768798828,51.35959243774414,8.28527545928955,32.471580505371094,63.19777297973633,69.61260986328125,2181.739990234375
2016-08-10,1.4327762126922607,162.5399932861328,78.5509033203125,84.88529968261719,44.179603576660156,121.36531829833984,,21.587512969970703,43.61178207397461,51.20074462890625,8.168510437011719,32.36710739135742,63.23322296142578,69.61260986328125,2175.489990234375
2016-08-11,1.4619168043136597,164.72000122070312,78.88737487792969,89.46123504638672,44.366458892822266,122.13646697998047,,21.970502853393555,43.89759063720703,51.447837829589844,8.236234664916992,32.35102081298828,63.640899658203125,69.99031829833984,2185.7900390625
2016-08-12,1.543705940246582,164.4600067138672,78.45245361328125,89.04151153564453,44.46921920776367,119.58157348632812,,22.236236572265625,43.992862701416016,51.13015365600586,8.29694652557373,32.222408294677734,64.11947631835938,69.94926452636719,2184.050048828125
2016-08-15,1.5422362089157104,168.94000244140625,79.47824096679688,89.84806060791016,45.13252258300781,119.67504119873047,,22.509796142578125,44.044158935546875,51.28899383544922,8.37634563446045,32.31885528564453,64.53600311279297,70.4419174194336,2190.14990234375
2016-08-16,1.5329313278198242,167.99000549316406,79.22384643554688,89.5517807006836,45.19792175292969,118.41316223144531,,22.627031326293945,43.450557708740234,51.00484085083008,8.28527545928955,32.14204406738281,64.01309967041016,69.94926452636719,2178.14990234375
2016-08-17,1.4974241256713867,168.2100067138672,79.78187561035156,88.47362518310547,45.19792175292969,119.5315170288086,,22.548873901367188,43.58245849609375,51.111385345458984,8.268927574157715,32.15007400512695,63.50798034667969,70.45014190673828,2182.219970703125
2016-08-18,1.5206873416900635,168.5500030517578,79.7408447265625,89.38715362548828,45.71173858642578,120.05548858642578,,26.480268478393555,43.84629440307617,51.14692306518555,8.231565475463867,32.32689666748047,63.711795806884766,70.72932434082031,2187.02001953125
2016-08-19,1.5246052742004395,167.55999755859375,79.60953521728516,89.65050506591797,46.03873062133789,120.37619018554688,,27.12898063659668,44.0807991027832,51.1646728515625,8.222223281860352,32.35102081298828,63.171199798583984,71.32872772216797,2183.8701171875
2016-08-22,1.5309723615646362,167.41000366210938,79.44541931152344,88.91803741455078,45.97332763671875,119.81306457519531,,27.12898063659668,44.249351501464844,51.20906448364258,8.159171104431152,32.45550537109375,63.729530334472656,71.19733428955078,2182.639892578125
2016-08-23,1.5433615446090698,168.44000244140625,80.1429443359375,89.78221130371094,46.03873062133789,121.0252914428711,,27.347841262817383,44.44722366333008,51.4044303894043,8.222223281860352,32.24652099609375,63.968814849853516,71.2137680053711,2186.89990234375
2016-08-24,1.5195645093917847,166.02000427246094,80.03627014160156,88.77815246582031,46.356361389160156,121.2364273071289,,27.214969635009766,44.476531982421875,51.45769500732422,8.187193870544434,32.18223190307617,63.63203048706055,71.30410766601562,2175.43994140625
2016-08-25,1.5095059871673584,165.8000030517578,79.94599914550781,88.13617706298828,46.515174865722656,121.48670196533203,,27.386917114257812,44.50585174560547,51.65306091308594,8.086780548095703,32.21438217163086,63.88904571533203,72.37769317626953,2172.469970703125
2016-08-26,1.5217722654342651,166.57000732421875,80.70097351074219,87.58475494384766,46.39374923706055,120.51693725585938,,27.347841262817383,44.33730697631836,51.52872085571289,8.245575904846191,32.04558181762695,63.43708419799805,72.41899108886719,2169.0400390625
2016-08-29,1.5207908153533936,166.1300048828125,81.2672119140625,87.60946655273438,46.5432014465332,121.32244110107422,,27.457258224487305,44.44722366333008,51.590904235839844,8.378681182861328,32.42335510253906,63.89791488647461,73.26963806152344,2180.3798828125
2016-08-30,1.5119593143463135,166.0800018310547,82.6048355102539,86.00459289550781,46.347015380859375,120.88451385498047,,27.285303115844727,44.52783966064453,51.4044303894043,8.4723482131958,33.0697135925293,63.15348815917969,73.91378021240234,2176.1201171875
2016-08-31,1.5048452615737915,164.1999969482422,82.94951629638672,85.28034973144531,45.543582916259766,119.88347625732422,,27.035198211669922,44.461883544921875,51.02260208129883,8.402098655700684,33.18284225463867,63.118019104003906,73.95508575439453,2170.949951171875
2016-09-01,1.5492491722106934,167.6699981689453,81.97296905517578,85.20626831054688,45.571598052978516,119.80526733398438,,27.30093765258789,44.69639205932617,51.13803482055664,8.22880744934082,32.875816345214844,63.66747283935547,73.71558380126953,2170.860107421875
2016-09-02,1.5340386629104614,167.6300048828125,82.97412109375,84.95935821533203,45.91727828979492,120.18846130371094,,27.277490615844727,44.79165267944336,51.20906448364258,8.273303031921387,33.11819076538086,64.1549301147461,74.52490234375,2179.97998046875
2016-09-06,1.5485129356384277,167.8000030517578,82.6048355102539,84.40794372558594,45.70240020751953,119.47681427001953,,27.410364151000977,44.879608154296875,51.155792236328125,8.238177299499512,32.91621017456055,63.87133026123047,74.22763061523438,2186.47998046875
2016-09-07,1.5256974697113037,167.9600067138672,82.68692779541016,86.284423828125,45.53424835205078,118.34276580810547,,27.715181350708008,45.099464416503906,51.2001953125,8.287352561950684,33.530250549316406,62.825557708740234,74.4340591430664,2186.159912109375
2016-09-08,1.536737322807312,167.63999938964844,82.67869567871094,84.67131042480469,45.2819938659668,118.31147003173828,,27.40254783630371,44.7550163269043,50.99595260620117,8.315451622009277,33.1101188659668,61.93048858642578,74.28541564941406,2181.300048828125
2016-09-09,1.460194706916809,160.85000610351562,81.57904815673828,82.91007995605469,44.637386322021484,115.3708724975586,,26.785085678100586,43.450557708740234,49.91264724731445,8.273303031921387,33.16667938232422,59.2274284362793,73.69083404541016,2127.81005859375
2016-09-12,1.4903699159622192,163.7899932861328,83.31059265136719,83.78247833251953,45.31001281738281,115.5742416381836,,27.457258224487305,43.8609504699707,50.65853500366211,8.381022453308105,33.94231033325195,59.71485137939453,74.5744857788086,2159.0400390625
2016-09-13,1.4687814712524414,161.25,81.43953704833984,82.68787384033203,44.75883483886719,114.77654266357422,,27.15243911743164,42.878929138183594,50.19678497314453,8.214763641357422,33.82111740112305,59.111148834228516,73.06317901611328,2127.02001953125
2016-09-14,1.4817838668823242,162.4199981689453,81.4149398803711,82.11174774169922,44.46867370605469,115.16755676269531,,27.027381896972656,42.78365707397461,49.95702362060547,8.23349380493164,33.772640228271484,58.676090240478516,72.12168884277344,2125.77001953125
2016-09-15,1.537963628768921,163.08999633789062,82.81820678710938,82.35040283203125,44.55290985107422,116.13734436035156,,27.394723892211914,43.24535369873047,50.782840728759766,8.334185600280762,34.055423736572266,59.350833892822266,72.57589721679688,2147.260009765625
2016-09-16,1.541643738746643,164.50999450683594,81.49697875976562,82.35865020751953,43.77604675292969,115.73845672607422,,27.20714569091797,42.673736572265625,50.83612823486328,8.235836029052734,33.772640228271484,58.81815719604492,72.55937957763672,2139.159912109375
2016-09-19,1.5620062351226807,168.52000427246094,82.03038787841797,82.2599105834961,44.0755615234375,116.8099136352539,,27.85586929321289,42.95222854614258,50.55197525024414,8.338872909545898,33.966556549072266,59.81252670288086,74.01287078857422,2139.1201171875
2016-09-20,1.5477772951126099,167.64999389648438,81.54624938964844,81.28874969482422,43.785400390625,116.90377044677734,,27.34001922607422,43.399261474609375,50.44541931152344,8.348238945007324,33.909996032714844,59.803646087646484,73.74861145019531,2139.760009765625
2016-09-21,1.591200351715088,170.8699951171875,82.76899719238281,81.5685806274414,44.300201416015625,117.23223876953125,,27.910585403442383,43.73636245727539,51.28898239135742,8.43956470489502,34.33820724487305,60.26530838012695,74.90480041503906,2163.1201171875
2016-09-22,1.5951251983642578,172.11000061035156,82.7936019897461,81.45333099365234,45.03026580810547,119.50025939941406,,28.105974197387695,44.242027282714844,51.3422737121582,8.519180297851562,34.84723663330078,61.3040657043457,75.38378143310547,2177.179931640625
2016-09-23,1.5934083461761475,170.52999877929688,81.76780700683594,82.22697448730469,44.33763885498047,118.71031188964844,,27.871498107910156,43.90492248535156,50.99595260620117,8.48171615600586,34.55636215209961,60.96668243408203,74.44230651855469,2164.68994140625
2016-09-26,1.5784432888031006,170.75999450683594,80.30707550048828,79.64273834228516,44.03811264038086,118.07686614990234,,27.496337890625,43.73636245727539,50.52533721923828,8.280326843261719,34.24125289916992,60.59379959106445,74.27715301513672,2146.10009765625
2016-09-27,1.6324152946472168,171.4499969482422,80.72561645507812,80.5398178100586,44.52482986450195,118.04556274414062,,27.62139129638672,44.16874313354492,51.45769500732422,8.301403999328613,34.50789260864258,61.20637893676758,74.9130859375,2159.929931640625
2016-09-28,1.638303279876709,174.47999572753906,81.36567687988281,81.01959228515625,44.90859603881836,118.00645446777344,,27.4728946685791,42.13875961303711,51.52872085571289,8.381022453308105,34.67755889892578,61.62368392944336,75.78843688964844,2171.3701171875
2016-09-29,1.65351402759552,172.66000366210938,79.94599914550781,82.43418884277344,44.20659637451172,116.68476867675781,,27.14461898803711,41.889591217041016,50.969322204589844,8.210077285766602,34.21702575683594,60.60266876220703,75.54072570800781,2151.1298828125
2016-09-30,1.6809905767440796,173.72999572753906,81.87450408935547,83.66675567626953,44.721405029296875,118.84329223632812,,27.996553421020508,42.4099006652832,51.14692306518555,8.25925350189209,34.59675979614258,61.17975997924805,76.18486022949219,2168.27001953125
2016-10-03,1.679273247718811,172.7100067138672,82.74435424804688,83.4930191040039,44.3938102722168,117.83444213867188,,27.63702392578125,42.10944366455078,50.987083435058594,8.341214179992676,34.33820724487305,60.522796630859375,74.77266693115234,2161.199951171875
2016-10-04,1.6755930185317993,171.27000427246094,82.90849304199219,82.963623046875,44.11301040649414,117.64673614501953,,27.238407135009766,41.816307067871094,50.82725143432617,8.49342155456543,35.372398376464844,59.8213996887207,74.65702819824219,2150.489990234375
2016-10-05,1.673876166343689,173.1699981689453,84.68106842041016,82.51690673828125,45.03961181640625,118.2254409790039,,27.458452224731445,41.625770568847656,51.18244171142578,8.760379791259766,35.655181884765625,59.97233200073242,75.10302734375,2159.72998046875
2016-10-06,1.652042031288147,174.5500030517578,84.36920166015625,83.89012908935547,45.10512924194336,119.58623504638672,,27.340572357177734,41.58179473876953,51.2712287902832,8.715889930725098,35.2996826171875,60.32746124267578,74.27715301513672,2160.77001953125
2016-10-07,1.6400208473205566,172.44000244140625,83.01516723632812,85.21369171142578,44.683963775634766,117.53724670410156,,27.309139251708984,41.420562744140625,51.32450485229492,8.678420066833496,35.23504638671875,59.37748718261719,74.26889038085938,2153.739990234375
2016-10-10,1.6461540460586548,174.5800018310547,83.39266204833984,85.72659301757812,44.496761322021484,116.74732971191406,,27.261974334716797,41.530479431152344,51.537620544433594,8.72525691986084,35.29161071777344,59.73262023925781,74.98738861083984,2163.659912109375
2016-10-11,1.6223573684692383,171.07000732421875,81.808837890625,84.65117645263672,43.42973709106445,114.72962188720703,,26.782604217529297,41.06145477294922,50.782840728759766,8.619877815246582,34.89570999145508,58.80042266845703,74.73963165283203,2136.72998046875
2016-10-12,1.6297165155410767,171.97000122070312,82.1370849609375,84.1382827758789,43.27996826171875,115.26141357421875,,26.609708786010742,41.164058685302734,50.71180725097656,8.589433670043945,35.06538009643555,59.510650634765625,75.25992584228516,2139.179931640625
2016-10-13,1.6032215356826782,168.74000549316406,80.99640655517578,82.46727752685547,42.774532318115234,114.15872955322266,,26.617565155029297,41.215362548828125,50.5431022644043,8.458297729492188,34.62908172607422,59.07563781738281,74.40103912353516,2132.550048828125
2016-10-14,1.6189229488372803,171.39999389648438,79.66700744628906,80.67217254638672,42.90557098388672,115.2223129272461,,26.35036849975586,41.1860466003418,50.987083435058594,8.41146469116211,34.9926643371582,60.09661865234375,75.13605499267578,2132.97998046875
2016-10-17,1.6096001863479614,172.36000061035156,79.10895538330078,80.39917755126953,42.54053497314453,116.66132354736328,,26.263917922973633,40.848941802978516,50.809486389160156,8.245200157165527,34.85530471801758,60.67371368408203,75.36730194091797,2126.5
2016-10-18,1.6341325044631958,173.55999755859375,79.7080078125,80.77143859863281,42.727745056152344,116.96635437011719,,26.44468116760254,41.142086029052734,51.2001953125,8.355265617370605,34.944175720214844,60.283077239990234,75.4002914428711,2139.60009765625
2016-10-19,1.6306980848312378,174.35000610351562,80.49581909179688,81.87993621826172,42.7464714050293,116.61437225341797,,26.468252182006836,41.27400588989258,51.08475875854492,8.057863235473633,34.960350036621094,59.66158676147461,69.08253479003906,2144.2900390625
2016-10-20,1.6616097688674927,172.63999938964844,80.29888916015625,80.7300796508789,42.559268951416016,124.3959732055664,,26.617565155029297,41.215362548828125,50.83612823486328,7.968879222869873,34.653324127197266,59.73262023925781,68.86783599853516,2141.340087890625
2016-10-21,1.6569483280181885,173.6999969482422,80.06909942626953,79.9359130859375,42.35334396362305,124.0128402709961,,26.656864166259766,41.03947448730469,52.97612380981445,7.996980667114258,34.40285873413086,59.64384460449219,68.38883972167969,2141.159912109375
2016-10-24,1.7347177267074585,175.52999877929688,80.40554809570312,81.5655746459961,42.23167419433594,124.91216278076172,,26.751171112060547,41.164058685302734,54.16600036621094,7.9641947746276855,34.67755889892578,60.15877914428711,68.45489501953125,2151.330078125
2016-10-25,1.7631758451461792,172.89999389648438,79.79009246826172,80.92033386230469,41.93216323852539,122.59725952148438,,26.719730377197266,40.9222297668457,54.15713119506836,7.872868061065674,34.50789260864258,58.170047760009766,67.92634582519531,2143.159912109375
2016-10-26,1.770290493965149,171.8300018310547,73.96356964111328,81.11058807373047,41.960235595703125,121.20518493652344,,26.719730377197266,40.724365234375,53.83745193481445,7.8330583572387695,35.089630126953125,58.23219299316406,67.66209411621094,2139.429931640625
2016-10-27,1.7339814901351929,173.50999450683594,74.58726501464844,80.9285888671875,41.3611946105957,120.22755432128906,,26.562559127807617,40.48984146118164,53.36682891845703,7.807302951812744,34.83106994628906,55.79069519042969,66.20855712890625,2133.0400390625
2016-10-28,1.7310376167297363,173.9499969482422,73.22505187988281,81.18505096435547,41.305030822753906,119.82085418701172,,26.531118392944336,40.68199157714844,53.162593841552734,7.807302951812744,35.75215148925781,56.45655059814453,66.05167388916016,2126.409912109375
2016-10-31,1.7457574605941772,175.3000030517578,72.53567504882812,81.15194702148438,41.27696228027344,120.51693725585938,,26.67258071899414,40.792842864990234,53.20699691772461,7.7721734046936035,35.6390266418457,56.67850875854492,66.49762725830078,2126.14990234375
2016-11-01,1.6939929723739624,172.67999267578125,71.96946716308594,81.6152114868164,42.016395568847656,118.95280456542969,,26.004592895507812,40.10557174682617,53.10044860839844,7.645721435546875,35.66326141357422,56.34113693237305,65.53963470458984,2111.719970703125
2016-11-02,1.6868782043457031,152.02000427246094,71.19805908203125,80.87068939208984,41.27696228027344,119.1561279296875,,25.47804832458496,40.157291412353516,52.77189636230469,7.561418533325195,35.630950927734375,56.243473052978516,65.01110076904297,2097.93994140625
2016-11-03,1.6672521829605103,148.75999450683594,72.47285461425781,80.77143859863281,41.42671203613281,119.4611587524414,,25.501628875732422,39.780418395996094,52.576534271240234,7.535660266876221,35.348167419433594,56.19020462036133,66.38202667236328,2088.659912109375
2016-11-04,1.657684564590454,150.0500030517578,72.65497589111328,81.55728912353516,41.548397064208984,120.34486389160156,,23.929880142211914,39.647396087646484,52.132545471191406,7.545029163360596,34.91995620727539,56.50094985961914,65.84520721435547,2085.179931640625
2016-11-07,1.74845552444458,147.99000549316406,75.49427795410156,82.58307647705078,41.98833084106445,123.37928771972656,,25.234434127807617,40.25336837768555,53.650978088378906,7.779201507568359,35.92182159423828,58.08125686645508,66.05167388916016,2131.52001953125
2016-11-08,1.7457574605941772,148.7899932861328,75.10520935058594,81.822021484375,42.50310134887695,123.62176513671875,,25.53306007385254,40.04643630981445,53.69538497924805,7.7838826179504395,36.139949798583984,58.33871841430664,66.14250946044922,2139.56005859375
2016-11-09,1.7163177728652954,150.02000427246094,84.43438720703125,84.50226593017578,43.80413055419922,125.46743774414062,,26.083171844482422,40.7780647277832,53.428993225097656,8.074254035949707,36.93983840942383,59.2620849609375,67.73641204833984,2163.260009765625
2016-11-10,1.662590742111206,146.49000549316406,90.96562957763672,87.90221405029297,44.85243225097656,130.32406616210938,,26.295366287231445,41.384033203125,52.123687744140625,8.498108863830566,37.408447265625,61.35733413696289,68.95040893554688,2167.47998046875
2016-11-11,2.1581547260284424,143.6999969482422,91.76033020019531,88.59707641601562,44.2534065246582,130.19117736816406,,26.609708786010742,41.886558532714844,52.407833099365234,8.638611793518066,37.82858657836914,61.53489685058594,68.5374755859375,2164.449951171875
2016-11-14,2.051926851272583,143.1999969482422,94.58308410644531,92.31135559082031,44.77755355834961,131.0827178955078,,27.450593948364258,41.605735778808594,51.6086540222168,8.91727352142334,38.72542953491211,60.89567184448242,71.03157043457031,2164.199951171875
2016-11-15,2.1144859790802,144.9499969482422,94.54998016357422,93.618408203125,44.99283218383789,131.78652954101562,,27.4034423828125,41.14756393432617,52.62778091430664,8.924301147460938,38.693115234375,61.05548095703125,71.0232925415039,2180.389892578125
2016-11-16,2.24794340133667,145.6300048828125,94.36783599853516,92.5843734741211,44.4218864440918,130.85195922851562,,27.293420791625977,41.2066764831543,53.32508087158203,8.900882720947266,37.634681701660156,59.99009323120117,71.31234741210938,2176.93994140625
2016-11-17,2.2665889263153076,150.6999969482422,94.0284652709961,93.94930267333984,45.114505767822266,131.5902099609375,,28.998779296875,41.324920654296875,54.210105895996094,8.994553565979004,37.949790954589844,60.62044143676758,71.2875747680664,2187.1201171875
2016-11-18,2.290386438369751,150.1999969482422,93.65596008300781,91.22769927978516,44.59970474243164,131.76300048828125,,29.077350616455078,41.33230209350586,53.950836181640625,8.905569076538086,38.17601013183594,59.76811981201172,70.849853515625,2181.89990234375
2016-11-21,2.281064033508301,152.32000732421875,94.56649780273438,91.46760559082031,44.56227493286133,132.3756103515625,,29.171653747558594,42.22649383544922,54.40676498413086,8.863414764404297,38.2244873046875,60.30970001220703,70.80856323242188,2198.179931640625
2016-11-22,2.2975008487701416,153.00999450683594,94.19402313232422,94.0403060913086,44.51547622680664,134.12701416015625,,28.85731315612793,42.49254608154297,54.63920211791992,8.835314750671387,38.426475524902344,60.37184143066406,70.65992736816406,2202.93994140625
2016-11-23,2.308803081512451,153.25,94.11125946044922,93.0807113647461,44.431236267089844,132.87037658691406,,28.566537857055664,42.89899444580078,53.995548248291016,8.889176368713379,38.78199005126953,60.10550308227539,71.62387084960938,2204.719970703125
2016-11-25,2.3134713172912598,153.64999389648438,94.7486572265625,92.79116821289062,44.431236267089844,133.96990966796875,,28.77086639404297,42.84725570678711,54.111751556396484,8.842344284057617,38.67693328857422,60.29194641113281,71.80670928955078,2213.35009765625
2016-11-28,2.312242269515991,149.75,93.12617492675781,91.7488784790039,43.2706184387207,132.2420654296875,,28.62941551208496,42.854652404785156,54.183292388916016,8.610511779785156,38.305274963378906,59.839149475097656,71.38290405273438,2201.719970703125
2016-11-29,2.2911133766174316,149.69000244140625,92.76194763183594,89.8462142944336,43.03661346435547,131.79437255859375,,28.692272186279297,43.940982818603516,54.612396240234375,8.61989974975586,38.09419250488281,59.91018295288086,71.524169921875,2204.659912109375
2016-11-30,2.265315055847168,149.33999633789062,94.54171752929688,86.5372314453125,44.31890869140625,131.3153533935547,,28.731563568115234,43.5640983581543,53.87038040161133,8.622249603271484,38.25656509399414,59.40412139892578,71.74854278564453,2198.81005859375
2016-12-01,2.153278112411499,145.47000122070312,95.22875213623047,86.3387451171875,46.23768997192383,131.4017333984375,,27.85138702392578,43.36456298828125,52.922786712646484,8.671561241149902,38.784305572509766,58.11677169799805,72.11416625976562,2191.080078125
2016-12-02,2.1731791496276855,145.5,93.92913055419922,87.45551300048828,44.93667221069336,131.3702850341797,,28.260046005249023,43.11328887939453,52.96748352050781,8.732612609863281,38.5001335144043,57.59296798706055,71.54905700683594,2191.949951171875
2016-12-05,2.2574524879455566,149.91000366210938,94.88935852050781,89.49879455566406,45.555564880371094,132.7525634765625,,27.86710548400879,43.47541427612305,53.83462905883789,8.80070972442627,38.66252517700195,57.36212921142578,72.0144271850586,2204.7099609375
2016-12-06,2.294552803039551,149.4499969482422,95.36119079589844,88.86177825927734,46.43705368041992,133.20806884765625,,28.267906188964844,43.35718536376953,53.5932502746582,8.93220043182373,39.1659049987793,57.70838165283203,73.86760711669922,2212.22998046875
2016-12-07,2.335829973220825,152.19000244140625,96.65255737304688,90.1357421875,47.684261322021484,135.79197692871094,,28.66870880126953,44.51741027832031,54.862693786621094,9.040215492248535,38.581329345703125,58.40087890625,74.9894027709961,2241.35009765625
2016-12-08,2.2967641353607178,153.44000244140625,98.42401885986328,90.06957244873047,47.87181854248047,136.0354766845703,,28.527252197265625,44.53956985473633,54.540863037109375,9.20223331451416,38.962928771972656,58.04576873779297,77.70680236816406,2246.18994140625
2016-12-09,2.2559783458709717,153.55999755859375,98.15082550048828,90.1688461303711,47.7030143737793,138.38372802734375,,28.613693237304688,44.458282470703125,55.399078369140625,9.298502922058105,39.409461975097656,58.31210708618164,76.58492279052734,2259.530029296875
2016-12-12,2.2011873722076416,150.88999938964844,95.49365234375,85.84239959716797,47.48734664916992,137.35488891601562,,28.173595428466797,44.4804573059082,55.57786560058594,9.171709060668945,39.44194412231445,57.8149299621582,76.56832885742188,2256.9599609375
2016-12-13,2.24000883102417,150.50999450683594,95.09630584716797,85.83412170410156,47.14973449707031,136.11399841308594,,28.29148292541504,44.5247917175293,56.301971435546875,9.089523315429688,39.18214416503906,58.3930778503418,76.50186157226562,2271.719970703125
2016-12-14,2.3697352409362793,151.0,93.48213195800781,84.17137908935547,46.718379974365234,134.77098083496094,,28.440797805786133,44.69476318359375,56.033782958984375,9.13648509979248,38.8492546081543,58.20627212524414,76.5600357055664,2253.280029296875
2016-12-15,2.4252631664276123,149.4499969482422,94.69898223876953,80.18408203125,46.76526641845703,136.98574829101562,,29.069501876831055,44.88690185546875,55.94439697265625,9.141181945800781,38.946693420410156,57.72596740722656,76.84254455566406,2262.030029296875
2016-12-16,2.467031240463257,148.0399932861328,92.48878479003906,78.38070678710938,46.11823272705078,135.0694122314453,,28.64512825012207,45.256404876708984,55.69407653808594,8.918111801147461,38.68688201904297,57.12114715576172,75.90351104736328,2258.070068359375
2016-12-19,2.4970054626464844,142.9600067138672,92.22386932373047,77.13157653808594,46.080718994140625,135.3207550048828,,28.873029708862305,45.48549270629883,56.874122619628906,8.943942070007324,38.83302307128906,57.73487091064453,76.79270935058594,2262.530029296875
2016-12-20,2.583981990814209,143.74000549316406,93.9374008178711,76.86687469482422,46.39017868041992,136.9779052734375,,28.94374656677246,45.766319274902344,56.80259323120117,8.962726593017578,38.979148864746094,58.10844039916992,76.70127868652344,2270.760009765625
2016-12-21,2.600198268890381,141.92999267578125,93.4655532836914,76.77587127685547,46.23074722290039,136.3574676513672,,28.6058292388916,45.36725616455078,56.80259323120117,8.882894515991211,39.14154052734375,58.30412673950195,76.7179183959961,2265.179931640625
2016-12-22,2.6316475868225098,142.39999389648438,92.51359558105469,75.05523681640625,46.34327697753906,135.7448272705078,,28.464374542236328,45.44853973388672,56.8115348815918,8.838278770446777,39.10094451904297,58.03729248046875,77.44086456298828,2260.9599609375
2016-12-23,2.6972475051879883,143.44000244140625,92.6543197631836,73.99633026123047,46.37141418457031,136.19248962402344,,28.54296112060547,45.61851501464844,56.53440475463867,8.8265380859375,39.174015045166016,58.161808013916016,77.5156478881836,2263.7900390625
2016-12-27,2.882502317428589,143.92999267578125,92.9854507446289,74.53406524658203,46.615234375,136.64019775390625,,28.77086639404297,45.559391021728516,56.570167541503906,8.814793586730957,39.174015045166016,58.295230865478516,77.8979263305664,2268.8798828125
2016-12-28,2.6842257976531982,141.86000061035156,91.73548889160156,74.85016632080078,45.715003967285156,134.8809356689453,,28.157880783081055,45.33029556274414,56.3109130859375,8.657472610473633,38.751827239990234,57.637027740478516,77.44086456298828,2249.919921875
2016-12-29,2.737788677215576,142.1300048828125,90.99048614501953,75.48236083984375,45.63059997558594,135.20294189453125,,28.03999900817871,45.37465286254883,56.23046112060547,8.500151634216309,38.743709564208984,57.610347747802734,77.00875854492188,2249.260009765625
2016-12-30,2.6225569248199463,141.52000427246094,91.8348159790039,75.13299560546875,45.574317932128906,134.5118408203125,,27.717790603637695,44.99037551879883,55.551055908203125,8.572938919067383,38.68688201904297,56.92546081542969,77.1666488647461,2238.830078125
2017-01-03,2.506342649459839,144.64999389648438,92.5881118774414,75.39085388183594,46.15572738647461,134.41751098632812,,27.953563690185547,45.12338638305664,55.94439697265625,8.709131240844727,38.76806640625,57.5480842590332,78.2137222290039,2257.830078125
2017-01-04,2.5648176670074463,147.0500030517578,95.36119079589844,75.38255310058594,46.70899963378906,135.68992614746094,,28.16688346862793,45.29335403442383,55.69407653808594,9.014386177062988,39.41758728027344,58.642120361328125,79.01979064941406,2270.75
2017-01-05,2.4997081756591797,147.47000122070312,94.15264129638672,74.0765380859375,46.11823272705078,134.84954833984375,,27.937755584716797,44.96818542480469,55.69407653808594,8.82888412475586,39.255218505859375,58.96232604980469,79.05300903320312,2269.0
2017-01-06,2.5331242084503174,148.39999389648438,95.74199676513672,73.68558502197266,46.95280838012695,136.0197296142578,,27.83504295349121,45.2785758972168,56.176822662353516,9.05899715423584,39.33639144897461,58.60654067993164,79.7593765258789,2276.97998046875
2017-01-09,2.6358232498168945,147.86000061035156,95.36119079589844,72.5792007446289,46.54020309448242,136.64810180664062,,27.83504295349121,45.09382247924805,55.99803161621094,9.033166885375977,39.02787780761719,58.188480377197266,78.20539855957031,2268.89990234375
2017-01-10,2.6159234046936035,147.97000122070312,94.97213745117188,73.15316772460938,46.76526641845703,138.43869018554688,,27.850841522216797,44.938629150390625,55.98015213012695,9.18579387664795,39.320159912109375,57.37019729614258,78.28018951416016,2268.89990234375
2017-01-11,2.583735942840576,148.5,95.24530029296875,72.07176208496094,46.86842346191406,139.33401489257812,,28.16688346862793,45.189903259277344,56.48971939086914,9.221017837524414,39.385108947753906,58.437538146972656,78.77879333496094,2275.320068359375
2017-01-12,2.5414764881134033,148.99000549316406,95.27013397216797,71.86380004882812,47.299781799316406,139.38116455078125,,28.293291091918945,45.33029556274414,55.971221923828125,9.082480430603027,39.157772064208984,58.81111145019531,78.80372619628906,2270.43994140625
2017-01-13,2.5412304401397705,150.69000244140625,95.41915130615234,71.80560302734375,47.506072998046875,139.11415100097656,,28.388107299804688,45.42637252807617,56.05166244506836,9.105963706970215,39.23897933959961,58.25965118408203,78.80372619628906,2274.639892578125
2017-01-17,2.484229803085327,149.77000427246094,92.33979034423828,74.51741027832031,47.14973449707031,136.98574829101562,,28.095775604248047,44.96818542480469,55.899688720703125,8.92750358581543,39.409461975097656,58.5887565612793,78.70399475097656,2267.889892578125
2017-01-18,2.529438018798828,152.3800048828125,93.87946319580078,74.27620697021484,47.552974700927734,137.5983123779297,,28.435516357421875,45.108612060546875,55.87287521362305,8.71382999420166,40.107704162597656,59.13133239746094,79.04473114013672,2271.889892578125
2017-01-19,2.583735942840576,150.25999450683594,93.52350616455078,73.36945343017578,47.524845123291016,137.3391876220703,,28.309097290039062,45.00514221191406,55.69407653808594,8.662168502807617,39.1659049987793,59.22027587890625,79.48516845703125,2263.68994140625
2017-01-20,2.555481433868408,150.25,93.58145141601562,73.95175170898438,47.646751403808594,137.31561279296875,,28.73575210571289,45.42637252807617,56.08742904663086,8.652774810791016,39.22273254394531,57.957244873046875,79.90061950683594,2271.31005859375
2017-01-23,2.5820164680480957,149.80999755859375,93.42417907714844,74.27620697021484,47.318546295166016,136.3810272216797,,28.577730178833008,45.160335540771484,56.28409194946289,8.579984664916992,38.727474212646484,57.8771858215332,79.75106811523438,2265.199951171875
2017-01-24,2.6370530128479004,150.72000122070312,94.62446594238281,74.95830535888672,47.99370574951172,139.31045532226562,,29.644359588623047,45.72196960449219,56.78471755981445,8.61520767211914,38.88985061645508,59.07795333862305,80.39092254638672,2280.070068359375
2017-01-25,2.648355007171631,150.74000549316406,96.80982208251953,75.82343292236328,49.13775634765625,140.5906219482422,,29.984098434448242,45.537227630615234,56.927757263183594,8.699739456176758,39.255218505859375,59.238067626953125,81.4629135131836,2298.3701171875
2017-01-26,2.694054365158081,148.0500030517578,95.09630584716797,74.87511444091797,48.931461334228516,141.38392639160156,,29.707565307617188,45.41159439086914,57.455196380615234,8.716174125671387,39.4338264465332,58.659912109375,82.16927337646484,2296.679931640625
2017-01-27,2.7461421489715576,148.17999267578125,93.8711929321289,73.17814636230469,48.584495544433594,141.84725952148438,,29.833980560302734,45.20466232299805,58.805076599121094,8.718524932861328,39.72611618041992,59.16690444946289,81.33828735351562,2294.68994140625
2017-01-30,2.7031455039978027,147.9600067138672,93.58971405029297,73.56910705566406,48.19063949584961,142.530517578125,,30.078901290893555,45.27913284301758,58.223995208740234,8.723217964172363,39.750465393066406,58.56207275390625,80.57373809814453,2280.89990234375
2017-01-31,2.682506561279297,147.49000549316406,92.93579864501953,73.56077575683594,47.91869354248047,142.56976318359375,,30.27643394470215,44.891937255859375,57.79490280151367,8.76783561706543,39.547489166259766,58.410858154296875,80.71504974365234,2278.8701171875
2017-02-01,2.7997043132781982,146.33999633789062,93.6063003540039,72.67902374267578,47.90932083129883,141.60379028320312,,30.063112258911133,43.57400131225586,56.838356018066406,8.82888412475586,39.328269958496094,58.65102005004883,80.90616607666016,2279.550048828125
2017-02-02,2.835082769393921,148.0500030517578,97.59622192382812,63.728271484375,47.8624267578125,131.14248657226562,,30.213228225708008,43.59634017944336,56.47182846069336,8.657472610473633,38.946693420410156,58.366397857666016,80.88953399658203,2280.85009765625
2017-02-03,2.810267448425293,150.72000122070312,100.3775863647461,63.362266540527344,48.30316162109375,133.34158325195312,,30.244831085205078,43.164466857910156,56.927757263183594,8.9016752243042,38.42707061767578,59.887367248535156,81.44629669189453,2297.419921875
2017-02-06,2.882256269454956,147.6999969482422,102.12421417236328,63.66172409057617,48.44382858276367,131.8258056640625,,30.30804443359375,42.90386199951172,56.89198303222656,8.9016752243042,38.605682373046875,59.8962516784668,80.93107604980469,2292.56005859375
2017-02-07,2.926973819732666,148.75,101.96695709228516,63.20421600341797,48.462589263916016,131.01686096191406,,30.67938232421875,42.86662673950195,56.704261779785156,8.941593170166016,38.443302154541016,59.61162567138672,80.60697937011719,2293.080078125
2017-02-08,2.9141972064971924,151.25,100.64249420166016,64.46863555908203,49.09087371826172,130.85195922851562,,30.7820987701416,42.926204681396484,56.623802185058594,8.864107131958008,38.199737548828125,60.12752914428711,75.16392517089844,2294.669921875
2017-02-09,2.8594071865081787,167.86000061035156,103.05797576904297,64.86795043945312,49.82231140136719,132.49339294433594,,31.058624267578125,43.551673889160156,57.267459869384766,8.983857154846191,38.597572326660156,63.80097961425781,75.92012786865234,2307.8701171875
2017-02-10,2.791595458984375,168.91000366210938,103.54106903076172,66.22383880615234,50.18803024291992,133.4280242919922,,31.169248580932617,43.529319763183594,57.21382141113281,8.974466323852539,38.857364654541016,63.969974517822266,77.22483825683594,2316.10009765625
2017-02-13,2.662851095199585,168.25,105.07364654541016,65.9992446899414,50.32868957519531,134.9751739501953,,31.27195930480957,43.96118927001953,57.85747528076172,9.063694953918457,39.011634826660156,63.55194091796875,78.37992095947266,2328.25
2017-02-14,2.672677755355835,167.36000061035156,106.456298828125,66.12400817871094,50.24428939819336,135.80767822265625,,31.224559783935547,44.13246154785156,58.07332229614258,9.12944507598877,39.376983642578125,63.22284698486328,79.15274047851562,2337.580078125
2017-02-15,2.6780834197998047,167.6699981689453,107.33921813964844,65.85784149169922,50.90071487426758,137.71617126464844,,30.75838851928711,44.214351654052734,58.03734588623047,9.211626052856445,39.45818328857422,63.889957427978516,79.98372650146484,2349.25
2017-02-16,2.63508677482605,166.5399932861328,107.5807876586914,65.27555847167969,50.98511505126953,136.11399841308594,,32.04624938964844,44.296268463134766,58.02836608886719,9.115352630615234,39.45818328857422,64.86833190917969,80.20812225341797,2347.219970703125
2017-02-17,2.6345949172973633,166.47000122070312,107.43915557861328,65.20896911621094,51.10702133178711,135.53280639648438,,31.738107681274414,44.028202056884766,58.11830139160156,9.084827423095703,39.26331329345703,65.17076873779297,80.39922332763672,2351.159912109375
2017-02-21,2.728942632675171,166.57000732421875,108.92179870605469,65.0426254272461,51.7165641784668,135.39144897460938,,32.014625549316406,44.00586700439453,58.001380920410156,8.983857154846191,39.72611618041992,66.27366638183594,81.47122955322266,2365.3798828125
2017-02-22,2.724759817123413,167.08999633789062,108.84683227539062,64.97608947753906,51.8665885925293,134.84725952148438,,32.1568489074707,44.3781623840332,57.88446044921875,8.955683708190918,39.53125762939453,65.87345123291016,81.7620849609375,2362.820068359375
2017-02-23,2.4721128940582275,168.3699951171875,108.68022918701172,65.42527770996094,51.0976448059082,134.8788299560547,,32.34648132324219,44.981300354003906,58.11830139160156,8.915762901306152,39.61243438720703,65.775634765625,82.58087921142578,2363.81005859375
2017-02-24,2.495976209640503,168.6999969482422,108.13882446289062,65.8910903930664,51.228939056396484,135.13909912109375,,32.35438537597656,46.023738861083984,58.11830139160156,8.807751655578613,39.47441101074219,65.775634765625,82.5140380859375,2367.340087890625
2017-02-27,2.568547010421753,169.8800048828125,109.20497131347656,66.37358856201172,51.10702133178711,134.93406677246094,,32.607215881347656,45.81524658203125,57.76753616333008,8.873673439025879,39.72611618041992,65.46426391601562,81.97929382324219,2369.75
2017-02-28,2.496467351913452,170.0,109.52981567382812,65.99090576171875,50.610023498535156,133.8062744140625,,33.04966735839844,45.73332214355469,57.542694091796875,8.64294147491455,39.69362258911133,64.56590270996094,82.71456146240234,2363.639892578125
2017-03-01,2.5286929607391357,164.75,111.8453369140625,67.02242279052734,51.8197021484375,136.3140869140625,,33.98197555541992,46.7683219909668,58.40610122680664,9.0408353805542,40.3431510925293,65.54434204101562,84.2602310180664,2395.9599609375
2017-03-02,2.435457229614258,162.6199951171875,109.61310577392578,67.13888549804688,51.29457473754883,134.9182586669922,,33.389408111572266,46.433265686035156,57.56968688964844,8.826586723327637,39.98424530029297,65.78450012207031,83.3411865234375,2381.919921875
2017-03-03,2.421435832977295,164.5800018310547,110.82917022705078,66.37358856201172,51.43524169921875,134.45297241210938,,33.81605529785156,46.537513732910156,57.78553009033203,8.847776412963867,40.09027862548828,65.65995788574219,83.4414291381836,2383.1201171875
2017-03-06,2.4027390480041504,163.6699981689453,110.30443572998047,66.32367706298828,51.210174560546875,133.2858123779297,,33.63432312011719,46.470481872558594,57.80351638793945,8.805397033691406,39.79664611816406,65.11737823486328,83.19913482666016,2375.31005859375
2017-03-07,2.4290616512298584,163.1999969482422,110.09619903564453,65.8328628540039,51.11640167236328,132.85203552246094,,33.70545196533203,46.28434753417969,57.920433044433594,8.781854629516602,39.690616607666016,64.80606079101562,83.2158432006836,2368.389892578125
2017-03-08,2.4246342182159424,161.19000244140625,110.41272735595703,66.90597534179688,51.12577438354492,133.2858123779297,,33.302486419677734,46.403480529785156,58.45106887817383,8.826586723327637,39.56010055541992,65.02845764160156,83.11558532714844,2362.97998046875
2017-03-09,2.4241416454315186,161.19000244140625,110.54597473144531,66.28208923339844,50.441226959228516,132.75741577148438,,33.168174743652344,46.254547119140625,58.21723937988281,8.66413402557373,40.20448303222656,65.33976745605469,83.52499389648438,2364.8701171875
2017-03-10,2.438410520553589,160.1999969482422,110.0295639038086,66.79782104492188,50.28180694580078,133.94033813476562,,33.302486419677734,46.448158264160156,58.39711380004883,8.704154968261719,40.555213928222656,66.23809814453125,83.249267578125,2372.60009765625
2017-03-13,2.5055692195892334,159.85000610351562,110.43769836425781,66.20719909667969,50.89133834838867,134.6658935546875,,33.17607879638672,46.58218765258789,58.19925308227539,8.755955696105957,40.42470169067383,66.63924407958984,83.0571060180664,2373.469970703125
2017-03-14,2.503847599029541,159.19000244140625,110.28780364990234,66.57320404052734,50.169281005859375,133.63275146484375,,33.20769119262695,46.39603805541992,57.92945098876953,8.65707015991211,40.57969284057617,66.29159545898438,83.1239242553711,2365.449951171875
2017-03-15,2.5227904319763184,161.82000732421875,111.33724975585938,67.58807373046875,50.8173942565918,135.84097290039062,,33.35781478881836,46.805564880371094,58.235233306884766,8.577021598815918,40.677574157714844,66.78186798095703,82.73125457763672,2385.260009765625
2017-03-16,2.5537867546081543,163.99000549316406,112.11188507080078,67.41338348388672,50.8173942565918,136.34567260742188,,33.34199905395508,46.634307861328125,58.136295318603516,8.659423828125,39.81296157836914,66.9868392944336,82.37200927734375,2381.3798828125
2017-03-17,2.6093835830688477,162.22999572753906,109.70474243164062,67.13057708740234,51.0146598815918,136.33779907226562,,33.23138427734375,46.79066848754883,58.343143463134766,8.558187484741211,39.78848648071289,67.28104400634766,82.68948364257812,2378.25
2017-03-20,2.6925342082977295,159.97000122070312,108.68858337402344,66.09904479980469,50.92074203491211,135.438720703125,,33.14447784423828,46.39603805541992,58.39711380004883,8.487553596496582,39.36434555053711,67.05817413330078,81.58663177490234,2373.469970703125
2017-03-21,2.6054468154907227,156.47000122070312,104.84044647216797,65.07587432861328,50.065956115722656,133.711669921875,,32.32276916503906,45.919490814208984,57.74955749511719,8.29920482635498,38.91571807861328,66.20244598388672,79.74851989746094,2344.02001953125
2017-03-22,2.6585850715637207,158.60000610351562,104.29071807861328,65.05926513671875,50.12230682373047,131.84262084960938,,32.378074645996094,46.165199279785156,58.48705291748047,8.237991333007812,38.98914337158203,66.64812469482422,79.8571548461914,2348.449951171875
2017-03-23,2.6344761848449707,158.36000061035156,104.66554260253906,65.89944458007812,50.21623611450195,131.1959686279297,,32.31488800048828,45.807796478271484,58.343143463134766,8.249763488769531,38.8015251159668,66.7283706665039,79.6566162109375,2345.9599609375
2017-03-24,2.6438252925872803,156.89999389648438,104.33236694335938,66.33198547363281,50.17866516113281,130.5334930419922,,32.29908752441406,45.88226318359375,58.44209289550781,8.167357444763184,38.60576248168945,66.89773559570312,79.42266845703125,2343.97998046875
2017-03-27,2.6630120277404785,156.33999633789062,104.34901428222656,66.89764404296875,50.25381851196289,130.05247497558594,,32.31488800048828,45.33869552612305,58.550018310546875,8.127335548400879,38.70365905761719,66.75511932373047,79.00493621826172,2341.590087890625
2017-03-28,2.6492366790771484,157.5,106.91441345214844,67.92081451416016,50.65773010253906,132.2921600341797,,32.51240921020508,45.10786819458008,58.720882415771484,8.186193466186523,38.8994026184082,66.96012878417969,79.7903060913086,2358.570068359375
2017-03-29,2.640627145767212,152.5,106.11481475830078,69.44412994384766,50.901939392089844,131.91358947753906,,32.860050201416016,43.97608184814453,58.882774353027344,8.127335548400879,38.564998626708984,67.21861267089844,78.79605865478516,2361.1298828125
2017-03-30,2.6913037300109863,148.10000610351562,107.99725341796875,68.5485610961914,50.83618927001953,132.73374938964844,,33.10498046875,44.028202056884766,59.098628997802734,8.202674865722656,38.997283935546875,67.61973571777344,79.74019622802734,2368.06005859375
2017-03-31,2.6797406673431396,151.42999267578125,108.01388549804688,68.3141860961914,50.798622131347656,133.01768493652344,,33.06546401977539,43.85694122314453,59.233524322509766,8.174422264099121,39.2093620300293,67.47711181640625,79.93232727050781,2362.719970703125
2017-04-03,2.6662118434906006,150.14999389648438,107.9222640991211,68.1049575805664,50.41349792480469,131.8741455078125,,32.907447814941406,43.51443099975586,58.9547233581543,8.02138614654541,39.258296966552734,67.49494934082031,79.38091278076172,2358.840087890625
2017-04-04,2.4792468547821045,141.60000610351562,107.36418914794922,65.06671142578125,50.498023986816406,129.91835021972656,,32.544002532958984,43.23148727416992,59.11663055419922,8.155585289001465,39.07886505126953,66.76405334472656,79.33911895751953,2360.159912109375
2017-04-05,2.460796356201172,142.0500030517578,106.6312484741211,66.55654907226562,50.432289123535156,128.6565704345703,,32.464637756347656,43.410179138183594,58.96371841430664,8.153230667114258,38.95650863647461,66.07764434814453,78.82948303222656,2352.949951171875
2017-04-06,2.4787545204162598,145.47000122070312,108.03887176513672,67.55254364013672,50.92074203491211,129.65814208984375,,32.58369827270508,43.29849624633789,59.11663055419922,8.115562438964844,39.217525482177734,66.58574676513672,79.19709777832031,2357.489990234375
2017-04-07,2.46817684173584,146.27000427246094,107.69737243652344,66.35568237304688,50.8643798828125,129.6344757080078,,32.38524627685547,43.32828140258789,59.071659088134766,8.169715881347656,39.013607025146484,66.57685089111328,79.11355590820312,2355.5400390625
2017-04-10,2.405198812484741,146.32000732421875,107.75566101074219,67.40191650390625,51.20254135131836,129.6265869140625,,32.07569885253906,43.36550521850586,58.93673324584961,8.136752128601074,39.217525482177734,66.51443481445312,79.24724578857422,2357.159912109375
2017-04-11,2.413808822631836,145.55999755859375,107.69737243652344,67.23450469970703,51.18374252319336,130.27325439453125,,32.178871154785156,43.722923278808594,58.89176940917969,8.082601547241211,39.32355880737305,67.11168670654297,79.54800415039062,2353.780029296875
2017-04-12,2.3938825130462646,144.22000122070312,106.2314224243164,67.10894012451172,50.27259826660156,128.25436401367188,,31.472429275512695,43.52186965942383,58.66693115234375,8.016676902770996,39.00544738769531,67.06709289550781,78.22791290283203,2344.929931640625
2017-04-13,2.349109649658203,142.36000061035156,105.14029693603516,66.24687194824219,49.97201919555664,127.27645874023438,,31.34542465209961,43.104888916015625,58.415096282958984,8.000197410583496,38.93203353881836,66.9511947631836,77.4342041015625,2328.949951171875
2017-04-17,2.4411163330078125,144.33999633789062,106.40633392333984,66.95829010009766,50.695308685302734,128.94834899902344,,31.58357048034668,43.23148727416992,58.89176940917969,8.122625350952148,39.44589614868164,67.9495620727539,78.72087097167969,2349.010009765625
2017-04-18,2.442592144012451,143.64999389648438,105.45680236816406,66.56490325927734,50.70469284057617,128.7906036376953,,31.535932540893555,43.35062789916992,58.810829162597656,8.190903663635254,38.8994026184082,67.69105529785156,78.2028579711914,2342.18994140625
2017-04-19,2.4521872997283936,143.17999267578125,105.69837188720703,66.95829010009766,50.59196853637695,129.1533966064453,,31.55181312561035,43.24637222290039,58.496036529541016,7.976654529571533,38.548667907714844,68.48436737060547,78.511962890625,2338.169921875
2017-04-20,2.4910552501678467,149.72999572753906,107.9222640991211,66.72393798828125,51.44676208496094,136.53494262695312,,31.996313095092773,43.67080307006836,58.909751892089844,8.082601547241211,38.8504753112793,69.27770233154297,79.4644546508789,2355.840087890625
2017-04-21,2.501387596130371,147.66000366210938,106.9810562133789,66.05435943603516,51.51251983642578,138.17529296875,,31.34542465209961,44.03565216064453,59.71919631958008,8.011969566345215,38.564998626708984,69.4470443725586,79.12191009521484,2348.68994140625
2017-04-24,2.5326297283172607,150.22999572753906,109.82965087890625,66.63187408447266,53.146949768066406,138.21469116210938,,31.702627182006836,44.244136810302734,60.73551940917969,8.061412811279297,38.6302490234375,69.7412109375,80.3083267211914,2374.14990234375
2017-04-25,2.576665163040161,148.86000061035156,109.01338958740234,67.43537902832031,53.56962966918945,137.93081665039062,,31.7264347076416,44.34093475341797,61.08628845214844,8.132044792175293,38.94834899902344,70.1958236694336,80.97669982910156,2388.610107421875
2017-04-26,2.5589523315429688,151.3800048828125,107.44749450683594,67.94593048095703,53.635379791259766,134.24795532226562,,31.45656394958496,44.4526252746582,61.00532531738281,8.242697715759277,39.24199295043945,71.06046295166016,81.06024169921875,2387.449951171875
2017-04-27,2.5988056659698486,145.64999389648438,106.99769592285156,68.98377990722656,53.78566360473633,134.31895446777344,,31.55974769592285,44.55686569213867,61.40103530883789,8.237991333007812,39.34803771972656,71.86267852783203,81.14381408691406,2388.77001953125
2017-04-28,2.565840244293213,141.13999938964844,106.48966217041016,67.56092071533203,53.72931671142578,132.11868286132812,,31.63117790222168,44.139892578125,61.57194519042969,8.200324058532715,39.44589614868164,70.09777069091797,80.4085464477539,2384.199951171875
2017-05-01,2.6234068870544434,148.17999267578125,107.28923797607422,66.38077545166016,54.095645904541016,132.08714294433594,,31.877248764038086,44.05054473876953,62.426368713378906,8.3109769821167,39.73139572143555,69.25987243652344,81.25242614746094,2388.330078125
2017-05-02,2.545667886734009,138.0,107.53910827636719,67.63626861572266,55.448280334472656,133.1595916748047,,31.853445053100586,44.117557525634766,62.32742691040039,8.381608009338379,39.78033447265625,69.18856048583984,81.99601745605469,2391.169921875
2017-05-03,2.564610242843628,131.25999450683594,107.46417236328125,66.84951782226562,56.27488708496094,131.88995361328125,,31.782001495361328,43.112342834472656,62.12955093383789,8.466364860534668,40.00056838989258,68.88549041748047,87.31816864013672,2388.1298828125
2017-05-04,2.5547707080841064,132.11000061035156,107.3886947631836,67.24285888671875,56.72575759887695,133.8772430419922,,31.56768226623535,43.69313049316406,61.886741638183594,8.471076965332031,40.26158142089844,68.9478988647461,87.28473663330078,2389.52001953125
2017-05-05,2.5550167560577393,133.39999389648438,107.9923095703125,68.72432708740234,56.537899017333984,134.42141723632812,,31.877248764038086,43.8346061706543,62.05760955810547,8.50639533996582,40.37578201293945,69.08159637451172,86.82521057128906,2399.2900390625
2017-05-08,2.5282013416290283,134.61000061035156,107.62344360351562,68.71598815917969,56.293663024902344,134.4608917236328,,31.853445053100586,43.57194900512695,62.003662109375,8.485198974609375,40.269744873046875,68.45763397216797,87.97818756103516,2399.3798828125
2017-05-09,2.5323846340179443,134.88999938964844,108.06774139404297,70.34805297851562,56.64122009277344,134.6106719970703,,31.853445053100586,43.54191970825195,62.09358215332031,8.428691864013672,40.18000411987305,68.61808013916016,87.2513198852539,2396.919921875
2017-05-10,2.98380446434021,138.22999572753906,108.21864318847656,69.52780151367188,56.31245040893555,134.7289276123047,,32.0915641784668,43.18170928955078,62.33640670776367,8.254471778869629,40.57969284057617,68.48436737060547,86.58293914794922,2399.6298828125
2017-05-11,3.111973762512207,136.4600067138672,106.9611587524414,66.31382751464844,56.2185173034668,135.1075439453125,,31.79787254333496,42.91904067993164,61.57194519042969,8.242697715759277,40.40839385986328,68.89441680908203,85.76415252685547,2394.43994140625
2017-05-12,3.1461691856384277,138.42999267578125,105.7372055053711,63.945167541503906,55.861576080322266,134.06649780273438,,31.543869018554688,42.87400817871094,61.5,8.237991333007812,40.0331916809082,68.39523315429688,85.26282501220703,2390.89990234375
2017-05-15,3.3041043281555176,140.1199951171875,107.95038604736328,64.07073211669922,56.09642028808594,134.79208374023438,,32.94088363647461,43.23424530029297,61.544986724853516,8.301558494567871,40.131065368652344,68.84981536865234,85.43827819824219,2402.320068359375
2017-05-16,3.365605115890503,139.57000732421875,108.91442108154297,61.88621520996094,56.18094253540039,134.602783203125,,33.03612518310547,42.896541595458984,62.784183502197266,8.235634803771973,40.19632339477539,69.95513153076172,85.19598388671875,2400.669921875
2017-05-17,3.14198637008667,135.77999877929688,103.39830780029297,60.89021682739258,55.861576080322266,130.00965881347656,,32.020137786865234,42.731414794921875,61.03842544555664,8.084956169128418,39.88637161254883,68.64485168457031,83.68375396728516,2357.030029296875
2017-05-18,3.2736001014709473,133.41000366210938,104.3036880493164,59.74355697631836,55.55158233642578,130.12847900390625,,31.86931800842285,43.099151611328125,61.24646759033203,8.167357444763184,39.715087890625,68.92115783691406,82.9485092163086,2365.719970703125
2017-05-19,3.3492026329040527,135.77999877929688,105.48574829101562,57.994258880615234,56.41577911376953,131.2291717529297,,31.377168655395508,43.15918731689453,61.22835922241211,8.223867416381836,39.494850158691406,70.47215270996094,83.15737915039062,2381.72998046875
2017-05-22,3.420619010925293,137.07000732421875,104.88213348388672,57.11542892456055,56.90421676635742,129.79583740234375,,31.734371185302734,43.391841888427734,61.91583251953125,8.233280181884766,39.80480194091797,70.82870483398438,83.2074966430664,2394.02001953125
2017-05-23,3.374567985534668,135.97000122070312,103.09651947021484,56.66345977783203,56.88545227050781,129.24940490722656,,31.34542465209961,43.56444549560547,62.123878479003906,8.219155311584473,40.09027862548828,70.32953643798828,83.1239242553711,2398.419921875
2017-05-24,3.4124927520751953,139.4199981689453,102.11568450927734,55.809749603271484,57.28935623168945,128.42581176757812,,31.40098762512207,43.82710266113281,62.20526885986328,8.205029487609863,40.15555191040039,70.4632339477539,83.04876708984375,2404.389892578125
2017-05-25,3.4048588275909424,141.05999755859375,102.78633880615234,55.675811767578125,57.38328552246094,126.86570739746094,,32.51226043701172,44.35993194580078,62.974151611328125,8.29920482635498,40.555213928222656,70.82870483398438,84.37591552734375,2415.070068359375
2017-05-26,3.4930214881896973,146.3699951171875,102.52647399902344,55.33266830444336,57.1766357421875,127.26960754394531,,31.940757751464844,44.48751449584961,63.281681060791016,8.301558494567871,40.15555191040039,70.75740051269531,83.39315795898438,2415.820068359375
2017-05-30,3.5676403045654297,145.44000244140625,101.52046966552734,56.36213684082031,57.110877990722656,126.43019104003906,,32.12331771850586,44.35993194580078,63.68874740600586,8.289754867553711,40.1965217590332,69.93731689453125,82.77996063232422,2412.909912109375
2017-05-31,3.5548348426818848,144.2899932861328,101.26060485839844,56.747154235839844,57.31753921508789,128.0218963623047,,32.139183044433594,44.44998550415039,63.173133850097656,8.235445976257324,40.47515106201172,70.08885192871094,82.30117797851562,2411.800048828125
2017-06-01,3.5550806522369385,147.60000610351562,103.2222671508789,58.17002487182617,57.777793884277344,129.43154907226562,,31.440683364868164,44.780181884765625,63.408329010009766,8.318086624145508,40.843929290771484,70.54347229003906,84.1239242553711,2430.06005859375
2017-06-02,3.5373497009277344,148.35000610351562,102.83663177490234,57.8938102722168,58.1065673828125,128.88516235351562,,31.281932830810547,44.480003356933594,64.90987396240234,8.447945594787598,40.680030822753906,71.36351776123047,84.13235473632812,2439.070068359375
2017-06-05,3.6449670791625977,150.16000366210938,102.45099639892578,57.88544845581055,58.050201416015625,129.13063049316406,,30.94062042236328,44.72766876220703,65.3802261352539,8.525859832763672,40.524330139160156,71.31004333496094,83.2335433959961,2436.10009765625
2017-06-06,3.6284666061401367,146.85000610351562,101.36956787109375,57.768272399902344,57.76840591430664,128.59214782714844,,30.71837615966797,44.322410583496094,65.5972900390625,8.478639602661133,40.630863189697266,70.00862884521484,83.14952850341797,2429.330078125
2017-06-07,3.67230224609375,145.5800018310547,102.2330551147461,57.86033248901367,57.79657745361328,127.41212463378906,,31.17081069946289,44.510032653808594,65.4797134399414,8.58253002166748,40.73738098144531,69.82144165039062,82.91433715820312,2433.139892578125
2017-06-08,3.9387617111206055,145.47999572753906,103.33125305175781,57.918922424316406,58.20048141479492,124.2365493774414,,31.7581787109375,44.2098388671875,65.08169555664062,8.587248802185059,41.56507873535156,69.21529388427734,83.40154266357422,2433.7900390625
2017-06-09,3.6841232776641846,143.94000244140625,106.03901672363281,58.71406173706055,58.59501647949219,124.73546600341797,,31.36925506591797,43.947174072265625,63.60734176635742,8.674610137939453,42.21249008178711,68.84092712402344,85.40910339355469,2431.77001953125
2017-06-12,3.693234920501709,142.7899932861328,106.82703399658203,58.33742141723633,58.01262664794922,124.70381927490234,,30.84537124633789,44.75767517089844,63.118892669677734,8.738359451293945,41.89287567138672,69.92842864990234,85.08991241455078,2429.389892578125
2017-06-13,3.7284510135650635,147.24000549316406,106.67613220214844,58.613624572753906,58.28504180908203,124.93343353271484,,30.916812896728516,45.41058349609375,63.90580749511719,8.728915214538574,42.34360885620117,70.81268310546875,85.45109558105469,2440.35009765625
2017-06-14,3.736330986022949,146.55999755859375,107.162353515625,59.08232116699219,57.88994598388672,124.34746551513672,,30.242111206054688,45.095394134521484,63.56210708618164,8.738359451293945,42.491127014160156,71.2324447631836,85.95507049560547,2437.919921875
2017-06-15,3.7523388862609863,144.50999450683594,108.6545639038086,59.902565002441406,58.520206451416016,123.6663589477539,,30.13892936706543,45.57569122314453,63.22742462158203,8.714746475219727,42.50751495361328,72.12569427490234,86.95463562011719,2432.4599609375
2017-06-16,3.733868360519409,144.41000366210938,109.27493286132812,60.32942199707031,58.63309097290039,125.09184265136719,,30.146862030029297,45.853355407714844,63.317867279052734,8.636832237243652,42.950042724609375,72.86702728271484,87.76103973388672,2433.14990234375
2017-06-19,3.874239921569824,143.5399932861328,110.75873565673828,59.78538131713867,59.13166046142578,124.83837890625,,30.496112823486328,45.8758659362793,64.10481262207031,8.674610137939453,42.982826232910156,73.39399719238281,87.97941589355469,2453.4599609375
2017-06-20,3.8685755729675293,140.8300018310547,109.55156707763672,59.14091110229492,58.20037078857422,123.8485107421875,,30.369108200073242,45.03534698486328,63.23649597167969,8.686415672302246,42.802528381347656,73.16177368164062,87.34105682373047,2437.030029296875
2017-06-21,3.927186965942383,139.97999572753906,107.5060806274414,59.350162506103516,56.921024322509766,121.35401153564453,,30.646923065185547,44.975318908691406,63.56210708618164,8.641552925109863,42.40916061401367,72.80451202392578,85.88788604736328,2435.610107421875
2017-06-22,3.900097370147705,141.00999450683594,105.9216537475586,59.78538131713867,56.98686599731445,122.56562042236328,,31.0438175201416,44.57756805419922,63.55303192138672,8.712386131286621,42.28624725341797,72.5186996459961,84.21635437011719,2434.5
2017-06-23,3.7882936000823975,144.0800018310547,105.25099182128906,60.87346649169922,56.84577178955078,122.32801818847656,,31.647052764892578,44.45750045776367,64.41236114501953,8.714746475219727,42.163326263427734,72.75090789794922,85.04790496826172,2438.300048828125
2017-06-26,3.7469210624694824,143.47999572753906,105.78752899169922,61.007381439208984,56.83637619018555,123.57927703857422,,31.98043441772461,44.45750045776367,63.797271728515625,8.75960922241211,42.630435943603516,72.71517181396484,87.25704193115234,2439.070068359375
2017-06-27,3.6097514629364014,143.1300048828125,105.45217895507812,60.999000549316406,56.52593994140625,122.66854858398438,,31.45656394958496,43.99221420288086,62.60326385498047,8.799749374389648,42.777950286865234,71.98274993896484,87.05545806884766,2419.3798828125
2017-06-28,3.7370693683624268,147.27999877929688,107.64857482910156,61.395111083984375,56.97746658325195,123.4763412475586,,32.07569885253906,43.264251708984375,63.13693618774414,8.884743690490723,43.2122688293457,72.56331634521484,88.02982330322266,2440.68994140625
2017-06-29,3.6122143268585205,146.0,107.3216323852539,61.782779693603516,56.44127655029297,123.94351959228516,,31.82962989807129,42.54380416870117,61.95201110839844,8.75960922241211,43.228675842285156,71.29496765136719,87.52583312988281,2419.699951171875
2017-06-30,3.5600059032440186,144.2100067138672,106.70966339111328,62.19572830200195,56.97746658325195,125.12351989746094,,31.78993034362793,42.731414794921875,62.35000991821289,8.835163116455078,43.08116912841797,72.4561767578125,87.09745025634766,2423.409912109375
2017-07-03,3.431209087371826,145.3699951171875,109.09888458251953,63.08064270019531,57.57951736450195,125.7807846069336,,31.408933639526367,42.42373275756836,61.66257858276367,9.024049758911133,43.302425384521484,72.67945861816406,88.32382202148438,2429.010009765625
2017-07-05,3.5228195190429688,145.3800048828125,109.92880249023438,61.60579299926758,57.58892059326172,124.29988098144531,,31.640289306640625,43.144187927246094,62.48569107055664,9.024049758911133,43.195892333984375,73.36722564697266,87.81986236572266,2432.5400390625
2017-07-06,3.5334091186523438,144.16000366210938,108.26895141601562,59.439903259277344,57.5418815612793,122.20922088623047,,30.55531120300293,42.753944396972656,62.02436065673828,8.889469146728516,43.072967529296875,72.04528045654297,87.48383331298828,2409.75
2017-07-07,3.6141843795776367,145.10000610351562,110.07971954345703,60.93159866333008,57.90876007080078,123.53179168701172,,30.826555252075195,43.09164810180664,62.82942581176758,8.839885711669922,43.2122688293457,72.54546356201172,88.46661376953125,2425.179931640625
2017-07-10,3.785090684890747,144.77999877929688,111.3707275390625,61.03273010253906,58.04045867919922,122.06671905517578,,30.770715713500977,43.40683364868164,63.299781799316406,8.872941970825195,43.32701110839844,72.82235717773438,88.1390151977539,2427.429931640625
2017-07-11,3.838777780532837,146.0399932861328,110.18868255615234,60.46807098388672,57.9651985168457,121.54402160644531,,31.16960334777832,42.47626495361328,63.308807373046875,8.863493919372559,43.228675842285156,72.76876831054688,87.73583221435547,2425.530029296875
2017-07-12,4.00205135345459,146.4600067138672,111.75636291503906,60.04669189453125,58.529598236083984,121.11637878417969,,32.04716491699219,42.956565856933594,64.35807037353516,8.894187927246094,43.32701110839844,73.23323822021484,87.74422454833984,2443.25
2017-07-13,3.9557535648345947,149.5,112.4940414428711,60.577632904052734,58.096885681152344,122.17759704589844,,33.012489318847656,42.92655563354492,64.91889953613281,8.965019226074219,43.66300964355469,72.16139221191406,88.35743713378906,2447.830078125
2017-07-14,4.062140941619873,149.02999877929688,112.95516204833984,60.147804260253906,58.22859191894531,123.33379364013672,,34.81548309326172,42.85150146484375,65.83248138427734,8.948494911193848,43.72856140136719,72.14352416992188,87.88703918457031,2459.27001953125
2017-07-17,4.044901371002197,147.67999267578125,112.93839263916016,61.36982727050781,58.20037078857422,125.9312515258789,,34.799530029296875,42.686397552490234,66.34806060791016,8.91779899597168,43.90886688232422,72.19712829589844,88.20623779296875,2459.139892578125
2017-07-18,4.087012767791748,149.13999938964844,112.81265258789062,60.7967414855957,57.767662048339844,124.08613586425781,,34.91920471191406,42.61134719848633,66.3028335571289,8.87766170501709,43.90066146850586,71.99170684814453,87.81141662597656,2460.610107421875
2017-07-19,4.065835475921631,149.5800018310547,114.04496002197266,61.49625015258789,57.9651985168457,124.89389038085938,,35.230342864990234,42.671390533447266,66.80941009521484,8.7855806350708,44.16290283203125,72.08101654052734,88.97058868408203,2473.830078125
2017-07-20,4.124938011169434,149.0,114.67367553710938,62.16202926635742,57.513668060302734,119.0573959350586,,35.58137893676758,42.91904067993164,67.13504028320312,8.861133575439453,44.07274627685547,72.42933654785156,88.7942123413086,2473.449951171875
2017-07-21,4.139713287353516,148.25,114.29644012451172,63.105918884277344,57.297306060791016,118.78814697265625,,35.709014892578125,42.92655563354492,66.74606323242188,9.151545524597168,44.0809440612793,71.82196044921875,88.5422134399414,2472.5400390625
2017-07-24,4.091690540313721,148.36000061035156,115.31920623779297,61.55522537231445,57.57951736450195,116.8162612915039,,35.788795471191406,42.731414794921875,66.57421112060547,9.210575103759766,44.0072021484375,71.73267364501953,89.0378189086914,2469.909912109375
2017-07-25,4.071990966796875,150.5,116.39226531982422,63.19019317626953,58.11570358276367,118.74063110351562,,35.709014892578125,43.099151611328125,67.10791778564453,9.210575103759766,44.20387649536133,70.65190124511719,89.26457977294922,2477.1298828125
2017-07-26,4.119025707244873,153.75,121.26285552978516,62.92050552368164,57.86171340942383,118.81982421875,,35.389896392822266,43.60947036743164,66.98127746582031,9.229464530944824,43.61383819580078,70.1070327758789,88.31539154052734,2477.830078125
2017-07-27,3.983088254928589,151.7899932861328,119.46050262451172,63.721126556396484,57.94638442993164,122.65277862548828,,35.11066818237305,45.132904052734375,66.17621612548828,9.264880180358887,43.36799240112305,72.5276107788086,88.14743041992188,2475.419921875
2017-07-28,4.048348426818848,152.0500030517578,121.09519958496094,63.4093132019043,58.181549072265625,120.71255493164062,,34.695823669433594,43.710201263427734,66.0676498413086,9.439600944519043,44.925045013427734,72.70624542236328,88.59262084960938,2472.10009765625
2017-07-31,4.00205135345459,152.05999755859375,121.45568084716797,63.754844665527344,57.92756271362305,122.11419677734375,,34.639991760253906,43.778324127197266,65.7601318359375,9.456128120422363,45.07254409790039,72.56331634521484,88.42460632324219,2470.300048828125
2017-08-01,4.050811767578125,154.1999969482422,122.32757568359375,63.82227325439453,57.9651985168457,121.13220977783203,,34.743690490722656,42.99885559082031,65.65155792236328,9.536404609680176,45.654396057128906,72.76876831054688,89.25618743896484,2476.35009765625
2017-08-02,4.048348426818848,154.17999267578125,121.99224090576172,63.636844635009766,60.42037582397461,121.1559829711914,,34.63199234008789,42.81723403930664,65.36212158203125,9.526959419250488,45.58882522583008,72.21499633789062,87.22345733642578,2477.570068359375
2017-08-03,4.099817276000977,154.17999267578125,123.30751037597656,64.09195709228516,60.5803108215332,121.04512786865234,,34.23311233520508,42.491844177246094,65.26262664794922,9.6072359085083,45.76092529296875,72.13459777832031,87.22345733642578,2472.159912109375
2017-08-04,4.117795944213867,145.25999450683594,124.64807891845703,65.136962890625,60.693180084228516,120.97383117675781,,34.09748077392578,42.4464225769043,65.74202728271484,9.571820259094238,46.12969970703125,72.63478088378906,88.14743041992188,2476.830078125
2017-08-07,4.244378089904785,142.4600067138672,124.18438720703125,65.86174774169922,60.38277053833008,122.70817565917969,,34.09748077392578,42.33292007446289,65.48876953125,9.531682014465332,45.867462158203125,73.23323822021484,87.26544952392578,2480.909912109375
2017-08-08,4.193891525268555,142.41000366210938,125.45752716064453,74.60960388183594,60.01588821411133,122.1379623413086,,34.04961395263672,41.65184783935547,65.8415298461914,9.522233963012695,45.93301773071289,72.67945861816406,87.98782348632812,2474.919921875
2017-08-09,4.238465309143066,140.22999572753906,124.74082946777344,73.3623046875,59.79013442993164,122.90613555908203,,33.698585510253906,41.553470611572266,65.55207061767578,9.597789764404297,46.08872604370117,71.98274993896484,88.2146224975586,2474.02001953125
2017-08-10,4.0569682121276855,138.74000549316406,121.23340606689453,70.65705871582031,59.01876449584961,120.98177337646484,,32.93271255493164,41.455078125,64.59327697753906,9.6072359085083,45.670772552490234,70.49113464355469,86.50945281982422,2438.2099609375
2017-08-11,3.840747594833374,139.32000732421875,120.8708724975586,70.60647583007812,58.868263244628906,120.73628997802734,,33.100250244140625,41.04642868041992,65.57921600341797,9.604876518249512,45.92483139038086,70.81268310546875,86.13146209716797,2441.320068359375
2017-08-14,4.147101402282715,141.77999877929688,122.37165832519531,71.52507781982422,59.37623977661133,121.7657470703125,,33.53104782104492,41.56101608276367,66.56515502929688,9.71584701538086,46.26081848144531,70.98235321044922,87.55103302001953,2465.840087890625
2017-08-15,4.112133502960205,143.22000122070312,122.16925811767578,71.60094451904297,59.36682891845703,119.99185180664062,,33.48318099975586,42.068050384521484,66.58335876464844,9.746541023254395,46.55584716796875,70.5179214477539,86.80345153808594,2464.610107421875
2017-08-16,4.0670647621154785,143.41000366210938,120.8708724975586,72.60382080078125,59.36682891845703,120.55677795410156,,33.83420944213867,42.559932708740234,66.97437286376953,9.741817474365234,46.30999755859375,70.82162475585938,86.19024658203125,2468.110107421875
2017-08-17,3.976440668106079,142.02000427246094,116.97563171386719,72.05603790283203,59.065799713134766,118.40855407714844,,31.560510635375977,41.6064338684082,65.83768463134766,9.609596252441406,45.56424331665039,70.41072082519531,84.2667236328125,2430.010009765625
2017-08-18,3.9771783351898193,142.69000244140625,117.02619171142578,71.06157684326172,59.206905364990234,117.72425842285156,,31.392969131469727,41.6140022277832,65.91950988769531,9.67570972442627,45.53146743774414,69.82121276855469,84.00631713867188,2425.550048828125
2017-08-21,3.9193060398101807,143.25,115.8963851928711,71.5503921508789,58.68012237548828,112.7435073852539,,31.073867797851562,42.20426559448242,65.61035919189453,9.654458045959473,45.3020133972168,69.20491790771484,83.47714233398438,2428.3701171875
2017-08-22,4.006558895111084,142.30999755859375,117.01777648925781,71.90434265136719,59.206905364990234,112.98220825195312,,30.87441635131836,42.461578369140625,66.5287857055664,9.746541023254395,45.53146743774414,69.74083709716797,83.91394805908203,2452.510009765625
2017-08-23,4.086667060852051,142.14999389648438,116.78170776367188,71.28912353515625,58.755374908447266,112.59232330322266,,30.850482940673828,42.20426559448242,66.12867736816406,9.819731712341309,45.195472717285156,68.85655212402344,84.04832458496094,2444.0400390625
2017-08-24,4.071630954742432,142.4499969482422,116.68893432617188,72.43527221679688,58.80240249633789,113.64256286621094,,30.96216583251953,42.030216217041016,66.10140991210938,9.951955795288086,44.769325256347656,68.91015625,82.94210052490234,2438.969970703125
2017-08-25,4.037617206573486,142.42999267578125,116.86600494384766,73.48870849609375,58.811824798583984,115.29751586914062,,30.74677085876465,42.54480743408203,66.21958923339844,10.022786140441895,45.09713363647461,69.32996368408203,83.17008972167969,2443.050048828125
2017-08-28,4.066208839416504,143.05999755859375,116.14090728759766,73.5140151977539,58.68012237548828,115.17816925048828,,30.587203979492188,42.749141693115234,66.22870635986328,9.890564918518066,44.65460205078125,69.71403503417969,80.59452056884766,2444.239990234375
2017-08-29,4.059553623199463,142.75,115.8290023803711,73.17691040039062,58.858856201171875,115.92607879638672,,30.33989143371582,42.824806213378906,66.42874908447266,9.866955757141113,44.52347946166992,69.46394348144531,79.8176040649414,2446.300048828125
2017-08-30,4.083709239959717,143.1699981689453,115.67718505859375,73.27802276611328,58.96232604980469,116.28412628173828,,30.491485595703125,42.84750747680664,67.3017349243164,9.866954803466797,44.72922897338867,69.93733215332031,80.03718566894531,2457.590087890625
2017-08-31,4.176386833190918,143.77000427246094,116.78170776367188,74.07022857666016,59.49852752685547,117.41397857666016,,30.842498779296875,43.15778350830078,67.99285888671875,9.92375659942627,44.4987907409668,70.30354309082031,79.9612045288086,2471.64990234375
2017-09-01,4.201528072357178,143.9199981689453,117.88619995117188,75.2753677368164,59.47970199584961,116.17274475097656,,30.83452796936035,43.188045501708984,67.23808288574219,10.098896980285645,44.48232650756836,70.6965560913086,79.88517761230469,2476.550048828125
2017-09-05,4.08937931060791,141.2899932861328,114.38724517822266,75.42709350585938,59.27274703979492,115.10658264160156,,30.300012588500977,42.91562271118164,66.93798828125,9.87405776977539,43.51944351196289,70.91986846923828,76.38916778564453,2457.85009765625
2017-09-06,4.0869140625,140.36000061035156,113.9066390991211,76.31195068359375,59.69607162475586,115.92607879638672,,30.99408531188965,43.286434173583984,66.74703979492188,9.85985279083252,43.42891311645508,71.68798828125,76.90426635742188,2465.5400390625
2017-09-07,4.105895042419434,142.00999450683594,111.4278564453125,74.78656768798828,59.82775115966797,116.43533325195312,,30.866436004638672,43.142642974853516,67.60184478759766,9.774652481079102,42.498931884765625,71.65226745605469,74.0922622680664,2465.10009765625
2017-09-08,4.034660816192627,144.35000610351562,111.9421615600586,76.51424407958984,60.251075744628906,116.9604721069336,,30.818574905395508,43.05939483642578,67.27445220947266,9.81015396118164,43.75811004638672,72.17925262451172,76.65092468261719,2461.429931640625
2017-09-11,4.16554069519043,146.10000610351562,115.12073516845703,77.66038513183594,60.58972930908203,117.12754821777344,,31.480737686157227,43.384822845458984,67.98377990722656,9.87405776977539,44.39179992675781,72.4114990234375,78.82115936279297,2488.110107421875
2017-09-12,4.180578708648682,144.92999267578125,116.04816436767578,77.02832794189453,61.06945037841797,118.84613037109375,,31.855690002441406,44.012908935546875,67.91100311279297,9.92612361907959,44.30951690673828,72.34896087646484,79.41229248046875,2496.47998046875
2017-09-13,4.199307918548584,144.75999450683594,116.06504821777344,76.37937927246094,61.23878479003906,118.52788543701172,,32.126949310302734,43.92210006713867,68.3929672241211,9.935588836669922,44.03791427612305,73.07247161865234,79.18426513671875,2498.3701171875
2017-09-14,4.175400733947754,144.00999450683594,117.20329284667969,76.53951263427734,61.47429275512695,116.9683837890625,,32.43010711669922,43.521018981933594,67.99285888671875,9.945058822631836,43.88978576660156,73.79595184326172,78.75363159179688,2495.6201171875
2017-09-15,4.439382076263428,145.02000427246094,117.919921875,76.58165740966797,61.540252685546875,116.68992614746094,,32.73325729370117,43.778324127197266,68.48392486572266,9.911922454833984,44.202510833740234,74.0733642578125,79.2518310546875,2500.22998046875
2017-09-18,4.622766017913818,151.2100067138672,118.7630615234375,75.98328399658203,62.46339797973633,116.68992614746094,,32.414146423339844,43.952369689941406,68.34750366210938,10.146227836608887,44.30127716064453,73.96601867675781,79.20960998535156,2503.8701171875
2017-09-19,4.617833137512207,153.25999450683594,119.07501983642578,76.71649932861328,62.519920349121094,116.80133056640625,,33.275753021240234,43.9448127746582,68.60214233398438,10.281136512756348,44.77860641479492,74.14495086669922,78.50871276855469,2506.64990234375
2017-09-20,4.580618381500244,151.0,119.29425048828125,75.098388671875,62.54817199707031,118.59949493408203,,33.26778030395508,44.27777099609375,68.14745330810547,10.404204368591309,45.371158599853516,74.7893295288086,78.77050018310547,2508.239990234375
2017-09-21,4.455402851104736,150.63999938964844,119.82537078857422,74.56748962402344,62.27497482299805,118.21757507324219,,33.395423889160156,44.03561019897461,67.48362731933594,10.319000244140625,44.72922897338867,74.69982147216797,79.04073333740234,2500.60009765625
2017-09-22,4.412022113800049,153.6699981689453,120.49989318847656,74.51690673828125,61.78512954711914,118.80635833740234,,33.94590377807617,45.216163635253906,67.6655044555664,10.449173927307129,44.81153106689453,75.6663589477539,79.75850677490234,2502.219970703125
2017-09-25,4.214837551116943,155.3300018310547,120.69383239746094,74.58432006835938,61.25762939453125,118.59949493408203,,34.06557846069336,45.42805099487305,66.61972045898438,10.444437980651855,45.00080108642578,75.62163543701172,80.17229461669922,2496.659912109375
2017-09-26,4.238498687744141,154.72000122070312,121.70559692382812,74.77814483642578,61.6250114440918,119.05301666259766,,34.911216735839844,45.359928131103516,66.61972045898438,10.35450267791748,45.1818733215332,76.38228607177734,79.6909408569336,2496.840087890625
2017-09-27,4.331422805786133,154.2899932861328,124.70712280273438,75.17423248291016,62.425697326660156,119.38719177246094,,35.238311767578125,45.67020797729492,67.15621948242188,10.5154447555542,45.297088623046875,76.3644027709961,80.77186584472656,2507.0400390625
2017-09-28,4.330190181732178,154.6999969482422,124.57221221923828,75.30986022949219,61.747467041015625,117.27075958251953,,34.97504806518555,45.60209274291992,67.17443084716797,10.610114097595215,45.362918853759766,76.74921417236328,80.8816146850586,2510.06005859375
2017-09-29,4.4063544273376465,154.77000427246094,125.21292877197266,74.8267593383789,62.209041595458984,118.55972290039062,,34.911216735839844,45.37506866455078,67.73822784423828,10.659815788269043,45.61806106567383,77.38459777832031,80.66207885742188,2519.360107421875
2017-10-02,4.412022113800049,154.75999450683594,125.34786224365234,75.41153717041016,62.953208923339844,117.676513671875,,35.10270309448242,45.26155090332031,67.84735870361328,10.984057426452637,45.75794219970703,77.43830108642578,80.78031158447266,2529.1201171875
2017-10-03,4.421143531799316,155.0,126.00550079345703,75.03865051269531,62.44453430175781,119.86455535888672,,35.41383743286133,46.91128158569336,67.52909851074219,11.166295051574707,45.60980987548828,78.27957153320312,80.81407928466797,2534.580078125
2017-10-04,4.458116054534912,158.38999938964844,126.35962677001953,75.8353042602539,63.06624984741211,120.49313354492188,,35.46968460083008,47.38047790527344,67.92011260986328,11.194698333740234,45.82380676269531,77.61730194091797,80.46784973144531,2537.739990234375
2017-10-05,4.4556498527526855,157.74000549316406,126.93297576904297,75.79292297363281,62.981475830078125,118.22550201416016,,35.70208740234375,47.86479949951172,69.0841064453125,11.282266616821289,45.66743087768555,77.92160034179688,80.63674926757812,2552.070068359375
2017-10-06,4.468714237213135,160.75999450683594,127.30401611328125,74.79287719726562,63.10393524169922,118.76657104492188,,35.605918884277344,48.144798278808594,69.1113510131836,11.230199813842773,45.774417877197266,78.02897644042969,81.1011962890625,2549.330078125
2017-10-09,4.569526672363281,162.16000366210938,127.00043487548828,73.69109344482422,63.21698760986328,120.09530639648438,,35.557823181152344,48.16748809814453,69.3750991821289,11.256233215332031,45.74150085449219,78.41378784179688,80.72962188720703,2544.72998046875
2017-10-10,4.656778812408447,161.5500030517578,127.523193359375,73.91995239257812,63.26408767700195,119.54632568359375,,34.988834381103516,48.2129020690918,69.3750991821289,11.204164505004883,46.029544830322266,78.58382415771484,80.9154281616211,2550.639892578125
2017-10-11,4.706323623657227,161.57000732421875,128.01217651367188,72.20794677734375,63.08506774902344,120.09530639648438,,34.868629455566406,48.03884506225586,69.49330139160156,11.3106689453125,45.980167388916016,78.88809204101562,80.4931640625,2555.239990234375
2017-10-12,4.708540439605713,160.35000610351562,128.64450073242188,72.25882720947266,63.21698760986328,120.62837982177734,,34.796512603759766,48.75019836425781,70.1298599243164,11.275165557861328,45.97193145751953,80.14994812011719,81.02520751953125,2550.929931640625
2017-10-13,4.796288013458252,160.6199951171875,128.92274475097656,72.07235717773438,63.3017578125,120.9466323852539,,34.96480178833008,48.24317169189453,70.46631622314453,11.275165557861328,46.07891845703125,79.02235412597656,80.82252502441406,2553.169921875
2017-10-16,4.878614902496338,160.69000244140625,129.32745361328125,72.92835998535156,63.838687896728516,120.9546127319336,,35.036922454833984,48.01613998413086,70.61180114746094,11.294099807739258,46.152992248535156,78.87915802001953,81.25320434570312,2557.639892578125
2017-10-17,4.874176025390625,162.63999938964844,128.4506072998047,72.89445495605469,63.97997283935547,121.13761138916016,,35.325435638427734,47.599937438964844,70.5572509765625,11.218365669250488,45.930782318115234,77.85894775390625,80.9491958618164,2559.360107421875
2017-10-18,4.869986057281494,165.9600067138672,128.77943420410156,72.318115234375,63.97997283935547,122.1480712890625,,35.7581901550293,47.69831085205078,70.575439453125,11.776917457580566,45.692115783691406,78.3958740234375,85.96524810791016,2561.260009765625
2017-10-19,4.8754096031188965,164.0399932861328,128.53488159179688,73.20801544189453,64.4321517944336,124.27243041992188,,35.46967315673828,48.061546325683594,70.84825134277344,11.69644832611084,46.47394943237305,78.52117919921875,85.40788269042969,2562.10009765625
2017-10-20,4.853227138519287,164.67999267578125,129.9429168701172,76.58959197998047,64.60169219970703,127.39936828613281,,35.71010208129883,48.46263122558594,71.66668701171875,11.689346313476562,46.49041748046875,78.77174377441406,84.3523178100586,2575.2099609375
2017-10-23,4.846323013305664,164.6699981689453,129.9935302734375,75.90312194824219,64.51692199707031,129.01454162597656,,35.854347229003906,48.689659118652344,71.68484497070312,11.963890075683594,44.49055862426758,78.1363525390625,84.0145263671875,2564.97998046875
2017-10-24,4.897099494934082,163.8300018310547,129.8164520263672,76.8438491821289,64.74301147460938,129.1497802734375,,35.91846466064453,48.341556549072266,71.712158203125,12.101160049438477,45.165409088134766,79.18344116210938,84.17499542236328,2569.1298828125
2017-10-25,4.773365020751953,164.39999389648438,132.4217529296875,77.84390258789062,64.53575897216797,127.240234375,,35.028907775878906,48.492916107177734,71.50299072265625,12.179259300231934,45.13249206542969,77.40252685546875,84.27633666992188,2557.14990234375
2017-10-26,4.823400497436523,164.13999938964844,137.26124572753906,77.3438491821289,65.2139892578125,126.8822021484375,,35.59789276123047,48.87886047363281,71.62120819091797,12.430136680603027,45.72503662109375,72.22087097167969,84.80833435058594,2560.39990234375
2017-10-27,4.975480079650879,165.3699951171875,135.4232635498047,77.19978332519531,65.17631530761719,126.0706558227539,,35.269325256347656,49.4918212890625,76.21347045898438,12.683377265930176,45.42876434326172,71.85394287109375,84.48743438720703,2581.070068359375
2017-10-30,5.0242838859558105,163.6999969482422,133.46717834472656,77.80999755859375,63.70680236816406,124.98853302001953,,34.87664031982422,48.788047790527344,76.28621673583984,12.58634090423584,45.41230010986328,73.3574447631836,85.16300201416016,2572.830078125
2017-10-31,5.0974884033203125,165.27000427246094,131.98326110839844,75.79292297363281,63.57492446899414,125.53751373291016,,35.59789276123047,48.65077209472656,75.64059448242188,12.785149574279785,45.305301666259766,74.62822723388672,84.9941177368164,2575.260009765625
2017-11-01,5.107100963592529,164.30999755859375,132.69154357910156,75.80986785888672,63.34883499145508,125.99898529052734,,35.686058044433594,48.91769790649414,75.64059448242188,12.744915008544922,45.46992111206055,74.0375747680664,85.4332275390625,2579.360107421875
2017-11-02,5.076045989990234,182.30999755859375,135.3726806640625,77.74220275878906,64.41329193115234,126.11035919189453,,35.461666107177734,49.2227783203125,76.43170928955078,13.014725685119629,45.84848403930664,73.5901107788086,84.62256622314453,2579.85009765625
2017-11-03,5.143826007843018,178.8000030517578,135.25401306152344,76.8438491821289,63.73503494262695,125.88762664794922,,35.45365524291992,48.80330276489258,76.5135726928711,12.7638521194458,45.955467224121094,73.40218353271484,84.56343078613281,2587.840087890625
2017-11-06,5.166997909545898,179.86000061035156,136.15237426757812,74.60640716552734,64.57342529296875,126.6275863647461,,36.06271743774414,48.81092071533203,76.81366729736328,12.865618705749512,45.996620178222656,74.35972595214844,83.82876586914062,2591.1298828125
2017-11-07,5.226153373718262,177.0,134.94891357421875,72.03844451904297,64.58285522460938,126.1501693725586,,35.78220748901367,49.01683807373047,76.63177490234375,12.801713943481445,45.543975830078125,74.75349426269531,83.64299774169922,2590.639892578125
2017-11-08,5.155413627624512,175.9499969482422,135.5930633544922,72.40290069580078,64.10245513916016,125.17950439453125,,36.32718276977539,49.23039245605469,76.89550018310547,12.778050422668457,45.42876434326172,74.66401672363281,83.07720184326172,2594.3798828125
2017-11-09,5.060762405395508,177.0,134.79638671875,73.1402359008789,64.06475067138672,124.76575469970703,,37.10451889038086,49.39055252075195,76.46808624267578,12.707049369812012,45.46992111206055,73.45586395263672,83.35585021972656,2584.6201171875
2017-11-10,5.327456474304199,180.5500030517578,133.24539184570312,73.41987609863281,64.27198791503906,124.01786041259766,,37.136566162109375,49.245635986328125,76.26802825927734,12.75201416015625,45.692115783691406,74.3955307006836,82.88298797607422,2582.300048828125
2017-11-13,5.240941047668457,181.4199981689453,133.33018493652344,73.45378112792969,64.89373016357422,124.17695617675781,,36.86410140991211,49.649864196777344,76.3226089477539,12.756749153137207,45.83201599121094,75.12043762207031,83.3474349975586,2584.840087890625
2017-11-14,5.279145240783691,178.67999267578125,133.15220642089844,73.90296173095703,65.4588851928711,124.66234588623047,,36.559566497802734,49.85578155517578,76.43170928955078,12.79224681854248,46.268218994140625,74.18973541259766,83.47411346435547,2578.8701171875
2017-11-15,5.175622940063477,176.47999572753906,133.3895263671875,73.8436508178711,64.8277587890625,124.6703109741211,,36.719852447509766,49.25327682495117,75.83766174316406,12.79935073852539,46.638545989990234,73.41112518310547,83.48255157470703,2564.6201171875
2017-11-16,5.2158002853393555,178.64999389648438,133.12680053710938,74.92848205566406,66.0523681640625,125.6301040649414,,42.5620231628418,50.06169891357422,76.03873443603516,12.872719764709473,46.09538269042969,73.7511978149414,82.33409881591797,2585.639892578125
2017-11-17,5.2096381187438965,178.69000244140625,134.1437530517578,75.52171325683594,66.1842269897461,125.5901107788086,,42.433780670166016,49.5125732421875,75.30760955810547,12.90349006652832,46.2023811340332,73.96601867675781,83.27986145019531,2578.85009765625
2017-11-20,5.276681423187256,178.72999572753906,136.15237426757812,75.90312194824219,66.56103515625,127.50968933105469,,43.86026382446289,49.71088409423828,75.4263916015625,13.090460777282715,45.96370315551758,74.49400329589844,83.24608612060547,2582.139892578125
2017-11-21,5.32523775100708,179.9199981689453,135.39808654785156,76.50484466552734,66.26899719238281,128.86940002441406,,44.14076232910156,49.66511535644531,76.51397705078125,13.140162467956543,46.16122055053711,74.63717651367188,83.09408569335938,2599.030029296875
2017-11-22,5.301313877105713,178.63999938964844,135.24549865722656,77.92019653320312,66.16537475585938,129.0694122314453,,44.91811752319336,49.32954025268555,75.95648193359375,13.07862663269043,45.906089782714844,74.42240142822266,83.1025390625,2597.080078125
2017-11-24,5.351382732391357,180.17999267578125,135.22862243652344,77.47948455810547,66.16537475585938,127.73365020751953,,45.206607818603516,49.33717346191406,76.09358215332031,13.161462783813477,45.79087829589844,74.2076187133789,83.1110610961914,2602.419921875
2017-11-27,5.281827449798584,178.57000732421875,134.9658660888672,78.28460693359375,66.50450897216797,129.00543212890625,,45.06236267089844,49.32954025268555,76.65106964111328,13.151993751525879,45.92256546020508,74.36869812011719,83.2044448852539,2601.419921875
2017-11-28,5.1972246170043945,180.1300048828125,137.08465576171875,80.10677337646484,67.82331085205078,131.22894287109375,,45.51915740966797,50.183719635009766,77.57411193847656,13.303464889526367,46.6550178527832,74.57454681396484,84.89451599121094,2627.0400390625
2017-11-29,4.8447585105896,179.52000427246094,138.61862182617188,80.21694946289062,67.5218734741211,133.7484130859375,,45.06236267089844,50.778621673583984,76.16667175292969,13.518839836120605,47.4450798034668,74.22550201416016,86.38078308105469,2626.070068359375
2017-11-30,4.950571537017822,181.8699951171875,138.3389434814453,80.64071655273438,68.47327423095703,135.51605224609375,,45.286746978759766,51.335357666015625,76.92520904541016,13.528324127197266,47.478145599365234,75.29943084716797,85.66737365722656,2647.580078125
2017-12-01,4.875836372375488,180.83999633789062,137.69485473632812,81.0220718383789,67.90808868408203,134.57228088378906,,45.206607818603516,50.99977493286133,77.00749206542969,13.770155906677246,47.46987533569336,75.69322204589844,84.733154296875,2642.219970703125
2017-12-04,4.604024887084961,183.60000610351562,140.30516052246094,84.50535583496094,67.62549591064453,138.62741088867188,,44.82194137573242,51.564151763916016,74.10118103027344,13.966940879821777,46.701171875,74.66401672363281,84.7586441040039,2639.43994140625
2017-12-05,4.63066291809082,183.8699951171875,139.29664611816406,81.18311309814453,67.012451171875,136.90773010253906,,44.9902458190918,51.81583786010742,74.56730651855469,13.952713966369629,45.16374206542969,73.38426208496094,83.39978790283203,2629.570068359375
2017-12-06,4.668154239654541,184.47999572753906,139.64413452148438,82.46284484863281,67.00301361083984,134.8682098388672,,45.84771728515625,52.17429733276367,75.65489959716797,14.000131607055664,45.39518356323242,73.19635009765625,83.2469253540039,2629.27001953125
2017-12-07,4.735489845275879,185.72000122070312,142.04258728027344,84.7257080078125,67.34253692626953,136.71575927734375,,46.10417556762695,52.26581573486328,75.38983917236328,14.272782325744629,45.271202087402344,74.3776626586914,83.72251892089844,2636.97998046875
2017-12-08,4.723158359527588,186.42999267578125,143.95794677734375,86.73430633544922,67.6632080078125,137.72361755371094,,46.68918991088867,52.631900787353516,76.9161148071289,14.495648384094238,45.60182189941406,73.79593658447266,84.18962860107422,2651.5
2017-12-11,4.801346778869629,189.1300048828125,142.1951141357422,85.75965118408203,67.82354736328125,137.0357208251953,,46.94564437866211,52.6395263671875,77.89399719238281,14.384217262268066,45.808467864990234,73.53640747070312,84.82659912109375,2659.989990234375
2017-12-12,4.707125186920166,189.2899932861328,142.89010620117188,84.8697738647461,68.03102111816406,136.59584045410156,,46.3205451965332,52.403099060058594,78.2138900756836,14.671097755432129,46.31267166137695,73.51850128173828,85.18330383300781,2664.110107421875
2017-12-13,4.5921854972839355,189.72999572753906,141.04248046875,81.54753112792969,67.63492584228516,136.19593811035156,,46.30451583862305,52.486995697021484,78.00364685058594,14.43637752532959,45.91592788696289,73.95703887939453,83.92636108398438,2662.85009765625
2017-12-14,4.599338531494141,188.5,140.220458984375,82.08145904541016,66.92753601074219,132.37266540527344,,45.9759521484375,52.11328887939453,77.40048217773438,14.237226486206055,45.63489532470703,73.097900390625,83.05157470703125,2652.010009765625
2017-12-15,4.724883556365967,190.11000061035156,142.3222198486328,81.45429229736328,67.1727523803711,134.5323028564453,,45.89581298828125,53.211517333984375,79.37456512451172,14.320202827453613,46.081233978271484,73.77938079833984,83.49320220947266,2675.81005859375
2017-12-18,4.8812642097473145,190.67999267578125,144.0935821533203,83.10694885253906,67.43684387207031,138.06753540039062,,46.26443862915039,53.577598571777344,78.94503021240234,14.305974006652832,45.990318298339844,74.03044891357422,83.84143829345703,2690.159912109375
2017-12-19,4.837113380432129,188.86000061035156,145.2038116455078,82.48828887939453,67.96503448486328,137.8515625,,46.408687591552734,52.82256317138672,78.44236755371094,14.220625877380371,46.89126968383789,71.79769134521484,83.81593322753906,2681.469970703125
2017-12-20,4.854130268096924,190.1699981689453,145.0088653564453,83.58155822753906,68.36114501953125,139.9231414794922,,45.71148681640625,52.77680969238281,78.15902709960938,14.106823921203613,46.577171325683594,72.63162231445312,84.68222045898438,2679.25
2017-12-21,4.831685543060303,191.17999267578125,145.51736450195312,85.53083038330078,68.49320220947266,140.41098022460938,,45.04634094238281,52.34971237182617,78.14077758789062,14.204025268554688,46.23002243041992,72.63162231445312,85.87968444824219,2684.570068359375
2017-12-22,4.816392421722412,190.4600067138672,145.35633850097656,86.27664947509766,68.47434997558594,139.73118591308594,,45.11845779418945,52.06753158569336,78.14990234375,14.301236152648926,45.91592788696289,72.03978729248047,85.80326080322266,2683.340087890625
2017-12-26,4.8699164390563965,191.33999633789062,145.0088653564453,87.62418365478516,68.4177474975586,139.82720947265625,,44.7658576965332,52.509883880615234,78.04936218261719,14.26330280303955,46.26309585571289,72.08467102050781,85.92215728759766,2680.5
2017-12-27,4.86325740814209,191.42999267578125,144.87330627441406,87.55640411376953,68.5403823852539,140.299072265625,,44.99824142456055,52.16666030883789,78.33267211914062,14.170835494995117,46.51932144165039,71.73493194580078,86.02409362792969,2682.6201171875
2017-12-28,4.868928909301758,193.3800048828125,145.44110107421875,87.38605499267578,68.72901153564453,140.67501831054688,,44.71775817871094,52.12090301513672,78.34182739257812,14.230108261108398,46.750762939453125,71.34040832519531,86.35530853271484,2687.5400390625
2017-12-29,4.772735118865967,192.42999267578125,143.62738037109375,88.3058090209961,68.35173797607422,139.41128540039062,,44.33308792114258,51.922607421875,78.1773452758789,14.038065910339355,46.51932144165039,71.34040832519531,85.64189910888672,2673.610107421875
2018-01-02,4.917027950286865,193.8699951171875,144.00035095214844,89.31925964355469,68.61581420898438,141.48280334472656,,44.533443450927734,51.335357666015625,78.55204772949219,14.11630630493164,45.68448257446289,71.65423583984375,84.2745361328125,2695.81005859375
2018-01-03,5.240636348724365,194.9600067138672,143.28839111328125,86.55998229980469,69.2194595336914,140.1231231689453,,45.73552703857422,52.07514190673828,78.91761016845703,14.021468162536621,45.3207893371582,71.95909881591797,84.5123519897461,2713.06005859375
2018-01-04,5.268260478973389,195.4600067138672,143.81387329101562,88.16102600097656,69.77590942382812,140.9069366455078,,46.491485595703125,52.56325149536133,79.61219787597656,14.11867618560791,45.79193878173828,72.9634017944336,84.9709701538086,2723.989990234375
2018-01-05,5.312905311584473,197.0,144.30540466308594,88.89344787597656,69.59672546386719,142.73056030273438,,47.32786560058594,52.403099060058594,80.5992431640625,14.305974006652832,45.593563079833984,73.1427230834961,86.04107666015625,2743.14990234375
2018-01-08,5.475696086883545,197.16000366210938,145.77163696289062,89.38739776611328,70.05884552001953,145.14605712890625,,47.97124099731445,52.07514190673828,80.68147277832031,14.443488121032715,45.27946853637695,72.84681701660156,84.67371368408203,2747.7099609375
2018-01-09,5.474214553833008,196.91000366210938,147.5344696044922,89.4129409790039,69.79478454589844,142.97850036621094,,47.98732376098633,51.72431564331055,80.62665557861328,14.844169616699219,45.4365234375,74.36222839355469,84.17265319824219,2751.2900390625
2018-01-10,5.517133712768555,200.91000366210938,149.01756286621094,89.40442657470703,69.53067779541016,144.28225708007812,,48.775447845458984,51.510772705078125,80.26106262207031,14.735109329223633,45.494380950927734,74.06633758544922,81.94752502441406,2748.22998046875
2018-01-11,5.526999473571777,202.5800018310547,151.68724060058594,90.22200012207031,70.33238983154297,146.9777374267578,,49.70833969116211,50.99216079711914,80.49869537353516,14.803866386413574,45.53569412231445,75.66243743896484,81.35301208496094,2767.56005859375
2018-01-12,5.499867916107178,203.27000427246094,154.28067016601562,90.9458999633789,70.92658996582031,146.84173583984375,,50.48037338256836,51.602291107177734,81.88787841796875,14.960347175598145,45.701019287109375,76.25423431396484,81.0133056640625,2786.239990234375
2018-01-16,5.429079532623291,201.8000030517578,150.27183532714844,88.92750549316406,70.65306854248047,144.5062255859375,,50.07827377319336,52.05990219116211,80.7454833984375,14.806236267089844,45.65968704223633,75.38443756103516,79.73936462402344,2776.419921875
2018-01-17,5.542786121368408,203.39999389648438,151.25502014160156,90.31568908691406,71.70941162109375,144.9060821533203,,51.139835357666016,53.112388610839844,82.38138580322266,14.844169616699219,46.477996826171875,75.50996398925781,80.52071380615234,2802.56005859375
2018-01-18,5.535881519317627,203.25,150.49221801757812,93.52632904052734,71.7471694946289,143.77833557128906,,50.9066162109375,52.55562973022461,82.34483337402344,14.647387504577637,46.36227798461914,75.36653137207031,80.0621109008789,2798.030029296875
2018-01-19,5.675731658935547,206.64999389648438,151.54319763183594,96.04717254638672,72.60543823242188,146.20184326171875,,50.73772430419922,52.99799346923828,82.25344848632812,14.813347816467285,46.254825592041016,77.32128143310547,79.90072631835938,2810.300048828125
2018-01-22,5.76403284072876,206.77000427246094,150.80581665039062,97.8440933227539,72.15271759033203,146.1218719482422,,51.08354187011719,53.15813064575195,83.72484588623047,15.095483779907227,46.32920455932617,76.93572998046875,79.8582534790039,2832.969970703125
2018-01-23,5.892786979675293,208.85000610351562,151.11936950683594,98.66166687011719,72.6242904663086,146.52980041503906,,51.340885162353516,53.379310607910156,83.98991394042969,15.434525489807129,46.84168243408203,76.53219604492188,80.48675537109375,2839.1298828125
2018-01-24,5.81607723236084,207.8300018310547,152.8144073486328,100.27125549316406,72.52997589111328,146.18585205078125,,50.60905456542969,51.87684631347656,83.91678619384766,15.254335403442383,48.06499481201172,76.73844909667969,81.1746597290039,2837.5400390625
2018-01-25,5.829644203186035,212.1199951171875,146.72930908203125,99.9561538696289,72.60543823242188,144.7941131591797,,50.25519561767578,52.34208297729492,84.38288879394531,14.955604553222656,48.34605026245117,76.53219604492188,80.70756530761719,2839.25
2018-01-26,6.001806259155273,212.02999877929688,152.4160919189453,101.23360443115234,73.64293670654297,145.76991271972656,,50.93878173828125,53.39457321166992,85.96398162841797,15.221141815185547,48.858516693115234,77.44683074951172,81.09821319580078,2872.8701171875
2018-01-29,6.088630676269531,210.0,150.3905029296875,99.61549377441406,73.0864486694336,142.29861450195312,,50.5045051574707,52.49461364746094,85.83601379394531,15.157129287719727,48.288177490234375,77.72480010986328,80.13004302978516,2853.530029296875
2018-01-30,5.98676061630249,209.58999633789062,145.78009033203125,98.86605072021484,72.19985961914062,138.283447265625,,50.11043930053711,52.2886962890625,84.7575912475586,15.078888893127441,48.14766311645508,76.61290740966797,78.2276611328125,2822.429931640625
2018-01-31,6.06273078918457,212.5,142.97479248046875,97.35015869140625,71.96407318115234,137.01976013183594,,49.45903396606445,52.434661865234375,86.83220672607422,15.171355247497559,48.569210052490234,77.21369171142578,77.69258880615234,2823.81005859375
2018-02-01,5.932003974914551,211.25,144.99195861816406,94.95708465576172,73.48258972167969,135.87594604492188,,49.989810943603516,51.49736785888672,86.14676666259766,15.837575912475586,48.577476501464844,76.37081146240234,79.03446197509766,2821.97998046875
2018-02-02,5.75984001159668,207.50999450683594,141.9578399658203,93.50929260253906,72.86006164550781,134.28431701660156,,48.42964172363281,51.16702651977539,83.8802261352539,15.503277778625488,47.94928741455078,73.39380645751953,78.0917739868164,2762.1298828125
2018-02-05,5.270974636077881,200.33999633789062,135.9320068359375,89.79618072509766,69.7004623413086,131.4049072265625,,45.68727111816406,49.569007873535156,80.42558288574219,14.737480163574219,45.94072341918945,70.93688201904297,74.88995361328125,2648.93994140625
2018-02-06,5.563998222351074,203.4499969482422,136.0760955810547,90.89480590820312,70.46443939208984,133.6284942626953,,46.756874084472656,49.346214294433594,83.46896362304688,15.02910041809082,45.568763732910156,71.83358001708984,75.15320587158203,2695.139892578125
2018-02-07,5.643420219421387,203.32000732421875,135.69473266601562,91.7208480834961,69.9456787109375,133.27651977539062,,46.346736907958984,49.7380256652832,81.89701080322266,15.351540565490723,46.17216110229492,71.6990737915039,75.15320587158203,2681.659912109375
2018-02-08,5.365195274353027,194.61000061035156,129.24514770507812,86.28746032714844,67.95561218261719,125.35013580322266,,44.91522216796875,47.525394439697266,77.69294738769531,14.637904167175293,44.089210510253906,69.33183288574219,72.32508850097656,2581.0
2018-02-09,5.724322319030762,189.9199981689453,130.41477966308594,88.135498046875,68.1913833618164,127.02180480957031,,45.172576904296875,49.29243469238281,80.59009552001953,14.7042875289917,44.61821746826172,70.38095092773438,74.74557495117188,2619.550048828125
2018-02-12,5.624427795410156,192.69000244140625,132.13519287109375,88.05032348632812,69.79478454589844,127.37371826171875,,46.42715072631836,49.699623107910156,81.45831298828125,15.097853660583496,44.22146224975586,71.5107421875,74.32942962646484,2656.0
2018-02-13,5.737888813018799,194.1999969482422,132.7369384765625,89.02970886230469,70.19091033935547,126.08595275878906,,47.239402770996094,49.65351867675781,82.09806060791016,15.142906188964844,44.60994338989258,71.42108154296875,75.00885009765625,2662.93994140625
2018-02-14,5.954695701599121,194.77000427246094,136.06761169433594,90.85220336914062,70.46443939208984,127.1977310180664,,48.76740646362305,50.222042083740234,83.38359069824219,15.797270774841309,45.072837829589844,71.70803833007812,76.12989807128906,2698.6298828125
2018-02-15,6.079998016357422,196.36000061035156,135.4542694091797,91.0821304321289,71.53022003173828,128.91738891601562,,46.378883361816406,51.06714630126953,85.0822982788086,16.0936279296875,45.01495361328125,73.76143646240234,76.4950942993164,2731.199951171875
2018-02-16,6.01438570022583,198.60000610351562,136.14427185058594,89.92393493652344,72.19985961914062,128.67745971679688,,45.446014404296875,51.328365325927734,84.47625732421875,15.972719192504883,44.75046920776367,74.17391967773438,76.36770629882812,2732.219970703125
2018-02-20,6.1436333656311035,199.4499969482422,135.2498016357422,89.75360870361328,71.41703033447266,128.72544860839844,,46.7086296081543,50.252777099609375,85.13740539550781,16.091262817382812,44.4859619140625,76.81018829345703,75.22969055175781,2716.260009765625
2018-02-21,5.956915855407715,203.63999938964844,135.77798461914062,90.84368896484375,72.01124572753906,126.43792724609375,,47.07856369018555,49.999244689941406,84.00798034667969,16.238252639770508,44.59341049194336,77.76065826416016,74.9578857421875,2701.330078125
2018-02-22,5.976413726806641,204.07000732421875,134.61085510253906,91.55907440185547,72.12442016601562,127.80565643310547,,47.118770599365234,49.9761848449707,84.22833251953125,16.008277893066406,43.99001693725586,77.15090942382812,74.6011734008789,2703.9599609375
2018-02-23,6.069706916809082,206.17999267578125,136.54470825195312,92.42771911621094,72.39794921875,128.1495819091797,,47.947105407714844,51.06714630126953,86.36779022216797,16.4136962890625,44.66780471801758,77.2674789428711,75.69525146484375,2747.300048828125
2018-02-26,6.085748195648193,203.9600067138672,138.28262329101562,93.34748077392578,73.94474792480469,128.10157775878906,,48.58244323730469,51.343719482421875,87.6165771484375,16.596261978149414,45.04801559448242,78.77391815185547,75.59268188476562,2779.60009765625
2018-02-27,6.072915077209473,201.32000732421875,136.1102294921875,91.89122009277344,73.26565551757812,126.58988189697266,,48.574405670166016,50.64458465576172,86.49632263183594,16.643674850463867,44.477691650390625,77.9848403930664,74.6610336303711,2744.280029296875
2018-02-28,5.972711086273193,199.92999267578125,133.2733612060547,90.13683319091797,71.4358901977539,127.34973907470703,,48.695030212402344,50.03765869140625,86.10149383544922,16.47748374938965,43.68418502807617,75.42032623291016,73.05413055419922,2713.830078125
2018-03-01,5.731088638305664,199.75,130.90504455566406,89.52365112304688,69.96456909179688,123.18515014648438,,48.73523712158203,48.82378005981445,85.2567367553711,15.77944278717041,42.90721130371094,73.5910873413086,73.2421875,2677.669921875
2018-03-02,5.837955951690674,201.4499969482422,128.56227111816406,90.6478271484375,70.28521728515625,123.53082275390625,,48.86390686035156,49.008174896240234,85.4404067993164,16.10234260559082,42.99857711791992,73.73455047607422,73.88323211669922,2691.25
2018-03-05,5.815989017486572,203.6999969482422,132.57479858398438,91.482421875,70.92658996582031,125.46040344238281,,50.013938903808594,49.96851348876953,85.9821548461914,16.501222610473633,44.80091094970703,74.43397521972656,75.78071594238281,2720.93994140625
2018-03-06,5.97666072845459,203.4199981689453,132.53219604492188,91.09068298339844,71.78488159179688,127.78388214111328,,51.3087158203125,50.00692367553711,85.68829345703125,16.91672134399414,45.1995849609375,75.24995422363281,76.72093200683594,2728.1201171875
2018-03-07,5.9687628746032715,205.16000366210938,132.677001953125,91.09918212890625,72.17159271240234,127.79190063476562,,50.946834564208984,49.79949951171875,86.18414306640625,16.814626693725586,45.074989318847656,75.2589111328125,76.13972473144531,2726.800048828125
2018-03-08,5.952474594116211,206.52000427246094,133.24778747558594,89.61734771728516,72.86006164550781,124.43134307861328,,51.37305450439453,50.23740768432617,86.70751953125,16.966585159301758,45.149749755859375,76.00316619873047,75.5243148803711,2738.969970703125
2018-03-09,6.054898262023926,209.39999389648438,137.25180053710938,90.13683319091797,74.31258392333984,123.31378936767578,,52.482879638671875,51.10555648803711,88.64497375488281,17.512664794921875,46.61985778808594,78.2000503540039,77.6183853149414,2786.570068359375
2018-03-12,6.164234161376953,208.69000244140625,136.20394897460938,91.53351593017578,73.89757537841797,121.7781753540039,,51.89577865600586,51.09020233154297,88.85617065429688,17.40819549560547,45.84743881225586,78.37041473388672,76.07133483886719,2783.02001953125
2018-03-13,6.113637447357178,207.8000030517578,135.37754821777344,91.39726257324219,73.92587280273438,122.1560287475586,,52.13705825805664,51.25920867919922,86.68917083740234,17.20400619506836,45.108219146728516,77.19573974609375,76.15681457519531,2765.31005859375
2018-03-14,6.1390604972839355,207.89999389648438,133.7589569091797,91.78900909423828,73.75611114501953,122.37312316894531,,51.91188049316406,50.621543884277344,86.17494201660156,17.056804656982422,44.74277114868164,76.72834014892578,75.24223327636719,2749.47998046875
2018-03-15,6.153868198394775,206.77999877929688,132.3788299560547,92.35106658935547,73.66162872314453,122.31687927246094,,51.204166412353516,51.01335906982422,86.47796630859375,16.779010772705078,44.692935943603516,76.83621215820312,75.96876525878906,2747.330078125
2018-03-16,6.182004928588867,209.00999450683594,133.8356170654297,92.95574951171875,74.34193420410156,122.92786407470703,,51.41326141357422,50.821285247802734,86.86363983154297,16.873985290527344,44.7926139831543,77.19575500488281,76.86622619628906,2752.010009765625
2018-03-19,5.948030948638916,205.1300048828125,132.93260192871094,92.24887084960938,73.57658386230469,120.13806915283203,,50.536678314208984,50.191307067871094,85.2934799194336,16.73865509033203,44.39393615722656,76.62947082519531,77.03718566894531,2712.919921875
2018-03-20,6.159792423248291,208.2899932861328,133.8697052001953,94.0202865600586,74.105712890625,121.23146057128906,,50.914642333984375,50.32960891723633,85.51385498046875,17.03543472290039,44.576663970947266,76.97103881835938,77.7209701538086,2716.93994140625
2018-03-21,6.134617328643799,208.63999938964844,134.48306274414062,93.22825622558594,73.8222427368164,121.96311950683594,,51.558021545410156,50.360328674316406,84.91699981689453,17.14702606201172,44.3524055480957,77.24970245361328,77.78936004638672,2711.929931640625
2018-03-22,5.9690093994140625,202.83999633789062,128.6901092529297,91.68680572509766,71.97976684570312,119.3180160522461,,49.989810943603516,48.77767562866211,82.44699096679688,16.159326553344727,43.08994674682617,76.04521179199219,76.48160552978516,2643.68994140625
2018-03-23,5.749845504760742,198.22999572753906,123.43374633789062,91.1928482055664,70.496337890625,117.5895004272461,,49.17756652832031,47.42552947998047,80.05045318603516,15.72008228302002,41.76934051513672,74.571044921875,74.78067779541016,2588.260009765625
2018-03-26,6.0339202880859375,202.19000244140625,127.40371704101562,94.30131530761719,72.55613708496094,119.67176818847656,,50.9066162109375,47.03370666503906,86.11067962646484,16.441864013671875,42.75770950317383,76.00923919677734,77.64405059814453,2658.550048828125
2018-03-27,5.565976142883301,198.61000061035156,125.4953842163086,93.33043670654297,70.93096923828125,117.68597412109375,,49.2097282409668,45.97348403930664,82.15316009521484,15.83642578125,42.45040512084961,75.50586700439453,76.66110229492188,2612.6201171875
2018-03-28,5.463056564331055,196.6300048828125,125.19721221923828,94.1432113647461,70.81758117675781,118.36127471923828,,47.826480865478516,46.557376861572266,82.07970428466797,15.603744506835938,42.96535110473633,74.72383117675781,77.7209701538086,2605.0
2018-03-29,5.715786933898926,202.5,126.03205871582031,95.64895629882812,71.7813491821289,118.61856079101562,,49.61183547973633,47.31796646118164,83.80594635009766,15.96463394165039,42.79093551635742,76.66541290283203,78.13124084472656,2640.8701171875
2018-04-02,5.455653667449951,198.16000366210938,121.54248809814453,92.43213653564453,70.54356384277344,117.00257873535156,,47.57716751098633,46.342247009277344,81.28084564208984,15.382936477661133,41.91053009033203,74.82270050048828,75.37047576904297,2581.8798828125
2018-04-03,5.561779022216797,199.1300048828125,123.27191162109375,93.97210693359375,71.46007537841797,118.99642944335938,,48.75936508178711,46.88005447387695,82.37354278564453,16.064350128173828,42.18461990356445,76.03620910644531,76.90043640136719,2614.449951171875
2018-04-04,5.583744049072266,199.2100067138672,124.12373352050781,96.4189224243164,71.49788665771484,121.04658508300781,,49.9495964050293,47.48698043823242,84.7792739868164,16.40387725830078,42.981971740722656,77.0699234008789,77.93466186523438,2644.68994140625
2018-04-05,5.463798522949219,200.2100067138672,124.3537826538086,97.86479949951172,72.19707489013672,120.28277587890625,,50.74833297729492,47.740516662597656,84.8251953125,16.78614044189453,43.35572052001953,77.24970245361328,78.46458435058594,2662.840087890625
2018-04-06,5.28782320022583,196.33999633789062,120.3839340209961,95.62329864501953,69.48532104492188,117.34829711914062,,50.91776657104492,46.649566650390625,82.85101318359375,16.40863037109375,42.45870590209961,76.18002319335938,76.53289031982422,2604.469970703125
2018-04-09,5.3164520263671875,196.49000549316406,120.44359588623047,96.22216796875,69.32469177246094,116.89802551269531,,51.29697036743164,46.81856918334961,83.34684753417969,16.387256622314453,42.525146484375,75.99127960205078,76.6867446899414,2613.159912109375
2018-04-10,5.624961853027344,200.19000244140625,122.922607421875,98.42947387695312,70.42074584960938,118.12007904052734,,53.2978630065918,47.60990905761719,85.28428649902344,16.873985290527344,43.1065559387207,76.61150360107422,77.55001068115234,2656.8701171875
2018-04-11,5.583744049072266,200.07000732421875,120.4350357055664,97.83911895751953,69.98609161376953,116.2468032836914,,53.362396240234375,47.379432678222656,84.34769439697266,16.878732681274414,42.79924392700195,75.99127960205078,77.43035125732422,2642.18994140625
2018-04-12,5.790074825286865,200.67999267578125,122.27516174316406,97.52256774902344,71.00653839111328,116.93025970458984,,54.51613998413086,47.36406707763672,85.92706298828125,17.175514221191406,43.20621871948242,76.68339538574219,78.46458435058594,2663.989990234375
2018-04-13,5.713564395904541,200.97999572753906,120.65652465820312,95.0928726196289,70.80814361572266,117.02668762207031,,54.43547439575195,47.24113845825195,85.46794128417969,16.897724151611328,42.9155158996582,76.00923919677734,78.21671295166016,2656.300048828125
2018-04-16,5.713318347930908,202.8300018310547,122.3262710571289,95.8115005493164,71.43173217773438,118.23263549804688,,55.080902099609375,47.817352294921875,86.46878814697266,17.180265426635742,43.222835540771484,76.73734283447266,79.06289672851562,2677.840087890625
2018-04-17,5.862635135650635,209.0500030517578,122.73516845703125,97.02635955810547,72.16873931884766,116.12628173828125,,56.1136360168457,46.96455764770508,88.21340942382812,17.664623260498047,42.97365951538086,76.96204376220703,79.39622497558594,2706.389892578125
2018-04-18,5.833759307861328,210.88999938964844,123.2037353515625,95.26396179199219,72.73565673828125,115.48306274414062,,55.847381591796875,46.887725830078125,88.55316925048828,17.075796127319336,43.01517868041992,77.7530746459961,79.24239349365234,2708.639892578125
2018-04-19,5.6528496742248535,209.69000244140625,124.0216064453125,94.18596649169922,72.31045532226562,122.67864227294922,,55.677947998046875,46.81090545654297,88.25016021728516,17.251497268676758,43.21451950073242,76.75530242919922,79.14836120605469,2693.1298828125
2018-04-20,5.6447062492370605,208.9499969482422,122.41146850585938,90.9178466796875,71.63018035888672,118.0558090209961,,55.39555358886719,46.357627868652344,87.23092651367188,17.52216148376465,43.21451950073242,76.18002319335938,79.84071350097656,2670.139892578125
2018-04-23,5.5254998207092285,206.38999938964844,123.94485473632812,93.62134552001953,70.7042007446289,118.49797821044922,,55.14545822143555,45.981170654296875,87.55228424072266,17.560152053833008,43.1563720703125,75.97327423095703,79.78941345214844,2670.2900390625
2018-04-24,5.459353923797607,205.75999450683594,121.53399658203125,92.70592498779297,67.86017608642578,117.51712799072266,,54.74205017089844,46.058006286621094,85.50466918945312,17.277606964111328,42.550079345703125,73.84294128417969,79.79798889160156,2634.56005859375
2018-04-25,5.347304821014404,201.2899932861328,120.49464416503906,93.07379913330078,67.98295593261719,117.66984558105469,,54.257965087890625,46.0964241027832,84.76091003417969,17.097166061401367,43.048404693603516,74.63396453857422,79.8236312866211,2639.39990234375
2018-04-26,5.55856990814209,206.05999755859375,121.12506103515625,94.11756134033203,67.55779266357422,118.8597412109375,,54.42740249633789,46.67261505126953,86.55145263671875,17.49842071533203,43.35572052001953,70.64292907714844,79.84071350097656,2666.93994140625
2018-04-27,5.58596658706665,207.72999572753906,120.75019836425781,94.9987564086914,67.0381088256836,118.36930084228516,,54.378990173339844,47.3102912902832,87.98387145996094,17.545902252197266,45.33247756958008,69.95980834960938,80.33647918701172,2669.909912109375
2018-04-30,5.5506720542907715,207.27999877929688,119.44683837890625,93.98066711425781,65.95154571533203,116.77742767333984,,53.717403411865234,46.534332275390625,85.8719482421875,17.61713218688965,44.71786117553711,69.3755111694336,79.33642578125,2648.050048828125
2018-05-01,5.60595703125,210.35000610351562,118.4585952758789,91.48250579833984,65.44131469726562,116.6649398803711,,54.74205017089844,47.03370666503906,87.23092651367188,17.581518173217773,44.7676887512207,69.33955383300781,78.4988021850586,2654.800048828125
2018-05-02,5.58547306060791,210.47000122070312,113.2959976196289,91.16592407226562,66.28223419189453,116.72923278808594,,54.378990173339844,46.72640609741211,85.86275482177734,17.467554092407227,43.430477142333984,67.52381134033203,76.61836242675781,2635.669921875
2018-05-03,5.750338077545166,210.44000244140625,112.01811981201172,91.7905044555664,66.13103485107422,115.07305145263672,,54.20955276489258,47.379432678222656,86.37698364257812,17.412944793701172,43.01517868041992,67.25414276123047,75.74654388427734,2629.72998046875
2018-05-04,5.90015172958374,200.0399932861328,115.43211364746094,91.37128448486328,67.55779266357422,117.16337585449219,,54.87114334106445,47.94795227050781,87.37783813476562,17.795204162597656,43.79591751098633,68.44966125488281,75.15677642822266,2663.419921875
2018-05-07,6.137577533721924,203.07000732421875,115.0289535522461,90.84941101074219,68.7861099243164,117.86283111572266,,55.54079055786133,48.06319808959961,88.35114288330078,18.229700088500977,43.712867736816406,68.08113098144531,74.60977172851562,2672.6298828125
2018-05-08,6.180028915405273,203.25,115.20906829833984,91.18306732177734,69.4002685546875,118.90797424316406,,56.17816162109375,47.745357513427734,87.97466278076172,18.4742431640625,43.65473556518555,68.21593475341797,73.94306945800781,2671.919921875
2018-05-09,6.312811374664307,204.11000061035156,115.14900207519531,93.98066711425781,70.67584991455078,119.02056884765625,,57.42066192626953,48.22599792480469,89.01226043701172,18.81376838684082,43.746097564697266,68.5665054321289,73.84050750732422,2697.7900390625
2018-05-10,6.420170307159424,204.24000549316406,116.23843383789062,93.21923828125,70.57190704345703,118.78743743896484,,57.95315170288086,48.830657958984375,89.9029541015625,18.894493103027344,43.862369537353516,69.49235534667969,74.84052276611328,2723.070068359375
2018-05-11,6.281961917877197,202.5800018310547,117.57659149169922,93.26200866699219,70.68528747558594,119.7762680053711,,58.30815505981445,49.10198211669922,89.7101058959961,18.922988891601562,43.65473556518555,69.46540069580078,74.84907531738281,2727.719970703125
2018-05-14,6.3024444580078125,202.3000030517578,119.1977767944336,94.51964569091797,70.15618896484375,120.27474975585938,,57.0737190246582,49.249267578125,90.01313018798828,18.638072967529297,43.57167053222656,69.07886505126953,74.59265899658203,2730.1298828125
2018-05-15,6.06057596206665,202.1999969482422,118.51154327392578,95.35807800292969,70.15618896484375,120.22655487060547,,56.912349700927734,49.822933197021484,89.36119079589844,18.654691696166992,43.79591751098633,68.72831726074219,76.67819213867188,2711.449951171875
2018-05-16,6.071681022644043,203.3300018310547,120.01265716552734,95.96549987792969,70.78923034667969,121.20735168457031,,57.02531814575195,50.357826232910156,89.59174346923828,18.552597045898438,43.903900146484375,69.23170471191406,80.29373931884766,2722.4599609375
2018-05-17,6.113637447357178,205.5,121.33365631103516,97.20601654052734,71.1766357421875,122.06759643554688,,56.387943267822266,49.93920135498047,88.69722747802734,18.53123664855957,44.24443054199219,69.09687042236328,80.5928726196289,2720.1298828125
2018-05-18,6.069953441619873,204.47000122070312,120.95623016357422,98.78019714355469,71.37506103515625,121.5179443359375,,55.75053405761719,50.24930191040039,88.86318969726562,18.42438316345215,44.37731170654297,70.4451904296875,81.98609161376953,2712.969970703125
2018-05-21,6.02799654006958,203.52999877929688,122.22576141357422,100.16619110107422,72.03644561767578,124.92105865478516,,55.226139068603516,50.48186111450195,90.00674438476562,18.7591609954834,44.526824951171875,70.813720703125,83.72120666503906,2733.010009765625
2018-05-22,5.989989280700684,199.5800018310547,123.72689056396484,99.76409149169922,71.40336608886719,123.546875,,54.072383880615234,50.71440887451172,89.91449737548828,18.692684173583984,44.64311218261719,70.71482849121094,82.13140869140625,2724.43994140625
2018-05-23,6.113219738006592,200.60000610351562,121.95128631591797,114.06861877441406,70.78923034667969,122.20500946044922,,53.88683319091797,50.830711364746094,90.98428344726562,18.642824172973633,44.27765655517578,71.20924377441406,81.49891662597656,2733.2900390625
2018-05-24,6.11692476272583,202.36000061035156,122.33724975585938,115.32630157470703,71.86634826660156,122.67385864257812,,54.927608489990234,51.06326675415039,90.66148376464844,18.60483169555664,44.04508590698242,71.24515533447266,83.02886962890625,2727.760009765625
2018-05-25,6.156190395355225,202.1199951171875,122.00270080566406,117.46514892578125,70.9498519897461,122.24542999267578,,54.17729568481445,51.086509704589844,90.70761108398438,18.467119216918945,43.953731536865234,70.82270812988281,82.96011352539062,2721.330078125
2018-05-29,6.139151096343994,199.9600067138672,116.89033508300781,115.7198486328125,69.55145263671875,120.73383331298828,,54.02399826049805,50.86171340942383,90.38484191894531,17.586267471313477,43.06502151489258,70.35530090332031,81.94568634033203,2689.860107421875
2018-05-30,6.247812271118164,201.3300018310547,119.66954040527344,116.6181640625,70.59081268310547,121.50177001953125,,55.048648834228516,51.133026123046875,91.25167846679688,17.69310760498047,44.194602966308594,71.20024108886719,82.0058364868164,2724.010009765625
2018-05-31,6.228055000305176,199.35000610351562,118.91471862792969,115.1380844116211,69.0034408569336,119.48899841308594,,55.12125015258789,50.838462829589844,91.15025329589844,17.30320930480957,43.668861389160156,68.70135498046875,80.25208282470703,2705.27001953125
2018-06-01,6.362154483795166,200.67999267578125,120.30427551269531,117.95278930664062,70.11837005615234,121.91401672363281,,56.242713928222656,51.53614807128906,92.94856262207031,17.19859504699707,43.80237579345703,70.01372528076172,80.86246490478516,2734.6201171875
2018-06-04,6.54070520401001,202.24000549316406,120.34720611572266,118.46614074707031,70.60025024414062,123.65999603271484,,57.50132369995117,51.80746841430664,93.76006317138672,16.694578170776367,43.95260238647461,70.4002456665039,80.9914321899414,2746.8701171875
2018-06-05,6.546139240264893,204.16000366210938,119.79822540283203,119.39862823486328,71.4411849975586,123.86210632324219,,58.77610778808594,52.01678466796875,94.2396240234375,16.74212074279785,43.78569030761719,71.16426849365234,81.05159759521484,2748.800048828125
2018-06-06,6.5481157302856445,207.50999450683594,121.8054428100586,119.43286895751953,71.77189636230469,125.63239288330078,,60.4381217956543,52.76874923706055,94.51630401611328,16.73499298095703,43.83576965332031,71.21822357177734,82.10041046142578,2772.35009765625
2018-06-07,6.492549896240234,200.14999389648438,121.86547088623047,117.94424438476562,71.601806640625,126.41648864746094,,59.703922271728516,52.427642822265625,93.03155517578125,16.685062408447266,44.0276985168457,72.09911346435547,83.81979370117188,2770.3701171875
2018-06-08,6.47723913192749,202.5,122.34586334228516,121.68289184570312,71.5734634399414,126.86106872558594,,59.986324310302734,52.84626388549805,93.72322082519531,16.97035789489746,44.444950103759766,72.91707611083984,84.49894714355469,2779.030029296875
2018-06-11,6.436243057250977,202.80999755859375,126.48893737792969,121.51183319091797,71.45063781738281,127.62898254394531,,60.98673629760742,52.822994232177734,93.18831634521484,16.90379524230957,44.111148834228516,73.04293060302734,81.77374267578125,2782.0
2018-06-12,6.484647750854492,204.97999572753906,125.98283386230469,122.25613403320312,71.6679458618164,128.16246032714844,,61.454689025878906,53.838523864746094,93.42808532714844,17.13202667236328,44.227970123291016,73.86090087890625,82.4872817993164,2786.85009765625
2018-06-13,6.480200290679932,207.66000366210938,125.37382507324219,118.86820220947266,71.1766357421875,128.11402893066406,,61.40629959106445,53.877288818359375,93.00389862060547,16.901411056518555,44.31142044067383,72.71932983398438,83.55329895019531,2775.6298828125
2018-06-14,6.591579437255859,205.52999877929688,126.65189361572266,118.99653625488281,70.84530639648438,128.914306640625,,62.527767181396484,53.75325393676758,93.529541015625,16.677932739257812,44.29473114013672,73.710693359375,82.32392883300781,2782.489990234375
2018-06-15,6.550830841064453,207.08999633789062,126.37744903564453,119.52696990966797,71.08195495605469,130.28038024902344,,62.689125061035156,54.094356536865234,92.33985137939453,16.55906105041504,44.86219024658203,73.96302032470703,82.09182739257812,2779.659912109375
2018-06-18,6.546634674072266,220.44000244140625,127.59553527832031,120.27127075195312,70.89263153076172,128.80108642578125,,63.0844612121582,53.838523864746094,93.01309967041016,16.321311950683594,44.36983871459961,73.43132781982422,81.86831665039062,2773.75
2018-06-19,6.425130367279053,220.0800018310547,127.20948791503906,119.27033233642578,69.46326446533203,128.3484344482422,,62.84241485595703,53.838523864746094,93.01309967041016,16.121604919433594,44.26970672607422,72.25069427490234,85.62513732910156,2762.590087890625
2018-06-20,6.47797966003418,221.72000122070312,126.0514907836914,118.49178314208984,69.39697265625,129.46395874023438,,63.06026077270508,54.2028694152832,93.94453430175781,15.91714096069336,43.51030731201172,72.09750366210938,87.07804107666016,2767.320068359375
2018-06-21,6.349562644958496,218.82000732421875,125.62255859375,115.57439422607422,68.6207275390625,128.32420349121094,,62.72947311401367,54.04007339477539,93.27131652832031,15.795894622802734,42.951210021972656,70.18692779541016,87.8603286743164,2749.760009765625
2018-06-22,6.1974334716796875,216.30999755859375,125.54537200927734,111.44217681884766,69.10352325439453,129.06788635253906,,62.092071533203125,54.43544006347656,92.59811401367188,15.672266006469727,43.209896087646484,70.01569366455078,88.0064697265625,2754.8798828125
2018-06-25,5.905280113220215,210.97999572753906,124.18150329589844,109.51720428466797,68.63021850585938,129.02743530273438,,62.07594299316406,54.016822814941406,90.73529052734375,15.379834175109863,43.10975646972656,68.8351058959961,88.19561767578125,2717.070068359375
2018-06-26,5.9761576652526855,210.64999389648438,121.57383728027344,110.09040832519531,68.43142700195312,129.57711791992188,,62.874698638916016,53.489688873291016,91.37159729003906,15.451160430908203,43.05134963989258,68.79003143310547,87.12100982666016,2723.06005859375
2018-06-27,5.821316719055176,208.41000366210938,118.68309020996094,108.45632934570312,67.69304656982422,130.8624267578125,,61.59186935424805,51.8539924621582,89.95140838623047,15.31326675415039,42.3670654296875,69.74530029296875,87.9806900024414,2699.6298828125
2018-06-28,5.948253154754639,210.9199981689453,118.79462432861328,109.13984680175781,67.88237762451172,130.95130920410156,,62.37446975708008,52.6834602355957,90.95658111572266,15.405983924865723,42.500587463378906,69.5560531616211,90.20729064941406,2716.31005859375
2018-06-29,5.850456237792969,210.64999389648438,119.98694610595703,108.0909423828125,68.30838012695312,129.9166259765625,,63.358787536621094,52.98579406738281,90.93814849853516,15.31326675415039,42.66748046875,69.71826934814453,88.9693374633789,2718.3701171875
2018-07-02,5.982332706451416,212.55999755859375,120.83616638183594,108.17688751220703,68.07169342041016,129.61752319335938,,63.88319778442383,52.7454833984375,92.22923278808594,15.434516906738281,42.834381103515625,69.96161651611328,89.24444580078125,2726.7099609375
2018-07-03,5.84897518157959,214.1999969482422,119.43798065185547,107.11937713623047,67.74981689453125,129.39932250976562,,62.35832595825195,52.54392623901367,91.34390258789062,15.066006660461426,43.03466033935547,69.411865234375,90.70591735839844,2713.219970703125
2018-07-05,5.9944329261779785,214.1699981689453,120.92190551757812,107.90177917480469,68.13799285888672,132.454833984375,,63.08012008666992,53.55171585083008,91.99866485595703,14.452622413635254,43.14313507080078,70.18692779541016,90.30184936523438,2736.610107421875
2018-07-06,6.108033657073975,216.7899932861328,121.53092193603516,108.69277954101562,68.05278778076172,132.05062866210938,,63.88302230834961,54.10210418701172,93.28976440429688,14.452622413635254,43.268306732177734,69.2676773071289,90.02676391601562,2759.820068359375
2018-07-09,6.155449867248535,218.5399932861328,125.03070068359375,109.08827209472656,69.13192749023438,133.83705139160156,,64.38585662841797,54.249393463134766,93.92605590820312,14.754558563232422,44.4699821472168,70.24099731445312,91.44522857666016,2784.169921875
2018-07-10,6.254234313964844,219.42999267578125,124.23294067382812,111.0571517944336,69.4537582397461,134.44332885742188,,64.2641830444336,54.024574279785156,94.1750717163086,14.878190040588379,44.42824935913086,70.61048126220703,92.2275619506836,2793.840087890625
2018-07-11,6.112972736358643,219.22999572753906,122.56888580322266,108.6498031616211,68.21369934082031,132.018310546875,,64.54802703857422,53.90830612182617,94.04595184326172,14.666590690612793,44.019351959228516,70.2139663696289,92.96688842773438,2774.02001953125
2018-07-12,6.204348087310791,220.5,122.03701782226562,109.56114196777344,69.30230712890625,132.6488037109375,,66.38092803955078,54.55171585083008,96.08403778076172,14.566737174987793,43.83576965332031,71.26837158203125,92.39090728759766,2798.2900390625
2018-07-13,6.157180309295654,220.22999572753906,121.81401062011719,109.6643295288086,69.76615142822266,133.5865020751953,,67.07025909423828,54.68351364135742,97.22757720947266,14.621421813964844,43.83576965332031,71.83617401123047,92.86373901367188,2801.31005859375
2018-07-16,6.129519939422607,216.17999267578125,122.01131439208984,111.68477630615234,69.07514190673828,132.462890625,,66.38092803955078,54.249393463134766,96.7480239868164,14.904341697692871,44.2863883972168,71.41256713867188,92.829345703125,2798.429931640625
2018-07-17,6.265100955963135,216.22000122070312,122.62892150878906,114.6080093383789,69.27389526367188,128.9870147705078,,66.85133361816406,54.621490478515625,97.70708465576172,15.379834175109863,44.444950103759766,72.16960144042969,92.54564666748047,2809.550048828125
2018-07-18,6.215954780578613,217.88999938964844,124.55892181396484,114.87455749511719,69.82296752929688,127.9200210571289,,66.68910217285156,54.1873664855957,96.94168853759766,15.534370422363281,44.75371170043945,71.403564453125,93.57728576660156,2815.6201171875
2018-07-19,6.2241058349609375,218.0,121.17927551269531,116.224365234375,69.70934295654297,140.07748413085938,,66.7621078491211,54.644752502441406,96.27769470214844,14.899584770202637,43.95260238647461,70.90789031982422,92.10723114013672,2804.489990234375
2018-07-20,6.195952415466309,219.08999633789062,119.68670654296875,117.410888671875,69.64308166503906,140.44117736816406,,66.51068115234375,54.69126892089844,98.00221252441406,14.897208213806152,43.677207946777344,71.63785552978516,92.39090728759766,2801.830078125
2018-07-23,6.159402370452881,219.2899932861328,122.68037414550781,116.29317474365234,68.82898712158203,138.371826171875,,66.00786590576172,54.93157958984375,99.5699462890625,15.113557815551758,43.743980407714844,70.93492889404297,92.37371826171875,2806.97998046875
2018-07-24,6.142114639282227,221.50999450683594,122.20002746582031,114.65103912353516,69.52003479003906,133.94215393066406,,63.74518585205078,55.21065902709961,99.2840805053711,14.875809669494629,43.718929290771484,71.9352798461914,92.42530822753906,2820.39990234375
2018-07-25,6.220154762268066,225.5500030517578,124.5932846069336,117.93536376953125,71.29972076416016,135.99534606933594,,66.03218078613281,55.81531524658203,102.20743560791016,14.856792449951172,43.693904876708984,72.17860412597656,92.89812469482422,2846.070068359375
2018-07-26,6.293499946594238,223.91000366210938,127.32099914550781,117.50544738769531,72.98469543457031,136.4560546875,,65.92675018310547,55.575008392333984,101.09158325195312,14.785466194152832,44.40322494506836,73.43132781982422,94.69487762451172,2837.43994140625
2018-07-27,6.2238593101501465,220.82000732421875,127.59553527832031,116.9724349975586,72.74803924560547,135.80938720703125,,64.43450164794922,54.98584747314453,99.30249786376953,14.590514183044434,43.368438720703125,73.5394515991211,93.8609848022461,2818.820068359375
2018-07-30,6.029008865356445,216.75,126.06859588623047,116.8348388671875,72.0096664428711,135.259765625,,62.68272399902344,53.629207611083984,97.17223358154297,14.224382400512695,43.95260238647461,72.93562316894531,94.31659698486328,2802.60009765625
2018-07-31,6.0470356941223145,217.0,124.95350646972656,116.05244445800781,73.64734649658203,137.0866241455078,,62.8692626953125,53.94184112548828,97.82698822021484,14.231517791748047,43.977638244628906,73.4853744506836,94.82386016845703,2816.2900390625
2018-08-01,6.086796283721924,218.22999572753906,122.56028747558594,110.78202819824219,72.71961212158203,135.13848876953125,,63.70460510253906,53.668296813964844,98.01141357421875,14.383676528930664,43.877471923828125,72.89057159423828,93.96414184570312,2813.360107421875
2018-08-02,6.189284324645996,221.57000732421875,120.28717041015625,112.2006607055664,72.66284942626953,135.19505310058594,,65.33473205566406,54.168487548828125,99.20108032226562,14.331368446350098,44.0276985168457,73.1789779663086,93.71482849121094,2827.219970703125
2018-08-03,6.225833892822266,216.05999755859375,121.6080322265625,112.0802993774414,72.48296356201172,136.14891052246094,,66.24304962158203,54.504547119140625,99.63449096679688,14.290955543518066,44.0276985168457,73.64759826660156,92.96688842773438,2840.35009765625
2018-08-06,6.273497104644775,216.85000610351562,121.25409698486328,113.2925796508789,72.24632263183594,136.4560546875,,66.43769073486328,55.02037048339844,99.71748352050781,14.371785163879395,43.977638244628906,74.41361236572266,91.15296936035156,2850.39990234375
2018-08-07,6.345608234405518,217.55999755859375,121.53034973144531,114.62522888183594,73.3538589477539,137.50692749023438,,66.49447631835938,55.637779235839844,100.40913391113281,14.497797012329102,44.111148834228516,74.89127349853516,91.52262115478516,2858.449951171875
2018-08-08,6.3819122314453125,217.72000122070312,122.12606811523438,115.42478942871094,73.05094909667969,137.74942016601562,,67.28926086425781,55.567447662353516,100.9716796875,14.595271110534668,43.78569030761719,74.3685531616211,92.6316146850586,2857.699951171875
2018-08-09,6.333508491516113,215.89999389648438,120.57209777832031,117.4710922241211,72.56818389892578,138.67092895507812,,66.98106384277344,55.68465805053711,101.13768768310547,14.668970108032227,43.56037521362305,74.40460205078125,91.08415985107422,2853.580078125
2018-08-10,6.292265892028809,217.52999877929688,118.37921905517578,117.25611877441406,71.82980346679688,137.56350708007812,,66.46202087402344,55.504920959472656,100.51983642578125,14.745047569274902,43.126441955566406,73.71968078613281,91.36786651611328,2833.280029296875
2018-08-13,6.325109481811523,214.82000732421875,117.64540100097656,117.45384979248047,71.62154388427734,137.6201171875,,65.14009094238281,55.614349365234375,99.79127502441406,14.573875427246094,42.90947341918945,73.65660858154297,91.83210754394531,2821.929931640625
2018-08-14,6.456246852874756,215.1999969482422,119.708740234375,119.078857421875,71.77300262451172,138.9053497314453,,67.11894989013672,55.4345817565918,101.0362548828125,14.692745208740234,42.592376708984375,75.04447937011719,93.62884521484375,2839.9599609375
2018-08-15,6.398210048675537,212.6199951171875,118.50007629394531,113.19800567626953,71.09142303466797,139.26107788085938,,66.8837661743164,55.59870529174805,99.66614532470703,14.264802932739258,42.55065155029297,76.87395477294922,92.59724426269531,2818.3701171875
2018-08-16,6.357710361480713,214.0500030517578,119.75190734863281,113.79125213623047,71.68780517578125,141.29966735839844,,64.48318481445312,56.18485641479492,99.64762115478516,14.46688461303711,43.14313507080078,76.99111938476562,91.17015075683594,2840.68994140625
2018-08-17,6.046047687530518,214.19000244140625,120.40804290771484,116.42217254638672,72.23684692382812,142.4123992919922,,65.82133483886719,56.52091598510742,99.59209442138672,14.550098419189453,43.36008834838867,78.13566589355469,90.49959564208984,2850.1298828125
2018-08-20,6.120630741119385,215.14999389648438,121.88432312011719,119.43138885498047,72.49243927001953,144.1748809814453,,66.80264282226562,56.53654098510742,98.9347915649414,14.728408813476562,43.37679672241211,78.3699722290039,90.42221069335938,2857.050048828125
2018-08-21,6.255962371826172,216.00999450683594,122.4886474609375,119.86125946044922,72.89002227783203,146.25416564941406,,66.42150115966797,56.66940689086914,98.11091613769531,14.359906196594238,43.677207946777344,79.11798095703125,90.64571380615234,2862.9599609375
2018-08-22,6.490572929382324,217.57000732421875,121.69438934326172,118.2018814086914,72.05696868896484,144.08555603027344,,67.08650970458984,56.731937408447266,99.1106948852539,14.519192695617676,41.85802459716797,78.49616241455078,90.27606201171875,2861.820068359375
2018-08-23,6.589849948883057,216.11000061035156,119.99365234375,118.42540740966797,71.78246307373047,143.44390869140625,,67.44336700439453,56.849159240722656,99.57357025146484,14.469260215759277,41.64105224609375,77.9013442993164,89.85479736328125,2856.97998046875
2018-08-24,6.722714900970459,218.08999633789062,121.9447250366211,117.53128051757812,72.1421890258789,143.02151489257812,,68.31925201416016,57.04454803466797,100.35121154785156,14.521568298339844,41.72450256347656,78.64935302734375,90.43390655517578,2874.68994140625
2018-08-27,6.813595294952393,219.4199981689453,124.49153900146484,117.04119873046875,72.94679260253906,143.63070678710938,,68.9112777709961,56.763187408447266,101.46210479736328,14.787846565246582,42.558990478515625,79.0278549194336,90.96981048583984,2896.739990234375
2018-08-28,6.776057243347168,216.60000610351562,124.32752990722656,116.8176498413086,73.202392578125,144.4266815185547,,69.69796752929688,56.575626373291016,102.0731201171875,14.833015441894531,42.475547790527344,79.05491638183594,90.12275695800781,2897.52001953125
2018-08-29,6.881321430206299,216.52999877929688,124.15486907958984,115.99227905273438,73.19295501708984,145.40127563476562,,69.9493637084961,56.974220275878906,103.702392578125,14.75931453704834,42.3420295715332,78.3699722290039,89.39671325683594,2914.0400390625
2018-08-30,6.864517688751221,214.30999755859375,122.6181640625,113.33555603027344,72.3693618774414,144.94647216796875,,70.41163635253906,56.950782775878906,103.63758850097656,14.6593017578125,42.141746520996094,78.66739654541016,88.15210723876953,2901.1298828125
2018-08-31,6.935434341430664,213.74000549316406,122.55770874023438,114.18672943115234,72.8521499633789,143.5819549560547,,70.40352630615234,57.24775695800781,103.98941040039062,14.802175521850586,42.28446578979492,78.60430145263672,88.8695068359375,2901.52001953125
2018-09-04,7.010056018829346,215.30999755859375,123.55919647216797,112.52737426757812,72.62496185302734,144.7515411376953,,71.30374145507812,57.11488723754883,103.41544342041016,14.930769920349121,42.343223571777344,78.54122161865234,88.2990493774414,2896.719970703125
2018-09-05,6.87959098815918,214.8300018310547,124.24980163574219,112.78528594970703,73.83663940429688,147.0176544189453,,67.5731201171875,57.6932373046875,100.4344711303711,14.554520606994629,42.01581573486328,80.38871765136719,88.7657470703125,2888.60009765625
2018-09-06,6.738746166229248,216.17999267578125,123.61959838867188,112.6821060180664,74.11117553710938,147.3343505859375,,67.64610290527344,58.31062698364258,100.66595458984375,14.152081489562988,41.873130798339844,80.1453857421875,89.32756805419922,2878.050048828125
2018-09-07,6.717497825622559,214.86000061035156,123.00660705566406,111.80517578125,73.92182922363281,146.68463134765625,,67.40279388427734,57.865169525146484,100.17530059814453,14.466413497924805,41.62967300415039,79.94711303710938,89.85479736328125,2871.679931640625
2018-09-10,6.788413047790527,217.61000061035156,123.60231018066406,114.45327758789062,75.14298248291016,149.24302673339844,,67.76774597167969,57.99803161621094,101.25843048095703,13.82107925415039,41.453372955322266,80.92945098876953,87.87551879882812,2877.1298828125
2018-09-11,6.740723133087158,217.2100067138672,123.22245025634766,113.12063598632812,75.24710083007812,150.07154846191406,,69.03292846679688,58.26374435424805,102.98031616210938,13.782981872558594,41.36943817138672,80.83930206298828,87.64213562011719,2887.889892578125
2018-09-12,6.627060890197754,221.00999450683594,122.08289337158203,115.49359893798828,75.48375701904297,151.41976928710938,,69.08968353271484,57.92768859863281,103.41544342041016,13.490078926086426,41.09239959716797,80.8753662109375,86.95936584472656,2888.919921875
2018-09-13,6.704648494720459,221.63999938964844,123.77501678466797,114.58224487304688,76.51738739013672,151.2329559326172,,69.34111022949219,58.3341064453125,104.52633666992188,13.828227996826172,41.43659210205078,80.51487731933594,88.6447525024414,2904.179931640625
2018-09-14,6.830418109893799,221.0800018310547,127.31460571289062,113.26677703857422,76.65016174316406,151.41163635253906,,69.56008911132812,58.13089370727539,104.95215606689453,13.961580276489258,41.839534759521484,79.33150482177734,89.75971984863281,2904.97998046875
2018-09-17,6.768645286560059,218.75,124.38795471191406,113.10342407226562,76.61222076416016,151.6553192138672,,67.67044067382812,58.01365280151367,103.81349182128906,13.675820350646973,41.73040771484375,80.29808044433594,89.8461685180664,2888.800048828125
2018-09-18,6.696742534637451,221.00999450683594,126.0541763305664,113.67945861816406,77.28551483154297,152.0858154296875,,69.18699645996094,58.326271057128906,104.80403900146484,13.816320419311523,42.057796478271484,81.63501739501953,90.87472534179688,2904.31005859375
2018-09-19,6.720462799072266,219.92999267578125,128.14344787597656,115.3216323852539,76.77346801757812,151.96397399902344,,68.11647033691406,57.82609558105469,103.40616607666016,13.866326332092285,42.460750579833984,81.8247299194336,90.83149719238281,2907.949951171875
2018-09-20,6.579617023468018,222.17999267578125,128.99810791015625,117.03260803222656,77.17172241210938,152.36192321777344,,69.22757720947266,58.427879333496094,105.13728332519531,13.97348690032959,42.61185836791992,82.12284851074219,91.28093719482422,2930.75
2018-09-21,6.509690761566162,222.27999877929688,129.49017333984375,117.41950225830078,77.31395721435547,153.0685577392578,,70.43595886230469,58.81084442138672,105.77606964111328,13.675820350646973,42.746177673339844,81.36402893066406,90.93521118164062,2929.669921875
2018-09-24,6.565286636352539,222.0,128.393798828125,115.15831756591797,76.37515258789062,150.95681762695312,,70.07100677490234,58.25593185424805,106.1556396484375,13.711541175842285,42.460750579833984,80.74974060058594,89.80296325683594,2919.3701171875
2018-09-25,6.632249355316162,225.69000244140625,127.8067398071289,115.62258911132812,75.9010009765625,149.29994201660156,,69.90069580078125,57.61507034301758,105.95195770263672,13.661534309387207,42.11655807495117,80.51487731933594,89.79430389404297,2915.56005859375
2018-09-26,6.595431327819824,225.1300048828125,126.60672760009766,118.16751098632812,75.28462982177734,149.84410095214844,,69.83582305908203,57.51346206665039,105.5168685913086,13.38292121887207,41.77238082885742,80.87621307373047,92.56878662109375,2905.969970703125
2018-09-27,6.607293605804443,227.4199981689453,128.6269073486328,118.8973159790039,74.8484115600586,149.64108276367188,,69.46275329589844,57.40406036376953,105.91495513916016,13.242424964904785,41.663238525390625,81.291748046875,91.86868286132812,2914.0
2018-09-28,6.94383430480957,227.83999633789062,127.47869110107422,118.80233001708984,75.02859497070312,149.1212158203125,,69.65740966796875,57.56037139892578,105.87791442871094,13.17098617553711,41.940277099609375,81.81570434570312,93.303466796875,2913.97998046875
2018-10-01,7.149911403656006,226.0399932861328,128.48876953125,116.97991180419922,75.58807373046875,149.373046875,,69.86824798583984,57.61507034301758,107.02584075927734,13.168601036071777,41.47856140136719,82.33058166503906,92.43049621582031,2924.590087890625
2018-10-02,7.0787482261657715,224.63999938964844,128.419677734375,112.24681091308594,75.55961608886719,150.6968994140625,,69.47895812988281,58.44351577758789,106.60001373291016,13.237661361694336,41.545719146728516,82.49320220947266,92.78488159179688,2923.429931640625
2018-10-03,7.084925174713135,226.10000610351562,129.92189025878906,114.86383819580078,75.6923828125,149.9090576171875,,69.56008911132812,57.20867156982422,106.61848449707031,13.299576759338379,41.30227279663086,82.40286254882812,93.01822662353516,2925.510009765625
2018-10-04,6.901087760925293,220.97000122070312,131.1995849609375,109.31023406982422,75.15188598632812,146.70083618164062,,68.3704833984375,56.575626373291016,104.41522979736328,13.282905578613281,41.62967300415039,81.47244262695312,93.09603881835938,2901.610107421875
2018-10-05,6.668079376220703,218.4499969482422,129.28302001953125,109.22384643554688,74.58287811279297,145.72621154785156,,67.07489776611328,57.00547790527344,103.80422973632812,13.235280990600586,41.64645767211914,80.89429473876953,93.45903778076172,2885.570068359375
2018-10-08,6.567016124725342,216.80999755859375,130.37945556640625,110.57122802734375,73.89066314697266,145.6449737548828,,65.25790405273438,56.55218505859375,102.61927032470703,13.29243278503418,42.041019439697266,79.8283462524414,93.72698211669922,2884.429931640625
2018-10-09,6.561334609985352,215.16000366210938,128.65277099609375,110.3293685913086,72.82855987548828,144.57289123535156,,64.96456909179688,56.66160583496094,103.92459106445312,13.211469650268555,42.51112365722656,79.15083312988281,93.69239807128906,2880.340087890625
2018-10-10,6.070851802825928,205.27999877929688,123.9217758178711,101.01866912841797,70.34404754638672,138.43260192871094,,61.63201141357422,54.324790954589844,98.27750396728516,12.775689125061035,40.865753173828125,76.38662719726562,91.18585205078125,2785.679931640625
2018-10-11,5.809921741485596,200.60000610351562,116.87702941894531,101.61461639404297,68.13452911376953,136.3046112060547,,60.26311492919922,52.777339935302734,98.04608154296875,12.054153442382812,39.304317474365234,74.76058959960938,89.15473937988281,2728.3701171875
2018-10-12,6.091853618621826,208.25999450683594,117.22238159179688,104.87077331542969,69.03539276123047,136.96250915527344,,62.67496109008789,53.34787368774414,101.434326171875,12.382776260375977,39.279136657714844,75.6729736328125,88.48053741455078,2767.1298828125
2018-10-15,5.816097736358643,208.55999755859375,117.18783569335938,109.26705169677734,68.52333068847656,137.4254608154297,,61.379425048828125,53.160301208496094,99.61060333251953,12.585185050964355,38.98531723022461,75.7271957397461,88.42005157470703,2750.7900390625
2018-10-16,6.07431173324585,213.88999938964844,118.28424835205078,111.55586242675781,69.66130065917969,139.36656188964844,,63.489768981933594,53.84023666381836,102.7581558227539,13.004292488098145,39.12803268432617,76.99185180664062,90.05361938476562,2809.919921875
2018-10-17,6.005867004394531,212.88999938964844,119.45835876464844,110.70077514648438,69.5190200805664,136.10154724121094,,64.42679595947266,53.84023666381836,102.48966979980469,12.82093334197998,39.25395584106445,76.03430938720703,91.52295684814453,2809.2099609375
2018-10-18,5.918642520904541,206.72999572753906,115.68563842773438,109.38795471191406,67.58452606201172,123.02501678466797,,63.587554931640625,53.168128967285156,100.44376373291016,12.13273811340332,39.06087112426758,74.71542358398438,92.01564025878906,2768.780029296875
2018-10-19,5.662652492523193,204.08999633789062,117.29143524169922,106.65001678466797,66.95867156982422,122.24527740478516,,63.204586029052734,53.0977783203125,100.59188842773438,12.1565523147583,39.15321350097656,73.88436126708984,91.76496887207031,2767.780029296875
2018-10-22,5.713306903839111,203.5500030517578,114.9690933227539,110.60576629638672,66.85433959960938,122.46456909179688,,65.44530487060547,52.8086051940918,101.48983001708984,11.937470436096191,38.565582275390625,73.63142395019531,90.08819580078125,2755.8798828125
2018-10-23,5.462258815765381,201.33999633789062,114.22662353515625,110.40713500976562,64.49310302734375,121.10819244384766,,63.05792999267578,51.698814392089844,100.07345581054688,11.799355506896973,38.624332427978516,74.75154876708984,86.26788330078125,2740.68994140625
2018-10-24,4.927300930023193,192.1699981689453,105.8351058959961,107.45326232910156,61.99909973144531,119.88179016113281,,60.45867156982422,50.14356231689453,94.72264862060547,11.482640266418457,37.692527770996094,72.03247833251953,83.25139617919922,2656.10009765625
2018-10-25,5.135601997375488,195.0,108.94306945800781,109.72480773925781,62.99481201171875,121.79859161376953,,62.12089157104492,50.73752212524414,100.25862121582031,11.725534439086914,38.22978973388672,74.9231948852539,83.17362213134766,2705.570068359375
2018-10-26,4.899627208709717,188.39999389648438,105.3257064819336,109.88025665283203,63.27928161621094,120.78334045410156,,58.51942443847656,50.026329040527344,99.01811218261719,11.375484466552734,37.868804931640625,74.71542358398438,82.84518432617188,2658.68994140625
2018-10-29,4.586559772491455,183.22999572753906,106.26676177978516,113.04144287109375,62.30254364013672,120.47466278076172,,58.59278106689453,49.95598220825195,96.13900756835938,11.220699310302734,37.4071044921875,73.77593994140625,82.31793975830078,2641.25
2018-10-30,5.016007900238037,185.25,109.29704284667969,113.2227783203125,62.947410583496094,122.4239730834961,,62.381629943847656,50.51087951660156,96.0279541015625,11.501693725585938,37.89398956298828,76.4227294921875,83.64034271240234,2682.6298828125
2018-10-31,5.209482669830322,200.02999877929688,109.84954833984375,111.94451904296875,63.61119079589844,125.0311508178711,,63.95420455932617,51.63036346435547,98.87923431396484,11.766016960144043,38.129051208496094,77.44351959228516,84.02063751220703,2711.739990234375
2018-11-01,5.389366626739502,199.83999633789062,112.07695007324219,114.3974380493164,67.92591857910156,126.46879577636719,,64.76902770996094,51.23618698120117,98.0553207397461,12.3351469039917,38.44804763793945,78.96113586425781,83.92558288574219,2740.3701171875
2018-11-02,5.310544013977051,197.33999633789062,109.92962646484375,115.76205444335938,68.87417602539062,127.72770690917969,,64.29644012451172,51.63036346435547,98.27750396728516,13.068589210510254,37.68412780761719,79.6205825805664,83.53662109375,2723.06005859375
2018-11-05,5.2327094078063965,197.47999572753906,110.24260711669922,118.15452575683594,69.70867156982422,125.95706939697266,,65.28233337402344,52.2531852722168,99.52726745605469,13.009058952331543,38.18781661987305,80.03612518310547,83.81322479248047,2738.31005859375
2018-11-06,5.215165615081787,197.60000610351562,110.88591766357422,110.3725814819336,70.78025817871094,128.18251037597656,,65.44530487060547,52.96271896362305,99.72167205810547,13.204320907592773,38.73347473144531,80.496826171875,84.82447814941406,2755.449951171875
2018-11-07,5.282621383666992,204.24000549316406,112.64202117919922,110.0357437133789,71.3492202758789,130.77345275878906,,67.48230743408203,53.98759841918945,103.6468734741211,13.661534309387207,39.40504837036133,81.09300231933594,88.48053741455078,2813.889892578125
2018-11-08,5.0898895263671875,204.5800018310547,112.84197235107422,114.19015502929688,71.09318542480469,131.28515625,,67.49859619140625,54.39754867553711,103.45247650146484,13.416259765625,39.002105712890625,81.68018341064453,89.28434753417969,2806.830078125
2018-11-09,5.081982135772705,199.82000732421875,110.9815673828125,107.03866577148438,70.60006713867188,131.16336059570312,,66.53712463378906,54.4133186340332,101.434326171875,13.185272216796875,39.111236572265625,80.74974060058594,90.5635757446289,2781.010009765625
2018-11-12,4.683420181274414,193.69000244140625,108.72122192382812,104.53394317626953,68.97846984863281,129.15716552734375,,64.26383209228516,53.577640533447266,98.9347915649414,12.909042358398438,38.20459747314453,80.02709197998047,89.65601348876953,2726.219970703125
2018-11-13,4.924829483032227,194.5399932861328,109.95572662353516,104.87077331542969,69.04487609863281,129.8800506591797,,64.28012084960938,53.41207504272461,98.9996109008789,13.156699180603027,38.045108795166016,80.2800064086914,89.20658874511719,2722.179931640625
2018-11-14,4.8724470138549805,190.9600067138672,108.55606079101562,105.53584289550781,69.19664001464844,130.35923767089844,,63.579368591308594,52.60006332397461,97.59567260742188,12.85665225982666,36.995750427246094,78.69013214111328,86.37159729003906,2701.580078125
2018-11-15,5.00093412399292,198.2100067138672,110.11222076416016,103.48885345458984,70.55267333984375,132.43849182128906,,56.1239128112793,53.5618782043457,99.74337768554688,12.935235977172852,36.92020797729492,79.9096450805664,86.41484069824219,2730.199951171875
2018-11-16,4.062967777252197,198.19000244140625,109.99917602539062,101.2950439453125,70.53369903564453,134.13600158691406,,58.58462142944336,54.279293060302734,100.68245697021484,12.882847785949707,36.81106185913086,80.64134979248047,86.34568786621094,2736.27001953125
2018-11-19,3.5754499435424805,191.13999938964844,109.50366973876953,97.97845458984375,68.84574890136719,134.3238983154297,,54.820220947265625,53.932411193847656,97.2702865600586,12.761402130126953,36.79427719116211,80.79491424560547,85.8875961303711,2690.72998046875
2018-11-20,3.6836771965026855,188.30999755859375,106.24357604980469,96.19921875,67.55606079101562,132.25709533691406,,55.13799285888672,53.05732345581055,94.56471252441406,12.189888954162598,36.995750427246094,80.17160034179688,83.86509704589844,2641.889892578125
2018-11-21,3.575697422027588,188.11000061035156,107.48677062988281,99.153076171875,68.51383972167969,131.16246032714844,,53.70393371582031,53.08098220825195,95.86636352539062,12.316100120544434,37.230804443359375,81.12012481689453,84.81584930419922,2649.929931640625
2018-11-23,3.582862615585327,184.11000061035156,107.46065521240234,99.23943328857422,67.95435333251953,131.52191162109375,,53.500244140625,53.025779724121094,95.82915496826172,12.361342430114746,37.020931243896484,80.496826171875,84.65059661865234,2632.56005859375
2018-11-26,3.781773567199707,189.0,111.25106048583984,101.11369323730469,68.42851257324219,131.68528747558594,,55.211326599121094,53.932411193847656,98.99028778076172,12.594712257385254,37.608577728271484,81.09300231933594,86.26812744140625,2673.449951171875
2018-11-27,3.7985763549804688,187.77999877929688,109.69493865966797,97.21836853027344,67.6888198852539,130.98275756835938,,54.81205749511719,54.52370071411133,99.61323547363281,12.682816505432129,37.0377197265625,81.5266342163086,85.2071533203125,2682.169921875
2018-11-28,3.9552340507507324,192.94000244140625,115.05012512207031,97.1492919921875,70.10697937011719,134.35658264160156,,56.612796783447266,55.85602951049805,103.31364440917969,13.359107971191406,37.70090866088867,83.28811645507812,85.38980102539062,2743.7900390625
2018-11-29,3.8921613693237305,191.67999267578125,110.91200256347656,96.1214828491211,69.43368530273438,133.97259521484375,,54.917991638183594,55.122840881347656,102.44894409179688,13.320940971374512,37.17204284667969,82.88162994384766,85.05065155029297,2737.800048828125
2018-11-30,4.04229736328125,193.39999389648438,112.79851531982422,96.21649169921875,69.63280487060547,135.80247497558594,,54.48613357543945,55.78507995605469,103.09978485107422,13.800434112548828,37.34953689575195,82.73707580566406,84.56363677978516,2760.169921875
2018-12-03,4.2057905197143555,196.16000366210938,113.85041809082031,99.27398681640625,72.15528869628906,134.20948791503906,,56.97945022583008,55.98217010498047,104.21548461914062,13.874388694763184,36.9860954284668,84.10115814208984,84.61580657958984,2790.3701171875
2018-12-04,3.8859779834747314,189.8800048828125,105.56548309326172,94.8950424194336,68.3526382446289,127.83765411376953,,55.38243103027344,54.63407516479492,100.89628601074219,13.516555786132812,36.19160461425781,81.5537338256836,82.97220611572266,2700.06005859375
2018-12-06,3.9151642322540283,188.9600067138672,103.73983001708984,93.99679565429688,67.92510223388672,127.41285705566406,,55.7979736328125,54.53157043457031,101.51921081542969,13.36865234375,35.79436492919922,81.06591033935547,80.20673370361328,2695.949951171875
2018-12-07,3.651003360748291,186.92999267578125,100.68842315673828,90.60240173339844,67.31698608398438,123.35282897949219,,52.465431213378906,53.356903076171875,97.45621490478516,12.657753944396973,35.18582534790039,80.09932708740234,79.16316223144531,2633.080078125
2018-12-10,3.7561235427856445,185.8699951171875,97.76740264892578,90.80972290039062,67.17446899414062,121.48216247558594,,53.47578048706055,53.70378494262695,100.03160858154297,12.52655029296875,35.13509750366211,78.79854583740234,78.83270263671875,2637.719970703125
2018-12-11,3.6653499603271484,182.5399932861328,97.0371322631836,90.95653533935547,67.2029800415039,120.36296081542969,,52.31060028076172,53.71954345703125,100.96137237548828,12.4979248046875,34.94070816040039,78.87081146240234,78.27616882324219,2636.780029296875
2018-12-12,3.682910919189453,181.41000366210938,97.9847183227539,93.40082550048828,68.98921966552734,121.22071838378906,,52.72616958618164,53.70378494262695,101.41693115234375,12.590960502624512,34.982975006103516,79.34957885742188,78.60661315917969,2651.070068359375
2018-12-13,3.6826632022857666,179.6699981689453,97.51527404785156,89.37596893310547,68.19114685058594,122.48692321777344,,51.11284255981445,53.12039566040039,101.76097106933594,12.419198989868164,34.92380142211914,78.98821258544922,78.24134063720703,2650.5400390625
2018-12-14,3.62231183052063,176.91000366210938,95.79397583007812,87.66582489013672,66.87992858886719,120.34664154052734,,50.0536003112793,51.95358657836914,98.58123779296875,12.414426803588867,34.88153839111328,78.1913833618164,78.49356079101562,2599.949951171875
2018-12-17,3.5513250827789307,178.27000427246094,94.46388244628906,87.1994400024414,65.72074890136719,118.95787048339844,,48.570648193359375,51.20464324951172,95.66178894042969,12.679222106933594,35.321048736572266,75.76458740234375,78.26744079589844,2545.93994140625
2018-12-18,3.634432077407837,179.0800018310547,94.23783111572266,88.51226806640625,65.43571472167969,119.78296661376953,,50.542484283447266,50.707969665527344,96.66595458984375,13.039443016052246,35.735198974609375,76.34412384033203,77.24999237060547,2546.159912109375
2018-12-19,3.4259235858917236,179.9600067138672,91.69061279296875,87.27718353271484,64.51409149169922,116.20496368408203,,48.375083923339844,51.05486297607422,96.40562438964844,12.870067596435547,36.0648307800293,74.23426818847656,76.87605285644531,2506.9599609375
2018-12-20,3.3415796756744385,178.1300048828125,90.7430191040039,85.84341430664062,62.8133659362793,114.32601928710938,,47.14472961425781,51.21253204345703,94.37873077392578,12.884387016296387,35.9211540222168,72.8126220703125,75.40634155273438,2467.419921875
2018-12-21,3.204800605773926,176.39999389648438,87.20476531982422,84.23692321777344,61.95822525024414,113.25587463378906,,46.24029541015625,50.32955551147461,91.32918548583984,12.500310897827148,35.65912628173828,71.1192855834961,74.17146301269531,2416.6201171875
2018-12-24,3.143212080001831,175.5,84.83142852783203,83.08819580078125,60.19098663330078,111.2054672241211,,44.667724609375,48.59514617919922,87.5172119140625,12.276066780090332,34.45048904418945,68.28502655029297,71.8756103515625,2351.10009765625
2018-12-26,3.29211163520813,182.8000030517578,89.28251647949219,88.03721618652344,62.94636917114258,115.75562286376953,,47.15288162231445,50.707969665527344,93.49549102783203,12.870067596435547,36.21696090698242,71.18267059326172,75.71937561035156,2467.699951171875
2018-12-27,3.2443747520446777,185.10000610351562,90.48223876953125,88.68465423583984,63.95351028442383,117.65083312988281,,48.3995361328125,51.40174102783203,94.0719223022461,12.583803176879883,37.079078674316406,71.8074722290039,76.45860290527344,2488.830078125
2018-12-28,3.3057150840759277,183.49000549316406,89.67372131347656,88.45001983642578,63.402427673339844,117.83872985839844,,48.14695358276367,50.983909606933594,93.33743286132812,12.712620735168457,36.99455642700195,71.12833404541016,76.66731262207031,2485.739990234375
2018-12-31,3.3020055294036865,185.72000122070312,90.73433685302734,89.90998840332031,64.32405853271484,118.68830108642578,,48.61954116821289,51.36231994628906,94.43453979492188,13.037057876586914,37.56930160522461,72.17874908447266,77.78045654296875,2506.85009765625
2019-01-02,3.3692822456359863,185.5500030517578,93.85531616210938,91.63066864013672,64.12454223632812,120.46099853515625,,49.16545867919922,51.299251556396484,94.01615905761719,12.683995246887207,36.698726654052734,73.39215087890625,78.3543930053711,2510.030029296875
2019-01-03,3.165719985961914,181.60000610351562,91.36897277832031,87.49408721923828,62.30027770996094,118.82720947265625,,47.14766311645508,50.43204879760742,90.55748748779297,12.51462173461914,36.19160461425781,72.1515884399414,77.10214233398438,2447.889892578125
2019-01-04,3.3685402870178223,184.94000244140625,96.26341247558594,91.0658187866211,64.65660095214844,123.16494750976562,,48.747135162353516,52.19011688232422,94.76925659179688,13.001275062561035,37.30728530883789,71.98859405517578,78.65878295898438,2531.93994140625
2019-01-07,3.546872615814209,186.02999877929688,96.70677947998047,92.72563934326172,64.55211639404297,124.7415771484375,,48.50104904174805,51.91417694091797,94.89012145996094,12.517006874084473,37.17205047607422,72.74015808105469,78.97186279296875,2549.68994140625
2019-01-08,3.4585721492767334,187.4499969482422,97.31533813476562,94.14218139648438,65.50222778320312,126.33452606201172,,48.12373733520508,52.30836868286133,95.57813262939453,12.524166107177734,36.67338180541992,73.74531555175781,79.06751251220703,2574.409912109375
2019-01-09,3.5265915393829346,189.57000732421875,98.32379913330078,95.1241683959961,65.9393081665039,128.8751220703125,,49.37050247192383,52.276832580566406,96.94483947753906,12.340475082397461,36.99455642700195,74.5693130493164,79.55452728271484,2584.9599609375
2019-01-10,3.5921361446380615,190.05999755859375,98.61936950683594,92.86468505859375,67.07943725585938,130.7948760986328,,50.4122200012207,53.144039154052734,96.32193756103516,12.428744316101074,37.374900817871094,74.43348693847656,80.44154357910156,2596.639892578125
2019-01-11,3.6811790466308594,189.0,98.61936950683594,91.62197875976562,67.03194427490234,130.97459411621094,,50.568084716796875,53.049434661865234,95.57813262939453,12.271294593811035,37.57775115966797,74.31575012207031,80.51112365722656,2596.260009765625
2019-01-14,3.721001386642456,188.74000549316406,99.14096069335938,92.6995849609375,66.70891571044922,132.44503784179688,,50.22357177734375,53.00213623046875,94.88082885742188,12.216429710388184,37.636898040771484,74.04411315917969,81.39814758300781,2582.610107421875
2019-01-15,3.7069032192230225,191.0500030517578,100.1320571899414,92.2650375366211,66.3953628540039,132.03656005859375,,51.23247146606445,53.71954345703125,97.63284301757812,12.357176780700684,37.94118118286133,74.0260009765625,82.18081665039062,2610.300048828125
2019-01-16,3.681426763534546,191.30999755859375,102.80962371826172,91.79578399658203,66.77539825439453,132.70639038085938,,50.93718719482422,53.98759841918945,97.97687530517578,12.485994338989258,38.31308364868164,73.35591888427734,82.10256958007812,2616.10009765625
2019-01-17,3.7526605129241943,192.61000061035156,103.09652709960938,93.75110626220703,67.67803192138672,135.79434204101562,,50.78954315185547,54.2004508972168,98.6648941040039,12.715007781982422,38.97233200073242,74.03504943847656,83.00697326660156,2635.9599609375
2019-01-18,3.8815255165100098,198.32000732421875,105.28730010986328,96.95783996582031,68.75171661376953,137.04417419433594,,51.659000396728516,55.10707473754883,100.1432113647461,13.032289505004883,39.45409393310547,75.61971282958984,83.81571960449219,2670.7099609375
2019-01-22,3.679694652557373,195.94000244140625,103.69639587402344,95.0112075805664,67.25997924804688,132.86976623535156,,50.420433044433594,54.712886810302734,98.25579833984375,12.392958641052246,39.05685043334961,74.4153823852539,82.62431335449219,2632.89990234375
2019-01-23,3.6925575733184814,197.0,103.28778076171875,95.83678436279297,67.1839599609375,133.2946014404297,,50.13333511352539,55.05978012084961,99.21342468261719,12.006499290466309,39.30195236206055,74.6417465209961,83.12005615234375,2638.699951171875
2019-01-24,3.9040334224700928,196.5800018310547,104.13105773925781,96.41033172607422,67.64955139160156,133.4579620361328,,50.83055114746094,54.88633346557617,98.7392807006836,11.844281196594238,39.44563674926758,75.15789031982422,83.7896728515625,2642.330078125
2019-01-25,3.9611692428588867,199.77000427246094,105.29600524902344,98.75672149658203,67.76353454589844,133.33543395996094,,52.27418518066406,55.49338150024414,99.64112091064453,12.06136703491211,39.5217170715332,76.23548126220703,82.82435607910156,2664.760009765625
2019-01-28,3.4135563373565674,198.5,105.87844848632812,100.01680755615234,66.65188598632812,133.04136657714844,,51.847660064697266,55.185916900634766,97.69795227050781,11.930161476135254,39.43720245361328,76.31697845458984,82.13737487792969,2643.85009765625
2019-01-29,3.2550106048583984,197.57000732421875,105.52201843261719,100.93799591064453,68.19114685058594,132.62474060058594,,51.33910369873047,54.973060607910156,95.70829010009766,12.166332244873047,38.95542526245117,76.99608612060547,82.56348419189453,2640.0
2019-01-30,3.398221254348755,202.61000061035156,104.47879791259766,101.6332015991211,68.97020721435547,133.97259521484375,,51.98710632324219,56.08466339111328,98.90664672851562,12.09953784942627,39.411834716796875,77.79296112060547,83.12005615234375,2681.050048828125
2019-01-31,3.555530071258545,201.80999755859375,110.0600357055664,100.9292984008789,69.26476287841797,135.59828186035156,,52.306983947753906,56.259490966796875,97.0936050415039,12.023197174072266,39.65693664550781,77.74767303466797,83.82445526123047,2704.10009765625
2019-02-01,3.5797691345214844,202.99000549316406,110.31214141845703,100.616455078125,69.74932861328125,135.10806274414062,,53.97209167480469,57.11766815185547,95.5595474243164,11.834738731384277,39.74146270751953,78.55357360839844,84.50273132324219,2706.530029296875
2019-02-04,3.6898367404937744,202.02000427246094,110.48602294921875,99.54753875732422,70.02487182617188,135.7534637451172,,55.06302261352539,57.58649444580078,98.31159973144531,11.973101615905762,39.859798431396484,79.03350067138672,85.22456359863281,2724.8701171875
2019-02-05,3.7088816165924072,204.8300018310547,109.25152587890625,107.89894104003906,71.16500854492188,135.57382202148438,,55.48952865600586,58.595672607421875,99.68762969970703,12.171102523803711,40.84868240356445,80.68156433105469,85.29413604736328,2737.699951171875
2019-02-06,3.784320831298828,205.17999267578125,110.1383056640625,109.5674819946289,70.89900207519531,135.27149963378906,,55.90787124633789,58.56388854980469,98.58123779296875,12.121006965637207,40.49369812011719,81.1705322265625,85.14629364013672,2731.610107421875
2019-02-07,3.64630389213562,218.07000732421875,108.8603286743164,109.06343841552734,71.36454772949219,123.94104766845703,,54.948177337646484,58.611568450927734,97.8746109008789,11.977874755859375,40.738800048828125,82.1666030883789,84.62451171875,2706.050048828125
2019-02-08,3.6648550033569336,217.24000549316406,109.16461181640625,108.6550064086914,71.9821548461914,125.05199432373047,,54.13613510131836,59.00886917114258,98.24650573730469,12.037511825561523,40.47679138183594,82.75516510009766,84.46797180175781,2707.8798828125
2019-02-11,3.62231183052063,217.25999450683594,109.49496459960938,109.15034484863281,72.2576675415039,126.81649780273438,,54.0787239074707,58.84202575683594,97.85601043701172,12.185416221618652,40.772605895996094,82.86383819580078,84.79842376708984,2709.800048828125
2019-02-12,3.739056348800659,218.8800048828125,111.99870300292969,110.0715103149414,73.48336029052734,127.15966796875,,55.071224212646484,59.46184539794922,99.38079833984375,12.266523361206055,41.21211624145508,84.249267578125,85.86808776855469,2744.72998046875
2019-02-13,3.7813522815704346,219.38999938964844,112.84197235107422,107.09943389892578,74.84204864501953,126.84918975830078,,55.24346923828125,59.79557800292969,99.30643463134766,12.59334659576416,41.195220947265625,84.9103012084961,85.14629364013672,2753.030029296875
2019-02-14,3.8221635818481445,220.5,111.31871795654297,106.7083511352539,74.0249252319336,127.37203216552734,,52.216766357421875,59.73198318481445,99.39009857177734,12.621973037719727,40.772605895996094,83.01777648925781,84.46797180175781,2745.72998046875
2019-02-15,3.8916666507720947,224.0500030517578,114.40021514892578,108.70711517333984,75.07011413574219,128.89144897460938,,52.5202522277832,60.216712951660156,100.61739349365234,12.683995246887207,41.186744689941406,82.90910339355469,85.40717315673828,2775.60009765625
2019-02-19,3.8743526935577393,226.07000732421875,115.52075958251953,109.01998138427734,75.09857177734375,129.99424743652344,,52.700706481933594,59.700191497802734,100.57086944580078,13.022744178771973,41.516387939453125,79.70357513427734,85.43327331542969,2779.760009765625
2019-02-20,3.921595811843872,227.5,116.33490753173828,108.91570281982422,75.83016967773438,130.56613159179688,,53.537353515625,59.85118865966797,100.04798889160156,12.982192039489746,41.474124908447266,79.64021301269531,85.94635009765625,2784.699951171875
2019-02-21,3.8528342247009277,225.75,115.2844009399414,109.70650482177734,75.3076171875,131.4075469970703,,53.67679977416992,59.87503433227539,102.15821075439453,13.246990203857422,41.27128601074219,79.89376068115234,85.37238311767578,2774.8798828125
2019-02-22,3.937425374984741,228.42999267578125,118.08575439453125,110.47126007080078,75.44063568115234,132.58262634277344,,54.15254592895508,60.30410385131836,103.61478424072266,13.428291320800781,41.32198715209961,81.22483825683594,86.046142578125,2792.669921875
2019-02-25,3.925058126449585,230.25999450683594,115.50325775146484,110.49736022949219,75.79218292236328,132.1470947265625,,54.13613510131836,60.26438903808594,104.19369506835938,13.659687042236328,41.55864715576172,80.31935119628906,86.67613220214844,2796.110107421875
2019-02-26,3.885730266571045,231.75,114.68035888671875,109.94116973876953,75.18409729003906,131.4650421142578,,54.75952911376953,60.455116271972656,104.91266632080078,13.318553924560547,41.42340850830078,80.26502990722656,86.99986267089844,2793.89990234375
2019-02-27,3.8439295291900635,231.6999969482422,115.44197082519531,110.56684875488281,75.66867065429688,133.8974151611328,,54.20176696777344,60.804752349853516,104.73526763916016,13.256525993347168,41.48259353637695,81.88587188720703,88.25984954833984,2792.3798828125
2019-02-28,3.819417953491211,233.27999877929688,115.23186492919922,108.77667236328125,75.61164855957031,131.48150634765625,,53.479942321777344,61.20204162597656,104.60455322265625,13.199169158935547,41.719242095947266,81.46028900146484,90.11483764648438,2784.489990234375
2019-03-01,3.8736419677734375,233.3300018310547,115.71334075927734,110.34091186523438,75.60216522216797,130.58578491210938,,54.316593170166016,61.52783203125,105.07138061523438,13.275650978088379,42.00836181640625,82.58312225341797,91.12105560302734,2803.68994140625
2019-03-04,3.88181209564209,232.05999755859375,114.32142639160156,108.9939193725586,75.53564453125,131.21849060058594,,52.94679260253906,60.78884506225586,104.81929779052734,13.019932746887207,41.73625183105469,81.66854095458984,90.80604553222656,2792.81005859375
2019-03-05,3.8753750324249268,231.33999633789062,113.91873931884766,108.51596069335938,75.2031021118164,131.9498748779297,,53.06980895996094,61.19410705566406,104.29640197753906,12.82635498046875,41.60017776489258,81.44219207763672,90.30733489990234,2789.64990234375
2019-03-06,3.7646992206573486,230.83999633789062,111.93153381347656,107.83809661865234,75.3076171875,132.20469665527344,,52.446434020996094,61.04310989379883,104.34308624267578,12.855034828186035,41.226016998291016,80.98943328857422,88.5223388671875,2771.449951171875
2019-03-07,3.6956193447113037,227.5,109.34903717041016,107.19501495361328,74.99407958984375,131.9005584716797,,52.05271530151367,60.550445556640625,103.07325744628906,12.81201457977295,40.851871490478516,79.65833282470703,87.80485534667969,2748.929931640625
2019-03-08,3.7297887802124023,227.82000732421875,108.85880279541016,106.07396697998047,74.7185287475586,129.5175018310547,,51.83124923706055,60.661705017089844,103.18527221679688,12.42963981628418,40.91138458251953,79.66736602783203,87.46360778808594,2743.070068359375
2019-03-11,3.989763021469116,230.8300018310547,108.86754608154297,107.29061126708984,76.09622192382812,131.37466430664062,,53.5291633605957,61.59934616088867,105.35149383544922,12.82874584197998,40.9879150390625,80.2106704711914,88.21609497070312,2783.300048828125
2019-03-12,4.023932456970215,231.8000030517578,109.08642578125,106.76050567626953,76.14372253417969,131.70335388183594,,53.67679977416992,61.774169921875,106.08917236328125,12.907612800598145,41.183502197265625,80.4189682006836,88.3823471069336,2791.52001953125
2019-03-13,4.174965858459473,234.97000122070312,109.30525970458984,105.74372100830078,77.0463638305664,130.59396362304688,,53.78343200683594,62.19533157348633,106.91082763671875,12.895663261413574,41.32806396484375,81.1705322265625,88.61859130859375,2810.919921875
2019-03-14,4.0992021560668945,236.60000610351562,109.48909759521484,105.6133804321289,76.76081848144531,128.6957244873047,,53.922874450683594,62.7674560546875,106.994873046875,12.97691535949707,41.50665283203125,80.62556457519531,85.92362213134766,2808.47998046875
2019-03-15,4.204429626464844,239.27000427246094,112.97327423095703,104.96160125732422,76.91309356689453,127.93148040771484,,55.82583236694336,62.95817184448242,108.22736358642578,12.933899879455566,41.51514434814453,80.29862213134766,86.38739776611328,2822.47998046875
2019-03-18,4.183135986328125,240.75,114.12008666992188,107.94239807128906,77.81729125976562,130.61865234375,,54.88256072998047,63.02967071533203,109.77734375,13.125086784362793,41.95734405517578,80.74365997314453,87.23612976074219,2832.93994140625
2019-03-19,4.350512504577637,240.8800048828125,112.81571197509766,108.46381378173828,77.17959594726562,130.4625244140625,,54.62828826904297,62.862831115722656,109.85202026367188,12.912389755249023,41.8467903137207,80.57109832763672,84.8736572265625,2832.570068359375
2019-03-20,4.318077087402344,238.22999572753906,113.0433120727539,106.67359924316406,76.96070861816406,127.52886199951172,,55.423919677734375,62.32245635986328,109.73064422607422,12.651897430419922,41.013423919677734,79.69007873535156,82.75619506835938,2824.22998046875
2019-03-21,4.554283142089844,241.5399932861328,113.4110107421875,108.31605529785156,78.1789779663086,128.6464385986328,,57.01520538330078,63.18861770629883,112.251708984375,12.317315101623535,41.625694274902344,80.74365997314453,83.89366912841797,2854.8798828125
2019-03-22,4.394832134246826,237.4600067138672,108.66621398925781,104.483642578125,75.58062744140625,123.23103332519531,,54.82514572143555,62.330440521240234,109.29180145263672,11.987516403198242,41.2685432434082,79.21778869628906,82.73868560791016,2800.7099609375
2019-03-25,4.3027262687683105,237.6999969482422,108.3773193359375,106.5345687866211,75.78047943115234,124.15139770507812,,54.8497428894043,62.56878662109375,109.86136627197266,11.913429260253906,41.1664924621582,79.42668151855469,82.73868560791016,2798.360107421875
2019-03-26,4.379233360290527,241.13999938964844,110.18944549560547,106.2564697265625,76.76081848144531,125.35114288330078,,55.4731330871582,63.649497985839844,110.09481048583984,12.10939884185791,41.74475860595703,80.30767822265625,83.44744110107422,2818.4599609375
2019-03-27,4.370072841644287,242.16000366210938,109.94435119628906,108.92439270019531,76.78938293457031,126.23865509033203,,55.09581756591797,62.98200988769531,109.03034973144531,12.128518104553223,41.85530090332031,80.10787200927734,83.11493682861328,2805.3701171875
2019-03-28,4.38864278793335,243.5800018310547,111.1698989868164,113.01620483398438,78.26465606689453,127.07687377929688,,55.27627182006836,62.81513595581055,109.17974853515625,12.384232521057129,41.9743537902832,81.57923889160156,82.92243957519531,2815.43994140625
2019-03-29,4.445835590362549,246.58999633789062,112.14163208007812,113.26074981689453,78.96895599365234,128.6217498779297,,56.875762939453125,63.728939056396484,110.1228256225586,12.398571968078613,42.28049087524414,82.38758850097656,83.044921875,2834.39990234375
2019-04-01,4.513182640075684,249.05999755859375,116.15104675292969,112.65811920166016,79.94927215576172,130.8733673095703,,57.72881317138672,64.30902862548828,111.13121795654297,12.857422828674316,42.3995361328125,84.14051055908203,84.12992095947266,2867.18994140625
2019-04-02,4.531010150909424,250.10000610351562,119.16250610351562,111.1733627319336,79.68277740478516,130.6761932373047,,58.040496826171875,64.38054656982422,111.28998565673828,12.998428344726562,42.101898193359375,83.94068908691406,83.51741790771484,2867.239990234375
2019-04-03,4.6701579093933105,249.97000122070312,119.54769897460938,111.19956970214844,80.26338195800781,130.73367309570312,,59.39390563964844,64.42823028564453,112.01827239990234,12.594538688659668,42.28049087524414,84.91253662109375,83.51741790771484,2873.39990234375
2019-04-04,4.661244869232178,248.32000732421875,120.17801666259766,112.11661529541016,79.95879364013672,132.46759033203125,,58.964996337890625,63.88787078857422,111.44872283935547,12.821577072143555,42.51858901977539,85.48472595214844,83.91992950439453,2879.389892578125
2019-04-05,4.727848052978516,250.30999755859375,120.75581359863281,111.43537902832031,80.22531127929688,132.47581481933594,,59.50935745239258,64.15804290771484,111.94356536865234,12.845476150512695,42.45906448364258,86.2113265991211,83.88493347167969,2892.739990234375
2019-04-08,4.748644828796387,250.8800048828125,121.28101348876953,111.26943969726562,80.53938293457031,131.51434326171875,,60.185726165771484,64.22160339355469,111.98094177246094,12.876541137695312,42.425048828125,85.7390365600586,83.49993896484375,2895.77001953125
2019-04-09,4.686005592346191,250.27999877929688,119.46891021728516,110.00301361083984,79.52098083496094,129.2134552001953,,60.029014587402344,64.1659927368164,111.3740005493164,12.757048606872559,42.25497055053711,84.91253662109375,82.51995086669922,2878.199951171875
2019-04-10,4.756322383880615,250.14999389648438,121.28101348876953,110.4484634399414,79.98735809326172,126.3865737915039,,61.241455078125,64.47590637207031,112.22370910644531,12.666234970092773,42.5015869140625,84.7672119140625,82.6599349975586,2888.2099609375
2019-04-11,4.742455005645752,249.9199981689453,122.25275421142578,110.53579711914062,80.71070098876953,127.5864028930664,,62.26422119140625,64.64276123046875,112.35440063476562,12.666234970092773,43.0033073425293,85.16683959960938,83.50865936279297,2888.320068359375
2019-04-12,4.704575061798096,251.3800048828125,124.78269958496094,111.92447662353516,81.6719741821289,128.1697998046875,,62.37968826293945,65.28643035888672,112.9333267211914,12.938676834106445,43.42848205566406,85.8934326171875,83.85867309570312,2907.409912109375
2019-04-15,4.573099613189697,251.57000732421875,123.67095947265625,111.07727813720703,81.49116516113281,128.52310180664062,,62.816837310791016,65.45328521728516,113.02667236328125,13.010374069213867,43.15637969970703,85.4393081665039,83.07118225097656,2905.580078125
2019-04-16,4.660006999969482,252.08999633789062,126.12212371826172,113.15593719482422,81.76716613769531,128.8600616455078,,63.86431884765625,64.83348846435547,112.76521301269531,13.223072052001953,43.726112365722656,85.28490447998047,83.3161849975586,2907.06005859375
2019-04-17,4.6372270584106445,251.1699981689453,125.40428924560547,115.07740020751953,81.61488342285156,129.7064971923828,,64.0622787475586,64.80963897705078,113.6989517211914,12.94345760345459,43.01180648803711,85.28490447998047,82.30120086669922,2900.449951171875
2019-04-18,4.612717628479004,251.4199981689453,125.42178344726562,114.5009765625,82.3192138671875,138.11309814453125,,64.07879638671875,64.83348846435547,115.19291687011719,13.115527153015137,43.31793212890625,85.14868927001953,81.574951171875,2905.030029296875
2019-04-22,4.666443824768066,252.5,125.28172302246094,114.1952896118164,82.44296264648438,138.39248657226562,,63.262237548828125,64.849365234375,115.55705261230469,13.108358383178711,43.27541732788086,85.33939361572266,80.48997497558594,2907.969970703125
2019-04-23,4.720915794372559,256.6700134277344,126.80492401123047,115.34814453125,83.08061981201172,140.69338989257812,,63.21271896362305,66.41478729248047,117.12571716308594,13.14181900024414,43.4625129699707,87.18316650390625,81.42619323730469,2933.679931640625
2019-04-24,4.733295917510986,256.3399963378906,126.06077575683594,115.3132095336914,82.8998031616211,139.6415557861328,,60.62285232543945,66.33534240722656,116.72418975830078,12.962577819824219,43.573055267333984,86.73811340332031,81.24244689941406,2927.25
2019-04-25,4.627819538116455,257.2200012207031,126.9887924194336,113.304443359375,81.76716613769531,138.18699645996094,,60.631107330322266,66.13668823242188,120.58980560302734,13.046221733093262,43.34345245361328,87.70085906982422,80.76996612548828,2926.169921875
2019-04-26,4.4094390869140625,257.8699951171875,128.36322021484375,114.57955932617188,83.09014129638672,139.51007080078125,,59.303184509277344,66.58165740966797,121.28076171875,12.948240280151367,43.84516906738281,89.2903060913086,81.81995391845703,2939.8798828125
2019-04-29,4.440142631530762,260.2200012207031,129.3174285888672,115.36560821533203,83.22338104248047,138.9019775390625,,60.11973190307617,66.43863677978516,121.1687240600586,13.067733764648438,44.023746490478516,89.38114166259766,82.55493927001953,2943.030029296875
2019-04-30,4.481490612030029,260.95001220703125,128.48582458496094,114.92020416259766,83.91818237304688,138.28562927246094,,60.086727142333984,66.99484252929688,121.9437026977539,12.962577819824219,44.48295593261719,90.12590026855469,83.12367248535156,2945.830078125
2019-05-01,4.468367099761963,257.57000732421875,128.3369903564453,113.2869644165039,82.19548034667969,137.0201416015625,,59.204200744628906,65.13544464111328,119.40397644042969,13.208732604980469,43.70911407470703,89.95333099365234,82.3624496459961,2923.72998046875
2019-05-02,4.5357136726379395,256.8399963378906,129.01100158691406,115.1909408569336,82.82363891601562,139.2060546875,,59.1217041015625,65.77908325195312,117.84468841552734,13.359293937683105,44.33837890625,89.84435272216797,82.61619567871094,2917.52001953125
2019-05-03,4.531258583068848,257.75,130.288818359375,114.66690063476562,83.13773345947266,140.89889526367188,,59.51762771606445,67.23326110839844,120.35636901855469,13.552871704101562,44.83159637451172,92.8143310546875,82.75619506835938,2945.639892578125
2019-05-06,4.45301628112793,256.6300048828125,129.7864990234375,111.98562622070312,82.3477554321289,140.1263885498047,,58.338165283203125,67.28092956542969,119.65609741210938,13.992603302001953,44.687034606933594,91.94239807128906,82.21370697021484,2932.469970703125
2019-05-07,4.286136627197266,248.66000366210938,127.13401794433594,108.2213363647461,81.3388671875,138.52394104003906,,57.0267219543457,66.33534240722656,117.20042419433594,13.6102294921875,44.47444534301758,90.24396514892578,84.15617370605469,2884.050048828125
2019-05-08,4.306191921234131,266.19000244140625,126.04130554199219,108.64054107666016,81.3674087524414,137.9569549560547,,56.84528350830078,66.89952087402344,117.19108581542969,13.454890251159668,44.653018951416016,90.4801254272461,84.18241119384766,2879.419921875
2019-05-09,4.213840007781982,266.19000244140625,125.86507415771484,109.7671890258789,81.329345703125,137.80905151367188,,56.53184509277344,66.99484252929688,117.18173217773438,13.376023292541504,44.653018951416016,90.91608428955078,83.66619110107422,2870.719970703125
2019-05-10,4.1799163818359375,263.6300048828125,127.38956451416016,108.5357437133789,81.45309448242188,138.28562927246094,,56.71330642700195,67.60672760009766,118.70370483398438,13.495514869689941,45.07821273803711,91.07955932617188,85.04863739013672,2881.39990234375
2019-05-13,3.9231605529785156,257.0899963378906,122.82482147216797,103.30416107177734,80.05397033691406,131.81019592285156,,54.420372009277344,66.39888763427734,115.17423248291016,13.108358383178711,44.18531799316406,89.98058319091797,82.8349380493164,2811.8701171875
2019-05-14,4.012047290802002,264.6300048828125,125.59186553955078,99.52237701416016,80.92010498046875,133.32223510742188,,55.52559280395508,67.39961242675781,116.4627685546875,13.20395278930664,44.83159637451172,90.2802963256836,83.79741668701172,2834.409912109375
2019-05-15,3.951139211654663,264.17999267578125,125.35389709472656,101.03335571289062,81.63392639160156,134.3166046142578,,55.91325759887695,68.08808135986328,118.10283660888672,12.962577819824219,45.0186767578125,91.21581268310547,83.69241333007812,2850.9599609375
2019-05-16,3.9662420749664307,271.1300048828125,127.7508544921875,100.22109985351562,82.41437530517578,135.93540954589844,,57.480377197265625,69.3609848022461,120.83000946044922,13.323445320129395,45.579925537109375,92.52369689941406,84.18241119384766,2876.320068359375
2019-05-17,3.875622510910034,269.260009765625,126.71102142333984,98.26472473144531,81.75764465332031,134.06179809570312,,56.9854850769043,69.06478118896484,120.02406311035156,13.24697208404541,45.562923431396484,91.25212097167969,82.89617919921875,2859.530029296875
2019-05-20,3.7572712898254395,272.0799865722656,128.55279541015625,97.74942016601562,81.05333709716797,128.8792266845703,,56.19367218017578,68.97674560546875,118.2902603149414,12.898052215576172,45.18876647949219,90.80709075927734,84.06866455078125,2840.22998046875
2019-05-21,3.8392250537872314,273.54998779296875,130.77346801757812,99.53985595703125,82.3001937866211,131.36715698242188,,57.72779846191406,69.73726654052734,118.92755889892578,12.890881538391113,45.605438232421875,92.16948699951172,87.19237518310547,2864.360107421875
2019-05-22,3.7684128284454346,274.989990234375,128.97572326660156,98.50927734375,81.48164367675781,131.76394653320312,,55.344139099121094,69.76927947998047,119.649169921875,12.929121017456055,46.098655700683594,90.76167297363281,87.72611236572266,2856.27001953125
2019-05-23,3.6475863456726074,266.6700134277344,127.21332550048828,95.40872192382812,80.77732849121094,130.03639221191406,,50.85721206665039,68.89664459228516,118.25276947021484,12.871763229370117,45.34182357788086,90.00782012939453,87.68238067626953,2822.239990234375
2019-05-24,3.593858242034912,266.79998779296875,129.00222778320312,95.40872192382812,80.4156494140625,130.846435546875,,51.13764953613281,68.98472595214844,118.30900573730469,12.776168823242188,45.27379608154297,90.17129516601562,88.77388000488281,2826.06005859375
2019-05-28,3.548795461654663,267.7200012207031,127.11639404296875,94.34321594238281,79.88264465332031,128.22622680664062,,50.06541061401367,68.98472595214844,118.23403930664062,12.678184509277344,44.61050796508789,89.75350952148438,88.61541748046875,2802.389892578125
2019-05-29,3.474763870239258,260.0,126.92254638671875,92.57023620605469,79.36870574951172,129.4413299560547,,49.743736267089844,68.59245300292969,117.0906753540039,12.498945236206055,45.23128128051758,88.8180160522461,88.80909729003906,2783.02001953125
2019-05-30,3.448241710662842,260.69000244140625,126.32329559326172,91.73178100585938,79.7684326171875,129.8297882080078,,49.85919952392578,69.04075622558594,117.8310546875,12.542045593261719,45.12922286987305,90.35296630859375,88.72986602783203,2788.860107421875
2019-05-31,3.3577654361724854,258.2099914550781,121.8114013671875,91.81910705566406,77.94103240966797,128.8792266845703,,48.828208923339844,68.68050384521484,115.90985870361328,12.163724899291992,45.03515625,88.14593505859375,87.99043273925781,2752.06005859375
2019-06-03,3.316121816635132,250.27000427246094,124.0585708618164,93.67070007324219,78.21703338623047,129.11892700195312,,48.58902359008789,67.59174346923828,112.31108093261719,12.082314491271973,45.69365692138672,90.46194458007812,89.40767669677734,2744.449951171875
2019-06-04,3.5446653366088867,253.64999389648438,129.46925354003906,97.60965728759766,79.63518524169922,132.08633422851562,,50.43657302856445,68.33626556396484,115.42253112792969,12.577961921691895,46.09560012817383,91.20670318603516,91.29141998291016,2803.27001953125
2019-06-05,3.502031087875366,251.64999389648438,129.9803924560547,96.92840576171875,80.30142974853516,133.58238220214844,,50.42007064819336,69.1928939819336,117.92477416992188,12.61148452758789,46.99357986450195,93.83157348632812,91.56428527832031,2826.14990234375
2019-06-06,3.563999891281128,251.3300018310547,131.9630889892578,95.60962677001953,79.89216613769531,134.07008361816406,,50.3870849609375,69.72124481201172,119.78976440429688,12.982620239257812,47.02778625488281,94.18578338623047,91.88121032714844,2843.489990234375
2019-06-07,3.606635332107544,258.989990234375,132.06887817382812,96.8410873413086,81.63392639160156,134.26846313476562,,50.56028366088867,70.12953186035156,123.14482879638672,13.066427230834961,47.010684967041016,94.5854263305664,91.84596252441406,2873.340087890625
2019-06-10,3.6792643070220947,266.2200012207031,133.28494262695312,99.26912689208984,82.30970001220703,134.74783325195312,,51.401588439941406,70.2896499633789,124.26941680908203,13.076004028320312,46.89095687866211,95.85697937011719,91.08016967773438,2886.72998046875
2019-06-11,3.736772060394287,266.7200012207031,133.87535095214844,99.44379425048828,82.13835906982422,134.30979919433594,,51.236629486083984,69.68922424316406,123.80087280273438,13.047271728515625,46.77122116088867,95.36651611328125,91.54668426513672,2885.719970703125
2019-06-12,3.6239874362945557,267.4599914550781,132.52708435058594,98.40445709228516,81.39599609375,133.8882293701172,,50.74174880981445,69.8653335571289,123.22917175292969,12.752755165100098,46.737022399902344,94.94872283935547,91.53789520263672,2879.840087890625
2019-06-13,3.6750500202178955,272.8800048828125,133.5404815673828,98.36079406738281,81.6819839477539,136.5249481201172,,51.269615173339844,69.59314727783203,124.00704193115234,13.059243202209473,46.61729049682617,95.89574432373047,92.47093963623047,2891.639892578125
2019-06-14,3.585317850112915,272.6600036621094,135.29415893554688,97.93281555175781,81.02417755126953,135.63230895996094,,50.296356201171875,69.39300537109375,124.12886047363281,13.19572639465332,46.99357986450195,96.5422592163086,93.41279602050781,2886.97998046875
2019-06-17,3.5949854850769043,268.4800109863281,130.23587036132812,98.081298828125,80.50936126708984,133.6155242919922,,49.60352325439453,69.0727767944336,124.50373840332031,13.135866165161133,46.634395599365234,95.29474639892578,93.98500061035156,2889.669921875
2019-06-18,3.789569854736328,273.30999755859375,132.21864318847656,99.0245590209961,82.4732437133789,137.12838745117188,,50.68400955200195,69.53711700439453,126.66861724853516,13.214882850646973,47.019229888916016,96.66067504882812,94.53075408935547,2917.75
2019-06-19,3.795520067214966,277.6300048828125,130.5003204345703,98.38699340820312,82.74972534179688,136.43408203125,,50.90671157836914,69.76126861572266,127.16532897949219,13.097553253173828,47.25014877319336,97.58036804199219,94.72443389892578,2926.4599609375
2019-06-20,3.8198115825653076,277.7699890136719,131.55776977539062,100.36084747314453,84.44666290283203,138.85597229003906,,51.69027328491211,70.09749603271484,128.34613037109375,13.1143159866333,47.57511901855469,98.58203887939453,94.81244659423828,2954.179931640625
2019-06-21,3.7618072032928467,279.1099853515625,129.337158203125,102.8674545288086,83.66493225097656,133.75601196289062,,50.692256927490234,69.26493072509766,128.36488342285156,12.75993824005127,47.652103424072266,98.19956970214844,94.09062194824219,2950.4599609375
2019-06-24,3.7841169834136963,279.19000244140625,130.1741943359375,102.13381958007812,83.7507095336914,134.3924102783203,,50.51905059814453,68.99272155761719,129.1240234375,12.56598949432373,47.626434326171875,98.24510192871094,93.21038055419922,2945.35009765625
2019-06-25,3.7548670768737793,277.3299865722656,126.6317138671875,99.28659057617188,83.4742660522461,135.54139709472656,,50.27986526489258,67.88795471191406,125.04731750488281,12.659370422363281,47.91720199584961,97.95368957519531,93.31600952148438,2917.3798828125
2019-06-26,3.9477169513702393,277.1199951171875,128.7642364501953,100.75385284423828,83.7316665649414,135.16941833496094,,50.0076789855957,65.46222686767578,125.51590728759766,12.534860610961914,46.933719635009766,97.971923828125,90.44636535644531,2913.780029296875
2019-06-27,4.046125888824463,279.2099914550781,126.92254638671875,99.37264251708984,84.14159393310547,135.12808227539062,,50.31285095214844,65.72642517089844,125.72206115722656,12.692891120910645,47.378421783447266,99.04642486572266,91.86356353759766,2924.919921875
2019-06-28,4.070913314819336,280.8500061035156,127.91832733154297,99.80318450927734,86.6012191772461,136.9134979248047,,50.89022445678711,65.8785400390625,125.54395294189453,12.977834701538086,47.652103424072266,100.66732025146484,93.64169311523438,2941.760009765625
2019-07-01,4.11899995803833,283.1700134277344,128.43824768066406,99.86470794677734,87.81194305419922,136.67376708984375,,51.830482482910156,66.85521697998047,127.15589141845703,12.862898826599121,47.7974739074707,101.55059051513672,95.93916320800781,2964.330078125
2019-07-02,4.021335601806641,286.0199890136719,128.67620849609375,96.8861312866211,86.96348571777344,134.69827270507812,,51.07991409301758,66.95128631591797,127.9994125366211,12.668950080871582,48.13099670410156,100.40325164794922,95.78951263427734,2973.010009765625
2019-07-03,4.034225940704346,289.6000061035156,130.2623748779297,97.07945251464844,87.62127685546875,134.57431030273438,,51.94441223144531,67.72784423828125,128.8241424560547,12.872476577758789,48.883567810058594,100.6308822631836,96.77542114257812,2995.820068359375
2019-07-05,3.9717607498168945,291.7699890136719,132.28916931152344,97.51875305175781,86.83953857421875,133.65676879882812,,51.87791061401367,68.2962417602539,128.44927978515625,13.143046379089355,48.70398712158203,101.0679931640625,96.93385314941406,2990.409912109375
2019-07-08,3.8969016075134277,290.8299865722656,131.24929809570312,97.82628631591797,86.3724136352539,132.1688995361328,,50.2237434387207,67.927978515625,128.35556030273438,12.676136016845703,48.8408317565918,100.14826965332031,97.25077056884766,2975.949951171875
2019-07-09,3.8993797302246094,294.4599914550781,132.3596649169922,97.16728973388672,86.15314483642578,129.93724060058594,,49.999298095703125,68.2161865234375,127.88693237304688,12.867688179016113,48.81517028808594,100.32129669189453,97.42680358886719,2979.6298828125
2019-07-10,3.9675467014312744,292.2900085449219,130.70298767089844,96.2623291015625,85.39999389648438,129.49913024902344,,50.107357025146484,68.41632843017578,129.1896209716797,12.594721794128418,48.89213180541992,99.5472640991211,96.83705139160156,2993.070068359375
2019-07-11,4.121726989746094,293.3900146484375,132.5535125732422,97.62419891357422,85.4095230102539,129.3585968017578,,50.348419189453125,68.31224822998047,129.705078125,12.671342849731445,48.62702941894531,99.5017318725586,96.91624450683594,2999.909912109375
2019-07-12,4.154695987701416,292.1600036621094,133.18801879882812,98.81912231445312,86.75375366210938,132.0532684326172,,50.80559539794922,68.62445831298828,130.17359924316406,12.50373649597168,49.165802001953125,100.56714630126953,98.22782897949219,3013.77001953125
2019-07-15,4.146267890930176,292.5299987792969,132.43902587890625,98.90699005126953,86.73467254638672,130.89605712890625,,50.55622100830078,68.63248443603516,130.17359924316406,12.233161926269531,49.36250305175781,100.85855865478516,98.78239440917969,3014.300048828125
2019-07-16,4.141558647155762,291.0,132.96771240234375,101.2177963256836,87.03973388671875,132.28468322753906,,49.00181198120117,68.57645416259766,128.46800231933594,12.048791885375977,49.64472579956055,100.87674713134766,98.64156341552734,3004.0400390625
2019-07-17,4.206750869750977,289.7300109863281,130.83517456054688,97.351806640625,85.11399841308594,127.08548736572266,,49.30936813354492,68.2322006225586,127.70884704589844,11.756669998168945,49.31119155883789,99.09197235107422,98.32466888427734,2984.419921875
2019-07-18,4.218400955200195,290.5,132.25390625,96.11297607421875,84.75173950195312,125.08524322509766,,48.89375305175781,68.5204086303711,127.84944915771484,11.97216796875,49.516441345214844,99.65655517578125,98.5711441040039,2995.110107421875
2019-07-19,4.1752705574035645,288.8299865722656,131.00259399414062,96.8861312866211,84.57061004638672,123.98588562011719,,49.392478942871094,67.69580841064453,128.03689575195312,11.864419937133789,48.8408317565918,97.971923828125,97.84932708740234,2976.610107421875
2019-07-22,4.246658802032471,288.3699951171875,130.27114868164062,94.36449432373047,84.47528076171875,124.64717864990234,,48.79399871826172,67.31954956054688,129.73316955566406,11.806955337524414,48.78095626831055,98.36348724365234,98.1838150024414,2985.030029296875
2019-07-23,4.354238510131836,289.9800109863281,131.3814697265625,95.67362976074219,85.6097412109375,127.98650360107422,,49.12649154663086,67.74385833740234,130.53916931152344,11.993719100952148,48.66123962402344,99.10107421875,99.02887725830078,3005.469970703125
2019-07-24,4.42860221862793,288.3399963378906,133.47886657714844,96.41169738769531,85.78132629394531,127.92037200927734,,48.89375305175781,68.08808135986328,131.87933349609375,11.941040992736816,49.200008392333984,98.54561614990234,100.1731948852539,3019.56005859375
2019-07-25,4.297720909118652,285.4800109863281,129.51327514648438,96.86859130859375,85.06635284423828,127.39138793945312,,48.81892776489258,68.3843002319336,131.38259887695312,11.996114730834961,49.28553009033203,95.4404296875,99.78590393066406,3003.669921875
2019-07-26,4.3396124839782715,287.2300109863281,132.1217041015625,96.7192153930664,85.11399841308594,128.39154052734375,,49.13481140136719,69.3129653930664,132.46035766601562,12.134992599487305,49.72168731689453,95.8502197265625,100.71895599365234,3025.860107421875
2019-07-29,4.33341646194458,286.7099914550781,131.9542999267578,97.76476287841797,84.4180679321289,127.7798843383789,,49.24286651611328,69.03276824951172,132.16986083984375,12.07992172241211,49.38815689086914,94.42965698242188,99.83870697021484,3020.969970703125
2019-07-30,4.349032402038574,283.7099914550781,130.88800048828125,94.12725067138672,86.51541137695312,128.7882537841797,,49.45067596435547,68.96070098876953,131.5325469970703,12.20682144165039,49.40525817871094,94.94871520996094,100.8862075805664,3013.179931640625
2019-07-31,4.182209491729736,284.1700134277344,128.22674560546875,91.57923889160156,85.42860412597656,126.14324188232422,,48.61943435668945,66.96897888183594,127.70884704589844,12.273868560791016,49.28553009033203,94.28397369384766,99.78590393066406,2980.3798828125
2019-08-01,4.088016986846924,281.6000061035156,123.86468505859375,86.65016174316406,84.19879913330078,123.80403137207031,,47.971065521240234,67.63827514648438,129.38638305664062,12.199641227722168,48.66123962402344,93.31873321533203,98.36866760253906,2953.56005859375
2019-08-02,3.995558261871338,278.1499938964844,120.0579605102539,86.87858581542969,82.46370697021484,123.365966796875,,38.270450592041016,67.67858123779297,128.29928588867188,12.003299713134766,49.157257080078125,92.72685241699219,97.7789077758789,2932.050048828125
2019-08-05,3.7377634048461914,266.739990234375,115.75435638427734,84.11093139648438,80.1566390991211,122.03515625,,37.53895950317383,65.21915435791016,123.90394592285156,11.70399284362793,48.37046813964844,90.76903533935547,95.19093322753906,2844.739990234375
2019-08-06,3.776432752609253,269.239990234375,118.25666809082031,84.07576751708984,81.73918151855469,125.24227142333984,,38.245506286621094,66.33999633789062,126.2281494140625,11.670472145080566,49.2769775390625,90.90564727783203,96.50253295898438,2881.77001953125
2019-08-07,3.814605951309204,291.3299865722656,116.28675079345703,83.6452407836914,81.28157806396484,125.47372436523438,,38.461639404296875,66.3238754272461,126.78108978271484,11.493282318115234,49.610504150390625,89.53973388671875,103.77345275878906,2883.97998046875
2019-08-08,3.922929525375366,296.3699951171875,119.73851776123047,85.2355728149414,82.87364196777344,127.68067169189453,,39.69187927246094,68.06563568115234,130.16427612304688,11.605820655822754,50.200592041015625,90.28641510009766,105.15544128417969,2938.090087890625
2019-08-09,3.8217945098876953,295.7200012207031,116.97003173828125,82.34488677978516,81.34831237792969,126.46561431884766,,38.71933364868164,67.3721694946289,129.0584259033203,11.402295112609863,50.115081787109375,89.90397644042969,105.48995971679688,2918.64990234375
2019-08-12,3.7541239261627197,289.0199890136719,111.34422302246094,80.77214050292969,81.07183074951172,123.87841033935547,,38.32863235473633,66.76737976074219,127.25906372070312,10.980873107910156,49.576297760009766,88.31041717529297,106.29979705810547,2882.699951171875
2019-08-13,3.868147611618042,295.8699951171875,114.21923065185547,82.07251739501953,82.07283782958984,125.14311981201172,,39.06013488769531,67.51732635498047,129.89251708984375,11.131723403930664,50.37164306640625,88.74750518798828,107.85783386230469,2926.320068359375
2019-08-14,3.7199158668518066,285.7699890136719,108.61119842529297,77.1873550415039,79.441650390625,121.02677154541016,,37.16489791870117,65.36429595947266,125.9808349609375,10.877912521362305,48.96056365966797,85.669677734375,106.00048828125,2840.60009765625
2019-08-15,3.687692165374756,286.7300109863281,108.92178344726562,74.7447509765625,80.39496612548828,119.04298400878906,,38.627891540527344,64.58212280273438,125.69873046875,10.90185832977295,49.50788116455078,86.2524642944336,106.52864074707031,2847.60009765625
2019-08-16,3.955153226852417,291.2699890136719,112.10736083984375,76.3878173828125,81.65337371826172,121.85332489013672,,38.86894989013672,65.69491577148438,128.0024871826172,11.19637393951416,50.00390625,86.89896392822266,109.61836242675781,2888.679931640625
2019-08-19,4.233273029327393,297.5899963378906,113.60697174072266,76.57231140136719,82.65437316894531,123.96641540527344,,39.07675552368164,66.35613250732422,130.1464080810547,11.40468978881836,50.559791564941406,87.91885375976562,108.96696472167969,2923.64990234375
2019-08-20,4.161139488220215,295.70001220703125,112.1162109375,76.28235626220703,82.18724060058594,122.13617706298828,,38.31201171875,66.08197784423828,129.06504821777344,11.189192771911621,50.063777923583984,86.50740814208984,108.02508544921875,2900.510009765625
2019-08-21,4.24442720413208,300.9800109863281,113.53596496582031,76.50201416015625,82.30165100097656,123.42567443847656,,38.97700881958008,66.54158020019531,130.50369262695312,11.19637393951416,50.35454177856445,86.92628479003906,108.86133575439453,2924.429931640625
2019-08-22,4.250624179840088,300.45001220703125,114.09500122070312,77.23127746582031,81.76776885986328,124.42403411865234,,38.88557815551758,66.3238754272461,129.55398559570312,11.155667304992676,50.86766052246094,87.1357421875,108.94056701660156,2922.949951171875
2019-08-23,4.0265421867370605,292.9700012207031,110.46575927734375,73.72555541992188,79.71810913085938,120.6886215209961,,37.76339340209961,64.28377532958984,125.42607879638672,10.87073040008545,49.68747329711914,85.06864929199219,105.64119720458984,2847.110107421875
2019-08-26,4.101153373718262,292.489990234375,111.93876647949219,73.47953796386719,79.08888244628906,121.49559783935547,,38.70269775390625,64.87239837646484,127.36309051513672,10.67678165435791,50.08942413330078,85.6150131225586,107.79948425292969,2878.3798828125
2019-08-27,4.010677814483643,292.57000732421875,111.13125610351562,75.05227661132812,79.822998046875,120.7136001586914,,38.661128997802734,65.04177856445312,127.63581848144531,10.7869234085083,50.07230758666992,85.38735961914062,106.90609741210938,2869.159912109375
2019-08-28,4.00025749206543,295.54998779296875,111.67253875732422,77.09070587158203,80.18524169921875,121.68695068359375,,38.918819427490234,65.34011840820312,127.46650695800781,10.885096549987793,49.95259475708008,85.86088562011719,107.07415008544922,2887.93994140625
2019-08-29,4.143674373626709,299.30999755859375,113.96189880371094,77.31034851074219,82.09193420410156,123.59207153320312,,39.816558837890625,66.00938415527344,129.87368774414062,11.048279762268066,50.16639709472656,87.23589324951172,107.86141967773438,2924.580078125
2019-08-30,4.1563262939453125,298.3999938964844,114.44994354248047,77.61785125732422,81.9203109741211,123.69188690185547,,39.94956970214844,65.88037109375,129.6292266845703,11.326644897460938,50.09762954711914,87.66386413574219,108.79901885986328,2926.4599609375
2019-09-03,4.073453426361084,292.9200134277344,112.8704605102539,76.3878173828125,79.4892807006836,122.56879425048828,,39.40925979614258,65.31591796875,127.91788482666016,11.353042602539062,50.58760452270508,86.80790710449219,108.98479461669922,2906.27001953125
2019-09-04,4.187341690063477,298.1099853515625,114.707275390625,78.90065002441406,81.19578552246094,123.83334350585938,,40.855621337890625,66.436767578125,129.41293334960938,11.348241806030273,51.32685852050781,88.1100845336914,109.50666046142578,2937.780029296875
2019-09-05,4.459782600402832,302.5299987792969,118.38088989257812,82.81930541992188,84.20833587646484,126.23764038085938,,43.02516555786133,67.57376861572266,131.68844604492188,11.569015502929688,51.56755065917969,89.80380249023438,109.5508804321289,2976.0
2019-09-06,4.432736873626709,302.6400146484375,119.56991577148438,83.10050201416016,85.10446166992188,125.68024444580078,,43.208038330078125,67.79147338867188,130.79519653320312,11.758594512939453,51.85121154785156,90.10430908203125,110.0462417602539,2978.7099609375
2019-09-09,4.478641033172607,290.54998779296875,122.33843231201172,85.09497833251953,85.58113098144531,126.78668975830078,,45.53551483154297,65.96907806396484,129.3094940185547,11.751391410827637,51.83401870727539,89.18460083007812,110.24969482421875,2978.429931640625
2019-09-10,4.545137882232666,286.260009765625,128.3369140625,86.72044372558594,84.27507019042969,131.46218872070312,,45.31108474731445,65.10626983642578,127.95552062988281,11.89057731628418,50.974422454833984,89.47599792480469,109.46244812011719,2979.389892578125
2019-09-11,4.573671817779541,285.79998779296875,129.1710205078125,88.17896270751953,83.9890365600586,134.43215942382812,,46.732505798339844,65.51749420166016,127.99310302734375,12.212138175964355,50.75092315673828,90.99671173095703,110.07278442382812,3000.929931640625
2019-09-12,4.572183132171631,288.95001220703125,129.88978576660156,88.37227630615234,85.6288070678711,135.48875427246094,,46.8488883972168,65.87232971191406,129.3094940185547,12.322524070739746,51.51597213745117,91.36095428466797,111.09884643554688,3009.570068359375
2019-09-13,4.514369487762451,292.1199951171875,130.82147216796875,89.84835052490234,86.60271453857422,135.1476287841797,,47.023441314697266,65.81587982177734,129.12147521972656,12.416116714477539,51.85121154785156,93.3514175415039,110.56813049316406,3007.389892578125
2019-09-16,4.471445083618164,297.8599853515625,130.82147216796875,90.63031005859375,86.7554931640625,134.81483459472656,,47.24787521362305,65.36429595947266,128.19053649902344,12.51929759979248,51.60193634033203,93.25096130371094,111.09884643554688,2997.9599609375
2019-09-17,4.492783069610596,297.260009765625,129.6324462890625,87.02796173095703,86.30673217773438,131.31239318847656,,46.99850845336914,66.5658187866211,129.18727111816406,12.476104736328125,52.203643798828125,92.73053741455078,112.36375427246094,3005.699951171875
2019-09-18,4.4657368659973145,295.1400146484375,130.9191131591797,86.57984161376953,85.95343017578125,129.1077880859375,,45.66020584106445,66.74320220947266,130.24977111816406,12.406515121459961,52.2810173034668,93.41532135009766,112.77950286865234,3006.72998046875
2019-09-19,4.390307426452637,291.8999938964844,130.69725036621094,84.21636199951172,86.13484191894531,129.06625366210938,,45.24458312988281,66.52548217773438,132.64752197265625,12.420910835266113,52.12628936767578,93.25096130371094,111.65612030029297,3006.7900390625
2019-09-20,4.284854412078857,289.1000061035156,129.3573760986328,81.6859130859375,85.81974029541016,129.54042053222656,,44.97026062011719,66.55770874023438,131.11489868164062,12.51450252532959,51.95436477661133,92.73965454101562,112.0187759399414,2992.070068359375
2019-09-23,4.338202476501465,287.7200012207031,130.69725036621094,81.47503662109375,85.4092025756836,129.24090576171875,,45.32770538330078,66.28356170654297,130.83277893066406,12.488105773925781,51.739463806152344,92.36531066894531,111.3111343383789,2991.780029296875
2019-09-24,4.280884742736816,285.9100036621094,128.57647705078125,81.36083221435547,85.81974029541016,127.57701873779297,,44.02265930175781,65.85621643066406,129.17787170410156,12.092151641845703,52.048927307128906,92.75792694091797,111.99224090576172,2966.60009765625
2019-09-25,4.422316074371338,291.57000732421875,129.08229064941406,82.60846710205078,86.42130279541016,129.44056701660156,,44.729217529296875,66.33195495605469,131.0396270751953,12.413713455200195,51.87700653076172,92.99530792236328,112.07184600830078,2984.8701171875
2019-09-26,4.400232791900635,292.70001220703125,129.65902709960938,82.42967224121094,86.09666442871094,128.8831787109375,,44.62946701049805,66.58192443847656,131.20892333984375,12.360919952392578,52.100494384765625,93.73489379882812,112.16028594970703,2977.6201171875
2019-09-27,4.26177978515625,288.0,130.9191131591797,83.41214752197266,87.24244689941406,129.23255920410156,,44.81233596801758,65.7352294921875,129.50698852539062,12.812067031860352,51.96296310424805,93.58882141113281,110.98387145996094,2961.7900390625
2019-09-30,4.319096565246582,286.7799987792969,130.5286407470703,84.50080871582031,87.67213439941406,130.23092651367188,,43.64859390258789,66.74320220947266,130.72935485839844,12.905654907226562,52.100494384765625,94.63882446289062,111.2934341430664,2976.739990234375
2019-10-01,4.317359924316406,283.0199890136719,124.88512420654297,81.0223617553711,84.7885513305664,128.76669311523438,,43.21634292602539,66.0335922241211,128.8863525390625,11.691401481628418,51.10335922241211,92.31051635742188,109.51551055908203,2940.25
2019-10-02,4.293539524078369,279.3800048828125,120.0934829711914,79.19905090332031,82.4014892578125,127.11115264892578,,42.709285736083984,67.21087646484375,126.61084747314453,11.353042602539062,49.9171142578125,91.52528381347656,107.94103240966797,2887.610107421875
2019-10-03,4.4987382888793945,281.29998779296875,119.94259643554688,81.4029541015625,83.44224548339844,126.54541015625,,43.14561080932617,66.57384490966797,128.14352416992188,11.252251625061035,50.03744125366211,92.31051635742188,109.41820526123047,2910.6298828125
2019-10-04,4.515115261077881,289.7200012207031,120.84768676757812,80.94270324707031,84.81719207763672,129.3240966796875,,43.68263244628906,68.01726531982422,129.87368774414062,11.420231819152832,51.154945373535156,94.3375015258789,112.1514663696289,2952.010009765625
2019-10-07,4.573671817779541,284.5899963378906,119.55216217041016,81.04005432128906,84.02471160888672,128.51708984375,,43.65745544433594,66.87220001220703,128.9333953857422,11.420231819152832,50.66496276855469,93.6618423461914,110.88654327392578,2938.7900390625
2019-10-08,4.397503852844238,279.8500061035156,114.6540298461914,79.64160919189453,82.09595489501953,126.36238861083984,,42.42400360107422,66.18679809570312,127.5699691772461,11.420231819152832,49.70220184326172,93.43359375,109.08207702636719,2893.06005859375
2019-10-09,4.483850479125977,282.6400146484375,117.29830932617188,79.90711975097656,83.00302124023438,126.3208236694336,,43.1036491394043,67.00928497314453,129.9865264892578,10.906693458557129,49.92570495605469,92.25572204589844,110.39122009277344,2919.39990234375
2019-10-10,4.541414260864258,288.44000244140625,118.91328430175781,79.67699432373047,83.97693634033203,127.41064453125,,41.76953125,67.68663024902344,130.79519653320312,11.353042602539062,50.16640090942383,91.9452896118164,111.0457763671875,2938.1298828125
2019-10-11,4.6148600578308105,291.2900085449219,122.69341278076172,82.95189666748047,84.51166534423828,130.16436767578125,,43.2043571472168,68.24302673339844,131.3404998779297,11.499423027038574,50.40708923339844,92.63922882080078,111.25804901123047,2970.27001953125
2019-10-14,4.628259658813477,290.6499938964844,123.18145751953125,81.82780456542969,84.36843872070312,131.40396118164062,,43.80009460449219,68.29947662353516,131.2183074951172,11.288247108459473,50.8626708984375,91.71703338623047,111.19615173339844,2966.14990234375
2019-10-15,4.87241268157959,295.9200134277344,124.4237289428711,82.50933837890625,85.03679656982422,131.6951141357422,,44.50493240356445,68.42852020263672,133.11770629882812,11.384237289428711,51.13774871826172,92.94052124023438,110.97500610351562,2995.679931640625
2019-10-16,4.818817615509033,294.8299865722656,124.0244140625,83.48294067382812,84.5403060913086,131.47048950195312,,44.65597152709961,68.33977508544922,132.02699279785156,11.062677383422852,50.630592346191406,94.41968536376953,110.9661636352539,2989.68994140625
2019-10-17,4.820804595947266,293.8800048828125,124.66331481933594,84.15563201904297,84.51166534423828,129.49884033203125,,45.32722091674805,68.32366180419922,131.34996032714844,10.981085777282715,50.39848709106445,95.07710266113281,111.39960479736328,2997.949951171875
2019-10-18,4.726515293121338,291.8299865722656,126.003173828125,84.05826568603516,84.35887908935547,131.0461883544922,,44.882511138916016,67.93661499023438,129.2061004638672,10.798707962036133,50.7165412902832,94.9127426147461,111.16075897216797,2986.199951171875
2019-10-21,4.863480567932129,292.20001220703125,128.0441131591797,85.38594055175781,84.24430847167969,132.57693481445312,,45.78871154785156,68.2833480834961,130.16517639160156,10.841900825500488,51.36983871459961,95.89884948730469,112.83255004882812,3006.719970703125
2019-10-22,4.853557109832764,286.2799987792969,126.40248107910156,87.27119445800781,84.38751983642578,135.30567932128906,,46.300567626953125,67.1463623046875,128.22816467285156,11.019477844238281,49.42714309692383,96.09973907470703,111.66496276855469,2995.989990234375
2019-10-23,4.840652942657471,291.42999267578125,127.30757141113281,85.9700927734375,84.97952270507812,137.21078491210938,,46.997005462646484,67.79147338867188,129.04624938964844,10.8587007522583,49.74518966674805,95.29621124267578,111.92147064208984,3004.52001953125
2019-10-24,4.884571552276611,296.239990234375,132.77365112304688,85.96121978759766,85.09408569335938,137.7266082763672,,46.5271110534668,68.29947662353516,131.5850372314453,10.947487831115723,49.41853713989258,103.77857971191406,111.7711181640625,3010.2900390625
2019-10-25,5.075130462646484,298.8800048828125,132.61392211914062,87.43933868408203,85.89612579345703,138.6334228515625,,46.997005462646484,68.16239929199219,132.32786560058594,11.163463592529297,48.825408935546875,103.4772720336914,111.07230377197266,3022.550048828125
2019-10-28,5.1309590339660645,302.04998779296875,135.5954132080078,86.49230194091797,86.3162612915039,138.3755645751953,,46.87114334106445,68.07369232177734,135.58131408691406,11.44422721862793,48.53314208984375,105.29425048828125,110.84233093261719,3039.419921875
2019-10-29,5.034934997558594,298.5899963378906,136.38510131835938,85.05842590332031,87.49070739746094,137.85140991210938,,46.54390335083008,68.17853546142578,134.30247497558594,11.535421371459961,48.83402633666992,105.39469146728516,111.78880310058594,3036.889892578125
2019-10-30,5.036919116973877,300.0299987792969,134.87664794921875,85.50096893310547,87.18517303466797,137.16090393066406,,47.299068450927734,68.25914764404297,135.97618103027344,11.590611457824707,48.94575500488281,106.38079833984375,111.33767700195312,3046.77001953125
2019-10-31,4.987791538238525,294.2200012207031,133.89170837402344,85.02304077148438,87.50979614257812,135.3306884765625,,46.88792037963867,67.94236755371094,134.81028747558594,11.415435791015625,49.06610107421875,105.95164489746094,111.51460266113281,3037.56005859375
2019-11-01,5.026747703552246,294.3399963378906,136.54415893554688,86.73128509521484,89.9446029663086,138.8247528076172,,47.90320587158203,68.14544677734375,135.13929748535156,11.276248931884766,49.44432067871094,107.91474151611328,112.95639038085938,3066.909912109375
2019-11-04,5.223012924194336,293.0400085449219,138.73223876953125,87.66060638427734,91.30046844482422,140.18917846679688,,48.59965133666992,67.79615783691406,135.91983032226562,11.144264221191406,49.45292663574219,107.85994720458984,112.00993347167969,3078.27001953125
2019-11-05,5.200928211212158,291.7300109863281,141.3668212890625,90.33365631103516,91.90199279785156,139.82313537597656,,49.9505729675293,67.0894546508789,135.83517456054688,11.115468978881836,51.911380767822266,106.91950225830078,111.61188507080078,3074.6201171875
2019-11-06,5.151800155639648,294.07000732421875,140.9917449951172,89.28923034667969,92.01658630371094,138.77484130859375,,48.56608200073242,67.14629364013672,135.4590606689453,11.026679992675781,52.504520416259766,106.4447021484375,112.82371520996094,3076.780029296875
2019-11-07,5.169416904449463,296.5799865722656,140.8756561279297,102.37989807128906,91.8542709350586,138.907958984375,,49.455509185791016,67.32498931884766,135.6470947265625,11.170661926269531,52.43574142456055,105.24861145019531,112.76179504394531,3085.179931640625
2019-11-08,5.155522346496582,293.45001220703125,141.5901336669922,100.69819641113281,92.17890930175781,138.88299560546875,,49.84987258911133,67.62554168701172,137.24560546875,11.269050598144531,52.51311111450195,105.59556579589844,115.05278015136719,3093.080078125
2019-11-11,5.16544771194458,291.0,141.44725036621094,100.91063690185547,92.00703430175781,139.7232666015625,,50.2358512878418,67.28439331054688,137.38668823242188,11.014681816101074,52.736610412597656,105.60469818115234,114.17707824707031,3087.010009765625
2019-11-12,5.200928211212158,290.7300109863281,141.91165161132812,98.56509399414062,91.90199279785156,140.54685974121094,,50.46240997314453,67.45496368408203,138.289306640625,11.103468894958496,52.994476318359375,104.72813415527344,115.53040313720703,3091.840087890625
2019-11-13,5.175124645233154,291.010009765625,141.45614624023438,97.94554138183594,91.7110595703125,136.69503784179688,,50.40366744995117,67.85299682617188,138.5149688720703,11.163463592529297,52.85696029663086,106.57254028320312,116.14076232910156,3094.0400390625
2019-11-14,5.205395698547363,293.4100036621094,142.28672790527344,98.59166717529297,92.61814880371094,136.88633728027344,,52.006317138671875,68.61659240722656,139.22019958496094,11.187461853027344,52.96870040893555,107.00166320800781,116.77763366699219,3096.6298828125
2019-11-15,5.066446304321289,297.3399963378906,143.04583740234375,99.67149353027344,93.73529815673828,136.16258239746094,,52.753108978271484,68.80340576171875,141.01622009277344,11.158665657043457,53.29536056518555,108.76387023925781,116.83954620361328,3120.4599609375
2019-11-18,5.267179012298584,298.489990234375,141.3400421142578,100.3353042602539,92.96184539794922,134.81483459472656,,53.273338317871094,69.09586334228516,141.36410522460938,11.024280548095703,53.32113265991211,108.1156234741211,117.35257720947266,3122.030029296875
2019-11-19,5.160734176635742,301.9200134277344,142.00985717773438,97.77738189697266,94.69965362548828,135.18336486816406,,52.77828598022461,69.6888427734375,141.41110229492188,11.249853134155273,53.42428970336914,108.8460693359375,117.00760650634766,3120.179931640625
2019-11-20,5.239885330200195,301.0,141.44725036621094,94.62640380859375,94.04083251953125,132.90533447265625,,51.553226470947266,69.65635681152344,141.1658477783203,11.336243629455566,53.209388732910156,107.28472900390625,117.16683959960938,3108.4599609375
2019-11-21,5.215073585510254,295.2699890136719,141.1525115966797,91.79405212402344,93.44883728027344,132.31068420410156,,50.93229293823242,69.0146255493164,141.03372192382812,11.2378568649292,52.977291107177734,108.216064453125,117.01646423339844,3103.5400390625
2019-11-22,5.232688903808594,295.17999267578125,142.6885986328125,95.24598693847656,93.47747039794922,133.0728759765625,,51.377010345458984,68.75467681884766,141.13748168945312,11.504220962524414,52.94292068481445,108.69998931884766,117.15866088867188,3110.2900390625
2019-11-25,5.488754749298096,299.5199890136719,144.48373413085938,96.4143295288086,94.2508544921875,136.06275939941406,,52.56851577758789,68.93341064453125,142.6848602294922,11.852179527282715,53.166404724121094,109.3938980102539,117.54085540771484,3133.639892578125
2019-11-26,5.384294509887695,307.4200134277344,143.80496215820312,96.04257202148438,94.77604675292969,136.4312744140625,,50.77287292480469,69.95689392089844,143.4396514892578,11.744192123413086,53.802513122558594,111.53960418701172,118.69627380371094,3140.52001953125
2019-11-27,5.419055938720703,306.8800048828125,145.92160034179688,96.2195816040039,94.99564361572266,135.9957733154297,,50.80643081665039,70.2574691772461,143.71328735351562,11.840376853942871,53.74235534667969,110.99176788330078,118.47406005859375,3153.6298828125
2019-11-29,5.381810665130615,306.9200134277344,146.35025024414062,95.00699615478516,94.5373306274414,134.38775634765625,,50.839996337890625,69.95689392089844,142.82643127441406,11.64319896697998,53.43138885498047,109.59477233886719,118.09185791015625,3140.97998046875
2019-12-02,5.195829391479492,308.4200134277344,145.1803436279297,94.5467300415039,93.13372802734375,132.18508911132812,,49.85826873779297,68.80340576171875,141.09979248046875,11.260866165161133,53.07725143432617,109.89608764648438,117.06089782714844,3113.8701171875
2019-12-03,5.156347751617432,305.8800048828125,142.8761749267578,93.42266082763672,92.49398803710938,131.1298065185547,,49.1534538269043,68.62471771240234,140.8733367919922,11.118993759155273,52.083946228027344,109.73173522949219,114.20791625976562,3093.199951171875
2019-12-04,5.20004940032959,306.2099914550781,144.71591186523438,96.201904296875,92.33168029785156,133.30734252929688,,49.79114532470703,68.689697265625,141.38284301757812,11.359453201293945,52.51580810546875,111.20176696777344,114.7411880493164,3112.760009765625
2019-12-05,5.183163642883301,303.17999267578125,145.37680053710938,99.18467712402344,93.40264892578125,135.8366241455078,,50.412071228027344,68.57596588134766,141.4583282470703,11.438807487487793,52.27397537231445,111.66742706298828,115.90547180175781,3117.429931640625
2019-12-06,5.268333435058594,307.7799987792969,147.27015686035156,98.8394775390625,94.23455047607422,138.16494750976562,,51.209205627441406,69.1527099609375,143.17544555664062,11.349836349487305,52.55037307739258,112.29743194580078,116.94537353515625,3145.909912109375
2019-12-09,5.268333435058594,302.6199951171875,147.19873046875,100.23796844482422,94.02417755126953,138.809814453125,,50.789642333984375,68.79531860351562,142.80751037597656,11.126203536987305,52.723121643066406,113.30177307128906,116.36764526367188,3135.9599609375
2019-12-10,5.3132781982421875,302.5400085449219,147.5469970703125,100.90180206298828,93.78512573242188,138.32403564453125,,50.64701461791992,68.6490707397461,142.59048461914062,11.171893119812012,52.83540725708008,113.30177307128906,115.57661437988281,3132.52001953125
2019-12-11,5.396707057952881,303.05999755859375,146.9218292236328,98.80408477783203,94.3492660522461,140.43458557128906,,50.89873123168945,68.4541015625,143.12828063964844,11.241625785827637,52.619468688964844,114.7627182006836,115.78104400634766,3141.6298828125
2019-12-12,5.56381893157959,301.5199890136719,150.42274475097656,102.45072937011719,94.95169830322266,142.72940063476562,,52.63563537597656,68.8359146118164,144.5812530517578,11.563847541809082,52.930416107177734,113.64877319335938,115.9321517944336,3168.570068359375
2019-12-13,5.561833381652832,304.7200012207031,149.53855895996094,103.48627471923828,94.24408721923828,142.6958465576172,,53.06356430053711,69.11210632324219,145.79835510253906,11.26807689666748,52.749027252197266,112.31568908691406,115.6744155883789,3168.800048828125
2019-12-16,5.590636253356934,307.6099853515625,149.53855895996094,104.18553161621094,94.9134292602539,143.3323974609375,,53.31529235839844,68.9739990234375,146.74188232421875,11.21517562866211,52.740394592285156,111.32743835449219,115.91437530517578,3191.449951171875
2019-12-17,5.668604850769043,303.6199951171875,149.44927978515625,103.96424102783203,94.85607147216797,143.9270477294922,,53.248165130615234,69.21770477294922,145.9493408203125,11.282505989074707,52.593570709228516,113.03861236572266,117.03422546386719,3192.52001953125
2019-12-18,5.698899745941162,296.7900085449219,149.3778533935547,105.30960845947266,94.62657165527344,143.73439025878906,,52.83701705932617,68.86029052734375,145.64743041992188,11.299337387084961,52.610836029052734,113.11180114746094,117.0253677368164,3191.139892578125
2019-12-19,5.846640110015869,288.8699951171875,149.39569091796875,104.02621459960938,95.20030212402344,140.4932098388672,,53.05518341064453,69.04710388183594,146.91172790527344,11.395523071289062,52.49854278564453,113.17584991455078,116.96312713623047,3205.3701171875
2019-12-20,5.943728923797607,290.29998779296875,150.1190948486328,104.8227767944336,95.41069030761719,142.109619140625,,52.08184814453125,69.47763061523438,148.51564025878906,11.373883247375488,52.610836029052734,113.65170288085938,116.66094970703125,3221.219970703125
2019-12-23,5.930073261260986,284.55999755859375,149.39569091796875,104.25634002685547,95.75492858886719,142.2268829345703,,52.69437026977539,68.9739990234375,148.51564025878906,11.292123794555664,51.91120147705078,112.93792724609375,113.7102279663086,3224.010009765625
2019-12-24,5.925105094909668,285.4700012207031,149.78866577148438,104.74312591552734,95.3437271118164,141.47311401367188,,52.744712829589844,68.7627944946289,148.48731994628906,11.229606628417969,51.876651763916016,113.34972381591797,114.67896270751953,3223.3798828125
2019-12-26,5.9392595291137695,283.0,149.7529296875,105.40904998779297,95.68798065185547,142.193359375,,52.45943069458008,68.81153106689453,149.70440673828125,11.369071960449219,52.05803298950195,114.05432891845703,114.71451568603516,3239.909912109375
2019-12-27,5.881652355194092,285.82000732421875,148.88665771484375,104.52769470214844,95.5732192993164,141.7076416015625,,51.544830322265625,69.14458465576172,149.9781036376953,11.335407257080078,52.30852508544922,114.00857543945312,115.23892211914062,3240.02001953125
2019-12-30,5.768672943115234,286.260009765625,148.3150634765625,103.78877258300781,95.55411529541016,141.40609741210938,,51.62873077392578,68.95775604248047,148.68548583984375,11.198343276977539,52.420799255371094,113.57847595214844,116.25212860107422,3221.2900390625
2019-12-31,5.8426690101623535,287.7200012207031,148.77053833007812,104.35852813720703,95.3724136352539,141.87509155273438,,52.232879638671875,69.09586334228516,148.7892303466797,11.210367202758789,52.48991394042969,113.96282196044922,116.50096893310547,3230.780029296875
2020-01-02,5.957137584686279,287.739990234375,151.13720703125,105.75626373291016,96.38601684570312,141.5401153564453,,53.07847213745117,69.136474609375,151.54425048828125,11.494110107421875,52.645381927490234,114.74061584472656,117.63861846923828,3257.85009765625
2020-01-03,5.861788272857666,290.80999755859375,149.25279235839844,105.19539642333984,96.51988983154297,139.9404754638672,,52.17369079589844,68.90089416503906,149.6572723388672,11.354642868041992,52.377620697021484,113.32228088378906,118.19854736328125,3234.85009765625
2020-01-06,5.886369705200195,289.19000244140625,149.7440185546875,106.66435241699219,96.62505340576172,138.9103240966797,,52.046844482421875,68.89276123046875,150.04409790039062,11.405139923095703,52.239418029785156,113.11180114746094,118.30517578125,3246.280029296875
2020-01-07,5.957634925842285,291.75,147.93997192382812,107.12730407714844,97.17967224121094,138.01412963867188,,52.38507080078125,68.51097869873047,148.67605590820312,11.342620849609375,51.772987365722656,111.75750732421875,117.50529479980469,3237.179931640625
2020-01-08,5.968807697296143,297.0199890136719,149.2706756591797,106.83351135253906,97.39961242675781,139.5384521484375,,53.39134979248047,69.18521881103516,151.0442352294922,11.561439514160156,52.04939270019531,112.23333740234375,117.94970703125,3253.050048828125
2020-01-09,6.034360885620117,298.510009765625,150.81568908691406,104.99061584472656,96.92149353027344,139.58035278320312,,53.66194152832031,69.65635681152344,152.9312286376953,11.688887596130371,52.36034393310547,112.43465423583984,119.66504669189453,3274.699951171875
2020-01-10,6.066640377044678,292.3999938964844,151.07467651367188,105.01734161376953,96.34776306152344,139.4882049560547,,53.38288879394531,69.26644134521484,152.2236328125,11.667245864868164,51.617523193359375,112.94710540771484,117.7096939086914,3265.35009765625
2020-01-13,6.2568440437316895,299.3999938964844,151.583740234375,106.69995880126953,96.4146957397461,140.26710510253906,,54.21158981323242,70.07063293457031,154.05397033691406,11.79228401184082,51.392940521240234,114.06349182128906,117.73637390136719,3288.1298828125
2020-01-14,6.140139579772949,296.17999267578125,150.41384887695312,106.37945556640625,96.42424774169922,141.09625244140625,,53.93252944946289,70.3630599975586,152.96893310546875,11.79228401184082,51.617523193359375,114.1275405883789,115.54107666015625,3283.14990234375
2020-01-15,6.09768009185791,303.0799865722656,150.2976837158203,105.36454010009766,96.25212860107422,140.0074462890625,,54.27923583984375,70.97230529785156,153.95960998535156,11.676865577697754,51.47932052612305,114.67657470703125,116.18988800048828,3289.2900390625
2020-01-16,6.181110382080078,308.9700012207031,153.56642150878906,107.10948944091797,95.802734375,141.2637481689453,,55.28549575805664,71.45968627929688,156.78065490722656,11.972633361816406,52.05803298950195,117.59564208984375,116.93647766113281,3316.81005859375
2020-01-17,6.18980073928833,310.0400085449219,153.99505615234375,108.7031021118164,97.32308959960938,142.37762451171875,,52.78252029418945,71.67903137207031,157.65811157226562,12.05920124053955,52.878597259521484,117.17471313476562,118.89176940917969,3329.6201171875
2020-01-21,6.156528949737549,310.9800109863281,152.04815673828125,105.95213317871094,96.82588195800781,141.38096618652344,,51.20969772338867,72.0120849609375,157.09202575683594,12.222712516784668,52.24806594848633,116.34198760986328,116.90089416503906,3320.7900390625
2020-01-22,6.210410118103027,318.29998779296875,152.843017578125,104.40303802490234,95.87918090820312,140.4094696044922,,51.13358688354492,72.83253479003906,156.33721923828125,11.828353881835938,51.73844528198242,118.45582580566406,116.68759155273438,3321.75
2020-01-23,6.278695106506348,316.70001220703125,153.057373046875,105.07076263427734,96.36687469482422,141.0710906982422,,51.21815490722656,72.82440185546875,157.299560546875,11.59991455078125,50.79696273803711,118.77608489990234,115.83439636230469,3325.5400390625
2020-01-24,6.219598770141602,320.6300048828125,149.6546630859375,103.4771728515625,95.20984649658203,139.00242614746094,,50.57548522949219,72.22328186035156,155.71449279785156,11.458044052124023,50.94379425048828,117.12896728515625,114.81227111816406,3295.469970703125
2020-01-27,5.964338779449463,313.25,145.03744506835938,100.56594848632812,93.49823760986328,136.4312744140625,,49.18024826049805,71.24850463867188,153.11048889160156,11.28972053527832,50.175071716308594,116.82697296142578,113.76353454589844,3243.6298828125
2020-01-28,6.157273769378662,317.45001220703125,147.46661376953125,100.29887390136719,94.98036193847656,138.0225372314453,,48.13169479370117,72.02021026611328,156.1107940673828,11.28972053527832,50.68468475341797,118.44666290283203,115.08779907226562,3276.239990234375
2020-01-29,6.096934795379639,319.54998779296875,148.28829956054688,100.77071380615234,95.26725769042969,138.1313934326172,,46.96477508544922,70.99669647216797,158.54502868652344,11.530182838439941,50.54648208618164,119.70945739746094,115.69215393066406,3273.39990234375
2020-01-30,6.103638648986816,321.17999267578125,152.28036499023438,103.49495697021484,94.98036193847656,136.79978942871094,,46.38130187988281,71.45157623291016,163.01715087890625,11.681673049926758,51.41022491455078,119.56305694580078,116.88314819335938,3283.659912109375
2020-01-31,5.870728015899658,315.2300109863281,147.7256317138672,101.04669952392578,92.8958511352539,133.69261169433594,,45.155189514160156,70.16716766357422,160.61122131347656,11.301743507385254,51.20292282104492,118.33686828613281,116.03880310058594,3225.52001953125
2020-02-03,5.967566967010498,319.0799865722656,149.5564727783203,100.83301544189453,93.4408950805664,135.5267791748047,,45.69636917114258,70.81346130371094,164.52674865722656,12.304471015930176,51.94574737548828,120.95394897460938,117.9852066040039,3248.919921875
2020-02-04,6.136415958404541,323.92999267578125,154.7542266845703,110.10973358154297,94.77000427246094,136.19676208496094,,47.25227355957031,72.2205810546875,169.94239807128906,12.831084251403809,49.85547637939453,123.7632064819336,119.380615234375,3297.590087890625
2020-02-05,6.226550102233887,326.8699951171875,157.23703002929688,109.06812286376953,95.64973449707031,137.13475036621094,,48.87582778930664,72.01605224609375,169.73487854003906,12.5377197265625,51.31521224975586,121.96055603027344,121.61145782470703,3334.68994140625
2020-02-06,6.313209056854248,328.8500061035156,157.10304260253906,108.09768676757812,94.35884094238281,134.05270385742188,,49.17179870605469,72.35962677001953,173.25411987304688,12.439128875732422,51.49658966064453,121.1644058227539,121.13152313232422,3345.780029296875
2020-02-07,6.247161388397217,306.760009765625,156.57614135742188,107.33206939697266,93.99547576904297,130.4346923828125,,48.48685836791992,71.97515869140625,173.4993896484375,12.443940162658691,51.66071319580078,122.65594482421875,121.1937255859375,3327.7099609375
2020-02-10,6.5297346115112305,313.67999267578125,156.97802734375,107.41217803955078,94.28233337402344,130.31739807128906,,49.09569549560547,72.39237976074219,178.03759765625,12.852726936340332,50.96107482910156,124.79725646972656,121.86029815673828,3352.090087890625
2020-02-11,6.651901721954346,315.75,158.63917541503906,107.1629409790039,95.76448059082031,130.2504119873047,,49.958213806152344,71.82791900634766,174.01834106445312,13.283154487609863,51.375675201416016,126.17901611328125,124.08224487304688,3357.75
2020-02-12,6.767364025115967,316.3800048828125,159.54116821289062,110.11861419677734,97.31353759765625,131.4899444580078,,51.42954635620117,71.96697998046875,174.27308654785156,13.27353572845459,50.87470626831055,126.80123901367188,121.48702239990234,3379.449951171875
2020-02-13,6.723663806915283,317.5799865722656,160.19668579101562,109.48653411865234,96.99800109863281,130.09963989257812,,46.66035461425781,72.48236846923828,173.32958984375,13.290367126464844,51.16838073730469,125.20905303955078,124.73102569580078,3373.93994140625
2020-02-14,7.1956939697265625,318.42999267578125,160.57383728027344,108.47160339355469,96.90235137939453,130.87014770507812,,45.865478515625,72.98139953613281,174.87693786621094,13.259108543395996,51.04744338989258,127.1032485961914,126.66859436035156,3380.159912109375
2020-02-18,7.364046096801758,320.57000732421875,159.1999053955078,107.37657928466797,96.07044219970703,131.94215393066406,,45.1805534362793,73.1041259765625,176.65065002441406,13.182160377502441,50.555110931396484,122.94881439208984,126.0286636352539,3370.2900390625
2020-02-19,7.814227104187012,321.1099853515625,160.77137756347656,106.65544891357422,95.78359985351562,132.32742309570312,,44.99451446533203,73.71768188476562,177.18048095703125,13.434645652770996,50.175071716308594,120.02057647705078,125.03323364257812,3386.14990234375
2020-02-20,7.665243148803711,317.3900146484375,161.38198852539062,108.48944091796875,96.14695739746094,133.96055603027344,,45.41730880737305,73.81585693359375,174.4747314453125,13.706368446350098,50.16643142700195,118.82184600830078,125.82424926757812,3373.22998046875
2020-02-21,7.301969528198242,308.9200134277344,157.52972412109375,104.57218933105469,94.98994445800781,134.97244262695312,,43.97133255004883,72.85049438476562,168.9591064453125,13.235060691833496,50.14051818847656,117.65969848632812,125.0743637084961,3337.75
2020-02-24,6.785738945007324,298.4200134277344,147.68807983398438,97.58349609375,91.18421173095703,134.1545867919922,,42.364688873291016,71.34523010253906,161.67434692382812,12.972954750061035,48.87944030761719,116.16814422607422,122.52108001708984,3225.889892578125
2020-02-25,6.50689172744751,288.3800048828125,140.288818359375,91.48509979248047,87.73229217529297,129.5421905517578,,41.265403747558594,68.40011596679688,159.00643920898438,12.571383476257324,47.73929977416992,113.46867370605469,119.50357055664062,3128.2099609375
2020-02-26,6.645941734313965,284.20001220703125,140.08230590820312,90.43458557128906,87.12035369873047,126.01757049560547,,40.99480438232422,67.31207275390625,160.99317932128906,12.999407768249512,47.031028747558594,113.15756225585938,118.29833984375,3116.389892578125
2020-02-27,6.275990962982178,265.6700134277344,131.26431274414062,90.46128845214844,83.53453826904297,123.96012878417969,,39.63340377807617,64.54693603515625,149.64981079101562,12.440500259399414,44.88029861450195,108.14298248291016,113.2811050415039,2978.760009765625
2020-02-28,6.710043907165527,265.7900085449219,126.88220977783203,93.93335723876953,82.23410034179688,122.05448913574219,,39.506553649902344,63.385250091552734,153.2732391357422,12.310410499572754,43.41572189331055,105.223876953125,107.6567611694336,2954.219970703125
2020-03-02,6.868060111999512,282.0400085449219,135.466796875,95.8029556274414,86.07807159423828,125.39360046386719,,40.22532272338867,67.1484603881836,163.47190856933594,13.064451217651367,46.17103958129883,110.59538269042969,114.17386627197266,3090.22998046875
2020-03-03,6.606189250946045,266.4100036621094,126.21772766113281,94.7524185180664,83.49627685546875,121.54010772705078,,38.82161331176758,64.67781066894531,155.63844299316406,12.445318222045898,44.83248519897461,109.20447540283203,110.03148651123047,3003.3701171875
2020-03-04,7.068813800811768,268.25,129.71983337402344,98.41148376464844,87.02470397949219,126.10192108154297,,39.18521499633789,67.39386749267578,161.3527374267578,12.187548637390137,46.84899139404297,113.78894805908203,113.24537658691406,3130.1201171875
2020-03-05,6.790046215057373,252.72000122070312,120.78504943847656,96.3193130493164,85.16967010498047,119.33936309814453,,37.14731979370117,64.89054107666016,157.3035125732422,11.619003295898438,44.93678665161133,112.23333740234375,107.84425354003906,3023.93994140625
2020-03-06,6.6099162101745605,249.16000366210938,113.68216705322266,94.16482543945312,84.64372253417969,119.54170989990234,,37.20651626586914,63.40163040161133,152.85696411132812,11.563594818115234,44.29359436035156,109.62538146972656,106.85330200195312,2972.3701171875
2020-03-09,6.098097801208496,222.58999633789062,97.99474334716797,84.56761932373047,72.92062377929688,111.25298309326172,,33.705718994140625,59.27847671508789,142.49742126464844,10.578282356262207,40.52133560180664,105.2330551147461,97.35443878173828,2746.56005859375
2020-03-10,6.486681938171387,237.6699981689453,107.10908508300781,88.05752563476562,78.65788269042969,118.36968231201172,,36.77526092529297,62.755348205566406,152.24205017089844,11.240778923034668,41.9815673828125,108.33514404296875,101.67534637451172,2882.22998046875
2020-03-11,6.123688220977783,222.47000122070312,99.47640228271484,80.72161865234375,73.86724853515625,109.1618423461914,,34.20463562011719,61.0946159362793,145.3451690673828,10.758963584899902,39.22626495361328,105.03173828125,96.75627899169922,2741.3798828125
2020-03-12,5.3743462562561035,214.42999267578125,82.98977661132812,70.92855072021484,64.71409606933594,100.1900863647461,,30.365591049194336,54.36995315551758,131.56088256835938,9.980830192565918,34.92378616333008,94.60908508300781,86.24861907958984,2480.639892578125
2020-03-13,5.983807563781738,235.4600067138672,101.77518463134766,74.48965454101562,71.49990844726562,106.4298324584961,,34.500587463378906,58.542179107666016,150.2647247314453,10.628870964050293,36.95768356323242,102.31398010253906,93.31919860839844,2711.02001953125
2020-03-16,4.879670143127441,210.91000366210938,77.53018188476562,63.74399185180664,59.941070556640625,98.21697998046875,,33.86637878417969,47.138092041015625,128.11715698242188,9.61464786529541,29.11764907836914,89.66812133789062,74.9017562866211,2386.1298828125
2020-03-17,5.398195743560791,224.33999633789062,87.9465560913086,65.44441986083984,63.161441802978516,105.77213287353516,,35.59986877441406,49.73141098022461,138.6658477783203,10.277144432067871,28.95250701904297,94.15567016601562,82.57943725585938,2529.18994140625
2020-03-18,5.039178848266602,200.50999450683594,84.32772827148438,65.515625,62.92182922363281,93.61304473876953,,35.76054382324219,51.78480911254883,132.82861328125,9.21233081817627,22.816072463989258,88.7228775024414,71.78605651855469,2398.10009765625
2020-03-19,5.291362285614014,193.3000030517578,85.69266510009766,62.782493591308594,66.14221954345703,90.2486572265625,,32.60643768310547,47.4734992980957,135.01402282714844,9.797738075256348,29.135034561157227,86.41029357910156,74.49110412597656,2409.389892578125
2020-03-20,5.111977577209473,187.02999877929688,80.6640625,59.301509857177734,60.7365837097168,84.21128845214844,,30.644636154174805,42.515899658203125,129.94308471679688,9.13042163848877,27.179372787475586,76.02196502685547,81.2849349975586,2304.919921875
2020-03-23,5.284404277801514,171.72000122070312,74.42320251464844,58.224273681640625,55.79100799560547,80.58547973632812,,29.892047882080078,41.22332000732422,128.64697265625,8.499242782592773,26.692626953125,72.1309585571289,83.18649291992188,2237.39990234375
2020-03-24,6.191019535064697,190.42999267578125,89.8502197265625,61.84769821166992,65.11665344238281,89.87764739990234,,32.36967086791992,48.72516632080078,140.34043884277344,9.814604759216309,30.099836349487305,77.9307632446289,87.59666442871094,2447.330078125
2020-03-25,6.102569580078125,212.3300018310547,93.0290298461914,62.85371780395508,68.04949188232422,92.70238494873047,,31.870759963989258,49.15055847167969,138.99700927734375,10.477097511291504,28.86558723449707,82.08793640136719,88.95364379882812,2475.56005859375
2020-03-26,6.391274929046631,212.36000061035156,99.55720520019531,66.81668090820312,69.40091705322266,95.73795318603516,,35.89583206176758,53.71548080444336,147.69139099121094,10.387962341308594,30.369272232055664,88.8146743774414,94.05125427246094,2630.070068359375
2020-03-27,6.279222011566162,196.17999267578125,92.78658294677734,61.12574768066406,68.05908966064453,90.94007873535156,,34.01859664916992,49.224205017089844,141.62709045410156,9.978419303894043,30.534425735473633,84.07933807373047,93.4709701538086,2541.469970703125
2020-03-30,6.59873628616333,194.02000427246094,98.01270294189453,64.06563568115234,70.65646362304688,95.30790710449219,,34.43293762207031,52.70105743408203,151.5892333984375,10.166329383850098,31.151533126831055,87.19034576416016,95.81890106201172,2626.64990234375
2020-03-31,6.549292087554932,186.5399932861328,92.02330780029297,60.082889556884766,69.02710723876953,91.75798034667969,,35.25318145751953,51.473934173583984,149.2051239013672,10.400008201599121,30.630033493041992,84.4464340209961,92.92637634277344,2584.590087890625
2020-04-01,6.039212703704834,173.22000122070312,84.68693542480469,59.05796432495117,66.9089584350586,87.91297912597656,,33.83256149291992,49.58415985107422,143.90713500976562,10.419279098510742,29.0828800201416,77.6279296875,91.16767883300781,2470.5
2020-04-02,6.3472981452941895,181.52000427246094,84.45347595214844,59.30970764160156,68.1357421875,84.97859191894531,,33.832557678222656,49.92774963378906,146.8872528076172,10.705961227416992,28.917739868164062,77.47193908691406,89.32862091064453,2526.89990234375
2020-04-03,6.060083866119385,184.77999877929688,81.10407257080078,54.841468811035156,68.32746124267578,80.54330444335938,,31.958208084106445,48.71696853637695,145.53436279296875,10.284375190734863,27.94424819946289,77.12319946289062,88.15910339355469,2488.64990234375
2020-04-06,6.668551445007324,206.08999633789062,92.11310577392578,61.674171447753906,72.29541015625,89.43073272705078,,33.8924674987793,53.41279602050781,156.357421875,10.901098251342773,29.508787155151367,86.71314239501953,92.78353118896484,2663.679931640625
2020-04-07,6.435748100280762,210.36000061035156,92.92127990722656,66.34019470214844,72.64045715332031,92.60962677001953,,34.00373840332031,53.02830123901367,154.67343139648438,10.590324401855469,32.090248107910156,85.11634826660156,92.92637634277344,2659.409912109375
2020-04-08,6.632525444030762,220.30999755859375,100.2935562133789,68.47093200683594,74.02061462402344,98.16637420654297,,35.073570251464844,53.22462844848633,156.22499084472656,10.889054298400879,33.637393951416016,86.85997009277344,95.27432250976562,2749.97998046875
2020-04-09,6.533143997192383,224.99000549316406,108.17764282226562,72.29186248779297,74.97904968261719,102.97269439697266,,36.571346282958984,54.43540573120117,156.2344512939453,10.968551635742188,36.40140914916992,87.51152801513672,100.33621215820312,2789.820068359375
2020-04-13,6.704577445983887,218.22999572753906,103.19396209716797,68.30010986328125,73.77142333984375,96.26073455810547,,35.62989807128906,52.480186462402344,156.58445739746094,10.71800708770752,35.57569122314453,87.88778686523438,96.9259262084961,2761.6298828125
2020-04-14,7.054902076721191,221.83999633789062,102.63723754882812,68.7765884399414,74.83528900146484,97.96400451660156,,36.9222412109375,54.10816955566406,164.33282470703125,10.917962074279785,35.8364372253418,89.86083221435547,96.14030456542969,2846.06005859375
2020-04-15,6.977630138397217,211.47000122070312,93.52291870117188,62.555233001708984,72.88966369628906,92.4747314453125,,34.602848052978516,53.08555603027344,162.6109619140625,10.77823543548584,33.66347885131836,86.68562316894531,90.5338134765625,2783.360107421875
2020-04-16,7.321990489959717,209.24000549316406,91.31390380859375,61.60225296020508,72.84170532226562,93.41912078857422,,35.27041244506836,52.169315338134766,167.49267578125,10.966144561767578,32.524845123291016,86.24513244628906,89.79283905029297,2799.550048828125
2020-04-17,7.262857913970947,223.58999633789062,99.62906646728516,65.3422622680664,76.97260284423828,99.77690887451172,,36.074947357177734,55.220760345458984,168.96853637695312,11.064915657043457,34.77602767944336,89.59471130371094,94.46192169189453,2874.56005859375
2020-04-20,7.131920337677002,214.1300048828125,98.874755859375,62.555233001708984,74.51899719238281,96.68235778808594,,35.04790115356445,54.36995315551758,165.61947631835938,10.689098358154297,33.585262298583984,86.21755981445312,91.97114562988281,2823.159912109375
2020-04-21,6.696130275726318,204.3000030517578,92.89433288574219,61.42245864868164,70.83858489990234,93.20831298828125,,33.327598571777344,52.37382507324219,158.76991271972656,10.404828071594238,31.951196670532227,83.29011535644531,90.30169677734375,2736.56005859375
2020-04-22,7.109560489654541,213.69000244140625,94.2053451538086,60.2626838684082,72.73629760742188,95.9234390258789,,33.9609375,54.664466857910156,164.16256713867188,9.489372253417969,31.012460708618164,85.31824493408203,91.95330810546875,2799.31005859375
2020-04-23,7.056389331817627,218.61000061035156,93.70248413085938,61.98883819580078,72.53498840332031,95.84756469726562,,35.12492752075195,54.738101959228516,162.17579650878906,9.446013450622559,31.22977066040039,87.30044555664062,90.39098358154297,2797.800048828125
2020-04-24,7.195028305053711,222.6199951171875,96.51309967041016,61.404457092285156,73.8576889038086,97.87126159667969,,36.85377883911133,55.70343017578125,165.13699340820312,9.303875923156738,31.325374603271484,88.62195587158203,93.42633056640625,2836.739990234375
2020-04-27,7.381122589111328,232.25999450683594,100.97599792480469,67.2662124633789,75.98543548583984,105.43484497070312,,36.54567337036133,56.08794021606445,164.66395568847656,9.665239334106445,33.05504608154297,90.91618347167969,96.74738311767578,2878.47998046875
2020-04-28,7.239006519317627,235.58999633789062,101.9009017944336,70.52970123291016,77.40391540527344,106.57318115234375,,36.177650451660156,56.16974639892578,160.65264892578125,9.51828384399414,34.193668365478516,93.25631713867188,97.82759857177734,2863.389892578125
2020-04-29,7.415408611297607,247.9499969482422,105.97765350341797,72.79530334472656,80.98849487304688,114.27168273925781,,38.411476135253906,57.151451110839844,167.86163330078125,10.033829689025879,35.76690673828125,93.9354019165039,97.96148681640625,2939.510009765625
2020-04-30,7.261863708496094,241.25,103.21192932128906,66.3311996459961,80.38468170166016,109.8616943359375,,37.461456298828125,56.055198669433594,169.54566955566406,9.877236366271973,33.02028274536133,92.26521301269531,94.84581756591797,2912.429931640625
2020-05-01,7.025831699371338,232.8300018310547,99.90743255615234,65.71087646484375,77.14511108398438,104.60006713867188,,35.50151062011719,54.48448181152344,165.15594482421875,9.884465217590332,31.02115821838379,89.45706939697266,91.34622192382812,2830.7099609375
2020-05-04,7.2372660636901855,231.75,101.52375030517578,64.6140365600586,76.35921478271484,102.36555480957031,,34.7911262512207,54.950801849365234,169.1956329345703,9.778465270996094,30.76041030883789,86.96092224121094,89.27503967285156,2842.739990234375
2020-05-05,7.29813814163208,236.07000732421875,99.43150329589844,65.01863861083984,77.81604766845703,102.59323120117188,,35.261863708496094,55.3680305480957,171.0120391845703,9.698966979980469,30.56049346923828,88.7779541015625,91.14087677001953,2868.43994140625
2020-05-06,7.398761749267578,240.57000732421875,96.33354187011719,63.948753356933594,78.32402038574219,100.93209075927734,,36.46009063720703,54.909889221191406,172.6961212158203,9.67728328704834,29.143720626831055,89.92506408691406,87.41812896728516,2848.419921875
2020-05-07,7.574670314788818,248.74000549316406,109.30909729003906,63.139617919921875,79.84795379638672,103.04855346679688,,36.81098175048828,55.68708801269531,173.6989288330078,9.749557495117188,30.34320068359375,91.89810180664062,88.0162582397461,2881.18994140625
2020-05-08,7.764240741729736,240.0,112.793212890625,64.8028335571289,80.81596374511719,107.36580657958984,,38.4285888671875,54.901710510253906,174.72067260742188,9.90855884552002,31.59480857849121,93.8528060913086,88.20372772216797,2929.800048828125
2020-05-11,8.015681266784668,236.89999389648438,111.2307357788086,62.40240478515625,79.78084564208984,105.26620483398438,,37.6668586730957,54.24723815917969,176.66958618164062,9.691740989685059,30.360580444335938,93.31138610839844,87.8466567993164,2930.18994140625
2020-05-12,7.754302501678467,228.4600067138672,108.78826141357422,58.91412353515625,77.46141815185547,103.49545288085938,,36.82810592651367,52.382015228271484,172.667724609375,9.301467895507812,29.6826171875,91.51268768310547,83.11505889892578,2870.1201171875
2020-05-13,7.731941223144531,215.14999389648438,105.39399719238281,58.158931732177734,74.7298583984375,101.22723388671875,,35.48439025878906,50.647666931152344,170.0565185546875,8.94251537322998,27.874719619750977,85.95145416259766,78.3477783203125,2820.0
2020-05-14,7.980894565582275,221.52000427246094,110.09033966064453,59.219810485839844,75.47745513916016,104.46513366699219,,35.80961227416992,52.16817855834961,170.79444885253906,9.077422142028809,28.94381332397461,85.86885070800781,79.49942779541016,2852.5
2020-05-15,8.438301086425781,222.5399932861328,110.47069549560547,58.779258728027344,76.28252410888672,103.67253875732422,,36.27178955078125,52.41608810424805,173.2826385498047,8.971423149108887,28.900354385375977,85.29070281982422,81.33850860595703,2863.699951171875
2020-05-18,8.696197509765625,237.77000427246094,119.48188018798828,62.86991500854492,79.81919860839844,113.31884002685547,,38.21461486816406,54.81253433227539,174.9382781982422,9.419511795043945,30.63871955871582,87.98871612548828,87.7484359741211,2953.909912109375
2020-05-19,8.751106262207031,233.8800048828125,116.4117202758789,62.26753616333008,80.51887512207031,112.03717803955078,,38.240291595458984,54.20928955078125,173.72732543945312,9.262922286987305,29.84777069091797,86.49288940429688,87.4717025756836,2922.93994140625
2020-05-20,8.914589881896973,240.58999633789062,119.21019744873047,64.19147491455078,81.3047866821289,113.67790985107422,,39.352928161621094,56.0355339050293,176.1370391845703,9.44119644165039,30.430110931396484,89.32856750488281,90.10530090332031,2971.610107421875
2020-05-21,8.72104549407959,239.83999633789062,119.65397644042969,67.04144287109375,81.33354187011719,112.95529174804688,,38.91643142700195,55.69673538208008,174.02139282226562,9.385786056518555,32.25540542602539,86.26345825195312,90.2392349243164,2948.510009765625
2020-05-22,8.970494270324707,239.25,119.96189880371094,65.48609924316406,82.33031463623047,109.5633316040039,,38.240291595458984,55.84547424316406,174.09732055664062,9.352059364318848,32.15109634399414,86.52959442138672,91.06568908691406,2955.449951171875
2020-05-26,8.663900375366211,247.91000366210938,126.82664489746094,73.1549301147461,84.73602294921875,116.46627807617188,,38.63398742675781,57.2916145324707,172.2568359375,9.764009475708008,33.559173583984375,89.60388946533203,92.37728118896484,2991.77001953125
2020-05-27,8.472590446472168,249.9600067138672,132.4235382080078,72.7143783569336,87.87970733642578,115.79468536376953,,39.62680435180664,58.72121810913086,172.48451232910156,10.479509353637695,34.13283157348633,90.87948608398438,93.7607421875,3036.1298828125
2020-05-28,8.434575080871582,247.4499969482422,130.08700561523438,71.9052505493164,88.06180572509766,113.70338439941406,,37.78668975830078,59.56410217285156,172.09555053710938,10.325326919555664,34.09807586669922,91.68704223632812,92.9701919555664,3029.72998046875
2020-05-29,8.820673942565918,243.7899932861328,126.85384368896484,67.88654327392578,87.89888763427734,110.25191497802734,,38.120479583740234,59.729366302490234,173.85064697265625,10.226325035095215,33.55905532836914,91.49432373046875,92.15270233154297,3044.31005859375
2020-06-01,8.751851081848145,246.42999267578125,130.35870361328125,68.96540069580078,88.19600677490234,110.52399444580078,,36.519996643066406,59.456661224365234,173.45220947265625,10.308425903320312,34.0673942565918,92.36613464355469,92.58390808105469,3055.72998046875
2020-06-02,8.770732879638672,249.88999938964844,132.5865478515625,70.47579193115234,89.0777587890625,114.27298736572266,,37.77812957763672,60.50615692138672,175.425537109375,10.359132766723633,35.417118072509766,91.77883911132812,93.55413055419922,3080.820068359375
2020-06-03,8.71532917022705,256.7200012207031,137.18724060058594,76.1307373046875,91.06172943115234,119.8497543334961,,39.1047248840332,61.80353927612305,175.85247802734375,10.60543441772461,36.88078308105469,96.39484405517578,97.32718658447266,3122.8701171875
2020-06-04,8.716323852539062,257.30999755859375,138.6724853515625,76.34651184082031,90.29499053955078,121.49048614501953,,38.7367057800293,61.30773162841797,173.53756713867188,10.491944313049316,38.8089485168457,97.35840606689453,99.1688003540039,3112.35009765625
2020-06-05,8.86894702911377,282.42999267578125,140.89137268066406,80.52706909179688,92.95945739746094,129.38807678222656,,41.133148193359375,66.15019226074219,177.59803771972656,10.499187469482422,40.90367126464844,105.85628509521484,103.202392578125,3193.929931640625
2020-06-08,8.754600524902344,277.1199951171875,147.3485870361328,81.14738464355469,91.96268463134766,132.66957092285156,,41.94620132446289,66.37330627441406,178.6985626220703,10.8782958984375,40.87735366821289,106.0306396484375,105.4752426147461,3232.389892578125
2020-06-09,8.994223594665527,276.6099853515625,144.53204345703125,76.84999084472656,90.85089874267578,128.74203491210938,,39.98626708984375,64.31568908691406,180.06471252441406,10.656146049499512,39.4224739074707,103.04814910888672,104.83738708496094,3207.179931640625
2020-06-10,9.313138008117676,273.2699890136719,139.51478576660156,72.54358673095703,89.279052734375,123.73480224609375,,39.558326721191406,63.86943817138672,186.7435760498047,10.216667175292969,37.599464416503906,100.04724884033203,102.80712127685547,3190.139892578125
2020-06-11,8.745903968811035,256.4200134277344,125.96630859375,66.55596923828125,84.59276580810547,113.34635162353516,,35.21051788330078,59.96075439453125,176.71572875976562,9.96070671081543,34.26020812988281,93.20125579833984,94.15601348876953,3002.10009765625
2020-06-12,8.881375312805176,258.989990234375,132.803955078125,67.22126770019531,84.17985534667969,114.77456665039062,,36.340248107910156,60.9523811340332,178.11033630371094,10.03073501586914,35.084075927734375,93.98128509521484,96.15037536621094,3041.31005859375
2020-06-15,9.12124252319336,258.7300109863281,136.00990295410156,66.29524230957031,84.77522277832031,115.1571044921875,,36.836666107177734,62.01838684082031,179.248779296875,10.250470161437988,35.811519622802734,94.49681854248047,96.2312240600586,3066.590087890625
2020-06-16,9.016594886779785,262.4100036621094,139.02572631835938,68.70466613769531,87.13755798339844,116.68730926513672,,37.957855224609375,63.18355941772461,183.6413116455078,10.446063995361328,36.36368179321289,96.22748565673828,97.4888916015625,3124.739990234375
2020-06-17,9.18313980102539,258.25,135.56613159179688,66.96054077148438,86.40774536132812,115.59066772460938,,36.94792938232422,62.76211929321289,184.27696228027344,10.238397598266602,35.995574951171875,95.96971893310547,95.26100158691406,3113.489990234375
2020-06-18,9.165240287780762,261.3299865722656,136.32688903808594,66.47503662109375,85.65869903564453,115.28459930419922,,36.622703552246094,62.4150505065918,186.2503204345703,10.21907901763916,36.1182746887207,94.809814453125,96.15037536621094,3115.340087890625
2020-06-19,9.20824146270752,264.32000732421875,134.35260009765625,64.1824951171875,85.01529693603516,115.52266693115234,,37.726776123046875,61.12592697143555,185.14022827148438,10.035562515258789,35.04025650024414,94.57965850830078,95.47657775878906,3097.739990234375
2020-06-22,9.472222328186035,264.3500061035156,134.28915405273438,65.93562316894531,85.78353881835938,114.67254638671875,,36.20331954956055,61.3573112487793,190.2822723388672,9.97036361694336,34.29527282714844,94.54285430908203,94.4884033203125,3117.860107421875
2020-06-23,9.395912170410156,263.9200134277344,134.58807373046875,66.04351043701172,85.54349517822266,116.53428649902344,,36.280357360839844,61.29946517944336,191.5535430908203,10.141809463500977,34.62832260131836,94.50602722167969,94.2009506225586,3131.2900390625
2020-06-24,9.182641983032227,246.38999938964844,129.4711151123047,63.51720428466797,82.43209075927734,111.21257019042969,,35.06501388549805,59.05175018310547,187.69229125976562,9.8955078125,33.18217849731445,90.05965423583984,90.44583892822266,3050.330078125
2020-06-25,9.435681343078613,246.88999938964844,137.25064086914062,63.22052001953125,83.68048858642578,111.95217895507812,,35.801063537597656,60.36566925048828,190.06407165527344,10.132148742675781,33.62041473388672,90.2161636352539,90.10446166992188,3083.760009765625
2020-06-26,9.102601051330566,238.52000427246094,133.15711975097656,60.86503982543945,82.38410186767578,113.5418701171875,,37.64974594116211,59.324466705322266,186.25978088378906,9.714406967163086,32.81407165527344,89.34162139892578,89.12525177001953,3009.050048828125
2020-06-29,9.147343635559082,246.14999389648438,134.3616485595703,65.24334716796875,84.61199951171875,115.7011947631836,,37.675418853759766,60.91933822631836,188.26156616210938,9.980024337768555,33.594120025634766,91.86396789550781,90.37396240234375,3053.239990234375
2020-06-30,9.443388938903809,251.52999877929688,135.88311767578125,65.1983871459961,85.82195281982422,117.74993896484375,,37.9749755859375,62.59686279296875,193.07144165039062,10.08626937866211,33.78693389892578,94.10098266601562,92.79053497314453,3100.2900390625
2020-07-01,9.47545337677002,254.69000244140625,132.07034301757812,63.53517150878906,84.11262512207031,114.01795959472656,,37.23891830444336,63.05136489868164,194.200439453125,10.20217514038086,33.04195785522461,93.79718780517578,90.79618835449219,3115.860107421875
2020-07-02,9.557231903076172,254.83999633789062,131.72622680664062,63.60712432861328,85.42823791503906,115.60765075683594,,37.27315902709961,63.290992736816406,195.68043518066406,10.38569450378418,32.86666488647461,94.25747680664062,90.28412628173828,3130.010009765625
2020-07-06,9.782933235168457,256.19000244140625,136.02804565429688,64.1824951171875,86.19647216796875,116.47480010986328,,38.55695724487305,64.27436065673828,199.8927001953125,10.873465538024902,33.56782913208008,95.71197509765625,91.86522674560547,3179.719970703125
2020-07-07,9.815248489379883,252.77000427246094,132.342041015625,61.94390106201172,84.87126159667969,114.05196380615234,,36.68260955810547,61.10112762451172,197.56832885742188,11.317774772644043,32.586212158203125,93.94447326660156,89.31388854980469,3145.320068359375
2020-07-08,10.157526016235352,253.63999938964844,134.4069366455078,62.528263092041016,84.49675750732422,112.92980194091797,,37.452884674072266,61.605220794677734,201.91343688964844,11.759668350219727,32.99812698364258,94.34951782226562,90.49974060058594,3169.93994140625
2020-07-09,10.448850631713867,253.3300018310547,129.77000427246094,60.658260345458984,82.8354263305664,109.57181549072266,,36.5875244140625,60.225189208984375,203.32701110839844,11.795888900756836,31.38547134399414,92.54521179199219,87.64299774169922,3152.050048828125
2020-07-10,10.419271469116211,253.00999450683594,134.5609130859375,62.015804290771484,83.45002746582031,112.13066864013672,,37.15867614746094,60.572265625,202.71034240722656,11.887646675109863,32.78779602050781,93.4473648071289,90.16734313964844,3185.0400390625
2020-07-13,9.994711875915527,248.3000030517578,134.0265655517578,62.6451416015625,84.95768737792969,113.38887023925781,,37.556732177734375,59.1922492980957,196.44888305664062,11.97216510772705,32.954315185546875,93.66829681396484,89.98767852783203,3155.219970703125
2020-07-14,10.317606925964355,249.10000610351562,135.66575622558594,62.896873474121094,88.14588165283203,115.99022674560547,,37.82499313354492,59.39057922363281,197.66322326660156,12.327128410339355,33.95345687866211,95.96053314208984,91.20942687988281,3197.52001953125
2020-07-15,10.168713569641113,265.7900085449219,139.56005859375,66.69981384277344,89.51909637451172,120.24083709716797,,38.4047966003418,60.762332916259766,197.36912536621094,12.851119995117188,35.417118072509766,98.31720733642578,93.29358673095703,3226.56005859375
2020-07-16,10.076743125915527,260.2900085449219,138.46421813964844,67.06840515136719,89.04856872558594,121.41399383544922,,38.370174407958984,60.10950469970703,193.46041870117188,12.539620399475098,37.08236312866211,98.8787612915039,94.38957214355469,3215.570068359375
2020-07-17,10.143112182617188,259.07000732421875,138.89891052246094,65.90865325927734,89.25984191894531,118.97412109375,,38.776893615722656,60.72926712036133,192.47377014160156,12.404399871826172,36.76685333251953,98.36324310302734,93.58106231689453,3224.72998046875
2020-07-20,10.450590133666992,259.45001220703125,139.8135986328125,64.10157775878906,87.8001480102539,116.60230255126953,,39.071128845214844,60.62185287475586,200.74652099609375,12.433375358581543,36.01310729980469,98.98920440673828,92.71863555908203,3251.840087890625
2020-07-21,10.26938533782959,258.1600036621094,142.4852752685547,64.33533477783203,88.4051513671875,118.75310516357422,,39.425933837890625,60.59706497192383,198.04269409179688,12.399565696716309,36.495147705078125,101.09732818603516,94.05718994140625,3257.300048828125
2020-07-22,10.37900447845459,262.17999267578125,143.0558319091797,64.15553283691406,89.90321350097656,118.49806213378906,,38.93267059326172,61.010223388671875,200.88882446289062,12.450278282165527,36.91584396362305,102.7359390258789,95.16218566894531,3276.02001953125
2020-07-23,10.071771621704102,259.3399963378906,142.01434326171875,64.41625213623047,89.6151351928711,120.99739837646484,,38.67304229736328,60.4648323059082,192.15122985839844,12.066337585449219,37.16124725341797,94.4139633178711,96.43781280517578,3235.659912109375
2020-07-24,10.136151313781738,258.0799865722656,140.610595703125,64.23643493652344,89.21179962158203,120.50434875488281,,37.3836555480957,59.654998779296875,190.97483825683594,11.92386531829834,36.354915618896484,92.99629974365234,95.93475341796875,3215.6298828125
2020-07-27,10.361852645874023,258.4800109863281,141.5886688232422,64.38030242919922,89.35585021972656,123.78585052490234,,38.15384292602539,59.98555374145508,193.39402770996094,12.0880708694458,35.794002532958984,93.3368911743164,94.9285888671875,3239.409912109375
2020-07-28,10.15703296661377,256.2200012207031,139.51478576660156,64.19147491455078,88.42437744140625,121.56697845458984,,37.16732406616211,60.44004440307617,191.65794372558594,11.960089683532715,35.45217514038086,90.6856460571289,95.20707702636719,3218.43994140625
2020-07-29,10.405599594116211,264.760009765625,142.10491943359375,65.38720703125,90.60424041748047,124.13436889648438,,36.71734619140625,60.77885055541992,193.5932159423828,12.143607139587402,36.319854736328125,90.41868591308594,96.64444732666016,3258.43994140625
2020-07-30,10.55324935913086,259.489990234375,137.69439697265625,63.90378952026367,90.172119140625,123.52227020263672,,37.080780029296875,59.78722381591797,193.44146728515625,12.00838565826416,35.49599075317383,89.82951354980469,94.57826232910156,3246.219970703125
2020-07-31,10.553996086120605,258.57000732421875,139.13441467285156,64.10157775878906,89.54790496826172,124.0068359375,,38.33556365966797,59.945594787597656,194.49452209472656,11.976991653442383,37.09112548828125,91.5601806640625,96.54561614990234,3271.1201171875
2020-08-03,10.947230339050293,263.2099914550781,141.0000762939453,62.68109130859375,91.18043518066406,122.09407806396484,,37.01156234741211,60.64573287963867,205.43316650390625,12.240193367004395,36.810672760009766,92.47154235839844,96.38392639160156,3294.610107421875
2020-08-04,11.163485527038574,258.5400085449219,138.94422912597656,59.94801712036133,90.73867797851562,122.21308898925781,,37.40961837768555,60.52071762084961,202.34986877441406,12.298149108886719,35.55735397338867,91.51415252685547,96.25813293457031,3306.510009765625
2020-08-05,11.222146034240723,265.2900085449219,141.4347381591797,61.59326171875,92.59204864501953,125.95362854003906,,37.29712677001953,60.61239242553711,202.01776123046875,12.52030086517334,36.83695602416992,92.46234893798828,109.87714385986328,3327.77001953125
2020-08-06,11.27061939239502,263.0,141.14495849609375,58.338741302490234,93.64839172363281,124.3128433227539,,36.52695846557617,60.50403594970703,205.25289916992188,12.271587371826172,36.44256591796875,91.32084655761719,106.78680419921875,3349.159912109375
2020-08-07,11.135401725769043,240.61000061035156,145.73094177246094,59.30070877075195,93.90769958496094,125.22251892089844,,37.03752517700195,61.22084045410156,201.58139038085938,12.365761756896973,37.511817932128906,92.15853118896484,109.78731536865234,3351.280029296875
2020-08-10,11.101095199584961,236.39999389648438,146.633544921875,61.74611282348633,95.1080551147461,127.59434509277344,,38.30961227416992,62.00432586669922,197.56832885742188,11.964917182922363,38.26557159423828,94.19300842285156,111.57501220703125,3360.469970703125
2020-08-11,10.787900924682617,234.75999450683594,148.2017364501953,63.121639251708984,95.30973052978516,130.8162841796875,,37.7038459777832,61.63759231567383,192.94818115234375,12.02045726776123,38.40579605102539,95.88688659667969,112.25774383544922,3333.68994140625
2020-08-12,11.374771118164062,230.57000732421875,146.86146545410156,62.76200866699219,97.21109771728516,130.39126586914062,,37.4528923034668,61.78762435913086,198.46009826660156,12.358515739440918,37.511817932128906,95.89608001708984,111.81757354736328,3380.35009765625
2020-08-13,11.377506256103516,234.6300048828125,144.9650421142578,63.04969787597656,96.95183563232422,130.15322875976562,,36.120235443115234,62.07102584838867,197.9952392578125,12.254684448242188,37.213829040527344,94.53363800048828,111.7906265258789,3373.429931640625
2020-08-14,11.497812271118164,240.27999877929688,145.56680297851562,63.52619552612305,97.25910186767578,130.61227416992188,,35.964473724365234,61.937679290771484,198.1849822998047,12.595159530639648,37.52058792114258,93.49337768554688,112.3565673828125,3372.85009765625
2020-08-17,12.266389846801758,245.44000244140625,143.89833068847656,63.74195861816406,97.37435150146484,130.18719482421875,,35.748130798339844,62.054359436035156,199.49423217773438,12.539620399475098,36.66167068481445,94.13780975341797,111.90742492675781,3381.989990234375
2020-08-18,12.190574645996094,243.6999969482422,142.685791015625,61.584266662597656,97.54720306396484,129.02252197265625,,35.479862213134766,62.096012115478516,200.6422119140625,12.532379150390625,36.179630279541016,92.6004409790039,111.04499053955078,3389.780029296875
2020-08-19,12.069021224975586,244.8699951171875,143.00485229492188,60.73018264770508,96.99983978271484,128.6885986328125,,35.903892517089844,61.79595947265625,199.42489624023438,12.674845695495605,35.75016784667969,92.71090698242188,110.98210144042969,3374.85009765625
2020-08-20,12.071513175964355,241.2100067138672,141.44578552246094,60.47846221923828,96.18358612060547,127.46422576904297,,35.843318939208984,61.712623596191406,204.06581115722656,12.621722221374512,35.31194305419922,91.44972229003906,109.62560272216797,3385.510009765625
2020-08-21,12.610902786254883,238.6699981689453,140.87139892578125,60.280670166015625,96.26038360595703,126.63369750976562,,35.69620132446289,61.60424041748047,202.5821990966797,12.435789108276367,34.92631149291992,92.30584716796875,108.37688446044922,3397.159912109375
2020-08-24,12.647442817687988,240.08999633789062,143.79808044433594,63.15760803222656,96.79817962646484,127.79814910888672,,36.60483169555664,62.946205139160156,203.2193603515625,12.542034149169922,36.2409782409668,94.72697448730469,111.10785675048828,3431.280029296875
2020-08-25,12.677022933959961,242.35000610351562,143.1324920654297,62.141693115234375,96.91342163085938,126.57379913330078,,36.14619064331055,63.22126770019531,205.86314392089844,12.508231163024902,36.38997268676758,93.97207641601562,110.36224365234375,3443.6201171875
2020-08-26,12.699891090393066,244.8000030517578,141.99285888671875,60.82008743286133,96.99983978271484,126.0429458618164,,36.52695846557617,63.2129020690918,210.31382751464844,12.71830940246582,35.46094512939453,94.3218994140625,109.3381118774414,3478.72998046875
2020-08-27,12.555973052978516,248.0,145.0562286376953,61.35052490234375,96.90383911132812,126.39392852783203,,37.99807357788086,63.796363830566406,215.4778289794922,12.81007194519043,36.36368179321289,95.03995513916016,111.08991241455078,3484.550048828125
2020-08-28,13.07249641418457,255.0,144.86477661132812,64.00269317626953,97.88333892822266,128.72288513183594,,39.581695556640625,64.43817901611328,217.6936492919922,12.865607261657715,36.38120651245117,95.73960876464844,110.77386474609375,3508.010009765625
2020-08-31,13.29794979095459,251.4499969482422,142.9592742919922,61.88095474243164,96.7021484375,126.95050811767578,,41.00952911376953,63.738033294677734,214.47926330566406,12.826898574829102,35.731937408447266,95.17804718017578,109.7625503540039,3500.31005859375
2020-09-01,13.746003150939941,249.99000549316406,143.28749084472656,62.18663024902344,97.9697494506836,129.57049560546875,,40.395118713378906,63.562992095947266,216.13397216796875,12.894639015197754,36.25312423706055,93.99049377441406,111.19824981689453,3526.64990234375
2020-09-02,14.268651962280273,253.64999389648438,145.63063049316406,64.36228942871094,98.98766326904297,132.84982299804688,,41.66720962524414,65.02162170410156,220.29934692382812,12.889801979064941,36.71247863769531,96.4760513305664,111.98381042480469,3580.840087890625
2020-09-03,12.944877624511719,246.16000366210938,142.5398712158203,66.66384887695312,95.92430877685547,129.54486083984375,,40.27397918701172,63.629669189453125,206.65249633789062,12.78335189819336,36.24427795410156,92.44393920898438,110.15986633300781,3455.06005859375
2020-09-04,12.554006576538086,238.0399932861328,142.72222900390625,66.5739517211914,95.52098083496094,129.476318359375,,40.1528205871582,63.39627456665039,203.75193786621094,12.553523063659668,36.16477966308594,91.75348663330078,110.76483917236328,3426.9599609375
2020-09-08,11.848358154296875,231.91000366210938,136.312744140625,67.48197174072266,93.13944244384766,126.43678283691406,,39.11438751220703,61.92099380493164,192.7298583984375,11.709205627441406,34.93690872192383,90.2161636352539,108.63388061523438,3331.840087890625
2020-09-09,12.646010398864746,234.9600067138672,136.85072326660156,66.08847045898438,95.40575408935547,128.81704711914062,,40.299930572509766,63.162906646728516,200.93698120117188,11.585819244384766,34.875083923339844,90.85134887695312,109.57294464111328,3398.9599609375
2020-09-10,12.24494457244873,233.2100067138672,136.8233184814453,67.88654327392578,94.2149887084961,126.47102355957031,,38.39613723754883,62.76283645629883,195.30703735351562,11.394700050354004,34.36271667480469,89.3047866821289,106.87310791015625,3339.18994140625
2020-09-11,12.098495483398438,231.0,138.67417907714844,68.47093200683594,96.11988067626953,126.56519317626953,,38.15384292602539,62.50444793701172,194.03271484375,11.457599639892578,34.13306427001953,90.18852233886719,107.1801528930664,3340.969970703125
2020-09-14,12.80240249633789,235.0399932861328,142.25726318359375,72.45366668701172,97.54370880126953,130.85484313964844,,39.27015686035156,64.69654846191406,195.34507751464844,11.532597541809082,34.35390090942383,91.26558685302734,107.8573226928711,3383.5400390625
2020-09-15,12.920511245727539,232.32000732421875,140.26968383789062,72.48065185546875,98.43843078613281,130.9661407470703,,39.27015686035156,65.77179718017578,198.54991149902344,11.423730850219727,33.108360290527344,93.20507049560547,105.87987518310547,3401.199951171875
2020-09-16,12.446593284606934,234.49000549316406,143.53367614746094,73.06500244140625,98.4576644897461,127.65264129638672,,39.03650665283203,66.47191619873047,195.00274658203125,11.52776050567627,33.69137191772461,95.89262390136719,106.30426025390625,3385.489990234375
2020-09-17,12.395869255065918,235.92999267578125,143.14161682128906,70.80842590332031,98.44805908203125,127.32723999023438,,37.36634826660156,66.28022766113281,192.9675750732422,11.537436485290527,33.25851821899414,96.0311508178711,107.87541961669922,3357.010009765625
2020-09-18,12.1231107711792,241.86000061035156,143.7889404296875,68.17423248291016,96.88953399658203,126.31690979003906,,36.873104095458984,65.50507354736328,190.571044921875,11.626948356628418,32.90518569946289,95.35694885253906,108.29074096679688,3319.469970703125
2020-09-21,12.449329376220703,235.44000244140625,137.1151123046875,63.984718322753906,92.58907318115234,120.65730285644531,,35.817352294921875,63.97142028808594,192.61572265625,11.588242530822754,32.012996673583984,90.2958755493164,108.41717529296875,3281.06005859375
2020-09-22,12.569173812866211,236.0399932861328,135.56517028808594,67.46399688720703,93.55113220214844,123.71403503417969,,36.24138641357422,64.67988586425781,197.25662231445312,11.796295166015625,31.659639358520508,90.71148681640625,109.17565155029297,3315.570068359375
2020-09-23,12.057967185974121,234.0,132.51998901367188,64.73990631103516,91.7039794921875,120.80293273925781,,35.64427947998047,63.404624938964844,190.76124572753906,11.387442588806152,31.173797607421875,88.07935333251953,107.20722961425781,3236.919921875
2020-09-24,12.280996322631836,233.60000610351562,131.8452911376953,64.42525482177734,92.5794448852539,121.05977630615234,,35.903892517089844,63.271270751953125,193.23388671875,11.346314430236816,31.279800415039062,88.31946563720703,106.40359497070312,3246.590087890625
2020-09-25,12.80389404296875,236.91000366210938,133.7873077392578,63.894805908203125,93.79166412353516,121.61630249023438,,36.310611724853516,64.76322174072266,197.6370086669922,11.484211921691895,31.62431526184082,89.80638122558594,106.38553619384766,3298.4599609375
2020-09-28,12.96427059173584,241.7100067138672,138.10887145996094,63.32840347290039,95.71581268310547,125.61483764648438,,37.729801177978516,66.33023071289062,199.17762756347656,11.701945304870605,32.57833480834961,91.62579345703125,108.44425964355469,3351.60009765625
2020-09-29,13.153986930847168,240.75,137.10598754882812,60.5413818359375,96.10062408447266,124.49319458007812,,38.06730270385742,65.98848724365234,197.10446166992188,11.636624336242676,32.2691650390625,91.58883666992188,108.8866958618164,3335.469970703125
2020-09-30,13.45708179473877,238.10000610351562,140.50669860839844,61.107784271240234,95.62920379638672,125.97447967529297,,37.93749237060547,66.48857879638672,200.02401733398438,11.692269325256348,32.56067657470703,91.3487319946289,109.53681945800781,3363.0
2020-10-01,13.540623664855957,237.17999267578125,141.60079956054688,62.141693115234375,96.0621566772461,124.25340270996094,,37.11540603637695,66.13853454589844,202.0496368408203,11.7527494430542,32.481170654296875,90.9700927734375,110.58423614501953,3380.800048828125
2020-10-02,12.99137020111084,234.4600067138672,144.82830810546875,62.86991500854492,96.95684814453125,126.82205963134766,,37.00291061401367,66.20519256591797,196.08688354492188,11.837425231933594,33.179039001464844,91.26558685302734,111.45106506347656,3348.419921875
2020-10-05,13.568474769592285,238.9199981689453,148.30203247070312,64.55110931396484,99.57367706298828,129.82740783691406,,37.51346206665039,67.8888931274414,200.07156372070312,11.999515533447266,34.654239654541016,93.09425354003906,113.19377899169922,3408.60009765625
2020-10-06,13.661965370178223,238.94000244140625,145.69447326660156,62.2855110168457,100.37217712402344,133.6118621826172,,37.522117614746094,66.20519256591797,195.82058715820312,12.113219261169434,33.48820495605469,93.149658203125,110.97250366210938,3360.969970703125
2020-10-07,13.888228416442871,240.89999389648438,150.3351593017578,64.5331039428711,102.49833679199219,135.62396240234375,,38.58652114868164,67.11372375488281,199.54849243164062,12.24386215209961,33.52354049682617,93.79612731933594,111.794189453125,3419.43994140625
2020-10-08,13.763657569885254,245.1199951171875,154.36500549316406,66.82566833496094,102.45986938476562,135.61537170410156,,40.4672966003418,68.40565490722656,200.2617645263672,12.442235946655273,34.742576599121094,95.76331329345703,113.43758392333984,3446.830078125
2020-10-09,13.688071250915527,247.11000061035156,155.30410766601562,66.4300765991211,102.8831787109375,134.60504150390625,,40.126136779785156,68.68071746826172,205.23550415039062,12.255958557128906,34.1065559387207,96.04037475585938,113.38337707519531,3477.139892578125
2020-10-12,14.148807525634766,251.1999969482422,156.85406494140625,66.2053451538086,103.54698944091797,135.07594299316406,,40.80845260620117,69.18914794921875,210.5515899658203,12.447076797485352,34.48640060424805,99.52217864990234,114.08768463134766,3534.219970703125
2020-10-13,14.170938491821289,248.75999450683594,152.01272583007812,64.95565795898438,102.13277435302734,133.115234375,,41.00965118408203,69.18081665039062,211.94004821777344,12.282565116882324,33.33802795410156,97.01012420654297,110.62939453125,3511.929931640625
2020-10-14,14.018771171569824,250.19000244140625,152.32273864746094,65.60298156738281,103.80677032470703,134.27964782714844,,40.825950622558594,70.29772186279297,210.0380401611328,11.994678497314453,33.05534744262695,96.49292755126953,110.55716705322266,3488.669921875
2020-10-15,13.894198417663574,246.50999450683594,155.88760375976562,68.10231018066406,104.87466430664062,135.25572204589844,,41.15837097167969,69.4141845703125,208.89686584472656,12.118061065673828,33.41754150390625,96.80693054199219,111.17117309570312,3483.340087890625
2020-10-16,13.736555099487305,249.58999633789062,154.94854736328125,67.23924255371094,105.68277740478516,136.274658203125,,41.245845794677734,69.78926849365234,208.89686584472656,12.202731132507324,33.302696228027344,96.96394348144531,111.48719787597656,3483.81005859375
2020-10-19,13.42451000213623,241.5500030517578,154.1188507080078,66.8526382446289,103.47003173828125,133.53477478027344,,41.98939895629883,68.28894805908203,203.72341918945312,11.936612129211426,32.852169036865234,95.98497009277344,109.97023010253906,3426.919921875
2020-10-20,13.571457862854004,242.8300018310547,153.1615447998047,66.08847045898438,104.576416015625,132.6528778076172,,41.33332443237305,68.5806884765625,204.13235473632812,12.047898292541504,33.9122200012207,97.25025177001953,110.70164489746094,3443.1201171875
2020-10-21,13.451363563537598,248.27999877929688,152.03097534179688,67.4370346069336,103.08519744873047,132.94398498535156,,40.93968200683594,68.86406707763672,204.27500915527344,11.977743148803711,35.68777847290039,95.9572525024414,111.00863647460938,3435.56005859375
2020-10-22,13.28850269317627,256.8399963378906,155.2858428955078,69.32498931884766,102.95051574707031,145.08506774902344,,40.852195739746094,70.00598907470703,204.36058044433594,12.018869400024414,35.30792236328125,94.1748275756836,112.49848937988281,3453.489990234375
2020-10-23,13.51650619506836,259.20001220703125,155.34967041015625,69.57672882080078,103.67205810546875,145.03372192382812,,41.01840591430664,70.87283325195312,205.63494873046875,11.953550338745117,35.8732795715332,95.0152359008789,113.76262664794922,3465.389892578125
2020-10-26,13.0699462890625,241.2100067138672,150.9916229248047,69.04630279541016,101.11299133300781,140.63275146484375,,39.3038330078125,68.74738311767578,199.78627014160156,11.677753448486328,34.4510612487793,93.13118743896484,111.20728302001953,3400.969970703125
2020-10-27,13.324056625366211,231.69000244140625,148.0558624267578,66.95154571533203,98.69820404052734,135.64105224609375,,38.53403091430664,68.28894805908203,202.80093383789062,11.61968994140625,33.179039001464844,91.6719741821289,108.97699737548828,3390.679931640625
2020-10-28,12.55848217010498,221.6199951171875,144.28128051757812,66.7987060546875,94.46510314941406,132.43881225585938,,36.99441909790039,66.80532836914062,192.74884033203125,11.626948356628418,32.99351501464844,88.99365997314453,110.34949493408203,3271.030029296875
2020-10-29,12.95333194732666,219.41000366210938,146.88882446289062,63.45429611206055,95.15779876708984,133.49197387695312,,38.586517333984375,68.72238159179688,194.68894958496094,11.554373741149902,34.17722702026367,90.60987854003906,113.04932403564453,3310.110107421875
2020-10-30,12.465988159179688,220.91000366210938,146.633544921875,60.10084915161133,94.47472381591797,134.87901306152344,,38.394073486328125,69.07510375976562,192.5491485595703,11.508403778076172,34.02705001831055,90.9700927734375,112.29986572265625,3269.9599609375
2020-11-02,12.51248550415039,230.52999877929688,149.93405151367188,60.6223030090332,98.39033508300781,140.2560272216797,,39.312583923339844,69.95691680908203,192.41598510742188,11.568885803222656,34.75140380859375,93.74996948242188,117.32025146484375,3310.239990234375
2020-11-03,12.948856353759766,235.13999938964844,152.66917419433594,62.141693115234375,101.29576110839844,140.35023498535156,,40.49353790283203,72.67792510986328,196.3151092529297,11.796295166015625,34.91041564941406,96.12348937988281,114.05157470703125,3369.159912109375
2020-11-04,13.719400405883789,237.19000244140625,153.5353546142578,61.7730598449707,101.3919677734375,134.9646759033203,,39.51377868652344,71.79613494873047,205.78704833984375,11.677753448486328,33.75320053100586,93.78691864013672,113.6723403930664,3443.43994140625
2020-11-05,14.083165168762207,240.0,157.44668579101562,62.86991500854492,104.91315460205078,138.45797729492188,,40.860939025878906,72.72830963134766,212.3489990234375,11.914839744567871,35.28141784667969,96.169677734375,114.99966430664062,3510.449951171875
2020-11-06,14.482986450195312,232.11000061035156,155.7313995361328,61.34154510498047,106.13495635986328,139.2628173828125,,41.12337875366211,73.9208755493164,212.75790405273438,11.781783103942871,34.80441665649414,94.96907043457031,114.75587463378906,3509.43994140625
2020-11-09,13.55678653717041,269.1199951171875,167.80245971679688,73.48756408691406,109.74269104003906,144.06619262695312,,43.43280029296875,76.07919311523438,207.68910217285156,11.972902297973633,39.63638687133789,103.31797790527344,119.00878143310547,3550.5
2020-11-10,12.70071029663086,279.0299987792969,168.01344299316406,73.13693237304688,112.03239440917969,147.84210205078125,,43.747711181640625,76.66706848144531,200.67066955566406,12.328533172607422,40.47559356689453,106.34725189208984,121.13971710205078,3545.530029296875
2020-11-11,13.345191955566406,266.3699951171875,166.2981414794922,68.515869140625,112.33065032958984,145.7100830078125,,43.10038375854492,76.88540649414062,205.9392547607422,12.46401309967041,39.936737060546875,103.77052307128906,118.81913757324219,3572.659912109375
2020-11-12,13.383731842041016,260.3500061035156,162.62916564941406,66.77173614501953,111.07032775878906,143.34698486328125,,41.53451919555664,75.91123962402344,204.88360595703125,12.522072792053223,39.512733459472656,101.72947692871094,118.12389373779297,3537.010009765625
2020-11-13,13.224848747253418,260.29998779296875,169.58193969726562,69.77452850341797,112.82129669189453,146.6862030029297,,43.59024429321289,77.15416717529297,205.9011993408203,12.96237564086914,39.936737060546875,105.28516387939453,120.55280303955078,3585.14990234375
2020-11-16,13.441915512084961,265.1099853515625,170.5817413330078,71.3298568725586,115.52468872070312,149.5031280517578,,45.121116638183594,78.21232604980469,206.5858917236328,13.228496551513672,40.934940338134766,109.21949005126953,123.80343627929688,3626.909912109375
2020-11-17,13.349417686462402,267.989990234375,168.98570251464844,75.60928344726562,114.25476837158203,147.7650146484375,,44.96365737915039,77.6832504272461,203.95166015625,13.36397647857666,41.01443099975586,106.63352966308594,125.13980102539062,3609.530029296875
2020-11-18,13.35588264465332,262.6199951171875,168.16018676757812,73.48756408691406,114.71658325195312,146.59201049804688,,45.086124420166016,77.17936706542969,201.2627716064453,12.764001846313477,40.528587341308594,105.8023452758789,122.45800018310547,3567.7900390625
2020-11-19,13.367319107055664,260.2799987792969,168.43539428710938,72.45366668701172,113.69677734375,148.0926055908203,,45.471031188964844,77.33053588867188,202.54051208496094,12.916412353515625,40.84659194946289,105.40520477294922,121.82595825195312,3581.8701171875
2020-11-20,13.01673412322998,253.92999267578125,164.92230224609375,70.32293701171875,112.96562957763672,149.12750244140625,,45.39229202270508,76.1211929321289,200.6049041748047,12.81722354888916,40.431419372558594,104.3615951538086,120.89592742919922,3557.5400390625
2020-11-23,13.06870174407959,254.66000366210938,168.5546112060547,74.92601776123047,113.32157897949219,151.80955505371094,,46.85318374633789,77.23814392089844,200.33792114257812,12.734967231750488,40.934940338134766,105.43292236328125,122.19618225097656,3577.590087890625
2020-11-24,12.88744068145752,267.05999755859375,176.72735595703125,80.04158020019531,116.65031433105469,154.4226531982422,,48.42778015136719,78.71623229980469,203.91348266601562,12.766416549682617,41.98613739013672,107.86186981201172,122.87339782714844,3635.409912109375
2020-11-25,13.16293716430664,269.69000244140625,174.4525604248047,79.14252471923828,115.27456665039062,150.8867645263672,,46.81818389892578,78.20394134521484,203.92306518554688,12.734967231750488,41.146934509277344,106.40265655517578,122.42190551757812,3629.64990234375
2020-11-27,13.189292907714844,267.6000061035156,174.96620178222656,79.09757232666016,115.2264633178711,152.64613342285156,,46.59075164794922,78.41388702392578,205.2198028564453,13.090600967407227,40.484413146972656,105.54375457763672,121.39656066894531,3638.35009765625
2020-11-30,13.328780174255371,265.2099914550781,169.91213989257812,77.09272766113281,114.03347778320312,151.65431213378906,,46.63447952270508,78.22913360595703,204.11375427246094,12.787632942199707,39.32339859008789,105.32209777832031,117.15919494628906,3621.6298828125
2020-12-01,13.31734561920166,267.260009765625,174.50758361816406,79.67296600341797,112.79242706298828,151.60256958007812,,47.378047943115234,78.59024810791016,206.1542205810547,13.083327293395996,40.41768264770508,106.20870208740234,119.19169616699219,3662.449951171875
2020-12-02,13.471006393432617,263.80999755859375,177.43360900878906,79.94268035888672,110.65666198730469,151.8009490966797,,51.813167572021484,77.95199584960938,205.35330200195312,13.284500122070312,40.44438552856445,104.86033630371094,119.39131164550781,3669.010009765625
2020-12-03,13.327250480651855,262.2300109863281,178.59852600097656,86.90123748779297,110.08903503417969,153.0341796875,,51.16584777832031,78.3551025390625,204.2758331298828,13.26268196105957,40.78245544433594,105.07274627685547,119.93571472167969,3666.719970703125
2020-12-04,13.488666534423828,268.04998779296875,180.03860473632812,86.49667358398438,112.58470916748047,156.20785522460938,,52.47800827026367,79.33768463134766,204.39022827148438,13.347515106201172,41.36074447631836,105.78387451171875,120.29869079589844,3699.1201171875
2020-12-07,13.536916732788086,273.6199951171875,178.35089111328125,85.8493881225586,113.3266830444336,155.10397338867188,,52.8104362487793,78.5650634765625,204.32351684570312,12.959718704223633,40.51555633544922,103.6319808959961,119.16447448730469,3691.9599609375
2020-12-08,13.281484603881836,268.30999755859375,176.58058166503906,87.34178161621094,114.25170135498047,156.02671813964844,,52.9678840637207,78.38028717041016,205.9635009765625,13.122105598449707,41.10273361206055,104.47241973876953,119.70889282226562,3702.25
2020-12-09,12.864386558532715,267.05999755859375,177.250244140625,90.65025329589844,114.43478393554688,157.027099609375,,53.16908645629883,78.28791046142578,201.94931030273438,13.505060195922852,42.32158279418945,102.84698486328125,119.02837371826172,3672.820068359375
2020-12-10,12.905671119689941,273.3900146484375,176.89247131347656,93.3653564453125,114.03971862792969,155.906005859375,144.7100067138672,53.46651077270508,76.70906829833984,200.72885131835938,13.558381080627441,42.170345306396484,102.19124603271484,120.24425506591797,3668.10009765625
2020-12-11,12.946462631225586,273.67999267578125,175.8743438720703,91.10874938964844,114.06861114501953,155.906005859375,139.25,54.078853607177734,77.11216735839844,203.34140014648438,13.352362632751465,41.13832092285156,101.20306396484375,119.97201538085938,3663.4599609375
2020-12-14,13.24044418334961,271.1600036621094,175.18641662597656,88.91510009765625,112.06438446044922,151.07652282714844,130.0,53.94764709472656,76.70064544677734,204.2377166748047,13.18270206451416,40.51555633544922,101.30462646484375,119.45480346679688,3647.489990234375
2020-12-15,13.291932106018066,275.94000244140625,174.9845733642578,90.38053894042969,113.50011444091797,150.86953735351562,124.80000305175781,54.8049201965332,78.54827117919922,204.17095947265625,13.747431755065918,40.702392578125,103.46279907226562,120.12625885009766,3694.6201171875
2020-12-16,13.17453384399414,279.7300109863281,174.039794921875,89.45452117919922,112.52689361572266,148.26502990722656,137.99000549316406,56.047119140625,79.33768463134766,209.08140563964844,14.118266105651855,41.18281555175781,102.99967193603516,121.77769470214844,3701.169921875
2020-12-17,13.272781372070312,282.010009765625,174.3241424560547,90.79408264160156,113.34595489501953,147.60964965820312,147.0500030517578,56.090858459472656,80.32868957519531,209.21498107910156,14.586045265197754,41.618743896484375,104.5002212524414,120.10811614990234,3722.47998046875
2020-12-18,13.203885078430176,279.4700012207031,171.47145080566406,90.99188995361328,113.79881286621094,146.4884796142578,157.3000030517578,56.70319366455078,81.39524841308594,208.42356872558594,14.33640193939209,42.392757415771484,105.36165618896484,119.12816619873047,3709.409912109375
2020-12-21,13.263824462890625,271.8500061035156,171.3063507080078,91.09976959228516,113.80845642089844,146.35916137695312,163.02000427246094,56.45825958251953,81.11810302734375,212.2375030517578,14.28065299987793,42.259307861328125,104.47244262695312,118.70173645019531,3694.919921875
2020-12-22,13.210101127624512,269.4599914550781,169.7470245361328,88.86116027832031,113.37483978271484,144.4877471923828,163.19000244140625,57.89289093017578,81.15170288085938,213.52467346191406,14.649063110351562,42.38386535644531,104.10191345214844,119.30966186523438,3687.260009765625
2020-12-23,12.94248104095459,269.6499938964844,172.93910217285156,91.6661605834961,114.29991149902344,144.74642944335938,158.00999450683594,57.88413619995117,79.27889251708984,210.740478515625,14.750858306884766,42.94435501098633,104.44465637207031,120.17163848876953,3690.010009765625
2020-12-24,12.927059173583984,270.489990234375,174.00306701660156,90.73116302490234,114.70460510253906,146.41091918945312,154.83999633789062,57.56047821044922,79.53926086425781,212.39004516601562,14.804181098937988,43.068912506103516,104.69473266601562,120.33496856689453,3703.06005859375
2020-12-28,12.833793640136719,273.44000244140625,174.25991821289062,92.99673461914062,115.39836120605469,146.92832946777344,149.0,57.647953033447266,79.1949234008789,214.49729919433594,15.102302551269531,42.882080078125,106.0748519897461,121.02458953857422,3735.360107421875
2020-12-29,12.876822471618652,271.20001220703125,173.42523193359375,91.30653381347656,114.33843994140625,145.62612915039062,150.0,56.90440368652344,78.22073364257812,213.7248992919922,14.920523643493652,42.28600311279297,105.1671142578125,120.2533187866211,3727.0400390625
2020-12-30,13.078282356262207,270.0299987792969,175.51657104492188,93.44625091552734,115.46580505371094,147.42852783203125,148.42999267578125,57.14933776855469,77.38092041015625,211.3697967529297,14.571500778198242,42.650760650634766,106.4638671875,121.61436462402344,3732.0400390625
2020-12-31,12.987998008728027,272.8299865722656,178.24996948242188,93.2664566040039,116.535400390625,147.5924072265625,146.8000030517578,57.94537353515625,78.25431823730469,212.07537841796875,14.765403747558594,43.576011657714844,107.79769134521484,123.60147857666016,3756.070068359375
2021-01-04,13.046196937561035,265.92999267578125,172.54466247558594,91.09976959228516,114.06861114501953,143.95303344726562,139.14999389648438,56.73818588256836,75.88602447509766,207.56536865234375,14.840537071228027,42.96215057373047,106.0378189086914,119.87223052978516,3700.64990234375
2021-01-05,13.335953712463379,267.0,171.53567504882812,93.50021362304688,114.85874938964844,143.7805633544922,148.3000030517578,57.009368896484375,75.60049438476562,207.7655792236328,15.308319091796875,42.677452087402344,106.2415771484375,119.90850830078125,3726.860107421875
2021-01-06,12.549760818481445,272.2300109863281,181.3778076171875,98.3909912109375,119.72484588623047,149.731201171875,142.77000427246094,57.06185531616211,76.54949951171875,202.37838745117188,16.217220306396484,45.24859619140625,108.65912628173828,125.17123413085938,3748.139892578125
2021-01-07,13.275513648986816,276.05999755859375,183.57008361816406,100.85435485839844,119.869384765625,151.6715545654297,151.27000427246094,57.49367141723633,76.86860656738281,208.137451171875,16.767410278320312,44.83935546875,111.521240234375,126.43244171142578,3803.7900390625
2021-01-08,13.208610534667969,275.8399963378906,184.8726043701172,98.42695617675781,119.04069519042969,149.10162353515625,149.77000427246094,57.2557373046875,77.2801284790039,209.40565490722656,16.93706703186035,44.38561248779297,111.13221740722656,125.7701187133789,3824.679931640625
2021-01-11,13.551589012145996,270.3699951171875,184.9000701904297,99.42487335205078,119.62847900390625,147.80804443359375,148.1300048828125,57.476051330566406,76.42352294921875,207.3746795654297,16.687423706054688,44.70590591430664,111.45640563964844,125.04421997070312,3799.610107421875
2021-01-12,13.41554069519043,273.25,187.62432861328125,102.94912719726562,119.59954833984375,150.28311157226562,160.8000030517578,58.30443572998047,76.1883773803711,204.9337158203125,16.820730209350586,46.138275146484375,111.03958892822266,128.09295654296875,3801.18994140625
2021-01-13,13.462300300598145,275.7300109863281,186.2667999267578,101.53762817382812,117.01718139648438,147.98046875,169.99000549316406,57.45843505859375,75.21418762207031,206.2781524658203,16.871631622314453,46.173851013183594,108.3812255859375,127.34891510009766,3809.840087890625
2021-01-14,13.132501602172852,267.67999267578125,189.82574462890625,100.21604919433594,116.32341766357422,146.6955108642578,180.5,58.02244186401367,73.96285247802734,203.11256408691406,16.65106964111328,46.592002868652344,107.70507049560547,126.2419204711914,3795.5400390625
2021-01-15,12.793499946594238,265.2300109863281,191.045654296875,98.9573974609375,114.66604614257812,145.3760223388672,169.27000427246094,56.98255157470703,74.21481323242188,202.75979614257812,16.728628158569336,45.9692268371582,105.97297668457031,127.18555450439453,3768.25
2021-01-19,12.958399772644043,266.7799987792969,195.36593627929688,96.4220962524414,114.61787414550781,148.7393798828125,173.69000244140625,56.647666931152344,74.18960571289062,206.37350463867188,16.89344596862793,46.85000991821289,106.25083923339844,129.73532104492188,3798.909912109375
2021-01-20,13.297152519226074,267.6300048828125,195.52186584472656,95.82872009277344,115.73561096191406,151.34390258789062,161.8300018310547,56.8503532409668,75.01262664794922,213.9060821533203,16.500797271728516,46.698760986328125,105.7691879272461,128.85513305664062,3851.85009765625
2021-01-21,13.796327590942383,269.7799987792969,194.40284729003906,96.99746704101562,115.12854766845703,151.87855529785156,180.39999389648438,57.2557373046875,73.52615356445312,214.5067901611328,16.757713317871094,45.39094543457031,106.55648803710938,124.95349884033203,3853.070068359375
2021-01-22,13.642122268676758,267.4100036621094,194.26528930664062,97.51891326904297,113.07613372802734,153.49122619628906,181.8699951171875,57.0706787109375,72.95507049560547,215.44119262695312,16.687423706054688,44.812660217285156,105.23196411132812,122.40374755859375,3841.469970703125
2021-01-25,13.583176612854004,261.07000732421875,194.10011291503906,98.43592834472656,112.11255645751953,154.60377502441406,177.52999877929688,57.855003356933594,73.03067016601562,218.85470581054688,16.3602237701416,45.10625076293945,103.82406616210938,120.43478393554688,3855.360107421875
2021-01-26,13.366296768188477,261.0299987792969,193.78831481933594,96.26026916503906,109.17364501953125,154.9573516845703,192.74000549316406,57.8990478515625,73.34139251708984,221.52450561523438,15.97727108001709,44.403404235839844,103.0552749633789,118.3841552734375,3849.6201171875
2021-01-27,12.851451873779297,245.2899932861328,184.79000854492188,90.63225555419922,107.01521301269531,161.78765869140625,201.25,60.71029281616211,73.29940795898438,222.06797790527344,15.301047325134277,42.71303939819336,103.87963104248047,118.67449188232422,3750.77001953125
2021-01-28,12.984017372131348,252.0800018310547,189.55972290039062,93.086669921875,110.59973907470703,157.34622192382812,187.3699951171875,59.39720916748047,74.81947326660156,227.8174591064453,15.393147468566895,43.58491516113281,102.3327865600586,121.13346862792969,3787.3798828125
2021-01-29,12.923081398010254,242.75,181.49705505371094,90.84805297851562,109.13511657714844,155.2246856689453,183.6300048828125,58.55119705200195,73.84691619873047,221.1717071533203,14.830840110778809,42.72194290161133,99.1186752319336,122.92097473144531,3714.239990234375
2021-02-01,13.169065475463867,249.77000427246094,184.2213134765625,92.13367462158203,110.69609069824219,159.735107421875,180.44000244140625,58.23394775390625,75.52140045166016,228.50404357910156,15.88032054901123,43.00662612915039,102.18458557128906,122.03175354003906,3773.860107421875
2021-02-02,13.487171173095703,254.7100067138672,188.11961364746094,92.98774719238281,112.24744415283203,154.04318237304688,179.1699981689453,57.3526725769043,76.56161499023438,228.3705291748047,16.561389923095703,43.83401870727539,102.7125473022461,121.14252471923828,3826.31005859375
2021-02-03,13.461057662963867,254.3800048828125,185.1569061279297,94.57008361816406,112.2860107421875,152.9220733642578,185.72000122070312,58.74506759643555,76.07111358642578,231.6982421875,16.682579040527344,43.97636413574219,103.21273040771484,120.90658569335938,3830.169921875
2021-02-04,13.594120025634766,263.7799987792969,191.99041748046875,96.94353485107422,112.88341522216797,162.87423706054688,195.8000030517578,58.97419738769531,77.44961547851562,230.75428771972656,16.88374900817871,45.319766998291016,103.6202621459961,119.66352844238281,3871.739990234375
2021-02-05,13.521249771118164,257.3599853515625,193.59561157226562,97.5458755493164,112.7388916015625,159.00205993652344,195.30999755859375,59.379581451416016,77.49190521240234,230.93540954589844,17.431509017944336,44.87493896484375,105.3987045288086,121.9137954711914,3886.830078125
2021-02-08,14.364646911621094,258.2300109863281,195.65945434570312,99.08324432373047,115.52363586425781,159.95932006835938,200.42999267578125,61.45056915283203,77.55955505371094,231.19288635253906,17.446056365966797,44.759273529052734,108.39976501464844,122.89376068115234,3915.590087890625
2021-02-09,14.190047264099121,257.6000061035156,196.897705078125,99.2181167602539,116.50650787353516,163.36582946777344,199.8800048828125,61.57392120361328,76.86607360839844,232.4324188232422,17.64480209350586,44.69699478149414,108.11261749267578,123.51985168457031,3911.22998046875
2021-02-10,14.688475608825684,261.9800109863281,197.25546264648438,100.83639526367188,116.09214782714844,163.4693145751953,211.66000366210938,60.586917877197266,76.49397277832031,231.52658081054688,17.419397354125977,44.97279357910156,109.2148666381836,116.53309631347656,3909.8798828125
2021-02-11,15.172479629516602,265.55999755859375,197.89146423339844,101.9871597290039,117.21953582763672,163.76254272460938,216.83999633789062,60.948238372802734,76.35865020751953,233.11891174316406,17.31760025024414,44.80375671386719,110.32637786865234,118.3932113647461,3916.3798828125
2021-02-12,14.884464263916016,264.29998779296875,201.00685119628906,99.52378845214844,117.31588745117188,163.8142852783203,212.67999267578125,61.56511688232422,75.60599517822266,233.5956268310547,17.613292694091797,44.13651657104492,109.53905487060547,116.2608871459961,3934.830078125
2021-02-16,15.251570701599121,270.7900085449219,202.95166015625,100.48575592041016,116.81482696533203,162.6241455078125,209.86000061035156,60.67502975463867,75.09854888916016,232.3656768798828,18.09319496154785,43.4158821105957,101.71219635009766,114.2828369140625,3932.590087890625
2021-02-17,14.829501152038574,271.989990234375,201.29258728027344,100.16210174560547,115.83196258544922,162.8828582763672,201.9600067138672,60.13745880126953,75.41990661621094,233.37869262695312,17.993824005126953,44.572452545166016,101.23979187011719,114.07414245605469,3931.330078125
2021-02-18,14.75289249420166,272.010009765625,197.43060302734375,99.78449249267578,114.61787414550781,165.2113800048828,198.0399932861328,59.987648010253906,77.1958999633789,232.9868621826172,18.071374893188477,43.967464447021484,100.32280731201172,111.39739227294922,3913.969970703125
2021-02-19,14.849892616271973,273.3800048828125,206.91502380371094,102.00513458251953,116.45832061767578,168.13491821289062,201.07000732421875,62.87820053100586,76.32481384277344,230.29180908203125,18.064104080200195,44.35892105102539,101.01749420166016,112.49211883544922,3906.7099609375
2021-02-22,14.282073020935059,283.6499938964844,208.1962127685547,105.52937316894531,115.76451873779297,168.5081024169922,195.33999633789062,62.63144302368164,76.4432373046875,224.11807250976562,17.819307327270508,45.39984130859375,100.9526596069336,115.75807189941406,3876.5
2021-02-23,14.06942081451416,279.8500061035156,208.7676544189453,105.30461120605469,115.57181549072266,171.29405212402344,187.58999633789062,61.09804153442383,76.85762023925781,222.93301391601562,17.567243576049805,46.14716339111328,100.76741790771484,116.46965026855469,3881.3701171875
2021-02-24,14.42458724975586,290.19000244140625,213.92929077148438,107.77696990966797,118.5300064086914,179.49557495117188,200.1999969482422,63.07207489013672,78.95494842529297,224.15631103515625,18.2168025970459,47.28594970703125,101.26759338378906,116.88928985595703,3925.429931640625
2021-02-25,13.239200592041016,283.0899963378906,206.4080810546875,105.70917510986328,115.918701171875,177.1088409423828,182.05999755859375,53.94218444824219,77.30583190917969,218.84271240234375,17.959888458251953,46.16495895385742,99.6559066772461,114.18895721435547,3829.340087890625
2021-02-26,13.644113540649414,277.30999755859375,203.91944885253906,105.25965881347656,113.67356872558594,176.27566528320312,206.35000610351562,55.16713333129883,77.0182876586914,222.08245849609375,17.569137573242188,45.40360641479492,100.75812530517578,112.4100341796875,3811.14990234375
2021-03-01,13.770709991455078,282.5,211.14569091796875,108.1905288696289,117.82659149169922,181.10977172851562,196.4199981689453,57.484867095947266,78.43907165527344,226.44036865234375,18.63216781616211,46.54116439819336,103.46279907226562,115.2198486328125,3901.820068359375
2021-03-02,13.337444305419922,283.44000244140625,208.11325073242188,109.35929107666016,117.9325942993164,182.1772918701172,189.89999389648438,56.15414810180664,77.92320251464844,223.5063934326172,18.391889572143555,46.21870040893555,104.47244262695312,115.5300064086914,3870.2900390625
2021-03-03,12.739032745361328,282.29998779296875,206.17764282226562,109.95265197753906,118.01931762695312,186.05673217773438,180.39999389648438,56.22465515136719,76.51934814453125,217.47608947753906,18.452571868896484,46.953182220458984,103.87963104248047,116.80717468261719,3819.719970703125
2021-03-04,12.306761741638184,278.2099914550781,200.2326202392578,108.7569351196289,116.00540161132812,183.0191650390625,180.22999572753906,53.8276252746582,75.52986145019531,216.682861328125,18.15404510498047,46.62177658081055,102.2586898803711,116.84368133544922,3768.469970703125
2021-03-05,12.397542953491211,282.30999755859375,204.89646911621094,109.86273193359375,117.79769134521484,188.5822296142578,179.80999755859375,54.04793930053711,77.9062728881836,221.3370361328125,18.251127243041992,48.028038024902344,104.9540786743164,120.34680938720703,3841.93994140625
2021-03-08,11.533748626708984,283.6700134277344,206.5278778076172,113.77357482910156,118.98287963867188,189.3980712890625,180.80999755859375,55.15831756591797,78.81965637207031,217.31358337402344,18.41131019592285,49.07602310180664,107.89958190917969,122.0618667602539,3821.35009765625
2021-03-09,12.460293769836426,281.8999938964844,206.00254821777344,112.33509826660156,116.23667907714844,188.79054260253906,183.11000061035156,56.9384765625,79.96134948730469,223.4204559326172,19.144262313842773,48.735652923583984,106.0007553100586,123.08360290527344,3875.43994140625
2021-03-10,12.408543586730957,285.3699951171875,207.9842071533203,110.2313461303711,119.21414184570312,189.97084045410156,183.7899932861328,58.74506759643555,80.08821105957031,222.1206817626953,19.02777099609375,49.00436782836914,107.3994140625,126.56847381591797,3898.81005859375
2021-03-11,12.9312744140625,283.6700134277344,208.8045196533203,109.45819091796875,117.47007751464844,186.4212188720703,197.8699951171875,59.90834426879883,80.47721862792969,226.6219940185547,19.127277374267578,48.735652923583984,106.51946258544922,124.49759674072266,3939.340087890625
2021-03-12,12.79443359375,283.8599853515625,207.83673095703125,111.46304321289062,117.3349380493164,188.6343231201172,206.74000549316406,59.5382080078125,80.5533447265625,225.3031463623047,19.144262313842773,49.66719436645508,108.64060974121094,124.32428741455078,3943.340087890625
2021-03-15,13.128077507019043,282.6499938964844,210.27005004882812,111.48100280761719,118.50279998779297,193.615966796875,209.99000549316406,60.6309700012207,82.6676025390625,224.40478515625,19.086023330688477,51.50340270996094,109.41863250732422,126.03936004638672,3968.93994140625
2021-03-16,13.227601051330566,284.0899963378906,203.80886840820312,109.46717071533203,116.63037109375,191.45497131347656,200.00999450683594,60.89533233642578,82.91285705566406,227.17628479003906,18.620037078857422,50.786827087402344,112.7261962890625,125.3369140625,3962.7099609375
2021-03-17,13.277360916137695,285.25,207.83673095703125,108.84683227539062,117.47007751464844,193.3643035888672,201.36000061035156,62.71076965332031,82.86210632324219,226.53591918945312,18.804487228393555,51.422794342041016,113.86896514892578,126.47725677490234,3974.1201171875
2021-03-18,12.66157341003418,284.3299865722656,209.13633728027344,110.11447143554688,117.43146514892578,195.7249298095703,191.4499969482422,61.96168518066406,82.27860260009766,220.4960174560547,18.937973022460938,61.04273223876953,113.33011627197266,130.0989532470703,3915.4599609375
2021-03-19,12.784235000610352,280.9700012207031,210.5465545654297,109.45819091796875,116.55316162109375,195.6207733154297,194.38999938964844,61.829498291015625,81.05231475830078,220.14244079589844,19.042335510253906,60.62174606323242,111.41616821289062,131.1024627685547,3913.10009765625
2021-03-22,13.123103141784668,278.3800048828125,211.2378387451172,109.25138854980469,118.60896301269531,190.9776153564453,195.0,62.16438293457031,81.67813110351562,225.53253173828125,18.933122634887695,60.27241134643555,111.90857696533203,128.40211486816406,3940.590087890625
2021-03-23,13.008156776428223,272.3299865722656,204.22366333007812,102.09503936767578,117.43146514892578,186.87252807617188,187.13999938964844,60.30491256713867,81.3144760131836,227.052001953125,18.503538131713867,60.281368255615234,110.83084106445312,128.28355407714844,3910.52001953125
2021-03-24,12.582453727722168,273.8599853515625,205.05319213867188,102.45466613769531,118.53174591064453,187.0200958251953,178.85000610351562,60.48116683959961,81.99950408935547,225.0260009765625,18.117643356323242,60.05744552612305,113.02351379394531,129.54246520996094,3889.139892578125
2021-03-25,12.475220680236816,275.0,209.86453247070312,106.35647583007812,118.76337432861328,194.63137817382812,176.16000366210938,61.92643356323242,83.1412124633789,222.04421997070312,17.916202545166016,61.956336975097656,114.72372436523438,130.94740295410156,3909.52001953125
2021-03-26,12.777762413024902,278.4599914550781,214.3717041015625,109.82677459716797,122.88462829589844,199.2919464111328,174.39999389648438,65.87451171875,85.26392364501953,226.0007781982422,17.71718406677246,60.639652252197266,117.76184844970703,131.95997619628906,3974.5400390625
2021-03-29,12.886242866516113,275.239990234375,211.33001708984375,106.07778930664062,123.74362182617188,197.7904815673828,182.5,63.803524017333984,84.80725860595703,224.81573486328125,17.605541229248047,59.081119537353516,117.3251724243164,131.15719604492188,3971.090087890625
2021-03-30,12.81010913848877,276.6499938964844,214.574462890625,108.1006088256836,123.00045776367188,201.3834991455078,183.10000610351562,63.644893646240234,83.91925048828125,221.5759735107422,17.552152633666992,60.648597717285156,116.40538024902344,132.0147247314453,3958.550048828125
2021-03-31,13.284327507019043,268.6300048828125,214.25184631347656,110.72582244873047,123.28034973144531,200.25527954101562,187.94000244140625,64.04146575927734,82.89594268798828,225.32223510742188,17.72689437866211,59.824554443359375,116.71198272705078,129.33267211914062,3972.889892578125
2021-04-01,13.74560832977295,279.5,216.98011779785156,107.83090209960938,124.17794799804688,201.12315368652344,188.24000549316406,64.90511322021484,83.52176666259766,231.61068725585938,17.879798889160156,61.15916061401367,118.69091796875,129.81614685058594,4019.8701171875
2021-04-05,13.920515060424805,280.95001220703125,219.6254119873047,110.86068725585938,126.15654754638672,203.32757568359375,186.69000244140625,65.50436401367188,84.8749008178711,238.0328826904297,18.231714248657227,61.17707443237305,120.80925750732422,130.26318359375,4077.909912109375
2021-04-06,13.795122146606445,279.1199951171875,217.92025756835938,111.2113037109375,125.26859283447266,202.85023498535156,190.02999877929688,64.69361877441406,80.69713592529297,236.87648010253906,18.139482498168945,60.7292366027832,122.17501831054688,130.81964111328125,4073.93994140625
2021-04-07,14.075767517089844,281.2699890136719,219.4503173828125,111.15735626220703,125.03697204589844,204.1260223388672,179.94000244140625,64.9227294921875,80.18122863769531,238.8260955810547,17.962312698364258,61.04273223876953,122.0449447631836,132.8084259033203,4079.949951171875
2021-04-08,14.24843978881836,283.2900085449219,218.5009307861328,111.1034164428711,125.78013610839844,203.3970184326172,180.17999267578125,65.35738372802734,81.22145080566406,242.0276641845703,17.870084762573242,59.61853790283203,121.57110595703125,132.57122802734375,4097.169921875
2021-04-09,14.331040382385254,286.4200134277344,221.9389190673828,114.66360473632812,126.71635437011719,204.46453857421875,179.5,65.5347900390625,81.49208068847656,244.512451171875,18.07396125793457,59.824554443359375,122.3515625,134.06736755371094,4128.7998046875
2021-04-12,15.1361665725708,286.9599914550781,226.43685913085938,114.86139678955078,128.3571014404297,205.0980987548828,176.49000549316406,65.81864929199219,81.06076049804688,244.56979370117188,17.976877212524414,59.58271026611328,122.27720642089844,134.93402099609375,4127.990234375
2021-04-13,15.604412078857422,286.260009765625,224.2432098388672,111.9485092163086,127.26646423339844,202.1385955810547,177.9499969482422,66.0670394897461,81.42440795898438,247.0354766845703,17.81184196472168,59.663330078125,120.16818237304688,135.28067016601562,4141.58984375
2021-04-14,15.203840255737305,287.5299987792969,227.5982208251953,113.09031677246094,126.5426025390625,202.43368530273438,176.42999267578125,67.81448364257812,81.82188415527344,244.26394653320312,18.26083755493164,59.2154655456543,121.00435638427734,136.38453674316406,4124.66015625
2021-04-15,16.059968948364258,291.2300109863281,228.1420440673828,113.26111602783203,128.51158142089844,201.47032165527344,175.35000610351562,68.02738952636719,81.44979858398438,248.0006866455078,18.60546875,59.914119720458984,121.27379608154297,136.90452575683594,4170.419921875
2021-04-16,15.836296081542969,291.4599914550781,229.29420471191406,111.9844741821289,128.22201538085938,204.40374755859375,178.69000244140625,68.93215942382812,82.45619201660156,249.18572998046875,18.57877540588379,59.34086227416992,123.57792663574219,139.12130737304688,4185.47021484375
2021-04-19,15.28818130493164,290.8999938964844,227.3954620361328,109.84477233886719,127.51738739013672,204.8290252685547,174.5800018310547,68.57734680175781,81.55126953125,247.2743377685547,18.77536392211914,59.77082443237305,122.95542907714844,139.79644775390625,4163.259765625
2021-04-20,15.098597526550293,284.75,223.40447998046875,107.38139343261719,126.33027648925781,203.57923889160156,169.57000732421875,66.69681549072266,82.46463012695312,246.81565856933594,18.020559310913086,58.8751106262207,123.05764770507812,140.51710510253906,4134.93994140625
2021-04-21,15.28693962097168,287.8599853515625,227.96688842773438,110.24932861328125,128.45361328125,205.6795654296875,167.07000732421875,67.33549499511719,83.0650863647461,249.0328369140625,17.821548461914062,60.415714263916016,123.65223693847656,142.0770721435547,4173.419921875
2021-04-22,14.779132843017578,288.6600036621094,223.8837432861328,110.96857452392578,128.8782958984375,208.49147033691406,170.7100067138672,66.97180938720703,83.11582946777344,245.77398681640625,17.205089569091797,59.708126068115234,125.88207244873047,140.35292053222656,4134.97998046875
2021-04-23,15.192147254943848,291.3699951171875,229.6351776123047,112.81160736083984,130.3067626953125,207.15493774414062,174.25,68.24916076660156,83.91925048828125,249.5775604248047,17.789995193481445,61.20394515991211,128.53924560546875,142.12271118164062,4180.169921875
2021-04-26,15.403878211975098,291.1400146484375,228.12362670898438,113.12627410888672,129.99789428710938,204.81166076660156,174.8800048828125,68.4354248046875,83.59786987304688,249.9598388671875,17.55942726135254,61.526405334472656,126.58820343017578,141.55709838867188,4187.6201171875
2021-04-27,15.308087348937988,289.7799987792969,236.44664001464844,115.84135437011719,130.3936004638672,208.03152465820312,177.94000244140625,68.00963592529297,83.82621765136719,250.36129760742188,17.571569442749023,62.251930236816406,127.8888931274414,142.62445068359375,4186.72021484375
2021-04-28,15.203592300415039,292.8399963378906,236.52963256835938,118.93403625488281,130.36465454101562,205.9138946533203,180.0,67.94757080078125,82.75218200683594,243.27957153320312,17.462345123291016,60.550086975097656,126.82046508789062,141.0279541015625,4183.18017578125
2021-04-29,15.251362800598145,287.739990234375,240.41925048828125,119.94098663330078,132.31427001953125,208.31790161132812,177.67999267578125,68.18705749511719,84.0207290649414,241.32044982910156,17.777862548828125,59.699161529541016,127.48938751220703,142.76132202148438,4211.47021484375
2021-04-30,14.9376220703125,287.7200012207031,238.1702423095703,119.83309173583984,130.22950744628906,206.20896911621094,172.7100067138672,66.2532958984375,82.44772338867188,241.0050506591797,17.357988357543945,59.081119537353516,124.85079193115234,141.9493865966797,4181.169921875
2021-05-03,14.765698432922363,293.44000244140625,237.66334533691406,122.54822540283203,129.63113403320312,206.87722778320312,168.11000061035156,65.91622161865234,83.77548217773438,240.6992645263672,17.09344482421875,59.16173553466797,126.42093658447266,143.9472198486328,4192.66015625
2021-05-04,14.28252124786377,292.92999267578125,237.3683624267578,121.73906707763672,131.29119873046875,210.9128875732422,168.89999389648438,66.8653793334961,85.23007202148438,236.80960083007812,17.086162567138672,59.84246826171875,127.66592407226562,143.78298950195312,4164.66015625
2021-05-05,14.389262199401855,289.0400085449219,240.79713439941406,121.32550048828125,132.11158752441406,213.0565185546875,162.3300018310547,67.9209213256836,84.89180755615234,235.54808044433594,16.993934631347656,59.74394226074219,126.5788803100586,145.416015625,4167.58984375
2021-05-06,14.453451156616211,286.45001220703125,242.9631805419922,120.47144317626953,131.1078338623047,217.0748291015625,153.63999938964844,69.07410430908203,85.91510772705078,238.6636505126953,16.896860122680664,59.914119720458984,130.22093200683594,147.67845153808594,4201.6201171875
2021-05-07,14.741313934326172,285.6600036621094,245.9067840576172,125.54200744628906,132.5459442138672,218.32460021972656,151.2100067138672,70.5377197265625,85.42460632324219,241.27268981933594,16.892000198364258,59.699161529541016,131.2335968017578,146.61109924316406,4232.60009765625
2021-05-10,14.19743537902832,283.19000244140625,244.47207641601562,123.68098449707031,132.31427001953125,221.63124084472656,146.72999572753906,69.95227813720703,84.94254302978516,236.22665405273438,16.484262466430664,59.01841735839844,132.44140625,145.92689514160156,4188.43017578125
2021-05-11,14.237739562988281,277.9100036621094,238.96421813964844,120.51637268066406,131.39739990234375,217.85594177246094,142.72999572753906,68.07172393798828,84.3040771484375,235.3187255859375,16.297386169433594,57.316566467285156,129.83071899414062,142.4693603515625,4152.10009765625
2021-05-12,13.692611694335938,268.0199890136719,232.197509765625,115.11312866210938,126.28199768066406,213.0478515625,140.25,65.94281768798828,82.01407623291016,228.40911865234375,15.977018356323242,56.770179748535156,125.78919219970703,142.6153106689453,4063.0400390625
2021-05-13,13.599808692932129,268.70001220703125,235.04864501953125,118.25977325439453,128.7720947265625,219.55699157714844,135.75,67.9564208984375,83.87842559814453,232.2605438232422,16.353206634521484,58.060001373291016,129.3383026123047,145.3247833251953,4112.5
2021-05-14,14.17479133605957,272.92999267578125,239.14012145996094,122.7010498046875,129.6600799560547,221.47500610351562,141.1999969482422,69.63292694091797,85.2234878540039,237.15367126464844,16.756088256835938,59.179630279541016,130.3045196533203,147.08541870117188,4173.85009765625
2021-05-17,14.097663879394531,272.07000732421875,238.03855895996094,124.17546844482422,129.2740478515625,219.65249633789062,132.5,69.5797119140625,85.00215148925781,234.3153076171875,16.66386604309082,59.251304626464844,129.07815551757812,147.4777374267578,4163.2900390625
2021-05-18,13.948628425598145,268.8999938964844,233.99334716796875,122.89883422851562,127.47884368896484,217.18768310546875,135.02000427246094,68.55072784423828,84.3636703491211,232.30831909179688,16.34107208251953,58.606380462646484,127.46150970458984,144.8047637939453,4127.830078125
2021-05-19,13.998390197753906,272.0799865722656,233.51199340820312,117.81925964355469,126.94796752929688,216.2069549560547,138.19000244140625,68.93215942382812,84.18489837646484,232.88304138183594,16.151763916015625,59.05424880981445,127.898193359375,143.29953002929688,4115.68017578125
2021-05-20,14.542523384094238,274.4200134277344,233.95631408691406,109.56605529785156,127.76839447021484,216.4249725341797,136.1999969482422,68.73702239990234,85.65766143798828,236.10154724121094,16.202728271484375,58.830326080322266,127.87031555175781,143.18093872070312,4159.1201171875
2021-05-21,14.919954299926758,271.7300109863281,235.37258911132812,108.86479949951172,128.22201538085938,218.02981567382812,134.7100067138672,69.42890930175781,85.76831817626953,234.8467254638672,16.299814224243164,58.58848190307617,127.75883483886719,144.96897888183594,4155.85986328125
2021-05-24,15.537238121032715,273.0199890136719,235.77992248535156,107.53423309326172,129.03273010253906,220.9953155517578,135.91000366210938,70.06758117675781,86.73880767822266,240.2205352783203,16.231853485107422,58.43620300292969,128.89231872558594,145.1787872314453,4197.0498046875
2021-05-25,15.572813034057617,272.20001220703125,234.65980529785156,109.27838134765625,128.48257446289062,219.5387420654297,133.99000549316406,69.37568664550781,86.0577392578125,241.1209259033203,16.239137649536133,57.84504699707031,129.36614990234375,143.5367431640625,4188.1298828125
2021-05-26,15.6248140335083,271.3599853515625,236.7240753173828,111.51697540283203,128.83969116210938,219.9224853515625,134.75,70.46678924560547,85.6321029663086,240.900634765625,16.324079513549805,58.16748809814453,129.2082061767578,143.81040954589844,4195.990234375
2021-05-27,15.41383171081543,274.2900085449219,240.9544677734375,112.95545196533203,129.69869995117188,221.26565551757812,143.1699981689453,70.05873107910156,85.87898254394531,238.81240844726562,16.236711502075195,58.90196990966797,130.2394256591797,147.14930725097656,4200.8798828125
2021-05-28,16.166709899902344,274.44000244140625,240.5286407470703,111.55294799804688,130.3936004638672,222.07679748535156,140.39999389648438,68.63057708740234,86.10029602050781,239.1668243408203,16.348520278930664,58.847938537597656,130.5182342529297,147.61647033691406,4204.10986328125
2021-06-01,16.18661117553711,276.6000061035156,242.7873077392578,112.30813598632812,131.04025268554688,222.96644592285156,144.30999755859375,68.04512786865234,85.97262573242188,236.98281860351562,16.455463409423828,58.97401428222656,129.47763061523438,148.0745086669922,4202.0400390625
2021-06-02,16.69789695739746,278.45001220703125,243.1668243408203,110.51005554199219,131.13682556152344,221.7889862060547,151.0,68.35558319091797,86.73027801513672,236.88705444335938,16.30719566345215,58.99202346801758,128.5299530029297,146.5997314453125,4208.1201171875
2021-06-03,16.888486862182617,277.2900085449219,244.21286010742188,108.90975189208984,132.0633544921875,221.16102600097656,144.19000244140625,69.7926025390625,86.7132568359375,235.364013671875,16.83464813232422,59.09108352661133,128.15834045410156,148.65159606933594,4192.85009765625
2021-06-04,17.49407386779785,277.0,245.68472290039062,108.57710266113281,132.9029998779297,221.83255004882812,150.72999572753906,71.61990356445312,87.30917358398438,240.23007202148438,16.584287643432617,59.24415969848633,128.98524475097656,149.4027099609375,4229.89013671875
2021-06-07,17.534626007080078,272.510009765625,245.175537109375,108.73893737792969,131.91854858398438,218.9979705810547,148.97000122070312,71.87715148925781,86.61959838867188,243.12295532226562,16.25615119934082,58.685848236083984,128.21409606933594,148.89891052246094,4226.52001953125
2021-06-08,17.373401641845703,271.42999267578125,244.29617309570312,110.09648895263672,131.94752502441406,216.25929260253906,147.00999450683594,72.60453796386719,87.70925903320312,241.93516540527344,16.27073860168457,59.3342170715332,129.1431427001953,149.7233428955078,4227.259765625
2021-06-09,17.279081344604492,271.2300109863281,241.34326171875,109.17947387695312,130.9823760986328,213.1804656982422,144.85000610351562,72.7464599609375,88.177490234375,242.9121856689453,15.85753059387207,59.43326950073242,128.29766845703125,149.0912628173828,4219.5498046875
2021-06-10,17.34552574157715,271.4200134277344,238.19590759277344,107.57917785644531,131.60003662109375,209.83126831054688,146.1199951171875,74.18346405029297,89.20755767822266,246.40850830078125,15.930447578430176,58.42470169067383,128.82728576660156,148.46835327148438,4239.18017578125
2021-06-11,17.743953704833984,271.8800048828125,239.34378051757812,110.33924865722656,131.3197479248047,208.34852600097656,148.44000244140625,73.95284271240234,89.3863296508789,247.03115844726562,15.913430213928223,58.64082717895508,128.8644561767578,149.17372131347656,4247.43994140625
2021-06-14,17.936569213867188,270.04998779296875,235.6965789794922,108.22648620605469,131.62904357910156,205.1824951171875,149.2100067138672,73.61576843261719,88.95217895507812,248.9469451904297,15.68494987487793,58.2716178894043,128.50209045410156,147.32339477539062,4255.14990234375
2021-06-15,17.70737075805664,272.7099914550781,235.97430419921875,109.06260681152344,132.57630920410156,201.55416870117188,151.77999877929688,74.08589172363281,88.824462890625,247.4813232421875,15.748146057128906,58.32564926147461,129.0144500732422,147.38743591308594,4246.58984375
2021-06-16,17.729021072387695,266.19000244140625,234.76162719726562,109.2064437866211,130.87513732910156,195.07382202148438,149.14999389648438,73.39398956298828,88.38179016113281,246.5426025390625,15.928018569946289,58.17256546020508,129.60128784179688,146.44398498535156,4223.7001953125
2021-06-17,18.572153091430664,263.0,226.75453186035156,105.2326889038086,129.5122528076172,187.63409423828125,150.6999969482422,72.2674560546875,88.73934173583984,249.91439819335938,15.799188613891602,56.60569763183594,127.20728302001953,141.61656188964844,4221.85986328125
2021-06-18,18.553741455078125,260.0,219.0713653564453,102.02312469482422,126.28385925292969,185.40997314453125,152.52000427246094,69.33134460449219,86.84947204589844,248.50631713867188,15.376259803771973,54.79567337036133,125.4281005859375,138.19979858398438,4166.4501953125
2021-06-21,18.34320640563965,263.0,223.41281127929688,103.7762451171875,129.25123596191406,192.34388732910156,149.6999969482422,70.45787811279297,88.24559783935547,251.5716094970703,15.5780029296875,55.96633529663086,128.3344268798828,141.73562622070312,4224.7900390625
2021-06-22,18.80061149597168,262.20001220703125,224.91241455078125,105.50238800048828,129.15460205078125,191.68972778320312,149.67999267578125,71.6288070678711,88.22004699707031,254.330322265625,15.592585563659668,55.71419143676758,129.19142150878906,141.82725524902344,4246.43994140625
2021-06-23,18.9703311920166,255.1999969482422,225.00502014160156,107.58818054199219,128.8259735107422,191.2012939453125,151.5800018310547,71.49571990966797,88.06680297851562,254.10044860839844,15.818638801574707,55.66915512084961,128.68838500976562,141.97378540039062,4241.83984375
2021-06-24,19.11790657043457,256.6300048828125,227.19883728027344,108.8613510131836,129.16427612304688,192.99801635742188,150.72999572753906,71.84168243408203,88.7734146118164,255.46060180664062,15.93774127960205,56.020355224609375,129.21932983398438,142.4226531982422,4266.490234375
2021-06-25,18.94420623779297,262.3399963378906,230.1610107421875,109.57569885253906,129.18360900878906,193.46900939941406,149.6699981689453,73.12788391113281,89.90562438964844,253.86090087890625,16.192956924438477,57.10997009277344,129.3404541015625,145.21652221679688,4280.7001953125
2021-06-28,19.89385223388672,255.0800018310547,228.24488830566406,105.97682189941406,128.77761840820312,191.07049560546875,149.94000244140625,73.14562225341797,91.0123062133789,257.4051513671875,15.889127731323242,56.047386169433594,129.78753662109375,143.41195678710938,4290.60986328125
2021-06-29,19.93541145324707,253.5500030517578,229.74447631835938,105.714599609375,128.5360107421875,191.2187957763672,146.0800018310547,73.6512451171875,91.54861450195312,259.9722595214844,16.09329605102539,55.90330123901367,129.65719604492188,142.7340850830078,4291.7998046875
2021-06-30,19.911272048950195,256.05999755859375,230.38314819335938,106.52840423583984,129.03858947753906,194.8732452392578,153.13999938964844,72.57791137695312,91.34431457519531,259.49334716796875,15.976632118225098,55.80424118041992,129.75961303710938,143.0638885498047,4297.5
2021-07-01,20.119815826416016,256.510009765625,232.33639526367188,106.72734832763672,129.4639129638672,194.8644561767578,153.0800018310547,72.70209503173828,92.34034729003906,260.1638488769531,16.086008071899414,56.452606201171875,130.60731506347656,143.6776123046875,4319.93994140625
2021-07-02,20.393564224243164,259.5,232.2716064453125,106.51033020019531,130.4304656982422,195.29188537597656,150.22999572753906,73.61576843261719,92.56167602539062,265.95904541015625,15.932878494262695,55.97532272338867,130.44900512695312,143.35699462890625,4352.33984375
2021-07-06,20.60409164428711,256.4599914550781,228.8188018798828,104.1502456665039,128.55532836914062,194.0446319580078,148.3699951171875,72.63114929199219,92.42546081542969,265.96875,15.680091857910156,55.13785934448242,129.07032775878906,143.6409912109375,4343.5400390625
2021-07-07,20.278833389282227,256.69000244140625,230.42947387695312,102.60401153564453,130.75914001464844,197.210693359375,143.72000122070312,73.19886016845703,93.4810791015625,268.14306640625,15.650921821594238,55.70518493652344,130.43031311035156,143.7875213623047,4358.1298828125
2021-07-08,19.811975479125977,250.97000122070312,223.39427185058594,102.69441986083984,128.58433532714844,195.1522979736328,142.52999877929688,72.83293914794922,93.8301010131836,265.73883056640625,15.410287857055664,54.111289978027344,128.1015625,141.38755798339844,4320.81982421875
2021-07-09,19.958803176879883,253.02999877929688,230.44796752929688,105.2534408569336,130.9427947998047,198.5538330078125,149.63999938964844,73.689697265625,95.26029205322266,266.2369079589844,15.872113227844238,55.45304489135742,128.80015563964844,143.8058319091797,4369.5498046875
2021-07-12,20.4189453125,253.0,232.9473114013672,104.62047576904297,131.74502563476562,198.04798889160156,146.69000244140625,73.38627624511719,95.06449127197266,265.6429748535156,15.78703784942627,57.01091766357422,128.66049194335938,143.93408203125,4384.6298828125
2021-07-13,20.157642364501953,251.30999755859375,231.04969787597656,103.68907928466797,130.49818420410156,194.94293212890625,143.41000366210938,71.5567398071289,95.03043365478516,269.14886474609375,15.648491859436035,56.371559143066406,124.85985565185547,142.16619873046875,4369.2099609375
2021-07-14,19.75100326538086,256.7300109863281,228.5040740966797,102.80293273925781,130.3145294189453,196.19894409179688,139.08999633789062,71.25330352783203,95.62635040283203,270.61444091796875,15.512374877929688,56.52465057373047,126.56455993652344,142.02877807617188,4374.2998046875
2021-07-15,18.879749298095703,256.80999755859375,230.36468505859375,100.88597106933594,131.19407653808594,195.03890991210938,137.5,70.65535736083984,95.915771484375,269.1968078613281,15.524528503417969,56.97489929199219,127.91523742675781,142.94480895996094,4360.02978515625
2021-07-16,18.078170776367188,255.17999267578125,228.4392547607422,98.27269744873047,131.67739868164062,191.7071533203125,134.30999755859375,69.0489501953125,95.21770477294922,268.9285888671875,15.305768013000488,57.01992416381836,129.0144500732422,142.67910766601562,4327.16015625
2021-07-19,18.6940975189209,245.60000610351562,220.41360473632812,93.85099792480469,128.61328125,188.715576171875,131.8800048828125,68.9864730834961,93.14055633544922,265.3460388183594,15.077288627624512,55.272945404052734,126.60181427001953,138.74942016601562,4258.490234375
2021-07-20,18.527111053466797,250.58999633789062,227.55062866210938,98.59825134277344,132.16065979003906,194.7249298095703,136.08999633789062,69.82538604736328,94.03443145751953,267.558837890625,15.269309997558594,56.128414154052734,131.66925048828125,141.18601989746094,4323.06005859375
2021-07-21,19.321475982666016,254.8300018310547,232.4567108154297,100.04501342773438,132.44100952148438,195.3965301513672,139.25,69.87892150878906,94.82610321044922,269.5513000488281,15.347090721130371,56.38056182861328,130.84945678710938,141.0303192138672,4358.68994140625
2021-07-22,19.504634857177734,254.19000244140625,228.53179931640625,99.37588500976562,132.58595275878906,193.2596893310547,139.47000122070312,68.83475494384766,94.44305419921875,274.0917053222656,14.894989967346191,55.45304489135742,126.65771484375,139.61045837402344,4367.47998046875
2021-07-23,19.468801498413086,257.0799865722656,230.39244079589844,99.45726013183594,133.22390747070312,195.8849334716797,138.72999572753906,69.3613052368164,95.55824279785156,277.4730224609375,14.785613059997559,55.290958404541016,129.64784240722656,142.00128173828125,4411.7900390625
2021-07-26,19.206008911132812,256.54998779296875,232.4844512939453,100.77743530273438,132.6632843017578,191.99497985839844,142.0,70.10203552246094,95.92428588867188,276.8790283203125,14.741861343383789,55.768218994140625,128.59524536132812,142.69749450683594,4422.2998046875
2021-07-27,19.120393753051758,256.94000244140625,231.00338745117188,99.59288024902344,132.45066833496094,192.26535034179688,141.5800018310547,69.57548522949219,96.38399505615234,274.47479248046875,14.693248748779297,55.7412109375,127.33770751953125,143.5585174560547,4401.4599609375
2021-07-28,19.41405487060547,256.7900085449219,233.3268280029297,99.84606170654297,132.29598999023438,192.134521484375,143.3000030517578,69.7986068725586,96.00090789794922,274.1682434082031,14.984926223754883,54.8046760559082,126.30375671386719,143.46690368652344,4400.64013671875
2021-07-29,19.572328567504883,259.9800109863281,239.9454345703125,99.61099243164062,133.96812438964844,192.7799530029297,143.47000122070312,70.51255798339844,96.73301696777344,274.4365234375,15.145347595214844,56.92085647583008,126.21989440917969,144.68524169921875,4419.14990234375
2021-07-30,19.410070419311523,258.2200012207031,238.41810607910156,102.64921569824219,134.40316772460938,190.1197967529297,144.00999450683594,71.03018188476562,97.46086120605469,272.9134216308594,15.035968780517578,57.29006576538086,127.24456024169922,144.55697631835938,4395.259765625
2021-08-02,19.6599178314209,253.97999572753906,239.21417236328125,106.69116973876953,133.6105499267578,191.2012939453125,145.49000549316406,71.5121078491211,96.96421813964844,272.8272705078125,15.279033660888672,58.010467529296875,126.56455993652344,144.0531768798828,4387.16015625
2021-08-03,19.724624633789062,251.2899932861328,240.55638122558594,113.22882080078125,134.13250732421875,194.73367309570312,145.64999389648438,72.94004821777344,98.30001068115234,275.03033447265625,14.90471363067627,58.72187042236328,128.37168884277344,144.7676544189453,4423.14990234375
2021-08-04,20.181533813476562,247.60000610351562,236.5667266845703,111.38417053222656,132.15101623535156,193.1724395751953,147.39999389648438,72.61875915527344,97.83763885498047,274.4460754394531,15.060275077819824,58.073509216308594,126.19193267822266,142.55091857910156,4402.66015625
2021-08-05,20.542877197265625,260.7900085449219,242.2411651611328,112.6048812866211,132.3249969482422,194.45457458496094,150.32000732421875,72.71692657470703,98.72816467285156,277.32928466796875,15.179377555847168,58.9019775390625,127.89659881591797,145.45465087890625,4429.10009765625
2021-08-06,20.273109436035156,267.04998779296875,246.91751098632812,111.34798431396484,132.2476806640625,195.75411987304688,149.99000549316406,73.33271026611328,98.82234191894531,277.2718811035156,15.437026023864746,59.79347610473633,128.1201934814453,146.59048461914062,4436.52001953125
2021-08-09,20.202442169189453,262.2699890136719,246.93605041503906,109.16876983642578,131.50338745117188,194.89938354492188,149.44000244140625,73.40411376953125,98.62539672851562,276.18939208984375,15.512374877929688,60.09065246582031,127.02099609375,146.27908325195312,4432.35009765625
2021-08-10,19.84507942199707,263.6099853515625,249.5577850341797,109.40390014648438,132.22833251953125,196.5478057861328,147.9499969482422,73.6986312866211,99.21623992919922,274.3790588378906,15.505084037780762,60.189697265625,127.13274383544922,148.65159606933594,4436.75
2021-08-11,19.609159469604492,257.8599853515625,252.24464416503906,111.01344299316406,132.8566131591797,200.4639434814453,148.16000366210938,73.8056869506836,99.97830963134766,274.8675842285156,15.536681175231934,60.8110466003418,127.77552795410156,150.23626708984375,4442.41015625
2021-08-12,19.814220428466797,259.0,253.62057495117188,112.31554412841797,132.6632843017578,198.71083068847656,151.14999389648438,74.12698364257812,99.76423645019531,277.60711669921875,15.427302360534668,61.22528076171875,127.71031188964844,152.0042266845703,4460.830078125
2021-08-13,20.09592628479004,262.489990234375,253.03494262695312,112.53254699707031,132.65362548828125,200.72561645507812,152.75999450683594,73.43089294433594,100.32938385009766,280.5191345214844,15.364105224609375,61.27029037475586,128.55796813964844,151.1431427001953,4468.0
2021-08-16,19.859012603759766,261.1199951171875,252.1888427734375,110.7693099975586,133.01126098632812,202.025146484375,148.57000732421875,73.00250244140625,101.2027816772461,282.1954040527344,15.201252937316895,61.03616714477539,130.3837432861328,152.64541625976562,4479.7099609375
2021-08-17,19.36925506591797,261.3999938964844,249.83677673339844,107.79431915283203,131.71607971191406,197.0536651611328,143.89999389648438,71.85124206542969,100.21807098388672,280.7394714355469,15.004368782043457,60.784034729003906,130.49549865722656,153.41488647460938,4448.080078125
2021-08-18,18.953161239624023,258.4599914550781,245.45787048339844,105.15396118164062,130.48851013183594,192.18690490722656,146.74000549316406,71.10159301757812,98.22293853759766,279.0215759277344,14.972773551940918,60.072635650634766,130.3744659423828,151.170654296875,4400.27001953125
2021-08-19,19.70770263671875,255.14999389648438,242.05520629882812,103.86090087890625,129.87954711914062,189.78367614746094,142.64999389648438,70.73567962646484,98.69390106201172,284.81829833984375,14.795333862304688,59.3702392578125,130.61660766601562,149.8057403564453,4405.7998046875
2021-08-20,20.72106170654297,257.8299865722656,243.20799255371094,105.13587188720703,130.26622009277344,192.54644775390625,143.6999969482422,71.99403381347656,98.83090209960938,292.1026306152344,15.060275077819824,59.64938735961914,129.08897399902344,151.26223754882812,4441.669921875
2021-08-23,21.857852935791016,261.2300109863281,246.3875732421875,106.9353256225586,130.76876831054688,194.8532257080078,146.7899932861328,72.03865051269531,98.87371063232422,292.3809814453125,15.155074119567871,60.20771026611328,129.5640411376953,152.69126892089844,4479.52978515625
2021-08-24,21.693605422973633,263.8599853515625,249.28823852539062,108.9607925415039,131.5323944091797,197.642333984375,161.4199981689453,72.09220886230469,97.86331176757812,290.4326477050781,15.325215339660645,60.49586868286133,130.78427124023438,152.73704528808594,4486.22998046875
2021-08-25,22.1116886138916,262.2900085449219,253.50904846191406,108.52677154541016,132.07371520996094,198.45799255371094,160.35000610351562,73.4219741821289,97.81193542480469,289.84722900390625,15.5634183883667,61.10822296142578,131.4736328125,154.63320922851562,4496.18994140625
2021-08-26,21.96735191345215,256.80999755859375,251.0360107421875,105.16300201416016,131.4357452392578,197.19503784179688,152.72999572753906,76.88467407226562,97.09266662597656,287.0447692871094,15.49535846710205,60.576908111572266,130.44900512695312,153.17672729492188,4470.0
2021-08-27,22.532766342163086,261.8399963378906,256.98614501953125,106.98052215576172,132.2670135498047,199.30880737304688,154.17999267578125,77.69680786132812,97.93180847167969,287.64947509765625,15.85753059387207,61.3963623046875,131.79965209960938,155.75173950195312,4509.3701171875
2021-08-30,22.584524154663086,260.0899963378906,253.60198974609375,105.82310485839844,132.5376434326172,198.361572265625,156.02000427246094,78.86592864990234,98.06025695800781,291.3636169433594,15.660646438598633,60.342796325683594,133.28076171875,155.06198120117188,4528.7900390625
2021-08-31,22.286840438842773,263.2799987792969,253.7228546142578,105.00927734375,131.4261016845703,197.30027770996094,154.99000549316406,79.36568450927734,98.01744079589844,289.72247314453125,15.736111640930176,60.849700927734375,134.12841796875,156.44146728515625,4522.68017578125
2021-09-01,22.342586517333984,263.8599853515625,253.1371307373047,107.55018615722656,129.6958770751953,197.28277587890625,156.58999633789062,79.7137451171875,97.28963470458984,289.67449951171875,15.906519889831543,61.39284896850586,134.65013122558594,155.9448699951172,4524.08984375
2021-09-02,22.297788619995117,262.55999755859375,254.68045043945312,106.23905181884766,131.27142333984375,200.16836547851562,157.1999969482422,80.09749603271484,97.37525177001953,289.0218200683594,15.733678817749023,61.98125457763672,137.5936737060547,156.86456298828125,4536.9501953125
2021-09-03,22.742826461791992,261.9200134277344,253.2022247314453,103.83377075195312,130.87513732910156,199.0105743408203,158.0,81.5254135131836,97.27249145507812,289.0122985839844,15.702033996582031,61.63725662231445,137.98486328125,156.6806182861328,4535.43017578125
2021-09-07,22.562625885009766,260.239990234375,250.8686981201172,102.08859252929688,128.6809844970703,194.56378173828125,165.0,80.32060241699219,95.29450988769531,288.0909118652344,15.733678817749023,61.15747833251953,133.34593200683594,154.97003173828125,4520.02978515625
2021-09-08,22.241039276123047,263.5799865722656,250.1807098388672,100.10830688476562,128.4393310546875,195.8618927001953,163.92999267578125,79.89222717285156,95.9795150756836,288.11968994140625,15.34903621673584,62.089881896972656,134.92955017089844,157.37953186035156,4514.06982421875
2021-09-09,22.079750061035156,264.6000061035156,250.5989990234375,102.8662338256836,127.35674285888672,193.23060607910156,166.0,82.18582153320312,95.32019805908203,285.2789001464844,15.375816345214844,62.11703872680664,133.46707153320312,156.19314575195312,4493.27978515625
2021-09-10,22.37942886352539,260.75,247.97735595703125,101.84444427490234,126.07122802734375,191.76585388183594,165.1999969482422,82.39110565185547,94.4468002319336,283.8009033203125,15.288178443908691,62.40671920776367,134.6593780517578,154.43663024902344,4458.580078125
2021-09-13,22.05485725402832,260.010009765625,250.63629150390625,102.81195831298828,126.38099670410156,192.2745819091797,160.32000732421875,81.88240814208984,93.71896362304688,285.02935791015625,15.137246131896973,63.65592575073242,132.52621459960938,154.11474609375,4468.72998046875
2021-09-14,22.14446449279785,255.75,247.83786010742188,101.02156829833984,127.0489730834961,189.51174926757812,163.3000030517578,82.27510070800781,93.8987808227539,287.7166442871094,14.947358131408691,63.474876403808594,130.00181579589844,152.4869384765625,4443.0498046875
2021-09-15,22.243026733398438,259.8299865722656,252.19815063476562,101.39234161376953,127.23284912109375,193.35337829589844,166.3699951171875,83.26570892333984,93.94158935546875,292.5440979003906,15.010651588439941,63.74646759033203,131.8790283203125,150.7396697998047,4480.7001953125
2021-09-16,22.14446449279785,261.3800048828125,252.17962646484375,101.84444427490234,128.15255737304688,192.485107421875,168.14999389648438,82.96226501464844,93.65047454833984,292.9280090332031,14.96196460723877,63.86412811279297,131.86965942382812,149.8292236328125,4473.75
2021-09-17,21.803964614868164,258.239990234375,250.5989990234375,102.21517181396484,125.98409271240234,187.3453369140625,166.58999633789062,80.32955169677734,93.14525604248047,287.79339599609375,14.981440544128418,62.96796417236328,129.29208374023438,148.4681396484375,4432.990234375
2021-09-20,21.02041244506836,255.0399932861328,238.28994750976562,100.41574096679688,123.68008422851562,185.82801818847656,161.63999938964844,79.40137481689453,92.80274963378906,282.44775390625,14.523768424987793,61.999351501464844,128.19003295898438,146.05865478515625,4357.72998046875
2021-09-21,21.15283203125,252.2899932861328,235.67747497558594,99.63809967041016,123.37032318115234,184.18785095214844,169.2899932861328,78.61601257324219,92.9054946899414,282.9276123046875,14.458039283752441,61.39284896850586,126.36885833740234,146.0954132080078,4354.18994140625
2021-09-22,21.844783782958984,256.8900146484375,240.91168212890625,102.40507507324219,123.75755310058594,185.95957946777344,169.9600067138672,80.30277252197266,93.65047454833984,286.5552978515625,14.667397499084473,62.39765167236328,127.35884094238281,147.22662353515625,4395.64013671875
2021-09-23,22.383411407470703,264.5199890136719,248.92562866210938,105.22354888916016,125.11282348632812,188.89779663085938,175.1300048828125,82.80162811279297,94.45535278320312,287.49591064453125,15.139678001403809,62.80501174926758,129.4601593017578,147.07025146484375,4448.97998046875
2021-09-24,21.98417091369629,267.1099853515625,252.3189697265625,105.96044921875,125.47101593017578,188.21365356445312,175.8800048828125,83.56914520263672,94.17279052734375,287.2943420410156,15.271134376525879,62.8231086730957,128.2647247314453,148.2106170654297,4455.47998046875
2021-09-27,21.565017700195312,270.32000732421875,258.08319091796875,107.32510375976562,125.40323638916016,190.2310028076172,174.25999450683594,83.7654800415039,93.1366958618164,282.3229675292969,15.991724967956543,64.16284942626953,127.84444427490234,148.7348175048828,4443.10986328125
2021-09-28,20.608226776123047,266.760009765625,252.08656311035156,108.27124786376953,123.1960678100586,188.7223663330078,168.5800018310547,81.93595886230469,91.38990783691406,272.10186767578125,15.874874114990234,64.03612518310547,125.69647216796875,146.59205627441406,4352.6298828125
2021-09-29,20.42702865600586,265.9200134277344,251.6775665283203,106.3425521850586,122.77979278564453,188.63470458984375,168.07000732421875,80.61512756347656,92.34893035888672,272.5625305175781,15.762889862060547,64.88703918457031,126.28480529785156,147.70480346679688,4359.4599609375
2021-09-30,20.625154495239258,261.2699890136719,245.55088806152344,101.0204086303711,120.04983520507812,183.26693725585938,167.75,80.10643005371094,96.28777313232422,270.5663146972656,15.176193237304688,63.592552185058594,123.44568634033203,145.0745849609375,4307.5400390625
2021-10-01,20.651042938232422,266.70001220703125,249.6507568359375,104.43205261230469,120.96951293945312,183.6791534423828,173.00999450683594,80.83822631835938,98.5997085571289,277.4571228027344,15.706897735595703,64.2805404663086,123.7165298461914,146.2241668701172,4357.0400390625
2021-10-04,19.64546775817871,261.57000732421875,246.2667236328125,106.77012634277344,119.1785888671875,187.25762939453125,164.5,79.91010284423828,98.4798355102539,271.7083435058594,15.555964469909668,63.520145416259766,121.652587890625,144.6607208251953,4300.4599609375
2021-10-05,20.36131477355957,260.9200134277344,253.74142456054688,108.6715316772461,121.4051513671875,189.169677734375,164.74000549316406,80.58836364746094,100.03825378417969,277.130859375,16.33498191833496,64.92325592041016,121.12024688720703,147.0978240966797,4345.72021484375
2021-10-06,20.609224319458008,260.7900085449219,253.98321533203125,104.86872100830078,121.44384002685547,189.54684448242188,167.25,80.46338653564453,101.07432556152344,281.3056640625,16.851078033447266,65.56597900390625,120.77467346191406,148.15542602539062,4363.5498046875
2021-10-07,20.98258399963379,263.7799987792969,256.9209899902344,106.63365936279297,121.5116195678711,189.59066772460938,169.60000610351562,81.80057525634766,101.5881118774414,282.9755859375,17.189462661743164,65.5569076538086,122.84799194335938,149.61766052246094,4399.759765625
2021-10-08,20.739646911621094,262.54998779296875,259.4776611328125,103.03099822998047,122.16022491455078,189.03811645507812,169.97000122070312,82.12362670898438,101.6137924194336,282.9755859375,17.445083618164062,66.09098815917969,122.76394653320312,149.17625427246094,4391.33984375
2021-10-11,20.60424041748047,254.97000122070312,257.7391662597656,101.40252685546875,120.48545837402344,187.40675354003906,166.6699981689453,82.2851791381836,100.47494506835938,282.38055419921875,17.505935668945312,65.72889709472656,120.5692367553711,148.2933807373047,4361.18994140625
2021-10-12,20.58034896850586,255.14999389648438,259.8402404785156,104.67766571044922,119.45933532714844,188.22242736816406,172.75,80.98390197753906,100.46637725830078,281.0849609375,17.469423294067383,65.1405029296875,119.87814331054688,148.36697387695312,4350.64990234375
2021-10-13,20.847171783447266,257.44000244140625,258.7803649902344,105.74209594726562,120.30155181884766,186.9331512451172,173.5800018310547,80.99288177490234,100.57770538330078,284.37677001953125,17.289274215698242,64.80557250976562,120.4011459350586,147.3093719482422,4363.7998046875
2021-10-14,21.650634765625,261.010009765625,265.7344970703125,107.27960205078125,124.28028869628906,192.0377655029297,170.5,82.87747955322266,101.68228912353516,290.5574645996094,17.245458602905273,65.5478744506836,123.61382293701172,150.1602325439453,4438.259765625
2021-10-15,21.766124725341797,272.260009765625,269.49041748046875,108.07111358642578,124.23188018798828,192.23072814941406,169.17999267578125,84.73516082763672,102.02479553222656,291.9586181640625,17.30630874633789,65.28533935546875,125.23884582519531,149.4245147705078,4471.3701171875
2021-10-18,22.124549865722656,269.07000732421875,268.69091796875,108.55326843261719,124.85144805908203,195.23915100097656,172.32000732421875,81.07363891601562,102.84681701660156,294.9145812988281,17.43533706665039,64.93231201171875,125.92057800292969,149.39694213867188,4486.4599609375
2021-10-19,22.192256927490234,275.4100036621094,272.56781005859375,107.89825439453125,125.98409271240234,197.5985107421875,170.74000549316406,81.49544525146484,104.302490234375,295.8167724609375,17.948999404907227,65.48450469970703,125.8178482055664,150.2798309326172,4519.6298828125
2021-10-20,22.00607681274414,274.8800048828125,275.8681335449219,107.97102355957031,126.1292953491211,199.99293518066406,169.75999450683594,81.396728515625,104.3709945678711,295.0297546386719,18.2581729888916,66.17247772216797,127.80711364746094,151.6409149169922,4536.18994140625
2021-10-21,22.592487335205078,277.3399963378906,275.2917785644531,110.52747344970703,126.35198974609375,186.3893280029297,170.5,83.22747802734375,104.7905502319336,298.2447814941406,18.039073944091797,66.05479431152344,122.8293228149414,151.76968383789062,4549.77978515625
2021-10-22,22.626340866088867,277.32000732421875,277.2348327636719,112.01949310302734,126.95213317871094,184.5649871826172,166.63999938964844,83.46977233886719,105.98078155517578,296.7093505859375,18.131580352783203,67.07770538330078,124.69717407226562,152.2846221923828,4544.89990234375
2021-10-25,23.06441307067871,280.9700012207031,277.0489196777344,112.87467193603516,126.3228988647461,184.32818603515625,169.24000549316406,83.55054473876953,105.4755630493164,295.7208251953125,17.997690200805664,66.80615997314453,122.44640350341797,151.3558349609375,4566.47998046875
2021-10-26,24.608613967895508,275.6300048828125,276.4073486328125,113.16577911376953,126.46810913085938,180.34622192382812,171.13999938964844,81.36082458496094,105.77526092529297,297.6210021972656,17.705562591552734,66.02762603759766,120.9334716796875,149.22222900390625,4574.7900390625
2021-10-27,24.343774795532227,262.7099914550781,275.48699951171875,110.82769012451172,125.73238372802734,177.19749450683594,169.10000610351562,79.31470489501953,104.87618255615234,310.1550598144531,17.46698570251465,65.90995025634766,118.97222900390625,148.06344604492188,4551.68017578125
2021-10-28,24.831626892089844,252.22999572753906,282.1901550292969,113.49329376220703,127.7750015258789,180.51283264160156,171.6999969482422,80.50828552246094,105.62969970703125,311.2874755859375,17.18702507019043,66.78803253173828,119.49523162841797,150.39935302734375,4596.419921875
2021-10-29,25.454883575439453,247.41000366210938,280.8885803222656,115.6949462890625,128.1719207763672,178.24993896484375,170.66000366210938,80.14032745361328,106.1290054321289,318.2647399902344,17.247888565063477,66.01859283447266,119.82210540771484,148.3485870361328,4605.3798828125
2021-11-01,25.7137393951416,250.22000122070312,284.2725524902344,118.04215240478516,129.76919555664062,179.60943603515625,174.60000610351562,80.87620544433594,104.6827392578125,316.10540771484375,18.11210823059082,66.20869445800781,121.28834533691406,148.477294921875,4613.669921875
2021-11-02,26.285221099853516,242.25,286.22491455078125,106.5608901977539,135.38401794433594,179.87257385253906,172.8699951171875,81.00186157226562,106.25814056396484,319.71392822265625,18.07802963256836,65.88282775878906,122.53045654296875,148.7072296142578,4630.64990234375
2021-11-03,26.481355667114258,241.97000122070312,288.4283752441406,111.84662628173828,136.51661682128906,185.0912628173828,172.8699951171875,80.76850891113281,106.27533721923828,320.5489196777344,18.384763717651367,67.05055236816406,120.8400650024414,152.1927032470703,4660.56982421875
2021-11-04,29.67031478881836,241.75,285.1279296875,113.13848876953125,135.91644287109375,183.83700561523438,178.4499969482422,81.396728515625,106.52500915527344,322.89068603515625,18.153493881225586,65.12240600585938,122.41841125488281,151.03392028808594,4680.06005859375
2021-11-05,29.621530532836914,244.75999450683594,284.8293151855469,116.03153991699219,136.43917846679688,185.95079040527344,201.6199951171875,81.71082305908203,107.29119110107422,322.5259704589844,17.970914840698242,65.0228500366211,122.72659301757812,149.47972106933594,4697.52978515625
2021-11-08,30.668916702270508,247.38999938964844,286.4063720703125,117.32341766357422,134.91934204101562,187.7926788330078,200.32000732421875,82.46464538574219,106.05152893066406,323.41845703125,17.929529190063477,64.71504974365234,123.2962646484375,148.30258178710938,4701.7001953125
2021-11-09,30.52256202697754,244.0800018310547,284.7920227050781,117.4689712524414,134.90965270996094,188.44174194335938,194.67999267578125,82.3839111328125,105.8621597290039,322.4203186035156,17.768850326538086,65.33061981201172,124.18350219726562,147.53924560546875,4685.25
2021-11-10,29.32981300354004,243.75999450683594,284.44671630859375,114.87616729736328,134.9677276611328,191.28347778320312,192.22000122070312,82.04287719726562,105.98265838623047,317.4776916503906,17.829713821411133,65.62029266357422,123.8659896850586,146.84033203125,4646.7099609375
2021-11-11,30.256729125976562,239.0399932861328,285.6412048339844,113.86630249023438,134.29006958007812,193.04641723632812,191.61000061035156,82.50056457519531,106.2323226928711,319.0420837402344,17.81754493713379,66.24491119384766,123.66051483154297,147.53005981445312,4649.27001953125
2021-11-12,30.256729125976562,241.52000427246094,287.89935302734375,113.63886260986328,135.7809295654297,194.05508422851562,206.5399932861328,80.58006286621094,107.26537322998047,323.15936279296875,17.87110137939453,64.95043182373047,126.24746704101562,147.3461456298828,4682.85009765625
2021-11-15,29.89333152770996,241.63999938964844,287.1061096191406,113.74803924560547,135.61634826660156,194.43215942382812,207.2100067138672,79.7454605102539,107.16207885742188,322.5355529785156,18.02203369140625,65.4754409790039,125.18277740478516,147.2449951171875,4682.7998046875
2021-11-16,30.070552825927734,237.27000427246094,288.039306640625,116.09525299072266,136.89419555664062,196.1688690185547,207.0399932861328,79.63776397705078,107.65277862548828,325.8370361328125,18.097501754760742,64.5158920288086,126.69573974609375,147.65882873535156,4700.89990234375
2021-11-17,29.132686614990234,231.2100067138672,282.18853759765625,114.35758209228516,136.81671142578125,190.83619689941406,199.11000061035156,78.93777465820312,108.34149169921875,326.05816650390625,17.997690200805664,64.37105560302734,127.45220184326172,148.091064453125,4688.669921875
2021-11-18,31.53609275817871,227.2899932861328,282.8977966308594,114.50314331054688,136.57476806640625,190.48304748535156,204.3300018310547,78.36343383789062,108.04877471923828,328.1253662109375,18.172969818115234,63.81885528564453,126.01399230957031,147.36451721191406,4704.5400390625
2021-11-19,32.84035110473633,227.6699981689453,279.51971435546875,110.81858825683594,137.9300079345703,190.3859100341797,196.4199981689453,77.17881774902344,107.60110473632812,329.8945007324219,18.151063919067383,63.07658767700195,124.95867919921875,146.66558837890625,4697.9599609375
2021-11-22,31.815866470336914,223.94000244140625,281.1621398925781,113.43871307373047,137.44598388671875,191.43649291992188,181.72999572753906,77.34931945800781,107.07598114013672,326.74078369140625,18.528396606445312,63.93653869628906,123.81927490234375,150.21546936035156,4682.93994140625
2021-11-23,31.606786727905273,226.17999267578125,283.644287109375,113.12940979003906,138.53993225097656,191.67486572265625,178.27000427246094,77.8608627319336,108.01433563232422,324.673583984375,18.67202377319336,65.62933349609375,123.31494140625,151.46615600585938,4690.7001953125
2021-11-24,32.53071212768555,228.27000427246094,282.2352294921875,110.5820541381836,138.53993225097656,190.19168090820312,179.88999938964844,80.57108306884766,107.6785888671875,324.894775390625,18.837568283081055,64.74220275878906,123.2962646484375,148.90957641601562,4701.4599609375
2021-11-26,31.36484718322754,215.14999389648438,272.2320556640625,105.92405700683594,134.64830017089844,186.5454864501953,173.86000061035156,79.26084899902344,105.41447448730469,316.98175048828125,18.095067977905273,62.68733215332031,120.82137298583984,145.28009033203125,4594.6201171875
2021-11-29,33.22964096069336,212.97999572753906,274.0703430175781,108.3713150024414,135.5389404296875,187.88746643066406,180.0800018310547,82.13261413574219,106.51640319824219,323.6640319824219,18.343385696411133,62.10798263549805,120.17697143554688,144.10719299316406,4655.27001953125
2021-11-30,32.53270721435547,207.1300048828125,270.2351379394531,105.56924438476562,132.14100646972656,181.7869873046875,172.5399932861328,79.76342010498047,102.61663055419922,317.85662841796875,17.99479103088379,60.17351531982422,115.47001647949219,140.46852111816406,4567.0
2021-12-01,31.300981521606445,200.8300018310547,265.88677978515625,105.9422378540039,131.46334838867188,179.01487731933594,163.0800018310547,80.2839126586914,101.41141510009766,317.3663635253906,18.284875869750977,59.14482498168945,114.67618560791016,137.85491943359375,4513.0400390625
2021-12-02,31.98903465270996,207.8699951171875,276.00189208984375,108.3895034790039,134.43528747558594,185.4596405029297,169.60000610351562,80.93006896972656,103.86490631103516,316.7991027832031,18.65052604675293,61.047428131103516,119.9434814453125,141.25350952148438,4577.10009765625
2021-12-03,30.562149047851562,208.07000732421875,270.7950744628906,105.6875,134.69667053222656,186.38662719726562,166.75,80.81339263916016,103.13314819335938,310.56866455078125,18.2605037689209,60.66508865356445,120.6812973022461,140.58856201171875,4538.43017578125
2021-12-06,29.908937454223633,217.25999450683594,274.0050354003906,111.50092315673828,135.5389404296875,185.6097412109375,180.85000610351562,79.15316009521484,104.96681213378906,313.62615966796875,18.404319763183594,61.60273361206055,122.90403747558594,142.84197998046875,4591.669921875
2021-12-07,32.288753509521484,220.14999389648438,281.4140625,113.28404998779297,136.11083984375,189.1675567626953,183.13999938964844,81.36979675292969,105.99986267089844,322.0198974609375,18.713903427124023,62.130741119384766,123.03477478027344,144.0518035888672,4686.75
2021-12-08,31.690319061279297,223.0500030517578,280.48095703125,112.96564483642578,136.75070190429688,189.5471954345703,186.49000549316406,80.59800720214844,105.92240142822266,322.06805419921875,18.806537628173828,62.36743927001953,123.72586822509766,143.8209686279297,4701.2099609375
2021-12-09,30.36001205444336,221.9499969482422,277.4669189453125,111.59188842773438,136.77980041503906,189.2205352783203,181.4600067138672,80.1492919921875,105.30257415771484,320.2699890136719,18.621273040771484,62.11253356933594,122.2409439086914,143.81167602539062,4667.4501953125
2021-12-10,30.06925392150879,222.80999755859375,277.8961181640625,111.81024932861328,138.38905334472656,191.9750213623047,180.4199981689453,80.15827941894531,106.96406555175781,329.34637451171875,18.58226776123047,62.039703369140625,122.39971923828125,143.14671325683594,4712.02001953125
2021-12-13,28.04093360900879,217.22000122070312,273.25848388671875,109.24469757080078,138.14674377441406,188.21409606933594,171.0399932861328,78.24674224853516,107.09320831298828,326.32733154296875,18.32632064819336,61.2112922668457,121.8393783569336,142.32479858398438,4668.97021484375
2021-12-14,28.216184616088867,216.1699981689453,272.6985778808594,106.31524658203125,136.82826232910156,187.94923400878906,167.9600067138672,77.93265533447266,105.39726257324219,315.6933898925781,18.51645278930664,61.94866943359375,121.06421661376953,141.77069091796875,4634.08984375
2021-12-15,30.329139709472656,215.2100067138672,278.2973937988281,105.39640808105469,139.8723602294922,191.2952880859375,168.13999938964844,79.60186004638672,107.85076141357422,321.7602844238281,18.65052604675293,61.87584686279297,121.74597930908203,141.7429656982422,4709.85009765625
2021-12-16,28.265972137451172,216.38999938964844,280.1543884277344,104.0954360961914,139.45547485351562,191.4718017578125,156.3800048828125,79.10829162597656,107.30841064453125,312.3858337402344,19.162433624267578,62.90452194213867,122.92269897460938,142.02931213378906,4668.669921875
2021-12-17,27.682470321655273,214.25999450683594,274.9288330078125,104.6685791015625,135.55831909179688,184.82398986816406,157.91000366210938,79.02751922607422,106.6541519165039,311.3282165527344,18.80409812927246,61.63005447387695,119.76675415039062,139.06478881835938,4620.64013671875
2021-12-20,27.60082244873047,211.1999969482422,264.84161376953125,99.07350158691406,134.7439727783203,180.55101013183594,157.22999572753906,78.55186462402344,106.57666015625,307.5881042480469,18.299503326416016,60.17351531982422,116.35796356201172,136.26646423339844,4568.02001953125
2021-12-21,28.95104217529297,219.91000366210938,274.8074951171875,101.86648559570312,136.30477905273438,184.08236694335938,165.66000366210938,80.67877960205078,108.84077453613281,314.6838073730469,18.85285186767578,61.48439025878906,118.33393096923828,139.70196533203125,4649.22998046875
2021-12-22,29.274656295776367,222.7899932861328,278.71728515625,102.15758514404297,136.74099731445312,183.79103088378906,169.2899932861328,80.67877960205078,114.8497085571289,320.3661193847656,19.19900131225586,61.56631851196289,118.23091888427734,140.09912109375,4696.56005859375
2021-12-23,29.513628005981445,223.69000244140625,282.0672607421875,102.65190887451172,138.21458435058594,185.34486389160156,171.30999755859375,81.33390045166016,115.564208984375,321.79876708984375,19.50126838684082,62.14894104003906,119.19551849365234,140.63478088378906,4725.7900390625
2021-12-27,30.813064575195312,223.1300048828125,286.8356018066406,107.03662109375,140.89028930664062,188.90272521972656,171.67999267578125,83.76593780517578,116.76944732666016,329.25994873046875,19.81328582763672,62.6678466796875,121.34941101074219,141.63218688964844,4791.18994140625
2021-12-28,30.19272232055664,224.80999755859375,285.2305603027344,106.87184143066406,141.8887939453125,191.4894561767578,169.7100067138672,83.69412994384766,116.95025634765625,328.1060791015625,19.85228729248047,62.940940856933594,122.73538970947266,142.07542419433594,4786.35009765625
2021-12-29,29.87309455871582,225.82000732421875,284.98797607421875,107.52178955078125,142.90672302246094,191.92205810546875,167.44000244140625,83.62234497070312,118.26738739013672,328.7791442871094,19.73528289794922,63.3323860168457,123.96218872070312,142.8604736328125,4793.06005859375
2021-12-30,29.45986557006836,225.64999389648438,281.7779235839844,107.95201110839844,141.99545288085938,189.14991760253906,168.77999877929688,82.2851791381836,117.46675109863281,326.25048828125,19.520769119262695,62.92273712158203,123.20365142822266,142.95277404785156,4778.72998046875
2021-12-31,29.285606384277344,223.83999633789062,281.48876953125,108.80333709716797,142.54798889160156,190.14755249023438,166.49000549316406,82.55440521240234,117.50981903076172,323.36602783203125,19.359880447387695,62.84992599487305,124.02776336669922,143.94094848632812,4766.18017578125
2022-01-03,29.992584228515625,231.11000061035156,283.91485595703125,110.68904113769531,139.28094482421875,188.32888793945312,172.67999267578125,82.91338348388672,115.79666900634766,321.8564453125,19.08199119567871,63.27777099609375,121.14340209960938,144.3196258544922,4796.56005859375
2022-01-04,29.16512680053711,237.25,296.8106994628906,113.66404724121094,141.62704467773438,195.01202392578125,170.8000030517578,84.5377197265625,115.57284545898438,316.3375549316406,19.272125244140625,64.47943115234375,123.99028015136719,145.67718505859375,4793.5400390625
2022-01-05,27.486312866210938,237.3000030517578,293.8807067871094,111.7966537475586,139.04827880859375,193.4582061767578,162.25,83.14671325683594,113.36897277832031,304.1939392089844,18.633460998535156,64.05155181884766,121.09656524658203,144.35653686523438,4700.580078125
2022-01-06,28.0578670501709,239.25999450683594,297.8559265136719,109.89265441894531,140.71575927734375,193.99676513671875,159.75,84.13021850585938,112.60282135009766,301.79034423828125,18.84309959411621,65.08935546875,119.9353256225586,143.91323852539062,4696.0498046875
2022-01-07,27.130834579467773,243.02999877929688,297.9771423339844,108.07102966308594,138.03042602539062,193.37876892089844,166.0500030517578,83.22789764404297,110.91547393798828,301.9442138671875,18.82604217529297,65.59912109375,118.5867919921875,146.60073852539062,4677.02978515625
2022-01-10,27.283187866210938,238.02000427246094,297.3426208496094,105.75508117675781,135.94606018066406,192.18692016601562,160.7100067138672,84.09410858154297,108.96991729736328,302.1653137207031,18.51401710510254,65.39884948730469,117.14459228515625,144.3935089111328,4670.2900390625
2022-01-11,27.698408126831055,243.5800018310547,304.2291564941406,107.35700988769531,138.2242889404297,191.0921630859375,168.61000061035156,85.73629760742188,110.855224609375,302.8479919433594,18.869916915893555,65.9086685180664,119.50455474853516,145.42784118652344,4713.06982421875
2022-01-12,27.879629135131836,243.66000366210938,306.25408935546875,105.31568908691406,139.2228240966797,193.2198486328125,169.5399932861328,85.44756317138672,110.43339538574219,306.01116943359375,18.855287551879883,65.83583068847656,119.47643280029297,145.06768798828125,4726.35009765625
2022-01-13,26.461700439453125,246.2100067138672,305.4328918457031,107.43939971923828,139.65904235839844,194.63241577148438,166.0,86.15135192871094,109.0129623413086,293.06011962890625,18.445762634277344,65.91776275634766,118.10919189453125,144.0241241455078,4659.02978515625
2022-01-14,26.827133178710938,244.0,306.60858154296875,105.12344360351562,137.21603393554688,194.341064453125,163.99000549316406,86.08820343017578,107.60972595214844,298.2520751953125,18.22149658203125,65.95417022705078,116.55461883544922,143.04515075683594,4662.85009765625
2022-01-18,25.792564392089844,238.22000122070312,297.8559265136719,102.80752563476562,135.29653930664062,189.41476440429688,154.69000244140625,84.20238494873047,105.9137954711914,290.992919921875,17.53407859802246,64.92549896240234,116.02082061767578,140.9672088623047,4577.10986328125
2022-01-19,24.960132598876953,237.5800018310547,290.9786071777344,103.52152252197266,134.59852600097656,187.70204162597656,154.5800018310547,80.6744155883789,104.39864349365234,291.6465759277344,17.587705612182617,64.14259338378906,115.12181091308594,139.94210815429688,4532.759765625
2022-01-20,24.047040939331055,233.58999633789062,288.71112060546875,100.6380386352539,132.4463348388672,185.15061950683594,158.0,79.22171020507812,104.15760040283203,289.98333740234375,17.60964012145996,64.72521209716797,113.08026123046875,137.70716857910156,4482.72998046875
2022-01-21,23.27434539794922,226.41000366210938,279.3612060546875,99.31988525390625,132.25245666503906,181.74281311035156,156.72999572753906,76.04562377929688,102.16036987304688,284.62786865234375,16.89541244506836,63.10480880737305,113.57662200927734,135.74929809570312,4397.93994140625
2022-01-24,23.272356033325195,225.4499969482422,280.8354797363281,100.99504852294922,132.16522216796875,186.08645629882812,147.89999389648438,78.0667724609375,103.38282012939453,284.9548034667969,16.576078414916992,64.2518310546875,115.70243835449219,138.15972900390625,4410.1298828125
2022-01-25,22.228822708129883,225.77000427246094,278.5679626464844,98.99032592773438,129.79977416992188,184.46200561523438,144.55999755859375,77.34494018554688,102.24644470214844,277.37835693359375,16.022727966308594,64.06976318359375,113.01473236083984,137.70716857910156,4356.4501953125
2022-01-26,22.674911499023438,223.8000030517578,278.81060791015625,96.84834289550781,129.31504821777344,184.2589569091797,142.13999938964844,76.3704605102539,97.76988220214844,285.28167724609375,16.088542938232422,63.9332275390625,112.74312591552734,139.31411743164062,4349.93017578125
2022-01-27,21.850446701049805,223.08999633789062,283.4016418457031,98.12071990966797,128.41343688964844,181.05421447753906,138.41000366210938,75.63960266113281,96.07394409179688,288.2911071777344,15.80577564239502,63.605491638183594,112.85551452636719,137.3285369873047,4326.509765625
2022-01-28,22.742626190185547,231.30999755859375,278.1575012207031,100.04306030273438,130.8661651611328,182.3431396484375,142.77000427246094,77.93143463134766,99.8757095336914,296.3868103027344,16.056856155395508,64.81623840332031,113.51105499267578,139.498779296875,4431.85009765625
2022-01-31,24.381608963012695,238.25999450683594,283.96148681640625,101.4618911743164,132.59178161621094,183.8528289794922,153.97000122070312,78.0577621459961,101.9800796508789,299.0020446777344,16.622392654418945,65.42617797851562,114.93451690673828,140.84716796875,4515.5498046875
2022-02-01,24.532957077026367,240.69000244140625,287.4980773925781,103.9059829711914,132.90200805664062,185.57435607910156,156.94000244140625,78.50890350341797,102.27449798583984,296.8675842285156,17.119674682617188,65.65375518798828,112.37792205810547,139.68350219726562,4546.5400390625
2022-02-02,25.13438606262207,241.17999267578125,292.2663269042969,104.05244445800781,135.51950073242188,186.33364868164062,151.75999450683594,79.9977035522461,104.01516723632812,301.386474609375,17.31468963623047,66.56410217285156,112.5464859008789,141.2904510498047,4589.3798828125
2022-02-03,23.84589958190918,233.99000549316406,283.90557861328125,107.72317504882812,134.0362548828125,191.33941650390625,149.57000732421875,79.3660888671875,102.93267822265625,289.64678955078125,17.114803314208984,65.71748352050781,108.73500061035156,140.19146728515625,4477.43994140625
2022-02-04,24.21531867980957,236.19000244140625,287.4980773925781,108.59278106689453,130.3814239501953,188.66436767578125,155.55999755859375,79.06832122802734,103.84197235107422,294.1561584472656,17.787593841552734,64.19721984863281,111.67554473876953,141.3643798828125,4500.52978515625
2022-02-07,24.622575759887695,235.25999450683594,291.0533752441406,109.24270629882812,131.1278839111328,185.6715087890625,157.91000366210938,78.79764556884766,103.89392852783203,289.3583679199219,17.755905151367188,63.9332275390625,112.80870056152344,141.05955505371094,4483.8701171875
2022-02-08,25.000953674316406,236.27000427246094,294.23529052734375,114.12174987792969,131.32180786132812,187.15467834472656,162.25999450683594,80.40372467041016,104.80322265625,292.8293762207031,17.950918197631836,66.23636627197266,113.98866271972656,144.10719299316406,4521.5400390625
2022-02-09,26.591148376464844,252.0,297.8185729980469,116.39191436767578,132.34942626953125,189.57366943359375,169.52999877929688,82.74066162109375,107.4878158569336,299.2231750488281,18.128864288330078,66.47308349609375,117.22889709472656,153.82272338867188,4587.18017578125
2022-02-10,25.713899612426758,247.42999267578125,295.8238830566406,114.96391296386719,131.35084533691406,186.87217712402344,171.9499969482422,81.25189208984375,104.24034118652344,290.7333068847656,18.12643051147461,66.41844177246094,113.02407836914062,150.1378631591797,4504.080078125
2022-02-11,23.846893310546875,246.47000122070312,284.68011474609375,111.43965911865234,126.81382751464844,184.4443359375,166.52999877929688,80.37666320800781,102.97596740722656,283.67596435546875,17.82172203063965,65.12576293945312,111.3197021484375,149.5467529296875,4418.64013671875
2022-02-14,24.16353988647461,244.69000244140625,281.82403564453125,112.1719741821289,126.18370819091797,186.02464294433594,169.66000366210938,79.21268463134766,102.60359954833984,283.6375427246094,17.599891662597656,63.4143180847168,110.8139877319336,149.60218811035156,4401.669921875
2022-02-15,26.382047653198242,244.3000030517578,288.8847961425781,117.8656997680664,127.3955078125,190.8891143798828,180.07000732421875,81.630859375,104.01516723632812,288.8968505859375,18.014297485351562,64.6432876586914,109.65275573730469,153.0007781982422,4471.06982421875
2022-02-16,26.39797019958496,244.2899932861328,292.2747802734375,119.03739166259766,127.77362060546875,192.77841186523438,186.63999938964844,82.60533905029297,103.9372329711914,288.55963134765625,18.228811264038086,64.83446502685547,107.92025756835938,154.4137725830078,4475.009765625
2022-02-17,24.402517318725586,235.38999938964844,280.37255859375,115.97999572753906,124.39990997314453,190.99505615234375,183.60000610351562,82.17223358154297,100.75901794433594,280.1100158691406,17.346376419067383,64.28826141357422,107.3115234375,153.32400512695312,4380.259765625
2022-02-18,23.54120635986328,233.50999450683594,281.45880126953125,115.87015533447266,124.30296325683594,190.2270050048828,174.89999389648438,82.01882934570312,100.3173599243164,277.4122619628906,17.102611541748047,64.20631408691406,106.88074493408203,152.88072204589844,4348.8701171875
2022-02-22,23.29027557373047,237.3000030517578,278.49957275390625,118.66207885742188,123.54679107666016,185.57022094726562,165.24000549316406,77.70585632324219,100.10084533691406,277.2099304199219,16.64189338684082,64.00603485107422,106.3001480102539,152.4928436279297,4304.759765625
2022-02-23,22.291555404663086,234.8800048828125,273.0307312011719,118.17692565917969,120.95835876464844,180.84231567382812,150.0399932861328,75.87418365478516,98.38617706298828,270.03204345703125,16.04222869873047,63.18673324584961,102.60102844238281,151.08909606933594,4225.5
2022-02-24,23.64675521850586,235.5800018310547,270.9705505371094,118.02129364013672,123.71159362792969,182.1397705078125,158.25999450683594,71.54317474365234,100.27406311035156,283.82891845703125,16.2786865234375,61.42979431152344,104.60509490966797,150.9967498779297,4288.7001953125
2022-02-25,24.05400848388672,237.88999938964844,283.5282897949219,122.76301574707031,125.9025650024414,188.49403381347656,155.08999633789062,72.31012725830078,102.7421646118164,286.4496154785156,16.707714080810547,64.39746856689453,107.78915405273438,156.1807861328125,4384.64990234375
2022-02-28,24.281036376953125,234.1999969482422,280.73779296875,120.86815643310547,125.82499694824219,186.78770446777344,151.49000549316406,70.7220687866211,103.10588073730469,287.8755798339844,16.15599250793457,63.596580505371094,107.2459945678711,157.38641357421875,4373.93994140625
2022-03-01,23.376909255981445,226.11000061035156,261.3345642089844,114.14921569824219,123.4983139038086,179.5181121826172,151.00999450683594,69.7746810913086,101.7981948852539,284.17584228515625,15.201478958129883,60.8597526550293,107.3489990234375,153.12969970703125,4306.259765625
2022-03-02,24.120847702026367,235.52000427246094,271.4761962890625,117.60022735595703,126.98834991455078,185.9612274169922,157.52999877929688,73.17631530761719,104.24898529052734,289.22442626953125,15.565217971801758,63.321983337402344,109.91495513916016,156.61668395996094,4386.5400390625
2022-03-03,23.61692237854004,233.3300018310547,271.9444580078125,114.03022003173828,127.04651641845703,187.20541381835938,151.69000244140625,72.86953735351562,104.28362274169922,285.1103210449219,14.947592735290527,63.40435791015625,110.23334503173828,158.21176147460938,4363.490234375
2022-03-04,22.842105865478516,226.3300018310547,263.6007080078125,106.2310791015625,126.98834991455078,184.406005859375,142.6999969482422,72.49958801269531,107.02019500732422,279.271728515625,14.325080871582031,61.756797790527344,109.84004974365234,157.0896453857422,4328.8701171875
2022-03-07,21.264589309692383,219.1300048828125,248.08384704589844,93.24169158935547,125.54386138916016,181.42884826660156,131.58999633789062,70.93862915039062,106.00696563720703,268.7217102050781,13.94668960571289,59.8437614440918,107.4426498413086,156.03237915039062,4201.08984375
2022-03-08,21.42592430114746,228.2100067138672,244.77809143066406,92.46360778808594,124.89432525634766,183.38400268554688,142.1300048828125,71.20932006835938,102.560302734375,265.7735290527344,14.376344680786133,60.338035583496094,104.3522720336914,154.1220245361328,4170.7001953125
2022-03-09,22.919784545898438,230.25,257.07366943359375,99.4480209350586,126.73941802978516,184.5748748779297,148.30999755859375,72.88758850097656,105.91170501708984,277.96142578125,15.023268699645996,62.1412239074707,107.26470184326172,156.5146484375,4277.8798828125
2022-03-10,22.565250396728516,230.85000610351562,255.2195281982422,99.88742065429688,124.47673797607422,183.97943115234375,151.8000030517578,74.5478286743164,105.81643676757812,275.15771484375,14.996415138244629,61.19844055175781,105.72888946533203,157.0989227294922,4259.52001953125
2022-03-11,22.0095272064209,229.5399932861328,254.59207153320312,98.44109344482422,122.6899185180664,182.80633544921875,145.13999938964844,75.88320922851562,104.43083953857422,269.83941650390625,14.871912002563477,61.28080368041992,104.2398910522461,157.60897827148438,4204.31005859375
2022-03-14,21.2426815032959,226.47000122070312,256.21209716796875,98.48687744140625,123.41824340820312,181.9353790283203,138.5,72.53569030761719,103.82464599609375,266.342041015625,15.084298133850098,61.78423309326172,104.8392105102539,158.2488555908203,4173.10986328125
2022-03-15,22.878955841064453,229.41000366210938,261.821533203125,98.88048553466797,125.64208221435547,180.04244995117188,143.9499969482422,74.07861328125,105.49602508544922,276.66070556640625,15.067211151123047,62.324283599853516,107.59320831298828,160.91046142578125,4262.4501953125
2022-03-16,24.395719528198242,236.52999877929688,275.755859375,104.35453033447266,127.58428955078125,183.2684783935547,155.75,76.56896209716797,107.86021423339844,283.6363220214844,16.058345794677734,63.83456039428711,109.44486999511719,161.6987762451172,4357.85986328125
2022-03-17,24.66461181640625,236.82000732421875,280.8406982421875,109.13286590576172,128.91470336914062,186.93882751464844,157.5500030517578,77.96753692626953,108.78682708740234,284.4359436035156,15.799577713012695,64.38375091552734,110.7137451171875,163.32167053222656,4411.669921875
2022-03-18,26.344709396362305,239.2100067138672,281.7022705078125,111.12841796875,130.86666870117188,190.17367553710938,167.0,80.92705535888672,110.96047973632812,289.4555969238281,16.28537940979004,64.8505859375,111.04271697998047,163.609130859375,4463.1201171875
2022-03-21,26.624553680419922,241.24000549316406,279.8574523925781,108.47380065917969,130.79867553710938,189.1072235107422,161.8000030517578,79.85331726074219,109.68745422363281,288.2320556640625,15.97046184539795,65.45468139648438,110.2061996459961,165.24131774902344,4461.18017578125
2022-03-22,26.415416717529297,243.55999755859375,287.9389343261719,107.35700988769531,130.73072814941406,188.9117431640625,166.44000244140625,79.05029296875,110.37162017822266,292.9530029296875,16.588088989257812,65.7018051147461,110.41300201416016,166.56752014160156,4511.60986328125
2022-03-23,25.52906036376953,240.24000549316406,283.8935241699219,106.52400970458984,128.72047424316406,184.10385131835938,164.16000366210938,78.69837951660156,108.57898712158203,288.54998779296875,16.08519744873047,64.87802124023438,106.39009857177734,165.9739990234375,4456.240234375
2022-03-24,28.034759521484375,243.69000244140625,291.9095764160156,107.63162994384766,128.6719512939453,183.88165283203125,170.8300018310547,77.8682861328125,110.62274169921875,292.9915771484375,16.202377319335938,65.57368469238281,105.8261489868164,169.5907745361328,4520.16015625
2022-03-25,27.578632354736328,246.02999877929688,294.6346130371094,107.50347900390625,129.70130920410156,185.57908630371094,167.22000122070312,77.31787109375,111.46278381347656,292.5868225097656,16.112051010131836,66.5530776977539,105.55357360839844,171.08387756347656,4543.06005859375
2022-03-28,28.103477478027344,243.02000427246094,291.3289794921875,109.03217315673828,129.8081512451172,182.948486328125,167.64999389648438,77.72389221191406,112.4673080444336,299.3504943847656,16.275615692138672,66.26932525634766,106.66268920898438,170.33265686035156,4575.52001953125
2022-03-29,28.538692474365234,249.47000122070312,292.3777770996094,112.25432586669922,132.04168701171875,187.27647399902344,175.52000427246094,79.51947021484375,114.77088165283203,303.8884582519531,16.590530395507812,67.16632080078125,108.13835906982422,168.14405822753906,4631.60009765625
2022-03-30,27.576641082763672,250.22000122070312,290.8606872558594,109.590576171875,131.5172882080078,185.7390594482422,173.6300048828125,78.11187744140625,118.54664611816406,302.39501953125,16.43429183959961,67.29447937011719,106.54048919677734,168.9416046142578,4602.4501953125
2022-03-31,27.174299240112305,249.05999755859375,281.271484375,104.4421157836914,129.33229064941406,182.61082458496094,171.75999450683594,74.89070129394531,118.18292999267578,297.0478210449219,16.090084075927734,65.72927856445312,103.1849594116211,168.62631225585938,4530.41015625
2022-04-01,26.602645874023438,249.60000610351562,278.5089111328125,103.11631774902344,130.49761962890625,181.02891540527344,173.07000732421875,74.1688461303711,120.26131439208984,298.1172790527344,16.300024032592773,66.39746856689453,104.82044219970703,171.9556121826172,4545.85986328125
2022-04-04,27.24799346923828,253.83999633789062,278.6213684082031,105.94283294677734,130.1286163330078,185.38357543945312,177.02000427246094,75.47718811035156,120.64234924316406,303.46453857421875,16.412321090698242,65.00618743896484,104.61363220214844,168.59848022460938,4582.64013671875
2022-04-05,25.824846267700195,256.5,279.5671691894531,101.85498809814453,127.98246765136719,183.30397033691406,171.2100067138672,73.22145080566406,120.59037780761719,299.52398681640625,16.143789291381836,65.4180679321289,103.51392364501953,168.6634063720703,4525.1201171875
2022-04-06,24.30708122253418,253.63999938964844,273.6862487792969,97.5093765258789,128.11839294433594,184.2904510498047,164.66000366210938,72.01235961914062,122.30508422851562,288.55963134765625,15.719017028808594,65.83910369873047,100.54376983642578,171.1580810546875,4481.14990234375
2022-04-07,24.10890007019043,249.66000366210938,270.9143371582031,96.49664306640625,128.47772216796875,182.44192504882812,165.91000366210938,71.55836486816406,121.101318359375,290.3612976074219,15.606719970703125,66.31509399414062,101.93486785888672,172.2523956298828,4500.2099609375
2022-04-08,23.02435874938965,250.5,274.4167175292969,97.23319244384766,128.0115966796875,185.20579528808594,162.55999755859375,70.91368103027344,120.62503051757812,286.1221008300781,15.836196899414062,67.85283660888672,100.28999328613281,172.67898559570312,4488.27978515625
2022-04-11,21.82728385925293,250.1699981689453,272.2816162109375,96.7083740234375,126.12765502929688,187.32093811035156,160.25,70.02385711669922,118.50333404541016,274.8398132324219,15.84107780456543,67.84368133544922,100.12080383300781,173.2817840576172,4412.52978515625
2022-04-12,21.415964126586914,250.74000549316406,269.6408386230469,97.42650604248047,124.97200012207031,187.12542724609375,160.11000061035156,69.36104583740234,118.28684997558594,271.7566833496094,15.87525749206543,68.10913848876953,99.44406127929688,172.47494506835938,4397.4501953125
2022-04-13,22.112102508544922,257.0899963378906,274.1357727050781,99.1205825805664,125.79745483398438,187.196533203125,171.85000610351562,70.16914367675781,119.41264343261719,277.1134948730469,16.031490325927734,68.96952056884766,101.69049072265625,174.13497924804688,4446.58984375
2022-04-14,21.170976638793945,258.6700134277344,272.2534484863281,99.91236114501953,123.37939453125,187.6586456298828,170.6999969482422,68.55292510986328,118.37346649169922,269.6081237792969,15.938729286193848,68.60338592529297,100.97613525390625,175.55386352539062,4392.58984375
2022-04-18,21.693824768066406,255.6999969482422,271.9444580078125,100.07808685302734,123.60275268554688,192.22657775878906,165.74000549316406,69.14312744140625,117.55937957763672,270.2729187011719,15.609161376953125,68.69493103027344,100.19599151611328,175.57244873046875,4391.68994140625
2022-04-19,22.107133865356445,261.1099853515625,278.7149963378906,103.8620834350586,126.37044525146484,201.6201934814453,170.1199951171875,70.0147933959961,119.04022979736328,274.87835693359375,15.982665061950684,67.24872589111328,102.7243881225586,175.75784301757812,4462.2099609375
2022-04-20,21.394060134887695,261.69000244140625,281.7209777832031,106.22822570800781,128.29319763183594,201.13137817382812,164.5500030517578,71.5038833618164,120.91947174072266,275.8996276855469,16.214584350585938,68.32880401611328,105.8261489868164,179.09646606445312,4459.4501953125
2022-04-21,20.100374221801758,258.69000244140625,273.1712646484375,105.17864227294922,128.42918395996094,201.01585388183594,157.91000366210938,70.80473327636719,119.78502655029297,270.5523681640625,15.574984550476074,66.919189453125,105.35618591308594,176.50901794433594,4393.66015625
2022-04-22,19.435110092163086,252.24000549316406,262.2803039550781,100.5844497680664,123.49593353271484,197.62989807128906,156.08999633789062,69.01600646972656,113.7490005493164,264.0199279785156,14.891443252563477,65.45468139648438,107.63079833984375,173.02210998535156,4271.77978515625
2022-04-25,19.820533752441406,251.8800048828125,263.10443115234375,99.82950592041016,123.96208190917969,198.41197204589844,158.38999938964844,70.2780990600586,114.52841186523438,270.4656066894531,15.279596328735352,65.35399627685547,107.82818603515625,173.56927490234375,4296.1201171875
2022-04-26,18.711084365844727,246.50999450683594,247.73727416992188,96.04549407958984,121.7091064453125,195.168212890625,153.0399932861328,68.56200408935547,112.15557861328125,260.3491516113281,14.976884841918945,64.01763916015625,107.36762237548828,171.4640655517578,4175.2001953125
2022-04-27,18.33961296081543,251.6999969482422,249.29183959960938,95.18925476074219,122.72876739501953,195.8880157470703,152.22999572753906,67.69941711425781,113.17743682861328,272.8743896484375,14.930500984191895,64.06339263916016,109.05008697509766,172.51206970214844,4183.9599609375
2022-04-28,19.701017379760742,259.07000732421875,255.5659942626953,98.29194641113281,124.42821502685547,195.7280731201172,159.74000549316406,68.09893798828125,114.65829467773438,279.0502014160156,15.096506118774414,65.2350082397461,112.0390625,172.697509765625,4287.5
2022-04-29,18.4710750579834,249.52000427246094,248.61749267578125,96.06389617919922,122.61222076416016,188.840576171875,153.2100067138672,66.5099868774414,109.74808502197266,267.3825378417969,14.539907455444336,64.00847625732422,107.37700653076172,168.67266845703125,4131.93017578125
2022-05-02,19.453039169311523,248.3800048828125,251.7266082763672,98.23672485351562,122.67049407958984,190.37806701660156,152.77999877929688,67.19095611572266,110.54480743408203,274.0787048339844,14.622909545898438,64.16407012939453,107.88459014892578,167.70819091796875,4155.3798828125
2022-05-03,19.521753311157227,248.83999633789062,254.79806518554688,97.41732025146484,120.71855163574219,195.31927490234375,145.0,67.24542999267578,111.3241958618164,271.4869384765625,14.334845542907715,64.68580627441406,108.46732330322266,169.78555297851562,4175.47998046875
2022-05-04,20.250757217407227,254.10000610351562,265.501708984375,99.04691314697266,123.45708465576172,202.5800018310547,156.17999267578125,69.64251708984375,114.71891021728516,279.38739013671875,14.610701560974121,67.05650329589844,111.343505859375,173.30032348632812,4300.169921875
2022-05-05,18.76685905456543,243.67999267578125,253.49652099609375,92.26148986816406,118.64039611816406,197.2655487060547,143.08999633789062,66.38285064697266,107.89483642578125,267.2187194824219,14.017484664916992,65.91234588623047,106.92586517333984,175.67442321777344,4146.8701171875
2022-05-06,18.598552703857422,224.25999450683594,250.81520080566406,90.72396087646484,119.57263946533203,193.85293579101562,135.83999633789062,66.27389526367188,107.52245330810547,264.6944274902344,13.414505004882812,66.0038833618164,105.80735778808594,174.88613891601562,4123.33984375
2022-05-09,16.8806095123291,216.61000061035156,244.2672576904297,87.35426330566406,118.31991577148438,193.7018280029297,119.37000274658203,64.75755310058594,104.15372467041016,254.9152069091797,12.845701217651367,64.80480194091797,107.01045227050781,167.8287811279297,3991.239990234375
2022-05-10,17.522974014282227,223.60000610351562,244.03207397460938,87.51078033447266,117.3973617553711,190.18252563476562,116.12999725341797,66.30113983154297,104.03248596191406,259.655517578125,13.250941276550293,64.09085845947266,104.05908966064453,168.59848022460938,4001.050048828125
2022-05-11,16.561914443969727,227.19000244140625,241.22854614257812,85.0433578491211,116.96038055419922,187.4364776611328,116.1500015258789,63.32292938232422,103.05614471435547,251.03236389160156,13.167939186096191,63.88949203491211,102.07583618164062,167.4114532470703,3935.179931640625
2022-05-12,16.108783721923828,225.02000427246094,236.11061096191406,87.88823699951172,116.93124389648438,190.84906005859375,115.94000244140625,63.268463134765625,102.8033447265625,246.02236938476562,13.045879364013672,63.2487678527832,104.50086212158203,166.3263702392578,3930.080078125
2022-05-13,17.633516311645508,233.58999633789062,246.12057495117188,92.00370025634766,117.54302978515625,192.3954315185547,121.44999694824219,64.65767669677734,104.33759307861328,251.58157348632812,13.45600414276123,63.660648345947266,106.00473022460938,168.43153381347656,4023.889892578125
2022-05-16,17.19332504272461,226.9600067138672,245.13278198242188,90.50299072265625,116.79528045654297,192.7064666748047,114.44000244140625,64.92097473144531,104.66011810302734,251.94769287109375,13.29976749420166,63.395206451416016,105.03660583496094,167.3743438720703,4008.010009765625
2022-05-17,18.102588653564453,229.27000427246094,253.12008666992188,93.90950775146484,117.94117736816406,198.50975036621094,117.5,67.10015106201172,106.02001953125,257.0733947753906,13.665948867797852,64.96956634521484,106.8318862915039,171.04678344726562,4088.85009765625
2022-05-18,16.868656158447266,221.52000427246094,244.53070068359375,87.73174285888672,113.00794982910156,192.31546020507812,108.02999877929688,64.22183990478516,102.37621307373047,245.368896484375,13.192352294921875,62.93754196166992,102.60221862792969,173.2817840576172,3923.679931640625
2022-05-19,17.05390167236328,225.8000030517578,238.88589477539062,84.78555297851562,113.33814239501953,192.3601837158203,114.16999816894531,61.97910690307617,100.98143005371094,244.46112060546875,13.419384956359863,61.72932815551758,102.27323150634766,167.33724975585938,3900.7900390625
2022-05-20,16.625654220581055,231.0800018310547,240.8522186279297,85.84434509277344,113.96934509277344,187.82469177246094,112.55000305175781,60.5081901550293,102.28030395507812,243.90103149414062,13.814864158630371,61.134361267089844,102.52700805664062,163.3772735595703,3901.360107421875
2022-05-23,16.828826904296875,238.75999450683594,247.46592712402344,83.73596954345703,115.69791412353516,189.93589782714844,113.27999877929688,62.20612716674805,103.04741668701172,251.71360778808594,14.049220085144043,62.81855392456055,101.99124145507812,165.52883911132812,3973.75
2022-05-24,16.08786964416504,232.52000427246094,245.1986541748047,83.91091918945312,115.06670379638672,189.5780487060547,106.23999786376953,61.198246002197266,102.7248764038086,250.71902465820312,13.795334815979004,63.11146926879883,101.52129364013672,167.62472534179688,3941.47998046875
2022-05-25,16.905508041381836,233.30999755859375,249.5450897216797,86.25865173339844,114.6394271850586,192.52117919921875,110.4000015258789,63.050533294677734,102.85563659667969,253.5195770263672,14.012602806091309,63.93524169921875,101.60587310791016,168.10696411132812,3978.72998046875
2022-05-26,17.77791976928711,240.3699951171875,258.0874938964844,90.6042709350586,116.96038055419922,196.1531982421875,114.30000305175781,64.0039291381836,105.65390014648438,256.7836608886719,14.522817611694336,64.71326446533203,104.1248779296875,166.9755859375,4057.840087890625
2022-05-27,18.733991622924805,249.47999572753906,262.0011901855469,91.02778625488281,118.9219970703125,199.40048217773438,120.5,66.32836151123047,108.16450500488281,263.87200927734375,14.937822341918945,66.54389953613281,106.71908569335938,168.87457275390625,4158.240234375
2022-05-31,18.595563888549805,248.80999755859375,259.91265869140625,93.07168579101562,117.96060180664062,198.4879913330078,120.87000274658203,65.32957458496094,107.94657897949219,262.5489807128906,15.047859191894531,66.72335052490234,104.94261932373047,164.48072814941406,4132.14990234375
2022-06-01,18.244998931884766,242.72000122070312,254.4277801513672,93.16376495361328,116.9506607055664,194.08670043945312,116.72000122070312,65.83804321289062,106.57793426513672,263.08013916015625,14.681078910827637,65.5915298461914,105.1211929321289,165.914306640625,4101.22998046875
2022-06-02,19.51179313659668,245.25999450683594,259.29168701171875,95.84294128417969,119.65034484863281,197.2445526123047,121.26000213623047,66.19217681884766,109.79464721679688,265.1660461425781,14.957386016845703,66.20804595947266,107.25485229492188,167.49685668945312,4176.81982421875
2022-06-03,18.64336585998535,243.6699981689453,255.28402709960938,96.84649658203125,118.87345886230469,196.9761962890625,119.83000183105469,64.56685638427734,109.67257690429688,260.76239013671875,14.700637817382812,66.14363098144531,104.74524688720703,167.92507934570312,4108.5400390625
2022-06-06,18.709095001220703,247.4499969482422,258.0404968261719,97.43572235107422,118.89286041259766,198.20176696777344,122.0199966430664,64.34896850585938,109.7771987915039,259.5359802246094,14.827791213989258,66.96260070800781,105.3467788696289,170.5222930908203,4121.43017578125
2022-06-07,18.84851837158203,248.35000610351562,260.6558837890625,98.08019256591797,120.09703826904297,200.99282836914062,122.9000015258789,64.88465118408203,110.49202728271484,263.1573791503906,14.813119888305664,67.5699234008789,106.54989624023438,172.75645446777344,4160.68017578125
2022-06-08,18.57558822631836,247.3000030517578,256.0460510253906,96.1559829711914,118.23251342773438,197.91551208496094,123.7699966430664,63.631656646728516,109.4895248413086,261.13909912109375,14.399876594543457,66.0608139038086,103.8241195678711,169.87998962402344,4115.77001953125
2022-06-09,17.977916717529297,241.42999267578125,249.96841430664062,94.99592590332031,115.59605407714844,195.61647033691406,115.72000122070312,61.534202575683594,106.87433624267578,255.71173095703125,14.145574569702148,64.2112045288086,102.01005554199219,166.40769958496094,4017.820068359375
2022-06-10,16.90808868408203,237.17999267578125,236.6844940185547,91.87481689453125,112.32719421386719,187.28794860839844,108.91000366210938,60.66253662109375,105.15702056884766,244.31631469726562,13.80568790435791,62.830936431884766,100.68476104736328,161.88356018066406,3900.860107421875
2022-06-13,15.586240768432617,223.9600067138672,226.16641235351562,86.90311431884766,108.678955078125,184.22853088378906,98.93000030517578,58.53785705566406,102.17569732666016,233.9541473388672,13.309310913085938,60.815696716308594,96.92506408691406,160.75714111328125,3749.6298828125
2022-06-14,15.774505615234375,227.0399932861328,228.6783447265625,87.06886291503906,108.31902313232422,183.8975067138672,98.87000274658203,58.40164566040039,102.40233612060547,236.1077117919922,13.592954635620117,61.28499984741211,95.18620300292969,163.84771728515625,3735.47998046875
2022-06-15,16.462818145751953,229.52000427246094,231.88645935058594,88.26573181152344,109.23351287841797,182.34991455078125,101.47000122070312,59.409515380859375,102.8207778930664,243.12847900390625,13.82769775390625,61.68067932128906,95.0257797241211,161.26913452148438,3789.989990234375
2022-06-16,15.540420532226562,212.05999755859375,221.650634765625,80.22817993164062,105.29339599609375,171.5971221923828,93.26000213623047,57.46642303466797,99.2118148803711,236.5712127685547,13.46580696105957,59.232967376708984,90.94878387451172,157.39657592773438,3666.77001953125
2022-06-17,15.81833553314209,212.50999450683594,221.18023681640625,82.59432983398438,104.23295593261719,175.0949249267578,99.48999786376953,57.89316940307617,98.50569152832031,239.1593780517578,13.666312217712402,59.214561462402344,90.28815460205078,158.11338806152344,3674.840087890625
2022-06-21,16.50167465209961,216.17999267578125,228.23619079589844,84.85000610351562,105.35177612304688,176.71408081054688,102.2699966430664,58.565093994140625,101.364990234375,245.0406036376953,14.118678092956543,59.87710189819336,89.73133850097656,159.81689453125,3764.7900390625
2022-06-22,16.296470642089844,212.27999877929688,226.8343963623047,84.95128631591797,105.56581115722656,175.87315368652344,99.52999877929688,58.74667739868164,100.7983627319336,244.4514923095703,13.930395126342773,60.02434539794922,90.08052825927734,159.37013244628906,3759.889892578125
2022-06-23,16.16199493408203,210.0399932861328,225.37615966796875,85.92720031738281,106.00358581542969,175.17544555664062,95.72000122070312,58.88288116455078,102.26285552978516,249.98500061035156,13.847259521484375,57.797454833984375,91.3640365600586,157.61070251464844,3795.72998046875
2022-06-24,17.05949592590332,217.5,234.53009033203125,88.70767211914062,110.42040252685547,180.58761596679688,103.51000213623047,60.66253662109375,106.72613525390625,258.52203369140625,14.258054733276367,60.447635650634766,93.99708557128906,160.9154052734375,3911.739990234375
2022-06-27,16.803495407104492,218.75,232.59201049804688,86.71900177001953,109.6518325805664,182.5556640625,101.5,61.08019256591797,106.92664337158203,255.80831909179688,14.214041709899902,60.521240234375,93.65733337402344,161.0550079345703,3900.110107421875
2022-06-28,15.919938087463379,211.39999389648438,229.32745361328125,85.68781280517578,107.1321029663086,179.90773010253906,97.52999877929688,59.60019302368164,104.50321960449219,247.6866455078125,14.059992790222168,60.23598098754883,92.8646011352539,161.04574584960938,3821.550048828125
2022-06-29,15.481647491455078,209.50999450683594,225.7901153564453,84.26997375488281,107.54071807861328,177.90383911132812,93.93000030517578,59.345951080322266,100.11839294433594,251.3370819091797,13.940177917480469,59.748287200927734,92.85514831542969,159.0629119873047,3818.830078125
2022-06-30,15.100135803222656,210.11000061035156,223.6074981689453,83.22101593017578,106.9083480834961,176.25782775878906,89.08000183105469,59.23699188232422,99.26411437988281,248.02462768554688,13.451131820678711,60.20838165283203,92.3927001953125,160.90609741210938,3785.3798828125
2022-07-01,14.46660327911377,213.88999938964844,223.88031005859375,84.19570922851562,108.4357681274414,177.34031677246094,91.41000366210938,57.00335693359375,101.43473815917969,250.68031311035156,13.646751403808594,60.9537353515625,94.00651550292969,162.90753173828125,3825.330078125
2022-07-05,14.905891418457031,213.67999267578125,221.3777618408203,84.24213409423828,108.37736511230469,177.7517547607422,95.94000244140625,58.31085968017578,100.74606323242188,253.83827209472656,13.87415599822998,59.831085205078125,94.76151275634766,160.64547729492188,3831.389892578125
2022-07-06,15.071246147155762,214.9600067138672,219.74085998535156,83.58303833007812,109.2918701171875,177.71603393554688,92.87999725341797,57.50274658203125,101.96648406982422,257.08306884765625,13.622299194335938,60.171573638916016,95.03520965576172,162.60963439941406,3845.080078125
2022-07-07,15.796418190002441,217.63999938964844,224.16256713867188,86.46073913574219,110.33283233642578,180.11349487304688,97.5,59.29655838012695,101.57420349121094,259.197998046875,13.9083890914917,60.88013458251953,95.32777404785156,163.01927185058594,3902.6201171875
2022-07-08,15.77649974822998,218.4499969482422,222.52557373046875,86.51642608642578,109.30159759521484,177.1434783935547,97.3499984741211,59.525360107421875,101.81828308105469,258.4832763671875,13.75678539276123,60.42921447753906,92.9967041015625,162.9912567138672,3899.3798828125
2022-07-11,15.093160629272461,214.80999755859375,217.69927978515625,85.21683502197266,108.89299774169922,177.02719116210938,95.0999984741211,58.93962860107422,101.31268310546875,255.44126892089844,13.226173400878906,59.90470504760742,92.3832778930664,165.22544860839844,3854.429931640625
2022-07-12,15.023431777954102,211.3699951171875,217.93447875976562,86.59070587158203,107.26830291748047,178.52110290527344,96.55000305175781,58.86640548706055,100.11839294433594,244.97296142578125,13.23840045928955,59.748287200927734,91.45840454101562,161.166748046875,3818.800048828125
2022-07-13,15.105113983154297,207.9199981689453,214.52879333496094,87.20337677001953,106.60675048828125,176.38307189941406,95.63999938964844,58.83895492553711,98.80208587646484,244.0555419921875,13.282413482666016,59.03972625732422,90.08997344970703,162.47000122070312,3801.780029296875
2022-07-14,15.312305450439453,205.4199981689453,209.90953063964844,85.95018005371094,106.75269317626953,175.37220764160156,91.05000305175781,59.4796028137207,98.62775421142578,245.368896484375,13.055009841918945,56.7208366394043,90.22209167480469,155.9164581298828,3790.3798828125
2022-07-15,15.70079231262207,209.6699981689453,216.69264221191406,86.34004974365234,108.66922760009766,177.00930786132812,94.66000366210938,60.358192443847656,100.24916076660156,247.9183807373047,13.402229309082031,57.963096618652344,91.55279541015625,155.34861755371094,3863.159912109375
2022-07-18,16.03847885131836,212.38999938964844,216.55148315429688,85.61600494384766,106.13978576660156,179.1920623779297,97.66999816894531,60.01042175292969,99.89175415039062,245.5330810546875,13.487810134887695,56.96928787231445,90.269287109375,152.9189910888672,3830.85009765625
2022-07-19,16.9260196685791,219.14999389648438,223.98379516601562,90.08106231689453,109.8366928100586,185.6687774658203,102.19999694824219,62.51810073852539,103.8843002319336,250.63204956054688,14.001307487487793,58.414005279541016,94.8370132446289,156.66119384765625,3936.68994140625
2022-07-20,17.73785400390625,220.6300048828125,227.69992065429688,91.1300277709961,110.7317123413086,185.91029357910156,107.7300033569336,63.6987190246582,104.86934661865234,253.27810668945312,13.849703788757324,58.23915481567383,95.89400482177734,156.7728729248047,3959.89990234375
2022-07-21,17.979907989501953,220.91000366210938,230.81394958496094,91.17643737792969,112.49260711669922,189.4796600341797,108.13999938964844,64.54071807861328,106.39488220214844,255.76004028320312,13.898609161376953,58.02751159667969,97.63993835449219,157.11729431152344,3998.949951171875
2022-07-22,17.251745223999023,218.7899932861328,230.55050659179688,89.98825073242188,112.20075225830078,190.78573608398438,103.97000122070312,63.38756561279297,106.73485565185547,251.43360900878906,13.800800323486328,58.69004821777344,97.57386779785156,158.01100158691406,3961.6298828125
2022-07-25,16.9578914642334,220.1300048828125,231.4724578857422,89.83970642089844,112.36612701416016,191.5997772216797,104.94999694824219,63.3051872253418,105.932861328125,249.95599365234375,13.957294464111328,59.619441986083984,97.21526336669922,160.07762145996094,3966.840087890625
2022-07-26,16.468801498413086,217.6300048828125,227.2765655517578,84.13072204589844,112.97904205322266,193.21897888183594,101.91000366210938,63.534000396728516,105.68006896972656,243.26364135742188,13.744559288024902,59.2237548828125,96.91326904296875,160.05899047851562,3921.050048828125
2022-07-27,17.720918655395508,221.32000732421875,241.33201599121094,88.41014099121094,115.38202667236328,196.1531982421875,107.36000061035156,64.58648681640625,109.32391357421875,259.52630615234375,14.052658081054688,59.205360412597656,98.32887268066406,160.24517822265625,4023.610107421875
2022-07-28,17.91416358947754,219.7899932861328,247.04263305664062,90.35954284667969,117.37641143798828,198.24647521972656,108.83999633789062,65.62983703613281,111.81704711914062,266.933349609375,14.24094009399414,57.83427047729492,98.44212341308594,160.2544708251953,4072.429931640625
2022-07-29,18.092472076416016,220.08999633789062,253.93861389160156,91.55705261230469,120.1490707397461,200.42926025390625,110.9800033569336,65.28202819824219,111.82577514648438,271.1148376464844,14.350974082946777,59.324989318847656,99.7539291381836,163.6336212158203,4130.2900390625
2022-08-01,18.3693904876709,222.50999450683594,250.77752685546875,90.91654205322266,119.05945587158203,200.384521484375,111.19999694824219,65.85863494873047,110.34383392333984,268.4785461425781,13.771454811096191,58.36798858642578,99.4425048828125,162.5444793701172,4118.6298828125
2022-08-02,18.454057693481445,223.02000427246094,248.47262573242188,88.15948486328125,121.42352294921875,198.25540161132812,116.33999633789062,65.31865692138672,110.15205383300781,265.3978576660156,14.116231918334961,57.93548583984375,96.96044921875,159.7145538330078,4091.18994140625
2022-08-03,18.81963539123535,225.7899932861328,254.0703125,91.30640411376953,122.81471252441406,199.63307189941406,115.0199966430664,66.39860534667969,112.42727661132812,272.7856140136719,14.478124618530273,58.386383056640625,97.70600128173828,143.45169067382812,4155.169921875
2022-08-04,19.1403865814209,223.00999450683594,254.46548461914062,91.64986419677734,121.97805786132812,199.5436248779297,119.22000122070312,65.99590301513672,112.07858276367188,273.9250793457031,14.903592109680176,58.09192657470703,97.43231964111328,145.44384765625,4151.93994140625
2022-08-05,18.91526222229004,226.6300048828125,254.3047637939453,93.03302001953125,122.8244400024414,199.48992919921875,117.11000061035156,66.23384857177734,112.93287658691406,273.2104797363281,15.018516540527344,59.03972625732422,96.46969604492188,144.55947875976562,4145.18994140625
2022-08-08,17.72390365600586,227.3800048828125,255.3539276123047,93.90560913085938,122.25045776367188,200.76022338867188,115.81999969482422,66.49011993408203,114.10970306396484,270.7092590332031,14.97205924987793,59.444610595703125,97.08313751220703,147.14739990234375,4140.06005859375
2022-08-09,17.019655227661133,225.1199951171875,256.4881286621094,89.83040618896484,121.45270538330078,198.12127685546875,114.44000244140625,65.07154083251953,114.10970306396484,272.6213684082031,14.906036376953125,60.51204299926758,93.56295013427734,147.19395446777344,4122.47021484375
2022-08-10,18.0267276763916,224.49000549316406,265.49542236328125,88.67008209228516,123.61246490478516,202.88035583496094,118.7300033569336,67.08500671386719,116.50397491455078,279.2463073730469,15.194574356079102,61.48744583129883,96.13939666748047,150.72203063964844,4210.240234375
2022-08-11,17.87232780456543,226.75999450683594,267.7828674316406,92.01189422607422,123.72921752929688,204.62477111816406,121.5,67.45109558105469,115.82868957519531,277.1795654296875,15.536903381347656,62.26042175292969,97.04537963867188,152.14633178710938,4207.27001953125
2022-08-12,18.636348724365234,227.66000366210938,273.3119201660156,91.75198364257812,125.8014144897461,206.9685516357422,124.51000213623047,68.57681274414062,118.93333435058594,281.90191650390625,15.9403657913208,63.4566650390625,100.42400360107422,154.7900848388672,4280.14990234375
2022-08-15,18.95809555053711,227.52999877929688,270.63714599609375,91.40850830078125,126.03492736816406,206.26185607910156,126.04000091552734,68.30223083496094,121.1609878540039,283.408447265625,16.02349853515625,63.38304901123047,101.16954040527344,155.70237731933594,4297.14013671875
2022-08-16,18.805688858032227,231.82000732421875,273.2079772949219,93.62712097167969,126.7742691040039,208.74879455566406,124.18000030517578,68.43036651611328,121.30131530761719,282.6744689941406,16.09196662902832,64.12841796875,102.35867309570312,158.4671173095703,4305.2001953125
2022-08-17,18.26380729675293,232.0,272.34783935546875,91.08361053466797,126.12246704101562,207.16537475585938,121.87000274658203,67.14909362792969,121.57318115234375,281.9292907714844,15.937919616699219,63.843143463134766,102.46247100830078,159.68658447265625,4274.0400390625
2022-08-18,18.70009994506836,236.30999755859375,275.82598876953125,92.0954360961914,126.59919738769531,208.7405242919922,121.2699966430664,69.08931732177734,122.04676818847656,280.8164367675781,15.637158393859863,64.2296371459961,102.97210693359375,159.91001892089844,4283.740234375
2022-08-19,17.77968978881836,235.0800018310547,269.1248779296875,91.0279312133789,125.4025650024414,207.1383819580078,114.76000213623047,67.99107360839844,121.45919799804688,276.9259338378906,15.329058647155762,63.318641662597656,100.46171569824219,159.97520446777344,4228.47998046875
2022-08-22,16.96785545349121,229.22999572753906,261.79986572265625,88.32657623291016,122.72718048095703,201.30577087402344,111.38999938964844,66.837890625,119.22279357910156,268.7967224121094,15.272818565368652,61.88312911987305,97.33793640136719,153.44960021972656,4137.990234375
2022-08-23,17.114280700683594,228.27000427246094,262.1307067871094,88.43798828125,122.950927734375,200.8107147216797,111.5999984741211,67.06671142578125,118.39836120605469,267.5290222167969,15.157896041870117,61.80952072143555,96.18656921386719,152.63970947265625,4128.72998046875
2022-08-24,17.155122756958008,229.41000366210938,262.50872802734375,88.26163482666016,123.13577270507812,201.57579040527344,114.51000213623047,66.64571380615234,118.46855926513672,266.8998718261719,15.304608345031738,61.689884185791016,96.13939666748047,153.13307189941406,4140.77001953125
2022-08-25,17.843441009521484,232.94000244140625,268.0946044921875,91.20429229736328,123.85569763183594,205.1581573486328,117.02999877929688,71.8990249633789,117.57394409179688,269.8612365722656,15.551573753356934,62.278804779052734,97.5078125,154.31532287597656,4199.1201171875
2022-08-26,16.19685935974121,221.3800048828125,259.76776123046875,87.35189819335938,119.33186340332031,198.24546813964844,112.81999969482422,68.60426330566406,112.96080780029297,259.4481201171875,15.064976692199707,60.91692352294922,92.16621398925781,151.00634765625,4057.659912109375
2022-08-29,15.739642143249512,218.3000030517578,256.2707214355469,86.45144653320312,118.64112854003906,199.29856872558594,113.54000091552734,67.22229766845703,111.47864532470703,256.6803283691406,14.942715644836426,60.484432220458984,91.27909088134766,150.5389862060547,4030.610107421875
2022-08-30,15.40793514251709,215.41000366210938,253.69989013671875,87.67678833007812,117.08453369140625,196.4542694091797,112.55999755859375,66.15149688720703,108.95281982421875,254.49317932128906,14.852242469787598,59.858699798583984,91.25078582763672,147.84695434570312,3986.159912109375
2022-08-31,15.03538703918457,212.52999877929688,253.3123779296875,84.7805404663086,116.89970397949219,196.09422302246094,113.12000274658203,66.01422119140625,108.1722640991211,253.04148864746094,15.084920883178711,59.53007888793945,89.75021362304688,148.14608764648438,3955.0
2022-09-01,13.882881164550781,211.61000061035156,254.41819763183594,83.59233093261719,117.162353515625,193.5199432373047,113.4000015258789,66.04167175292969,108.97034454345703,252.0059356689453,15.403324127197266,60.316917419433594,90.34479522705078,149.55751037597656,3966.85009765625
2022-09-02,13.594005584716797,209.1199951171875,253.69989013671875,83.55518341064453,114.6329116821289,192.0888214111328,113.63999938964844,65.2363052368164,106.03231811523438,247.80587768554688,15.141252517700195,60.1595344543457,89.55204010009766,148.52931213378906,3924.260009765625
2022-09-06,13.412713050842285,209.0399932861328,253.7660369873047,83.0817642211914,116.267333984375,195.41912841796875,113.69999694824219,64.70545196533203,106.65499877929688,245.08651733398438,15.888276100158691,60.16880416870117,89.31610107421875,148.30496215820312,3908.18994140625
2022-09-07,13.664804458618164,212.3699951171875,261.677001953125,85.8109359741211,119.30265808105469,201.14373779296875,116.06999969482422,64.70545196533203,108.66339111328125,249.77047729492188,16.27035903930664,60.86305236816406,92.48709106445312,151.5858612060547,3979.8701171875
2022-09-08,13.939814567565918,213.8000030517578,266.85650634765625,87.46330261230469,120.62577056884766,200.13563537597656,118.58000183105469,65.3552474975586,109.829833984375,250.1865997314453,16.456499099731445,61.436973571777344,92.62864685058594,153.68905639648438,4006.179931640625
2022-09-09,14.3353910446167,220.4600067138672,270.8923034667969,89.61691284179688,122.36720275878906,201.1077423095703,123.4800033569336,66.30709838867188,111.23307037353516,255.9351348876953,16.92185401916504,62.03865051269531,94.02537536621094,153.01602172851562,4067.360107421875
2022-09-12,14.45296859741211,223.0,273.37811279296875,92.05830383300781,123.38873291015625,202.38589477539062,124.79000091552734,67.17652893066406,111.67157745361328,258.0545349121094,17.09330177307129,62.76066589355469,95.51651000976562,152.8197021484375,4110.41015625
2022-09-13,13.083895683288574,212.0399932861328,262.48980712890625,87.35189819335938,120.11419677734375,195.5091552734375,121.54000091552734,65.0349349975586,107.06719970703125,243.8671112060547,16.821443557739258,61.39067840576172,90.49576568603516,148.14608764648438,3932.68994140625
2022-09-14,13.08090877532959,209.8699951171875,262.7167053222656,87.07342529296875,119.92903137207031,195.0771484375,126.80000305175781,64.30278015136719,106.25157928466797,244.08969116210938,17.203521728515625,60.77975082397461,89.79742431640625,145.74383544921875,3946.010009765625
2022-09-15,12.882619857788086,205.4199981689453,262.14013671875,86.40504455566406,118.3502426147461,193.36695861816406,125.04000091552734,63.22282028198242,104.33087921142578,237.47018432617188,17.0810604095459,60.816768646240234,88.29035949707031,145.59423828125,3901.35009765625
2022-09-16,13.150656700134277,202.55999755859375,257.3293151855469,86.78564453125,115.92361450195312,193.9340057373047,118.75,62.85671615600586,105.35699462890625,236.85076904296875,16.58631134033203,60.49277877807617,85.01087951660156,144.72494506835938,3873.330078125
2022-09-19,13.333995819091797,203.0,262.8868713378906,89.36627960205078,117.46340942382812,198.6685333251953,118.77999877929688,61.87746810913086,106.54975128173828,236.63792419433594,16.855728149414062,60.9278564453125,87.39940643310547,144.89320373535156,3899.889892578125
2022-09-20,13.128731727600098,198.74000549316406,260.0514221191406,87.4540023803711,115.83589935302734,195.53622436523438,116.70999908447266,60.67853546142578,105.27806854248047,234.63461303710938,16.50548553466797,60.13178253173828,86.3473129272461,140.94859313964844,3855.929931640625
2022-09-21,13.213430404663086,196.24000549316406,255.0703125,85.69026947021484,114.56898498535156,194.23104858398438,114.01000213623047,59.80907440185547,103.41001892089844,231.2474365234375,16.395273208618164,58.38224411010742,86.37574005126953,138.33139038085938,3789.929931640625
2022-09-22,12.51594066619873,189.86000061035156,249.9759521484375,82.0513687133789,112.57113647460938,189.8475799560547,103.72000122070312,58.78403854370117,103.14689636230469,233.21202087402344,16.160144805908203,57.752784729003906,85.90180969238281,138.96694946289062,3757.989990234375
2022-09-23,12.471100807189941,184.1999969482422,243.24639892578125,79.30363464355469,111.51860046386719,185.8241729736328,101.75,58.088478088378906,100.87540435791016,230.25064086914062,15.834392547607422,57.317726135253906,87.23828125,138.2472381591797,3693.22998046875
2022-09-26,12.184133529663086,180.49000549316406,239.27674865722656,77.93904113769531,110.7779541015625,185.9951934814453,103.2300033569336,57.30139923095703,100.01590728759766,229.79579162597656,15.631103515625,56.12361526489258,85.48477935791016,136.63014221191406,3655.0400390625
2022-09-27,12.368473052978516,174.35000610351562,238.6718292236328,79.38716888427734,108.96527099609375,183.90699768066406,106.37000274658203,57.22818374633789,99.38445281982422,228.78932189941406,15.611509323120117,57.3640022277832,84.34737396240234,137.8359375,3647.2900390625
2022-09-28,12.690314292907715,179.72999572753906,245.2028350830078,82.60834503173828,111.45039367675781,187.29132080078125,110.69000244140625,58.298980712890625,102.94518280029297,233.29913330078125,15.983795166015625,58.37299728393555,87.01078033447266,139.7053985595703,3719.0400390625
2022-09-29,12.176165580749512,181.08999633789062,240.00448608398438,81.70024108886719,110.39785766601562,182.50282287597656,106.66000366210938,57.603416442871094,99.44586181640625,229.8441925048828,15.763365745544434,57.993473052978516,84.61278533935547,138.1070098876953,3640.469970703125
2022-09-30,12.095455169677734,176.1699981689453,238.13311767578125,79.50959777832031,110.5245590209961,181.2337188720703,105.04000091552734,56.60584259033203,98.41097259521484,225.39248657226562,15.653145790100098,57.336238861083984,85.00138854980469,135.7888641357422,3585.6201171875
2022-10-03,12.467116355895996,182.3000030517578,248.0194549560547,81.31642150878906,114.55923461914062,186.28323364257812,105.0,58.701663970947266,100.7350845336914,232.97976684570312,15.601712226867676,58.8450813293457,87.62686920166016,139.91104125976562,3678.429931640625
2022-10-04,13.119765281677246,188.42999267578125,262.4615478515625,85.89434051513672,118.03840637207031,192.9979248046875,110.80999755859375,60.91647720336914,101.19989776611328,240.8573455810547,16.512834548950195,61.05745315551758,90.84000396728516,142.958251953125,3790.929931640625
2022-10-05,13.161615371704102,187.0500030517578,261.12884521484375,88.01945495605469,117.99942016601562,192.61984252929688,111.76000213623047,61.49307632446289,100.498291015625,241.1670379638672,16.691627502441406,60.872314453125,90.95377349853516,142.01422119140625,3783.280029296875
2022-10-06,13.082901000976562,182.24000549316406,259.94732666015625,87.56071472167969,116.66426086425781,192.4488983154297,111.58000183105469,61.77890396118164,97.95491027832031,238.834716796875,17.1961727142334,60.020687103271484,89.48463439941406,140.1447296142578,3744.52001953125
2022-10-07,12.03268051147461,179.58999633789062,256.9511413574219,84.96751403808594,113.3312759399414,188.6144561767578,108.54000091552734,60.93061447143555,96.1131591796875,226.6892852783203,17.06881332397461,59.28015899658203,87.59844207763672,138.0509490966797,3639.659912109375
2022-10-10,11.628137588500977,175.69000244140625,257.9342041015625,82.98281860351562,112.59061431884766,188.3804168701172,110.98999786376953,59.04957580566406,96.36749267578125,221.86013793945312,17.007585525512695,59.057987213134766,87.00130462646484,139.8082275390625,3612.389892578125
2022-10-11,11.544438362121582,171.17999267578125,251.68666076660156,84.78026580810547,112.132568359375,188.15542602539062,106.81999969482422,57.22386932373047,95.01686096191406,218.14393615722656,16.6622371673584,59.44677734375,86.8022689819336,140.31297302246094,3588.840087890625
2022-10-12,11.458747863769531,169.25999450683594,248.95518493652344,86.61518859863281,111.08981323242188,187.0303192138672,112.3499984741211,57.47283172607422,94.71869659423828,218.47296142578125,16.821443557739258,58.93764877319336,85.77861785888672,136.99465942382812,3577.030029296875
2022-10-13,11.917098045349121,170.4600067138672,259.635498046875,88.11306762695312,112.85375213623047,191.15272521972656,112.6500015258789,59.11412048339844,96.70954132080078,226.6892852783203,17.303939819335938,61.5758171081543,87.3899154663086,141.911376953125,3669.909912109375
2022-10-14,11.186725616455078,167.25999450683594,243.72840881347656,86.6339111328125,110.37837219238281,188.65945434570312,109.16000366210938,57.546592712402344,95.76234436035156,221.19235229492188,16.757755279541016,59.937381744384766,85.24784851074219,137.73313903808594,3583.070068359375
2022-10-17,11.845355987548828,171.72000122070312,252.40496826171875,88.88074493408203,113.98423767089844,191.2697296142578,116.5,58.247371673583984,98.18293762207031,229.87319946289062,16.82878875732422,61.11299133300781,88.65055847167969,141.6309814453125,3677.949951171875
2022-10-18,11.924070358276367,172.0500030517578,253.7849578857422,88.41265106201172,116.08927154541016,194.99610900878906,117.94000244140625,57.85087585449219,99.43708038330078,230.8119659423828,17.43130111694336,61.835018157958984,90.21444702148438,144.35105895996094,3719.97998046875
2022-10-19,12.007769584655762,167.47999572753906,249.8058319091797,85.92240142822266,114.98802185058594,192.349853515625,116.87000274658203,57.43594741821289,97.74441528320312,228.85704040527344,18.636333465576172,62.945831298828125,87.30461883544922,142.07028198242188,3695.159912109375
2022-10-20,12.150259017944336,164.0,243.7000732421875,83.97515106201172,112.17155456542969,182.8448944091797,117.0,57.61113739013672,97.40238189697266,228.5377197265625,18.562856674194336,60.73346710205078,85.11511993408203,135.81692504882812,3665.780029296875
2022-10-21,12.421282768249512,170.47000122070312,252.3672332763672,84.92070007324219,116.14775848388672,186.99429321289062,119.94999694824219,60.487998962402344,98.36710357666016,234.31529235839844,18.77838897705078,62.1960334777832,87.94915008544922,137.32186889648438,3752.75
2022-10-24,12.553804397583008,173.7899932861328,256.75274658203125,83.46963500976562,117.38544464111328,191.4677276611328,116.38999938964844,61.17033386230469,100.11238861083984,239.27992248535156,18.65347671508789,64.1769790649414,89.4372329711914,140.7803192138672,3797.340087890625
2022-10-25,13.213430404663086,177.99000549316406,263.000244140625,87.8228530883789,119.9095458984375,196.43630981445312,118.44999694824219,62.562686920166016,102.15586853027344,242.5800018310547,19.287832260131836,64.32508850097656,92.45133209228516,142.77133178710938,3859.110107421875
2022-10-26,12.849740028381348,180.33999633789062,276.4593505859375,87.55136108398438,120.59173583984375,194.64511108398438,115.30999755859375,62.20305252075195,101.19989776611328,223.86341857910156,19.128633499145508,64.1029052734375,92.25228881835938,127.82491302490234,3830.60009765625
2022-10-27,13.128731727600098,183.6699981689453,283.576416015625,85.9598617553711,121.44935607910156,193.4929656982422,112.05999755859375,62.21228790283203,101.52440643310547,219.44070434570312,19.63072967529297,65.02859497070312,98.06248474121094,123.56256103515625,3807.300048828125
2022-10-28,13.784374237060547,189.13999938964844,295.05072021484375,87.32666778564453,125.99077606201172,197.6154022216797,115.20999908447266,63.991905212402344,105.0588150024414,228.26670837402344,19.62337875366211,66.79662322998047,100.65006256103516,125.89938354492188,3901.06005859375
2022-10-31,13.44858169555664,186.1199951171875,292.1678771972656,86.77433013916016,126.36112976074219,199.86563110351562,106.91000366210938,63.87201690673828,103.76081848144531,224.64732360839844,19.63072967529297,67.02803802490234,99.30413055419922,126.9930419921875,3871.97998046875
2022-11-01,13.494421005249023,186.63999938964844,296.8936462402344,87.54200744628906,128.67080688476562,199.70361328125,109.05000305175781,65.48564147949219,103.54157257080078,220.81492614746094,19.667469024658203,68.25919342041016,101.00074005126953,125.90873718261719,3856.10009765625
2022-11-02,13.17158031463623,178.27999877929688,291.8370361328125,84.536865234375,126.78016662597656,198.04745483398438,94.41000366210938,63.50319290161133,100.41936492919922,213.0050506591797,19.65032196044922,66.99102783203125,96.68814086914062,122.46892547607422,3759.68994140625
2022-11-03,13.372856140136719,174.1999969482422,291.0336608886719,84.91133880615234,128.3686981201172,198.63250732421875,92.0199966430664,62.36903762817383,99.13890075683594,207.3436737060547,19.75808334350586,67.4075698852539,97.00090789794922,115.35559844970703,3719.889892578125
2022-11-04,14.105216979980469,177.1699981689453,297.8665771484375,88.9930648803711,131.80886840820312,206.2472686767578,96.08999633789062,63.4294319152832,99.77035522460938,214.2534637451172,19.493572235107422,68.30546569824219,97.74022674560547,113.30853271484375,3770.550048828125
2022-11-07,14.249698638916016,180.3300018310547,301.748046875,88.53434753417969,132.9296417236328,206.20223999023438,95.45999908447266,63.982662200927734,101.19113159179688,220.52462768554688,19.57439422607422,68.47209930419922,101.4841537475586,112.85049438476562,3806.800048828125
2022-11-08,14.5496187210083,182.38999938964844,303.9212951660156,89.07732391357422,133.72877502441406,205.72518920898438,98.9000015258789,64.02877807617188,103.3635025024414,221.4923858642578,19.618478775024414,68.03703308105469,101.20928955078125,114.97233581542969,3828.110107421875
2022-11-09,13.726583480834961,178.9600067138672,298.9483947753906,84.480712890625,132.2377166748047,204.65411376953125,95.79000091552734,62.7102165222168,101.76512145996094,217.27293395996094,19.138423919677734,66.56521606445312,98.92501068115234,114.61713409423828,3748.570068359375
2022-11-10,15.693499565124512,194.60000610351562,314.65460205078125,89.35818481445312,137.10073852539062,212.4489288330078,102.4000015258789,66.30630493164062,107.18717193603516,235.14756774902344,19.23639678955078,68.77755737304688,108.0336685180664,118.39347839355469,3956.3701171875
2022-11-11,16.2684326171875,199.8000030517578,314.2750549316406,97.7182388305664,135.31732177734375,210.9007568359375,109.56999969482422,67.77238464355469,106.86044311523438,239.14443969726562,18.014225006103516,68.15736389160156,107.64505004882812,119.78621673583984,3992.929931640625
2022-11-14,16.236543655395508,192.80999755859375,304.20599365234375,94.87228393554688,134.27452087402344,210.396728515625,105.16000366210938,67.47732543945312,107.01940155029297,233.76364135742188,18.053409576416016,66.93546295166016,105.16172790527344,116.61747741699219,3957.25
2022-11-15,16.60621452331543,195.60000610351562,306.9296569824219,97.24079895019531,135.0541534423828,212.70095825195312,107.01000213623047,68.19652557373047,107.44327545166016,234.17010498046875,18.675525665283203,67.46310424804688,106.7635726928711,116.48662567138672,3991.72998046875
2022-11-16,15.852928161621094,192.24000549316406,304.3673400878906,93.73014831542969,135.04440307617188,210.60374450683594,104.43000030517578,66.69357299804688,106.4012680053711,234.59710693359375,18.24934959411621,67.47235870361328,105.25651550292969,117.55221557617188,3958.7900390625
2022-11-17,15.62076473236084,187.74000549316406,305.1740417480469,95.5556869506836,134.51817321777344,210.95477294921875,99.30000305175781,67.18224334716797,106.16281127929688,234.54855346679688,18.366914749145508,67.64823150634766,104.9911117553711,115.4023208618164,3946.56005859375
2022-11-18,15.353724479675293,188.4499969482422,311.94049072265625,96.30463409423828,135.7753448486328,214.244873046875,97.7699966430664,67.9752426147461,106.70150756835938,234.10215759277344,18.384057998657227,68.21290588378906,107.06685638427734,116.79508209228516,3965.340087890625
2022-11-21,15.262057304382324,188.8699951171875,309.074462890625,94.71312713623047,136.90582275390625,214.43519592285156,95.70999908447266,66.86875915527344,107.33731842041016,234.90768432617188,18.403656005859375,68.15736389160156,106.78251647949219,118.2439193725586,3949.93994140625
2022-11-22,15.98046875,191.39999389648438,313.5727233886719,99.4408187866211,138.0363006591797,217.1995849609375,95.27999877929688,68.12276458740234,108.42350006103516,237.79969787597656,19.04535675048828,69.19412994384766,107.9957504272461,118.87953186035156,4003.580078125
2022-11-23,16.45974349975586,189.8300018310547,315.6416320800781,100.2646484375,138.46511840820312,218.5863037109375,96.62999725341797,68.84200286865234,108.75904846191406,240.27447509765625,19.143327713012695,69.9161605834961,108.04313659667969,118.74866485595703,4027.260009765625
2022-11-25,16.211633682250977,191.67999267578125,315.4612731933594,102.48340606689453,138.94264221191406,220.0455322265625,97.66999816894531,68.84200286865234,108.80323028564453,240.18714904785156,19.02821159362793,70.32344055175781,108.3559341430664,120.76948547363281,4026.1201171875
2022-11-28,15.77022647857666,187.30999755859375,309.1408386230469,101.06041717529297,135.81431579589844,216.3748016357422,95.30000305175781,66.91487121582031,106.38359069824219,234.62619018554688,19.229053497314453,69.4810562133789,106.39390563964844,117.69596862792969,3963.93994140625
2022-11-29,15.582900047302246,190.1999969482422,307.93560791015625,105.46981048583984,135.47325134277344,216.78265380859375,95.37999725341797,66.19564056396484,106.10100555419922,233.2384033203125,19.545005798339844,70.19383239746094,104.9911117553711,118.79566955566406,3957.6298828125
2022-11-30,16.866607666015625,196.1999969482422,315.0247497558594,105.90046691894531,138.7964324951172,218.06964111328125,102.13999938964844,62.34138488769531,109.52732849121094,247.6114044189453,19.6921443939209,71.09215545654297,107.72087097167969,120.51570129394531,4080.110107421875
2022-12-01,17.07790184020996,196.27999877929688,314.0567321777344,106.61194610595703,139.6443328857422,219.4654541015625,101.2699966430664,62.765533447265625,111.17867279052734,247.17469787597656,19.28750991821289,70.40328979492188,108.1094970703125,120.31830596923828,4076.570068359375
2022-12-02,16.81976318359375,193.60000610351562,313.3450012207031,108.1847152709961,140.71630859375,222.02139282226562,101.0,61.25333786010742,111.24932098388672,247.4949493408203,19.302221298217773,70.59878540039062,108.54547882080078,120.76007843017578,4071.699951171875
2022-12-05,16.554651260375977,191.25,304.7944030761719,103.92510986328125,138.46511840820312,217.23582458496094,98.51000213623047,59.62126541137695,108.78555297851562,242.8171844482422,19.044727325439453,69.5189437866211,105.22808837890625,121.76579284667969,3998.840087890625
2022-12-06,15.933727264404297,185.3800048828125,305.3923034667969,103.74724578857422,136.47390747070312,214.89744567871094,93.12000274658203,58.164390563964844,106.5248794555664,237.88706970214844,19.304676055908203,69.85407257080078,103.47459411621094,121.54022216796875,3941.260009765625
2022-12-07,16.0662841796875,186.44000244140625,305.5821228027344,102.77360534667969,137.11814880371094,214.10888671875,91.5,58.072174072265625,106.35710906982422,237.1592559814453,18.66461944580078,69.40724182128906,103.45562744140625,121.29582977294922,3933.919921875
2022-12-08,17.111791610717773,184.3699951171875,306.6165466308594,104.97364044189453,137.39144897460938,212.23272705078125,94.83000183105469,58.93892288208008,106.1098403930664,240.0998077392578,18.708763122558594,69.67720794677734,105.0764389038086,122.21696472167969,3963.510009765625
2022-12-09,16.94434928894043,183.4499969482422,304.6710205078125,100.64849853515625,135.78094482421875,211.9426727294922,94.69999694824219,59.280094146728516,105.53583526611328,238.17823791503906,18.505218505859375,69.48170471191406,103.43668365478516,122.52710723876953,3934.3798828125
2022-12-12,17.476566314697266,189.5399932861328,309.349609375,104.1217269897461,138.6700897216797,213.6103973388672,95.58000183105469,60.2021598815918,108.5912857055664,245.05899047851562,18.19622802734375,69.83544921875,104.49825286865234,124.16255950927734,3990.56005859375
2022-12-13,18.011781692504883,191.22000122070312,308.22979736328125,104.0655517578125,140.00729370117188,214.09075927734375,93.33999633789062,59.85177993774414,108.90034484863281,249.3388671875,17.661619186401367,70.54292297363281,105.99581909179688,122.54591369628906,4019.64990234375
2022-12-14,17.61510467529297,190.89999389648438,305.5155944824219,103.41959381103516,138.35775756835938,211.1813507080078,93.93000030517578,59.37229537963867,108.32634735107422,249.6300811767578,17.47769546508789,70.01232147216797,104.04330444335938,118.0907211303711,3995.320068359375
2022-12-15,16.895511627197266,182.57000732421875,298.47393798828125,99.76847839355469,134.94149780273438,208.7613983154297,90.61000061035156,56.59685516357422,103.3899917602539,241.66226196289062,17.114755630493164,68.83939361572266,100.57075500488281,117.51736450195312,3895.75
2022-12-16,16.51578140258789,181.25,296.26275634765625,98.46719360351562,133.49693298339844,204.5830535888672,89.56999969482422,55.61946105957031,102.40093994140625,237.4697723388672,17.04118537902832,69.08142852783203,98.8106918334961,116.19210052490234,3852.360107421875
2022-12-19,16.1998348236084,178.9600067138672,290.93878173828125,96.4450454711914,133.70187377929688,203.14195251464844,85.93000030517578,54.5775146484375,102.01238250732422,233.35487365722656,17.004396438598633,68.56944274902344,99.48616790771484,115.56233978271484,3817.659912109375
2022-12-20,16.031396865844727,179.02999877929688,292.3338317871094,95.16249084472656,134.4534912109375,203.63140869140625,87.62000274658203,54.835697174072266,100.89971923828125,234.66505432128906,17.377153396606445,69.67720794677734,99.4005355834961,114.71643829345703,3821.6201171875
2022-12-21,16.446014404296875,181.85000610351562,297.0694274902344,96.73526000976562,137.0010223388672,207.77345275878906,87.06999969482422,55.37049865722656,101.35009002685547,237.21743774414062,17.68859100341797,70.76634216308594,101.56018829345703,116.10751342773438,3878.43994140625
2022-12-22,15.287885665893555,177.83999633789062,292.219970703125,97.13782501220703,135.00985717773438,204.17523193359375,84.87000274658203,54.374664306640625,99.06294250488281,231.1615753173828,17.6076717376709,70.17057800292969,100.0665054321289,115.58116149902344,3822.389892578125
2022-12-23,15.1553316116333,181.22000122070312,292.55206298828125,97.69953155517578,136.0444793701172,206.41390991210938,85.25,54.439205169677734,102.44509887695312,231.68560791015625,18.08342170715332,70.86874389648438,99.92379760742188,117.51736450195312,3844.820068359375
2022-12-27,14.073945045471191,181.74000549316406,292.6755065917969,97.58717346191406,136.7765655517578,208.19036865234375,83.48999786376953,54.44842529296875,101.66798400878906,229.9678955078125,17.91421127319336,71.3155746459961,100.82762145996094,117.08502960205078,3829.25
2022-12-28,13.989230155944824,179.49000549316406,289.0217590332031,95.86463165283203,135.04891967773438,205.2537841796875,82.48999786376953,53.64622116088867,101.04984283447266,227.6095428466797,17.833280563354492,70.44984436035156,99.2483139038086,116.51167297363281,3783.219970703125
2022-12-29,14.554339408874512,185.75999450683594,296.3860778808594,98.72216033935547,137.01077270507812,208.65261840820312,85.2300033569336,55.407379150390625,102.84248352050781,233.8983612060547,17.88723373413086,71.10145568847656,101.55066680908203,119.02124786376953,3849.280029296875
2022-12-30,14.565301895141602,183.67999267578125,295.4940490722656,99.65583038330078,136.37632751464844,207.09371948242188,85.5,55.37971115112305,102.0477066040039,232.74346923828125,17.74254608154297,70.58946990966797,100.14263916015625,117.54557037353516,3839.5
2023-01-03,14.267297744750977,183.19000244140625,294.82025146484375,102.90005493164062,137.15719604492188,207.9003448486328,84.9000015258789,56.052833557128906,102.26847839355469,232.51055908203125,17.504667282104492,70.14264678955078,102.46399688720703,119.66979217529297,3824.139892578125
2023-01-04,14.69985294342041,184.67999267578125,296.9270324707031,106.71954345703125,137.47930908203125,210.5650634765625,88.72000122070312,57.10399627685547,103.38114929199219,222.33981323242188,17.686145782470703,71.51105499267578,103.92913055419922,121.33342742919922,3852.969970703125
2023-01-05,14.217463493347168,180.25999450683594,293.0076599121094,107.94554138183594,134.67796325683594,208.50759887695312,87.70999908447266,57.01103973388672,100.9880142211914,215.7501678466797,17.617477416992188,71.75308990478516,102.51155853271484,118.57949829101562,3808.10009765625
2023-01-06,14.809484481811523,187.2100067138672,304.8987731933594,109.36961364746094,140.39772033691406,215.17840576171875,88.5199966430664,59.167667388916016,103.71671295166016,218.2928466796875,18.061351776123047,73.44731140136719,106.0031509399414,120.86347198486328,3895.080078125
2023-01-09,15.575922012329102,190.6999969482422,304.8418273925781,107.87010192871094,139.08981323242188,217.88839721679688,89.23999786376953,59.30709457397461,103.681396484375,220.418212890625,18.350727081298828,71.53900146484375,106.81181335449219,117.59258270263672,3892.090087890625
2023-01-10,15.855987548828125,191.92999267578125,303.4657287597656,107.5871810913086,139.39239501953125,221.5319366455078,88.54000091552734,59.68822479248047,103.59307861328125,222.09718322753906,18.613121032714844,70.93389892578125,106.59300994873047,118.91783905029297,3919.25
2023-01-11,15.947678565979004,194.67999267578125,313.1646423339844,109.60538482666016,141.99847412109375,223.80691528320312,94.44000244140625,59.91132736206055,105.68596649169922,228.81298828125,18.296770095825195,70.7291030883789,108.56238555908203,118.98365020751953,3969.610107421875
2023-01-12,16.45598030090332,194.52000427246094,314.2845153808594,112.6326904296875,142.06686401367188,224.9942626953125,98.48999786376953,59.53950119018555,105.83609771728516,231.47210693359375,18.35563087463379,70.98046112060547,107.99154663085938,118.42908477783203,3983.169921875
2023-01-13,16.842683792114258,194.6999969482422,316.19207763671875,112.0479736328125,142.6329345703125,225.51089477539062,100.37000274658203,60.106544494628906,106.24229431152344,232.17086791992188,18.934375762939453,71.3807144165039,108.22937774658203,121.01384735107422,3999.090087890625
2023-01-17,17.643009185791016,194.6999969482422,319.1339416503906,112.48178100585938,141.16880798339844,222.40206909179688,101.2699966430664,60.20878601074219,104.57328796386719,233.25784301757812,18.929468154907227,70.71047973632812,107.30653381347656,120.30892181396484,3990.969970703125
2023-01-18,17.319095611572266,191.8300018310547,311.4659118652344,112.15170288085938,138.03565979003906,218.33250427246094,101.11000061035156,60.38542175292969,103.5224380493164,228.851806640625,19.846635818481445,69.91923522949219,105.56552124023438,119.54759216308594,3928.860107421875
2023-01-19,16.709131240844727,192.58999633789062,306.69244384765625,110.6616439819336,135.70286560058594,212.5318145751953,99.0999984741211,59.96710205078125,102.01238250732422,225.08627319335938,19.336557388305664,69.17452239990234,102.99676513671875,118.29751586914062,3898.85009765625
2023-01-20,17.77955436706543,198.7100067138672,316.2584533691406,114.16049194335938,139.08981323242188,216.08480834960938,101.27999877929688,60.859500885009766,104.14059448242188,233.13168334960938,19.353723526000977,69.86337280273438,105.88899230957031,121.16425323486328,3972.610107421875
2023-01-23,19.129045486450195,200.41000366210938,321.2691955566406,119.64923858642578,139.6266632080078,216.46542358398438,105.22000122070312,62.29104995727539,105.9596939086914,235.42205810546875,19.613670349121094,70.85944366455078,106.64056396484375,122.03836822509766,4019.81005859375
2023-01-24,19.200803756713867,199.57000732421875,323.61334228515625,119.11167907714844,140.63197326660156,218.39599609375,104.12999725341797,62.15161895751953,104.74991607666016,234.89794921875,19.353723526000977,71.11077880859375,107.87738037109375,121.09845733642578,4016.949951171875
2023-01-25,19.25860595703125,200.3000030517578,325.5208740234375,116.92371368408203,139.3826446533203,218.0878143310547,104.44000244140625,61.69612121582031,102.1007080078125,233.5101776123047,19.28750991821289,71.76239776611328,107.83930206298828,122.82788848876953,4016.219970703125
2023-01-26,19.736013412475586,202.2100067138672,329.6490173339844,117.14064025878906,140.1146697998047,220.12709045410156,109.41999816894531,61.15695571899414,101.64151000976562,240.68209838867188,19.348817825317383,72.31160736083984,107.74417877197266,122.92188262939453,4060.429931640625
2023-01-27,20.29714012145996,204.35000610351562,326.8874206542969,115.8297348022461,140.456298828125,221.5591583251953,115.94000244140625,60.9245719909668,99.81356048583984,240.8373565673828,19.007946014404297,71.33418273925781,108.72409057617188,122.5177230834961,4070.56005859375
2023-01-30,19.098148345947266,201.00999450683594,325.9478454589844,114.92438507080078,138.9043426513672,219.80079650878906,109.4800033569336,60.89667892456055,101.27944946289062,235.5481719970703,19.064348220825195,71.25972747802734,108.8858413696289,122.70570373535156,4017.77001953125
2023-01-31,19.471899032592773,208.80999755859375,332.2682800292969,116.8011245727539,141.45188903808594,225.43833923339844,111.11000061035156,61.56598663330078,102.3126449584961,240.49769592285156,19.603857040405273,72.24645233154297,111.83515167236328,124.62311553955078,4076.60009765625
2023-02-01,20.87321662902832,214.3800048828125,336.4533996582031,120.46028900146484,141.67636108398438,226.92477416992188,113.98999786376953,62.384010314941406,103.94632720947266,245.29193115234375,20.175247192382812,70.7756576538086,114.21359252929688,124.30355072021484,4119.2099609375
2023-02-02,21.636653900146484,221.67999267578125,329.981201171875,119.67752075195312,141.06149291992188,233.8131103515625,118.5199966430664,64.18738555908203,106.49839782714844,256.7922668457031,19.849090576171875,69.2862319946289,115.82141876220703,125.55364990234375,4179.759765625
2023-02-03,21.029687881469727,218.1999969482422,336.0453796386719,118.72502136230469,142.87693786621094,235.34487915039062,118.69999694824219,62.85810089111328,104.71459197998047,250.7267608642578,20.64364242553711,69.60273742675781,116.95357513427734,125.60066986083984,4136.47998046875
2023-02-06,21.018722534179688,210.74000549316406,333.1319274902344,114.08503723144531,143.56993103027344,233.3146514892578,118.3499984741211,61.42654800415039,103.01908111572266,249.19332885742188,20.73438262939453,70.04023742675781,114.99372100830078,125.13069152832031,4111.080078125
2023-02-07,22.099111557006836,213.3699951171875,335.31463623046875,115.33934783935547,143.2283477783203,230.5229949951172,119.69000244140625,62.672183990478516,104.08760833740234,259.6649169921875,21.077707290649414,70.98976135253906,114.41337585449219,127.49925994873047,4164.0
2023-02-08,22.131006240844727,208.94000244140625,334.7167663574219,110.41642761230469,141.50070190429688,227.6770782470703,116.36000061035156,61.73330307006836,102.17618560791016,258.85943603515625,21.18070411682129,70.99906158447266,114.30873107910156,123.4764404296875,4117.85986328125
2023-02-09,22.26256561279297,203.99000549316406,331.6691589355469,110.92569732666016,140.9053192138672,225.91873168945312,114.94000244140625,61.3428840637207,101.12714385986328,255.84121704101562,21.175800323486328,71.04560089111328,112.81505584716797,124.20018768310547,4081.5
2023-02-10,21.194137573242188,207.05999755859375,333.07867431640625,111.48211669921875,141.2273712158203,227.794921875,108.87000274658203,61.66822052001953,101.54497528076172,255.33651733398438,21.14146614074707,71.87410736083984,112.33934020996094,125.39387512207031,4090.4599609375
2023-02-13,21.715396881103516,210.33999633789062,338.4120178222656,115.88630676269531,142.34010314941406,231.25718688964844,116.41999816894531,62.951053619384766,102.69182586669922,263.3139953613281,21.205224990844727,73.05634307861328,114.08988952636719,125.54425048828125,4137.2900390625
2023-02-14,22.894453048706055,210.0,335.9452819824219,115.16959381103516,140.91505432128906,228.58343505859375,120.87000274658203,62.951053619384766,101.29605865478516,264.1389465332031,21.168439865112305,72.2185287475586,114.0328140258789,122.4237289428711,4136.1298828125
2023-02-15,22.68814468383789,211.17999267578125,333.6214599609375,116.59364318847656,142.70126342773438,230.0426788330078,137.00999450683594,63.87133026123047,102.44291687011719,262.0277404785156,21.34501075744629,72.42332458496094,115.66920471191406,124.02159118652344,4147.60009765625
2023-02-16,21.92868423461914,214.3300018310547,332.8310546875,115.9334945678711,141.09075927734375,228.81002807617188,139.4199981689453,63.164833068847656,101.9361572265625,255.0518035888672,21.445552825927734,72.13475036621094,112.97677612304688,124.95209503173828,4090.409912109375
2023-02-17,21.31673240661621,213.5800018310547,334.7453308105469,115.7825927734375,142.9843292236328,228.6559600830078,131.60000610351562,62.66289138793945,102.01617431640625,251.07257080078125,21.26653289794922,73.02840423583984,112.83407592773438,124.4539566040039,4079.090087890625
2023-02-21,20.58617401123047,209.67999267578125,324.2690124511719,111.84048461914062,139.57785034179688,222.97308349609375,128.77999877929688,61.30567932128906,99.14459991455078,245.82846069335938,21.34745979309082,72.0323486328125,109.41862487792969,123.6456069946289,3997.340087890625
2023-02-22,20.684839248657227,209.4199981689453,323.1833190917969,112.30260467529297,138.93362426757812,222.84535217285156,127.20999908447266,61.19414520263672,98.3978271484375,244.6999053955078,21.11448860168457,71.81825256347656,107.63951110839844,122.62113189697266,3991.050048828125
2023-02-23,23.58514404296875,209.36000061035156,322.9452209472656,111.86878204345703,139.35333251953125,224.6335906982422,125.5199966430664,61.556678771972656,98.96680450439453,247.87164306640625,21.104679107666016,71.87410736083984,108.24840545654297,120.50631713867188,4012.320068359375
2023-02-24,23.208402633666992,206.77000427246094,323.61187744140625,112.17999267578125,137.56712341308594,225.1444854736328,122.77999877929688,60.77583312988281,98.66454315185547,242.471923828125,21.183151245117188,72.58159637451172,107.51583862304688,120.95050048828125,3970.0400390625
2023-02-27,23.422687530517578,209.97999572753906,323.6595458984375,112.32144927978516,137.96731567382812,225.217529296875,123.52999877929688,60.20878601074219,98.67341613769531,243.386474609375,21.16598892211914,72.4605712890625,107.50634002685547,120.36454772949219,3982.239990234375
2023-02-28,23.138635635375977,214.7899932861328,326.5452880859375,111.46324920654297,138.1722869873047,226.88711547851562,123.27999877929688,60.00428009033203,98.1489028930664,242.66648864746094,21.141433715820312,72.87016296386719,107.23043060302734,120.39288330078125,3970.14990234375
2023-03-01,22.622365951538086,213.5,326.9452819824219,110.2278060913086,138.26014709472656,225.61892700195312,120.83000183105469,60.050758361816406,98.41560363769531,239.60177612304688,21.438512802124023,72.1812973022461,106.94501495361328,119.50452423095703,3951.389892578125
2023-03-02,23.236309051513672,212.5,324.6690673828125,111.6518783569336,138.93362426757812,227.1061248779297,122.37999725341797,60.552734375,99.66024017333984,244.3107147216797,21.767507553100586,72.00442504882812,107.04015350341797,118.89969635009766,3981.35009765625
2023-03-03,23.81039047241211,214.72000122070312,328.50714111328125,112.12340545654297,140.48558044433594,228.18267822265625,125.7300033569336,61.14767074584961,100.2203369140625,248.37754821777344,21.907447814941406,72.552001953125,109.1807632446289,119.49507141113281,4045.639892578125
2023-03-06,23.475515365600586,211.77999877929688,327.3642883300781,110.37870025634766,139.96826171875,226.53131103515625,126.33000183105469,60.757240295410156,100.57594299316406,249.91477966308594,21.647199630737305,72.75792694091797,108.86681365966797,117.2741470336914,4048.419921875
2023-03-07,23.214338302612305,209.1699981689453,321.173828125,109.7091293334961,136.7277374267578,225.35435485839844,126.94000244140625,59.41864776611328,99.65135192871094,247.26840209960938,21.742952346801758,70.38040924072266,107.86784362792969,114.86421966552734,3986.3701171875
2023-03-08,24.104515075683594,208.9499969482422,320.9261779785156,109.62422943115234,137.40121459960938,225.42735290527344,125.0,60.292457580566406,100.18476104736328,246.8306121826172,21.890256881713867,68.94828033447266,108.79071044921875,115.35565948486328,3992.010009765625
2023-03-09,23.36187171936035,204.67999267578125,300.5545959472656,108.17188262939453,135.85626220703125,225.2904815673828,119.83999633789062,58.93526840209961,98.72676086425781,245.4879608154297,20.99903678894043,67.46935272216797,106.07925415039062,113.29537963867188,3918.320068359375
2023-03-10,22.892362594604492,195.8800048828125,287.4211730957031,106.87985229492188,132.707763671875,219.11376953125,118.30000305175781,57.838375091552734,95.86408233642578,241.85897827148438,19.7125301361084,65.7095947265625,102.26420593261719,110.33732604980469,3861.590087890625
2023-03-13,22.89335823059082,190.35000610351562,273.1639099121094,104.41840362548828,132.34593200683594,216.74160766601562,115.95999908447266,57.029632568359375,96.30860137939453,247.04464721679688,18.755014419555664,62.71429443359375,100.82762145996094,106.79328918457031,3855.760009765625
2023-03-14,23.98689079284668,194.0800018310547,283.53533935546875,105.45580291748047,135.43582153320312,219.66116333007812,116.36000061035156,56.81583023071289,96.22857666015625,253.72862243652344,19.636423110961914,63.8656005859375,102.82449340820312,107.20912170410156,3919.2900390625
2023-03-15,24.1513671875,189.22000122070312,270.0400085449219,105.28605651855469,131.02590942382812,215.64678955078125,113.58000183105469,56.750762939453125,95.12619018554688,258.25274658203125,18.661718368530273,61.1511116027832,99.21292114257812,105.11107635498047,3891.929931640625
2023-03-16,25.460216522216797,191.9600067138672,274.3639221191406,105.79530334472656,132.8250732421875,216.4587860107422,119.98999786376953,57.615272521972656,96.61085510253906,268.72137451171875,19.12574577331543,64.23067474365234,101.44865417480469,104.87480163574219,3960.280029296875
2023-03-17,25.643630981445312,187.1999969482422,268.0305480957031,104.60702514648438,131.9939727783203,211.431640625,118.1500015258789,57.14118576049805,95.59738159179688,271.8639831542969,18.607704162597656,61.51616668701172,98.7160873413086,99.15709686279297,3916.639892578125
2023-03-20,25.818077087402344,199.0800018310547,274.1068115234375,105.68214416503906,135.46511840820312,216.3036651611328,118.4000015258789,58.535552978515625,97.52657318115234,264.8588562011719,19.304969787597656,62.75172805786133,101.09513092041016,105.08271789550781,3951.570068359375
2023-03-21,26.116134643554688,210.6300048828125,287.59259033203125,108.01155090332031,136.9612274169922,218.12841796875,123.69000244140625,59.66963577270508,98.05109405517578,266.366943359375,20.215839385986328,65.11054992675781,102.15567779541016,110.04434204101562,4002.8701171875
2023-03-22,26.38428497314453,202.16000366210938,282.1353759765625,105.5218276977539,135.38694763183594,213.1833953857422,121.16999816894531,57.215545654296875,95.18840789794922,264.91729736328125,19.528390884399414,62.86405944824219,99.23202514648438,107.26583099365234,3936.969970703125
2023-03-23,27.104991912841797,199.75999450683594,283.01165771484375,105.09741973876953,135.27935791015625,213.2655029296875,120.30000305175781,57.196956634521484,95.90853118896484,270.14190673828125,19.540666580200195,61.581695556640625,97.71288299560547,106.13174438476562,3948.719970703125
2023-03-24,26.694297790527344,200.82000732421875,277.56396484375,104.767333984375,136.22787475585938,213.84942626953125,116.91999816894531,56.76005172729492,96.76201629638672,272.97308349609375,18.90232276916504,61.89057922363281,96.1172866821289,106.57594299316406,3970.989990234375
2023-03-27,26.44708251953125,203.5800018310547,284.03070068359375,106.36117553710938,136.68740844726562,216.27630615234375,117.91000366210938,57.31779479980469,96.97538757324219,268.896484375,19.53329849243164,62.508365631103516,97.83706665039062,108.0785903930664,3977.530029296875
2023-03-28,26.32646369934082,202.24000549316406,285.09735107421875,109.02066802978516,138.00746154785156,218.3018035888672,116.61000061035156,56.49977493286133,96.88648223876953,267.7776794433594,19.643787384033203,62.71429443359375,99.57598876953125,109.7702865600586,3971.27001953125
2023-03-29,26.898651123046875,207.42999267578125,287.27838134765625,109.98260498046875,139.08302307128906,220.38197326660156,118.80000305175781,57.68033218383789,103.15412139892578,272.9146728515625,19.916309356689453,65.12925720214844,100.70340728759766,111.70765686035156,4027.81005859375
2023-03-30,27.296388626098633,205.55999755859375,286.3163757324219,108.47340393066406,139.659912109375,220.71043395996094,122.27999877929688,58.16372299194336,100.9404525756836,276.35882568359375,19.913854598999023,64.49274444580078,100.35944366455078,112.1329574584961,4050.830078125
2023-03-31,27.68914222717285,210.85000610351562,291.9068908691406,110.74195861816406,142.10443115234375,225.25399780273438,124.4000015258789,59.35357666015625,101.8739242553711,280.4937438964844,20.269855499267578,65.23221588134766,101.97415924072266,113.47496795654297,4109.31005859375
2023-04-03,27.876550674438477,211.57000732421875,291.6877746582031,111.54877471923828,141.0483856201172,225.02590942382812,121.45999908447266,59.66963577270508,98.97570037841797,279.4527282714844,20.23793601989746,65.63470458984375,101.33399963378906,112.27471923828125,4124.509765625
2023-04-04,27.366165161132812,206.77999877929688,285.9354248046875,109.66938781738281,135.97360229492188,215.9934844970703,118.45999908447266,58.740055084228516,97.70437622070312,279.404052734375,19.872116088867188,64.64250946044922,95.51535034179688,111.08393859863281,4100.60009765625
2023-04-05,26.79598045349121,207.47000122070312,284.27825927734375,108.05574798583984,132.65882873535156,209.59779357910156,115.33999633789062,58.852500915527344,96.75311279296875,276.6409606933594,19.653606414794922,64.82035064697266,94.77013397216797,112.2463607788086,4090.3798828125
2023-04-06,26.951478958129883,207.67999267578125,283.1640319824219,106.3662109375,132.2481689453125,208.66717529296875,109.69000244140625,59.030521392822266,96.93980407714844,283.7043762207031,19.494022369384766,65.39134979248047,95.20006561279297,111.83053588867188,4105.02001953125
2023-04-10,27.49176788330078,210.4199981689453,287.67828369140625,110.96977996826172,133.7442169189453,212.90968322753906,112.5999984741211,60.95136642456055,97.17095184326172,281.55426025390625,19.65605926513672,65.65343475341797,95.9070816040039,112.84174346923828,4109.10986328125
2023-04-11,27.083065032958984,215.8800048828125,291.30682373046875,114.3014144897461,133.97891235351562,215.2088623046875,114.25,62.403682708740234,97.24207305908203,275.17181396484375,19.71007537841797,66.07466125488281,96.81476593017578,112.97406768798828,4108.93994140625
2023-04-12,26.411197662353516,213.99000549316406,290.440185546875,112.24169158935547,135.45533752441406,217.0791778564453,112.41999816894531,62.21628952026367,96.37972259521484,275.8139953613281,19.98259925842285,66.30865478515625,97.02496337890625,110.73422241210938,4091.949951171875
2023-04-13,26.379297256469727,219.52999877929688,293.67828369140625,113.8837890625,135.37716674804688,217.9733428955078,113.94999694824219,62.600467681884766,97.12649536132812,281.99200439453125,20.14218521118164,66.29930114746094,97.58868408203125,111.67931365966797,4146.22021484375
2023-04-14,26.673364639282227,221.1999969482422,294.6974182128906,113.9692153930664,135.27935791015625,218.91307067871094,114.6500015258789,62.16945266723633,95.94409942626953,278.3922424316406,20.42698097229004,63.68777847290039,98.16194152832031,109.73247528076172,4137.64013671875
2023-04-17,26.916593551635742,222.08999633789062,296.7735900878906,112.04234313964844,136.13002014160156,219.5151824951172,116.16999816894531,63.415645599365234,97.41098022460938,280.9801940917969,20.57183837890625,64.95140838623047,99.7766342163086,112.4920654296875,4151.31982421875
2023-04-18,27.57948875427246,222.11000061035156,300.6022033691406,111.39691162109375,136.15939331054688,221.01150512695312,119.19000244140625,63.67802047729492,97.17095184326172,280.56182861328125,20.805078506469727,65.5317611694336,99.66197204589844,110.80986022949219,4154.8701171875
2023-04-19,27.8426513671875,219.74000549316406,300.92596435546875,110.97924041748047,134.51666259765625,218.75794982910156,120.0999984741211,61.9820556640625,97.58879852294922,280.6396484375,20.647947311401367,66.17761993408203,99.53778076171875,112.37867736816406,4154.52001953125
2023-04-20,27.01827049255371,216.0500030517578,300.7259826660156,109.8876953125,134.9077911376953,236.20240783691406,118.4000015258789,59.36784362792969,96.96649169921875,278.3630676269531,20.100448608398438,65.93426513671875,99.54733276367188,110.50743865966797,4129.7900390625
2023-04-21,27.033220291137695,216.8300018310547,299.14508056640625,109.26123046875,134.5264434814453,239.96136474609375,115.5,59.227294921875,97.36653900146484,278.02252197265625,19.91876220703125,65.09181213378906,98.40079498291016,110.80986022949219,4133.52001953125
2023-04-24,26.956464767456055,216.25,298.01171875,110.2293930053711,134.66334533691406,236.41221618652344,116.12000274658203,59.311622619628906,98.58451080322266,274.14056396484375,19.869657516479492,65.41007232666016,98.54412078857422,110.7625961303711,4137.0400390625
2023-04-25,26.15799903869629,209.30999755859375,276.2020263671875,106.7174072265625,132.90325927734375,235.25352478027344,112.50499725341797,57.56881332397461,95.97075653076172,267.9624938964844,19.38844871520996,64.67058563232422,97.40714263916016,110.17665100097656,4071.6298828125
2023-04-26,26.8707332611084,209.5500030517578,278.5830078125,106.29975128173828,130.7716827392578,231.8594970703125,113.68000030517578,58.440208435058594,93.67707061767578,287.3722229003906,18.899869918823242,64.09026336669922,102.70028686523438,110.14830017089844,4055.989990234375
2023-04-27,27.139883041381836,212.14999389648438,288.0115966796875,108.91001892089844,134.32110595703125,236.66769409179688,115.25,59.44279479980469,95.87297058105469,296.5761413574219,19.13311004638672,65.43815612792969,106.4742660522461,113.3709945678711,4135.35009765625
2023-04-28,27.661231994628906,213.9199981689453,290.5925598144531,108.95748138427734,134.86866760253906,236.67681884765625,119.66999816894531,58.92744827270508,97.66881561279297,298.9403381347656,19.11347007751465,66.44905853271484,105.55705261230469,116.36688995361328,4169.47998046875
2023-05-01,28.818557739257812,213.88999938964844,288.17352294921875,107.9228744506836,136.2473907470703,239.45042419433594,121.41999816894531,59.67704772949219,97.85550689697266,297.2864074707031,18.948974609375,66.72051239013672,105.74813079833984,116.29127502441406,4167.8701171875
2023-05-02,28.120769500732422,207.08999633789062,280.19256591796875,106.78384399414062,142.36846923828125,239.11282348632812,120.58000183105469,58.30904006958008,95.65960693359375,297.14044189453125,18.200145721435547,65.99977111816406,104.72581481933594,114.18376159667969,4119.580078125
2023-05-03,27.714061737060547,207.33999633789062,275.0782470703125,106.64146423339844,141.37112426757812,239.37744140625,118.86000061035156,58.50580978393555,95.72183227539062,296.15777587890625,17.81222915649414,64.90461730957031,104.10477447509766,124.77804565429688,4090.75
2023-05-04,27.474817276000977,223.60000610351562,268.592529296875,104.25897979736328,139.7479248046875,236.0107879638672,117.62999725341797,58.57139587402344,95.30399322509766,297.14044189453125,17.53234100341797,63.85625457763672,102.26077270507812,123.19975280761719,4061.219970703125
2023-05-05,28.58928680419922,231.19000244140625,278.6501770019531,108.05574798583984,141.80133056640625,237.95413208007812,119.9000015258789,59.82696533203125,95.86408233642578,302.238525390625,18.794296264648438,65.26968383789062,103.2735366821289,123.7479019165039,4136.25
2023-05-08,29.058792114257812,229.82000732421875,281.0522155761719,106.06246185302734,141.80133056640625,237.09649658203125,125.6500015258789,59.96751022338867,94.5305404663086,300.292724609375,19.177303314208984,65.93426513671875,102.82449340820312,124.41888427734375,4138.1201171875
2023-05-09,28.480628967285156,230.92999267578125,280.86077880859375,105.09427642822266,141.20489501953125,234.82470703125,127.06999969482422,59.7332649230957,95.34844207763672,298.6873779296875,19.147842407226562,65.94361114501953,103.04423522949219,123.39823913574219,4119.169921875
2023-05-10,28.793636322021484,228.2100067138672,278.34393310546875,104.18306732177734,141.4688720703125,234.28640747070312,113.19000244140625,59.28351593017578,97.37446594238281,303.8536682128906,18.838489532470703,65.41007232666016,103.48372650146484,122.11294555664062,4137.64013671875
2023-05-11,28.487606048583984,227.1699981689453,278.0760192871094,105.33158111572266,140.56924438476562,233.59300231933594,111.19999694824219,59.07737731933594,95.57257843017578,301.7131652832031,18.624889373779297,65.40072631835938,104.01879119873047,122.2168960571289,4130.6201171875
2023-05-12,28.25035858154297,227.0399932861328,280.7076721191406,106.65094757080078,142.1924591064453,233.60215759277344,105.2750015258789,59.16170120239258,95.82357788085938,300.60400390625,18.602792739868164,65.0730972290039,103.87548065185547,122.4626235961914,4124.080078125
2023-05-15,28.861417770385742,230.14999389648438,286.0092468261719,107.49573516845703,143.0919952392578,235.18052673339844,105.77999877929688,60.670265197753906,96.97106170654297,301.0807800292969,18.80902671813965,65.71895599365234,104.50605773925781,123.48328399658203,4136.27978515625
2023-05-16,29.120601654052734,226.52000427246094,281.7507629394531,103.91728210449219,141.35154724121094,232.27923583984375,105.41000366210938,60.014373779296875,95.07951354980469,303.2991027832031,18.38182830810547,65.09181213378906,101.75438690185547,122.35865783691406,4109.89990234375
2023-05-17,30.08254623413086,232.11000061035156,288.1816101074219,106.30924987792969,142.69114685058594,234.96156311035156,108.33000183105469,61.288673400878906,96.2000961303711,306.1656799316406,18.295896530151367,65.79386138916016,104.19076538085938,122.9351577758789,4158.77001953125
2023-05-18,31.577804565429688,234.85000610351562,290.6314697265625,107.04961395263672,144.5098419189453,239.87362670898438,111.87000274658203,62.34748077392578,97.49996948242188,310.5729064941406,18.592975616455078,66.8141098022461,105.56658935546875,124.55121612548828,4198.0498046875
2023-05-19,31.165111541748047,233.64999389648438,290.79412841796875,103.5755844116211,144.29473876953125,239.50636291503906,107.37999725341797,61.67284393310547,96.91726684570312,310.3974304199219,18.516862869262695,66.6737289428711,104.42961120605469,121.89555358886719,4191.97998046875
2023-05-22,31.077390670776367,237.6999969482422,290.9280700683594,103.29082489013672,144.64674377441406,239.9103546142578,109.93000030517578,62.90029525756836,98.60262298583984,313.16656494140625,18.585609436035156,66.383544921875,104.869140625,122.07511138916016,4192.6298828125
2023-05-23,30.59093475341797,236.5800018310547,287.473388671875,102.47449493408203,142.7302703857422,237.31202697753906,106.25,62.27252197265625,97.58065795898438,307.394287109375,18.352367401123047,66.52394104003906,103.05377960205078,122.25469207763672,4145.580078125
2023-05-24,30.441408157348633,232.4600067138672,280.4205627441406,102.72132110595703,141.05816650390625,234.39231872558594,105.70999908447266,62.07574462890625,97.114501953125,306.0194396972656,18.61016082763672,65.27902221679688,101.54420471191406,119.08868408203125,4115.240234375
2023-05-25,37.85987091064453,232.82000732421875,292.5358581542969,108.2076187133789,142.49559020996094,234.8238525390625,104.41999816894531,64.40886688232422,96.7110824584961,317.788330078125,18.956336975097656,64.25875854492188,100.56008911132812,118.27592468261719,4151.27978515625
2023-05-26,38.82281494140625,233.75,295.8277587890625,107.0306167602539,144.93031311035156,236.28369140625,106.80999755859375,65.43018341064453,96.97106170654297,324.5843505859375,19.23377227783203,64.28684997558594,102.32764434814453,118.58956146240234,4205.4501953125
2023-05-30,39.984127044677734,230.94000244140625,296.134033203125,103.76541900634766,144.25558471679688,235.64100646972656,107.19000244140625,64.74617004394531,96.22698211669922,322.9463195800781,19.381084442138672,64.38978576660156,102.30854034423828,117.648681640625,4205.52001953125
2023-05-31,37.71433639526367,226.5500030517578,285.6264953613281,100.90836334228516,141.8502197265625,228.48867797851562,109.7699966430664,62.16945266723633,94.0665054321289,320.1966552734375,18.98530387878418,64.5357666015625,100.07282257080078,114.03719329833984,4179.830078125
2023-06-01,39.644203186035156,228.0,290.66015625,100.69953918457031,143.68849182128906,231.98678588867188,112.16000366210938,67.42597961425781,96.10148620605469,324.2821350097656,19.290122985839844,64.88427734375,100.0919189453125,114.90205383300781,4221.02001953125
2023-06-02,39.20261001586914,234.83999633789062,299.72259521484375,106.85978698730469,147.335693359375,238.45050048828125,118.05999755859375,66.50772857666016,98.83570861816406,327.0317687988281,19.786697387695312,66.44773864746094,104.40095520019531,117.3065414428711,4282.3701171875
2023-06-05,39.04710388183594,232.6699981689453,298.3159484863281,107.4292984008789,145.48765563964844,238.14752197265625,115.69000244140625,65.85182189941406,100.09076690673828,327.5583190917969,19.77440643310547,65.87321472167969,103.63661193847656,117.01191711425781,4273.7900390625
2023-06-06,38.53173828125,238.24000549316406,299.5025939941406,109.62191772460938,145.97653198242188,241.260009765625,117.30000305175781,65.64569091796875,99.8756332397461,325.35467529296875,19.956317901611328,66.48539733886719,105.26085662841797,118.74161529541016,4283.85009765625
2023-06-07,37.3603401184082,237.58999633789062,303.4931640625,112.9820556640625,147.77572631835938,247.76966857910156,116.55000305175781,66.49836730957031,100.32386779785156,315.3116149902344,19.816194534301758,67.5968017578125,108.04119110107422,120.04364776611328,4267.52001953125
2023-06-08,38.39216613769531,238.3000030517578,300.976318359375,111.74810028076172,147.0717010498047,247.28306579589844,115.5,65.898681640625,99.47220611572266,317.144775390625,19.531036376953125,66.87158203125,108.06029510498047,119.492431640625,4293.93017578125
2023-06-09,38.651371002197266,239.3699951171875,300.82318115234375,111.36842346191406,147.19900512695312,245.67626953125,117.86000061035156,65.3177490234375,100.12663269042969,318.6366271972656,19.617074966430664,67.17296600341797,107.6303482055664,119.2928466796875,4298.85986328125
2023-06-12,39.36119079589844,239.27000427246094,299.186767578125,112.29862976074219,148.07070922851562,245.3824920654297,124.58999633789062,66.91999053955078,101.38168334960938,323.5703430175781,18.926298141479492,67.28600311279297,109.48389434814453,119.39738464355469,4338.93017578125
2023-06-13,40.8964729309082,240.3000030517578,303.94287109375,114.49127197265625,150.31361389160156,251.2310028076172,124.9000015258789,68.64407348632812,101.75821685791016,325.94952392578125,19.3663330078125,67.50260925292969,112.5221939086914,123.85474395751953,4369.009765625
2023-06-14,42.86543273925781,239.7899932861328,305.2060852050781,115.55435180664062,150.44094848632812,249.53253173828125,125.13999938964844,68.6815414428711,99.9921646118164,328.92333984375,19.61216163635254,66.53250122070312,111.99468994140625,122.70476531982422,4372.58984375
2023-06-15,42.522491455078125,244.4499969482422,311.57952880859375,115.2980728149414,153.47720336914062,251.818603515625,127.8499984741211,69.11256408691406,101.57891082763672,339.4148864746094,19.897321701049805,66.9280776977539,114.07595825195312,122.36259460449219,4425.83984375
2023-06-16,42.56137466430664,243.6300048828125,311.014892578125,116.92119598388672,152.7034454345703,251.45138549804688,128.67999267578125,69.68412017822266,101.82991790771484,333.78887939453125,19.735074996948242,67.70040893554688,113.58679962158203,124.91915130615234,4409.58984375
2023-06-20,43.67395782470703,242.47999572753906,308.26837158203125,117.11101531982422,152.1451416015625,250.6709442138672,126.44999694824219,68.24116516113281,100.61967468261719,329.61566162109375,19.742446899414062,66.49482727050781,113.3853988647461,122.98986053466797,4388.7099609375
2023-06-21,42.91328430175781,243.02999877929688,307.4741516113281,117.36731719970703,153.34988403320312,250.54248046875,127.45999908447266,68.07250213623047,101.17549133300781,325.2376708984375,19.63428497314453,66.66436767578125,114.53632354736328,124.82410430908203,4365.68994140625
2023-06-22,42.893348693847656,240.99000549316406,306.83294677734375,116.5415267944336,152.82098388671875,251.14842224121094,127.95999908447266,68.74714660644531,99.75011444091797,331.2342224121094,19.558074951171875,66.0239028930664,111.63023376464844,124.76710510253906,4381.89013671875
2023-06-23,42.07984924316406,238.55999755859375,303.37823486328125,113.54208374023438,152.85035705566406,251.22183227539062,124.7300033569336,68.59722900390625,97.1593246459961,326.6612243652344,19.668703079223633,66.37239074707031,110.7766342163086,117.66768646240234,4348.330078125
2023-06-26,40.50766372680664,239.22999572753906,306.1534729003906,112.67830657958984,154.1431884765625,255.050537109375,123.12999725341797,69.10320281982422,99.19429779052734,320.4013977050781,19.535951614379883,66.23110961914062,112.37833404541016,120.09117889404297,4328.81982421875
2023-06-27,41.74787139892578,245.6699981689453,312.0770568847656,115.32655334472656,156.29794311523438,259.9992370605469,127.88999938964844,70.25569915771484,99.57080841064453,326.22247314453125,19.88503074645996,67.22946166992188,114.12390899658203,118.7796401977539,4378.41015625
2023-06-28,40.991188049316406,245.8800048828125,311.38812255859375,115.85810089111328,155.51441955566406,260.0084533691406,127.62999725341797,70.48994445800781,99.24808502197266,327.4705810546875,19.705575942993164,66.19342803955078,113.32785034179688,117.99081420898438,4376.85986328125
2023-06-29,40.69709396362305,248.0500030517578,317.32135009765625,117.57720184326172,156.846435546875,263.4698181152344,125.0999984741211,71.35196685791016,98.01095581054688,326.69049072265625,20.357017517089844,67.18238067626953,114.68978881835938,118.34246063232422,4396.43994140625
2023-06-30,42.17256164550781,251.0800018310547,317.86676025390625,117.7586669921875,158.5506591796875,264.59918212890625,128.16000366210938,71.58623504638672,100.28797912597656,332.0434875488281,20.420930862426758,67.83226776123047,115.1117935180664,119.4829330444336,4450.3798828125
2023-07-03,42.28322219848633,253.47000122070312,320.6611328125,118.13114166259766,157.50265502929688,263.3780212402344,132.35000610351562,71.63307189941406,99.92939758300781,329.55718994140625,20.573347091674805,68.09600067138672,113.89373016357422,119.59696197509766,4455.58984375
2023-07-05,42.18751525878906,250.99000549316406,317.7136535644531,118.9524917602539,155.19114685058594,260.4858703613281,131.69000244140625,71.48316192626953,101.19342803955078,329.713134765625,20.720842361450195,67.85110473632812,111.8028793334961,118.05735778808594,4446.81982421875
2023-07-06,41.97417068481445,250.05999755859375,314.4981994628906,118.13114166259766,153.53594970703125,258.1905517578125,128.16000366210938,71.42656707763672,101.94647216796875,332.7553405761719,20.789674758911133,68.19017028808594,110.69990539550781,118.48503112792969,4411.58984375
2023-07-07,42.37294387817383,253.49000549316406,318.3070068359375,117.04237365722656,153.84939575195312,257.7498779296875,130.32000732421875,71.91700744628906,101.69544982910156,328.806396484375,21.168249130249023,68.50098419189453,112.01387786865234,119.6159896850586,4398.9501953125
2023-07-10,42.05093002319336,256.30999755859375,319.9338073730469,122.96372985839844,154.28033447265625,262.02838134765625,131.7100067138672,73.37893676757812,104.42070770263672,323.55078125,21.023212432861328,68.28435516357422,113.71149444580078,119.78705596923828,4409.52978515625
2023-07-11,42.275245666503906,258.7300109863281,322.7664794921875,124.9693374633789,154.3195037841797,267.36279296875,137.5399932861328,74.28439331054688,105.90885925292969,324.17486572265625,21.141210556030273,68.89655303955078,116.43537139892578,120.25275421142578,4439.259765625
2023-07-12,43.76766586303711,257.8800048828125,323.5224609375,123.58451080322266,154.27052307128906,268.7951354980469,137.02000427246094,72.95450592041016,106.2853775024414,328.7868957519531,20.929800033569336,68.37854766845703,117.34650421142578,120.7279281616211,4472.16015625
2023-07-13,45.8363151550293,260.5,327.18768310546875,120.98676300048828,155.01490783691406,266.80267333984375,140.08999633789062,74.25609588623047,108.0514144897461,334.11065673828125,21.079755783081055,68.27494049072266,117.7589111328125,121.2696533203125,4510.0400390625
2023-07-14,45.32987594604492,258.989990234375,324.7091064453125,119.74516296386719,154.2999267578125,268.9787292480469,143.33999633789062,73.44496154785156,108.34724426269531,336.6262512207031,20.804424285888672,66.40064239501953,117.72055053710938,119.71101379394531,4505.419921875
2023-07-17,46.3188362121582,258.4800109863281,328.24029541015625,120.32776641845703,154.6525115966797,270.6314697265625,145.36000061035156,73.58642578125,108.49964141845703,337.1040344238281,20.60038948059082,68.02064514160156,119.11124420166016,118.46600341796875,4522.7900390625
2023-07-18,47.34867858886719,259.7300109863281,337.293212890625,122.5721435546875,155.60256958007812,270.934326171875,146.52999877929688,74.43528747558594,109.53955841064453,350.5207214355469,21.20758056640625,68.41620635986328,120.46359252929688,120.20524597167969,4554.97998046875
2023-07-19,46.932945251464844,255.25999450683594,337.3027648925781,122.82046508789062,154.24111938476562,270.2182312011719,145.53500366210938,74.80313873291016,110.54359436035156,346.220703125,20.150524139404297,68.21842193603516,120.65543365478516,121.65930938720703,4565.72021484375
2023-07-20,45.38071823120117,253.16000366210938,341.54217529296875,121.4929428100586,154.8385772705078,250.41384887695312,145.27999877929688,75.51994323730469,111.02769470214844,338.215576171875,20.53647232055664,70.2999038696289,119.52367401123047,123.0468978881836,4534.8701171875
2023-07-21,44.173423767089844,252.44000244140625,338.64263916015625,120.4901351928711,154.29014587402344,252.993896484375,148.77000427246094,74.99176025390625,110.63323974609375,335.19293212890625,20.51434898376465,69.84783935546875,120.07036590576172,123.1134033203125,4536.33984375
2023-07-24,44.475494384765625,251.7100067138672,339.70489501953125,122.74407958984375,154.97572326660156,252.1308135986328,147.6199951171875,73.99198150634766,112.28275299072266,336.4994201660156,20.433229446411133,70.48829650878906,121.18292236328125,124.03528594970703,4554.64013671875
2023-07-25,45.53923034667969,252.41000366210938,339.4177551269531,122.39069366455078,155.45562744140625,250.77194213867188,148.64999389648438,74.56732940673828,112.0765609741211,342.2231140136719,20.3791446685791,70.177490234375,121.87346649169922,123.1894302368164,4567.4599609375
2023-07-26,45.31292724609375,250.97000122070312,339.2263488769531,122.50531005859375,155.49481201171875,246.98007202148438,150.1699981689453,73.94483184814453,114.52391815185547,329.3426513671875,21.023212432861328,71.26061248779297,112.5030288696289,125.99309539794922,4566.75
2023-07-27,45.75954818725586,245.19000244140625,333.5036926269531,120.78620910644531,154.6133270263672,247.71453857421875,148.5,73.78450775146484,113.89639282226562,322.468505859375,21.350162506103516,71.64676666259766,110.78622436523438,128.055419921875,4537.41015625
2023-07-28,46.606956481933594,247.17999267578125,330.355224609375,121.94181060791016,154.99530029296875,249.81707763671875,153.3300018310547,72.85075378417969,113.42125701904297,329.92767333984375,21.38457679748535,68.03945922851562,110.28748321533203,126.6583480834961,4582.22998046875
2023-07-31,46.58600997924805,248.91000366210938,333.455810546875,125.42779541015625,155.33811950683594,250.1384735107422,152.19000244140625,73.57699584960938,112.47996520996094,327.5387878417969,21.468162536621094,67.70040893554688,112.08102416992188,127.83686065673828,4588.9599609375
2023-08-01,46.364688873291016,251.05999755859375,333.99176025390625,125.87666320800781,156.1706085205078,252.48887634277344,148.91000366210938,74.38813781738281,112.7847671508789,327.9483642578125,21.82707405090332,67.80400848388672,111.38086700439453,128.34056091308594,4576.72998046875
2023-08-02,44.133544921875,244.86000061035156,332.7955627441406,125.57101440429688,155.42628479003906,251.22183227539062,144.55999755859375,74.00143432617188,111.51177215576172,319.3288879394531,21.881149291992188,67.99237823486328,109.79834747314453,135.6775360107422,4513.39013671875
2023-08-03,44.378787994384766,247.0,337.3219909667969,126.26824951171875,154.603515625,251.13003540039062,140.8800048828125,74.81256866455078,111.76277923583984,318.5098876953125,22.38018226623535,68.37854766845703,107.02655029296875,134.66064453125,4501.89013671875
2023-08-04,44.54328155517578,245.72000122070312,331.2890625,125.8193588256836,153.34988403320312,249.94561767578125,140.1699981689453,73.36007690429688,110.25672912597656,319.6019287109375,21.95244026184082,68.30318450927734,107.33343505859375,134.74618530273438,4478.02978515625
2023-08-07,45.27803421020508,246.77999877929688,335.77532958984375,125.70474243164062,157.29698181152344,251.33197021484375,143.1999969482422,73.84107971191406,112.12137603759766,321.87371826171875,22.149105072021484,69.35807800292969,108.58988189697266,135.05029296875,4518.43994140625
2023-08-08,44.52733612060547,244.5399932861328,333.4025573730469,124.3008041381836,157.1990509033203,250.55162048339844,139.5500030517578,73.46382141113281,111.072509765625,317.91510009765625,21.85411262512207,68.83062744140625,107.2375259399414,135.99119567871094,4499.3798828125
2023-08-09,42.423797607421875,260.0400085449219,329.742431640625,122.7154312133789,156.43505859375,250.2486114501953,137.8699951171875,72.53949737548828,111.99352264404297,314.19036865234375,22.099943161010742,68.60457611083984,106.37435150146484,133.79579162597656,4467.7099609375
2023-08-10,42.25830078125,268.6099853515625,329.300537109375,116.8036117553711,155.65155029296875,246.5117645263672,135.97000122070312,72.4734878540039,112.24635314941406,314.8728942871094,22.23514175415039,68.89655303955078,106.72921752929688,134.09039306640625,4468.830078125
2023-08-11,40.729984283447266,265.5400085449219,330.87603759765625,116.00135803222656,154.96592712402344,248.21029663085938,133.67999267578125,72.39803314208984,113.30282592773438,313.0008239746094,22.522762298583984,69.32038879394531,106.85389709472656,136.0482177734375,4464.0498046875
2023-08-14,43.61912155151367,266.8999938964844,330.5301818847656,115.62889099121094,154.86798095703125,248.4766082763672,133.24000549316406,72.10564422607422,112.86035919189453,315.9552001953125,22.889041900634766,69.00958251953125,107.72667694091797,136.13375854492188,4489.72021484375
2023-08-15,43.805545806884766,264.510009765625,323.3829345703125,114.25360870361328,153.43801879882812,245.82321166992188,129.85000610351562,71.95475006103516,111.59622955322266,313.8295593261719,22.51293182373047,67.98296356201172,104.78221893310547,133.9668426513672,4437.85986328125
2023-08-16,43.352943420410156,264.3399963378906,320.6258850097656,112.45809936523438,152.83078002929688,245.7864532470703,128.8300018310547,71.12476348876953,110.61201477050781,313.0674133300781,22.439178466796875,68.1336441040039,103.36275482177734,134.73667907714844,4404.330078125
2023-08-17,43.21137619018555,262.010009765625,317.5037841796875,111.4743881225586,149.83367919921875,245.4539031982422,127.98999786376953,70.76634216308594,109.257568359375,309.62799072265625,22.26955795288086,67.30481719970703,101.54047393798828,134.94577026367188,4370.35986328125
2023-08-18,43.16651153564453,262.2300109863281,319.29058837890625,110.24236297607422,151.27346801757812,248.0680694580078,125.05999755859375,71.03043365478516,108.78804016113281,309.2371520996094,22.498178482055664,67.6438980102539,103.22846984863281,133.72926330566406,4369.7099609375
2023-08-21,46.82329177856445,258.04998779296875,319.94384765625,109.87943267822266,151.43997192382812,246.81178283691406,124.0,72.1150894165039,108.8692855834961,314.51361083984375,22.871835708618164,67.25772857666016,103.04624938964844,134.50856018066406,4399.77001953125
2023-08-22,45.52825927734375,262.239990234375,315.7169189453125,108.01707458496094,151.50852966308594,244.7518768310547,127.08000183105469,72.1622314453125,107.85799407958984,315.080322265625,22.456388473510742,66.89983367919922,103.38192749023438,132.05654907226562,4387.5498046875
2023-08-23,46.97182846069336,264.510009765625,320.3088684082031,108.5901107788086,153.07559204101562,246.26678466796875,128.1300048828125,72.18109130859375,109.81739807128906,319.5163879394531,22.603883743286133,67.17296600341797,105.9139633178711,132.26564025878906,4436.009765625
2023-08-24,47.01869201660156,262.0299987792969,319.87664794921875,107.43447875976562,151.68482971191406,242.09153747558594,124.72000122070312,71.23792266845703,109.04087829589844,312.64727783203125,22.56947135925293,67.43667602539062,103.94781494140625,133.41563415527344,4376.31005859375
2023-08-25,45.877193450927734,265.239990234375,320.9813537597656,106.8232421875,154.348876953125,244.46551513671875,125.79000091552734,70.47395324707031,110.04313659667969,315.5884094238281,22.768590927124023,67.61563873291016,105.34809875488281,132.5082244873047,4405.7099609375
2023-08-28,46.69169235229492,270.8399963378906,323.0467834472656,108.6760482788086,155.2499542236328,244.89041137695312,126.15499877929688,71.69065856933594,110.34111022949219,316.2919616699219,22.940671920776367,67.74751281738281,106.27842712402344,132.25033569335938,4433.31005859375
2023-08-29,48.63472366333008,271.69000244140625,327.0334167480469,110.6625747680664,156.27835083007812,246.5347137451172,132.25,72.07735443115234,110.14247131347656,320.8941955566406,22.50800895690918,68.0865707397461,108.14868927001953,133.13861083984375,4497.6298828125
2023-08-30,49.113258361816406,273.239990234375,326.75482177734375,110.96820068359375,156.9933624267578,248.37294006347656,130.61000061035156,72.0867919921875,110.63909149169922,321.2655029296875,22.185977935791016,67.96411895751953,108.92555236816406,132.756591796875,4514.8701171875
2023-08-31,49.2039794921875,271.7300109863281,324.29559326171875,111.388427734375,156.22938537597656,248.11427307128906,131.5500030517578,72.3414306640625,110.36821746826172,320.2590026855469,22.414854049682617,68.04466247558594,109.1557388305664,133.0813446044922,4507.66015625
2023-09-01,48.360565185546875,272.8599853515625,328.8394775390625,113.01203155517578,157.34593200683594,249.88783264160156,132.69000244140625,73.19029998779297,110.52171325683594,321.1383972167969,22.771699905395508,68.62258911132812,110.05731201171875,133.74038696289062,4515.77001953125
2023-09-05,48.39944839477539,273.17999267578125,326.93731689453125,112.0665283203125,153.8885040283203,243.19073486328125,142.2899932861328,74.972900390625,109.59166717529297,325.9164733886719,22.66341209411621,68.04466247558594,106.59492492675781,132.1166534423828,4496.830078125
2023-09-06,46.920860290527344,275.4800109863281,326.34173583984375,112.38167572021484,153.8689422607422,242.47950744628906,141.77000427246094,75.37846374511719,108.68871307373047,325.2618713378906,22.973499298095703,68.07307434082031,104.03413391113281,131.79185485839844,4465.47998046875
2023-09-07,46.10330581665039,272.07000732421875,327.062255859375,111.06370544433594,153.41842651367188,239.0155029296875,143.27000427246094,74.37869262695312,108.52618408203125,322.35980224609375,22.879985809326172,68.01622772216797,103.61212158203125,131.41937255859375,4451.14013671875
2023-09-08,45.43629455566406,271.8399963378906,331.4716491699219,111.69403076171875,150.7347412109375,239.92999267578125,145.82000732421875,74.59561920166016,108.84222412109375,326.6200256347656,23.246671676635742,67.73200225830078,103.67926788330078,132.1548309326172,4457.490234375
2023-09-11,45.04347610473633,272.6499938964844,330.0018310546875,111.25470733642578,150.29403686523438,241.32481384277344,147.3300018310547,74.06745147705078,108.25529479980469,330.2060852050781,23.249134063720703,67.4288330078125,103.84230041503906,133.23416137695312,4487.4599609375
2023-09-12,44.736385345458984,272.07000732421875,333.53692626953125,112.13337707519531,148.54086303710938,242.38711547851562,147.5,73.86939239501953,108.13790893554688,324.1772155761719,23.131004333496094,68.48995971679688,102.3940658569336,134.71466064453125,4461.89990234375
2023-09-13,45.34955978393555,272.2900085449219,331.5388488769531,109.07717895507812,149.60040283203125,241.14932250976562,144.71499633789062,73.5392837524414,107.72256469726562,328.3690490722656,22.660951614379883,68.39520263671875,101.24312591552734,132.6133270263672,4467.43994140625
2023-09-14,45.445274353027344,273.6700134277344,336.03466796875,109.869873046875,149.96337890625,243.78196716308594,144.1199951171875,74.08633422851562,107.39749908447266,330.94866943359375,22.81353187561035,69.48474884033203,101.96244812011719,134.46629333496094,4505.10009765625
2023-09-15,43.76927947998047,272.8599853515625,333.46014404296875,108.742919921875,148.75668334960938,240.55816650390625,142.75,73.30348205566406,104.7156982421875,322.6627197265625,22.5772762298584,69.15316772460938,101.78907012939453,132.43182373046875,4450.31982421875
2023-09-18,43.8350830078125,275.0899963378906,333.4217224121094,109.56427001953125,149.58078002929688,240.80752563476562,142.5500030517578,71.841552734375,105.02271270751953,321.5292663574219,22.304101943969727,69.4184341430664,101.3074951171875,133.98870849609375,4453.52978515625
2023-09-19,43.39040756225586,274.32000732421875,333.5177917480469,109.0962905883789,149.76715087890625,240.26255798339844,141.85000610351562,71.71894836425781,104.87824249267578,321.128662109375,22.045700073242188,69.89215087890625,101.94319915771484,134.4185333251953,4443.9501953125
2023-09-20,42.113216400146484,275.17999267578125,331.4139709472656,109.89854431152344,148.54086303710938,236.225830078125,138.00999450683594,71.7566909790039,104.4267578125,313.428955078125,22.31395149230957,70.06269836425781,100.4117431640625,135.3450164794922,4402.2001953125
2023-09-21,40.89485168457031,269.95001220703125,323.9593811035156,107.19572448730469,148.1680450439453,235.68084716796875,132.75,71.58690643310547,102.31385040283203,312.21734619140625,21.9177303314209,69.14369201660156,100.02645111083984,136.62493896484375,4330.0
2023-09-22,41.48609924316406,269.9800109863281,320.3664855957031,107.10021209716797,148.78611755371094,236.34591674804688,132.1999969482422,71.70008850097656,101.98878479003906,309.75506591796875,21.624868392944336,69.14369201660156,99.99756622314453,138.51617431640625,4320.06005859375
2023-09-25,42.09627914428711,271.2699890136719,322.4607849121094,108.0934829711914,149.62001037597656,236.74314880371094,134.13999938964844,71.21907043457031,103.2529296875,310.27288818359375,21.639636993408203,69.11524963378906,100.16129302978516,141.05685424804688,4337.43994140625
2023-09-26,41.786197662353516,261.54998779296875,315.02532958984375,108.33222961425781,146.44139099121094,233.6671142578125,132.27999877929688,70.59656524658203,101.78111267089844,304.9964904785156,21.238494873046875,68.2909927368164,98.33124542236328,139.68145751953125,4273.52978515625
2023-09-27,42.3415412902832,258.8599853515625,314.0838928222656,110.07999420166016,146.0391845703125,234.60006713867188,134.02999877929688,70.69088745117188,105.20330047607422,305.63165283203125,21.683937072753906,67.94043731689453,99.48707580566406,139.22293090820312,4274.509765625
2023-09-28,42.960693359375,258.5299987792969,317.35009765625,110.92595672607422,145.99996948242188,237.9901885986328,136.47000122070312,71.91700744628906,105.75410461425781,306.462158203125,21.61748695373535,68.32889556884766,100.42137145996094,137.8188934326172,4299.7001953125
2023-09-29,43.36947250366211,255.33999633789062,316.70648193359375,111.59886169433594,144.96002197265625,235.60691833496094,137.2100067138672,71.56802368164062,104.13782501220703,308.52386474609375,21.302478790283203,67.1824951171875,100.36357116699219,137.14071655273438,4288.0498046875
2023-10-02,44.648651123046875,255.8800048828125,313.0367736816406,111.4546890258789,144.62646484375,232.55860900878906,136.55999755859375,71.49258422851562,102.73822021484375,314.4353942871094,21.083450317382812,67.10669708251953,99.33296203613281,137.93348693847656,4288.39013671875
2023-10-03,43.387413024902344,249.77000427246094,304.5830993652344,107.98432922363281,145.15621948242188,234.58155822753906,127.7300033569336,70.60600280761719,103.1535873413086,306.2178955078125,21.383689880371094,66.04557037353516,98.99584197998047,136.80641174316406,4229.4501953125
2023-10-04,43.90985870361328,251.32000732421875,305.5917053222656,109.30133056640625,147.27529907226562,236.37362670898438,127.41000366210938,71.0492935180664,104.09268188476562,311.660400390625,21.28032875061035,66.47190856933594,100.28652954101562,137.98129272460938,4263.75
2023-10-05,44.554931640625,252.07000732421875,309.6264953613281,107.84974670410156,145.5977020263672,238.2303466796875,124.98999786376953,71.70442962646484,103.72246551513672,312.0512390136719,21.634714126586914,66.92668151855469,98.96695709228516,139.44264221191406,4258.18994140625
2023-10-06,45.625732421875,254.5399932861328,313.593994140625,109.26288604736328,147.37339782714844,239.90225219726562,126.36000061035156,71.65696716308594,106.0069351196289,319.7704772949219,22.06785011291504,67.23934173583984,99.87236022949219,139.0128173828125,4308.5
2023-10-09,45.1381950378418,259.6300048828125,313.4114685058594,109.80121612548828,148.45257568359375,240.55816650390625,127.7699966430664,72.18865966796875,107.59615325927734,322.2719421386719,21.654399871826172,67.28671264648438,100.60435485839844,139.06056213378906,4335.66015625
2023-10-10,45.66162872314453,261.45001220703125,315.9667053222656,107.8882064819336,148.41329956054688,240.85374450683594,131.58999633789062,72.16018676757812,106.93697357177734,320.87457275390625,21.738073348999023,67.26776885986328,101.58683013916016,139.39486694335938,4358.240234375
2023-10-11,46.6666259765625,256.239990234375,316.37982177734375,107.49406433105469,149.3649139404297,241.28787231445312,130.0,73.1571273803711,107.14466094970703,324.8123779296875,21.514122009277344,67.21092987060547,102.06839752197266,140.21630859375,4376.9501953125
2023-10-12,46.805206298828125,248.89999389648438,312.5660705566406,105.56182861328125,148.25633239746094,234.9418487548828,125.97000122070312,72.09370422363281,107.05436706542969,323.5812683105469,21.034225463867188,66.48139190673828,100.11315155029297,140.45510864257812,4349.60986328125
2023-10-13,45.325626373291016,249.4199981689453,312.1241760253906,105.33110046386719,145.82334899902344,234.30445861816406,124.08000183105469,71.17272186279297,106.53064727783203,320.2297058105469,20.940710067749023,67.2298583984375,99.67008209228516,141.48667907714844,4327.77978515625
2023-10-16,45.95774459838867,249.94000244140625,317.68634033203125,107.50367736816406,147.61866760253906,237.53753662109375,125.19000244140625,72.1126937866211,107.20787811279297,325.0274353027344,21.14743423461914,68.57522583007812,101.38455200195312,143.12953186035156,4373.6298828125
2023-10-17,43.80716323852539,251.64999389648438,321.8747253417969,111.57963562011719,146.91232299804688,239.28341674804688,125.70999908447266,73.03370666503906,107.57807159423828,324.4606018066406,21.275405883789062,69.1626205444336,101.70240020751953,146.79730224609375,4373.2001953125
2023-10-18,42.070350646972656,247.75999450683594,310.8273010253906,111.81035614013672,141.23202514648438,231.2561798095703,122.16999816894531,71.94180297851562,106.7925033569336,322.55517578125,20.399290084838867,69.1247329711914,96.38563537597656,145.3932342529297,4314.60009765625
2023-10-19,41.97563171386719,241.97000122070312,304.131591796875,112.52173614501953,140.9279022216797,233.43618774414062,119.97000122070312,71.2486801147461,106.72026824951172,323.737548828125,19.983379364013672,68.20571899414062,94.93123626708984,142.38450622558594,4278.0
2023-10-20,41.26376724243164,239.0,299.9046630859375,111.31048583984375,138.88731384277344,233.6116485595703,116.48999786376953,70.53656768798828,104.7427978515625,319.1940002441406,19.73481559753418,66.6898193359375,93.42866516113281,139.43307495117188,4224.16015625
2023-10-23,42.84703063964844,238.32000732421875,299.0977783203125,111.57002258300781,138.19076538085938,231.44093322753906,120.38999938964844,69.56809997558594,105.31166076660156,321.7833251953125,19.7249755859375,65.85608673095703,93.30345153808594,138.898193359375,4217.0400390625
2023-10-24,43.532981872558594,240.7899932861328,301.1535949707031,112.16604614257812,138.2986602783203,234.66470336914062,122.01000213623047,70.10930633544922,105.75410461425781,322.9656677246094,19.784038543701172,66.6898193359375,93.53461456298828,140.26406860351562,4247.68017578125
2023-10-25,41.65459442138672,230.88999938964844,295.0534362792969,109.73392486572266,137.01351928710938,231.11761474609375,118.5,68.81802368164062,101.30253601074219,332.8735656738281,19.621610641479492,68.11097717285156,92.9663314819336,142.31764221191406,4186.77001953125
2023-10-26,40.205928802490234,228.57000732421875,303.891357421875,108.88796997070312,137.19009399414062,234.15670776367188,115.47000122070312,67.82107543945312,100.90524291992188,320.38604736328125,19.7249755859375,68.12045288085938,93.66946411132812,142.04067993164062,4137.22998046875
2023-10-27,40.3794059753418,221.89999389648438,298.3388366699219,105.57142639160156,136.58184814453125,233.09437561035156,114.08999633789062,68.1818618774414,98.93679809570312,322.2620849609375,19.49856185913086,66.70877838134766,93.84281921386719,139.49041748046875,4117.3701171875
2023-10-30,41.03843688964844,222.55999755859375,303.4110412597656,107.72477722167969,137.46478271484375,235.08042907714844,116.94999694824219,67.58370971679688,99.83975982666016,329.5904541015625,19.66836929321289,68.82154846191406,94.11251831054688,139.8629150390625,4166.81982421875
2023-10-31,40.6585693359375,225.1699981689453,302.1910705566406,108.17659759521484,138.10250854492188,238.26727294921875,118.29000091552734,69.10287475585938,100.27316284179688,330.37213134765625,19.705280303955078,69.58897399902344,94.73859405517578,142.2221221923828,4193.7998046875
2023-11-01,42.198970794677734,228.60000610351562,305.0345764160156,107.13837432861328,139.7015838623047,240.6505126953125,119.47000122070312,69.64405822753906,98.29569244384766,338.1499328613281,19.333667755126953,69.97742462158203,95.27796936035156,159.01370239257812,4237.85986328125
2023-11-02,43.3764533996582,236.66000366210938,318.3299560546875,108.16698455810547,140.97695922851562,243.28311157226562,115.5,70.95436096191406,101.55537414550781,340.3484802246094,19.774192810058594,69.75003814697266,95.48023986816406,156.44435119628906,4317.77978515625
2023-11-03,44.87098693847656,236.66000366210938,323.8473205566406,110.71446228027344,140.97695922851562,250.20191955566406,122.63999938964844,72.06523895263672,99.74043273925781,344.7259521484375,19.565004348754883,70.23323822021484,98.13861083984375,156.16737365722656,4358.33984375
2023-11-06,45.61476516723633,233.41000366210938,321.36834716796875,108.83990478515625,140.7415008544922,248.44676208496094,118.16999816894531,71.98926544189453,100.67046356201172,348.37054443359375,19.892322540283203,70.08165740966797,97.98450469970703,154.3525848388672,4365.97998046875
2023-11-07,45.81816482543945,233.42999267578125,321.1561584472656,108.49382019042969,143.72386169433594,246.700927734375,121.08000183105469,71.78038024902344,101.60953521728516,352.2790222167969,20.084280014038086,69.97742462158203,97.67630767822266,152.03155517578125,4378.3798828125
2023-11-08,46.4353141784668,235.5399932861328,320.5677185058594,111.96417236328125,145.0973358154297,245.41697692871094,117.66000366210938,71.94180297851562,102.98204040527344,354.8879699707031,19.764347076416016,69.20053100585938,98.31201171875,152.37538146972656,4382.77978515625
2023-11-09,46.81019973754883,228.75,320.08551025390625,112.07953643798828,144.66571044921875,245.17678833007812,115.5199966430664,71.98926544189453,102.95494842529297,352.4354553222656,20.1851806640625,69.47527313232422,97.40660858154297,153.99917602539062,4347.35009765625
2023-11-10,48.19106674194336,231.2100067138672,324.4453430175781,111.1470718383789,147.94241333007812,249.44442749023438,118.1500015258789,73.24258422851562,104.22810363769531,361.20989990234375,20.27131462097168,70.08165740966797,99.67971801757812,155.7470703125,4415.240234375
2023-11-13,48.475215911865234,229.13999938964844,323.2589111328125,110.89712524414062,148.5114288330078,246.82101440429688,119.1500015258789,72.86278533935547,104.17351531982422,358.288330078125,20.084280014038086,70.33744049072266,99.4292984008789,155.01161193847656,4411.5498046875
2023-11-14,49.508140563964844,234.00999450683594,330.3099670410156,115.78060150146484,151.79794311523438,254.20167541503906,126.68000030517578,74.72376251220703,105.79325866699219,361.79620361328125,19.596996307373047,70.93433380126953,102.02986907958984,155.75665283203125,4495.7001953125
2023-11-15,48.74242401123047,235.86000061035156,331.3034973144531,119.1259536743164,150.19883728027344,254.06317138671875,128.35000610351562,74.93264770507812,106.59403991699219,361.94305419921875,19.73235511779785,71.38910675048828,102.74263000488281,152.6523895263672,4502.8798828125
2023-11-16,49.332664489746094,231.99000549316406,332.0076599121094,116.03053283691406,151.0523681640625,253.76747131347656,126.27999877929688,72.91028594970703,106.0025634765625,368.3071594238281,19.31890869140625,72.3365249633789,102.04913330078125,152.7670135498047,4508.240234375
2023-11-17,49.151214599609375,232.80999755859375,335.5090637207031,117.03990936279297,152.7102813720703,256.57562255859375,127.1500015258789,73.60337829589844,106.9398193359375,362.1192321777344,19.488718032836914,72.51654052734375,102.43441009521484,154.04690551757812,4514.02001953125
2023-11-20,50.25890350341797,235.3000030517578,337.1006164550781,117.82817840576172,151.87640380859375,255.98976135253906,129.6999969482422,74.00215911865234,108.07728576660156,369.5505676269531,19.456722259521484,72.3270492553711,101.84688568115234,154.76329040527344,4547.3798828125
2023-11-21,49.7952766418457,232.5800018310547,335.6344299316406,117.08797454833984,152.4552001953125,255.61781311035156,126.81999969482422,73.51792907714844,107.70418548583984,365.27197265625,19.692975997924805,73.25554656982422,100.3250503540039,157.3994598388672,4538.18994140625
2023-11-22,48.57094192504883,233.6699981689453,338.1037902832031,117.92432403564453,152.70045471191406,255.43179321289062,129.0399932861328,74.04964447021484,108.24107360839844,369.9520568847656,19.8480224609375,73.66293334960938,100.81626892089844,156.58761596679688,4556.6201171875
2023-11-24,47.63373947143555,234.00999450683594,338.9719543457031,119.72197723388672,153.22044372558594,255.868896484375,128.3699951171875,74.38194274902344,107.83158111572266,369.54083251953125,20.131038665771484,74.04192352294922,101.17263793945312,159.06277465820312,4559.33984375
2023-11-27,48.098350524902344,231.66000366210938,337.09100341796875,120.88514709472656,151.140625,254.6877899169922,129.0,74.14458465576172,108.24107360839844,370.6961364746094,19.89724349975586,74.30719757080078,100.31541442871094,161.53794860839844,4550.43017578125
2023-11-28,47.67860794067383,235.1199951171875,333.30023193359375,121.73111724853516,149.63963317871094,251.9816131591797,127.55999755859375,74.16356658935547,108.81436920166016,374.7007141113281,18.80455780029297,73.13238525390625,100.28652954101562,157.3455047607422,4554.89013671875
2023-11-29,47.99665451049805,237.22999572753906,336.0106201171875,124.4420166015625,149.98300170898438,252.800048828125,126.4800033569336,85.01609802246094,110.24302673339844,370.93115234375,18.895610809326172,72.93341827392578,100.73921203613281,157.14405822753906,4550.580078125
2023-11-30,46.630733489990234,240.5,340.9878845214844,124.37472534179688,152.2884521484375,255.45042419433594,126.33999633789062,86.77262115478516,110.98919677734375,370.9898681640625,19.181461334228516,74.50627899169922,102.1839828491211,161.1925811767578,4567.7998046875
2023-12-01,46.6257438659668,251.6300048828125,343.66937255859375,128.46031188964844,154.073974609375,260.25823974609375,135.02000427246094,86.66818237304688,112.76365661621094,366.68182373046875,19.255388259887695,74.18216705322266,104.68826293945312,161.46121215820312,4594.6298828125
2023-12-04,45.374481201171875,251.60000610351562,341.2096862792969,124.17285919189453,154.30943298339844,261.2440185546875,133.6999969482422,85.74717712402344,113.00023651123047,361.424072265625,19.526453018188477,74.95430755615234,103.10865020751953,164.46400451660156,4569.77978515625
2023-12-05,46.43142318725586,250.94000244140625,340.0715026855469,124.10556030273438,152.55337524414062,259.4027099609375,133.7100067138672,86.00353240966797,111.96286010742188,364.7335205078125,19.43527603149414,75.27842712402344,101.63497161865234,164.4064483642578,4567.18017578125
2023-12-06,45.37148666381836,251.22999572753906,337.7373046875,124.47086334228516,153.51475524902344,260.5186462402344,135.30999755859375,84.88317108154297,113.21862030029297,361.0912170410156,19.735910415649414,74.72552490234375,101.25933074951172,162.97698974609375,4549.33984375
2023-12-07,46.46133804321289,256.05999755859375,340.2354431152344,126.09548950195312,153.20034790039062,260.38848876953125,139.83999633789062,84.5793228149414,113.59172058105469,363.1962585449219,19.913331985473633,74.63020324707031,101.22080993652344,160.86636352539062,4585.58984375
2023-12-08,47.368709564208984,256.0899963378906,344.9136657714844,126.66267395019531,154.42860412597656,258.73309326171875,140.67999267578125,84.87366485595703,112.8546371459961,366.4076843261719,20.489961624145508,74.62066650390625,106.27752685546875,160.86636352539062,4604.3701171875
2023-12-11,46.492244720458984,258.42999267578125,352.48565673828125,129.05633544921875,154.9886932373047,261.3835144042969,142.91000366210938,85.21548461914062,113.92839813232422,363.5389709472656,20.689563751220703,75.11637115478516,105.73812866210938,161.6051025390625,4622.43994140625
2023-12-12,47.51926803588867,258.2200012207031,357.1155700683594,130.10414123535156,158.5359649658203,260.4814758300781,140.5500030517578,83.74380493164062,115.16595458984375,366.5545349121094,20.637813568115234,76.07914733886719,105.709228515625,163.15928649902344,4643.7001953125
2023-12-13,47.949031829833984,264.57000732421875,358.6106872558594,133.03616333007812,158.6833953857422,264.17340087890625,144.50999450683594,85.01609802246094,116.58551025390625,366.5447692871094,20.009437561035156,76.88941192626953,107.15400695800781,162.51651000976562,4707.08984375
2023-12-14,48.21025848388672,272.1000061035156,366.520263671875,136.3623046875,161.21852111816406,268.944091796875,147.25999450683594,84.70276641845703,115.41165161132812,358.2812194824219,20.04147720336914,76.57484436035156,114.21414947509766,157.62374877929688,4719.5498046875
2023-12-15,48.74870300292969,277.42999267578125,364.4656982421875,135.59326171875,160.29486083984375,266.2286376953125,146.60000610351562,84.42741394042969,115.42076110839844,362.98089599609375,19.661983489990234,76.10774230957031,113.62435150146484,156.65476989746094,4719.18994140625
2023-12-18,49.93227767944336,277.95001220703125,362.7969055175781,138.03500366210938,160.41275024414062,267.1771545410156,147.5,85.1679916381836,116.23973083496094,364.8607482910156,19.992189407348633,76.69876098632812,114.04010772705078,158.90928649902344,4740.56005859375
2023-12-19,49.46063995361328,278.6000061035156,368.1021728515625,140.74591064453125,160.55030822753906,268.339599609375,146.91000366210938,86.05101776123047,117.19519805908203,365.45806884765625,20.329790115356445,77.25164794921875,115.55805206298828,160.59774780273438,4768.3701171875
2023-12-20,47.971954345703125,275.1600036621094,359.57525634765625,139.919189453125,159.0076141357422,264.238525390625,141.07000732421875,84.4369125366211,116.34893798828125,362.8731384277344,20.073509216308594,75.79316711425781,116.54423522949219,157.40310668945312,4698.35009765625
2023-12-21,48.84842300415039,277.0299987792969,362.71014404296875,142.1974639892578,160.84510803222656,266.916748046875,142.08999633789062,85.02559661865234,108.19559478759766,365.73211669921875,20.23368263244629,75.37374114990234,118.93235778808594,158.46798706054688,4746.75
2023-12-22,48.68887710571289,277.4200134277344,362.7294616699219,139.84225463867188,161.3462677001953,267.9676818847656,140.8000030517578,84.88317108154297,109.06916809082031,366.7503356933594,20.23368263244629,75.85037231445312,121.93926239013672,159.1970977783203,4754.6298828125
2023-12-26,49.13657760620117,278.75,364.8515319824219,140.30369567871094,162.0341033935547,269.6044006347656,138.72000122070312,84.86417388916016,109.36034393310547,366.8287353515625,20.482574462890625,76.06961822509766,123.25419616699219,159.5520477294922,4774.75
2023-12-27,49.2741813659668,282.9800109863281,366.5684509277344,139.9960479736328,161.68035888671875,269.8647766113281,136.5500030517578,84.12358093261719,108.35028839111328,366.2510681152344,20.359357833862305,76.23168182373047,123.36055755615234,159.60963439941406,4781.580078125
2023-12-28,49.378875732421875,282.4599914550781,367.6488342285156,140.78842163085938,162.25025939941406,269.6322021484375,137.0,83.75328063964844,108.7415771484375,367.435791015625,20.489961624145508,76.66062927246094,122.65475463867188,161.23094177246094,4783.35009765625
2023-12-29,49.378875732421875,282.6099853515625,366.3755187988281,139.33897399902344,162.02427673339844,268.6092834472656,136.13999938964844,83.705810546875,108.38668060302734,368.1799621582031,20.428356170654297,76.62248992919922,122.49037170410156,161.64344787597656,4769.830078125
2024-01-02,48.02879333496094,281.55999755859375,365.6038513183594,141.10728454589844,160.03936767578125,268.5162658691406,134.47999572753906,81.85433197021484,107.25831604003906,363.117919921875,20.834951400756836,77.59483337402344,120.13126373291016,162.95777893066406,4742.830078125
2024-01-03,47.431522369384766,278.989990234375,367.0604248046875,137.7832794189453,157.80882263183594,263.02960205078125,133.4199981689453,81.94929504394531,106.321044921875,362.85357666015625,21.347505569458008,77.58529663085938,117.48210906982422,163.08253479003906,4704.81005859375
2024-01-04,47.85928726196289,280.8800048828125,365.613525390625,137.83157348632812,157.69088745117188,262.3134765625,133.72000122070312,82.18803405761719,107.2401123046875,360.24920654296875,21.48796844482422,78.16678619384766,118.21688842773438,162.20948791503906,4688.68017578125
2024-01-05,48.955108642578125,280.760009765625,368.56512451171875,138.10214233398438,157.94639587402344,261.2533264160156,135.97999572753906,81.24258422851562,107.35840606689453,360.0631408691406,21.66539192199707,78.94844818115234,118.7099838256836,161.25015258789062,4697.240234375
2024-01-08,52.10198211669922,284.3900146484375,370.822265625,140.4019317626953,159.06658935546875,262.98309326171875,140.0800018310547,82.11164855957031,108.71428680419922,366.8580627441406,21.598857879638672,78.17630767822266,119.62849426269531,159.25465393066406,4763.5400390625
2024-01-09,52.986427307128906,283.69000244140625,362.59442138671875,138.2857208251953,160.1671142578125,261.26263427734375,139.52999877929688,82.19757843017578,107.98629760742188,367.93511962890625,21.61610984802246,78.04285430908203,119.93789672851562,157.47021484375,4756.5
2024-01-10,54.19292449951172,280.260009765625,364.6007080078125,138.91380310058594,160.83526611328125,262.7040710449219,139.75999450683594,82.76103210449219,108.18648529052734,374.7691650390625,21.441150665283203,78.57666778564453,118.05252838134766,156.66436767578125,4783.4501953125
2024-01-11,54.6635627746582,279.4800109863281,364.87078857421875,137.7252960205078,161.08094787597656,264.2198791503906,139.4499969482422,83.03799438476562,108.4139633178711,376.59033203125,21.64567756652832,78.91984558105469,116.669921875,159.83029174804688,4780.240234375
2024-01-12,54.5518798828125,283.989990234375,363.0671081542969,133.3673095703125,160.59945678710938,264.033935546875,137.13999938964844,82.77059173583984,108.94178009033203,380.35003662109375,21.77381706237793,78.31930541992188,115.80944061279297,157.94992065429688,4783.830078125
2024-01-16,56.21904754638672,283.989990234375,360.24090576171875,132.9807891845703,160.76654052734375,265.0754699707031,135.02000427246094,82.09253692626953,109.02365112304688,382.1123962402344,21.483041763305664,78.6529312133789,115.45171356201172,157.80601501464844,4765.97998046875
2024-01-17,55.89100646972656,277.92999267578125,358.8807678222656,132.22711181640625,157.28802490234375,263.18768310546875,134.97999572753906,81.58638763427734,109.29666137695312,381.3291931152344,21.978343963623047,78.52900695800781,114.78457641601562,159.37936401367188,4739.2099609375
2024-01-18,56.94195556640625,277.55999755859375,361.60089111328125,133.34800720214844,159.48910522460938,265.0010681152344,137.0399932861328,82.57002258300781,109.53324890136719,385.6372375488281,21.887170791625977,79.11048889160156,117.15335845947266,159.8111114501953,4780.93994140625
2024-01-19,59.319068908691406,282.8599853515625,368.1503601074219,133.4349822998047,159.2139892578125,266.76788330078125,139.92999267578125,83.85929107666016,111.098388671875,390.33685302734375,22.126197814941406,81.04558563232422,118.1395492553711,161.00070190429688,4839.81005859375
2024-01-22,59.481597900390625,287.4599914550781,373.3976745605469,135.3675079345703,160.32432556152344,268.6929626464844,142.00999450683594,84.63285827636719,111.7353744506836,388.22198486328125,22.44900894165039,81.65569305419922,121.23346710205078,161.94088745117188,4850.43017578125
2024-01-23,59.69996643066406,288.4599914550781,374.063232421875,134.83607482910156,162.25025939941406,268.57208251953125,142.3000030517578,84.19355010986328,111.76268005371094,390.5619201660156,22.52540397644043,81.76053619384766,120.20860290527344,162.27664184570312,4864.60009765625
2024-01-24,61.184661865234375,287.3999938964844,375.6644592285156,134.34327697753906,159.91165161132812,266.2286376953125,141.19000244140625,84.69969940185547,110.91639709472656,394.1455383300781,22.62397003173828,82.38016510009766,118.85501098632812,162.69879150390625,4868.5498046875
2024-01-25,61.43892288208008,293.79998779296875,377.51641845703125,137.06820678710938,161.2676239013672,268.339599609375,142.11000061035156,85.22494506835938,110.1156234741211,396.4071960449219,22.291301727294922,83.04743194580078,121.59121704101562,164.36810302734375,4894.16015625
2024-01-26,60.85462188720703,294.010009765625,377.5356750488281,139.2423553466797,160.67807006835938,269.3718566894531,149.6199951171875,84.0980453491211,110.05192565917969,395.48687744140625,22.606719970703125,82.75192260742188,120.73070526123047,163.7444610595703,4890.97021484375
2024-01-29,62.28446960449219,297.2699890136719,379.18511962890625,140.54684448242188,162.4566192626953,271.4084777832031,152.6999969482422,84.50870513916016,110.43411254882812,401.1558532714844,22.264192581176758,82.76144409179688,122.65475463867188,162.4493408203125,4927.93017578125
2024-01-30,62.59257507324219,296.92999267578125,379.60955810546875,141.52281188964844,162.98721313476562,273.6961669921875,149.44000244140625,84.94800567626953,111.398681640625,400.0494689941406,22.108949661254883,83.53359985351562,122.0069580078125,163.17848205566406,4924.97021484375
2024-01-31,61.349185943603516,289.92999267578125,373.1275329589844,138.8268585205078,159.233642578125,269.6229553222656,144.13999938964844,83.2767333984375,110.77079772949219,389.26959228515625,21.869922637939453,82.89490509033203,119.78318786621094,161.12542724609375,4845.64990234375
2024-02-01,62.844852447509766,294.54998779296875,372.3463134765625,141.4261932373047,162.98721313476562,269.7345275878906,146.49000549316406,83.51548767089844,110.19752502441406,395.3400573730469,22.392335891723633,82.99977111816406,123.01248168945312,162.42056274414062,4906.18994140625
2024-02-02,65.96879577636719,295.95001220703125,376.8508605957031,142.78863525390625,164.52993774414062,272.115234375,146.5500030517578,83.8879623413086,110.80720520019531,402.62451171875,23.68851089477539,86.09783935546875,123.39920806884766,160.763427734375,4958.60986328125
2024-02-05,69.13163757324219,291.5799865722656,376.2528381347656,142.46009826660156,164.08778381347656,271.0830078125,144.77999877929688,83.2767333984375,109.09646606445312,397.17095947265625,23.424842834472656,85.84046173095703,121.59121704101562,162.2567596435547,4942.81005859375
2024-02-06,68.02584075927734,286.989990234375,374.30438232421875,142.37310791015625,163.193603515625,272.8685302734375,144.52999877929688,83.65874481201172,111.18939208984375,397.0142517089844,22.92214012145996,85.50682830810547,121.85225677490234,162.71923828125,4954.22998046875
2024-02-07,69.89640808105469,291.989990234375,377.4971618652344,142.17987060546875,163.83226013183594,273.8728332519531,147.5500030517578,83.3053970336914,111.10749053955078,405.3953857421875,23.272058486938477,85.64981842041016,122.73209381103516,168.94322204589844,4995.06005859375
2024-02-08,69.43973541259766,265.1199951171875,382.1625061035156,166.0569305419922,163.40977478027344,247.39695739746094,150.5399932861328,84.91936492919922,111.69896697998047,405.4541015625,23.501230239868164,85.53543090820312,126.19341278076172,168.1917266845703,4997.91015625
2024-02-09,71.92453002929688,273.3999938964844,384.20477294921875,169.1103973388672,165.571533203125,244.04910278320312,147.59500122070312,85.80751037597656,111.95376586914062,411.7594299316406,24.164106369018555,86.56493377685547,127.53733825683594,168.1146240234375,5026.60986328125
2024-02-12,72.03919219970703,270.9599914550781,384.6209716796875,171.80633544921875,165.49290466308594,248.98719787597656,153.8000030517578,86.5810775756836,111.91709899902344,406.5800476074219,24.188753128051758,86.76510620117188,129.142333984375,165.60960388183594,5021.83984375
2024-02-13,71.9195327758789,268.75,377.3810119628906,169.43893432617188,165.1195068359375,243.73289489746094,150.82000732421875,83.31494903564453,111.26631927490234,397.8270263671875,24.88119125366211,86.32661437988281,125.29424285888672,164.964111328125,4953.169921875
2024-02-14,73.6864242553711,272.3800048828125,378.8038330078125,171.70970153808594,170.3961944580078,244.7093963623047,148.1999969482422,83.81155395507812,112.027099609375,401.6720886230469,24.900907516479492,87.1845474243164,126.83152770996094,165.50363159179688,5000.6201171875
2024-02-15,72.44800567626953,275.3800048828125,385.0662536621094,175.0530548095703,170.720458984375,250.15895080566406,157.69000244140625,83.34358978271484,112.54956817626953,398.79803466796875,25.77324104309082,88.72882843017578,128.89093017578125,166.2069854736328,5029.72998046875
2024-02-16,72.40313720703125,271.6199951171875,385.0372314453125,174.75352478027344,170.86781311035156,248.5221405029297,152.50999450683594,81.8537826538086,113.0903549194336,396.34576416015625,25.758453369140625,88.70975494384766,128.03045654296875,167.37277221679688,5005.56982421875
2024-02-20,69.25128173828125,272.9100036621094,384.0499267578125,177.1692352294922,171.77183532714844,250.19615173339844,148.14999389648438,81.61502838134766,114.1077880859375,395.1000061035156,25.4652099609375,89.06246185302734,127.682373046875,168.24951171875,4975.509765625
2024-02-21,67.27700805664062,274.29998779296875,382.67547607421875,177.8746337890625,171.7620086669922,250.27052307128906,149.24000549316406,80.7937240600586,113.13617706298828,394.50164794921875,25.88905906677246,89.52954864501953,126.76386260986328,167.835205078125,4981.7998046875
2024-02-22,78.31102752685547,275.8299865722656,390.3898010253906,180.82180786132812,175.1127471923828,252.23275756835938,155.25999450683594,82.15937042236328,114.30943298339844,403.79095458984375,26.30797576904297,90.10150909423828,125.3619155883789,170.9761199951172,5087.02978515625
2024-02-23,78.58921813964844,281.20001220703125,394.05816650390625,182.08767700195312,175.1029052734375,253.71221923828125,152.66000366210938,83.4677505493164,114.24526977539062,402.5058898925781,26.298120498657227,91.3979263305664,124.8108139038086,171.85287475585938,5088.7998046875
2024-02-26,78.86343383789062,278.30999755859375,394.8421936035156,180.6865234375,175.78091430664062,253.95562744140625,149.27000427246094,83.49639129638672,113.08119201660156,399.7593688964844,26.561790466308594,90.92130279541016,124.23070526123047,172.40203857421875,5069.52978515625
2024-02-27,78.47354888916016,278.54998779296875,395.5971984863281,176.4445037841797,174.68043518066406,256.3434143066406,152.05999755859375,83.24807739257812,112.65038299560547,399.7004699707031,26.38928985595703,91.26446533203125,125.00418853759766,175.10935974121094,5078.18017578125
2024-02-28,77.43856048583984,275.6600036621094,397.46527099609375,177.50743103027344,175.61390686035156,257.68243408203125,153.42999267578125,84.06939697265625,112.20125579833984,399.9359130859375,26.758926391601562,91.14055633544922,123.91165924072266,175.59107971191406,5069.759765625
2024-02-29,78.88335418701172,279.2699890136719,394.29046630859375,179.65261840820312,177.04852294921875,258.12255859375,157.47000122070312,85.11035919189453,112.39373779296875,405.7428894042969,26.815656661987305,91.35980224609375,123.63128662109375,174.82034301757812,5096.27001953125
2024-03-01,82.04121398925781,276.6000061035156,397.4168701171875,178.75396728515625,177.53982543945312,259.658203125,159.72000122070312,100.57194519042969,112.03626251220703,407.5673828125,27.249757766723633,90.47848510742188,122.59674072265625,173.86647033691406,5137.080078125
2024-03-04,84.99066162109375,281.6700134277344,399.1493835449219,172.17352294921875,177.95254516601562,266.4095153808594,158.08999633789062,98.68102264404297,112.13710021972656,406.9983825683594,27.39281463623047,90.8233413696289,124.52076721191406,171.52529907226562,5130.9501953125
2024-03-05,85.71958923339844,280.6099853515625,399.3526916503906,174.24139404296875,176.33119201660156,265.0330505371094,159.3300018310547,98.06027221679688,110.20307159423828,394.96270751953125,27.035171508789062,91.8100357055664,123.30253601074219,172.08407592773438,5078.64990234375
2024-03-06,88.44780731201172,285.239990234375,402.1402282714844,173.17845153808594,177.22540283203125,267.48638916015625,163.8699951171875,100.08489990234375,110.6613540649414,394.41339111328125,27.131366729736328,93.37149810791016,124.15337371826172,173.2691192626953,5104.759765625
2024-03-07,92.405517578125,293.07000732421875,399.5365905761719,173.65194702148438,178.70162963867188,275.8669738769531,163.5399932861328,99.55965423583984,111.02799987792969,401.32879638671875,26.936511993408203,92.97874450683594,127.52766418457031,172.37313842773438,5157.35986328125
2024-03-08,87.27913665771484,294.0299987792969,398.79132080078125,170.0959930419922,178.5638427734375,276.45684814453125,164.91000366210938,98.61417388916016,110.74385833740234,398.46453857421875,26.615873336791992,92.78714752197266,126.51248931884766,171.98773193359375,5123.68994140625
2024-03-11,85.53011322021484,293.5199890136719,398.4815673828125,172.37643432617188,177.9930419921875,273.6103210449219,162.99000549316406,98.14622497558594,111.4954605102539,396.7970275878906,26.57147216796875,93.97501373291016,126.69617462158203,171.8336181640625,5117.93994140625
2024-03-12,91.65167236328125,294.6700134277344,399.7398681640625,174.36700439453125,178.94766235351562,276.2414855957031,166.6699981689453,97.9170150756836,112.4212417602539,407.3515319824219,26.90938377380371,94.77969360351562,128.66856384277344,174.5023956298828,5175.27001953125
2024-03-13,90.62957763671875,298.92999267578125,403.3792419433594,176.6474151611328,178.6524200439453,276.0074157714844,164.75999450683594,98.54732513427734,111.9446029663086,407.175048828125,26.751523971557617,95.27783203125,128.35916137695312,174.8781280517578,5165.31005859375
2024-03-14,87.6939468383789,295.8999938964844,400.66912841796875,176.115966796875,178.740966796875,272.3461608886719,166.44000244140625,97.53502655029297,111.43131256103516,417.1017761230469,26.59613800048828,94.80844116210938,126.20496368408203,173.24989318847656,5150.47998046875
2024-03-15,87.58726501464844,295.6400146484375,406.0312805175781,175.47824096679688,178.642578125,270.8011474609375,160.63999938964844,97.7451171875,110.24889373779297,408.4698181152344,26.49994468688965,94.90422058105469,126.5251693725586,174.54090881347656,5117.08984375
2024-03-18,88.20349884033203,299.4200134277344,410.7450256347656,176.8214111328125,179.1936798095703,269.05010986328125,161.86000061035156,97.2198715209961,110.48722076416016,409.3525695800781,26.623271942138672,95.45983123779297,127.44701385498047,171.8721466064453,5149.419921875
2024-03-19,89.14382934570312,306.3900146484375,415.2264709472656,178.0968780517578,179.04608154296875,270.81048583984375,161.7899932861328,98.66192626953125,110.94552612304688,413.3645324707031,26.50734519958496,96.17829895019531,129.06752014160156,172.71034240722656,5178.509765625
2024-03-20,90.11505889892578,306.25,417.2978820800781,183.90426635742188,181.2800750732422,273.432373046875,164.7100067138672,99.74109649658203,112.74205017089844,417.11163330078125,26.83538818359375,96.86803436279297,131.27024841308594,174.01100158691406,5224.6201171875
2024-03-21,91.1750259399414,305.79998779296875,421.75030517578125,184.0009002685547,181.9788360595703,274.5279235839844,168.17999267578125,100.34276580810547,112.12792205810547,421.1725769042969,27.119029998779297,96.32199096679688,131.27993774414062,172.9801483154297,5241.52978515625
2024-03-22,94.02091217041016,303.260009765625,416.3589782714844,181.27597045898438,180.2467041015625,273.0765380859375,167.86000061035156,100.01803588867188,110.76219177246094,420.5545959472656,26.75399398803711,95.9483871459961,130.14462280273438,173.114990234375,5234.18017578125
2024-03-25,94.73188781738281,307.6600036621094,417.6656494140625,176.71510314941406,179.86293029785156,273.32000732421875,167.99000549316406,100.19949340820312,109.03897857666016,414.7868347167969,26.914318084716797,96.43694305419922,128.9705047607422,174.85888671875,5218.18994140625
2024-03-26,92.29782104492188,304.17999267578125,417.3849182128906,176.72471618652344,178.7902069091797,272.4585266113281,167.38999938964844,100.00849151611328,109.60726928710938,413.5999450683594,27.190563201904297,96.65727996826172,129.3877410888672,176.5738525390625,5203.580078125
2024-03-27,89.99340057373047,305.5199890136719,421.9922790527344,180.95510864257812,180.8076934814453,278.0487365722656,166.41000366210938,100.48599243164062,111.39463806152344,413.3841552734375,27.484071731567383,97.99840545654297,130.2610626220703,180.5625762939453,5248.490234375
2024-03-28,90.0990982055664,308.5400085449219,424.3733825683594,182.1776580810547,180.00067138671875,277.3745422363281,164.9600067138672,100.24724578857422,112.55872344970703,412.68768310546875,27.553133010864258,98.71686553955078,130.71714782714844,181.36224365234375,5254.35009765625
2024-04-01,90.10607147216797,305.8999938964844,420.879150390625,179.13099670410156,177.59939575195312,275.88568115234375,163.3699951171875,100.31410217285156,111.47714233398438,416.4642028808594,27.636995315551758,98.180419921875,128.3979949951172,180.37950134277344,5243.77001953125
2024-04-02,89.19766235351562,310.3699951171875,419.3014831542969,170.95164489746094,177.5107879638672,273.50726318359375,160.11000061035156,100.00849151611328,111.8987808227539,413.3939514160156,28.23388671875,97.576904296875,127.67993927001953,179.80142211914062,5205.81005859375
2024-04-03,88.71105194091797,316.1400146484375,422.2245788574219,167.9923095703125,178.2390899658203,273.9005432128906,159.33999633789062,101.6893081665039,110.23056030273438,412.4228820800781,28.3054141998291,97.82598114013672,127.58287811279297,178.21173095703125,5211.490234375
2024-04-04,85.66075134277344,304.8299865722656,415.1297607421875,166.05177307128906,176.4971466064453,274.55596923828125,158.83999633789062,100.55709075927734,109.98307037353516,409.9019775390625,27.385412216186523,97.53858947753906,127.13651275634766,172.78741455078125,5147.2099609375
2024-04-05,87.75776672363281,306.20001220703125,420.85980224609375,166.83770751953125,179.3314666748047,274.1346435546875,161.77000427246094,100.79695892333984,112.17374420166016,417.3960266113281,27.7899169921875,98.89888000488281,128.38827514648438,173.27879333496094,5204.33984375
2024-04-08,86.88526153564453,306.8599853515625,421.78900146484375,165.58609008789062,178.0520782470703,274.6496887207031,160.27000427246094,101.53578186035156,113.52117156982422,416.48382568359375,28.20922088623047,98.4390640258789,128.92196655273438,174.6276397705078,5202.39013671875
2024-04-09,85.1113052368164,304.5899963378906,415.80731201171875,164.63519287109375,178.3079376220703,275.286376953125,162.66000366210938,99.93339538574219,116.03264617919922,418.14154052734375,27.402677536010742,94.7126235961914,129.9117431640625,172.2671356201172,5209.91015625
2024-04-10,86.7915267944336,303.7900085449219,412.3131103515625,161.5206298828125,176.90061950683594,273.4978942871094,160.27999877929688,98.44615173339844,114.13529205322266,415.1792297363281,27.994638442993164,95.1341323852539,125.30253601074219,171.00502014160156,5160.64013671875
2024-04-11,90.35835266113281,305.7200012207031,408.9253845214844,160.11373901367188,177.63873291015625,272.9922790527344,165.4199981689453,100.6146469116211,113.87863159179688,419.7600402832031,27.66412925720215,93.24696350097656,125.9041519165039,167.27638244628906,5199.06005859375
2024-04-12,87.93525695800781,299.9100036621094,400.4270935058594,155.52435302734375,176.8612823486328,271.15692138671875,159.3699951171875,97.68811798095703,112.74205017089844,413.84515380859375,27.227558135986328,93.6684799194336,123.64321899414062,167.8255615234375,5123.41015625
2024-04-15,85.75646209716797,296.2900085449219,397.9879455566406,155.39825439453125,176.2018585205078,267.6455383300781,155.60000610351562,98.22547149658203,112.23790740966797,405.7428894042969,26.92418098449707,93.2086410522461,123.17745208740234,166.28402709960938,5061.81982421875
2024-04-16,87.16645812988281,298.7300109863281,397.66851806640625,156.10655212402344,176.25108337402344,264.4805908203125,156.66000366210938,98.38858032226562,111.03717803955078,406.6648864746094,26.48760986328125,93.62055969238281,122.63404083251953,164.84848022460938,5051.41015625
2024-04-17,83.79607391357422,296.2699890136719,398.5589904785156,154.5152587890625,175.2275848388672,265.4637451171875,158.3699951171875,96.82457733154297,109.2039566040039,403.9772033691406,26.94144630432129,91.7525634765625,122.05182647705078,163.8657684326172,5022.2099609375
2024-04-18,84.43025207519531,295.6400146484375,399.39141845703125,152.6523895263672,174.45994567871094,245.10684204101562,160.10000610351562,96.08575439453125,107.966552734375,396.5517272949219,27.279354095458984,92.87337493896484,121.13968658447266,164.64613342285156,5011.1201171875
2024-04-19,75.98334503173828,294.2900085449219,403.6308898925781,153.74879455566406,174.88316345214844,251.69898986816406,155.00999450683594,93.98439025878906,109.5522689819336,391.50006103515625,27.513669967651367,94.78926086425781,121.49873352050781,167.47872924804688,4967.22998046875
2024-04-22,79.29191589355469,300.8999938964844,407.8606872558594,157.15440368652344,175.0405731201172,251.47425842285156,156.61000061035156,93.94602966308594,111.11966705322266,393.304931640625,27.900911331176758,95.62269592285156,121.70249938964844,168.22059631347656,5010.60009765625
2024-04-23,82.18865203857422,306.6099853515625,394.60992431640625,163.082763671875,176.9990692138672,254.07740783691406,160.9499969482422,95.3948974609375,111.47714233398438,399.78875732421875,28.28814697265625,95.82386016845703,123.2065658569336,169.8681182861328,5070.5498046875
2024-04-24,79.4504623413086,307.4200134277344,399.614013671875,163.2089080810547,175.39486694335938,256.1842041015625,162.83999633789062,96.00897216796875,112.30207061767578,401.2503356933594,28.522464752197266,95.66099548339844,122.78931427001953,170.5811004638672,5071.6298828125
2024-04-25,82.39706420898438,302.0799865722656,397.72662353515625,161.96694946289062,175.10948181152344,252.9724578857422,163.00999450683594,96.85335540771484,111.7979507446289,391.421630859375,28.9417667388916,94.92337036132812,121.16880798339844,167.29568481445312,5048.419921875
2024-04-26,87.48554229736328,303.79998779296875,396.85546875,161.53033447265625,174.69613647460938,253.47811889648438,164.22999572753906,97.2275619506836,109.96475982666016,398.5627136230469,28.648256301879883,91.29273986816406,120.17902374267578,166.56346130371094,5099.9599609375
2024-04-29,87.50748443603516,305.0899963378906,402.9920959472656,162.06396484375,174.87330627441406,254.92947387695312,162.25,98.33100891113281,110.73469543457031,394.5703125,28.79131317138672,92.98831176757812,121.11058044433594,168.914306640625,5116.169921875
2024-04-30,86.15634155273438,302.1400146484375,398.578369140625,158.77476501464844,171.89132690429688,250.91238403320312,158.57000732421875,98.07192993164062,108.9014892578125,381.8970031738281,28.394207000732422,92.81587982177734,117.9569091796875,168.0279083251953,5035.68994140625
2024-05-01,82.80488586425781,296.25,400.1754455566406,158.75534057617188,171.22207641601562,250.70648193359375,156.16000366210938,96.90133666992188,109.45145416259766,387.3999328613281,28.8332462310791,93.13201904296875,117.47171783447266,168.26876831054688,5018.39013671875
2024-05-02,85.572998046875,298.94000244140625,403.117919921875,160.01670837402344,160.75076293945312,249.8917999267578,158.3300018310547,97.98558807373047,108.57150268554688,390.2445373535156,29.548526763916016,93.39066314697266,118.63616180419922,168.23988342285156,5064.2001953125
2024-05-03,88.53655242919922,299.2900085449219,406.9548034667969,161.68557739257812,163.91970825195312,253.787109375,159.7100067138672,100.403564453125,110.08390045166016,398.8961486816406,29.627450942993164,93.78341674804688,119.23779296875,169.6465301513672,5127.7900390625
2024-05-06,91.87801361083984,302.6000061035156,412.79266357421875,161.7050018310547,165.3861083984375,257.1206359863281,162.0,103.57955169677734,110.56968688964844,405.6448059082031,30.093618392944336,94.96170043945312,121.17850494384766,173.89541625976562,5180.740234375
2024-05-07,90.2965087890625,304.7200012207031,412.7052307128906,161.76321411132812,166.891845703125,259.2461853027344,159.80999755859375,103.01343536376953,111.6329574584961,401.5249328613281,29.73104476928711,95.16287231445312,120.68362426757812,172.05516052246094,5187.7001953125
2024-05-08,90.1549301147461,304.5,413.74462890625,160.24957275390625,166.45884704589844,258.3566589355469,157.89999389648438,105.047607421875,111.08300018310547,402.70208740234375,29.528791427612305,95.48856353759766,120.45073699951172,170.08970642089844,5187.669921875
2024-05-09,88.49466705322266,283.2200012207031,417.7174987792969,163.04397583007812,167.20675659179688,262.2800598144531,147.0500030517578,103.80023193359375,112.09024047851562,404.4481506347656,29.383268356323242,97.0691909790039,121.94509887695312,172.73927307128906,5214.080078125
2024-05-10,89.6224365234375,283.44000244140625,421.1367492675781,162.18040466308594,168.09249877929688,263.0385437011719,146.32000732421875,104.10728454589844,113.24535369873047,406.8218688964844,29.624984741210938,97.60565185546875,122.255615234375,170.05117797851562,5222.68017578125
2024-05-13,90.14197540283203,287.510009765625,419.5728759765625,160.6862030029297,167.4036102294922,262.1208801269531,149.1300048828125,103.7714614868164,115.29678344726562,405.8213195800781,29.659517288208008,96.31241607666016,121.9839096069336,169.9066619873047,5221.419921875
2024-05-14,91.09626007080078,283.29998779296875,422.86578369140625,161.36538696289062,165.85848999023438,261.3624267578125,146.6999969482422,104.62541961669922,114.3172607421875,408.60711669921875,30.04182243347168,97.0691909790039,123.56558990478516,170.8508758544922,5246.68017578125
2024-05-15,94.36093139648438,279.05999755859375,426.8095703125,162.01544189453125,166.94105529785156,262.01788330078125,145.8000030517578,106.14146423339844,114.92715454101562,415.75115966796875,30.093618392944336,96.37947845458984,124.14781188964844,169.058837890625,5308.14990234375
2024-05-16,94.09070587158203,282.8599853515625,423.4971618652344,161.1519317626953,165.2483367919922,259.1993713378906,147.19000244140625,105.30667877197266,115.68489074707031,413.6973876953125,30.0467529296875,97.87387084960938,121.67338562011719,169.06846618652344,5297.10009765625
2024-05-17,92.21605682373047,279.5299987792969,421.6903991699219,162.8887176513672,164.1559295654297,262.99853515625,145.66000366210938,105.99752044677734,116.1099624633789,412.9308776855469,30.540050506591797,98.8318099975586,120.74183654785156,169.18408203125,5303.27001953125
2024-05-20,94.51051330566406,278.94000244140625,420.69970703125,161.9766387939453,165.92739868164062,263.337890625,146.3699951171875,107.73424530029297,116.03602600097656,417.9720764160156,30.96675682067871,97.78766632080078,119.58711242675781,165.89866638183594,5308.1298828125
2024-05-21,95.11479187011719,273.1099853515625,421.65155029296875,163.00515747070312,166.44900512695312,260.28350830078125,144.10000610351562,108.37712097167969,116.34098815917969,421.60797119140625,31.225736618041992,97.82598114013672,119.88793182373047,165.1182861328125,5321.41015625
2024-05-22,94.6800308227539,272.7699890136719,425.4496154785156,159.31813049316406,171.36972045898438,260.34954833984375,142.7100067138672,109.49014282226562,117.3389892578125,423.0622863769531,30.845897674560547,98.07504272460938,119.42215728759766,163.31658935546875,5307.009765625
2024-05-23,103.5038833618164,269.95001220703125,421.7195739746094,164.52845764160156,169.98207092285156,254.79693603515625,141.0399932861328,109.4229965209961,116.11922454833984,419.6032409667969,30.68804168701172,96.41779327392578,117.9569091796875,160.61888122558594,5267.83984375
2024-05-24,106.1662826538086,267.92999267578125,428.3443298339844,168.29312133789062,170.9071807861328,255.37196350097656,144.47000122070312,110.98699951171875,114.79779052734375,422.70855712890625,31.571043014526367,97.02130126953125,118.96607971191406,162.81558227539062,5304.72021484375
2024-05-28,113.57714080810547,263.1600036621094,422.5160827636719,175.86122131347656,165.64198303222656,253.98619079589844,147.00999450683594,113.23226165771484,111.13844299316406,422.8657531738281,31.719038009643555,96.11124420166016,116.85069274902344,162.4109344482422,5306.0400390625
2024-05-29,114.49852752685547,264.010009765625,415.7262878417969,177.96669006347656,164.0673370361328,250.18707275390625,146.61000061035156,112.74291229248047,109.73384857177734,421.7357482910156,31.558712005615234,95.55563354492188,115.85123443603516,162.8734130859375,5266.9501953125
2024-05-30,110.18582153320312,266.42999267578125,418.1838073730469,179.92665100097656,165.03182983398438,252.86436462402344,145.52000427246094,111.78339385986328,109.41966247558594,407.4869079589844,31.457584381103516,96.98297882080078,116.87980651855469,164.33787536621094,5235.47998046875
2024-05-31,109.32129669189453,267.6700134277344,424.109130859375,181.32382202148438,166.891845703125,257.22906494140625,144.92999267578125,115.55429077148438,111.03678894042969,407.93890380859375,31.069591522216797,99.10005950927734,118.20921325683594,167.1318817138672,5277.509765625
2024-06-03,114.67301177978516,258.3500061035156,418.6986389160156,179.7714080810547,163.57525634765625,253.4676971435547,146.25,114.14379119873047,111.0275650024414,406.35675048828125,31.28459358215332,97.78166198730469,116.92832946777344,166.18771362304688,5283.39990234375
2024-06-04,116.10594177246094,257.9200134277344,412.3944396972656,175.7544708251953,164.2248077392578,251.7236328125,147.0800018310547,114.18218231201172,112.33973693847656,408.8626403808594,30.8175106048584,96.79048156738281,114.15311431884766,165.5229034423828,5291.33984375
2024-06-05,122.09186553955078,258.4200134277344,415.4056091308594,178.92726135253906,165.97657775878906,253.79759216308594,145.77999877929688,117.31019592285156,112.40442657470703,416.66510009765625,31.005332946777344,96.42478942871094,114.75473022460938,166.149169921875,5354.02978515625
2024-06-06,120.65396881103516,261.5,413.3269958496094,176.56947326660156,166.01596069335938,251.7425537109375,147.0,116.55218505859375,112.58000183105469,417.166259765625,30.301000595092773,96.00138092041016,114.03665161132812,166.21661376953125,5352.9599609375
2024-06-07,120.5442886352539,259.010009765625,414.4148864746094,176.36573791503906,167.30520629882812,252.82664489746094,146.66000366210938,116.08201599121094,113.27306365966797,416.5078125,30.580265045166016,97.05029296875,113.46414184570312,167.00662231445312,5346.990234375
2024-06-10,121.44371032714844,259.19000244140625,416.20220947265625,182.7210235595703,170.2576446533203,252.55323791503906,148.07000732421875,117.93388366699219,112.6816635131836,420.4582214355469,31.005332946777344,97.06954956054688,114.0075454711914,166.96795654296875,5360.7900390625
2024-06-11,120.57612609863281,256.6199951171875,409.9369201660156,180.77078247070312,169.79510498046875,250.34732055664062,147.75,120.3902359008789,114.52056121826172,425.1848449707031,30.48387908935547,95.68380737304688,113.83287811279297,164.0848388671875,5375.31982421875
2024-06-12,124.8542709350586,253.6699981689453,416.04681396484375,180.7513427734375,170.95639038085938,252.90200805664062,149.32000732421875,120.63970947265625,113.4948501586914,433.41973876953125,30.078584671020508,95.65492248535156,116.43344116210938,163.4656524658203,5421.02978515625
2024-06-13,129.25209045410156,252.0,414.6868896484375,180.76104736328125,171.1630401611328,253.42994689941406,146.10000610351562,122.14614868164062,113.3562240600586,433.93072509765625,29.9698429107666,95.9628677368164,115.6280517578125,162.65296936035156,5433.740234375
2024-06-14,131.5158233642578,249.66000366210938,411.7241516113281,174.337890625,164.63748168945312,247.21746826171875,145.97000122070312,121.06190490722656,112.72784423828125,434.9035949707031,29.690584182739258,95.7222900390625,113.36770629882812,160.15687561035156,5431.60009765625
2024-06-17,130.61831665039062,252.10000610351562,420.1653747558594,177.4912567138672,166.1160888671875,252.86436462402344,149.5,120.9371566772461,115.24134063720703,440.60308837890625,29.917943954467773,97.42559814453125,113.2410659790039,162.52720642089844,5473.22998046875
2024-06-18,135.2056121826172,252.4499969482422,424.5559997558594,176.48219299316406,168.46212768554688,253.88247680664062,147.2899932861328,123.49906921386719,115.93438720703125,438.6082763671875,29.59172821044922,98.64775085449219,113.61128997802734,162.8948516845703,5487.02978515625
2024-06-20,130.41885375976562,262.45001220703125,429.5585021972656,179.0922088623047,166.1160888671875,253.28860473632812,147.8800048828125,122.30925750732422,115.58324432373047,437.9793701171875,29.71776580810547,99.7833023071289,112.77339172363281,164.0848388671875,5473.169921875
2024-06-21,126.22049713134766,267.1499938964844,428.25689697265625,177.1807403564453,166.26393127441406,251.46913146972656,149.57000732421875,122.47238159179688,116.39643096923828,441.98870849609375,29.700468063354492,99.06156158447266,113.2410659790039,163.25283813476562,5464.6201171875
2024-06-24,117.78384399414062,269.6700134277344,427.7420654296875,178.49066162109375,169.01416015625,252.0818634033203,148.38999938964844,121.26338195800781,116.50732421875,439.9152526855469,29.917943954467773,100.48579406738281,115.34550476074219,163.73655700683594,5447.8701171875
2024-06-25,125.74180603027344,270.32000732421875,425.5856018066406,176.82179260253906,166.31326293945312,247.97169494628906,150.91000366210938,122.5587387084961,115.53704833984375,443.138427734375,30.17743682861328,99.63895416259766,113.14362335205078,161.1533966064453,5469.2998046875
2024-06-26,126.05096435546875,270.3399963378906,421.4573059082031,174.4931182861328,164.20375061035156,246.7366943359375,150.0,123.23039245605469,108.47711181640625,444.32745361328125,30.397384643554688,98.38793182373047,111.7016830444336,159.4506072998047,5477.89990234375
2024-06-27,123.6476058959961,269.239990234375,418.0186462402344,170.6411590576172,164.0953369140625,244.07823181152344,151.61000061035156,123.80611419677734,108.89293670654297,445.0054931640625,30.39491081237793,98.87871551513672,113.3287353515625,161.82093811035156,5482.8701171875
2024-06-28,123.19886016845703,266.4100036621094,414.9588928222656,170.65577697753906,164.33189392089844,246.41616821289062,151.6300048828125,123.58541870117188,109.55827331542969,439.207763671875,30.298532485961914,96.75198364257812,115.11167907714844,160.84378051757812,5460.47998046875
2024-07-01,123.9567642211914,266.260009765625,413.89031982421875,167.74099731445312,163.20819091796875,242.18338012695312,151.6300048828125,124.96711730957031,108.1167221069336,448.81829833984375,31.324132919311523,96.12647247314453,112.7636489868164,161.46298217773438,5475.08984375
2024-07-02,122.33126068115234,268.260009765625,421.4476013183594,164.4947967529297,163.73062133789062,242.334228515625,154.33999633789062,124.6217041015625,109.3919448852539,451.3240966796875,31.558908462524414,96.26119995117188,113.1241455078125,160.45680236816406,5509.009765625
2024-07-03,127.92577362060547,267.3900146484375,421.5738830566406,163.50045776367188,163.92774963378906,242.17396545410156,152.72999572753906,124.9863052368164,108.51407623291016,452.78826904296875,31.02263069152832,95.86663818359375,112.7149429321289,158.59922790527344,5537.02001953125
2024-07-05,125.4825439453125,270.4800109863281,419.77685546875,164.42652893066406,163.28700256347656,240.72218322753906,152.5,124.36011505126953,108.61573028564453,459.4607238769531,30.63957977294922,94.99092864990234,111.99395751953125,156.035400390625,5567.18994140625
2024-07-08,127.84597778320312,271.55999755859375,414.8325500488281,172.61520385742188,162.1534423828125,242.66416931152344,151.9600067138672,125.35237121582031,107.3497314453125,458.1635437011719,30.513538360595703,95.41435241699219,112.08165740966797,156.15151977539062,5572.85009765625
2024-07-09,131.0172119140625,269.4700012207031,420.88421630859375,174.97433471679688,161.7886962890625,241.43862915039062,152.4499969482422,127.25020599365234,108.13520050048828,451.57965087890625,30.95343589782715,95.99174499511719,111.72116088867188,156.35464477539062,5576.97998046875
2024-07-10,134.5374755859375,273.2200012207031,427.98492431640625,174.47715759277344,163.50387573242188,246.4255828857422,151.83999633789062,129.68748474121094,108.0890121459961,458.1733703613281,30.847166061401367,96.32855224609375,113.99126434326172,159.44093322753906,5633.91015625
2024-07-11,127.04820251464844,280.4200134277344,427.2272644042969,179.3123779296875,166.90467834472656,252.55323791503906,146.0,126.64330291748047,108.17216491699219,446.823486328125,29.915477752685547,97.52183532714844,116.74848175048828,161.12437438964844,5584.5400390625
2024-07-12,128.8831329345703,286.5199890136719,433.4925842285156,177.01171875,167.1018524169922,254.1841278076172,146.77999877929688,125.40055084228516,109.3180160522461,445.693359375,30.05387306213379,97.91638946533203,119.76875305175781,162.68202209472656,5615.35009765625
2024-07-15,128.08535766601562,289.6300048828125,433.0359802246094,166.7564239501953,169.65487670898438,255.32481384277344,147.22000122070312,125.60289001464844,112.39519500732422,446.0963134765625,30.807628631591797,98.81135559082031,119.56416320800781,165.5457305908203,5631.22021484375
2024-07-16,126.01107025146484,293.6099853515625,416.765625,168.8328094482422,173.49925231933594,262.90423583984375,151.25999450683594,126.76852416992188,114.8439712524414,441.733154296875,30.56049346923828,99.10967254638672,124.72786712646484,164.70404052734375,5667.2001953125
2024-07-17,117.6641845703125,297.5199890136719,409.49005126953125,165.4501190185547,172.533203125,259.9347229003906,148.0,122.75131225585938,117.18189239501953,435.8371276855469,30.48882484436035,101.08242797851562,123.6561508178711,166.31005859375,5588.27001953125
2024-07-18,120.755615234375,293.9700012207031,406.02227783203125,163.54917907714844,169.2802734375,255.0420684814453,146.8800048828125,121.47004699707031,114.80701446533203,432.74169921875,29.557130813598633,101.10167694091797,124.13355255126953,166.7164306640625,5544.58984375
2024-07-19,117.60436248779297,291.2300109863281,399.12554931640625,161.1510772705078,166.74697875976562,255.38136291503906,147.99000549316406,121.59529113769531,113.3654556274414,429.53814697265625,29.81662368774414,97.30050659179688,120.9086685180664,164.26866149902344,5505.0
2024-07-22,123.19886016845703,290.3500061035156,407.9844665527344,163.97813415527344,170.5026092529297,259.00146484375,150.17999267578125,123.63761138916016,113.64269256591797,435.2672119140625,30.22439193725586,98.23396301269531,123.41258239746094,163.90101623535156,5564.41015625
2024-07-23,122.2514877319336,289.3800048828125,409.32489013671875,162.80828857421875,169.4182891845703,259.03912353515625,148.75,124.46609497070312,114.3172607421875,437.14410400390625,30.16754722595215,98.07998657226562,123.90946197509766,166.84214782714844,5555.740234375
2024-07-24,113.93451690673828,285.9800109863281,412.10302734375,159.78627014160156,164.56846618652344,254.59890747070312,144.22999572753906,121.09432220458984,113.88294219970703,421.4703369140625,29.191373825073242,98.09922790527344,124.57198333740234,164.35574340820312,5427.1298828125
2024-07-25,111.96996307373047,285.55999755859375,429.0242919921875,157.08596801757812,166.1160888671875,257.80413818359375,140.02999877929688,120.95946502685547,114.56676483154297,411.1523132324219,29.30258560180664,98.47454071044922,129.462890625,164.07518005371094,5399.22021484375
2024-07-26,112.747802734375,292.1700134277344,426.9552917480469,163.87088012695312,169.81260681152344,264.5823059082031,140.10000610351562,121.5278549194336,116.20237731933594,417.9032287597656,29.35942840576172,105.49949645996094,133.2528533935547,167.4226837158203,5459.10009765625
2024-07-29,111.2818603515625,293.5899963378906,419.67962646484375,169.1642608642578,169.44786071777344,264.1675109863281,140.2899932861328,120.41035461425781,117.14492797851562,419.3380126953125,29.564544677734375,105.9421615600586,134.1199493408203,167.03565979003906,5463.5400390625
2024-07-30,103.44356536865234,297.6400146484375,419.5048522949219,168.7743377685547,169.89144897460938,268.89990234375,138.99000549316406,118.07901763916016,118.20761108398438,415.593994140625,29.39896583557129,107.56849670410156,135.7567596435547,170.12193298339844,5436.43994140625
2024-07-31,116.69686126708984,291.82000732421875,417.7564392089844,171.17245483398438,171.0053253173828,270.5873718261719,139.55999755859375,122.32744598388672,118.30001831054688,411.1031799316406,29.47557830810547,106.74089050292969,133.2918243408203,169.1834716796875,5522.2998046875
2024-08-01,108.90843200683594,284.8999938964844,406.3816833496094,168.25767517089844,156.86001586914062,262.99853515625,135.08999633789062,118.0212173461914,116.88618469238281,409.8846130371094,29.41132164001465,105.48988342285156,128.88804626464844,168.8642120361328,5446.68017578125
2024-08-02,106.9737777709961,274.8999938964844,391.0826416015625,160.26394653320312,150.56117248535156,260.8868103027344,128.22999572753906,114.68799591064453,117.61620330810547,401.4139709472656,27.809900283813477,104.54680633544922,126.20877075195312,167.61614990234375,5346.56005859375
2024-08-05,100.172607421875,265.9100036621094,381.7230224609375,155.77969360351562,152.48338317871094,255.701904296875,125.30999755859375,111.37403869628906,115.23209381103516,388.3049621582031,26.851024627685547,100.90921783447266,124.4648208618164,163.78492736816406,5186.330078125
2024-08-06,103.96212005615234,270.9700012207031,385.66192626953125,160.8001251220703,154.74072265625,256.77655029296875,130.47000122070312,112.79016876220703,115.71261596679688,392.687744140625,27.313159942626953,101.14979553222656,124.30892181396484,164.63629150390625,5240.02978515625
2024-08-07,98.63687133789062,270.2799987792969,382.89300537109375,155.37998962402344,154.5928497314453,253.62799072265625,113.01000213623047,111.97132110595703,113.86446380615234,391.5281677246094,27.869213104248047,101.2652816772461,123.26643371582031,164.65567016601562,5199.5
2024-08-08,104.68013000488281,286.3299865722656,390.4976501464844,157.55389404296875,156.5840301513672,258.01153564453125,114.63999938964844,114.85176849365234,115.84851837158203,395.7143859863281,28.5389461517334,103.35352325439453,126.1308364868164,164.7330780029297,5319.31005859375
2024-08-09,104.46074676513672,284.0400085449219,394.84588623046875,158.08033752441406,157.24449157714844,257.5402526855469,115.08000183105469,118.00194549560547,115.93235778808594,398.9866943359375,28.803377151489258,104.12337493896484,125.57549285888672,171.62152099609375,5344.16015625
2024-08-12,108.71895599365234,278.25,394.4072265625,155.029052734375,158.46676635742188,252.4778289794922,113.62000274658203,118.42582702636719,115.27099609375,399.7630310058594,29.14441680908203,103.05520629882812,125.44882202148438,172.65673828125,5344.39013671875
2024-08-13,115.81929779052734,284.1300048828125,398.0340576171875,158.3142852783203,159.0089111328125,256.8897705078125,116.9000015258789,121.25811004638672,116.81727600097656,406.8383483886719,29.057924270629883,103.89241790771484,126.74462127685547,178.326171875,5434.43017578125
2024-08-14,117.75394439697266,288.0,409.3532409667969,154.54164123535156,159.17649841308594,257.57794189453125,116.23999786376953,122.45267486572266,116.52848815917969,409.6389465332031,29.176546096801758,105.48026275634766,127.71892547607422,179.9321746826172,5455.2099609375
2024-08-15,122.52074432373047,292.75,413.447998046875,160.13723754882812,160.82269287109375,260.31182861328125,118.87999725341797,126.61436462402344,117.19917297363281,414.4824523925781,29.720239639282227,105.98065948486328,129.5310516357422,178.07460021972656,5543.22021484375
2024-08-16,124.23599243164062,293.0899963378906,420.584716796875,159.17214965820312,160.36924743652344,260.36834716796875,116.30999755859375,125.71846008300781,116.62165069580078,411.9622802734375,29.86851692199707,106.29822540283203,127.894287109375,181.18023681640625,5554.25
2024-08-19,129.6410369873047,294.82000732421875,424.4356994628906,162.80828857421875,162.32101440429688,263.244140625,119.13999938964844,126.87451934814453,116.63097381591797,414.97467041015625,30.13789176940918,107.00072479248047,129.43368530273438,182.61212158203125,5608.25
2024-08-20,126.89862060546875,289.1400146484375,423.1585693359375,162.54510498046875,162.50831604003906,261.3364562988281,117.37999725341797,126.57585906982422,116.66822052001953,418.1938171386719,29.84380531311035,106.69278717041016,128.8101348876953,183.61830139160156,5597.1201171875
2024-08-21,128.14517211914062,294.30999755859375,422.7490539550781,165.8595733642578,163.52359008789062,264.7247619628906,117.68000030517578,128.5218505859375,118.32627868652344,417.5440673828125,30.48387908935547,106.93336486816406,131.05096435546875,183.65701293945312,5620.85009765625
2024-08-22,123.39830017089844,297.17999267578125,422.83685302734375,164.77748107910156,162.8631591796875,263.53839111328125,115.44999694824219,126.80706787109375,119.12733459472656,409.087646484375,30.669231414794922,107.4530258178711,131.53810119628906,183.57960510253906,5570.64013671875
2024-08-23,129.01275634765625,297.9599914550781,428.6669921875,170.1878662109375,165.00218200683594,269.3943176269531,116.8499984741211,128.2424774169922,121.09276580810547,410.30841064453125,30.49623680114746,108.37684631347656,133.47694396972656,186.73358154296875,5634.60986328125
2024-08-26,126.11078643798828,300.8900146484375,430.3341979980469,166.83438110351562,165.91893005371094,268.5875549316406,115.70999908447266,127.64517974853516,121.26974487304688,407.0596923828125,30.718656539916992,108.76175689697266,134.16868591308594,186.49169921875,5616.83984375
2024-08-27,127.94571685791016,303.57000732421875,428.3257751464844,168.11143493652344,165.5837860107422,267.77142333984375,116.73999786376953,128.2424774169922,121.18592071533203,407.40423583984375,31.415576934814453,109.18519592285156,133.68154907226562,187.78817749023438,5625.7998046875
2024-08-28,125.26315307617188,303.79998779296875,428.4720153808594,165.20639038085938,166.18508911132812,265.920654296875,117.52999877929688,127.07681274414062,121.07413482666016,404.21466064453125,31.21786880493164,110.0127944946289,133.11643981933594,187.69140625,5592.18017578125
2024-08-29,117.26528930664062,311.0199890136719,431.8746337890625,166.37619018554688,166.9638214111328,266.831787109375,116.5999984741211,114.83248901367188,120.67359161376953,406.6954650878906,31.403217315673828,111.77384185791016,133.77896118164062,189.00718688964844,5591.9599609375
2024-08-30,119.0403823852539,315.54998779296875,438.18255615234375,166.95135498046875,168.61001586914062,269.2994384765625,117.30999755859375,116.29679870605469,122.21054077148438,410.6529235839844,31.915794372558594,111.72573852539062,135.26963806152344,189.96498107910156,5648.39990234375
2024-09-03,107.70177459716797,314.3699951171875,430.8899230957031,169.50546264648438,164.3023223876953,265.33221435546875,114.9800033569336,114.59165954589844,122.89053344726562,403.0726318359375,31.546838760375977,112.25715637207031,133.47694396972656,191.09136962890625,5528.93017578125
2024-09-04,105.91671752929688,311.989990234375,431.8160705566406,168.01394653320312,165.10079956054688,264.8671569824219,115.20999908447266,114.7168960571289,122.99298858642578,402.5410461425781,31.081310272216797,112.08323669433594,133.8179473876953,191.4700927734375,5520.06982421875
2024-09-05,106.9139633178711,304.7900085449219,428.5403137207031,169.0375213623047,162.79415893554688,258.2423095703125,116.16000366210938,112.53968811035156,121.1579818725586,402.03900146484375,31.215024948120117,111.19430541992188,132.2006378173828,189.21728515625,5503.41015625
2024-09-06,102.54605102539062,302.9700012207031,419.3952331542969,168.5013885498047,161.3057098388672,257.05596923828125,114.27999877929688,109.9964370727539,120.5152587890625,395.4530944824219,30.343400955200195,110.62422180175781,131.04122924804688,187.0032958984375,5408.419921875
2024-09-09,106.17599487304688,307.3999938964844,425.4203796386719,169.32025146484375,161.95626831054688,262.9214172363281,116.36000061035156,110.40103149414062,123.16065979003906,399.4104919433594,30.75940704345703,112.96250915527344,131.09967041015625,187.66358947753906,5471.0498046875
2024-09-10,107.80148315429688,309.4100036621094,423.18780517578125,168.3551483154297,162.58714294433594,261.7065734863281,115.12000274658203,110.75748443603516,124.93047332763672,407.7586669921875,30.222068786621094,112.89486694335938,132.65853881835938,186.21673583984375,5495.52001953125
2024-09-11,116.58717346191406,306.7699890136719,424.8549499511719,170.49978637695312,162.90257263183594,262.2096252441406,115.95999908447266,111.41256713867188,123.87791442871094,416.461181640625,30.400354385375977,110.20873260498047,133.56463623046875,183.8377227783203,5554.1298828125
2024-09-12,118.82118225097656,305.80999755859375,424.47467041015625,170.9482421875,164.5093231201172,263.71868896484375,117.36000061035156,112.1928939819336,124.99568939208984,420.3595275878906,30.605878829956055,111.28125,135.54241943359375,185.7700653076172,5595.759765625
2024-09-13,118.78128051757812,307.42999267578125,429.3592834472656,174.14569091796875,165.12049865722656,266.1673889160156,117.75,113.0213851928711,125.8340072631836,423.8937683105469,31.712745666503906,111.46484375,137.53968811035156,186.6731414794922,5626.02001953125
2024-09-16,116.46749114990234,307.6300048828125,433.99029541015625,176.87525939941406,166.2263641357422,267.1164855957031,117.55000305175781,113.5416030883789,125.92717742919922,424.6320495605469,31.84150505065918,112.69196319580078,139.04983520507812,187.33346557617188,5633.08984375
2024-09-17,115.28067779541016,306.8800048828125,440.9027099609375,179.57557678222656,166.44361877441406,265.8257141113281,122.12000274658203,114.67835235595703,125.68497467041016,428.3828430175781,32.63884353637695,113.11711120605469,139.68310546875,190.07180786132812,5634.580078125
2024-09-18,113.06661987304688,307.7099914550781,440.02520751953125,178.99066162109375,167.292724609375,266.3762512207031,122.41999816894531,114.97700500488281,123.42146301269531,424.1103820800781,32.23521423339844,112.75959014892578,139.73184204101562,188.20741271972656,5618.259765625
2024-09-19,117.55457305908203,312.7799987792969,452.1243896484375,180.1117401123047,170.0771942138672,271.54876708984375,128.75,115.68026733398438,124.04557800292969,431.8677978515625,32.79732131958008,112.02526092529297,140.05335998535156,188.40162658691406,5713.64013671875
2024-09-20,115.68958282470703,307.2099914550781,449.0727844238281,180.6479034423828,168.94166564941406,268.7774353027344,131.17999267578125,117.74185180664062,124.12940216064453,428.5010070800781,32.93846130371094,112.3924331665039,137.24778747558594,188.64434814453125,5702.5498046875
2024-09-23,115.94888305664062,311.8599853515625,450.4961853027344,181.22305297851562,168.93179321289062,270.30548095703125,129.02999877929688,118.41619110107422,124.87459564208984,426.7684020996094,33.475799560546875,113.03015899658203,139.447265625,192.36346435546875,5718.56982421875
2024-09-24,120.54655456542969,308.6700134277344,451.7734375,185.81455993652344,168.38873291015625,269.93536376953125,131.47999572753906,118.44509887695312,124.47407531738281,422.4958801269531,33.703609466552734,112.53736114501953,140.61056518554688,191.5963134765625,5732.93017578125
2024-09-25,123.17948150634766,304.7200012207031,451.49066162109375,184.54727172851562,169.0897979736328,269.185546875,130.7100067138672,117.22163391113281,123.38420104980469,425.39007568359375,33.72589874267578,112.69196319580078,140.170654296875,190.84860229492188,5722.259765625
2024-09-26,123.70806121826172,306.57000732421875,455.79998779296875,192.63845825195312,169.80068969726562,274.7662658691406,129.25,119.89012908935547,123.87791442871094,424.6025695800781,33.85466384887695,112.58567810058594,140.47369384765625,193.23739624023438,5745.3701171875
2024-09-27,121.07512664794922,311.239990234375,456.88214111328125,192.38882446289062,169.89944458007812,273.8266906738281,128.25,116.79774475097656,123.87791442871094,421.36370849609375,34.05523681640625,112.8368911743164,140.5421142578125,194.15989685058594,5738.169921875
2024-09-30,121.11502075195312,312.760009765625,458.0423278808594,189.78488159179688,169.5439910888672,274.9656066894531,126.80999755859375,118.98458099365234,124.99568939208984,423.6082763671875,34.50837707519531,113.63887023925781,142.46791076660156,193.10147094726562,5762.47998046875
2024-10-01,116.68689727783203,314.8500061035156,461.28900146484375,188.179443359375,166.9669189453125,273.3331298828125,125.47000122070312,116.86519622802734,131.14344787597656,414.1477355957031,34.23847198486328,113.97705078125,141.71517944335938,193.45101928710938,5708.75
2024-10-02,118.53194427490234,316.6499938964844,468.3085632324219,189.0506591796875,166.07827758789062,276.20892333984375,126.18000030517578,118.51253509521484,131.11550903320312,410.6430969238281,35.31562423706055,113.60989379882812,142.56565856933594,193.8782958984375,5709.5400390625
2024-10-03,122.52124786376953,318.95001220703125,467.5286560058594,188.35562133789062,166.9669189453125,274.0165100097656,125.29000091552734,118.21388244628906,129.81143188476562,410.062255859375,35.8504753112793,112.720947265625,142.61453247070312,190.7806396484375,5699.93994140625
2024-10-04,124.58570861816406,331.0,474.7432861328125,192.03640747070312,167.9641571044922,272.1467590332031,129.85000610351562,119.3748550415039,129.1500701904297,409.58966064453125,36.61067581176758,114.10265350341797,142.34083557128906,191.80995178222656,5751.06982421875
2024-10-07,127.37820434570312,333.0199890136719,468.5133361816406,191.42947387695312,164.43919372558594,271.46343994140625,130.22999572753906,119.84888458251953,128.0229949951172,403.1711120605469,36.788963317871094,110.5759048461914,142.73184204101562,181.1964569091797,5695.93994140625
2024-10-08,132.5343780517578,337.05999755859375,471.6234436035156,190.47012329101562,164.81439208984375,270.9129638671875,132.5,122.43202209472656,128.6936798095703,408.2607421875,36.54629135131836,111.71607208251953,142.09642028808594,184.09017944335938,5751.1298828125
2024-10-09,132.29502868652344,334.1000061035156,480.8854675292969,191.60568237304688,166.69044494628906,272.8206787109375,135.49000549316406,123.12859344482422,130.258544921875,410.96795654296875,37.02667999267578,112.36344909667969,143.27926635742188,185.051513671875,5792.0400390625
2024-10-10,134.44923400878906,335.8699951171875,479.06231689453125,194.92425537109375,166.76943969726562,271.7386779785156,132.80999755859375,120.9131088256836,129.74623107910156,409.3731384277344,36.8038215637207,112.38276672363281,141.39260864257812,184.8184814453125,5780.0498046875
2024-10-11,134.4392852783203,339.32000732421875,489.91351318359375,197.63587951660156,168.24063110351562,276.958740234375,134.39999389648438,122.79964447021484,129.3736572265625,409.8457336425781,37.425350189208984,113.39732360839844,143.99288940429688,186.33328247070312,5815.02978515625
2024-10-14,137.70053100585938,338.8699951171875,491.7171630859375,201.75718688964844,169.40576171875,281.5049743652344,134.7899932861328,122.73193359375,132.59657287597656,412.6219177246094,37.464962005615234,114.4891586303711,146.10438537597656,187.284912109375,5859.85009765625
2024-10-15,131.24783325195312,342.5400085449219,498.4248962402344,197.00938415527344,167.24337768554688,280.6318054199219,133.27000427246094,121.30009460449219,132.55001831054688,412.2280578613281,37.88097381591797,114.58578491210938,146.1728057861328,189.14930725097656,5815.259765625
2024-10-16,135.3568115234375,344.9200134277344,504.6060485839844,197.87081909179688,167.5692138671875,282.90966796875,135.14999389648438,121.78380584716797,132.5313720703125,409.6488037109375,36.34572219848633,115.58100891113281,147.5413818359375,191.1593475341797,5842.47021484375
2024-10-17,136.5635528564453,350.4100036621094,508.3498229980469,198.66375732421875,167.53958129882812,311.1075744628906,136.02000427246094,122.56746673583984,132.5686492919922,410.23944091796875,37.00191116333008,118.19949340820312,149.05654907226562,192.4217071533203,5841.47021484375
2024-10-18,137.63070678710938,353.510009765625,510.0560607910156,201.89422607421875,167.2631072998047,309.49407958984375,136.4499969482422,122.41267395019531,131.83274841308594,411.6570739746094,36.848384857177734,117.88063049316406,149.9168243408203,191.7808380126953,5864.669921875
2024-10-21,143.325439453125,348.7900085449219,509.549072265625,199.2510986328125,167.22361755371094,309.399169921875,137.19000244140625,121.2420425415039,131.4228973388672,412.2674560546875,37.05390930175781,116.8467788696289,148.59710693359375,188.74147033691406,5853.97998046875
2024-10-22,143.20574951171875,348.9700012207031,506.5462646484375,194.99278259277344,166.25599670410156,306.8555603027344,135.58999633789062,115.85328674316406,131.65579223632812,420.8616638183594,36.81124496459961,116.00614929199219,147.21876525878906,188.1297149658203,5851.2001953125
2024-10-23,139.1865234375,354.3800048828125,507.4335021972656,192.36923217773438,164.56756591796875,308.6873474121094,131.9199981689453,115.13737487792969,131.73960876464844,417.9969177246094,36.50914764404297,115.80323028564453,147.4729461669922,188.1005859375,5797.419921875
2024-10-24,140.0342559814453,343.8900146484375,491.5807189941406,193.7691192626953,164.4786834716797,309.0765075683594,132.75,115.94035339355469,131.9724884033203,418.1249084472656,36.69733428955078,116.39264678955078,142.00843811035156,189.09103393554688,5809.85986328125
2024-10-25,141.16119384765625,340.7200012207031,491.843994140625,193.42648315429688,164.85391235351562,309.95916748046875,134.5800018310547,115.52435302734375,130.71499633789062,421.4917297363281,36.442291259765625,108.46951293945312,139.3983917236328,186.21673583984375,5808.1201171875
2024-10-28,140.14395141601562,338.9200134277344,500.5405578613281,198.75186157226562,165.93016052246094,315.6632995605469,135.77999877929688,116.49181365966797,130.6591339111328,419.9559631347656,37.38820266723633,109.56137084960938,139.13446044921875,188.6055145263672,5823.52001953125
2024-10-29,140.87200927734375,332.0199890136719,503.37762451171875,199.27069091796875,165.37722778320312,316.50799560546875,137.77999877929688,117.2947998046875,132.14947509765625,425.2326354980469,37.8463020324707,108.35356140136719,136.64169311523438,187.94522094726562,5832.919921875
2024-10-30,138.9670867919922,331.8800048828125,501.16448974609375,197.44009399414062,166.77932739257812,316.0998840332031,136.5,114.8955078125,131.70236206054688,425.8035888671875,38.19297409057617,108.91397857666016,135.9281005859375,189.4211883544922,5813.669921875
2024-10-31,132.4047088623047,329.7200012207031,497.5182189941406,193.75930786132812,181.0272979736328,313.3284912109375,134.7899932861328,111.55776977539062,129.78347778320312,400.0307312011719,37.78192138671875,106.71096801757812,136.4950714111328,186.1487579345703,5705.4501953125
2024-11-01,135.03765869140625,329.80999755859375,494.476318359375,193.49501037597656,176.17919921875,313.4803161621094,136.4600067138672,112.32205963134766,129.55995178222656,403.98822021484375,38.079063415527344,106.3727798461914,136.69058227539062,186.20703125,5728.7998046875
2024-11-04,135.68589782714844,329.6700134277344,495.3465270996094,195.6780242919922,177.65040588378906,314.1921691894531,136.8699951171875,111.69320678710938,130.10952758789062,402.10791015625,38.11620330810547,107.40666198730469,136.36801147460938,185.65353393554688,5712.68994140625
2024-11-05,139.5355987548828,330.80999755859375,502.543212890625,199.07492065429688,179.7239227294922,317.1723327636719,137.82000732421875,112.6123046875,130.18402099609375,405.06121826171875,38.35887145996094,107.86079406738281,137.736572265625,187.49851989746094,5782.759765625
2024-11-06,145.22032165527344,348.9700012207031,554.8362426757812,203.65631103515625,187.9192352294922,336.21142578125,140.91000366210938,117.18839263916016,138.40904235839844,413.6455993652344,42.51395034790039,112.77892303466797,137.76588439941406,200.39395141601562,5929.0400390625
2024-11-07,148.48159790039062,346.5,535.4561767578125,217.0284423828125,186.56651306152344,335.1579284667969,147.3699951171875,118.83306121826172,137.4244842529297,418.8139953613281,41.27088928222656,111.30058288574219,139.5059356689453,199.8793182373047,5973.10009765625
2024-11-08,147.2349395751953,366.010009765625,539.7388916015625,217.8899383544922,188.5116729736328,340.9854431152344,134.61000061035156,119.97467803955078,139.30918884277344,415.968994140625,42.03108596801758,113.46495056152344,140.55191040039062,203.3265380859375,5995.5400390625
2024-11-11,144.8712921142578,373.1499938964844,551.4822998046875,209.3634490966797,189.1534423828125,343.4341735839844,137.39999389648438,117.96234893798828,139.459228515625,411.5093994140625,44.44538497924805,113.72582244873047,140.20974731445312,204.62770080566406,6001.35009765625
2024-11-12,147.89315795898438,374.4800109863281,548.8521118164062,205.17361450195312,191.5528106689453,342.010498046875,133.1999969482422,116.98521423339844,138.77471923828125,416.4513244628906,44.460235595703125,113.91907501220703,138.68478393554688,206.1425323486328,5983.990234375
2024-11-13,145.8785858154297,370.7699890136719,547.463623046875,206.32876586914062,192.95489501953125,342.8741760253906,132.75999450683594,115.78556823730469,137.3963623046875,418.5876159667969,44.23738098144531,113.66786193847656,137.66815185546875,207.0650177001953,5985.3798828125
2024-11-14,146.36724853515625,370.2799987792969,549.0770874023438,207.0139923095703,191.3059539794922,339.580810546875,134.55999755859375,114.22795104980469,136.74935913085938,420.2513122558594,44.05167007446289,112.49871826171875,138.1471405029297,209.2401580810547,5949.169921875
2024-11-15,141.60006713867188,363.3599853515625,549.9569702148438,203.9891357421875,190.66415405273438,338.8879089355469,132.5,113.39594268798828,134.04888916015625,408.5462341308594,44.62366485595703,113.96739196777344,136.62216186523438,212.48345947265625,5870.6201171875
2024-11-18,139.77493286132812,364.57000732421875,552.499267578125,203.45074462890625,190.80239868164062,339.1536865234375,132.19000244140625,115.45663452148438,132.92367553710938,409.29443359375,45.21796417236328,114.14130401611328,135.52731323242188,215.1829376220703,5893.6201171875
2024-11-19,146.61659240722656,368.19000244140625,550.0743408203125,201.1991729736328,191.01962280273438,336.68597412109375,131.44000244140625,118.22355651855469,131.8922576904297,411.2928161621094,45.936058044433594,112.87554931640625,135.01898193359375,212.82330322265625,5916.97998046875
2024-11-20,145.49960327148438,369.239990234375,548.9400634765625,197.89039611816406,190.89126586914062,339.61871337890625,135.25,119.4328842163086,132.98931884765625,409.028564453125,46.517967224121094,114.21861267089844,136.299560546875,214.4546661376953,5917.10986328125
2024-11-21,146.27749633789062,375.4599914550781,557.5545043945312,202.7556915283203,193.2906036376953,345.07073974609375,133.25999450683594,122.55777740478516,135.10842895507812,407.26287841796875,47.471309661865234,115.60032653808594,138.23512268066406,218.6981201171875,5948.7099609375
2024-11-22,141.5701446533203,379.8699951171875,559.373291015625,207.67967224121094,194.89016723632812,349.43426513671875,137.33999633789062,118.3590087890625,135.45538330078125,411.3367919921875,47.44902038574219,116.64386749267578,138.20579528808594,219.60116577148438,5969.33984375
2024-11-25,135.65602111816406,381.5400085449219,557.5545043945312,215.3643035888672,194.63343811035156,353.8932800292969,140.92999267578125,122.07406616210938,136.20550537109375,413.10247802734375,47.2905387878418,117.41685485839844,139.4668426513672,220.8538360595703,5987.3701171875
2024-11-26,136.5535888671875,382.1400146484375,561.2702026367188,218.5360107421875,194.53472900390625,354.5711669921875,139.6699981689453,125.38277435302734,137.0775604248047,422.1775817871094,47.778350830078125,118.4797134399414,137.2379913330078,222.05792236328125,6021.6298828125
2024-11-27,134.97779846191406,380.6199951171875,559.2167358398438,217.97801208496094,192.63893127441406,352.5469665527344,138.27999877929688,118.44607543945312,136.62747192382812,417.2454528808594,47.372257232666016,119.56188201904297,138.23512268066406,220.47511291503906,5998.740234375
2024-11-29,137.8800048828125,381.17999267578125,561.2310180664062,226.52407836914062,191.92800903320312,352.9861755371094,136.11000061035156,118.64924621582031,137.15255737304688,417.7090759277344,47.37968826293945,119.14641571044922,137.6779022216797,220.52366638183594,6032.3798828125
2024-12-02,138.259033203125,382.989990234375,552.822021484375,228.49171447753906,193.09310913085938,350.3031921386719,137.49000549316406,119.2780990600586,136.3836669921875,425.126953125,46.03831100463867,117.62300872802734,137.24778747558594,219.19334411621094,6047.14990234375
2024-12-03,139.8846435546875,374.5799865722656,553.1641845703125,226.9352264404297,191.87864685058594,348.60357666015625,137.4600067138672,120.6131820678711,135.48350524902344,425.3439636230469,46.33832931518555,117.25428771972656,137.3357696533203,220.75674438476562,6049.8798828125
2024-12-04,144.7515869140625,371.0,548.9595947265625,227.9630889892578,192.54019165039062,346.4647521972656,139.07000732421875,124.85066986083984,135.00531005859375,431.4794921875,46.11022186279297,117.02139282226562,137.90277099609375,217.88243103027344,6086.490234375
2024-12-05,144.68177795410156,367.5799865722656,552.6655883789062,228.27635192871094,191.51332092285156,345.0325012207031,136.32000732421875,124.59912872314453,133.52377319335938,436.6088562011719,46.34081268310547,117.62300872802734,137.16958618164062,218.84375,6075.10986328125
2024-12-06,142.068603515625,365.760009765625,549.086669921875,225.8779754638672,189.39724731445312,341.6047668457031,136.9199981689453,126.84363555908203,133.95513916015625,437.54595947265625,46.355690002441406,115.99285888671875,137.3357696533203,217.72708129882812,6090.27001953125
2024-12-09,138.4480743408203,361.7200012207031,541.5380859375,223.32296752929688,187.76573181152344,338.5780029296875,137.27000427246094,123.4478530883789,132.1641845703125,439.9626770019531,44.672142028808594,112.76166534423828,138.25465393066406,213.05914306640625,6052.85009765625
2024-12-10,134.71783447265625,357.239990234375,534.2142944335938,222.65731811523438,186.4901580810547,338.7498779296875,138.3000030517578,117.27545928955078,133.514404296875,437.3092041015625,43.638206481933594,109.62750244140625,137.4237518310547,210.79823303222656,6034.91015625
2024-12-11,138.94676208496094,365.0,538.5753784179688,222.61813354492188,186.54946899414062,339.75238037109375,138.83999633789062,118.66860961914062,132.4360809326172,442.89227294921875,44.823387145996094,109.67601776123047,137.28689575195312,211.40245056152344,6084.18994140625
2024-12-12,136.98191833496094,361.54998779296875,535.6712646484375,221.29656982421875,186.34181213378906,339.5710144042969,137.47000122070312,119.4909439086914,132.3892364501953,443.4545593261719,44.70685577392578,107.62863159179688,136.1236114501953,212.0748748779297,6051.25
2024-12-13,133.8999786376953,357.07000732421875,537.5584106445312,222.65731811523438,185.2838134765625,339.0649108886719,130.9499969482422,117.98170471191406,132.19227600097656,441.1956787109375,44.503536224365234,108.75421905517578,135.7130126953125,212.27951049804688,6051.08984375
2024-12-16,131.65582275390625,357.7200012207031,538.0277099609375,226.77859497070312,187.2614288330078,336.2768859863281,132.1999969482422,121.99665832519531,132.39859008789062,445.4570617675781,44.67957305908203,107.44427490234375,134.43246459960938,211.79226684570312,6074.080078125
2024-12-17,130.05001831054688,352.1000061035156,529.8338012695312,223.1271514892578,184.6212921142578,333.05914306640625,132.24000549316406,118.5041275024414,131.5359344482422,448.28802490234375,44.35725021362305,105.81412506103516,134.04005432128906,207.68951416015625,6050.60986328125
2024-12-18,128.5738983154297,339.1700134277344,512.3016967773438,216.52920532226562,178.7378387451172,322.9858093261719,127.54000091552734,114.48917388916016,127.3914566040039,431.4499206542969,43.09025573730469,103.88316345214844,129.95921325683594,202.3491668701172,5872.16015625
2024-12-19,130.33926391601562,339.0899963378906,514.091064453125,217.7724609375,180.07275390625,322.4129943847656,129.35000610351562,112.78644561767578,129.2198944091797,431.09478759765625,43.09025573730469,103.88316345214844,128.14442443847656,203.12881469726562,5867.080078125
2024-12-20,134.34877014160156,343.8299865722656,520.3099975585938,225.4276580810547,181.30877685546875,328.12274169921875,134.2100067138672,114.59559631347656,130.84205627441406,430.670654296875,43.618377685546875,106.22167205810547,129.66493225097656,206.86119079589844,5930.85009765625
2024-12-23,139.3058319091797,343.05999755859375,522.373046875,225.554931640625,180.03321838378906,328.81024169921875,134.52000427246094,114.23765563964844,130.65452575683594,429.3389587402344,44.03492736816406,106.46424102783203,129.61587524414062,206.01333618164062,5974.06982421875
2024-12-24,139.85438537597656,346.25,526.8221435546875,226.6905059814453,181.9910430908203,329.8222961425781,134.99000549316406,114.972900390625,132.57675170898438,433.3635559082031,44.75395584106445,107.28901672363281,130.50856018066406,209.940673828125,6040.0400390625
2024-12-26,139.56515502929688,345.2799987792969,530.35205078125,227.71835327148438,181.66473388671875,331.015869140625,135.32000732421875,114.49884796142578,133.74880981445312,432.1601257324219,44.905208587646484,107.68685913085938,130.4595184326172,211.6558074951172,6037.58984375
2024-12-27,136.6527557373047,341.2300109863281,524.0549926757812,225.51284790039062,180.40892028808594,328.0272521972656,133.38499450683594,113.1540756225586,132.4642333984375,424.6830139160156,44.38203811645508,106.8426742553711,129.4589080810547,209.57034301757812,5970.83984375
2024-12-30,137.1315155029297,337.57000732421875,518.7650146484375,228.13587951660156,178.71807861328125,324.5994567871094,131.80999755859375,112.69937133789062,131.2358856201172,419.0604553222656,44.36964416503906,106.02759552001953,128.4779510498047,206.86119079589844,5906.93994140625
2024-12-31,133.9398651123047,338.4200134277344,520.613037109375,226.9176788330078,178.24343872070312,324.14117431640625,131.41000366210938,112.30271911621094,131.47967529296875,415.7756652832031,43.80434036254883,106.15373992919922,128.19346618652344,207.78695678710938,5881.6298828125
2025-01-02,137.94937133789062,339.92999267578125,518.1979370117188,227.4874725341797,176.3350372314453,319.9685974121094,131.47999572753906,112.14791870117188,129.8668975830078,412.8953552246094,45.249855041503906,105.8044204711914,126.14321899414062,206.02310180664062,5868.5498046875
2025-01-03,144.0933074951172,341.8500061035156,523.9473876953125,230.36595153808594,177.56117248535156,320.88525390625,135.7100067138672,113.64453125,130.9639434814453,417.6005859375,45.55234146118164,106.25077819824219,127.70297241210938,206.451904296875,5942.47021484375
2025-01-06,149.04037475585938,342.3699951171875,519.0289916992188,238.68699645996094,177.42271423339844,319.46258544921875,135.1999969482422,114.6746597290039,127.57897186279297,422.0394592285156,47.126792907714844,105.42598724365234,126.66313934326172,202.36866760253906,5975.3798828125
2025-01-07,139.7745819091797,347.6300048828125,517.0929565429688,238.25473022460938,176.69100952148438,320.4937438964844,131.2899932861328,113.87775421142578,130.5795135498047,416.6338806152344,47.39952850341797,105.78501892089844,124.99549102783203,201.72544860839844,5909.02978515625
2025-01-08,139.74468994140625,357.4200134277344,523.0574951171875,238.77542114257812,176.45367431640625,321.601318359375,130.8000030517578,114.76211547851562,131.5078125,418.79412841796875,47.33010482788086,106.17314147949219,125.95684814453125,200.18572998046875,5918.25
2025-01-10,135.55564880371094,348.3900146484375,504.0392150878906,233.1658172607422,174.17941284179688,317.50518798828125,129.6300048828125,113.00310516357422,130.39199829101562,413.2603454589844,45.921783447265625,103.15542602539062,123.80851745605469,193.85134887695312,5827.0400390625
2025-01-13,132.88262939453125,352.2300109863281,506.10247802734375,232.3406219482422,174.52549743652344,323.87384033203125,128.85000610351562,111.68144989013672,131.7703399658203,411.52423095703125,45.43828201293945,104.29072570800781,125.81951141357422,194.77716064453125,5836.22021484375
2025-01-14,131.4164581298828,358.4200134277344,514.9807739257812,233.35247802734375,177.14585876464844,324.9336853027344,127.5999984741211,113.40156555175781,132.87681579589844,410.02490234375,45.28456497192383,106.14403533935547,127.2811508178711,199.52308654785156,5842.91015625
2025-01-15,135.8848114013672,362.2300109863281,525.3261108398438,232.55674743652344,178.04568481445312,330.48114013671875,132.52000427246094,115.99632263183594,135.2772216796875,420.5204162597656,46.080467224121094,107.929443359375,128.43869018554688,203.69400024414062,5949.91015625
2025-01-16,133.22174072265625,370.0,534.3023071289062,233.53916931152344,178.8367462158203,329.98468017578125,132.16000366210938,116.59884643554688,137.68702697753906,418.8138427734375,46.65321731567383,109.13263702392578,130.09654235839844,206.28622436523438,5937.33984375
2025-01-17,137.3509521484375,370.7900085449219,539.9345092773438,236.23097229003906,178.70819091796875,332.75360107421875,135.1199951171875,118.64937591552734,137.1713104248047,423.2033996582031,47.131752014160156,108.6086654663086,131.04808044433594,206.19850158691406,5996.66015625
2025-01-21,140.46282958984375,375.6099853515625,546.339111328125,243.3730926513672,182.63377380371094,338.17694091796875,133.07000732421875,120.18486785888672,136.58058166503906,422.6806640625,47.81112289428711,108.66687774658203,132.4999237060547,204.27870178222656,6049.240234375
2025-01-22,146.68655395507812,373.4100036621094,549.0671997070312,246.01576232910156,186.58900451660156,335.7135314941406,132.5,122.49778747558594,135.75543212890625,440.1402893066406,52.01377868652344,108.24964904785156,129.66493225097656,201.9398651123047,6086.3701171875
2025-01-23,146.83615112304688,377.3699951171875,550.905517578125,252.0084991455078,188.29965209960938,334.959228515625,133.24000549316406,122.74075317382812,135.727294921875,440.6433410644531,51.708797454833984,107.59952545166016,130.71456909179688,202.1152801513672,6118.7099609375
2025-01-24,142.2481231689453,379.2900085449219,551.0717163085938,251.4976348876953,185.8770751953125,334.6441955566406,127.08999633789062,122.44921112060547,137.00253295898438,438.029296875,54.297340393066406,108.18171691894531,130.00827026367188,205.5260772705078,6101.240234375
2025-01-27,118.1112289428711,379.489990234375,548.9205322265625,243.3534698486328,182.88096618652344,336.7256164550781,128.9600067138672,116.55025482177734,138.81222534179688,428.6583251953125,50.54841613769531,111.0247802734375,132.9217529296875,210.10633850097656,6012.27978515625
2025-01-28,128.6536865234375,378.8500061035156,559.1483764648438,252.92214965820312,180.84402465820312,336.6587829589844,131.0500030517578,116.16153717041016,138.28712463378906,441.1266784667969,51.51045227050781,110.05445098876953,129.59625244140625,210.21353149414062,6067.7001953125
2025-01-29,123.37747955322266,381.2200012207031,562.3654174804688,252.2934112548828,180.47816467285156,337.0885009765625,132.5800018310547,116.89039611816406,137.73390197753906,436.32281494140625,52.37825393676758,110.132080078125,128.5073699951172,211.38296508789062,6039.31005859375
2025-01-30,124.32499694824219,387.4700012207031,535.6810913085938,253.9536590576172,183.91920471191406,342.4163818359375,131.7899932861328,118.98953247070312,138.8216094970703,409.3541259765625,54.34197235107422,110.86952209472656,130.9794464111328,213.0980987548828,6071.169921875
2025-01-31,119.75694274902344,380.489990234375,531.3004760742188,245.30845642089844,182.4953155517578,339.10308837890625,131.1699981689453,118.65910339355469,138.4652862548828,409.42315673828125,53.913028717041016,108.23995208740234,130.20445251464844,209.706787109375,6040.52978515625
2025-02-03,116.35584259033203,379.6099853515625,525.1989135742188,241.6735076904297,182.07015991210938,336.1432189941406,129.77999877929688,116.34618377685547,139.3560791015625,405.3393859863281,55.410606384277344,108.9676742553711,126.28056335449219,207.79937744140625,5994.56982421875
2025-02-04,118.34063720703125,379.6600036621094,523.5171508789062,242.50857543945312,178.4807586669922,339.676025390625,130.74000549316406,117.99827575683594,140.1905975341797,406.7696533203125,54.91472244262695,108.64747619628906,126.04512786865234,207.56460571289062,6037.8798828125
2025-02-05,124.50452423095703,388.6700134277344,526.3429565429688,244.6207733154297,178.21377563476562,340.01019287109375,129.60000610351562,120.23345947265625,141.4658203125,407.67718505859375,57.88261413574219,110.23881530761719,126.61410522460938,210.1273956298828,6061.47998046875
2025-02-06,128.34449768066406,389.54998779296875,529.62841796875,268.3362121582031,180.85389709472656,324.48486328125,132.57000732421875,120.54443359375,140.65943908691406,410.1728210449219,56.58834457397461,110.1126708984375,126.83972930908203,210.1078338623047,6083.56982421875
2025-02-07,129.50146484375,375.8599853515625,526.6460571289062,264.21990966796875,182.44589233398438,323.2245178222656,134.97999572753906,119.4462890625,138.49806213378906,404.1852722167969,57.30986785888672,110.15148162841797,126.2413330078125,210.45997619628906,6025.990234375
2025-02-10,133.22174072265625,375.1499938964844,518.8609008789062,263.82696533203125,183.8895721435547,325.2200622558594,135.24000549316406,119.55318450927734,138.7528839111328,406.6217346191406,56.08254623413086,108.63777923583984,128.07574462890625,207.88743591308594,6066.43994140625
2025-02-11,132.4537353515625,369.2099914550781,518.4884033203125,267.38323974609375,183.24685668945312,322.097900390625,134.52000427246094,116.19068908691406,137.89401245117188,405.8523254394531,54.91225051879883,108.13321685791016,129.2234649658203,208.15151977539062,6068.5
2025-02-12,130.798095703125,367.4800109863281,516.5862426757812,268.2085266113281,183.4248046875,319.7585754394531,140.52000427246094,114.57747650146484,138.69625854492188,403.48492431640625,57.07679748535156,107.90032196044922,128.99786376953125,202.82058715820312,6051.97021484375
2025-02-13,134.93724060058594,368.4100036621094,529.215087890625,273.6313781738281,182.3667755126953,324.3798828125,141.0399932861328,114.4122543334961,140.2819061279297,404.96453857421875,58.22974395751953,108.94828796386719,130.61647033691406,203.47593688964844,6115.06982421875
2025-02-14,138.4879913330078,377.30999755859375,535.2843627929688,277.6592712402344,181.48675537109375,323.6064453125,161.4199981689453,115.70478057861328,138.97943115234375,402.88323974609375,58.04874038696289,108.65718841552734,130.85189819335938,198.52647399902344,6114.6298828125
2025-02-18,139.03652954101562,386.70001220703125,536.3922729492188,281.6969909667969,182.29757690429688,327.349365234375,160.60000610351562,117.1236343383789,140.0648193359375,404.0767822265625,58.398345947265625,109.47225189208984,123.4946060180664,197.13746643066406,6129.580078125
2025-02-19,138.8669891357422,378.260009765625,538.7259521484375,281.4023132324219,186.7472381591797,326.8719177246094,157.97999572753906,121.02062225341797,141.61270141601562,409.1370849609375,57.68426513671875,109.58869934082031,124.1714859008789,195.76806640625,6144.14990234375
2025-02-20,139.74468994140625,368.989990234375,530.4603271484375,281.4612731933594,186.6681365966797,323.1958923339844,155.30999755859375,121.04007720947266,141.82037353515625,411.3016662597656,56.03543472290039,109.03560638427734,124.69139099121094,196.5897216796875,6117.52001953125
2025-02-21,134.07948303222656,363.8399963378906,520.1356201171875,272.7963562011719,184.1071014404297,320.7038269042969,146.07000732421875,120.96232604980469,140.1686248779297,403.4736022949219,54.23287582397461,108.13321685791016,124.74044036865234,195.6604766845703,6013.1298828125
2025-02-24,129.94032287597656,361.2300109863281,520.6748657226562,270.8020324707031,183.70169067382812,322.8563537597656,144.82000732421875,120.01966094970703,141.47113037109375,399.3124084472656,53.21134567260742,110.44258117675781,125.49578857421875,198.36996459960938,5983.25
2025-02-25,126.2998275756836,370.5299987792969,511.8208923339844,263.4536437988281,184.85858154296875,328.179931640625,141.5500030517578,119.16445922851562,142.51878356933594,393.2832336425781,49.82194519042969,112.95573425292969,127.4184799194336,202.28257751464844,5955.25
2025-02-26,130.93771362304688,371.8299865722656,515.0272827148438,270.9396057128906,186.0748291015625,325.81597900390625,144.02999877929688,120.98175811767578,140.87652587890625,395.09197998046875,51.24018859863281,112.15036010742188,126.95742797851562,201.77391052246094,5956.06005859375
2025-02-27,119.83672332763672,364.4700012207031,515.8116455078125,265.9685974121094,185.234375,323.7596130371094,139.4499969482422,114.8884506225586,140.40460205078125,387.9755554199219,50.45668029785156,113.98426818847656,124.966064453125,206.42994689941406,5861.56982421875
2025-02-28,124.59429168701172,367.04998779296875,526.8225708007812,266.37139892578125,187.18231201171875,327.8436279296875,138.8699951171875,96.99725341796875,143.1511688232422,392.3837585449219,50.74216842651367,114.77023315429688,126.26094818115234,203.34878540039062,5954.5
2025-03-03,113.76260375976562,365.94000244140625,521.5475463867188,257.74578857421875,184.46307373046875,321.0305480957031,140.97999572753906,93.0322494506836,144.75564575195312,383.98236083984375,50.029693603515625,116.72920227050781,124.11261749267578,205.33444213867188,5849.72021484375
2025-03-04,115.68757629394531,349.2699890136719,488.4556884765625,248.2753448486328,181.27911376953125,316.56219482421875,141.4199981689453,90.92338562011719,143.46261596679688,384.1009826660156,48.66432189941406,114.01004791259766,121.4345703125,201.6370086669922,5778.14990234375
2025-03-05,116.99415588378906,356.1600036621094,499.1627197265625,246.04527282714844,182.969970703125,320.78070068359375,142.5800018310547,92.19647979736328,143.5570068359375,396.3669738769531,48.82816696166992,114.73125457763672,124.0733871459961,200.111083984375,5842.6298828125
2025-03-06,110.28170776367188,342.75,493.1424255371094,234.1482391357422,182.0800323486328,321.2803955078125,134.77000427246094,89.27129364013672,141.47113037109375,392.28497314453125,47.0929069519043,113.72740173339844,124.92682647705078,196.87338256835938,5738.52001953125
2025-03-07,112.39619445800781,335.7099914550781,489.60284423828125,228.5386505126953,181.9317169189453,328.6891784667969,134.38999938964844,91.12747192382812,144.8594970703125,388.7464599609375,47.70608139038086,114.8092269897461,128.80166625976562,200.111083984375,5770.2001953125
2025-03-10,106.70106506347656,324.69000244140625,471.0027160644531,214.55892944335938,177.3634033203125,326.1907958984375,132.14999389648438,89.45594787597656,145.84107971191406,375.7490539550781,41.497371673583984,114.37065124511719,129.78265380859375,200.8153533935547,5614.56005859375
2025-03-11,108.47642517089844,324.6600036621094,468.7279968261719,219.27452087402344,176.85910034179688,322.6160583496094,125.44000244140625,88.35779571533203,138.27154541015625,376.0356750488281,42.28679275512695,114.21471405029297,123.56327056884766,199.6024169921875,5572.06982421875
2025-03-12,115.44884490966797,333.9200134277344,471.09100341796875,221.2982940673828,175.22756958007812,312.8913879394531,126.55000305175781,88.9117202758789,136.86521911621094,378.8229675292969,42.48539733886719,112.84049987792969,121.58171081542969,197.17660522460938,5599.2998046875
2025-03-13,115.28925323486328,328.4200134277344,463.080322265625,212.86917114257812,170.97567749023438,311.4307861328125,119.37999725341797,87.52202606201172,135.49667358398438,374.3751220703125,39.9755973815918,113.54222106933594,122.61172485351562,199.58287048339844,5521.52001953125
2025-03-14,121.36392211914062,337.8599853515625,476.35626220703125,216.43533325195312,174.4823455810547,318.87799072265625,122.86000061035156,89.38792419433594,137.2710723876953,384.05157470703125,41.73320007324219,115.87154388427734,124.75902557373047,206.5864715576172,5638.93994140625
2025-03-17,119.22930908203125,347.30999755859375,483.10211181640625,216.1504364013672,176.9489288330078,316.37957763671875,126.94000244140625,90.65128326416016,139.6778564453125,384.1899719238281,43.29468536376953,117.40168762207031,125.45836639404297,210.00022888183594,5675.1201171875
2025-03-18,115.1396255493164,347.1600036621094,479.3958435058594,215.95396423339844,174.42291259765625,316.3988037109375,124.55999755859375,89.66002655029297,138.73402404785156,379.07000732421875,42.870182037353516,115.89104461669922,126.05921936035156,207.95590209960938,5614.66015625
2025-03-19,117.22434997558594,352.3399963378906,489.29888916015625,220.62042236328125,175.4036102294922,319.7812805175781,126.0,90.89424133300781,139.2436981201172,383.32012939453125,44.225624084472656,116.63174438476562,126.71914672851562,209.0318603515625,5675.2900390625
2025-03-20,118.23182678222656,352.82000732421875,483.4649353027344,221.1705780029297,174.27430725097656,316.9849548339844,126.1500015258789,89.50453186035156,137.0728759765625,382.3515319824219,43.657135009765625,116.63174438476562,125.80310821533203,207.4179229736328,5662.89013671875
2025-03-21,117.4039077758789,346.69000244140625,483.0334777832031,220.08990478515625,172.87759399414062,315.1591491699219,128.8000030517578,89.65031433105469,134.98699951171875,386.72027587890625,43.0365104675293,116.22240447998047,125.15300750732422,202.3217010498047,5667.56005859375
2025-03-24,121.1045913696289,357.95001220703125,498.2410583496094,231.88870239257812,177.13714599609375,324.1824035644531,129.82000732421875,92.4394302368164,136.69534301757812,388.51910400390625,44.66999435424805,118.00594329833984,128.63002014160156,204.86492919921875,5767.56982421875
2025-03-25,120.38638305664062,358.6600036621094,500.6138916015625,227.6544647216797,178.0088348388672,322.79864501953125,129.8800048828125,91.7300033569336,136.03466796875,390.57501220703125,44.53593063354492,118.37629699707031,127.64502716064453,206.22454833984375,5776.64990234375
2025-03-26,113.47382354736328,357.3900146484375,495.2603454589844,224.74658203125,175.2351837158203,324.2689208984375,128.63999938964844,90.13622283935547,141.75428771972656,385.4452209472656,43.18049240112305,119.54583740234375,128.42318725585938,207.6722412109375,5712.2001953125
2025-03-27,111.14967346191406,355.239990234375,489.1125793457031,221.20005798339844,173.90780639648438,322.1932678222656,125.6500015258789,88.52299499511719,143.3021697998047,386.048095703125,41.954139709472656,119.85770416259766,128.23605346679688,206.89947509765625,5693.31005859375
2025-03-28,109.39411163330078,346.69000244140625,472.8166809082031,212.6659698486328,168.78648376464844,316.4468994140625,120.69000244140625,85.9088134765625,142.54708862304688,374.4048156738281,40.891639709472656,119.11701202392578,126.36454772949219,201.80328369140625,5580.93994140625
2025-03-31,108.10736083984375,348.7200012207031,474.6698303222656,217.65528869628906,170.51998901367188,323.8460998535156,119.45999908447266,85.36459350585938,145.6145477294922,371.0343933105469,41.10761260986328,120.58867645263672,128.5019989013672,205.16815185546875,5611.85009765625
2025-04-01,109.87291717529297,351.989990234375,479.1507263183594,225.72097778320312,170.27235412597656,326.315673828125,121.18000030517578,86.96809387207031,145.9071502685547,377.7554931640625,42.967002868652344,121.23191833496094,129.03387451171875,206.93858337402344,5633.06982421875
2025-04-02,110.14221954345703,358.5199890136719,484.7199401855469,233.04714965820312,171.09454345703125,328.8333435058594,122.80000305175781,87.93990325927734,146.2375030517578,377.7060546875,43.272342681884766,121.68997955322266,130.16661071777344,206.16586303710938,5670.97021484375
2025-04-03,101.54391479492188,317.6300048828125,446.92169189453125,195.12460327148438,159.97023010253906,314.6595458984375,113.97000122070312,79.31015014648438,144.90667724609375,368.7808532714844,39.5908088684082,120.3060302734375,125.30076599121094,198.97640991210938,5396.52001953125
2025-04-04,94.07276153564453,288.57000732421875,413.957275390625,194.85836791992188,151.22332763671875,302.6862487792969,106.66000366210938,74.42967987060547,135.2701416015625,355.6647644042969,36.26426696777344,110.6866226196289,121.78434753417969,182.9248809814453,5074.080078125
2025-04-07,97.39437103271484,288.2900085449219,419.6049499511719,190.47056579589844,151.88702392578125,298.6309814453125,106.30000305175781,75.37838745117188,132.59910583496094,353.7077941894531,35.81990051269531,107.04156494140625,118.9672622680664,177.4472198486328,5062.25
2025-04-08,96.05775451660156,283.07000732421875,417.71258544921875,179.79190063476562,149.98509216308594,297.3049621582031,105.69000244140625,74.46879577636719,129.31454467773438,350.446044921875,36.497623443603516,107.3047103881836,116.74118041992188,175.8039093017578,4982.77001953125
2025-04-09,114.04239654541016,321.8699951171875,463.7764892578125,205.45814514160156,159.48484802246094,316.99456787109375,121.31999969482422,84.21018981933594,137.94119262695312,385.9591369628906,42.38113784790039,113.41553497314453,122.77918243408203,189.01878356933594,5456.89990234375
2025-04-10,107.29939270019531,299.739990234375,447.6177978515625,191.9495849609375,155.93853759765625,309.7683410644531,113.91000366210938,80.47404479980469,136.29891967773438,376.92523193359375,40.789852142333984,111.8756332397461,120.24776458740234,186.16259765625,5268.0498046875
2025-04-11,110.65094757080078,305.4800109863281,459.62896728515625,195.1541748046875,157.45413208007812,323.0389404296875,114.54000091552734,80.82614135742188,138.50750732421875,383.9428405761719,42.53752899169922,113.10365295410156,123.27168273925781,185.41917419433594,5363.35986328125
2025-04-14,110.43150329589844,308.510009765625,465.19818115234375,198.9306640625,159.84144592285156,323.7308044433594,113.22000122070312,81.45208740234375,140.6971893310547,383.3102722167969,42.94465637207031,114.68252563476562,124.39456939697266,190.7207794189453,5405.97021484375
2025-04-15,111.9177474975586,312.8399963378906,467.1493835449219,200.4195556640625,158.70225524902344,323.90374755859375,114.63999938964844,80.37622833251953,139.32862854003906,381.2544250488281,43.05388259887695,114.18547821044922,124.99541473388672,189.5665740966797,5396.6298828125
2025-04-16,104.22714233398438,306.7699890136719,454.1871643066406,199.22647094726562,157.02818298339844,319.0318298339844,112.63999938964844,79.56444549560547,137.393798828125,367.2982177734375,39.198577880859375,114.17572021484375,123.2519760131836,186.16259765625,5275.7001953125
2025-04-17,101.23468780517578,308.7300109863281,455.5010681152344,203.61428833007812,156.32485961914062,293.5092468261719,112.69999694824219,80.79679107666016,136.7613983154297,363.5126647949219,39.600738525390625,114.8092269897461,124.45365905761719,184.84205627441406,5282.7001953125
2025-04-21,96.66621398925781,298.260009765625,442.3525695800781,201.18865966796875,153.7889404296875,280.94012451171875,111.61000061035156,79.88720703125,132.50473022460938,354.953125,38.10875701904297,111.32012176513672,121.41989135742188,179.85348510742188,5158.2001953125
2025-04-22,98.64122772216797,307.7699890136719,458.5307922363281,206.6610870361328,158.14752197265625,289.55975341796875,114.91000366210938,80.64030456542969,135.24183654785156,362.5638427734375,39.09431076049805,115.72534942626953,124.91661834716797,184.81271362304688,5287.759765625
2025-04-23,102.45161437988281,314.57000732421875,462.6488952636719,209.56002807617188,160.66363525390625,292.6540222167969,118.27999877929688,83.0169677734375,135.17579650878906,370.0459899902344,40.1444091796875,116.02749633789062,124.56201934814453,186.89622497558594,5375.85986328125
2025-04-24,106.16226196289062,321.8900146484375,464.83538818359375,217.0735321044922,165.66610717773438,298.6022033691406,121.70999908447266,86.23474884033203,136.1101837158203,382.80615234375,41.966556549072266,116.21266174316406,137.41615295410156,188.96987915039062,5484.77001953125
2025-04-25,110.7307357788086,322.0299987792969,456.8541259765625,216.8861846923828,165.1212921142578,296.6995849609375,122.51000213623047,86.50860595703125,135.1663360595703,387.3034362792969,42.02365493774414,115.7448501586914,134.4414825439453,186.66143798828125,5525.2099609375
2025-04-28,108.45648193359375,316.8599853515625,459.24658203125,218.84837341308594,164.72503662109375,297.6893310546875,123.30000305175781,86.0684814453125,136.06297302246094,386.6214294433594,42.04103469848633,117.35295867919922,135.19992065429688,188.08953857421875,5528.75
2025-04-29,108.74574279785156,324.25,462.4527893066406,220.82044982910156,166.22084045410156,297.59326171875,125.48999786376953,85.93156433105469,138.1865997314453,389.4679870605469,42.64427947998047,119.11701202392578,136.1258087158203,189.9088897705078,5560.830078125
2025-04-30,108.64599609375,325.3699951171875,461.8350524902344,221.8064422607422,167.98410034179688,301.55230712890625,121.91999816894531,87.78007507324219,138.85670471191406,390.673828125,42.661659240722656,119.55557250976562,137.11080932617188,188.5297393798828,5569.06005859375
2025-05-01,111.32923889160156,322.6499938964844,461.3546447753906,221.37258911132812,165.6859130859375,299.5343322753906,124.01000213623047,87.7605209350586,138.37535095214844,420.4641418457031,43.27979278564453,118.74665069580078,136.6084747314453,187.4439697265625,5604.14013671875
2025-05-02,114.21195983886719,330.3299865722656,475.0326232910156,229.37911987304688,168.469482421875,304.5696716308594,125.26000213623047,90.3034439086914,141.3956298828125,430.2294921875,45.06967544555664,122.46967315673828,138.81483459472656,192.71621704101562,5686.669921875
2025-05-05,113.53368377685547,328.1600036621094,472.9963073730469,234.48675537109375,168.66758728027344,301.5043029785156,124.88999938964844,91.04676818847656,141.05584716796875,431.10919189453125,44.5706901550293,122.51838684082031,138.7754364013672,192.1880340576172,5650.3798828125
2025-05-06,113.25437927246094,326.2900085449219,467.9299621582031,233.87539672851562,166.2703857421875,299.2557067871094,121.66999816894531,90.2349853515625,140.64999389648438,428.2823486328125,44.267826080322266,123.3663101196289,137.80029296875,193.49876403808594,5606.91015625
2025-05-07,116.7655258178711,325.8500061035156,472.9864196777344,237.01095581054688,168.1128692626953,302.36907958984375,123.12000274658203,90.9782943725586,141.87701416015625,428.3218688964844,44.632747650146484,124.53583526611328,138.12533569335938,192.75534057617188,5631.27978515625
2025-05-08,117.07474517822266,326.9800109863281,481.05316162109375,247.9558563232422,169.9553680419922,304.5696716308594,126.38999938964844,92.36714172363281,142.8302459716797,433.0859680175781,45.799522399902344,124.95492553710938,138.79515075683594,190.61317443847656,5663.93994140625
2025-05-09,116.3565673828125,327.2900085449219,484.18145751953125,245.26400756835938,170.13368225097656,303.3300476074219,127.04000091552734,91.39886474609375,143.13229370117188,433.63946533203125,46.0750846862793,124.28243255615234,139.72103881835938,191.43484497070312,5659.91015625
2025-05-12,122.69058227539062,349.6700134277344,507.33892822265625,260.8136291503906,177.69187927246094,314.21746826171875,134.2100067138672,96.26956176757812,144.19696044921875,444.0472717285156,48.96470642089844,125.37401580810547,141.64175415039062,197.65591430664062,5844.18994140625
2025-05-13,129.60313415527344,354.82000732421875,511.2444763183594,266.0198669433594,178.80133056640625,314.53460693359375,138.0500030517578,97.34542083740234,143.78819274902344,443.9287109375,50.34000778198242,124.68203735351562,140.70602416992188,198.02760314941406,5886.5498046875
2025-05-14,134.99954223632812,352.760009765625,513.1921997070312,265.783203125,177.6720733642578,312.3820495605469,137.4499969482422,97.4627914428711,144.5011444091797,447.6845703125,50.518741607666016,122.93746948242188,138.9626007080078,192.00216674804688,5892.580078125
2025-05-15,134.49082946777344,347.2099914550781,511.10662841796875,265.3394775390625,178.51406860351562,315.08233642578125,136.7899932861328,97.62904357910156,146.8015899658203,448.6946105957031,51.38513946533203,125.9685287475586,140.76513671875,195.12246704101562,5916.93017578125
2025-05-16,135.05938720703125,348.7799987792969,515.5925903320312,270.693603515625,181.03016662597656,318.7723388671875,138.0,98.32345581054688,148.27503967285156,449.82342529296875,51.92135238647461,127.79103088378906,143.4541473388672,197.9102325439453,5958.3798828125
2025-05-19,135.22897338867188,348.760009765625,513.7529907226562,273.78973388671875,180.16835021972656,318.9549255371094,136.60000610351562,99.30152130126953,150.37586975097656,454.3784484863281,51.63587188720703,128.3270721435547,142.32142639160156,198.99598693847656,5963.60009765625
2025-05-20,134.04197692871094,340.8299865722656,510.45745849609375,276.28436279296875,179.0985107421875,316.00506591796875,132.1300048828125,98.84183502197266,149.88156127929688,453.685302734375,52.216773986816406,127.8787612915039,141.5235595703125,196.26693725585938,5940.4599609375
2025-05-21,131.4684600830078,328.0,502.813720703125,270.0527038574219,176.0078582763672,311.54638671875,127.5199966430664,97.38453674316406,148.50320434570312,448.14013671875,50.95814895629883,126.3291244506836,139.8293914794922,188.422119140625,5844.60986328125
2025-05-22,132.495849609375,326.1300048828125,499.95098876953125,273.5431823730469,176.85977172851562,310.5985412597656,127.6500015258789,97.58992767333984,148.4651641845703,450.40765380859375,51.318115234375,125.77359771728516,139.5043487548828,188.80361938476562,5842.009765625
2025-05-23,130.959716796875,324.30999755859375,496.26190185546875,270.2498779296875,175.96824645996094,308.80926513671875,126.72000122070312,95.8489990234375,148.37960815429688,445.7734375,51.290802001953125,125.64689636230469,139.18914794921875,192.22714233398438,5802.81982421875
2025-05-27,135.1591339111328,333.2300109863281,509.080078125,282.22021484375,179.1083984375,315.06689453125,129.39999389648438,98.16698455810547,151.1173553466797,456.1806335449219,52.76043701171875,127.65459442138672,142.36080932617188,196.60928344726562,5921.5400390625
2025-05-28,134.4708709716797,328.760009765625,501.8102722167969,280.1890563964844,177.2857208251953,309.805419921875,128.6699981689453,97.48234558105469,149.2351531982422,452.8831481933594,52.33345031738281,125.93927764892578,140.95228576660156,193.61610412597656,5888.5498046875
2025-05-29,138.83987426757812,329.6099853515625,501.6332092285156,273.84893798828125,178.3456268310547,311.7784423828125,128.36000061035156,97.03244018554688,149.6439208984375,454.1902770996094,51.95859146118164,126.94314575195312,141.1985321044922,195.59201049804688,5912.169921875
2025-05-30,134.79010009765625,325.1099853515625,500.9642028808594,272.9417419433594,177.0579071044922,310.2213134765625,129.0,96.98352813720703,150.10971069335938,455.8537902832031,52.132633209228516,126.54354095458984,140.5582733154297,198.54603576660156,5911.68994140625
2025-06-02,137.03440856933594,322.07000732421875,501.83978271484375,272.07403564453125,174.66064453125,306.1011657714844,129.6199951171875,96.60210418701172,149.71994018554688,457.44805908203125,51.76466369628906,127.08172607421875,137.31764221191406,199.7687225341797,5935.93994140625
2025-06-03,140.86473083496094,326.04998779296875,504.89923095703125,277.8817138671875,176.03759765625,310.54046630859375,132.89999389648438,101.384765625,150.4329071044922,458.43829345703125,51.69255828857422,127.19915771484375,137.0123291015625,201.32400512695312,5970.3701171875
2025-06-04,141.56300354003906,326.8800048828125,499.2721862792969,273.9770202636719,175.5422821044922,309.5829772949219,133.50999450683594,101.48257446289062,151.4595489501953,459.3294677734375,51.22513961791992,125.19316864013672,136.03717041015625,199.51441955566406,5970.81005859375
2025-06-05,139.63784790039062,331.05999755859375,500.1280517578125,271.27532958984375,175.26490783691406,308.548095703125,137.2899932861328,102.30413055419922,151.44053649902344,463.1021728515625,51.42155838012695,125.291015625,136.15536499023438,197.0103302001953,5939.2998046875
2025-06-06,141.363525390625,337.4599914550781,510.2016906738281,270.9598083496094,176.6715545654297,311.1111145019531,140.63999938964844,103.91792297363281,151.8873291015625,465.7757873535156,52.66719055175781,126.55332946777344,137.06153869628906,199.02532958984375,6000.35986328125
2025-06-09,142.27117919921875,342.75,509.6704406738281,266.5424499511719,176.9588165283203,310.2309875488281,139.00999450683594,100.79793548583984,149.2161407470703,468.12255859375,50.887001037597656,124.14614868164062,137.50482177734375,195.10707092285156,6005.8798828125
2025-06-10,143.5978546142578,350.5899963378906,508.2734680175781,264.23516845703125,178.17724609375,311.517333984375,138.55999755859375,100.260009765625,147.63815307617188,466.3104553222656,50.98147964477539,122.21844482421875,137.57374572753906,192.40652465820312,6038.81005859375
2025-06-11,142.4805908203125,348.7300109863281,507.2701110839844,263.929443359375,179.1975555419922,310.19232177734375,138.05999755859375,100.37737274169922,146.43084716796875,467.99383544921875,50.84722137451172,121.69982147216797,135.86972045898438,193.00555419921875,6022.240234375
2025-06-12,144.64529418945312,350.04998779296875,507.1717224121094,263.4660339355469,178.2762908935547,308.7125244140625,138.80999755859375,100.68057250976562,145.90805053710938,474.1826477050781,50.96407699584961,123.54924774169922,136.58877563476562,195.61770629882812,6045.259765625
2025-06-13,141.62271118164062,323.25,493.5271301269531,256.5736999511719,175.5970916748047,299.8241882324219,135.5399932861328,98.28434753417969,145.65138244628906,470.3109130859375,50.262939453125,122.54136657714844,133.76129150390625,194.60626220703125,5976.97021484375
2025-06-16,144.33604431152344,332.3900146484375,504.57452392578125,266.5424499511719,177.25425720214844,302.0873718261719,137.2100067138672,101.91291046142578,146.08863830566406,474.4499816894531,52.12766647338867,123.1578369140625,134.5522003173828,196.4131622314453,6033.10986328125
2025-06-17,143.76744079589844,327.3599853515625,498.5048522949219,261.72076416015625,174.1979522705078,297.1935119628906,133.3699951171875,100.93486022949219,144.98597717285156,473.36077880859375,51.757198333740234,122.83491516113281,134.6905975341797,194.7044677734375,5982.72021484375
2025-06-18,145.12411499023438,314.4200134277344,498.19989013671875,264.0675048828125,176.39093017578125,296.7485656738281,132.1699981689453,100.49473571777344,142.8946533203125,475.53924560546875,52.3116455078125,122.21844482421875,135.24423217773438,191.84677124023438,5980.8701171875
2025-06-20,143.49810791015625,316.30999755859375,502.05621337890625,260.468505859375,175.32919311523438,295.75238037109375,131.72999572753906,100.43606567382812,141.75390625,472.7270202636719,51.058555603027344,123.4122543334961,136.06480407714844,192.62257385253906,5967.83984375
2025-06-23,143.8173065185547,321.8500061035156,510.5263366699219,266.7691955566406,175.91464233398438,298.2089538574219,130.52999877929688,101.98137664794922,143.7786865234375,481.24285888671875,50.252994537353516,124.69412994384766,140.8299560546875,196.08908081054688,6025.169921875
2025-06-24,147.53819274902344,329.4700012207031,512.8676147460938,269.9639892578125,177.85955810546875,298.334716796875,132.14999389648438,103.80055236816406,144.7292938232422,485.31256103515625,51.356910705566406,123.86237335205078,141.97679138183594,194.45895385742188,6092.18017578125
2025-06-25,153.93251037597656,326.4700012207031,515.5040893554688,271.0288391113281,176.62908935546875,297.05810546875,129.6699981689453,102.87141418457031,131.1261749267578,487.45147705078125,51.973506927490234,121.33776092529297,141.19578552246094,191.10044860839844,6092.16015625
2025-06-26,154.64076232910156,326.0400085449219,516.9403076171875,269.6681213378906,178.4351043701172,299.3889465332031,133.72000122070312,102.45085144042969,134.0445098876953,492.5808410644531,53.11720657348633,122.06187438964844,141.75927734375,192.68148803710938,6141.02001953125
2025-06-27,157.3640899658203,327.0400085449219,519.4881591796875,273.40087890625,179.13958740234375,300.801025390625,134.52000427246094,103.39955139160156,136.8297882080078,491.0855407714844,53.66419219970703,122.0031509399414,142.2535858154297,193.30015563964844,6173.06982421875
2025-06-30,157.60350036621094,331.82000732421875,525.0562133789062,271.3529357910156,179.5662841796875,300.9654541015625,132.33999633789062,104.21133422851562,138.2747039794922,492.5411682128906,55.10624313354492,124.14614868164062,142.48097229003906,193.93850708007812,6204.9501953125
2025-07-01,152.9249725341797,338.8500061035156,529.8471069335938,269.19622802734375,181.65011596679688,307.4261779785156,135.41000366210938,104.34827423095703,140.1378631591797,487.233642578125,56.011253356933594,123.88194274902344,145.97084045410156,194.1054229736328,6198.009765625
2025-07-02,156.8653106689453,337.1000061035156,533.6246948242188,271.59039306640625,180.58836364746094,309.5926513671875,135.38999938964844,105.2480697631836,138.75001525878906,486.28302001953125,57.90083694458008,120.26138305664062,146.2674102783203,188.33116149902344,6227.419921875
2025-07-03,158.9501953125,339.1000061035156,534.470703125,276.823974609375,182.7714385986328,311.07244873046875,136.49000549316406,105.41515350341797,139.8622283935547,493.9571838378906,57.66215515136719,122.30650329589844,146.4256134033203,189.9907684326172,6279.35009765625
2025-07-07,157.85289001464844,332.1199951171875,527.7025756835938,282.7599182128906,180.96543884277344,306.7491455078125,137.0,103.68541717529297,138.4743194580078,492.84814453125,57.46324920654297,120.8582763671875,146.46514892578125,188.095458984375,6229.97998046875
2025-07-08,159.60858154296875,332.1300048828125,527.3582763671875,281.8794250488281,179.93345642089844,306.6717834472656,136.99000549316406,104.82547760009766,137.7518768310547,491.7589111328125,56.309608459472656,119.83082580566406,146.8507080078125,186.83851623535156,6225.52001953125
2025-07-09,162.48155212402344,331.19000244140625,530.7029418945312,287.4591979980469,180.8761444091797,307.6776428222656,136.85000610351562,104.83529663085938,138.7310028076172,498.58148193359375,57.522926330566406,119.25349426269531,148.3534393310547,187.0741729736328,6263.259765625
2025-07-10,163.69854736328125,335.67999267578125,533.693603515625,286.7765808105469,180.0426025390625,310.1729736328125,137.0,104.58959197998047,138.13211059570312,496.57135009765625,58.59699630737305,119.33177185058594,149.80670166015625,186.51443481445312,6280.4599609375
2025-07-11,164.51654052734375,324.3900146484375,527.59423828125,283.92730712890625,179.57620239257812,307.1457214355469,135.35000610351562,103.4593734741211,136.21188354492188,498.39337158203125,58.27875518798828,118.34346771240234,147.11764526367188,184.18704223632812,6259.75
2025-07-14,163.66864013671875,326.3900146484375,530.220947265625,285.9059753417969,176.98631286621094,308.7125244140625,138.57000732421875,102.86968994140625,137.18150329589844,498.09625244140625,59.27327346801758,120.27117156982422,146.62332153320312,187.63394165039062,6268.56005859375
2025-07-15,170.28240966796875,319.6099853515625,514.1759033203125,282.9973449707031,175.08111572265625,302.79339599609375,136.5399932861328,101.69033813476562,133.73080444335938,500.86883544921875,59.30310821533203,117.15943908691406,143.89471435546875,182.0069580078125,6243.759765625
2025-07-16,170.9507598876953,327.05999755859375,516.310791015625,281.6518859863281,175.68643188476562,302.73541259765625,136.7100067138672,102.36846923828125,135.22325134277344,500.6708068847656,59.12409591674805,117.96183776855469,144.40882873535156,182.39979553222656,6263.7001953125
2025-07-17,172.5767822265625,335.1000061035156,531.0473022460938,283.20513916015625,178.3159942626953,326.7116394042969,139.3000030517578,105.40531158447266,136.21188354492188,506.6913146972656,59.104209899902344,119.70362091064453,151.78396606445312,184.6977081298828,6297.35986328125
2025-07-18,171.98822021484375,332.0199890136719,535.700439453125,286.400634765625,177.13514709472656,325.65740966796875,139.33999633789062,106.50605773925781,136.37351989746094,505.0574645996094,63.69887924194336,120.22223663330078,151.08206176757812,184.68788146972656,6296.7900390625
2025-07-21,170.96075439453125,330.7699890136719,525.8236083984375,285.6784362792969,176.7183837890625,317.6105651855469,138.07000732421875,105.61170959472656,136.64169311523438,505.0673522949219,61.660118103027344,118.76423645019531,147.90855407714844,182.75331115722656,6305.60009765625
2025-07-22,166.6213836669922,334.2900085449219,527.8599243164062,285.2332458496094,177.81985473632812,321.5953369140625,139.42999267578125,103.1448745727539,138.48069763183594,500.32421875,61.908748626708984,120.56472778320312,150.97329711914062,184.83517456054688,6309.6201171875
2025-07-23,170.3622283935547,344.1400146484375,528.2338256835938,291.1889953613281,179.8838348388672,319.3417663574219,139.8300018310547,104.05886840820312,139.11285400390625,500.9183349609375,62.97288131713867,120.58430480957031,152.60452270507812,184.2361602783203,6358.91015625
2025-07-24,173.31497192382812,333.54998779296875,508.6964416503906,292.1981201171875,178.33584594726562,319.48681640625,141.6199951171875,102.85986328125,140.22389221191406,505.8793640136719,64.3453140258789,120.39837646484375,161.8086395263672,181.3883056640625,6363.35009765625
2025-07-25,173.0755615234375,335.8699951171875,512.5922241210938,295.0473937988281,178.70298767089844,319.42877197265625,141.30999755859375,103.13505554199219,141.746826171875,508.681640625,65.14093780517578,120.70172119140625,163.5090789794922,182.93006896972656,6388.64013671875
2025-07-28,176.31761169433594,333.4599914550781,510.02459716796875,298.5001220703125,177.46261596679688,315.81158447265625,142.16000366210938,105.0711669921875,140.08982849121094,507.48345947265625,65.03152465820312,118.63701629638672,161.8086395263672,181.52578735351562,6389.77001953125
2025-07-29,175.0806427001953,331.9200134277344,512.5232543945312,297.599853515625,177.58169555664062,314.67999267578125,136.83999633789062,104.26527404785156,141.07635498046875,507.5527648925781,64.84257507324219,121.96401977539062,162.24363708496094,181.849853515625,6370.85986328125
2025-07-30,178.83145141601562,329.1600036621094,511.303466796875,299.9742431640625,175.39865112304688,311.69140625,134.75,102.899169921875,139.75457763671875,508.21624755859375,65.85698699951172,121.95423889160156,162.94558715820312,181.24099731445312,6362.89990234375
2025-07-31,177.43487548828125,323.04998779296875,509.768798828125,295.56182861328125,183.4263458251953,310.6468811035156,132.41000366210938,102.33898162841797,138.24124145507812,528.2779541015625,65.20059967041016,121.7193832397461,164.03306579589844,183.93173217773438,6339.39013671875
2025-08-01,173.29502868652344,316.3999938964844,493.36968994140625,290.63494873046875,180.9555206298828,307.3584899902344,128.02000427246094,99.36109161376953,133.4617462158203,518.9797973632812,63.26129150390625,120.35923767089844,163.25204467773438,183.12646484375,6238.009765625
2025-08-04,179.5596466064453,324.3399963378906,499.6463317871094,301.2010192871094,183.06910705566406,308.4610900878906,130.9600067138672,101.4544677734375,133.54795837402344,530.39697265625,64.54421997070312,123.50031280517578,164.83384704589844,185.4833221435547,6329.93994140625
2025-08-05,177.8238983154297,318.5799865722656,498.4127197265625,296.0466003417969,183.5255584716797,311.49798583984375,129.9600067138672,100.25543975830078,133.30848693847656,522.5841674804688,63.36074447631836,124.83111572265625,163.51898193359375,185.43421936035156,6299.18994140625
2025-08-06,178.98109436035156,315.07000732421875,501.7681579589844,299.7268981933594,184.04156494140625,312.58123779296875,130.5,101.55274200439453,133.21270751953125,519.8016357421875,63.47013854980469,126.04449462890625,162.61932373046875,206.2627716064453,6345.06005859375
2025-08-07,180.32778930664062,304.5,491.9189453125,280.3162841796875,180.83644104003906,310.4244079589844,120.02999877929688,102.06379699707031,134.5919647216797,515.7418212890625,63.897789001464844,124.47884368896484,161.8778533935547,198.1807861328125,6340.0
2025-08-08,182.2530517578125,301.70001220703125,498.3436279296875,285.18377685546875,180.67767333984375,311.23681640625,121.0199966430664,104.38320922851562,135.23370361328125,516.9300537109375,65.5486831665039,125.40845489501953,161.8580780029297,199.61453247070312,6389.4501953125
2025-08-11,181.6146240234375,303.7699890136719,500.0115051269531,285.4805603027344,181.11427307128906,310.6275329589844,118.30000305175781,104.05886840820312,132.75296020507812,516.6627197265625,65.81719970703125,125.58457946777344,162.5797576904297,202.0106658935547,6373.4501953125
2025-08-12,182.71194458007812,309.3699951171875,510.2258605957031,296.4819030761719,183.51564025878906,314.8734436035156,121.61000061035156,105.92620086669922,129.29525756835938,524.0595703125,67.25924682617188,126.24999237060547,164.53726196289062,205.6539306640625,6445.759765625
2025-08-13,181.14576721191406,316.5899963378906,502.5873107910156,298.9156799316406,185.47048950195312,322.8526306152344,124.55000305175781,107.51834106445312,132.7625274658203,515.484375,63.14194869995117,128.12875366210938,167.69097900390625,209.7489471435547,6466.580078125
2025-08-14,181.57472229003906,320.2300109863281,506.959228515625,287.29107666015625,183.35687255859375,314.06103515625,124.63999938964844,107.67557525634766,131.68978881835938,517.36572265625,63.5695915222168,128.52017211914062,166.63314819335938,209.1007843017578,6468.5400390625
2025-08-15,180.008544921875,317.6600036621094,496.48828125,287.5086669921875,179.96322631835938,315.3086853027344,125.0999984741211,106.9188232421875,132.417724609375,515.078369140625,62.96293640136719,127.75691986083984,165.2688446044922,208.67855834960938,6449.7998046875
2025-08-18,181.5647430419922,316.5,499.0048828125,286.5688781738281,181.21351623535156,312.5909118652344,125.48999786376953,107.02693939208984,131.7664337158203,512.0384521484375,63.2911262512207,126.9740982055664,165.2985076904297,205.3789825439453,6449.14990234375
2025-08-19,175.2103271484375,320.67999267578125,499.6265869140625,282.3048095703125,183.7736358642578,316.1933288574219,126.0,107.282470703125,133.14566040039062,504.7801818847656,62.06787109375,128.98008728027344,167.92825317382812,209.89627075195312,6411.3701171875
2025-08-20,174.9709014892578,316.4200134277344,498.77789306640625,283.16552734375,181.92796325683594,314.6355285644531,124.95999908447266,106.55519104003906,133.02113342285156,500.7698669433594,62.11759567260742,131.0937042236328,166.60350036621094,211.52638244628906,6395.77978515625
2025-08-21,174.5519256591797,317.6600036621094,498.610107421875,282.4136047363281,182.02719116210938,312.9024658203125,126.43000030517578,105.92620086669922,132.57098388671875,500.1251220703125,62.127540588378906,130.34024047851562,165.30838012695312,210.93719482421875,6370.169921875
2025-08-22,177.55458068847656,331.19000244140625,510.1469421386719,282.75,185.51016235351562,324.2451171875,129.9199981689453,108.61907196044922,134.86972045898438,503.09075927734375,62.05792236328125,131.14263916015625,170.28118896484375,212.03704833984375,6466.91015625
2025-08-25,179.37013244628906,322.5299987792969,504.7880859375,284.32305908203125,184.1407928466797,320.27276611328125,128.14999389648438,109.10063934326172,132.65719604492188,500.14495849609375,62.41594696044922,129.78248596191406,167.88870239257812,210.07301330566406,6439.31982421875
2025-08-26,181.32534790039062,325.1700134277344,510.1173400878906,290.0710754394531,185.3414764404297,321.0906066894531,126.88999938964844,107.52816772460938,132.21656799316406,497.9430847167969,62.9529914855957,129.97817993164062,169.57925415039062,210.3872833251953,6465.93994140625
2025-08-27,181.15573120117188,325.239990234375,511.4693298339844,291.49566650390625,185.1132354736328,321.4995422363281,129.85000610351562,110.20138549804688,132.8008575439453,502.6047668457031,61.451271057128906,130.2130584716797,170.04391479492188,212.25308227539062,6481.39990234375
2025-08-28,179.72923278808594,325.1700134277344,509.8607177734375,294.4636535644531,185.29185485839844,318.5105285644531,130.4600067138672,115.2038345336914,132.86790466308594,505.4810791015625,62.43584060668945,129.38128662109375,169.025634765625,214.75721740722656,6501.85986328125
2025-08-29,173.75389099121094,325.6700134277344,508.0646057128906,293.7612609863281,183.37673950195312,316.66058349609375,130.52999877929688,110.85002899169922,133.57669067382812,502.5551452636719,61.977779388427734,129.46937561035156,167.8689422607422,211.7326202392578,6460.259765625
2025-09-02,170.3622283935547,317.7900085449219,506.10064697265625,307.70086669921875,183.38665771484375,314.9178771972656,127.58999633789062,113.38565063476562,130.22433471679688,500.9979248046875,63.63078689575195,129.58724975585938,166.07952880859375,211.49606323242188,6415.5400390625
2025-09-03,170.2025909423828,319.3699951171875,500.5543212890625,310.0158996582031,182.93020629882812,313.36004638671875,124.9000015258789,114.46673583984375,129.9082489013672,501.22607421875,63.68057632446289,130.80540466308594,165.78292846679688,211.81146240234375,6448.259765625
2025-09-04,171.2400665283203,319.94000244140625,505.1927490234375,317.3270568847656,186.42308044433594,320.09747314453125,125.37000274658203,116.78614807128906,131.5269775390625,503.82470703125,64.0091781616211,132.32810974121094,168.80812072753906,213.40826416015625,6502.080078125
2025-09-05,166.61141967773438,316.6499938964844,482.8691101074219,308.690185546875,186.0063018798828,320.0293884277344,123.80999755859375,116.70751190185547,129.72625732421875,490.9605407714844,59.90654373168945,129.35147094726562,169.90550231933594,208.14476013183594,6481.5
2025-09-08,167.8982391357422,311.5899963378906,485.9877014160156,305.6925354003906,187.2169189453125,318.33526611328125,124.62000274658203,119.08589935302734,129.71669006347656,494.13446044921875,60.852542877197266,128.339599609375,171.13140869140625,208.71646118164062,6495.14990234375
2025-09-09,170.34225463867188,313.1199951171875,486.8758850097656,306.4840393066406,186.03607177734375,314.12921142578125,123.80999755859375,121.00235748291016,128.73971557617188,494.34271240234375,61.947906494140625,128.53607177734375,168.03700256347656,208.0757598876953,6512.60986328125
2025-09-10,176.8961944580078,304.79998779296875,485.553466796875,309.2442321777344,185.96664428710938,315.609130859375,123.41000366210938,121.40530395507812,127.45626068115234,496.2867126464844,62.246639251708984,128.92904663085938,168.4917449951172,206.40011596679688,6532.0400390625
2025-09-11,176.7465362548828,313.6000061035156,494.40594482421875,312.9740295410156,190.551025390625,323.2228698730469,123.05000305175781,122.93846893310547,129.7454376220703,496.9215087890625,63.073143005371094,130.87417602539062,175.16497802734375,210.2541046142578,6587.47021484375
2025-09-12,177.39501953125,307.3599853515625,490.5668640136719,311.7769470214844,188.4672088623047,324.7904052734375,122.55000305175781,121.86721801757812,129.4102020263672,505.73895263671875,63.4316291809082,130.18649291992188,173.02957153320312,209.95840454101562,6584.2900390625
2025-09-15,177.32516479492188,304.8599853515625,481.2604064941406,312.400146484375,188.40756225585938,330.7586364746094,120.37000274658203,122.02447509765625,126.40265655517578,511.1543884277344,61.98773956298828,129.14515686035156,174.19615173339844,205.50314331054688,6615.27978515625
2025-09-16,174.4620361328125,306.2900085449219,479.7603759765625,311.30206298828125,186.13148498535156,325.1993103027344,121.66000366210938,121.24805450439453,126.06741333007812,504.885986328125,62.216766357421875,127.36702728271484,175.02659606933594,202.49685668945312,6606.759765625
2025-09-17,169.88296508789062,310.6300048828125,479.79986572265625,302.8531494140625,185.11769104003906,322.6289367675781,123.19999694824219,121.7885971069336,126.87198638916016,505.8579406738281,62.07735824584961,128.34942626953125,174.6014862060547,206.49868774414062,6600.35009765625
2025-09-18,175.8187713623047,305.2699890136719,484.95147705078125,310.62933349609375,187.55279541015625,330.53472900390625,125.47000122070312,124.18663024902344,125.57894134521484,504.3008117675781,64.64649200439453,129.09603881835938,176.74681091308594,206.07484436035156,6631.9599609375
2025-09-19,176.24774169921875,301.92999267578125,483.10595703125,309.1156311035156,186.72784423828125,328.3441162109375,127.04000091552734,123.00727081298828,124.5157699584961,513.7034301757812,64.75601959228516,128.64413452148438,177.29055786132812,206.59725952148438,6664.35986328125
2025-09-22,183.17115783691406,299.9200134277344,487.88250732421875,304.3668518066406,187.3043212890625,328.6167297363281,125.44000244140625,122.46673583984375,124.89888763427734,510.25189208984375,63.949432373046875,128.4083709716797,175.787841796875,208.16448974609375,6693.75
2025-09-23,178.0035400390625,298.0,487.6555480957031,307.33477783203125,185.5450897216797,331.17730712890625,123.5,121.31685638427734,123.84529876708984,505.0744323730469,65.2140884399414,129.48899841308594,175.4220428466797,209.45570373535156,6656.919921875
2025-09-24,176.54702758789062,296.2300109863281,485.4449157714844,308.6803283691406,185.03817749023438,330.5152282714844,123.08000183105469,121.13011932373047,122.85874938964844,505.98687744140625,64.18842315673828,129.52830505371094,173.34593200683594,212.107177734375,6637.97021484375
2025-09-25,177.2653045654297,292.17999267578125,485.504150390625,299.65765380859375,183.26902770996094,328.0909729003906,121.75,118.70259857177734,121.34539794921875,502.8923645019531,64.6962890625,129.2532196044922,171.0028839111328,212.9055633544922,6604.72021484375
2025-09-26,177.7641143798828,296.70001220703125,492.7479553222656,309.5738525390625,185.24691772460938,332.8908996582031,123.69999694824219,117.81808471679688,122.80127716064453,507.28619384765625,65.8414306640625,130.76609802246094,173.01968383789062,212.531005859375,6643.7001953125
2025-09-29,181.41537475585938,295.8299865722656,493.0440368652344,306.26947021484375,185.73391723632812,335.4515686035156,122.91999816894531,116.5306167602539,123.10778045654297,510.4005432128906,68.51013946533203,129.92124938964844,173.04933166503906,211.37777709960938,6661.2099609375
2025-09-30,186.13406372070312,288.05999755859375,484.8132629394531,311.15167236328125,186.8570556640625,337.3890075683594,121.41999816894531,116.4225082397461,121.4124526977539,513.7232666015625,68.52009582519531,131.0411834716797,175.33306884765625,213.49697875976562,6688.4599609375
2025-10-01,186.79248046875,286.4100036621094,480.2242736816406,314.9820251464844,186.30047607421875,336.133056640625,122.31999969482422,116.4618148803711,118.77845764160156,515.4688720703125,68.49022674560547,130.55979919433594,174.72012329101562,214.36436462402344,6711.2001953125
2025-10-02,188.4385528564453,286.9800109863281,484.2310485839844,319.9039306640625,184.99842834472656,339.9204406738281,121.48999786376953,118.00481414794922,118.21334838867188,511.53125,70.65107727050781,130.59910583496094,175.71864318847656,215.23175048828125,6715.35009765625
2025-10-03,187.17156982421875,288.3299865722656,485.553466796875,319.3382873535156,182.63290405273438,338.25555419921875,120.22000122070312,117.185546875,119.3531494140625,513.1281127929688,70.06356048583984,131.10995483398438,175.27374267578125,216.84828186035156,6715.7900390625
2025-10-06,185.09654235839844,288.70001220703125,487.3397521972656,318.6337890625,181.8775177001953,331.5765075683594,120.3499984741211,118.86357116699219,119.12327575683594,524.256591796875,69.31672668457031,130.20614624023438,175.34295654296875,218.51406860351562,6740.27978515625
2025-10-07,184.5977325439453,289.0199890136719,491.267578125,322.2755432128906,180.31704711914062,327.95465087890625,119.8499984741211,116.46497344970703,121.6614761352539,519.7039794921875,69.05782318115234,131.4537811279297,175.01670837402344,213.19140625,6714.58984375
2025-10-08,188.65802001953125,292.2699890136719,483.7474670410156,326.5028381347656,182.07630920410156,330.30108642578125,119.98999786376953,120.24547576904297,121.24961853027344,520.5669555664062,71.74645233154297,130.66786193847656,176.24261474609375,216.11886596679688,6753.72021484375
2025-10-09,192.1097412109375,290.8500061035156,484.9416198730469,320.4496765136719,182.19557189941406,323.037841796875,120.1500015258789,118.75498962402344,119.92784118652344,518.1369018554688,72.31405639648438,127.83857727050781,173.45468139648438,215.32044982910156,6735.10986328125
2025-10-10,182.7222442626953,280.1099853515625,473.1481628417969,307.04345703125,178.19007873535156,318.6954650878906,118.19000244140625,112.46733093261719,120.25350189208984,506.7903137207031,68.71926879882812,126.74813079833984,171.31922912597656,214.25592041015625,6552.509765625
2025-10-13,187.8699188232422,282.510009765625,475.4969787597656,314.7934875488281,181.132080078125,323.2325744628906,118.86000061035156,117.32373809814453,122.04460144042969,509.8551025390625,70.22289276123047,126.47306060791016,171.71470642089844,214.3052215576172,6654.72021484375
2025-10-14,179.59971618652344,289.82000732421875,480.145263671875,315.47821044921875,184.6505584716797,328.1298828125,122.88999938964844,118.99189758300781,123.16525268554688,509.37896728515625,69.06778717041016,128.87010192871094,173.6029815673828,218.63232421875,6644.31005859375
2025-10-15,179.40020751953125,287.7799987792969,474.9640197753906,315.99420166015625,184.6505584716797,323.8167419433594,124.26000213623047,119.9000015258789,122.14038848876953,509.24017333984375,69.47604370117188,126.39447021484375,175.2638702392578,211.77203369140625,6671.06005859375
2025-10-16,181.37545776367188,277.5,461.60150146484375,320.67791748046875,183.36839294433594,335.09130859375,122.88999938964844,117.85675048828125,121.15383911132812,507.4349670410156,68.2313232421875,121.80668640136719,175.4813690185547,204.72447204589844,6629.06982421875
2025-10-17,182.7821044921875,285.4599914550781,464.0884094238281,325.24261474609375,184.34243774414062,330.7878723144531,125.91000366210938,117.5310287475586,121.22088623046875,509.388916015625,65.95097351074219,122.26842498779297,175.47149658203125,206.11427307128906,6664.009765625
2025-10-20,182.20347595214844,286.04998779296875,466.4866027832031,330.4423522949219,186.2507781982422,331.87835693359375,127.20999908447266,115.72466278076172,121.24961853027344,512.5726928710938,66.6579818725586,121.6691665649414,175.94601440429688,206.15370178222656,6735.1298828125
2025-10-21,180.72702026367188,287.44000244140625,473.0790710449219,332.40716552734375,187.15524291992188,336.6101379394531,128.55999755859375,117.5408935546875,122.15955352783203,513.4356079101562,65.99079132080078,122.89714813232422,177.428955078125,207.81948852539062,6735.35009765625
2025-10-22,179.84912109375,283.05999755859375,466.5556945800781,329.5691223144531,183.81565856933594,333.9619140625,127.5,115.2508773803711,121.2687759399414,516.2921142578125,64.49711608886719,122.68102264404297,173.50411987304688,207.15907287597656,6699.39990234375
2025-10-23,181.724609375,284.45001220703125,471.8848876953125,333.70709228515625,188.04977416992188,337.5253601074219,127.3499984741211,116.26756286621094,119.48723602294922,516.3119506835938,66.88700866699219,123.04450225830078,169.2727813720703,208.54888916015625,6738.43994140625
2025-10-24,185.8148193359375,284.3800048828125,472.90142822265625,333.0918884277344,186.00228881835938,334.8576354980469,127.98999786376953,115.1324234008789,119.34356689453125,519.3370361328125,68.46034240722656,122.906982421875,165.39736938476562,208.8248748779297,6791.68994140625
2025-10-27,191.03231811523438,284.239990234375,478.2799987792969,334.977294921875,185.61465454101562,337.116455078125,129.07000732421875,115.6753158569336,119.73628234863281,527.1824951171875,69.19722747802734,122.76944732666016,168.99595642089844,209.150146484375,6875.16015625
2025-10-28,200.54953002929688,285.5899963378906,478.19122314453125,328.65618896484375,183.9746856689453,333.66009521484375,128.00999450683594,114.41187286376953,118.81678009033203,537.6463623046875,68.36077117919922,120.52958679199219,167.15711975097656,204.91175842285156,6890.89013671875
2025-10-29,206.54515075683594,268.1099853515625,472.2698669433594,325.06396484375,183.07022094726562,328.2564697265625,126.4800033569336,112.64500427246094,112.44731903076172,537.130615234375,68.89849853515625,120.20539855957031,163.70681762695312,205.12860107421875,6890.58984375
2025-10-30,202.4050750732422,255.0,448.1599426269531,320.4000549316406,197.11431884765625,329.6779479980469,126.33999633789062,114.07625579833984,112.28448486328125,521.4695434570312,68.22136688232422,121.28602600097656,163.41021728515625,209.38670349121094,6822.33984375
2025-10-31,202.0060272216797,260.3500061035156,446.83746337890625,317.204833984375,200.8812713623047,326.69866943359375,126.54000091552734,116.2576904296875,112.09292602539062,513.5843505859375,70.06356048583984,121.99334716796875,163.884765625,208.68690490722656,6840.2001953125
2025-11-03,206.38555908203125,263.3599853515625,446.4526062011719,312.5310363769531,197.501953125,328.8698425292969,126.80000305175781,115.42855072021484,110.25392150878906,512.8107299804688,72.77210998535156,122.0817642211914,162.80715942382812,209.0712890625,6851.97021484375
2025-11-04,198.21511840820312,261.1700134277344,446.07757568359375,306.9144592285156,196.8559112548828,329.7947998046875,122.3499984741211,111.87507629394531,110.28266143798828,510.1327819824219,70.39218139648438,125.68714141845703,163.6672821044922,211.52565002441406,6771.5498046875
2025-11-05,194.74343872070312,261.69000244140625,453.054931640625,314.46600341796875,196.8559112548828,333.708740234375,122.5,114.19470977783203,111.58528137207031,503.02130126953125,71.3182601928711,125.97203063964844,163.92430114746094,215.18246459960938,6796.2900390625
2025-11-06,187.63047790527344,278.0,451.5252380371094,312.62030029296875,196.0508270263672,332.3456726074219,120.52999877929688,112.29952239990234,108.0605239868164,493.04339599609375,69.56568145751953,125.68714141845703,163.19273376464844,213.70396423339844,6720.31982421875
2025-11-07,187.70028686523438,276.5299987792969,455.384033203125,322.18621826171875,195.09664916992188,334.6434020996094,120.87999725341797,111.5098648071289,108.27327728271484,492.76568603515625,70.24281311035156,127.13126373291016,165.44680786132812,221.1063995361328,6728.7998046875
2025-11-10,198.5742645263672,281.0799865722656,454.859130859375,332.1391906738281,196.80621337890625,334.12738037109375,120.19999694824219,111.04593658447266,107.80908966064453,501.87078857421875,70.830322265625,128.55572509765625,164.98214721679688,222.8707275390625,6832.43017578125
2025-11-11,192.6983184814453,290.6700134277344,460.4446105957031,331.21636962890625,196.43844604492188,334.020263671875,122.52999877929688,108.9928207397461,107.96381378173828,504.5289306640625,70.57142639160156,128.86026000976562,165.64451599121094,222.2891845703125,6846.60986328125
2025-11-12,193.3367919921875,286.7200012207031,465.9905090332031,337.5969543457031,195.59361267089844,332.6961669921875,121.69000244140625,110.12796020507812,107.4222640991211,506.9688415527344,72.39370727539062,130.33384704589844,166.465087890625,223.2354278564453,6850.919921875
2025-11-13,186.41339111328125,283.1199951171875,454.97796630859375,330.214111328125,192.9696502685547,327.3120422363281,121.19000244140625,108.18341827392578,108.11854553222656,499.1828918457031,66.75755310058594,131.32608032226562,162.64898681640625,223.79727172851562,6737.490234375
2025-11-14,189.71546936035156,279.07000732421875,453.57171630859375,328.9340515136719,192.18447875976562,321.2756042480469,122.0199966430664,108.0254898071289,108.4086685180664,506.01666259765625,65.75181579589844,131.49307250976562,159.41616821289062,225.315185546875,6734.10986328125
2025-11-17,186.15402221679688,274.17999267578125,436.53802490234375,321.6106872558594,190.0276641845703,320.0196533203125,117.5999984741211,105.41961669921875,106.8420181274414,503.3486328125,63.14284896850586,129.73458862304688,158.15074157714844,221.60906982421875,6672.41015625
2025-11-18,180.92654418945312,272.7799987792969,438.528564453125,325.73876953125,188.74551391601562,321.1977233886719,115.41999816894531,105.0247802734375,106.33914184570312,489.7604064941406,63.00343704223633,130.77590942382812,159.23822021484375,222.71302795410156,6617.31982421875
2025-11-19,186.07420349121094,276.4599914550781,445.4510192871094,328.338623046875,190.4053497314453,321.45086669921875,114.44000244140625,104.89645385742188,105.94264221191406,483.14483642578125,64.28800201416016,129.85247802734375,158.85263061523438,221.40206909179688,6642.16015625
2025-11-20,180.208251953125,277.29998779296875,437.3600158691406,324.4487609863281,188.8647918701172,322.4828796386719,111.54000091552734,101.90562438964844,104.8885269165039,475.41387939453125,61.3006477355957,132.39688110351562,157.6366424560547,222.8115997314453,6538.759765625
2025-11-21,178.4524688720703,288.82000732421875,443.232666015625,337.26953125,193.8343963623047,329.46649169921875,114.26000213623047,105.91314697265625,107.78974151611328,469.1436767578125,60.79278564453125,134.04730224609375,161.01773071289062,223.57057189941406,6602.990234375
2025-11-24,182.11370849609375,287.0299987792969,441.7372741699219,347.2919616699219,194.0331573486328,326.64166259765625,114.41000366210938,107.55168914794922,106.29078674316406,471.0118103027344,62.1669807434082,134.23394775390625,160.44432067871094,222.7820281982422,6705.1201171875
2025-11-25,177.39501953125,291.9800109863281,448.4417724609375,361.7004089355469,196.02101135253906,333.7724304199219,118.55999755859375,110.03911590576172,108.41834259033203,473.9829406738281,62.90385818481445,135.14756774902344,164.20111083984375,224.90121459960938,6765.8798828125
2025-11-26,179.8291473388672,293.3399963378906,449.0855407714844,368.3688049316406,195.08670043945312,334.03729248046875,116.73999786376953,107.83793640136719,107.74139404296875,482.4393005371094,63.91956329345703,134.97073364257812,163.78590393066406,225.2462158203125,6812.60986328125
2025-11-28,176.57696533203125,295.79998779296875,451.3335266113281,364.5086669921875,196.68692016601562,333.5370178222656,116.98999786376953,110.11808013916016,108.01216888427734,488.9082946777344,64.74606323242188,134.6170654296875,164.1417999267578,224.891357421875,6849.08984375
2025-12-01,179.48995971679688,296.2699890136719,450.5115966796875,363.06982421875,194.42079162597656,331.9873046875,118.80000305175781,110.81890106201172,106.90003967285156,483.6715087890625,63.350250244140625,133.69943237304688,163.2915802001953,223.060791015625,6812.6298828125
2025-12-02,181.02630615234375,294.95001220703125,452.3734130859375,353.1565856933594,196.090576171875,334.056884765625,118.5,114.33290100097656,107.13214111328125,486.91094970703125,63.40009689331055,133.30474853515625,162.29307556152344,219.04347229003906,6829.3701171875
2025-12-03,179.16078186035156,299.8900146484375,465.56463623046875,355.3992004394531,198.00885009765625,337.744873046875,120.12999725341797,113.17801666259766,109.65618896484375,474.7182922363281,64.7660140991211,131.27212524414062,162.16455078125,219.99339294433594,6849.72021484375
2025-12-04,182.95188903808594,297.3900146484375,469.52593994140625,354.2282409667969,198.00885009765625,339.5005798339844,120.81999969482422,114.49082946777344,108.08953094482422,477.8086853027344,65.7530517578125,130.10781860351562,159.02072143554688,221.91299438476562,6857.1201171875
2025-12-05,181.98414611816406,310.6400146484375,472.4474182128906,365.59033203125,198.89480590820312,340.5599060058594,124.31999969482422,115.75428009033203,108.36998748779297,480.1140441894531,64.30738067626953,127.71009826660156,157.27084350585938,220.5277099609375,6870.39990234375
2025-12-08,185.1168212890625,303.70001220703125,472.12060546875,353.70233154296875,198.35723876953125,340.79534912109375,122.01000213623047,116.01092529296875,108.74713897705078,487.9245300292969,65.61346435546875,128.006103515625,157.0533447265625,219.4293670654297,6846.509765625
2025-12-09,184.53817749023438,300.2799987792969,473.5863037109375,352.79931640625,195.08216857910156,336.30303955078125,125.38999938964844,115.78390502929688,109.02759552001953,488.918212890625,65.36421203613281,128.31199645996094,155.6989288330078,220.06265258789062,6840.509765625
2025-12-10,183.35096740722656,311.57000732421875,492.4521484375,354.9526672363281,199.75091552734375,341.7859802246094,127.56999969482422,117.84688568115234,109.1629867553711,475.5430603027344,66.47089385986328,128.5093536376953,158.4769744873047,220.6167755126953,6886.68017578125
2025-12-11,180.50759887695312,316.29998779296875,493.7890625,364.79644775390625,202.91648864746094,344.7579040527344,128.0,117.57050323486328,110.85536193847656,480.422119140625,65.86271667480469,133.4922332763672,162.83682250976562,225.62359619140625,6901.0
2025-12-12,174.61141967773438,316.0899963378906,488.8572082519531,367.3764953613281,200.82603454589844,344.1105651855469,128.38999938964844,114.16510009765625,111.64835357666016,475.5132751464844,63.95843505859375,133.50210571289062,159.00094604492188,226.89015197753906,6827.41015625
2025-12-15,175.87843322753906,312.1600036621094,486.7379150390625,368.8451232910156,202.2694549560547,345.2091369628906,131.80999755859375,112.6351318359375,111.58065795898438,471.82666015625,62.6822509765625,136.82730102539062,161.20558166503906,230.8085174560547,6816.509765625
2025-12-16,177.3050994873047,312.4200134277344,481.8952331542969,366.4734802246094,200.8658447265625,341.75653076171875,132.00999450683594,111.62831115722656,111.42593383789062,473.3867492675781,62.871681213378906,135.9392852783203,157.85414123535156,230.86790466308594,6800.259765625
2025-12-17,170.54092407226562,308.5799865722656,482.7864685058594,362.9110412597656,198.99435424804688,339.422119140625,133.77999877929688,109.52584075927734,112.85719299316406,473.1184387207031,62.26350784301758,136.5214385986328,158.88232421875,234.54879760742188,6721.43017578125
2025-12-18,173.73345947265625,306.2699890136719,482.97467041015625,367.21771240234375,201.04502868652344,339.3142395019531,133.99000549316406,109.07179260253906,110.47820281982422,480.9289245605469,62.752037048339844,137.08384704589844,158.10128784179688,235.52838134765625,6774.759765625
2025-12-19,180.56748962402344,309.80999755859375,484.4403381347656,359.74554443359375,202.36898803710938,339.6771240234375,135.27999877929688,110.45369720458984,108.5827407836914,482.856689453125,64.06809997558594,137.16278076171875,158.18038940429688,236.5079803466797,6834.5
2025-12-22,183.26116943359375,313.9700012207031,491.1250915527344,364.4788818359375,205.295654296875,343.32586669921875,136.9499969482422,109.46662139892578,111.09712982177734,481.86297607421875,65.60350799560547,137.6956329345703,158.94163513183594,238.9718017578125,6878.490234375
2025-12-23,188.76829528808594,309.7699890136719,493.561279296875,359.95391845703125,207.6151123046875,345.2679748535156,136.49000549316406,108.4203109741211,110.34281158447266,483.78082275390625,65.76301574707031,137.2318572998047,158.79331970214844,238.7145538330078,6909.7900390625
2025-12-24,188.169677734375,311.57000732421875,496.1262512207031,358.7432861328125,207.33639526367188,346.3468933105469,136.77999877929688,108.63746643066406,110.8070068359375,484.94342041015625,65.78296661376953,137.8633575439453,159.02072143554688,239.3478240966797,6932.0498046875
2025-12-26,190.085205078125,310.17999267578125,496.9779357910156,356.2591857910156,207.505615234375,347.2198486328125,136.82000732421875,109.0816650390625,110.42984771728516,484.6354064941406,65.9624252319336,136.82730102539062,158.96139526367188,237.6063232421875,6929.93994140625
2025-12-29,187.7805938720703,308.9700012207031,492.96710205078125,355.0455322265625,207.74453735351562,344.2773132324219,136.6199951171875,107.98600769042969,110.24610137939453,484.02923583984375,65.15483856201172,136.9654541015625,159.51502990722656,238.90257263183594,6905.740234375
2025-12-30,187.1021728515625,305.1000061035156,489.6890869140625,356.8063659667969,206.092041015625,342.9727783203125,136.91000366210938,107.01866912841797,109.65618896484375,484.4068603515625,64.8058853149414,136.99505615234375,159.2975311279297,239.58529663085938,6896.240234375
2025-12-31,186.06460571289062,300.92999267578125,485.59906005859375,351.782470703125,204.3798370361328,337.9999084472656,135.72000122070312,105.70585632324219,108.48603820800781,480.5711669921875,64.11795043945312,135.9688720703125,157.4092559814453,238.31875610351562,6845.5
2026-01-02,188.4091339111328,300.5899963378906,488.9958801269531,360.6563720703125,208.1925048828125,344.2283020019531,133.00999450683594,105.60667419433594,105.02391815185547,469.95849609375,67.02923583984375,135.28805541992188,159.0800323486328,235.22166442871094,6858.47021484375
2026-01-05,187.68081665039062,308.6099853515625,502.9793395996094,356.6671142578125,210.35264587402344,347.416015625,135.8699951171875,104.22795104980469,105.87494659423828,469.86907958984375,71.35626983642578,135.91954040527344,160.0390167236328,237.8932647705078,6902.0498046875
2026-01-06,186.80288696289062,317.6300048828125,505.3066101074219,361.3428039550781,213.18975830078125,350.87841796875,138.02000427246094,105.75546264648438,107.55765533447266,475.4933776855469,72.662353515625,135.1104278564453,159.99945068359375,233.1437225341797,6944.81982421875
2026-01-07,188.66851806640625,320.6199951171875,493.224609375,359.0746154785156,210.22323608398438,345.8270263671875,137.0399932861328,103.46418762207031,107.95413970947266,480.422119140625,71.12694549560547,134.0941162109375,157.21153259277344,234.01446533203125,6920.93017578125
2026-01-08,184.60801696777344,331.4100036621094,498.6020812988281,363.1832580566406,209.08840942382812,354.38983154296875,138.66000366210938,104.69413757324219,110.48786926269531,475.0959167480469,69.95047760009766,136.07742309570312,162.40184020996094,235.5185089111328,6921.4599609375
2026-01-09,184.42843627929688,331.5,502.8506164550781,367.89874267578125,209.68569946289062,355.2333984375,139.27000427246094,104.53543090820312,110.02367401123047,476.258544921875,70.25955200195312,134.4493408203125,160.8397979736328,235.4987030029297,6966.27978515625
2026-01-12,184.5082550048828,330.7300109863281,505.2273864746094,361.3726501464844,208.80967712402344,351.28057861328125,138.50999450683594,106.1621322631836,108.979248046875,474.1717529296875,70.57860565185547,133.44288635253906,159.623779296875,235.72628784179688,6977.27001953125
2026-01-13,185.37620544433594,331.0899963378906,490.5804138183594,364.2178649902344,210.770751953125,353.6444091796875,140.07000732421875,106.41011047363281,106.04901885986328,467.70281982421875,70.37919616699219,130.0979461669922,159.85116577148438,232.54013061523438,6963.740234375
2026-01-14,182.71246337890625,327.7699890136719,502.5534973144531,360.9846496582031,210.16351318359375,355.4786071777344,132.7899932861328,106.79694366455078,106.65827178955078,456.4840087890625,71.13692474365234,130.17686462402344,159.78195190429688,235.4987030029297,6926.60009765625
2026-01-15,186.6133270263672,330.7699890136719,503.18731689453125,367.24212646484375,214.04586791992188,356.4888610839844,132.60000610351562,107.52102661132812,106.87103271484375,453.7811279296875,73.45997619628906,129.08163452148438,161.63070678710938,234.95448303222656,6944.47021484375
2026-01-16,185.7952423095703,320.6600036621094,504.3955383300781,361.1736755371094,214.67298889160156,354.4388732910156,130.66000366210938,102.99800109863281,107.51895904541016,456.9609680175781,73.14093017578125,127.86797332763672,163.11363220214844,231.54075622558594,6940.009765625
2026-01-20,177.65431213378906,305.25,487.8173522949219,358.3583068847656,212.1743621826172,357.59722900390625,130.72999572753906,93.3469009399414,103.88276672363281,451.65460205078125,71.29644775390625,127.08847045898438,161.15614318847656,230.3038787841797,6796.85986328125
2026-01-21,182.89202880859375,316.45001220703125,498.87939453125,367.669921875,219.42137145996094,364.5220031738281,133.58999633789062,96.302734375,103.66035461425781,441.3102111816406,75.57364654541016,127.83837890625,163.9935302734375,235.72628784179688,6875.6201171875
2026-01-22,184.40847778320312,327.1400146484375,503.1576232910156,361.9197998046875,220.9145965576172,365.1399230957031,133.8000030517578,98.44522094726562,103.66035461425781,448.2959289550781,76.97942352294922,128.22317504882812,165.0216827392578,234.9248046875,6913.35009765625
2026-01-23,187.23187255859375,320.5199890136719,491.7984924316406,365.4713439941406,219.7399444580078,362.0306396484375,132.14999389648438,96.63005828857422,103.11878967285156,463.0125732421875,77.34832763671875,126.9108657836914,164.90306091308594,230.93714904785156,6915.60986328125
2026-01-26,186.03468322753906,324.0,495.69049072265625,358.4577941894531,218.80419921875,363.0409240722656,133.38999938964844,98.00878143310547,102.69329071044922,467.3152770996094,75.1249771118164,129.002685546875,165.0414581298828,231.412109375,6950.22998046875
2026-01-27,188.07989501953125,317.9599914550781,493.5117492675781,355.9408874511719,219.56076049804688,360.7751770019531,132.22000122070312,99.08003234863281,101.48443603515625,477.5503234863281,75.25459289550781,128.57839965820312,164.9920196533203,234.55868530273438,6978.60009765625
2026-01-28,191.0728759765625,317.6400146484375,494.8388366699219,351.1656494140625,221.48202514648438,362.9820556640625,131.5500030517578,98.52457427978516,100.106689453125,478.59368896484375,75.22467803955078,128.93362426757812,163.02464294433594,234.79615783691406,6978.02978515625
2026-01-29,192.06057739257812,322.3399963378906,516.3190307617188,353.25482177734375,225.59329223632812,359.6079406738281,131.77000427246094,97.53268432617188,99.8917236328125,430.76715087890625,75.43405151367188,130.61102294921875,162.5896759033203,236.03302001953125,6969.009765625
2026-01-30,190.68380737304688,314.6300048828125,522.0927734375,351.5835266113281,222.9652557373047,359.0978698730469,129.3699951171875,95.56873321533203,100.77113342285156,427.5773620605469,74.65638732910156,133.26528930664062,163.5090789794922,235.62734985351562,6939.02978515625
2026-02-02,185.1766815185547,304.8699951171875,527.0344848632812,354.69732666015625,226.6883087158203,364.4042663574219,131.30999755859375,96.66973114013672,100.12622833251953,420.70098876953125,75.04521179199219,135.3472442626953,163.6376190185547,237.86358642578125,6976.43994140625
2026-02-03,179.91897583007812,292.2300109863281,524.925048828125,352.2102355957031,227.8828887939453,371.1524963378906,122.07499694824219,94.71570587158203,94.92791748046875,408.6176452636719,74.70623779296875,136.60037231445312,165.9312286376953,238.6947479248047,6917.81005859375
2026-02-04,173.78335571289062,300.2799987792969,540.2257080078125,352.8668518066406,226.79782104492188,375.576171875,124.61000061035156,99.71484375,96.22750091552734,411.5788879394531,73.2206802368164,138.9882049560547,171.0720672607422,238.77392578125,6882.72021484375
2026-02-05,171.47874450683594,335.0,529.8470458984375,336.90972900390625,228.7489471435547,363.6980895996094,121.2699966430664,98.78246307373047,95.9245834350586,391.1882629394531,69.28247833251953,140.40907287597656,173.83035278320312,239.91184997558594,6798.39990234375
2026-02-06,184.9771728515625,354.19000244140625,537.739990234375,341.1178894042969,230.85934448242188,362.26605224609375,122.18000030517578,102.5020523071289,96.2763442993164,398.61114501953125,74.36724853515625,140.66561889648438,177.72555541992188,240.75289916992188,6932.2998046875
2026-02-09,189.59632873535156,355.9100036621094,535.475341796875,346.3506774902344,232.3525390625,361.0694274902344,121.30999755859375,102.83929443359375,95.8464126586914,410.99261474609375,78.1858139038086,137.52789306640625,175.91635131835938,232.8468780517578,6964.81982421875
2026-02-10,188.099853515625,356.3800048828125,502.23101806640625,354.33917236328125,232.05389404296875,370.1814880371094,120.31999969482422,104.78340148925781,96.7649154663086,410.6646423339844,76.9694595336914,139.74798583984375,176.9049835205078,233.9748992919922,6941.81005859375
2026-02-11,189.6063232421875,346.6099853515625,482.6836853027344,357.6520080566406,234.22401428222656,375.35052490234375,119.55000305175781,105.04129791259766,92.67074584960938,401.8207702636719,76.12198638916016,140.13279724121094,177.34986877441406,213.73980712890625,6941.47021484375
2026-02-12,186.5035858154297,321.32000732421875,464.14947509765625,361.1836242675781,227.6539306640625,371.2996520996094,115.95999908447266,97.42356872558594,90.3549575805664,399.3067321777344,72.8418197631836,140.0045166015625,176.17340087890625,212.22589111328125,6832.759765625
2026-02-13,182.3832244873047,337.1199951171875,470.4765625,367.2720031738281,228.7190704345703,377.24359130859375,121.3499984741211,101.58950805664062,92.22126770019531,398.7900085449219,74.52677154541016,139.37301635742188,177.4586181640625,215.19435119628906,6836.169921875
2026-02-17,184.53817749023438,342.510009765625,465.6195068359375,368.5851745605469,232.2729034423828,374.3795166015625,124.2300033569336,100.25045776367188,91.13665771484375,394.3581237792969,73.07112884521484,141.62274169921875,160.8200225830078,219.60552978515625,6843.22021484375
2026-02-18,187.5411376953125,349.19000244140625,474.56878662109375,376.1260070800781,233.24847412109375,376.99835205078125,124.2699966430664,100.4984359741211,92.13333129882812,397.0808410644531,74.67632293701172,139.3828887939453,160.7409210205078,218.27423095703125,6881.31005859375
2026-02-19,187.46133422851562,347.20001220703125,469.2449035644531,374.8924255371094,231.6955108642578,376.51776123046875,125.80999755859375,100.77616119384766,90.2279281616211,396.8517761230469,73.76903533935547,138.44552612304688,159.39637756347656,221.4733428955078,6861.89013671875
2026-02-20,189.37686157226562,352.70001220703125,468.5098876953125,383.0400695800781,232.45208740234375,378.4892578125,127.88999938964844,101.64903259277344,89.15309143066406,395.6267395019531,74.17781829833984,140.30055236816406,160.29603576660156,222.8543243408203,6909.509765625
2026-02-23,191.10281372070312,332.57000732421875,450.72064208984375,363.1534118652344,230.4014129638672,377.9890441894531,122.95999908447266,99.71484375,85.39115142822266,382.9182434082031,71.32636260986328,138.67247009277344,156.86550903320312,217.00253295898438,6837.75
2026-02-24,192.39979553222656,338.7699890136719,463.09661865234375,372.1964416503906,235.76698303222656,382.0460205078125,125.66000366210938,99.06019592285156,86.45622253417969,387.429931640625,71.7052230834961,138.67247009277344,157.0533447265625,221.40380859375,6890.06982421875
2026-02-25,195.10345458984375,330.25,475.0256652832031,375.1212158203125,231.9643096923828,381.4734802246094,132.02000427246094,101.05389404296875,89.14332580566406,398.9831237792969,73.4300537109375,139.185546875,153.86007690429688,222.6754913330078,6946.1298828125
2026-02-26,184.4583740234375,334.1199951171875,483.6968078613281,376.8920593261719,235.886474609375,381.6807861328125,136.97000122070312,98.33610534667969,92.31898498535156,400.0986022949219,74.33734130859375,139.1954345703125,158.58572387695312,227.95101928710938,6908.85986328125
2026-02-27,176.77635192871094,325.1000061035156,466.95050048828125,360.72601318359375,238.13621520996094,380.2494812011719,135.11000061035156,98.22700500488281,91.50797271728516,391.15484619140625,71.05364227294922,138.9586181640625,159.3173065185547,228.1000518798828,6878.8798828125
2026-03-02,182.05398559570312,332.010009765625,472.1253356933594,352.2997741699219,240.36607360839844,384.5630798339844,133.25999450683594,99.33792114257812,92.09424591064453,396.9413757324219,71.53271484375,140.5738525390625,160.65194702148438,232.03436279296875,6881.6201171875
2026-03-03,179.62966918945312,334.4200134277344,462.5404052734375,359.014892578125,234.1842041015625,378.88726806640625,133.0399932861328,97.98894500732422,93.37428283691406,402.2996826171875,69.2670669555664,139.80091857910156,156.5590362548828,231.37864685058594,6816.6298828125
2026-03-04,182.6126708984375,328.7200012207031,465.7486572265625,357.950439453125,233.6864776611328,378.5516662597656,135.5399932861328,98.74279022216797,93.5990219116211,403.5645751953125,69.01754760742188,140.8810272216797,154.8585968017578,230.4447479248047,6869.5
2026-03-05,182.91197204589844,324.3299865722656,469.7018127441406,351.5934753417969,225.8123016357422,377.3375244140625,135.85000610351562,101.28202819824219,96.12977600097656,409.0224304199219,67.9196548461914,138.41360473632812,150.5283966064453,225.7056884765625,6830.7099609375
2026-03-06,177.40489196777344,314.3999938964844,461.7557373046875,336.61126708984375,220.9743194580078,367.3382568359375,133.22999572753906,100.24053955078125,98.54328918457031,407.30938720703125,66.57223510742188,137.9875030517578,148.65989685058594,221.46340942382812,6740.02001953125
2026-03-09,182.2235870361328,325.6000061035156,458.3687438964844,342.3415222167969,224.0503387451172,368.7497863769531,134.02999877929688,99.79419708251953,96.0516128540039,407.757568359375,67.36072540283203,136.69927978515625,148.51161193847656,218.2444305419922,6795.990234375
2026-03-10,184.33863830566406,329.0799865722656,453.0845947265625,344.3809509277344,225.27474975585938,365.2258605957031,132.44000244140625,96.12419128417969,92.94435119628906,404.122314453125,68.36878967285156,136.00563049316406,145.85220336914062,218.27423095703125,6781.47998046875
2026-03-11,185.60574340820312,330.489990234375,447.6514587402344,337.1982421875,223.2838134765625,364.9988098144531,133.38999938964844,96.78875732421875,91.84996032714844,403.245849609375,68.25900268554688,133.7364044189453,144.97232055664062,215.293701171875,6775.7998046875
2026-03-12,182.72235107421875,321.55999755859375,437.32159423828125,333.3581848144531,214.5933837890625,359.51055908203125,127.69999694824219,96.14402770996094,89.57325744628906,400.2380065917969,66.79181671142578,133.19139099121094,144.19131469726562,213.9027862548828,6672.6201171875
2026-03-13,179.83892822265625,317.5299987792969,439.0995178222656,329.0207214355469,213.5182647705078,362.76800537109375,126.30000305175781,97.8600082397461,90.49176025390625,393.9534912109375,66.06321716308594,131.72479248046875,144.24093627929688,217.11183166503906,6632.18994140625
2026-03-16,182.8021697998047,310.2200012207031,436.0601501464844,337.4867248535156,213.87718200683594,364.8211364746094,128.32000732421875,101.41097259521484,90.97054290771484,398.33575439453125,68.14921569824219,133.52830505371094,144.7073516845703,220.7083282470703,6699.3798828125
2026-03-17,181.5150909423828,297.94000244140625,434.9874572753906,347.4051818847656,214.92408752441406,362.6593933105469,131.9499969482422,101.09356689453125,90.31587982177734,397.7979431152344,68.49854278564453,134.10304260253906,144.79666137695312,215.90968322753906,6716.08984375
2026-03-18,179.98858642578125,285.9200134277344,429.6238708496094,339.85443115234375,212.142333984375,357.3291015625,131.1300048828125,99.95288848876953,88.56681823730469,390.20867919921875,68.31888580322266,131.50680541992188,143.5561981201172,210.7235565185547,6624.7001953125
2026-03-19,178.1527862548828,284.3800048828125,431.1335754394531,338.4516906738281,210.87606811523438,356.11492919921875,130.7899932861328,102.25408172607422,89.61234283447266,387.4498596191406,67.56034851074219,130.16903686523438,142.73251342773438,210.48512268066406,6606.490234375
2026-03-20,172.30613708496094,287.4599914550781,435.9806823730469,328.1651611328125,208.75234985351562,352.29486083984375,128.52000427246094,100.2901382446289,90.43313598632812,380.3287048339844,65.34459686279297,131.44732666015625,141.4027557373047,211.428955078125,6506.47998046875
2026-03-23,175.23944091796875,293.30999755859375,439.9239196777344,337.3573913574219,212.1822052001953,357.8719787597656,132.58999633789062,100.47859954833984,91.36140441894531,381.4541931152344,67.71005249023438,134.20211791992188,142.5340576171875,216.0189666748047,6581.0
2026-03-24,174.80044555664062,293.8299865722656,445.14849853515625,341.7247009277344,216.3398895263672,358.3951416015625,130.0,103.46418762207031,88.53750610351562,371.2355651855469,65.99335479736328,134.1823272705078,144.61802673339844,216.10838317871094,6556.3701171875
2026-03-25,178.2725067138672,291.8299865722656,448.8433837890625,344.14215087890625,214.6947784423828,362.8765563964844,131.80999755859375,104.64453887939453,91.224609375,369.5424499511719,68.54845428466797,132.8842010498047,146.35467529296875,215.61163330078125,6591.89990234375
2026-03-26,170.8494873046875,293.2099914550781,445.12860107421875,331.91571044921875,210.84616088867188,357.3291015625,131.05999755859375,103.6030502319336,91.4493408203125,364.4928894042969,66.07319641113281,133.66702270507812,144.6775665283203,215.9990997314453,6477.16015625
2026-03-27,167.13795471191406,284.92999267578125,433.86505126953125,327.0206604003906,208.6227264404297,354.40728759765625,122.87000274658203,101.5101547241211,89.5830307006836,355.3300476074219,64.0770263671875,131.12033081054688,143.3974151611328,211.89590454101562,6368.85009765625
2026-03-30,164.79331970214844,290.3599853515625,435.47412109375,325.80364990234375,207.7552947998047,351.998779296875,123.0999984741211,100.35957336425781,90.99009704589844,357.5111999511719,63.56800842285156,133.2211151123047,141.79969787597656,214.70753479003906,6343.72021484375
2026-03-31,174.0022735595703,290.989990234375,441.40386962890625,343.1512145996094,213.72763061523438,358.5333251953125,126.27999877929688,101.55975341796875,90.01296997070312,368.67596435546875,66.94153594970703,134.00393676757812,144.18138122558594,216.39649963378906,6528.52001953125
2026-04-01,175.3491973876953,289.5799865722656,433.72601318359375,352.14923095703125,217.98504638671875,362.2843017578125,125.19000244140625,101.21259307861328,88.83065032958984,367.8791809082031,67.7799301147461,133.42919921875,143.0600128173828,214.9261016845703,6575.31982421875
2026-04-02,176.98544311523438,293.3399963378906,431.0144348144531,347.17138671875,217.64602661132812,360.8628845214844,124.94999694824219,103.03704833984375,89.60256958007812,371.9526672363281,67.61024475097656,134.9552459716797,139.98365783691406,216.8435821533203,6582.68994140625
2026-04-06,177.23487854003906,298.2300109863281,427.4982604980469,357.71563720703125,217.77565002441406,361.5439758300781,126.80999755859375,100.59447479248047,89.74913787841797,371.3750305175781,68.48857116699219,135.1831512451172,139.11036682128906,216.57533264160156,6611.830078125
2026-04-07,177.69383239746094,296.3500061035156,429.1470947265625,348.6777038574219,217.10763549804688,361.96844482421875,124.97000122070312,97.31443786621094,89.5146255493164,370.78741455078125,67.97953796386719,134.5291290283203,138.33631896972656,217.38006591796875,6616.85009765625
2026-04-08,181.66476440429688,303.9200134277344,450.04522705078125,374.484619140625,229.81005859375,375.7088317871094,131.39999389648438,99.1688003540039,87.83396911621094,372.8191223144531,72.17149353027344,137.6406707763672,143.38748168945312,222.23834228515625,6782.81005859375
2026-04-09,183.49058532714844,306.57000732421875,449.8465881347656,384.2008972167969,232.80120849609375,378.82806396484375,129.16000366210938,95.38030242919922,85.85040283203125,371.5642395019531,71.79222106933594,139.12705993652344,145.1737518310547,221.8310089111328,6824.66015625
2026-04-10,188.1998291015625,302.8299865722656,443.330810546875,378.9437255859375,234.21701049804688,374.8204650878906,128.9600067138672,95.63951873779297,83.61278533935547,369.37310791015625,71.07360076904297,135.98582458496094,143.70504760742188,217.97616577148438,6816.89013671875
2026-04-13,188.87826538085938,315.1700134277344,451.99200439453125,376.060791015625,233.77830505371094,376.78472900390625,130.32000732421875,98.10204315185547,87.27700805664062,382.8186340332031,74.40721130371094,137.80914306640625,146.08673095703125,220.9567108154297,6886.240234375
2026-04-14,196.0618438720703,320.4800109863281,458.8752746582031,372.0904846191406,233.66864013671875,372.9942932128906,133.85000610351562,98.5905532836914,86.81775665283203,391.5233459472656,76.95231628417969,137.51185607910156,145.898193359375,220.8275604248047,6967.3798828125
2026-04-15,198.41647338867188,323.9599914550781,464.9937744140625,368.4593505859375,229.42120361328125,363.2615661621094,137.50999450683594,100.02619934082031,88.19550323486328,409.5602722167969,79.53736114501953,137.49203491210938,140.55923461914062,222.5562744140625,7022.9501953125
2026-04-16,197.8976593017578,332.07000732421875,455.8855895996094,368.7985534667969,229.560791015625,362.1263732910156,137.80999755859375,103.36605072021484,90.02273559570312,418.56378173828125,79.22795104980469,137.0262908935547,140.44015502929688,223.19210815429688,7041.27978515625
2026-04-17,201.2200469970703,334.6400146484375,453.12432861328125,385.9366455078125,235.56301879882812,375.3633117675781,141.5500030517578,104.2134780883789,89.85662841796875,421.0835876464844,81.5534896850586,138.5721435546875,143.2187957763672,226.2819366455078,7126.06005859375
2026-04-20,201.59918212890625,337.3399963378906,453.5116882324219,388.5701904296875,236.1213836669922,381.8683166503906,143.58999633789062,106.46663665771484,90.96077728271484,416.38262939453125,81.09436798095703,137.68031311035156,144.01268005371094,224.75192260742188,7109.14013671875
2026-04-21,199.42417907714844,329.92999267578125,457.971435546875,385.826904296875,232.85104370117188,378.6306457519531,142.64999389648438,111.46147155761719,91.53728485107422,422.4480285644531,79.46749877929688,137.88841247558594,142.37527465820312,227.47415161132812,7064.009765625
2026-04-22,202.03819274902344,330.70001220703125,465.3513488769531,374.3749084472656,229.7801513671875,377.4461364746094,144.17999267578125,110.68382263183594,91.29299926757812,431.1726989746094,77.96038818359375,136.8578338623047,143.82411193847656,227.58343505859375,7137.89990234375
2026-04-23,199.18470764160156,313.4700012207031,456.53118896484375,370.23504638671875,234.30674743652344,385.7081298828125,141.8699951171875,108.07176208496094,88.86972045898438,414.0719909667969,75.75462341308594,138.34425354003906,146.29513549804688,228.96441650390625,7108.39990234375
2026-04-24,207.79502868652344,312.9100036621094,460.9909362792969,370.33477783203125,232.26278686523438,373.5372314453125,142.82000732421875,108.38082122802734,87.76557159423828,422.90618896484375,76.47323608398438,133.23101806640625,144.98521423339844,228.30870056152344,7165.080078125
2026-04-27,216.1160125732422,312.7699890136719,474.6383056640625,369.47686767578125,232.28273010253906,379.5091552734375,141.05999755859375,108.11164093017578,87.87306213378906,423.1053771972656,77.44137573242188,135.4705352783203,147.26763916015625,231.20974731445312,7173.91015625
2026-04-28,212.68385314941406,311.57000732421875,472.1452331542969,365.9754333496094,228.27459716796875,372.65869140625,139.0399932861328,107.9521255493164,88.90880584716797,427.5174865722656,77.34156799316406,137.5316619873047,136.80807495117188,233.87234497070312,7138.7998046875
2026-04-29,208.77279663085938,306.9800109863281,472.1750183105469,358.57354736328125,227.19776916503906,373.5766906738281,140.27999877929688,108.32100677490234,91.89881896972656,422.746826171875,76.90241241455078,135.4011688232422,136.32180786132812,231.1898651123047,7135.9501953125
2026-04-30,199.11488342285156,306.4700012207031,471.5890197753906,357.7655334472656,234.80526733398438,378.45294189453125,140.36000061035156,110.43457794189453,90.51129913330078,406.1341552734375,79.34772491455078,135.5696258544922,136.43096923828125,234.73670959472656,7209.009765625
2026-05-01,197.99742126464844,307.2200012207031,464.0402526855469,361.3267822265625,229.80007934570312,375.4818115234375,141.66000366210938,111.74061584472656,90.89237976074219,412.76727294921875,80.3058853149414,134.5786895751953,134.45616149902344,230.00758361816406,7230.1201171875
2026-05-04,198.02734375,310.8299865722656,467.1305847167969,353.4261169433594,229.75022888183594,367.3185119628906,138.86000061035156,110.60407257080078,90.36473083496094,411.9505615234375,81.5634765625,132.59681701660156,131.47906494140625,227.6331024169922,7200.75
2026-05-05,196.05186462402344,303.67999267578125,473.1717224121094,359.1421203613281,233.8480987548828,373.91229248046875,139.72999572753906,113.79438018798828,90.72627258300781,409.7196044921875,83.74928283691406,132.93373107910156,131.2805633544922,235.60105895996094,7259.22021484375
2026-05-06,207.3560333251953,305.42999267578125,473.8097229003906,371.2425537109375,240.6679229736328,381.3352966308594,139.8800048828125,111.40164184570312,89.28988647460938,412.2891845703125,86.87328338623047,132.27972412109375,134.29737854003906,235.0745086669922,7365.1201171875
2026-05-07,211.01766967773438,305.75,457.41094970703125,352.6878967285156,234.0375213623047,365.8872375488281,140.4600067138672,112.65782928466797,92.10401916503906,419.07171630859375,83.5496597290039,131.4671630859375,135.76608276367188,232.28273010253906,7337.10986328125
2026-05-08,214.709228515625,343.989990234375,464.1100158691406,357.57598876953125,231.71441650390625,369.17425537109375,141.49000549316406,117.64269256591797,91.78156280517578,413.44451904296875,84.25830078125,130.82305908203125,133.34471130371094,238.11463928222656,7398.93017578125
2026-05-11,218.93955993652344,341.5799865722656,462.2558288574219,342.2633972167969,231.47512817382812,365.679931640625,137.0500030517578,117.3735122680664,91.73270416259766,410.99444580078125,84.74736785888672,130.9122314453125,131.34011840820312,242.5556182861328,7412.83984375
2026-05-12,220.27650451660156,338.3399963378906,468.65582275390625,336.31793212890625,230.5179443359375,364.4658203125,135.47999572753906,115.8780517578125,91.56659698486328,406.1241760253906,84.42796325683594,131.90316772460938,130.2981414794922,241.85023498535156,7400.9599609375
2026-05-13,225.3149871826172,331.25,467.71875,330.8113708496094,230.7373046875,361.8697204589844,132.97000122070312,118.22093963623047,88.99339294433594,403.57452392578125,84.95696258544922,131.42752075195312,129.64317321777344,241.03555297851562,7444.25
2026-05-14,235.202392578125,329.1700134277344,470.5698547363281,333.2354431152344,231.45516967773438,361.6427001953125,133.6699981689453,119.56684875488281,87.91462707519531,407.7774658203125,88.11090087890625,133.04273986816406,130.1393585205078,251.0799560546875,7501.240234375
2026-05-15,224.80616760253906,328.2300109863281,468.9150390625,326.01312255859375,227.22767639160156,355.0093994140625,132.85000610351562,119.56684875488281,90.59669494628906,420.2170715332031,86.83335876464844,132.705810546875,124.69124603271484,252.9576873779297,7408.5
2026-05-18,221.81300354003906,348.5,469.7125244140625,325.0754089355469,224.99429321289062,358.85906982421875,134.3000030517578,120.23481750488281,93.51629638671875,421.83056640625,85.95504760742188,135.32188415527344,127.4897232055664,256.49456787109375,7403.0498046875
2026-05-19,220.1068878173828,343.1400146484375,462.3156433105469,319.9080505371094,220.62721252441406,355.3055419921875,131.16000366210938,120.22484588623047,93.50640869140625,415.7352600097656,83.29015350341797,133.7958526611328,125.19735717773438,254.8056182861328,7353.60986328125
2026-05-20,222.9603729248047,350.4800109863281,455.8458251953125,328.43719482421875,224.04710388183594,361.06976318359375,135.5500030517578,118.60975646972656,93.94186401367188,419.36053466796875,83.62950134277344,135.45071411132812,128.26377868652344,254.58705139160156,7432.97021484375
2026-05-21,219.0093994140625,347.4599914550781,449.1667175292969,373.98583984375,222.5116424560547,360.075927734375,134.25,123.57466888427734,93.27877044677734,418.3025207519531,83.66943359375,134.7867889404297,129.7027130126953,254.04061889648438,7445.72021484375
2026-05-22,214.83892822265625,347.8999938964844,450.90130615234375,376.85882568359375,223.857666015625,364.38916015625,132.35000610351562,138.93801879882812,96.00043487548828,417.7835388183594,81.19418334960938,134.7867889404297,129.4347686767578,253.16632080078125,7473.47021484375
2026-05-26,214.37001037597656,349.6099853515625,454.08135986328125,380.8490905761719,228.76315307617188,369.8055725097656,132.67999267578125,138.5292510986328,93.82310485839844,415.248291015625,82.73123168945312,134.1327667236328,130.60577392578125,254.34860229492188,7519.1201171875
2026-05-27,212.1151580810547,352.6000061035156,441.7897644042969,375.3126220703125,225.71217346191406,369.83538818359375,132.10000610351562,142.3077850341797,93.45691680908203,411.8946228027344,80.7949447631836,130.4960479736328,130.21875,250.42422485351562,7520.35986328125
2026-05-28,213.76138305664062,352.3699951171875,438.4801025390625,369.86590576171875,224.78489685058594,372.1510009765625,134.5,141.9687957763672,94.52578735351562,426.18768310546875,82.95081329345703,127.80069732666016,130.3675994873047,245.79446411132812,7563.6298828125
2026-05-29,210.6584930419922,361.79998779296875,444.32183837890625,363.0126647949219,225.18373107910156,368.9210510253906,133.30999755859375,173.76223754882812,95.98064422607422,449.3940124511719,86.80341339111328,125.97738647460938,129.0775146484375,247.25494384765625,7580.06005859375
2026-06-01,223.8483428955078,364.1300048828125,445.7573547363281,365.41680908203125,222.70108032226562,364.1904296875,137.8699951171875,179.15585327148438,101.3843765258789,459.6546936035156,88.60977935791016,126.0172119140625,129.20652770996094,247.1555938720703,7599.9599609375
2026-06-02,222.3118438720703,359.82000732421875,444.0128173828125,362.6236267089844,227.0581817626953,370.1534118652344,134.35000610351562,175.108154296875,99.75138092041016,440.48077392578125,88.63975524902344,126.61458587646484,128.85919189453125,246.86746215820312,7609.77978515625
2026-06-03,214.26025390625,352.25,439.5567321777344,358.5535583496094,227.55670166015625,375.0629577636719,133.58999633789062,180.5316925048828,97.43548583984375,426.53704833984375,87.07117462158203,125.38996124267578,129.11721801757812,246.80784606933594,7553.68017578125
2026-06-04,218.4156036376953,357.17999267578125,453.6726379394531,365.8258056640625,228.08514404296875,376.5636291503906,133.72000122070312,178.328369140625,98.45487976074219,427.2456970214844,86.98125457763672,126.77389526367188,129.35537719726562,250.02682495117188,7584.31005859375
2026-06-05,204.87075805664062,347.45001220703125,453.2439880371094,365.6562194824219,225.88168334960938,377.4282531738281,133.5399932861328,166.53419494628906,99.49405670166016,415.8870849609375,84.32366180419922,131.56288146972656,129.1668243408203,255.67990112304688,7383.740234375
2026-06-08,208.40679931640625,349.010009765625,447.9804382324219,371.94085693359375,225.28343200683594,378.3028564453125,134.42999267578125,169.79429626464844,97.90065002441406,410.9663391113281,87.27098846435547,127.03275299072266,126.65613555908203,251.24362182617188,7405.72998046875
2026-06-09,207.95730590820312,357.8399963378906,447.791015625,390.2062072753906,229.12208557128906,384.8721008300781,131.35000610351562,164.50038146972656,99.24663543701172,402.6520080566406,86.25191497802734,128.40672302246094,130.050048828125,250.21678161621094,7386.64990234375
2026-06-10,200.19598388671875,348.989990234375,449.216552734375,375.5121154785156,221.125732421875,376.1164245605469,129.10000610351562,160.17352294921875,100.05818176269531,396.61334228515625,85.34273529052734,128.69544982910156,128.36300659179688,256.5472106933594,7266.990234375
2026-06-11,204.64100646972656,350.8500061035156,448.9773254394531,392.3409729003906,225.5426788330078,382.2980651855469,130.8699951171875,159.9840850830078,98.24703979492188,389.6065673828125,88.7496566772461,127.8392105102539,132.68975830078125,257.7036437988281,7394.2998046875
2026-06-12,204.96066284179688,356.1099853515625,457.7000732421875,402.9949645996094,226.44998168945312,385.09075927734375,132.27999877929688,161.12063598632812,99.59302520751953,390.00579833984375,90.72785949707031,129.0538787841797,132.94776916503906,260.18597412109375,7431.4599609375
2026-06-15,212.21253967285156,353.4700012207031,458.4477233886719,411.3544921875,230.11465454101562,384.2459716796875,138.9600067138672,161.33001708984375,99.86024475097656,399.0088806152344,92.67610168457031,129.25302124023438,133.2267608642578,258.6606750488281,7554.2900390625
2026-06-16,207.1781768798828,360.3699951171875,469.862060546875,405.7582092285156,231.56253051757812,386.9889831542969,141.1999969482422,160.77169799804688,99.24663543701172,393.0899963378906,93.01579284667969,130.44778442382812,134.3926239013672,259.747314453125,7511.35009765625
2026-06-17,204.42124938964844,353.3299865722656,470.50006103515625,402.8652648925781,230.93345642089844,378.9090881347656,140.5399932861328,154.3412322998047,96.57445526123047,378.1980285644531,95.00399017333984,129.0738067626953,129.71922302246094,261.3224792480469,7420.10009765625
2026-06-18,210.4545135498047,345.2799987792969,465.9742126464844,412.0029296875,237.0745086669922,384.8621520996094,142.41000366210938,159.2263946533203,97.22765350341797,378.6871032714844,95.91316986083984,127.68987274169922,133.09722900390625,259.0594482421875,7500.580078125
2026-06-22,208.41677856445312,347.1700134277344,469.9418029785156,409.91802978515625,241.19850158691406,388.2908935546875,139.19000244140625,157.83062744140625,94.94145965576172,366.6497802734375,96.73242950439453,128.93441772460938,130.46656799316406,260.7741394042969,7472.7900390625
2026-06-23,199.81640625,339.3599853515625,464.6582946777344,406.017578125,233.73936462402344,383.4707946777344,138.85000610351562,157.3421173095703,96.98023223876953,373.23736572265625,94.61434173583984,130.7564239501953,128.3042449951172,264.4826965332031,7365.4599609375
2026-06-24,198.77757263183594,344.260009765625,459.514404296875,413.2398986816406,235.0374755859375,389.7220153808594,144.39999389648438,155.08895874023438,95.30764770507812,364.7733154296875,92.70606994628906,131.74209594726562,133.5257110595703,263.00726318359375,7358.22021484375
2026-06-25,195.52122497558594,325.80999755859375,451.8782653808594,409.1099853515625,240.599365234375,398.4776916503906,141.8800048828125,154.12188720703125,95.72332000732422,352.1670227050781,92.07664489746094,129.8006134033203,136.5150909423828,259.9666442871094,7357.490234375
2026-06-26,192.31480407714844,332.4800109863281,451.3997497558594,411.1600036621094,237.1743621826172,394.65142822265625,145.55999755859375,151.98837280273438,98.87055206298828,372.2691955566406,89.73875427246094,133.30523681640625,139.2154998779297,263.6153869628906,7354.02001953125
2026-06-29,194.7520751953125,335.3399963378906,445.39849853515625,397.6099853515625,237.3740692138672,395.90362548828125,147.1699981689453,154.59046936035156,98.7814712524414,367.8774719238281,88.1202163696289,132.90699768066406,139.15570068359375,267.1544494628906,7440.43017578125
2026-06-30,199.86634826660156,333.2699890136719,457.3312072753906,401.4100036621094,241.5879364013672,399.9187316894531,143.10000610351562,154.2913818359375,97.31672668457031,372.319091796875,86.96127319335938,131.94122314453125,139.99273681640625,267.7027587890625,7499.35986328125
2026-07-01,197.35916137695312,340.94000244140625,478.18603515625,398.0199890136719,236.78494262695312,400.7933044433594,147.30999755859375,155.90647888183594,101.6515884399414,383.5579528808594,93.16565704345703,133.30523681640625,139.43470764160156,273.29547119140625,7483.22998046875
2026-07-02,194.61224365234375,352.4599914550781,487.63653564453125,398.2200012207031,234.27857971191406,409.5489807128906,148.92999267578125,153.7031707763672,105.25408172607422,389.7562561035156,91.24739074707031,137.24795532226562,140.08241271972656,278.6190185546875,7483.240234375
2026-07-06,195.33143615722656,356.54998779296875,505.9194030761719,396.32000732421875,236.794921875,411.0695495605469,147.64999389648438,163.0547637939453,104.3039779663086,386.0133056640625,95.9031753540039,137.0388641357422,139.6439666748047,278.41961669921875,7537.43017578125
2026-07-07,196.7098846435547,357.1000061035156,506.25836181640625,395.30999755859375,231.36282348632812,406.2196350097656,148.8000030517578,165.27801513671875,107.00584411621094,388.109375,94.48445892333984,139.03012084960938,138.82688903808594,279.2470703125,7503.85009765625
2026-07-08,203.891845703125,345.8500061035156,489.0520935058594,380.3599853515625,231.00335693359375,398.6366882324219,142.9499969482422,164.89915466308594,105.4817123413086,382.6197204589844,93.31552124023438,138.13406372070312,134.51220703125,277.1734924316406,7482.7099609375
2026-07-09,202.5533447265625,351.1600036621094,498.6022644042969,387.5799865722656,232.6509552001953,397.5633544921875,146.88999938964844,171.20999145507812,105.1650161743164,383.6377868652344,95.19381713867188,137.91502380371094,134.59193420410156,278.33990478515625,7543.64013671875
2026-07-10,210.72421264648438,353.6400146484375,505.1817321777344,394.8999938964844,233.63951110839844,399.4615783691406,148.6199951171875,168.8699951171875,106.43182373046875,384.37640380859375,94.00489044189453,138.1738739013672,136.1464080810547,278.0308532714844,7575.39013671875
2026-07-13,203.30250549316406,362.05999755859375,516.615966796875,374.489990234375,231.7622528076172,398.6366882324219,146.3300018310547,163.92999267578125,109.6087417602539,390.2553405761719,93.47537231445312,140.16514587402344,135.87734985351562,279.0177917480469,7515.33984375
2026-07-14,211.5632781982422,356.1600036621094,516.9848022460938,368.9700012207031,233.6195526123047,402.1250305175781,146.5399932861328,174.5500030517578,108.39141082763672,384.20672607421875,95.52352142333984,137.546630859375,136.0268096923828,276.1267395019531,7543.58984375
2026-07-15,212.26248168945312,363.1600036621094,525.6378173828125,374.0799865722656,233.18019104003906,401.2107238769531,148.3800048828125,162.10000610351562,108.86647033691406,394.8866271972656,97.3218994140625,133.91258239746094,135.3392791748047,273.076171875,7572.39990234375
2026-07-16,207.16818237304688,371.80999755859375,531.5493774414062,388.1099853515625,236.95468139648438,412.4112243652344,147.8000030517578,159.69000244140625,113.51803588867188,400.3463439941406,92.12659454345703,136.0531768798828,138.98631286621094,274.5914611816406,7533.77001953125
2026-07-17,202.58331298828125,365.7900085449219,526.2259521484375,380.45001220703125,236.65512084960938,408.45574951171875,145.97999572753906,163.8800048828125,113.21123504638672,393.08001708984375,90.44811248779297,139.6474151611328,136.75424194335938,275.9871520996094,7457.68994140625
2026-07-20,203.05279541015625,369.2799987792969,524.5810546875,376.4800109863281,234.86773681640625,404.0232849121094,144.94000244140625,161.16000366210938,114.01288604736328,401.53411865234375,91.59707641601562,139.88636779785156,137.64109802246094,274.6213684082031,7443.27978515625
2026-07-21,207.0583038330078,366.1499938964844,526.7244262695312,382.92999267578125,237.41400146484375,401.5088806152344,144.10000610351562,165.75999450683594,110.8062744140625,397.00262451171875,94.3345947265625,141.3599090576172,136.81402587890625,274.990234375,7509.2001953125
2026-07-22,211.82298278808594,359.0,525.1792602539062,387.1400146484375,236.74497985839844,403.6654968261719,140.0500030517578,166.5399932861328,109.59884643554688,389.6065673828125,93.4154281616211,140.22488403320312,139.45465087890625,272.3085021972656,7498.9599609375
2026-07-23,208.5266571044922,364.79998779296875,518.4901123046875,371.69000244140625,240.78909301757812,392.9718322753906,137.57000732421875,164.63999938964844,109.5196762084961,380.8630065917969,91.677001953125,141.55902099609375,154.0229034423828,272.9565124511719,7408.2998046875
2026-07-24,206.6088104248047,370.5799865722656,527.2528076171875,373.5799865722656,241.61788940429688,401.62811279296875,141.10000610351562,167.74000549316406,112.37989044189453,380.9828186035156,91.65702056884766,139.91624450683594,152.8171844482422,276.08685302734375,7411.97998046875
2026-07-27,196.2903594970703,379.7099914550781,536.3344116210938,379.94000244140625,242.76620483398438,404.9078063964844,146.86000061035156,169.8000030517578,114.29000091552734,388.368896484375,92.18653869628906,139.52793884277344,157.58026123046875,276.0170593261719,7413.18017578125
2026-07-28,196.789794921875,384.32000732421875,544.9175415039062,377.4599914550781,241.07867431640625,416.7244567871094,153.11000061035156,174.52999877929688,118.87000274658203,392.61090087890625,90.82777404785156,142.79360961914062,160.65931701660156,282.2079162597656,7428.77978515625
2026-07-29,189.79762268066406,392.8500061035156,538.6072387695312,375.67999267578125,234.9076690673828,412.2720642089844,153.00999450683594,173.22999572753906,122.12999725341797,389.8061828613281,86.18197631835938,145.0437469482422,157.9091033935547,280.13433837890625,7316.14990234375
2026-07-30,194.82199096679688,390.1199951171875,542.7643432617188,385.9100036621094,239.66073608398438,406.5277099609375,152.0800018310547,173.97999572753906,116.33000183105469,450.2524108886719,90.39816284179688,142.42523193359375,156.50408935546875,281.5898132324219,7437.6298828125
2026-07-31,200.52561950683594,382.1099853515625,544.1400146484375,380.3399963378906,241.3582763671875,407.8793640136719,151.52000427246094,178.5,116.83999633789062,463.8468017578125,87.91040802001953,141.29022216796875,156.84288024902344,278.3299255371094,7489.72021484375
2026-08-03,206.40904235839844,385.7799987792969,552.0700073242188,380.1700134277344,243.41526794433594,406.8855285644531,150.63999938964844,182.9199981689453,117.66999816894531,486.73370361328125,87.6706314086914,142.27587890625,160.7091522216797,281.52008056640625,7600.5
2026-08-04,211.70310974121094,396.5199890136719,553.5800170898438,377.9200134277344,253.68031311035156,415.76043701171875,149.9199981689453,190.4600067138672,118.66000366210938,491.884033203125,88.5498275756836,141.4296112060547,164.7747039794922,280.4433898925781,7736.52001953125
2026-08-05,218.9749755859375,394.5299987792969,561.030029296875,380.7799987792969,254.38926696777344,416.2673034667969,152.49000549316406,186.60000610351562,118.2699966430664,486.5440673828125,88.65972900390625,142.97283935546875,167.98330688476562,300.6409606933594,7723.5498046875
2026-08-06,218.7452392578125,398.2799987792969,559.8200073242188,395.8299865722656,251.0142059326172,412.1230163574219,151.63999938964844,191.47999572753906,120.12999725341797,498.9207458496094,85.94219207763672,143.87884521484375,168.10289001464844,295.48687744140625,7709.9599609375
2026-08-07,223.70968627929688,392.94000244140625,551.97998046875,395.5299987792969,253.29087829589844,413.78271484375,178.07000732421875,189.52000427246094,120.04000091552734,499.0505065917969,87.75055694580078,142.6542205810547,168.342041015625,288.6579895019531,7757.64013671875
2026-08-10,217.3068389892578,400.8800048828125,557.530029296875,406.8900146484375,252.51202392578125,408.57501220703125,184.6999969482422,198.72000122070312,121.18000030517578,505.109130859375,90.5780029296875,140.5335235595703,164.94410705566406,286.3351745605469,7753.10986328125
2026-08-11,217.25689697265625,406.1600036621094,562.97998046875,397.7200012207031,255.92701721191406,409.24090576171875,184.97999572753906,198.47000122070312,121.30000305175781,502.86334228515625,89.69879150390625,138.4725799560547,167.84381103515625,280.5430603027344,7728.2001953125
2026-08-12,223.8395233154297,409.67999267578125,565.0700073242188,396.3500061035156,258.143798828125,405.9215087890625,180.09500122070312,202.0500030517578,120.37000274658203,491.5047302246094,91.57709503173828,136.83973693847656,165.5220489501953,280.25396728515625,7748.5
2026-08-13,225.04818725585938,425.239990234375,570.6799926757812,387.3900146484375,255.84715270996094,402.1349792480469,185.1300048828125,204.99000549316406,125.4000015258789,495.9463806152344,91.33731079101562,137.20811462402344,165.85089111328125,280.0545959472656,7798.990234375
2026-08-14,224.90834045410156,417.6000061035156,569.5399780273438,388.9200134277344,254.41921997070312,401.07159423828125,184.05999755859375,207.0800018310547,122.0199966430664,494.4691467285156,91.97673034667969,137.41720581054688,164.19676208496094,281.5101013183594,7785.759765625
2026-08-17,224.7584991455078,407.6199951171875,561.6300048828125,379.30999755859375,253.80014038085938,398.7460021972656,179.2899932861328,204.1999969482422,118.54000091552734,479.44744873046875,94.24468231201172,136.11293029785156,161.5262451171875,280.2439880371094,7745.06005859375
2026-08-18,219.49440002441406,406.82000732421875,562.1199951171875,378.25,249.626220703125,393.2699890136719,183.25,204.7100067138672,119.93000030517578,480.72503662109375,90.47808837890625,138.3531036376953,159.2642822265625,279.20721435546875,7691.759765625
2026-08-19,217.31683349609375,407.0799865722656,559.780029296875,377.9599914550781,242.86607360839844,393.92999267578125,186.38999938964844,194.47999572753906,122.5,483.3999938964844,90.4581069946289,136.92933654785156,162.18389892578125,277.4526062011719,7707.97998046875
2026-08-20,216.60763549804688,412.0,547.0900268554688,372.5199890136719,238.7321014404297,391.2699890136719,185.0,192.80999755859375,122.91000366210938,481.1499938964844,89.76873016357422,136.52113342285156,161.14759826660156,281.1312561035156,7641.16015625
2026-08-21,214.48001098632812,417.1300048828125,555.5900268554688,372.5899963378906,239.201416015625,393.3900146484375,187.3000030517578,192.27000427246094,124.4800033569336,483.239990234375,93.78509521484375,135.50559997558594,161.73550415039062,283.16497802734375,7674.3701171875
2026-08-24,208.24697875976562,413.9200134277344,561.1300048828125,370.82000732421875,241.9773712158203,394.489990234375,190.2100067138672,186.86000061035156,126.01000213623047,487.30999755859375,92.96583557128906,138.3730010986328,162.05438232421875,286.92333984375,7652.85986328125
2026-08-25,212.81187438964844,412.3699951171875,560.260009765625,362.6000061035156,241.41818237304688,394.55999755859375,190.5,187.42999267578125,124.98999786376953,491.7099914550781,98.10118865966797,137.6163330078125,159.8023681640625,284.27154541015625,7677.27978515625
2026-08-26,209.4256591796875,406.92999267578125,560.280029296875,362.32000732421875,244.8431854248047,397.4800109863281,188.07000732421875,193.85000610351562,124.87999725341797,496.3699951171875,96.93224334716797,139.24916076660156,159.7126922607422,287.6212158203125,7675.7001953125
2026-08-27,227.7251739501953,403.6700134277344,555.77001953125,351.8999938964844,243.31541442871094,395.8399963378906,184.39999389648438,190.63999938964844,126.4800033569336,505.05999755859375,96.46267700195312,137.1981658935547,159.15467834472656,284.53076171875,7730.990234375
2026-08-28,217.3068389892578,407.8800048828125,559.3200073242188,354.0400085449219,235.90621948242188,391.8599853515625,189.42999267578125,187.02000427246094,127.04000091552734,513.530029296875,95.75331115722656,137.94488525390625,156.92259216308594,284.7699890136719,7711.759765625
2026-08-31,220.53323364257812,404.29998779296875,553.1099853515625,346.8999938964844,234.82777404785156,386.30999755859375,183.22000122070312,185.2899932861328,127.33999633789062,507.2900085449219,97.2020034790039,136.77999877929688,154.7004852294922,281.8599853515625,7686.14013671875
2026-09-01,217.1969757080078,404.80999755859375,542.6400146484375,340.82000732421875,230.9833984375,381.20001220703125,182.5449981689453,183.16000366210938,125.63999938964844,501.0199890136719,90.38999938964844,137.1300048828125,151.2826385498047,280.7799987792969,7631.47021484375
2026-09-02,224.1591796875,416.3999938964844,551.8499755859375,336.5,232.8506622314453,380.5899963378906,183.25999450683594,180.77000427246094,124.0,496.82000732421875,89.12000274658203,137.2100067138672,154.52113342285156,284.07000732421875,7666.60009765625
2026-09-03,228.1946563720703,419.67999267578125,565.0800170898438,344.20001220703125,233.85919189453125,384.19000244140625,185.25,185.3800048828125,125.08000183105469,510.1199951171875,92.94999694824219,140.0,155.0093994140625,287.7099914550781,7747.7099609375
2026-09-04,230.10252380371094,416.3699951171875,560.5599975585938,351.20001220703125,237.3740692138672,383.0,181.94000244140625,185.58999633789062,121.70999908447266,499.70001220703125,92.62000274658203,138.3699951171875,156.56387329101562,285.739990234375,7718.60009765625
2026-09-08,225.47769165039062,407.04998779296875,556.6699829101562,347.2300109863281,237.41400146484375,379.8800048828125,174.5399932861328,189.1300048828125,116.93000030517578,493.95001220703125,90.97000122070312,135.66000366210938,155.49766540527344,281.010009765625,7673.52001953125
2026-09-09,223.4199981689453,406.0899963378906,551.8800048828125,335.6099853515625,235.9261932373047,377.4200134277344,169.6300048828125,184.74000549316406,114.75,491.6499938964844,90.27999877929688,136.55999755859375,151.1929473876953,280.44000244140625,7636.35986328125
2026-09-10,218.36000061035156,408.4700012207031,553.530029296875,336.6700134277344,233.89913940429688,374.8299865722656,167.64999389648438,183.60000610351562,115.18000030517578,492.44000244140625,89.41999816894531,136.8000030517578,150.73458862304688,280.9700012207031,7591.7001953125
2026-09-11,218.2899932861328,408.2200012207031,557.6099853515625,339.0899963378906,241.51803588867188,375.44000244140625,170.19000244140625,199.27999877929688,115.80000305175781,495.6300048828125,91.37000274658203,136.36000061035156,152.80722045898438,282.4599914550781,7656.97998046875
2026-09-14,210.9600067138672,412.55999755859375,558.5399780273438,341.42999267578125,233.3099822998047,377.7799987792969,170.64999389648438,188.27999877929688,118.51000213623047,505.4100036621094,90.75,137.58999633789062,154.83999633789062,283.2699890136719,7619.97998046875
2026-09-15,212.1699981689453,407.75,559.3400268554688,335.2300109863281,234.4499969482422,374.82000732421875,168.32000732421875,189.92999267578125,118.30000305175781,497.1199951171875,88.80000305175781,136.02999877929688,154.60000610351562,286.1099853515625,7585.72998046875
2026-09-16,213.89999389648438,402.2699890136719,540.8599853515625,338.3599853515625,232.19000244140625,372.9800109863281,167.50999450683594,191.49000549316406,116.72000122070312,490.29998779296875,86.73999786376953,134.94000244140625,152.80999755859375,283.55999755859375,7551.81005859375
2026-09-17,219.33999633789062,404.260009765625,545.7000122070312,333.0799865722656,234.32000732421875,371.6199951171875,165.92999267578125,196.9199981689453,116.51000213623047,497.75,88.37999725341797,133.13999938964844,153.6300048828125,283.80999755859375,7637.759765625
2026-09-18,222.27000427246094,397.760009765625,544.3300170898438,335.1000061035156,237.63999938964844,372.1499938964844,166.22000122070312,197.7899932861328,116.13999938964844,493.7799987792969,90.69000244140625,131.88999938964844,152.27999877929688,282.2300109863281,7650.5
2026-09-21,227.3800048828125,397.2200012207031,535.719970703125,339.82000732421875,241.22999572753906,369.75,166.83999633789062,198.14999389648438,115.01000213623047,501.6099853515625,93.20999908447266,130.72999572753906,151.36000061035156,277.3800048828125,7764.7001953125
2026-09-22,228.8699951171875,392.95,512.37,346.06,245.41,371.8,161.81,192.91,114.53,498.0,91.88,128.73,153.95,271.08,7764.64
2026-09-23,225.50999450683594,395.1600036621094,502.7900085449219,337.4700012207031,246.4499969482422,370.25,149.5800018310547,196.3300018310547,104.48999786376953,500.5899963378906,91.55999755859375,126.58999633789062,154.08999633789062,266.9700012207031,7706.02978515625
2026-09-24,224.5800018310547,400.32000732421875,485.1499938964844,351.8599853515625,247.74000549316406,367.7099914550781,151.38999938964844,197.24000549316406,101.58999633789062,497.92999267578125,89.81999969482422,125.69000244140625,152.47999572753906,261.8599853515625,7704.1298828125
