Date,S&P500_Price,Breadth_Index_Raw,Breadth_Index_200MA,Breadth_Index_8MA,Breadth_200MA_Trend,Bearish_Signal,Is_Peak,Is_Trough,Is_Trough_8MA_Below_04,Breadth_50_Index_Raw,Breadth_50_Index_50MA,Breadth_50_Index_8MA,Breadth_50_MA_Trend,Bearish_Signal_50,Is_Peak_50,Is_Trough_50
2016-09-27,184.1,0.7524950099800399,0.7524950099800399,0.7524950099800399,0,False,False,False,False,0.5149700598802395,0.5149700598802395,0.5149700598802395,0,False,False,False
2016-09-28,185.01,0.7724550898203593,0.7526936177396452,0.7569305832778886,0,False,False,False,False,0.5508982035928144,0.5163790066924974,0.5229540918163672,1,False,False,False
2016-09-29,183.34,0.7504990019960079,0.7526717807670716,0.7555013429930262,0,False,False,False,False,0.4311377245508982,0.5130362113143955,0.502550454646263,-1,True,False,False
2016-09-30,184.72,0.7664670658682635,0.7528090472854916,0.7579381702986345,0,False,False,False,False,0.5109780439121756,0.5129554988672497,0.5044232522609102,-1,True,False,False
2016-10-03,184.28,0.7504990019960079,0.7527860617602231,0.7562850217869397,0,False,False,False,False,0.4930139720558882,0.5121734782079806,0.5018878566597942,-1,True,False,False
2016-10-04,183.34,0.7065868263473054,0.7523263678755174,0.7452409783559097,0,False,False,False,False,0.437125748502994,0.5092304299842557,0.4874962770693942,-1,True,False,False
2016-10-05,184.15,0.716566866267465,0.751970551939119,0.7388689534473665,0,False,False,False,False,0.47904191616766467,0.5080465666973306,0.48561753020234316,-1,True,False,False
2016-10-06,184.28,0.716566866267465,0.7516182764597991,0.7339129340740551,0,False,False,False,False,0.48502994011976047,0.5071439538903671,0.48548695462843594,-1,True,False,False
2016-10-07,183.65,0.6906187624750499,0.7510113161216424,0.724292007052054,0,False,False,False,False,0.4351297405189621,0.5043198670914885,0.4742964626041084,-1,True,False,False
2016-10-10,184.6,0.7045908183632734,0.7505494206215592,0.7199139651212139,0,False,False,False,False,0.4630738522954092,0.5027023763151717,0.4718025492021753,-1,True,False,False
2016-10-11,182.27,0.6526946107784432,0.7495757409216277,0.7049763308228203,0,False,False,False,False,0.3373253493013972,0.49621700270678837,0.4419187270020024,-1,True,False,False
2016-10-12,182.51,0.6746506986027944,0.7488302181124852,0.6982373014405924,0,False,False,False,False,0.32934131736526945,0.4896728581835916,0.4169015248605062,-1,True,False,False
2016-10-13,181.91,0.6826347305389222,0.748171556544589,0.6947700634624434,0,False,False,False,False,0.29141716566866266,0.48189812514379043,0.3890161117067632,-1,True,False,False
2016-10-14,182.01,0.6626746506986028,0.7473208410635345,0.6876377495149233,0,False,False,False,False,0.28542914171656686,0.4741934591270366,0.3659967850422751,-1,True,False,False
2016-10-17,181.38,0.6526946107784432,0.7463792865333345,0.6798726075734833,0,False,False,False,False,0.2774451097804391,0.4664778375840328,0.3463186349840893,-1,True,False,False
2016-10-18,182.51,0.6746506986027944,0.7456655692404933,0.6787121833577747,0,False,False,False,False,0.31736526946107785,0.46063028589293653,0.3398845537567534,-1,True,False,False
2016-10-19,183.0,0.6746506986027944,0.7449589536122576,0.6778096311900014,0,False,False,False,False,0.35129740518962077,0.4563427219437869,0.3424207429640573,-1,True,False,False
2016-10-20,182.66,0.6626746506986028,0.7441402043295348,0.6744463021919127,0,False,False,False,False,0.34331337325349304,0.45191019846573616,0.3426191052505985,-1,True,False,False
2016-10-21,182.74,0.656686626746507,0.7432700194779625,0.6704997076484892,0,False,False,False,False,0.32934131736526945,0.4471035756774826,0.3396684857205254,-1,True,False,False
2016-10-24,183.52,0.6786427145708582,0.7426269617176928,0.672309264742349,0,False,False,False,False,0.3712574850299401,0.44412921918150056,0.3466882633448397,-1,True,False,False
2016-10-25,182.91,0.6526946107784432,0.7417321124546157,0.6679504527503699,0,False,False,False,False,0.3473053892215569,0.44033220624189495,0.34682540242855464,-1,True,False,False
2016-10-26,182.54,0.6367265469061876,0.7406872809566214,0.6610118070072182,-1,True,False,False,False,0.3393213572854291,0.4363709964788963,0.3451578368411934,-1,True,False,False
2016-10-27,182.05,0.5988023952095808,0.7392754910486906,0.6471874932744098,-1,True,False,False,False,0.2994011976047904,0.43099963181716666,0.33498969478865936,-1,True,False,False
2016-10-28,181.51,0.6107784431137725,0.7379969134572985,0.6390965932387127,-1,True,False,False,False,0.3273453093812375,0.4269347564275224,0.33329094247589897,-1,True,False,False
2016-10-31,181.52,0.6367265469061876,0.7369892481184814,0.6385699162759293,-1,True,False,False,False,0.3992015968063872,0.42584718154041906,0.3479377545493408,-1,True,False,False
2016-11-01,180.21,0.5868263473053892,0.7354950899014358,0.627071345393587,-1,True,False,False,False,0.3073852295409182,0.42120161479534063,0.33892608232524685,-1,True,False,False
2016-11-02,179.12,0.5508982035928144,0.7336583049630415,0.6101439805489709,-1,True,False,False,False,0.2654690618762475,0.415094455857337,0.322602300003247,-1,True,False,False
2016-11-03,178.3,0.5489021956087824,0.7318199357157356,0.5965346950067067,-1,True,False,False,False,0.2634730538922156,0.4091485185253715,0.3094624675341289,-1,True,False,False
2016-11-04,178.11,0.5469061876247505,0.7299799979237855,0.5855061378107165,-1,True,False,False,False,0.26147704590818366,0.403357480383521,0.2987990405061411,-1,True,False,True
2016-11-07,182.03,0.6087824351297405,0.7287740520253374,0.5906786483260551,-1,True,False,False,False,0.4231536926147705,0.40413380243180524,0.32643340764139206,-1,True,False,False
2016-11-08,182.85,0.6227544910179641,0.727719131020289,0.5978066133687016,-1,True,False,False,False,0.48303393213572854,0.4072279251652925,0.36123352419568905,1,False,False,False
2016-11-09,184.79,0.6307385229540918,0.726754149845501,0.6051248154987883,-1,True,False,False,False,0.5149700598802395,0.4114531069188198,0.3953971987922558,1,False,False,False
2016-11-10,185.25,0.6127744510978044,0.7256200234898026,0.6068247345207919,-1,True,False,False,False,0.5369261477045908,0.4163736183221834,0.4268480763283302,1,False,False,False
2016-11-11,184.83,0.6147704590818364,0.7245170427494249,0.6085904510899129,-1,True,False,False,False,0.5289421157684631,0.42078806920242967,0.4495356406483597,1,False,False,False
2016-11-14,184.97,0.6147704590818364,0.7234250369417873,0.6099637861992293,-1,True,False,False,False,0.5469061876247505,0.42573387776801086,0.47117353997644656,1,False,False,False
2016-11-15,186.42,0.6287425149700598,0.7224829222953025,0.6141368370371916,-1,True,False,False,False,0.5668662674650699,0.43126848128554257,0.492438590529474,1,False,False,False
2016-11-16,186.07,0.6227544910179641,0.7214905995960256,0.616051871255141,-1,True,False,False,False,0.562874251497006,0.4364294918820706,0.50809095963337,1,False,False,False
2016-11-17,187.02,0.6467065868263473,0.7207464800659791,0.6228640302709647,-1,True,False,False,False,0.5868263473053892,0.44232740778102425,0.5255877124493743,1,False,False,False
2016-11-18,186.6,0.6447105788423154,0.7199899039344004,0.6277188188423759,-1,True,False,False,False,0.5808383233532934,0.44775920839170147,0.5378656259835786,1,False,False,False
2016-11-21,188.01,0.6666666666666666,0.7194593244590995,0.6363738961366627,-1,True,False,False,False,0.6147704590818364,0.45430866920307933,0.5549555888943025,1,False,False,False
2016-11-22,188.38,0.6646706586826348,0.7189141636056025,0.6426620655913232,-1,True,False,False,False,0.6287425149700598,0.46114921217433347,0.5713526835778041,1,False,False,False
2016-11-23,188.48,0.6646706586826348,0.7183744272382098,0.647552864056059,-1,True,False,False,False,0.624750499001996,0.4675649489126732,0.5832188647831801,1,False,False,False
2016-11-25,189.18,0.6846307385229541,0.7180386691415407,0.6557923917153691,-1,True,False,False,False,0.6646706586826348,0.47529458458992657,0.6013192634275033,1,False,False,False
2016-11-28,188.29,0.6666666666666666,0.7175275049378106,0.6582088972601019,-1,True,False,False,False,0.6447105788423154,0.48193834907041244,0.6109617779641282,1,False,False,False
2016-11-29,188.66,0.6706586826347305,0.717061148496984,0.6609755162322416,-1,True,False,False,False,0.654690618762475,0.48871294788186587,0.6206792981415385,1,False,False,False
2016-11-30,188.21,0.6307385229540918,0.7162022168995423,0.6542561843926528,-1,True,False,False,False,0.5988023952095808,0.49303018111040375,0.615817764156659,1,False,False,False
2016-12-01,187.52,0.6047904191616766,0.7150936417976731,0.6432637921191026,-1,True,False,False,False,0.5429141716566867,0.4949864160337874,0.5996169658233319,1,False,False,False
2016-12-02,187.61,0.6007984031936128,0.7139563757419114,0.6338270390245493,-1,True,False,False,False,0.5588822355289421,0.4974921344453621,0.5905648035356897,1,False,False,False
2016-12-05,188.74,0.6207584830339321,0.7130290335259116,0.6309229154710788,-1,True,False,False,False,0.590818363273453,0.5011519865562677,0.5906211501440816,1,False,False,False
2016-12-06,189.34,0.6347305389221557,0.7122499440273669,0.6317690540157626,-1,True,False,False,False,0.6207584830339321,0.5058424373985291,0.597318335230715,1,False,False,False
2016-12-07,191.81,0.6626746506986028,0.7117566575265831,0.6386369643897271,-1,True,False,False,False,0.6586826347305389,0.5118361706272354,0.6109548462306759,1,False,False,False
2016-12-08,192.28,0.6806387225548902,0.711447026332835,0.64797068842643,-1,True,False,False,False,0.688622754491018,0.5187689778375798,0.6282143813996408,1,False,False,False
2016-12-09,193.44,0.6826347305389222,0.7111603368224477,0.6556738088958728,-1,True,False,False,False,0.7125748502994012,0.5263692081302003,0.6469611522662543,1,False,False,False
2016-12-12,193.22,0.688622754491018,0.7109360822718863,0.662995796805905,-1,True,False,False,False,0.7325349301397206,0.5344541384050834,0.6659775473492469,1,False,False,False
2016-12-13,194.51,0.7085828343313373,0.7109126668694928,0.6731262495893344,-1,True,False,False,False,0.7644710578842315,0.5434744097572068,0.687864994134799,1,False,False,False
2016-12-14,192.91,0.6786427145708582,0.7105915728167701,0.6743521306963397,-1,True,False,False,False,0.6966067864271457,0.5494796009991653,0.6898076146442093,1,False,False,False
2016-12-15,193.7,0.6786427145708582,0.7102736737297461,0.675305593779566,-1,True,False,False,False,0.7045908183632734,0.5555623938369735,0.6930927710262235,1,False,False,False
2016-12-16,193.33,0.6806387225548902,0.709978798593678,0.6764907335074157,-1,True,False,False,False,0.7085828343313373,0.5615631954249878,0.6965350073162488,1,False,False,False
2016-12-19,193.75,0.6786427145708582,0.7096669967626051,0.676968951521514,-1,True,False,False,False,0.718562874251497,0.567720045575047,0.7014300888574151,1,False,False,False
2016-12-20,194.49,0.688622754491018,0.7094576013171168,0.6795586855147371,-1,True,False,False,False,0.7305389221556886,0.5741050995586016,0.7078987184792537,1,False,False,False
2016-12-21,193.95,0.6726546906187625,0.7090914032007153,0.6780244644267428,-1,True,False,False,False,0.7325349301397206,0.5803180340911944,0.7133734321815797,1,False,False,False
2016-12-22,193.62,0.6606786427145709,0.708609684190903,0.6741698373795935,-1,True,False,False,False,0.7005988023952096,0.5850349269658617,0.7105346255623863,1,False,False,False
2016-12-23,193.9,0.6626746506986028,0.7081526191810293,0.6716153514504843,-1,True,False,False,False,0.7285429141716567,0.5906626911700106,0.7145364674755575,1,False,False,False
2016-12-27,194.38,0.6646706586826348,0.7077199628576623,0.6700720863909623,-1,True,False,False,False,0.7465069860279441,0.5967742321448315,0.7216410271538657,1,False,False,False
2016-12-28,192.78,0.6447105788423154,0.7070930038127335,0.6644361958245963,-1,True,False,False,False,0.6686626746506986,0.5995933867529047,0.7098680599309396,1,False,False,False
2016-12-29,192.73,0.6586826347305389,0.7066113085979854,0.6631576266925836,-1,True,False,False,False,0.688622754491018,0.6030847345073406,0.7051468809442905,1,False,False,False
2016-12-30,192.03,0.6367265469061876,0.7059159378348829,0.6572840534067179,-1,True,False,False,False,0.6526946107784432,0.6050302198513053,0.6934908209074355,1,False,False,False
2017-01-03,193.5,0.6646706586826348,0.7055055370472983,0.6589255212458106,-1,True,False,False,False,0.720558882235529,0.6095607556310789,0.6995059456470119,1,False,False,False
2017-01-04,194.65,0.6926147704590818,0.7053772707130872,0.666412021070982,-1,True,False,False,False,0.7884231536926147,0.6165749673197666,0.7192653252127014,1,False,False,False
2017-01-05,194.49,0.6946107784431138,0.705270141436769,0.6726784115981224,-1,True,False,False,False,0.7984031936127745,0.6237054859979237,0.7368515181904954,1,False,False,False
2017-01-06,195.19,0.7005988023952096,0.7052236604512809,0.678882942886364,-1,True,False,False,False,0.7884231536926147,0.6301650023781077,0.7483118816354108,1,False,False,False
2017-01-09,194.54,0.6826347305389222,0.7049988949795162,0.6797166734758213,-1,True,False,False,False,0.7564870259481038,0.63511880722399,0.7501285803715648,1,False,False,False
2017-01-10,194.54,0.6946107784431138,0.7048955306358704,0.683026474579664,-1,True,False,False,False,0.7485029940119761,0.6395652459215581,0.7497673389583228,1,False,False,False
2017-01-11,195.09,0.7025948103792415,0.7048726378969985,0.6873749936462368,-1,True,False,False,False,0.7704590818363274,0.6446983375260589,0.7543655040423238,1,False,False,False
2017-01-12,194.61,0.6946107784431138,0.704770529842731,0.6889829458233205,-1,True,False,False,False,0.7504990019960079,0.6488473831915471,0.7535062813653648,1,False,False,False
2017-01-13,195.05,0.7025948103792415,0.7047488808928456,0.6920078046135252,-1,True,False,False,False,0.7704590818363274,0.6536164694129111,0.7572735703589121,1,False,False,False
2017-01-17,194.36,0.7145708582834331,0.70484661201116,0.6970218165401714,-1,True,False,False,False,0.7345309381237525,0.6567895858329441,0.7522196520844322,1,False,False,False
2017-01-18,194.79,0.7145708582834331,0.7049433706805358,0.7009216035942296,-1,True,False,False,False,0.7524950099800399,0.6605427397210655,0.7522808427279006,1,False,False,False
2017-01-19,194.07,0.6966067864271457,0.7048604195934374,0.6999627553348776,-1,True,False,False,False,0.688622754491018,0.6616439167708675,0.7381346008974823,1,False,False,False
2017-01-20,194.79,0.6986027944111777,0.7047981546662507,0.6996605417962777,-1,True,False,False,False,0.7105788423153693,0.6635629334588873,0.7320110989903461,1,False,False,False
2017-01-23,194.28,0.6906187624750499,0.7046570661867363,0.6976512575026715,-1,True,False,True,False,0.6686626746506986,0.6637629233095466,0.7179336713593133,1,False,False,False
2017-01-24,195.52,0.7145708582834331,0.704755710884216,0.7014111687872853,-1,True,False,False,False,0.7365269461077845,0.6666164143996736,0.7220655101923069,1,False,False,False
2017-01-25,197.22,0.7225548902195609,0.7049328171462592,0.7061097735500131,-1,False,False,False,False,0.7624750499001997,0.6703755765761648,0.7310454079051719,1,False,False,False
2017-01-26,197.01,0.7225548902195609,0.7051081611569389,0.7097642439210237,-1,False,False,False,False,0.7365269461077845,0.6729697479303459,0.7322635275057525,1,False,False,False
2017-01-27,196.7,0.7065868263473054,0.7051228742434101,0.7090581511268641,-1,False,False,False,False,0.7065868263473054,0.674288064731011,0.7265575939149864,1,False,False,False
2017-01-30,195.48,0.7025948103792415,0.70509771937909,0.707621853182948,-1,False,False,False,False,0.6506986027944112,0.6733629877923207,0.7097000403326363,1,False,False,False
2017-01-31,195.46,0.716566866267465,0.705211840243651,0.7096096338683962,-1,False,False,False,False,0.6487025948103793,0.6723959135577349,0.6961450524388014,1,False,False,False
2017-02-01,195.54,0.6986027944111777,0.7051460785935767,0.7071636695445699,-1,False,False,False,False,0.5988023952095808,0.6695098932303563,0.6745133508323079,-1,False,False,False
2017-02-02,195.67,0.716566866267465,0.7052597182719239,0.7092532688163244,-1,False,False,False,False,0.6047904191616766,0.6669718746394276,0.659019366016612,-1,True,False,False
2017-02-03,197.02,0.7265469061876247,0.7054715310870056,0.7130962993432801,-1,False,False,False,False,0.6826347305389222,0.6675861042825451,0.6642672247993476,-1,True,False,False
2017-02-06,196.67,0.7145708582834331,0.7055620716561243,0.7134239791077586,-1,False,False,False,False,0.656686626746507,0.6671586737909357,0.662582647454272,-1,True,False,False
2017-02-07,196.68,0.7225548902195609,0.7057311544278998,0.7154530704659369,-1,False,False,False,False,0.6606786427145709,0.666904554925196,0.6621595352898939,-1,True,False,False
2017-02-08,196.93,0.7345309381237525,0.7060177194397989,0.7196925966121182,-1,False,False,False,False,0.6646706586826348,0.6668169511509778,0.662717562710503,-1,True,False,False
2017-02-09,198.1,0.7604790419161677,0.7065596231460314,0.7287562511241292,-1,False,False,False,False,0.7145708582834331,0.6686896533914662,0.6742405172822652,1,False,False,False
2017-02-10,198.88,0.7724550898203593,0.7072152994313481,0.7384671041677359,-1,False,False,False,False,0.7465069860279441,0.6717413134948576,0.6902997325590827,1,False,False,False
2017-02-13,199.97,0.7844311377245509,0.7079836162302855,0.7486813338470281,-1,False,False,False,False,0.780439121756487,0.6760039726423724,0.7103307079362837,1,False,False,False
2017-02-14,200.76,0.782435129740519,0.7087244273099894,0.7561821773789149,-1,False,False,False,False,0.7744510978043913,0.6798646442173536,0.7245796834625298,1,False,False,False
2017-02-15,201.81,0.7964071856287425,0.7095968925668925,0.7651210681010988,-1,False,False,False,False,0.782435129740519,0.6838870161986542,0.7374364493020829,1,False,False,False
2017-02-16,201.64,0.7964071856287425,0.7104606765774583,0.7720735386627975,-1,False,False,False,False,0.7764471057884231,0.6875168236335472,0.7461054840768251,1,False,False,False
2017-02-17,201.96,0.7924151696606786,0.7112761441703261,0.7765939011067711,-1,False,False,False,False,0.7684630738522954,0.6906911863872236,0.751073837360263,1,False,False,False
2017-02-21,203.16,0.8203592814371258,0.7123615485212396,0.7863195411801833,1,False,False,False,False,0.7924151696606786,0.694680362201869,0.7602608000936887,1,False,False,False
2017-02-22,202.98,0.8043912175648703,0.7132772666211762,0.7903354692656693,1,False,False,False,False,0.7744510978043913,0.6978086263431443,0.7634141995849559,1,False,False,False
2017-02-23,203.12,0.8063872255489022,0.7142037338741883,0.7939025262174989,1,False,False,False,False,0.7784431137724551,0.7009707631050781,0.7667539582932891,1,False,False,False
2017-02-24,203.38,0.8243512974051896,0.7152997295312133,0.8006689198147635,1,False,False,False,False,0.782435129740519,0.7041654441496052,0.7702386630593402,1,False,False,False
2017-02-27,203.69,0.8223552894211577,0.7163649589828547,0.805488113060629,1,False,False,False,False,0.7864271457085829,0.7073913932303495,0.7738361036480608,1,False,False,False
2017-02-28,203.14,0.8203592814371258,0.7173997283605091,0.8087928171442949,1,False,False,False,False,0.7604790419161677,0.709473261806264,0.7708678677076402,1,False,False,False
2017-03-01,205.99,0.8323353293413174,0.7185433661812137,0.814024486521411,1,False,False,False,False,0.7924151696606786,0.7127258856436921,0.7756561570305376,1,False,False,False
2017-03-02,204.69,0.8243512974051896,0.7195961814172732,0.8163193333844729,1,False,False,False,False,0.7644710578842315,0.7147551080844976,0.7731705794424696,1,False,False,False
2017-03-03,204.82,0.8243512974051896,0.7206385208798396,0.8181042142779655,1,False,False,False,False,0.7664670658682635,0.7167830279975864,0.7716809097593127,1,False,False,False
2017-03-06,204.21,0.812375249500998,0.7215513241497019,0.816831110994195,1,False,False,False,False,0.7465069860279441,0.7179486734105417,0.7660867044856752,1,False,False,False
2017-03-07,203.6,0.8023952095808383,0.722355740920161,0.813623132902338,1,False,False,False,False,0.7285429141716567,0.7183641338325463,0.7577436399714489,1,False,True,False
2017-03-08,203.22,0.7724550898203593,0.7228542419042426,0.8044746788841205,1,False,False,False,False,0.7065868263473054,0.7179022786370467,0.7463754591660836,1,False,False,False
2017-03-09,203.48,0.7764471057884231,0.7233875042314484,0.7982463293072988,1,False,False,False,False,0.6786427145708582,0.7163626878893531,0.7313237381449224,-1,False,False,False
2017-03-10,204.19,0.7764471057884231,0.7239154604658461,0.7934020574142153,1,False,False,False,False,0.6906187624750499,0.7153531221868314,0.7222781879960618,-1,False,False,False
2017-03-13,204.3,0.7864271457085829,0.7245374672841818,0.7918520770351859,1,False,False,False,False,0.6926147704590818,0.7144614221190766,0.7156863174322885,-1,False,False,False
2017-03-14,203.51,0.780439121756487,0.7250937026520655,0.7893158647510305,1,False,False,False,False,0.6766467065868264,0.7129784920982041,0.7070108483555191,-1,True,False,False
2017-03-15,205.27,0.8003992015968064,0.725843011099277,0.7917788284945363,1,False,False,False,False,0.7265469061876247,0.7135105867683774,0.7113521945404315,-1,True,False,False
2017-03-16,204.87,0.7964071856287425,0.7265451421891225,0.7928073523021377,1,False,False,False,False,0.7145708582834331,0.7135521660434776,0.7120674531499875,-1,True,False,False
2017-03-17,204.51,0.8043912175648703,0.7273197300038066,0.795381544582745,1,False,False,False,False,0.7105788423153693,0.7134355651129636,0.7117366507422946,-1,True,False,False
2017-03-20,204.29,0.7964071856287425,0.728007167373209,0.7956094648151889,1,False,False,False,False,0.6966067864271457,0.7127756130076374,0.7083744586722615,-1,True,False,False
2017-03-21,201.67,0.7644710578842315,0.7283699921544132,0.7886898188305317,1,False,False,False,False,0.5588822355289421,0.7067405785967081,0.6751539646404128,-1,True,False,False
2017-03-22,202.14,0.7724550898203593,0.7288086498426316,0.7850821012727156,1,False,False,False,False,0.5988023952095808,0.702507708659958,0.658186949211339,-1,True,False,False
2017-03-23,201.93,0.7844311377245509,0.7293621074334965,0.7849374427064567,1,False,False,False,False,0.5828343313373253,0.6978146350394626,0.6414419230171138,-1,True,False,False
2017-03-24,201.78,0.7844311377245509,0.7299100579836563,0.7848249304882554,1,False,False,False,False,0.5708582834331337,0.6928359545843125,0.6257566697762293,-1,True,False,False
2017-03-27,201.57,0.7744510978043913,0.7303532524097333,0.7825196343362856,1,False,False,False,False,0.5449101796407185,0.6870349438022108,0.6077907830794491,-1,True,False,False
2017-03-28,203.04,0.7904191616766467,0.7309509231487076,0.7842750848563658,1,False,False,False,False,0.5888223552894212,0.6831834697428857,0.6035755769038874,-1,True,False,False
2017-03-29,203.23,0.7984031936127745,0.7316220900189968,0.7874146645800122,1,False,False,False,False,0.6007984031936128,0.6799526828193848,0.6029584271904931,-1,True,False,False
2017-03-30,203.88,0.7944111776447106,0.7322468570600488,0.7889694452610563,1,False,False,False,False,0.6227544910179641,0.6777096164742311,0.6073575524854866,-1,True,False,False
2017-03-31,203.4,0.7924151696606786,0.732845546737667,0.7897351617943057,1,False,False,False,False,0.6087824351297405,0.6750065897548394,0.6076741930730987,-1,True,False,False
2017-04-03,203.05,0.7864271457085829,0.7333786969761836,0.7890000471085895,1,False,False,False,False,0.5808383233532934,0.671313716562622,0.6017106664686975,-1,True,False,False
2017-04-04,203.18,0.7844311377245509,0.733886681461242,0.7879847339121364,1,False,False,False,False,0.5808383233532934,0.667765661926962,0.5970723679986077,-1,True,False,False
2017-04-05,202.57,0.7764471057884231,0.7343101682704677,0.7854208165513112,1,False,False,False,False,0.5469061876247505,0.6630260746994243,0.5859243279155284,-1,True,False,False
2017-04-06,203.14,0.7844311377245509,0.7348088843844387,0.7852008879231422,1,False,False,False,False,0.5688622754491018,0.6593333766896077,0.5821327607007669,-1,True,False,False
2017-04-07,202.94,0.780439121756487,0.735262916597096,0.7841427176638855,1,False,False,False,False,0.5528942115768463,0.6551592917832249,0.5756353053398957,-1,True,False,False
2017-04-10,203.06,0.782435129740519,0.7357322918522545,0.7837632536809152,1,False,False,False,False,0.562874251497006,0.65154027059553,0.5727995155970314,-1,True,False,False
2017-04-11,202.81,0.782435129740519,0.7361969967068642,0.7834681150274938,1,False,False,False,False,0.5608782435129741,0.6479848969844494,0.5701503440227964,-1,True,False,False
2017-04-12,201.93,0.7784431137724551,0.7366173560806512,0.7823514480819297,1,False,False,False,False,0.47904191616766467,0.6413596820504578,0.5499040267216561,-1,True,False,False
2017-04-13,200.61,0.7504990019960079,0.7367554819106547,0.7752731267295025,1,False,False,False,False,0.3992015968063872,0.6318632865506904,0.5164145978515964,-1,True,False,False
2017-04-17,202.39,0.7664670658682635,0.7370511195619742,0.773316224315894,1,False,False,False,False,0.500998003992016,0.6267313146856444,0.512988688105023,-1,True,False,False
2017-04-18,201.79,0.7544910179640718,0.7372246508893584,0.7691328451266002,1,False,False,False,False,0.47904191616766467,0.6209395735672922,0.5054449610078322,-1,True,False,False
2017-04-19,201.42,0.7584830339321357,0.7374361770887891,0.7667662204167192,1,False,False,False,False,0.47305389221556887,0.615140135082911,0.4982469457206626,-1,True,False,False
2017-04-20,203.06,0.7724550898203593,0.7377846239816406,0.7680304136175281,1,False,False,False,False,0.5528942115768463,0.61269911847483,0.5103907825775923,-1,True,False,False
2017-04-21,202.41,0.7704590818363274,0.7381097429652693,0.7685701176661501,1,False,False,False,False,0.5249500998003992,0.6092579804875975,0.5136261864048827,-1,True,False,False
2017-04-24,204.64,0.782435129740519,0.7385507915898988,0.7716512314604543,1,False,False,False,False,0.6027944111776448,0.6090045071813248,0.5334413474654964,-1,True,False,False
2017-04-25,205.83,0.7944111776447106,0.7391066163267627,0.7767089972791779,1,False,False,False,False,0.624750499001996,0.6096219970566453,0.553732270029163,-1,True,False,False
2017-04-26,205.7,0.7904191616766467,0.7396171889173088,0.7797557004786154,1,False,False,False,False,0.6207584830339321,0.6100587219969311,0.5686269840302228,-1,True,False,False
2017-04-27,205.87,0.7844311377245509,0.7400630988556893,0.7807946865332677,1,False,False,False,False,0.6367265469061876,0.6111045190521961,0.5837602202248817,1,False,False,False
2017-04-28,205.42,0.780439121756487,0.7404648503273391,0.7807156721384275,1,False,False,False,False,0.5968063872255489,0.6105438080001707,0.5866593684472522,1,False,False,False
2017-05-01,205.94,0.7704590818363274,0.7407633003921053,0.7784364298490719,1,False,False,False,False,0.5788423153692615,0.6093006122107233,0.5849222455410321,-1,True,False,False
2017-05-02,206.02,0.7704590818363274,0.7410587808044856,0.7766636858462398,1,False,False,False,False,0.590818363273453,0.6085758181347519,0.5862324939260145,-1,True,False,False
2017-05-03,205.77,0.7564870259481038,0.7412122956815366,0.772179983646654,1,False,False,False,False,0.5588822355289421,0.606627050189426,0.580154658726665,-1,True,False,False
2017-05-04,206.01,0.7425149700598802,0.7412252576156495,0.7655877584051487,1,False,False,False,False,0.5848303393213573,0.6057722772142077,0.5811936988588189,-1,True,False,False
2017-05-05,206.82,0.7664670658682635,0.7414764198868198,0.7657831600636187,1,False,False,False,False,0.626746506986028,0.606594796028789,0.5913165451093099,-1,True,False,False
2017-05-08,206.78,0.7684630738522954,0.7417449438068744,0.7663786964611023,1,False,False,False,False,0.5868263473053892,0.6058195627455184,0.5903187233751053,-1,True,False,False
2017-05-09,206.59,0.7644710578842315,0.7419710742952063,0.7659547767773532,1,False,False,False,False,0.5888223552894212,0.6051530055903773,0.5899861971338421,-1,True,False,False
2017-05-10,206.96,0.7644710578842315,0.7421949547289279,0.7656250614677707,1,False,False,False,False,0.6047904191616766,0.6051387865147421,0.5932760242511388,-1,True,False,False
2017-05-11,206.54,0.7644710578842315,0.7424166074966424,0.7653686162269842,1,False,False,False,False,0.6007984031936128,0.6049685754041095,0.5949476640161331,-1,True,False,False
2017-05-12,206.2,0.7524950099800399,0.7425168901084175,0.7625078148387744,1,False,False,False,False,0.5708582834331337,0.6036309168954438,0.5895944683310221,-1,True,False,False
2017-05-15,207.34,0.7644710578842315,0.7427353395390226,0.7629440910710982,1,False,False,False,False,0.6227544910179641,0.6043808609786799,0.5969633622614536,-1,True,False,False
2017-05-16,207.15,0.7485029940119761,0.7427927291357684,0.7597349583912932,1,False,False,False,False,0.590818363273453,0.603848998323573,0.5955978069307868,-1,True,False,False
2017-05-17,203.47,0.7105788423153693,0.7424721929485008,0.7488113770410879,1,False,False,False,False,0.47904191616766467,0.5989546029449099,0.5696964978723152,-1,True,False,False
2017-05-18,204.29,0.7065868263473054,0.7421151246241108,0.7394281435535808,1,False,False,False,False,0.49500998003992014,0.5948783432231456,0.5530994939095608,-1,True,False,False
2017-05-19,205.62,0.7385229540918163,0.7420793816337397,0.7392269903398553,1,False,False,False,False,0.5528942115768463,0.5932319066879966,0.553053875613402,-1,True,False,False
2017-05-22,206.66,0.7445109780439122,0.7421035766228956,0.7404012098296457,1,False,False,False,False,0.590818363273453,0.593137257926642,0.5614459839823023,-1,True,False,True
2017-05-23,207.12,0.7485029940119761,0.7421672524178119,0.742201606314608,1,False,False,False,False,0.6047904191616766,0.5935942446417414,0.5710780806888299,-1,True,False,False
2017-05-24,207.6,0.7425149700598802,0.7421707122948474,0.7422712427024463,1,False,False,False,False,0.6207584830339321,0.5946595088924155,0.5821181700988526,1,False,False,False
2017-05-25,208.6,0.7465069860279441,0.7422138592971669,0.7432125189970014,1,False,False,False,False,0.6487025948103793,0.5967788455950808,0.5969147089236363,1,False,False,False
2017-05-26,208.55,0.7405189620758483,0.7421969946481987,0.7426139507923006,1,False,False,False,False,0.6506986027944112,0.5988933458774074,0.608866685339364,1,False,False,False
2017-05-30,208.37,0.7365269461077845,0.7421405762547617,0.7412612830846304,1,False,False,False,False,0.6427145708582834,0.6006118252884222,0.6163884376769017,1,False,False,False
2017-05-31,208.32,0.7365269461077845,0.7420847192383738,0.7402092082008869,1,False,False,False,False,0.6447105788423154,0.6023411881728886,0.6226822468247714,1,False,False,False
2017-06-01,209.98,0.7584830339321357,0.7422478865487595,0.7442700583633866,1,False,False,False,False,0.7045908183632734,0.6063509775921194,0.6408841516111051,1,False,False,False
2017-06-02,210.67,0.7604790419161677,0.7424292910797785,0.7478720547084491,1,False,False,False,False,0.7105788423153693,0.6104383448361685,0.6563718606564972,1,False,False,False
2017-06-05,210.52,0.7485029940119761,0.7424897259348252,0.7480122634425661,1,False,False,False,False,0.6846307385229541,0.6133478504709444,0.6626516112934876,1,False,False,False
2017-06-06,209.85,0.7465069860279441,0.7425296986720702,0.7476777573504279,1,False,False,False,False,0.6586826347305389,0.6151256851477913,0.6617696165017212,1,False,False,False
2017-06-07,210.23,0.7504990019960079,0.7426089952225571,0.7483047006050012,1,False,False,False,False,0.6666666666666666,0.6171469001093158,0.662857849871709,1,False,False,False
2017-06-08,210.34,0.7524950099800399,0.7427073635286017,0.749235880466121,1,False,False,False,False,0.6826347305389222,0.6197150503222416,0.6672527122422008,1,False,False,False
2017-06-09,210.02,0.7584830339321357,0.742864335373413,0.7512908034585687,1,False,False,False,False,0.7225548902195609,0.6237479852201757,0.6795420851260586,1,False,False,False
2017-06-12,209.98,0.7744510978043913,0.7431786315170048,0.7564375355354181,1,False,False,False,False,0.7365269461077845,0.6281706895687094,0.6922053875664421,1,False,False,False
2017-06-13,211.0,0.7844311377245509,0.7435891042155874,0.762658336021892,1,False,False,False,False,0.7644710578842315,0.633515802051671,0.7082644254148398,1,False,False,False
2017-06-14,210.74,0.7744510978043913,0.743896188728909,0.7652789497513363,1,False,False,False,False,0.7365269461077845,0.637555454759754,0.7145449855688275,1,False,False,False
2017-06-15,210.33,0.7624750499001997,0.7440810530191706,0.7646558608955282,1,False,False,False,False,0.7345309381237525,0.6413584148916754,0.7189863083588108,1,False,False,False
2017-06-16,210.37,0.7744510978043913,0.744383242519521,0.7668325802086088,1,False,False,False,False,0.7145708582834331,0.6442294911031169,0.7180050972309491,1,False,False,False
2017-06-19,212.12,0.7744510978043913,0.7446824251591715,0.7685255841187826,1,False,False,False,False,0.7564870259481038,0.6486317473715477,0.7265566369458724,1,False,False,False
2017-06-20,210.69,0.7604790419161677,0.7448396054254103,0.7667374636293126,1,False,False,False,False,0.7025948103792415,0.650747945920869,0.7212317865977321,1,False,False,False
2017-06-21,210.64,0.7524950099800399,0.7449157786050583,0.7635724739294742,1,False,False,False,False,0.6686626746506986,0.651450484302431,0.7095497617206136,1,False,False,False
2017-06-22,210.54,0.7544910179640718,0.7450110546185809,0.7615543726038293,1,False,False,False,False,0.6447105788423154,0.6511861742843873,0.695141054414325,1,False,False,False
2017-06-23,210.8,0.7564870259481038,0.7451252433880289,0.7604282955692236,1,False,False,False,False,0.6666666666666666,0.6517932524170258,0.6888134126926232,1,False,False,False
2017-06-26,210.93,0.7644710578842315,0.7453177390546577,0.7613266871947809,1,False,False,False,False,0.6786427145708582,0.6528461725014899,0.6865532575544532,1,False,False,False
2017-06-27,209.24,0.7544910179640718,0.7454090154617167,0.7598076495879567,1,False,False,False,False,0.6347305389221557,0.6521357554983788,0.6750370978583871,1,False,False,False
2017-06-28,211.11,0.7704590818363274,0.7456582698535039,0.762174634532039,1,False,False,False,False,0.7005988023952096,0.6540362671413917,0.6807174766443477,1,False,False,False
2017-06-29,209.25,0.7485029940119761,0.7456865755665235,0.7591364921942473,1,False,False,False,False,0.5888223552894212,0.6514788588334713,0.6602963385654751,-1,False,False,False
2017-06-30,209.64,0.7604790419161677,0.7458337642864205,0.7594348365768963,1,False,False,False,False,0.624750499001996,0.650430687859688,0.6523972631069241,-1,False,False,False
2017-07-03,210.0,0.7704590818363274,0.746078792321743,0.7618846688567699,1,False,False,False,False,0.6387225548902196,0.6499715453902972,0.6493584390587676,-1,True,False,False
2017-07-05,210.48,0.7584830339321357,0.7462022176113987,0.7611287499846289,1,False,False,False,False,0.6287425149700598,0.6491390343934252,0.6447771225946102,-1,True,False,False
2017-07-06,208.56,0.7445109780439122,0.7461853893569959,0.7574359117755808,1,False,False,False,False,0.530938123752495,0.6445037045643691,0.6194795672963624,-1,True,False,False
2017-07-07,209.91,0.7504990019960079,0.746228310875792,0.7558943762690091,1,False,False,False,False,0.5888223552894212,0.6423201222398613,0.6126668535170422,-1,True,False,False
2017-07-10,210.14,0.7445109780439122,0.7462112229869177,0.7533647322189876,1,False,False,False,False,0.5868263473053892,0.6401438957718429,0.6069245188033415,-1,True,False,False
2017-07-11,209.98,0.7485029940119761,0.7462340266787093,0.7522843459507628,1,False,False,False,False,0.6047904191616766,0.6387574849243854,0.6064502744385272,-1,True,False,False
2017-07-12,211.56,0.7644710578842315,0.7464154896757792,0.7549925041582003,1,False,False,False,False,0.6626746506986028,0.6396954129939626,0.6189445802740996,-1,True,False,False
2017-07-13,211.91,0.7684630738522954,0.7466348686228093,0.7579859640902213,1,False,False,False,False,0.6526946107784432,0.6402051854560991,0.6264445870528426,-1,True,False,False
2017-07-14,212.9,0.7704590818363274,0.746871925470705,0.7607577680338005,1,False,False,False,False,0.7005988023952096,0.6425735625909661,0.6429233015733685,1,False,False,False
2017-07-17,212.88,0.780439121756487,0.7472059274237974,0.7651314021943975,1,False,False,False,False,0.7005988023952096,0.6448490621911325,0.6557400795337777,1,False,False,False
2017-07-18,212.99,0.7744510978043913,0.7474770236464899,0.7672024456632849,1,False,False,False,False,0.6986027944111777,0.6469570516899579,0.6652651272843111,1,False,False,False
2017-07-19,214.14,0.7864271457085829,0.7478645870500928,0.7714746012289067,1,False,False,False,False,0.7345309381237525,0.6503913217461851,0.6806575296930759,1,False,False,False
2017-07-20,214.24,0.782435129740519,0.7482085725495001,0.7739102742314872,1,False,False,False,False,0.7265469061876247,0.6533778152536925,0.6908551689140868,1,False,False,False
2017-07-21,214.05,0.7904191616766467,0.7486285784114618,0.7775789158859671,1,False,False,False,False,0.7045908183632734,0.6553861683168134,0.6939075354583505,1,False,False,False
2017-07-24,214.0,0.7764471057884231,0.7489053796788943,0.7773274025309573,1,False,False,False,False,0.6906187624750499,0.6567678386759599,0.6931766970176171,1,False,False,False
2017-07-25,214.52,0.7904191616766467,0.7493184521365833,0.7802366823411105,1,False,False,False,False,0.6806387225548902,0.6577039517692512,0.6903904804703445,1,False,False,False
2017-07-26,214.52,0.7844311377245509,0.7496678320926825,0.7811687835374306,1,False,False,False,False,0.6686626746506986,0.6581337056077394,0.6855620791770898,1,False,True,False
2017-07-27,214.32,0.7924151696606786,0.7500931787351501,0.7836679804537079,1,False,False,False,False,0.6467065868263473,0.6576855833025869,0.6769275253213692,1,False,False,False
2017-07-28,214.07,0.782435129740519,0.750414989192915,0.7833940136285548,1,False,False,False,False,0.6367265469061876,0.6568636603066497,0.6679939745624399,1,False,False,False
2017-07-31,213.95,0.782435129740519,0.7507335975565729,0.7831809283201023,1,False,False,False,False,0.6327345309381237,0.6559174199392565,0.6601585426459252,1,False,False,False
2017-08-01,214.43,0.780439121756487,0.751029174911796,0.7825716379726323,1,False,False,False,False,0.6307385229540918,0.654930012214348,0.6536207604921844,1,False,False,False
2017-08-02,214.53,0.7704590818363274,0.7512225073190053,0.7798799588312312,1,False,False,False,False,0.6187624750499002,0.6535116774235854,0.6458744748383436,-1,True,False,False
2017-08-03,214.12,0.7624750499001997,0.7513344729168282,0.7760122012910019,1,False,False,False,False,0.592814371257485,0.6511313909072678,0.6340833407092639,-1,True,False,False
2017-08-04,214.51,0.7644710578842315,0.7514651852050611,0.773447502756164,1,False,False,False,False,0.6087824351297405,0.6494706475434433,0.6284609172471476,-1,True,False,False
2017-08-07,214.91,0.7704590818363274,0.7516541792013922,0.7727834092184226,1,False,False,False,False,0.6227544910179641,0.6484229551306794,0.6271928225295513,-1,True,False,False
2017-08-08,214.38,0.7644710578842315,0.7517817103325647,0.7709362200330467,1,False,False,False,False,0.5868263473053892,0.6460074018826288,0.6182224947019598,-1,True,False,False
2017-08-09,214.37,0.7604790419161677,0.7518682509453369,0.7686124026737403,1,False,False,False,False,0.5788423153692615,0.6433734769213203,0.6094713437391379,-1,True,False,False
2017-08-10,211.34,0.7125748502994012,0.7514772718344321,0.7561596132572205,1,False,False,False,False,0.43912175648702595,0.6353636055317401,0.5716158799053352,-1,True,False,False
2017-08-11,211.65,0.7145708582834331,0.7511100438388999,0.74691766770749,1,False,False,False,False,0.4311377245508982,0.6273547474540601,0.5403985120487937,-1,True,False,False
2017-08-14,213.75,0.7465069860279441,0.7510642422686417,0.7468264051120354,1,False,False,False,False,0.5508982035928144,0.6243564516163641,0.5427317768363539,-1,True,False,False
2017-08-15,213.73,0.7345309381237525,0.7508997317796378,0.7440940791146392,1,False,False,False,False,0.5249500998003992,0.6204581633098557,0.5387802930505862,-1,True,False,False
2017-08-16,214.1,0.7325349301397206,0.750716997434962,0.741525379342435,1,False,False,False,False,0.5489021956087824,0.6176520469294214,0.5410296047301854,-1,True,False,False
2017-08-17,210.76,0.6766467065868264,0.7499799796155776,0.7271078965078553,1,False,False,False,False,0.43313373253493015,0.6104160346002258,0.5170527442423508,-1,True,False,False
2017-08-18,210.43,0.6626746506986028,0.7491112698751102,0.7127893974391326,1,False,False,False,False,0.41916167664670656,0.6029158637000878,0.495299173665541,-1,True,False,False
2017-08-21,210.6,0.6646706586826348,0.7482710647886179,0.7020963443821331,1,False,False,False,False,0.43313373253493015,0.5962577409092973,0.4814846311920719,-1,True,False,False
2017-08-22,212.8,0.688622754491018,0.7476775492632687,0.6991022132952187,1,False,False,False,False,0.500998003992016,0.5925220649517569,0.48582093625872613,-1,True,False,False
2017-08-23,212.04,0.6806387225548902,0.7470104962611953,0.6949992153529234,1,False,False,False,False,0.47305389221556887,0.5878370385699456,0.48298381536024676,-1,True,False,False
2017-08-24,211.54,0.6826347305389222,0.7463699413783866,0.6922515520609231,1,False,False,False,False,0.4590818363273453,0.5827878149525888,0.4776722644640464,-1,True,False,False
2017-08-25,212.04,0.6866267465069861,0.745775481727925,0.6910015952711593,1,False,False,False,False,0.47105788423153694,0.5784062490419594,0.4762024021901554,-1,True,False,False
2017-08-28,212.04,0.6746506986027944,0.7450677724430979,0.6873680626781894,1,False,False,False,False,0.45708582834331335,0.5736485854851497,0.47195427466863493,-1,True,False,False
2017-08-29,212.29,0.6666666666666666,0.7442876619378598,0.6827677524534066,1,False,False,False,False,0.4550898203592814,0.5689992221468805,0.4682066181554453,-1,True,False,False
2017-08-30,213.29,0.6826347305389222,0.7436741999338903,0.6827381920279656,1,False,False,False,False,0.5029940119760479,0.566410782532338,0.47593715011557924,-1,True,False,True
2017-08-31,214.58,0.6946107784431138,0.7431860066852258,0.6853765445646651,1,False,False,False,False,0.5828343313373253,0.5670548432697885,0.49969207927596726,-1,True,False,False
2017-09-01,214.88,0.7105788423153693,0.7428615572885108,0.6909770551759327,1,False,False,False,False,0.6147704590818364,0.5689260438898688,0.5252650525661604,1,False,False,False
2017-09-05,213.34,0.6766467065868264,0.7422027030526731,0.6877925332672423,1,False,False,False,False,0.5429141716566867,0.5679059704689597,0.5291870790307218,-1,True,False,False
2017-09-06,214.06,0.6846307385229541,0.7416298476842182,0.687089912212956,1,False,False,False,False,0.5748502994011976,0.5681782970937534,0.539334461335272,-1,True,False,False
2017-09-07,214.04,0.6706586826347305,0.7409236669374573,0.6834385278622392,1,False,False,False,False,0.5608782435129741,0.5678920204827425,0.5441219684858725,-1,True,False,False
2017-09-08,213.79,0.6826347305389222,0.7403436775205564,0.6832599062348355,1,False,False,False,False,0.5668662674650699,0.5678517948742063,0.5491762571479163,-1,True,False,False
2017-09-11,216.07,0.7025948103792415,0.7399680669022349,0.687556551600259,1,False,False,False,False,0.654690618762475,0.5712572389482561,0.5726238930622627,1,False,False,False
2017-09-12,216.8,0.7225548902195609,0.7397948014626063,0.6953339601823261,1,False,False,False,False,0.6506986027944112,0.5743725865500661,0.5899738285582957,1,False,False,False
2017-09-13,216.9,0.720558882235529,0.7396033992812424,0.7009394984163712,1,False,False,False,False,0.6387225548902196,0.5768961147202682,0.6008068788542787,1,False,False,False
2017-09-14,216.83,0.7045908183632734,0.7392550153915114,0.7017509028490161,1,False,False,False,False,0.6327345309381237,0.5790858565327331,0.6079019126506887,1,False,False,False
2017-09-15,217.12,0.718562874251497,0.7390491234398695,0.7054868964940119,1,False,False,False,False,0.6447105788423154,0.5816593750546776,0.616081616248828,1,False,False,False
2017-09-18,217.58,0.720558882235529,0.7388651409403239,0.7088362266587934,1,False,False,False,False,0.6646706586826348,0.5849147195106759,0.6268791812341183,1,False,False,False
2017-09-19,217.8,0.7245508982035929,0.7387227106643365,0.7123283758909711,1,False,False,False,False,0.6826347305389222,0.5887468768059012,0.6392693033018526,1,False,False,False
2017-09-20,217.88,0.7425149700598802,0.7387604445886703,0.7190365079285064,1,False,False,False,False,0.6447105788423154,0.5909415317877214,0.6404784756441777,1,False,False,False
2017-09-21,217.29,0.7345309381237525,0.7387183599472283,0.7224797146385611,1,False,False,False,False,0.626746506986028,0.5923456484621648,0.6374269270534778,1,False,False,False
2017-09-22,217.34,0.7465069860279441,0.7387958587142006,0.7278191082806462,1,False,False,False,False,0.6187624750499002,0.5933816024459976,0.6332792710526828,1,False,False,False
2017-09-25,216.89,0.7465069860279441,0.7388725863491633,0.731971970002268,1,False,False,False,False,0.6187624750499002,0.5943769307834056,0.6300533163853977,1,False,False,False
2017-09-26,217.02,0.7425149700598802,0.7389088289731506,0.7343148589039596,1,False,False,False,False,0.626746506986028,0.5956463259286066,0.6293184698522045,1,False,False,False
2017-09-27,217.87,0.7564870259481038,0.7390837364057372,0.7392420071359916,1,False,False,False,False,0.626746506986028,0.5968659408720349,0.6287469225486098,1,False,False,False
2017-09-28,218.13,0.7544910179640718,0.7392370426898999,0.7426306762088983,1,False,False,False,False,0.6467065868263473,0.5988204760074982,0.6327379590547737,1,False,False,False
2017-09-29,218.9,0.7664670658682635,0.7395079881941622,0.7479276516887572,1,False,False,False,False,0.656686626746507,0.6010897368207927,0.6380598852084922,1,False,False,False
2017-10-02,219.85,0.7604790419161677,0.7397166553953762,0.7507168495170706,1,False,False,False,False,0.6786427145708582,0.6041310300658934,0.6470782917334624,1,False,False,False
2017-10-03,220.32,0.7664670658682635,0.7399828286339125,0.7542168975951136,1,False,False,False,False,0.6966067864271457,0.6077575303153543,0.6580846238876142,1,False,False,False
2017-10-04,220.58,0.7724550898203593,0.7403059357103946,0.7582698292007237,1,False,False,False,False,0.716566866267465,0.6120245630977901,0.6710806777498033,1,False,False,False
2017-10-05,221.89,0.7764471057884231,0.7406655493430118,0.7623092239979903,1,False,False,False,False,0.7385229540918163,0.6169852843132422,0.6860678502702506,1,False,False,False
2017-10-06,221.63,0.7684630738522954,0.7409421416266863,0.7636767461878358,1,False,False,False,False,0.7325349301397206,0.621516642973104,0.6963938680190218,1,False,False,False
2017-10-09,221.27,0.7564870259481038,0.741096817092571,0.7620790305790064,1,False,False,False,False,0.720558882235529,0.6254006523559443,0.7017638711782456,1,False,False,False
2017-10-10,221.85,0.7704590818363274,0.7413889789308175,0.7639412641917444,1,False,False,False,False,0.7425149700598802,0.6299933706972751,0.7108196709297199,1,False,False,False
2017-10-11,222.2,0.7704590818363274,0.7416782336860962,0.7653896681127628,1,False,False,False,False,0.7584830339321357,0.6350321810202109,0.7214115293747011,1,False,False,False
2017-10-12,221.87,0.7704590818363274,0.741964610284606,0.7665162044957772,1,False,False,False,False,0.7764471057884231,0.6405778643444545,0.7336416574666393,1,False,False,False
2017-10-13,222.14,0.7764471057884231,0.7423077196926042,0.7687230714496984,1,False,False,False,False,0.7604790419161677,0.6452798713080512,0.7396055206776456,1,False,False,False
2017-10-16,222.43,0.7744510978043913,0.7426275543006817,0.7699959661951857,1,False,False,False,False,0.7564870259481038,0.6496409361958964,0.743356966293303,1,False,False,False
2017-10-17,222.59,0.780439121756487,0.7430037888027297,0.7723166674310304,1,False,False,False,False,0.7624750499001997,0.6540658033999867,0.7476054293170578,1,False,False,False
2017-10-18,222.81,0.7784431137724551,0.7433564189019309,0.7736780999513471,1,False,False,False,False,0.7604790419161677,0.6582388715770918,0.75046623211686,1,False,False,False
2017-10-19,222.87,0.7764471057884231,0.7436856794679657,0.7742934345818084,1,False,False,False,False,0.7764471057884231,0.6628744886049872,0.7562397595994297,1,False,False,False
2017-10-20,224.02,0.7784431137724551,0.7440315245854233,0.7752155855130632,1,False,False,False,False,0.7844311377245509,0.6676414160214407,0.762504510293901,1,False,False,False
2017-10-23,223.15,0.7744510978043913,0.74433420690601,0.7750456993555805,1,False,False,False,False,0.7544910179640718,0.6710472827642889,0.7607237342206056,1,False,False,False
2017-10-24,223.54,0.7664670658682635,0.7445544343583708,0.7731393363583989,1,False,False,False,False,0.7485029940119761,0.6740847616367472,0.7580080141742435,1,False,False,False
2017-10-25,222.43,0.7584830339321357,0.7446930273889555,0.7698823802636737,1,False,False,False,False,0.7025948103792415,0.6752028027639039,0.7456939688864652,1,False,False,False
2017-10-26,222.72,0.7465069860279441,0.7447110767286469,0.7646878482112893,1,False,False,False,False,0.6986027944111777,0.6761204494951696,0.7352292634475125,1,False,False,False
2017-10-27,224.54,0.7465069860279441,0.7447289464729185,0.7606476566149903,1,False,False,False,False,0.718562874251497,0.6777848583091433,0.7315256214039535,1,False,False,False
2017-10-30,223.71,0.7465069860279441,0.7447466384087895,0.7575052853734245,1,False,False,False,False,0.6906187624750499,0.6782881486685906,0.7224352083086416,1,False,False,False
2017-10-31,224.05,0.7365269461077845,0.744664850425695,0.7528434322032823,1,False,False,False,False,0.7025948103792415,0.679241351088616,0.7180262309909972,1,False,False,False
2017-11-01,224.35,0.7285429141716567,0.7445044331495354,0.7474433170851433,1,False,False,False,False,0.6986027944111777,0.6800006233757754,0.7137099117510373,1,False,False,False
2017-11-02,224.44,0.7325349301397206,0.7443853336170995,0.7441303422083827,1,False,False,False,False,0.6826347305389222,0.6801039216958987,0.7068043159261228,1,False,False,False
2017-11-03,225.19,0.7265469061876247,0.7442078368267565,0.7402229119815477,1,False,False,False,False,0.6986027944111777,0.6808293676847332,0.7049817555894684,1,False,False,False
2017-11-06,225.54,0.7305389221556886,0.7440718277255519,0.7380709142424678,1,False,False,False,False,0.6926147704590818,0.6812915403425508,0.7022335366716047,1,False,False,False
2017-11-07,225.38,0.718562874251497,0.7438180072929743,0.7337357942444743,1,False,False,False,False,0.6706586826347305,0.6808745655304794,0.6952169024411882,1,False,False,False
2017-11-08,225.76,0.7265469061876247,0.7436461555406824,0.7321382635651744,1,False,False,False,False,0.6786427145708582,0.6807870419634355,0.6915337495811148,1,False,False,False
2017-11-09,224.94,0.7345309381237525,0.7435554568599169,0.7326699690226363,1,False,False,False,False,0.656686626746507,0.6798419276412031,0.6837899445067576,1,False,False,False
2017-11-10,224.87,0.7285429141716567,0.7434060783257054,0.7317528457224186,1,False,False,False,False,0.6427145708582834,0.6783859528654024,0.6746620836959855,-1,True,False,False
2017-11-13,225.08,0.7285429141716567,0.7432581861450681,0.7310395276000271,1,False,False,False,False,0.6706586826347305,0.6780829226602779,0.6737724390157065,-1,True,False,False
2017-11-14,224.56,0.7365269461077845,0.7431912086322593,0.7322589539350843,1,False,False,False,False,0.654690618762475,0.6771655774093837,0.6695320345149884,-1,True,False,False
2017-11-15,223.44,0.716566866267465,0.7429262898027589,0.72877182334228,1,False,False,False,False,0.6007984031936128,0.6741707862636671,0.6542578942213495,-1,True,False,False
2017-11-16,225.34,0.7345309381237525,0.7428427539651569,0.7300516266270517,1,False,False,False,False,0.6467065868263473,0.6730937588347526,0.652579825911349,-1,True,False,False
2017-11-17,224.67,0.7405189620758483,0.7428196316578006,0.7323777011712287,1,False,False,False,False,0.6387225548902196,0.6717458684839867,0.649500432351098,-1,True,False,False
2017-11-20,225.06,0.7385229540918163,0.7427768786471938,0.7337433129313593,1,False,False,False,False,0.6387225548902196,0.6704508365783488,0.6471053484709028,-1,True,False,False
2017-11-21,226.53,0.7425149700598802,0.7427742725915987,0.7356925700710306,1,False,False,False,False,0.6487025948103793,0.669597964352154,0.6474602921018976,-1,True,False,False
2017-11-22,226.33,0.7385229540918163,0.7427319709149839,0.7363215442978719,1,False,False,False,False,0.6506986027944112,0.6688568129185171,0.6481799167002339,-1,True,False,False
2017-11-24,226.85,0.7425149700598802,0.7427298117024953,0.7376978611338738,1,False,False,False,False,0.6526946107784432,0.6682230010698867,0.649183182050947,-1,True,False,False
2017-11-27,226.74,0.7385229540918163,0.7426879524227871,0.7378812151245276,1,False,False,False,False,0.6327345309381237,0.6668312963588372,0.6455279262480974,-1,True,False,False
2017-11-28,229.04,0.7624750499001997,0.7428848389648509,0.7433465117413437,1,False,False,False,False,0.7045908183632734,0.6683120619276386,0.6586530133848032,1,False,False,False
2017-11-29,228.9,0.7664670658682635,0.7431194879887655,0.7484844126584369,1,False,False,False,False,0.7305389221556886,0.6707523309561897,0.6746276597783333,1,False,False,False
2017-11-30,230.9,0.780439121756487,0.7434908276282454,0.7555854591246702,1,False,False,False,False,0.7684630738522954,0.6745841247952526,0.6954799740169915,1,False,False,False
2017-12-01,230.42,0.780439121756487,0.7438584723459394,0.761108495265074,1,False,False,False,False,0.7544910179640718,0.6777177284489319,0.7085935393385648,1,False,False,False
2017-12-04,230.15,0.7904191616766467,0.744321762787041,0.7676219766898679,1,False,False,False,False,0.7005988023952096,0.6786150254664329,0.7068169311289304,1,False,False,False
2017-12-05,229.32,0.7884231536926147,0.7447605825970467,0.7722444604682561,1,False,False,False,False,0.6726546906187625,0.6783812868449557,0.6992253221266709,1,False,False,False
2017-12-06,229.36,0.7844311377245509,0.7451553144888627,0.774952610969655,1,False,False,False,False,0.6666666666666666,0.6779218899752188,0.6919900653577811,1,False,False,False
2017-12-07,230.08,0.7844311377245509,0.7455461187001632,0.7770589502485207,1,False,False,False,False,0.6866267465069861,0.6782632568980332,0.690798216724271,1,False,False,False
2017-12-08,231.34,0.7904191616766467,0.7459926166402278,0.7800278861214376,1,False,False,False,False,0.7145708582834331,0.679687084403343,0.6960810259596404,1,False,False,False
2017-12-11,232.04,0.7964071856287425,0.7464942541426011,0.7836677304563943,1,False,False,False,False,0.7345309381237525,0.6818378237649277,0.7046254508849986,1,False,False,False
2017-12-12,232.45,0.7924151696606786,0.7469511786751193,0.7856116058351241,1,False,False,False,False,0.7065868263473054,0.6828083728858053,0.7050613120988445,1,False,False,False
2017-12-13,232.42,0.7984031936127745,0.7474631390227577,0.7884541808968242,1,False,False,False,False,0.7025948103792415,0.683584311611038,0.7045132006055994,1,False,False,False
2017-12-14,231.47,0.7844311377245509,0.7478309798058602,0.7875601713029856,1,False,False,False,False,0.6487025948103793,0.6822164011482672,0.6921108437622172,-1,False,False,False
2017-12-15,233.4,0.8043912175648703,0.7483937682412732,0.7913004038056267,1,False,False,False,False,0.7145708582834331,0.683485203388862,0.6971019581002651,1,False,False,False
2017-12-18,234.88,0.8083832335329342,0.7489906783436779,0.7950965881894728,1,False,False,False,False,0.7385229540918163,0.6856435465536838,0.7063066238761654,1,False,False,False
2017-12-19,233.97,0.7884231536926147,0.7493830412824734,0.7936136027457266,1,False,False,False,False,0.7045908183632734,0.6863865768207265,0.7059253337621894,1,False,False,False
2017-12-20,233.85,0.782435129740519,0.7497119177845435,0.7911294976334582,1,False,False,False,False,0.6926147704590818,0.686630819708505,0.7029674308059433,1,False,False,False
2017-12-21,234.33,0.7904191616766467,0.75011696498745,0.7909716451986112,1,False,False,False,False,0.6846307385229541,0.686552385152209,0.6988926102986124,1,False,False,False
2017-12-22,234.27,0.7904191616766467,0.7505179818699296,0.790848871082619,1,False,False,False,False,0.6726546906187625,0.6860073775234463,0.693061961480868,1,False,False,False
2017-12-26,233.99,0.7924151696606786,0.7509348693106336,0.7911969374332989,1,False,False,False,False,0.6646706586826348,0.6851706434512577,0.6867527830812606,1,False,False,False
2017-12-27,234.11,0.7944111776447106,0.7513674693935598,0.7919112130358348,1,False,False,False,False,0.6766467065868264,0.6848363714173584,0.6845069883047197,1,False,False,False
2017-12-28,234.59,0.7984031936127745,0.75183548654997,0.7933538753862658,1,False,False,False,False,0.688622754491018,0.6849848570280902,0.685421603012786,1,False,False,False
2017-12-29,233.7,0.7984031936127745,0.7522988468192517,0.7944759461032677,1,False,False,False,False,0.6686626746506986,0.6843447714446631,0.6816973967100999,1,False,False,False
2018-01-02,235.38,0.7924151696606786,0.7526980142107087,0.7940179957826923,1,False,False,False,False,0.6966067864271457,0.6848256347773095,0.6850105944249989,1,False,False,False
2018-01-03,236.86,0.7964071856287425,0.7531329313392464,0.7945489268595923,1,False,False,False,False,0.7405189620758483,0.6870096868282327,0.6973457872362987,1,False,False,False
2018-01-04,237.86,0.7924151696606786,0.7535237993822458,0.794074758593167,1,False,False,False,False,0.7365269461077845,0.6889515401333132,0.7060527114299622,1,False,False,False
2018-01-05,239.45,0.7884231536926147,0.7538710566390654,0.7928188463930443,1,False,False,False,False,0.7664670658682635,0.6919913646719387,0.7194781235273624,1,False,False,False
2018-01-08,239.89,0.8083832335329342,0.7544134663594024,0.7962775990907976,1,False,False,False,False,0.7704590818363274,0.6950685300509344,0.730807225373799,1,False,False,False
2018-01-09,240.43,0.7964071856287425,0.7548313143123313,0.7963063960992298,1,False,False,False,False,0.7724550898203593,0.6981032971007157,0.7400623063619235,1,False,False,False
2018-01-10,240.06,0.782435129740519,0.7551059791424626,0.7932238924639607,1,False,False,False,False,0.7465069860279441,0.7000014809802149,0.7414944573988169,1,False,False,False
2018-01-11,241.81,0.7884231536926147,0.755437493317091,0.7921570616258838,1,False,False,False,False,0.7564870259481038,0.7022166003907203,0.7448261392986584,1,False,False,False
2018-01-12,243.39,0.7844311377245509,0.7557259872912946,0.7904401896478098,1,False,False,False,False,0.7624750499001997,0.7045796768420725,0.7487481194323342,1,False,False,False
2018-01-16,242.56,0.780439121756487,0.7559718891267693,0.7882177301164047,1,False,False,False,False,0.7465069860279441,0.70622388504544,0.7482500897869142,1,False,False,False
2018-01-17,244.87,0.7964071856287425,0.7563742303854954,0.7900376091191464,1,False,False,False,False,0.7704590818363274,0.7087429123705729,0.7531854213534505,1,False,False,False
2018-01-18,244.46,0.7864271457085829,0.7566732643688098,0.789235283916799,1,False,False,False,False,0.7784431137724551,0.7114762536020193,0.7587982418910071,1,False,False,False
2018-01-19,245.57,0.7904191616766467,0.7570090444415246,0.7894983678634317,1,False,False,False,False,0.7844311377245509,0.7143372294499617,0.7644944409651279,1,False,False,False
2018-01-22,247.57,0.8043912175648703,0.7574805088507122,0.792807890019307,1,False,False,False,False,0.7904191616766467,0.7173208346353219,0.770255490012132,1,False,False,False
2018-01-23,248.09,0.8083832335329342,0.7579870036236697,0.7962690774667797,1,False,False,False,False,0.8003992015968064,0.7205788098102821,0.776954092586504,1,False,False,False
2018-01-24,247.99,0.8083832335329342,0.7584884586476426,0.7989611121481474,1,False,False,False,False,0.8023952095808383,0.7237872960757942,0.7826076741408006,1,False,False,False
2018-01-25,248.1,0.810379241516966,0.7590047848453474,0.801498474230107,1,False,False,False,False,0.7984031936127745,0.7267134097046953,0.786117789579017,1,False,False,False
2018-01-26,250.97,0.812375249500998,0.7595358342449061,0.8039155354014161,1,False,False,False,False,0.7984031936127745,0.729524773779522,0.7888478793642965,1,False,False,False
2018-01-29,249.31,0.7944111776447106,0.7598828525871928,0.8018034558999261,1,False,False,False,False,0.7684630738522954,0.7310517659392386,0.7843179225838517,1,False,False,False
2018-01-30,246.75,0.7864271457085829,0.7601469749068086,0.7983864980796276,1,False,False,False,False,0.7385229540918163,0.7313447537099279,0.7741412629189549,1,False,True,False
2018-01-31,246.87,0.7924151696606786,0.7604680514715237,0.79705953620875,1,False,False,False,False,0.7285429141716567,0.7312348776496036,0.7640082965306664,1,False,False,False
2018-02-01,246.59,0.7764471057884231,0.760627047036866,0.792478996115344,1,False,True,False,False,0.716566866267465,0.7306596615169707,0.7534657564721772,1,False,False,False
2018-02-02,241.23,0.7544910179640718,0.7605659920212164,0.7840372231928391,1,False,False,False,False,0.5988023952095808,0.7254887883284455,0.7190961206360447,-1,True,False,False
2018-02-05,231.14,0.6666666666666666,0.7596316703758975,0.7579548772981342,1,False,False,False,False,0.2774451097804391,0.7079184479932297,0.6209514515570213,-1,True,False,False
2018-02-06,235.69,0.688622754491018,0.7589251139989336,0.7425477388965527,1,False,False,False,False,0.37325349301397204,0.6947943321116903,0.565907460769677,-1,True,False,False
2018-02-07,234.41,0.6786427145708582,0.7581262841538782,0.7283466223797317,1,False,False,False,False,0.3473053892215569,0.6811673147434498,0.5173292226478725,-1,True,False,False
2018-02-08,225.62,0.5668662674650699,0.7562231994107059,0.6924620990653625,-1,True,False,False,False,0.1437125748502994,0.6600906582770518,0.4343033009150785,-1,True,False,False
2018-02-09,229.01,0.6167664670658682,0.7548355702331454,0.6756408475099193,-1,True,False,False,False,0.17964071856287425,0.6412494841706134,0.377711615947922,-1,True,False,False
2018-02-12,232.37,0.6467065868263473,0.7537596599504908,0.6692110118024589,-1,True,False,False,False,0.2435129740518962,0.6256519739698795,0.347889695526583,-1,True,False,False
2018-02-13,232.95,0.6626746506986028,0.752853341450472,0.6677584871127131,-1,True,False,False,False,0.28542914171656686,0.6123099021168084,0.33400957245769053,-1,True,False,False
2018-02-14,236.09,0.6766467065868264,0.7520950664767044,0.6697336469958494,-1,True,False,False,False,0.405189620758483,0.604187538141972,0.3498273609689777,-1,True,False,False
2018-02-15,239.11,0.7045908183632734,0.7516223873909987,0.6774796850774991,-1,True,False,False,False,0.47105788423153694,0.5989667674003863,0.3767674772495464,-1,True,False,False
2018-02-16,239.18,0.7085828343313373,0.7511941331316986,0.6843914960227965,-1,True,False,False,False,0.48303393213572854,0.5944203817037331,0.4003822450020313,-1,True,False,False
2018-02-20,237.68,0.7005988023952096,0.7506906970049674,0.6879931196611105,-1,True,False,False,False,0.42714570858283435,0.5878605906009527,0.4063296813533208,-1,True,False,False
2018-02-21,236.5,0.6766467065868264,0.7499539408814038,0.6854716945334918,-1,True,False,False,False,0.41916167664670656,0.5812449469164725,0.40918123586296207,-1,True,False,False
2018-02-22,236.8,0.6806387225548902,0.7492642372164633,0.6843977007604691,-1,True,False,False,False,0.42115768463073855,0.5749670150621301,0.41184266892246796,-1,True,False,False
2018-02-23,240.58,0.7025948103792415,0.7487998648101228,0.6884415028979741,-1,True,False,False,False,0.5189620758483033,0.5727707429360976,0.4356469815726536,-1,True,False,False
2018-02-26,243.37,0.7265469061876247,0.7485784423362672,0.6969093702956742,-1,True,False,False,False,0.5708582834331337,0.5726957445242167,0.46569393754164917,-1,True,False,False
2018-02-27,240.33,0.6986027944111777,0.7480811722076595,0.6972856867657862,-1,True,False,False,False,0.47305389221556887,0.5687882209042697,0.4673294830247424,-1,True,False,False
2018-02-28,237.9,0.6786427145708582,0.7473902422809251,0.6931428040558022,-1,True,False,False,False,0.41317365269461076,0.5626856888176165,0.45529485406249093,-1,True,False,False
2018-03-01,234.44,0.6427145708582834,0.7463486933115456,0.6819365300119091,-1,True,False,False,False,0.313373253493014,0.5529087305695929,0.42375672060260716,-1,True,False,False
2018-03-02,235.65,0.656686626746507,0.7454565334452269,0.6763254403973753,-1,True,False,False,False,0.35129740518962077,0.5450024040841038,0.4076546505108324,-1,True,False,False
2018-03-05,238.37,0.6726546906187625,0.7447321369991925,0.6755097182243502,-1,True,False,False,False,0.4151696606786427,0.5399109239505563,0.4093246527703458,-1,True,False,False
2018-03-06,238.97,0.6926147704590818,0.7442135562375993,0.6793108409431795,-1,True,False,False,False,0.4431137724550898,0.5361149572252439,0.41683334603362227,-1,True,False,False
2018-03-07,238.89,0.6826347305389222,0.7436008316037817,0.6800494830755668,-1,True,False,False,False,0.43912175648702595,0.5323113022943334,0.4217863261343786,-1,True,False,False
2018-03-08,240.04,0.6866267465069861,0.7430339252844106,0.6815110971714377,-1,True,False,False,False,0.46506986027944114,0.5296743829996319,0.43140488927772586,-1,True,False,False
2018-03-09,244.22,0.7125748502994012,0.7427308499114255,0.6884141534220962,-1,True,False,False,False,0.5748502994011976,0.5314459875643992,0.4632816470829418,1,False,False,False
2018-03-12,243.91,0.718562874251497,0.7424903725416749,0.695113869161963,-1,True,False,False,False,0.564870259481038,0.532756743325836,0.4858568942825187,1,False,False,False
2018-03-13,242.34,0.7125748502994012,0.7421927056536922,0.6989940871925049,-1,True,False,False,False,0.5389221556886228,0.532998524202808,0.4976491745949863,1,False,False,False
2018-03-14,241.09,0.7085828343313373,0.7418582790733703,0.7011249198900232,-1,True,False,False,False,0.5089820359281437,0.5320567011332134,0.5001675882245769,1,False,False,False
2018-03-15,240.83,0.6906187624750499,0.7413484331370687,0.6987902182422514,-1,True,False,False,False,0.5029940119760479,0.5309169878329324,0.5007956823915705,-1,True,False,False
2018-03-16,241.09,0.7045908183632734,0.7409826857263841,0.7000792404913674,-1,True,False,False,False,0.5528942115768463,0.5317788397444585,0.5123731333216317,-1,True,False,False
2018-03-19,237.83,0.6866267465069861,0.7404418306097733,0.697089797383727,-1,True,False,False,False,0.48303393213572854,0.5298672747401946,0.5058533108358754,-1,True,False,False
2018-03-20,238.23,0.6766467065868264,0.7398070532563111,0.692546888317749,-1,True,False,False,False,0.49700598802395207,0.5285785968297536,0.5038872390998924,-1,True,False,False
2018-03-21,237.77,0.6606786427145709,0.7390197058877367,0.6854650559614872,-1,True,False,False,False,0.47305389221556887,0.526401157433119,0.4970353842367094,-1,True,False,False
2018-03-22,231.83,0.6127744510978044,0.7377635341982847,0.6693115882140022,-1,True,False,False,False,0.2994011976047904,0.517499198224165,0.4531166760962829,-1,True,False,False
2018-03-23,226.89,0.5409181636726547,0.7358048737950446,0.6407797160937028,-1,True,False,False,False,0.1996007984031936,0.5050325943096171,0.3967798143867075,-1,True,False,False
2018-03-26,233.1,0.6087824351297405,0.7345409689327033,0.6336692092128222,-1,True,False,False,False,0.32335329341317365,0.49790791584308997,0.3804628097259222,-1,True,False,False
2018-03-27,229.13,0.5848303393213573,0.7330513109266202,0.6228161270147189,-1,True,False,False,False,0.2654690618762475,0.4887926666679197,0.35490864353710566,-1,True,False,False
2018-03-28,228.45,0.5768463073852296,0.7314970322844174,0.612600611541499,-1,True,False,False,False,0.26147704590818366,0.47987832859891044,0.3341460662862341,-1,True,False,False
2018-03-29,231.37,0.6047904191616766,0.7302362699647882,0.6108650132348719,-1,True,False,False,False,0.3393213572854291,0.47436629050818574,0.33529613095272187,-1,True,False,False
2018-04-02,226.38,0.5209580838323353,0.7281538999535201,0.5908856955898637,-1,True,False,False,False,0.21756487025948104,0.46429564657686395,0.30913362857644616,-1,True,False,False
2018-04-03,229.28,0.5608782435129741,0.726489465561077,0.5842173729061104,-1,True,False,False,False,0.2834331337325349,0.4572029990143413,0.3034224075000215,-1,True,False,False
2018-04-04,231.73,0.6047904191616766,0.7252785297760084,0.5887891609629029,-1,True,False,False,False,0.3652694610778443,0.4535977622325179,0.3171661971839821,-1,True,False,False
2018-04-05,233.56,0.6207584830339321,0.7242385293109131,0.5958934547564649,-1,True,False,False,False,0.40718562874251496,0.4517776785662433,0.3371705153081005,-1,True,False,False
2018-04-06,228.36,0.5369261477045908,0.7223747245188105,0.5827896087449373,-1,True,False,False,False,0.2754491017964072,0.4448628324184066,0.3234546456388353,-1,True,False,False
2018-04-09,229.48,0.5449101796407185,0.7206089081518643,0.5743719578328887,-1,True,False,False,False,0.2954091816367265,0.43900190493677205,0.31722232030503333,-1,True,False,False
2018-04-10,233.13,0.6067864271457086,0.7194763461518031,0.5815751732357376,-1,True,False,False,False,0.41317365269461076,0.43798903229982455,0.33854483861382834,-1,True,False,False
2018-04-11,231.91,0.5828343313373253,0.7181167241138481,0.5818549861472015,-1,True,False,False,False,0.37325349301397204,0.43545038370037936,0.3462578729249714,-1,True,False,False
2018-04-12,233.82,0.590818363273453,0.7168500737572273,0.583846847730813,-1,True,False,False,False,0.42115768463073855,0.43488988569764836,0.362902275526253,-1,True,False,False
2018-04-13,233.13,0.5808383233532934,0.7154967230069395,0.5831782867580309,-1,True,False,False,False,0.4151696606786427,0.4341165435400403,0.3745172500045618,-1,True,False,True
2018-04-16,235.05,0.6327345309381237,0.7146732186082448,0.5941907854647182,-1,True,False,False,False,0.5189620758483033,0.43744381931683496,0.4066161001920599,1,False,False,False
2018-04-17,237.56,0.6487025948103793,0.7140167944908532,0.6063045208748651,-1,True,False,False,False,0.6067864271457086,0.4440847058983594,0.45109839507064853,1,False,False,False
2018-04-18,237.74,0.6506986027944112,0.7133867627326796,0.616169872412542,-1,True,False,False,False,0.6207584830339321,0.4510130893154407,0.4888006368402671,1,False,False,False
2018-04-19,236.42,0.6147704590818364,0.712405505979935,0.6158588916723852,-1,True,False,False,False,0.5548902195608783,0.45508670226624215,0.5034872107781807,1,False,False,False
2018-04-20,234.41,0.5948103792415169,0.7112354052163687,0.6111814444655256,-1,True,False,False,False,0.49700598802395207,0.45673059582536807,0.5020469390550188,1,False,False,False
2018-04-23,234.38,0.6047904191616766,0.7101762511262724,0.6097612166202258,-1,True,False,False,False,0.500998003992016,0.45846657261621704,0.5018138423743516,1,False,False,False
2018-04-24,231.22,0.5469061876247505,0.7085516733799886,0.5957934323990091,-1,True,False,False,False,0.40119760479041916,0.4562207307406956,0.479454678466811,-1,False,False,False
2018-04-25,231.79,0.564870259481038,0.7071220075700488,0.5889216161950155,-1,True,False,False,False,0.4111776447105788,0.4544543352101028,0.46428200429875943,-1,False,False,False
2018-04-26,234.15,0.5848303393213573,0.7059051750501614,0.5880124435564248,-1,True,False,False,False,0.46107784431137727,0.45471408066505475,0.4635699687460078,-1,False,False,False
2018-04-27,234.37,0.592814371257485,0.7047798934203835,0.5890795386011048,-1,True,False,False,False,0.46706586826347307,0.4551984644924437,0.4643468353054445,-1,False,False,False
2018-04-30,232.57,0.5389221556886228,0.7031295676718088,0.5779334535094421,-1,True,False,False,False,0.437125748502994,0.4544897305320732,0.45829770490489996,-1,False,False,False
2018-05-01,232.98,0.5548902195608783,0.7016545492826453,0.5728127348542057,-1,True,False,False,False,0.4471057884231537,0.4542001641748607,0.4558106123534008,-1,False,False,False
2018-05-02,231.42,0.5229540918163673,0.6998764352780057,0.5617330364013527,-1,True,False,False,False,0.38922155688622756,0.4516519834968751,0.4410130444718068,-1,True,False,False
2018-05-03,230.91,0.5129740518962076,0.6980167100702266,0.5508977065113205,-1,True,False,False,False,0.3872255489021956,0.4491254566500249,0.4290602676785598,-1,True,False,False
2018-05-04,233.9,0.562874251497006,0.6966720089898961,0.553559160952584,-1,True,False,False,False,0.469061876247505,0.44990727702639666,0.4379495140272143,-1,True,False,False
2018-05-07,234.69,0.5688622754491018,0.6954002703476991,0.5569598530629213,-1,True,False,False,False,0.47904191616766467,0.4510498118946817,0.44708115894731437,1,False,False,False
2018-05-08,234.69,0.564870259481038,0.694101464269424,0.5587177211558361,-1,True,False,False,False,0.4750499001996008,0.45199099182820796,0.4532964347811558,1,False,False,False
2018-05-09,236.96,0.5888223552894212,0.6930539109462399,0.5654076398521883,-1,True,False,False,False,0.5189620758483033,0.45461730884860385,0.46788879946274414,1,False,False,False
2018-05-10,239.17,0.626746506986028,0.6923941357824567,0.5790384992152637,-1,True,False,False,False,0.6027944111776448,0.4604281756066055,0.4978678242882776,1,False,False,False
2018-05-11,239.9,0.6287425149700598,0.6917607863216368,0.5900838360496629,-1,True,False,False,False,0.6027944111776448,0.46601116523684233,0.5211848435970259,1,False,False,False
2018-05-14,240.01,0.6207584830339321,0.6910542957416598,0.5969004242683894,-1,True,False,False,False,0.6047904191616766,0.4714534889201692,0.5397638603891706,1,False,False,False
2018-05-15,238.36,0.590818363273453,0.6900569232792896,0.5955488551584035,-1,True,False,False,False,0.5369261477045908,0.4740210441666171,0.5391332575703751,1,False,False,False
2018-05-16,239.36,0.5968063872255489,0.689129057248904,0.5958283067288803,-1,True,False,False,False,0.562874251497006,0.47750548366976964,0.5444090339985154,1,False,False,False
2018-05-17,239.16,0.5988023952095808,0.6882302844922938,0.5964892152801471,-1,True,False,False,False,0.562874251497006,0.48085327848652404,0.5485124156648467,1,False,False,False
2018-05-18,238.56,0.6027944111776448,0.6873801763001084,0.5978903699240354,-1,True,False,False,False,0.5508982035928144,0.48360013829461385,0.5490425907599505,1,False,False,False
2018-05-21,240.36,0.624750499001996,0.6867569954314705,0.6038592874969155,-1,True,False,False,False,0.6127744510978044,0.48866579762022916,0.5632052263905847,1,False,False,False
2018-05-22,239.69,0.6147704590818364,0.6860407114876932,0.6062839922935647,-1,True,False,False,False,0.6087824351297405,0.4933762539931512,0.573333494999286,1,False,False,False
2018-05-23,240.35,0.6107784431137725,0.6852918331954154,0.6072827591424997,-1,True,False,False,False,0.6147704590818364,0.4981368110554526,0.5825417092398527,1,False,False,False
2018-05-24,239.86,0.6087824351297405,0.6845305456524734,0.6076160204729977,-1,True,False,False,False,0.6107784431137725,0.5025541299597004,0.5888165389896126,1,False,False,False
2018-05-25,239.29,0.6147704590818364,0.6838364154378402,0.6092058957194063,-1,True,False,False,False,0.6007984031936128,0.5064068465571088,0.5914791754793904,1,False,False,False
2018-05-29,236.53,0.5728542914171657,0.682732115696341,0.6011277614300194,-1,True,False,False,False,0.5329341317365269,0.5074471322504193,0.5784691657587541,1,False,False,False
2018-05-30,239.69,0.6207584830339321,0.6821154626350235,0.6054901440086667,-1,True,False,False,False,0.626746506986028,0.5121255391027961,0.5891974638092594,1,False,False,False
2018-05-31,238.22,0.5748502994011976,0.6810481475779706,0.5986812896514514,-1,True,False,False,False,0.5469061876247505,0.5134894861036571,0.5797994024349241,1,False,False,False
2018-06-01,240.56,0.5948103792415169,0.6801900603308417,0.5978210873381327,-1,True,False,False,False,0.6047904191616766,0.5170699148510304,0.5853529617075358,1,False,False,False
2018-06-04,241.7,0.6087824351297405,0.6794795366969999,0.6002569424029345,-1,True,False,False,False,0.6047904191616766,0.5205099346279185,0.589672396697345,1,False,False,False
2018-06-05,241.88,0.6127744510978044,0.678815804501983,0.6030386110017945,-1,True,False,False,False,0.6167664670658682,0.5242847006058774,0.5956933012236835,1,False,False,False
2018-06-06,243.9,0.6387225548902196,0.6784168666949008,0.6109683763103334,-1,True,False,False,False,0.6646706586826348,0.529790032295162,0.6110216028812282,1,False,False,False
2018-06-07,243.87,0.6467065868263473,0.6781013415220793,0.6189102008694476,-1,True,False,False,False,0.6706586826347305,0.5353142930927921,0.6242742872708954,1,False,False,False
2018-06-08,244.6,0.6526946107784432,0.6778485382310979,0.626417847515891,-1,True,False,False,False,0.7005988023952096,0.541796038555632,0.6412352906318541,1,False,False,False
2018-06-11,244.92,0.6646706586826348,0.6777174150515113,0.6349184722196118,-1,True,False,False,False,0.716566866267465,0.5486497965051156,0.657975640773101,1,False,False,False
2018-06-12,245.24,0.6666666666666666,0.6776074573561397,0.6419736265411795,-1,True,False,False,False,0.7145708582834331,0.5551565048101477,0.670552355775397,1,False,False,False
2018-06-13,244.46,0.6367265469061876,0.677200682127782,0.6408076088445147,-1,True,False,False,False,0.6746506986027944,0.5598425516255456,0.6714630986259298,1,False,False,False
2018-06-14,245.07,0.6407185628742516,0.6768376759660553,0.640787820851123,-1,True,False,False,False,0.688622754491018,0.5648927556594858,0.6752763554848382,1,False,False,False
2018-06-15,244.75,0.6327345309381237,0.6763988387020958,0.6389982008704564,-1,True,False,False,False,0.6786427145708582,0.5693535383618926,0.6760244352817315,1,False,False,False
2018-06-18,244.25,0.6307385229540918,0.6759445072021157,0.6371627168890421,-1,True,False,False,False,0.6586826347305389,0.5728566401802709,0.6721707018259109,1,False,False,False
2018-06-19,243.31,0.6047904191616766,0.6752365063260916,0.6299688729496276,-1,True,False,False,False,0.6487025948103793,0.575830991342236,0.6669555669335705,1,False,False,False
2018-06-20,243.73,0.6087824351297405,0.6745752717868244,0.6252607756563193,-1,True,False,False,False,0.6467065868263473,0.5786104264592601,0.6624557935764098,1,False,False,False
2018-06-21,242.2,0.6007984031936128,0.673841173591867,0.619824692886829,-1,True,False,False,False,0.5868263473053892,0.5789326194336182,0.6456492499606274,1,False,False,False
2018-06-22,242.64,0.6067864271457086,0.6731739621844426,0.6169273004999133,-1,True,False,False,False,0.6167664670658682,0.5804162997329222,0.639230853761792,1,False,False,False
2018-06-25,239.34,0.5788423153692615,0.6722353388330478,0.6084639704708796,-1,True,False,False,False,0.5289421157684631,0.5783977042833356,0.61472224531883,-1,False,False,False
2018-06-26,239.87,0.5748502994011976,0.6712663334655667,0.600994265788728,-1,True,False,False,False,0.5369261477045908,0.5767713687312279,0.5974342236267769,-1,False,False,False
2018-06-27,237.88,0.5508982035928144,0.670068640631012,0.5898618075229695,-1,True,False,False,False,0.4630738522954092,0.57231264259649,0.5675763633309174,-1,True,False,False
2018-06-28,239.24,0.5508982035928144,0.6688828651380947,0.5812032288718239,-1,True,False,False,False,0.5029940119760479,0.5695942649251001,0.5532247296965019,-1,True,False,False
2018-06-29,239.59,0.5548902195608783,0.6677486099582219,0.5753558934693915,-1,True,False,False,False,0.5109780439121756,0.5672955895912599,0.543836577299985,-1,True,False,False
2018-07-02,240.1,0.5688622754491018,0.6667646663312655,0.5739128672426606,-1,True,False,False,False,0.5189620758483033,0.5654001576797714,0.5383089103107224,-1,True,False,False
2018-07-03,239.25,0.5548902195608783,0.6656514877564358,0.5696856122022644,-1,True,False,False,False,0.5029940119760479,0.5629528578482529,0.5304611551252392,-1,True,False,False
2018-07-05,241.2,0.5808383233532934,0.6648075756728224,0.5721639924580486,-1,True,False,False,False,0.5528942115768463,0.5625584011317272,0.5354462787811518,-1,True,False,False
2018-07-06,243.24,0.6067864271457086,0.6642302508118562,0.5798578668330842,-1,True,False,False,False,0.5728542914171657,0.5629621615350777,0.5437591704780438,-1,True,False,False
2018-07-09,245.43,0.6127744510978044,0.6637182528047512,0.5871726633363553,-1,True,False,False,False,0.6606786427145709,0.5667941804048617,0.5697412754194943,1,False,False,False
2018-07-10,246.32,0.6367265469061876,0.6634496786167058,0.5981846374629847,-1,True,False,False,False,0.6846307385229541,0.5714152218996889,0.595272267220263,1,False,False,False
2018-07-11,244.51,0.6127744510978044,0.6629454474971147,0.6014268182707224,-1,True,False,False,False,0.5968063872255489,0.572410953873252,0.5956131827769933,1,False,False,False
2018-07-12,246.73,0.626746506986028,0.6625852590343178,0.6070534157630125,-1,True,False,False,False,0.6487025948103793,0.57540278292961,0.6074108298955234,1,False,False,False
2018-07-13,246.93,0.6207584830339321,0.6621690722084433,0.6100989862676613,-1,True,False,False,False,0.654690618762475,0.5785121098250164,0.6179174496437349,1,False,False,False
2018-07-16,246.7,0.6207584830339321,0.6617570265450154,0.6124677633268326,-1,True,False,False,False,0.6287425149700598,0.5804819296346261,0.6203230197162515,1,False,False,False
2018-07-17,247.7,0.6407185628742516,0.6615476885980427,0.6187457187818146,-1,True,False,False,False,0.6626746506986028,0.5837051735979193,0.6297344932678851,1,False,False,False
2018-07-18,248.22,0.6467065868263473,0.661400015943598,0.624959245013933,-1,True,False,False,False,0.6826347305389222,0.5875847640661939,0.6414901015503378,1,False,False,False
2018-07-19,247.29,0.6506986027944112,0.6612935342207206,0.6306791022984837,-1,True,False,False,False,0.6666666666666666,0.5906860151485653,0.6470848937984108,1,False,False,False
2018-07-20,247.0,0.6207584830339321,0.660890200378066,0.6284745202396944,-1,True,False,False,False,0.6467065868263473,0.5928829003124,0.6470008255823968,1,False,False,False
2018-07-23,247.46,0.6067864271457086,0.660351854375754,0.6236549439965865,-1,True,False,False,False,0.6387225548902196,0.5946805338252558,0.645161209873024,1,False,False,False
2018-07-24,248.71,0.6207584830339321,0.6599578904818056,0.6230112860048855,-1,True,False,False,False,0.6307385229540918,0.5960945726146218,0.6419561683354835,1,False,False,False
2018-07-25,250.83,0.6487025948103793,0.6598458974900502,0.6287204657394396,-1,True,False,False,False,0.654690618762475,0.5983924567772828,0.6447860462081483,1,False,False,False
2018-07-26,250.24,0.654690618762475,0.6597946011843031,0.6344916108556697,-1,True,False,False,False,0.7085828343313373,0.6027136480539125,0.6589631102355237,1,False,False,False
2018-07-27,248.54,0.6487025948103793,0.659684232961677,0.6376496072900497,-1,True,False,False,False,0.6367265469061876,0.60404748722459,0.6540216517178934,1,False,False,False
2018-07-30,247.24,0.6367265469061876,0.6594557982745577,0.6374444827603025,-1,True,False,False,False,0.5848303393213573,0.603293873581326,0.6386458045186632,1,False,False,False
2018-07-31,248.46,0.6726546906187625,0.6595871305366892,0.6452689733955158,-1,True,False,False,False,0.6107784431137725,0.6035873861120101,0.6324530575397985,1,False,False,False
2018-08-01,248.05,0.654690618762475,0.659538409026498,0.6473626723659511,-1,True,False,False,False,0.5948103792415169,0.6032431897641477,0.6240880179179582,1,False,False,False
2018-08-02,249.4,0.6646706586826348,0.6595894761872556,0.6512088915474364,-1,True,False,False,False,0.6307385229540918,0.6043214381245376,0.6255659079259879,1,False,False,False
2018-08-03,250.47,0.6806387225548902,0.6597989214247445,0.6577488539935372,-1,True,False,False,False,0.6427145708582834,0.6058270511729198,0.6293767219109424,1,False,False,False
2018-08-06,251.39,0.6806387225548902,0.6600062826300196,0.6628354914516157,-1,False,False,False,False,0.6646706586826348,0.6081346436242812,0.6372198189713185,1,False,False,False
2018-08-07,252.22,0.6846307385229541,0.660251302091641,0.6676788796896909,-1,False,False,False,False,0.7145708582834331,0.6123086128266009,0.6544089388184551,1,False,False,False
2018-08-08,252.11,0.6826347305389222,0.6604740227727084,0.6710024021006312,-1,False,False,False,False,0.6926147704590818,0.6154578739102275,0.6628991236274833,1,False,False,False
2018-08-09,251.77,0.6746506986027944,0.660615084223754,0.6718131346566675,-1,False,False,False,False,0.688622754491018,0.6183270849133958,0.668615486041602,1,False,False,False
2018-08-10,250.08,0.656686626746507,0.6605759950946273,0.6684516884544096,-1,False,False,False,False,0.6327345309381237,0.6188920827967185,0.6606419404630512,1,False,False,False
2018-08-13,249.14,0.6506986027944112,0.6604777125841774,0.6645065583077433,-1,False,False,False,False,0.6047904191616766,0.618339076379658,0.648230491284968,1,False,False,False
2018-08-14,250.73,0.6646706586826348,0.6605194334408785,0.6645430250577192,-1,False,False,False,False,0.6407185628742516,0.6192167033010146,0.6465611738603644,1,False,False,False
2018-08-15,248.86,0.6506986027944112,0.6604217137329534,0.661466486776984,-1,False,False,False,False,0.5868263473053892,0.6179464932619706,0.6332867679592588,-1,False,False,False
2018-08-16,250.87,0.6726546906187625,0.6605434348959964,0.6639527542973793,-1,False,False,False,False,0.6367265469061876,0.6186829659539007,0.6340511632807985,-1,False,False,False
2018-08-17,251.76,0.6726546906187625,0.6606639449031881,0.6658865179243534,-1,False,False,False,False,0.6626746506986028,0.6204081300615361,0.6404119382625327,1,False,False,False
2018-08-20,252.3,0.6806387225548902,0.6608626989096728,0.6691647856200282,-1,False,False,False,False,0.6726546906187625,0.6224570147892704,0.6475769943416949,1,False,False,False
2018-08-21,252.89,0.6846307385229541,0.6610991968162726,0.6726016640429007,-1,False,False,False,False,0.7045908183632734,0.6256779482627607,0.6602467330131567,1,False,False,False
2018-08-22,252.74,0.6846307385229541,0.6613333415098716,0.6752747917051347,-1,False,False,False,False,0.6986027944111777,0.6285377461509339,0.6687703022127169,1,False,False,False
2018-08-23,252.4,0.6686626746506986,0.6614062701978399,0.6738054323597045,-1,False,False,False,False,0.6726546906187625,0.6302678224045742,0.6696334996362826,1,False,False,False
2018-08-24,253.92,0.6766467065868264,0.6615579163310638,0.6744368266323982,-1,False,False,False,False,0.6966067864271457,0.6328693504054594,0.6756275633675854,1,False,False,False
2018-08-27,255.93,0.6986027944111777,0.6619265220831048,0.6798070416943492,-1,False,False,False,False,0.7405189620758483,0.6370909038042982,0.6900478741916438,1,False,False,False
2018-08-28,256.05,0.6986027944111777,0.66229146011622,0.6839838756314223,-1,False,False,False,False,0.7365269461077845,0.6409903564436507,0.700376556839675,1,False,False,False
2018-08-29,257.43,0.7125748502994012,0.6627917923568487,0.6903374255576398,-1,False,False,False,False,0.7604790419161677,0.6456761872464946,0.7137326646344512,1,False,False,False
2018-08-30,256.38,0.688622754491018,0.6630488168556962,0.689956387542835,-1,False,False,False,False,0.7045908183632734,0.6479865649373486,0.7117011432408561,1,False,False,False
2018-08-31,256.39,0.6906187624750499,0.6633231446728042,0.6901035819722161,-1,False,False,False,False,0.7125748502994012,0.6505194388731154,0.7118953003649772,1,False,False,False
2018-09-04,255.95,0.6786427145708582,0.6634755782041281,0.6875567225496921,-1,False,False,False,False,0.688622754491018,0.6520136865444057,0.7067236235040975,1,False,False,False
2018-09-05,255.26,0.6826347305389222,0.6636662165358176,0.6864629465472988,-1,False,False,False,False,0.7045908183632734,0.654075534851028,0.7062496668061365,1,False,False,False
2018-09-06,254.49,0.6766467065868264,0.6637953756408028,0.684281559889416,-1,False,False,False,False,0.688622754491018,0.6554303277780865,0.7023325751805547,1,False,False,False
2018-09-07,254.0,0.6766467065868264,0.6639232495805643,0.6825849258221738,-1,False,False,False,False,0.6746506986027944,0.656184067810428,0.6961810470521635,1,False,False,False
2018-09-10,254.44,0.6666666666666666,0.6639505472630131,0.6790475348987277,-1,False,False,False,False,0.6946107784431138,0.6576909976391608,0.6958320984723747,1,False,False,False
2018-09-11,255.28,0.6666666666666666,0.663977573326731,0.6762962308471586,-1,False,False,False,False,0.6866267465069861,0.6588257328888795,0.6937864647022883,1,False,False,False
2018-09-12,255.34,0.6666666666666666,0.6640043304743921,0.6741563276959381,-1,False,False,False,False,0.6906187624750499,0.6600725183628469,0.6930825308740132,1,False,False,False
2018-09-13,256.85,0.6846307385229541,0.6642095683654227,0.6764839745463861,-1,False,False,False,False,0.7045908183632734,0.6618183340491381,0.6956399280938488,1,False,False,False
2018-09-14,256.9,0.6866267465069861,0.6644326248643437,0.6787379238709639,-1,False,False,False,False,0.7045908183632734,0.6634956863751826,0.6976290148203875,1,False,False,False
2018-09-17,255.54,0.6786427145708582,0.6645740187917718,0.6787167662487181,-1,False,False,False,False,0.6786427145708582,0.6640896874808955,0.6934098369871587,1,False,False,False
2018-09-18,256.92,0.7045908183632734,0.664972195901936,0.6844665556075081,-1,False,False,False,False,0.6806387225548902,0.6647386692485031,0.6905718115577657,1,False,False,False
2018-09-19,257.2,0.7125748502994012,0.6654458541546472,0.6907128433168177,-1,False,False,False,False,0.6826347305389222,0.6654404755736175,0.6888080157758005,1,False,False,False
2018-09-20,259.28,0.7345309381237525,0.6661332679254841,0.7004501977183588,-1,False,False,False,False,0.716566866267465,0.6674454320714155,0.6949766492183926,1,False,False,False
2018-09-21,259.04,0.7325349301397206,0.6667939809823422,0.7075801382564393,-1,False,False,False,False,0.720558882235529,0.6695283124700082,0.7006615898888674,1,False,True,False
2018-09-24,258.18,0.7025948103792415,0.6671502081405204,0.706472287617062,-1,False,False,False,False,0.6367265469061876,0.6682419687224075,0.6864538025593829,-1,False,False,False
2018-09-25,257.94,0.688622754491018,0.6673638653181373,0.7025057247001634,-1,False,False,False,False,0.6007984031936128,0.6655971230153959,0.6674192693669896,-1,False,False,False
2018-09-26,257.17,0.6526946107784432,0.667217902586399,0.6914365882731144,-1,False,False,False,False,0.5608782435129741,0.6614905002898107,0.6437434858438751,-1,True,False,False
2018-09-27,257.89,0.654690618762475,0.6670932529961112,0.68327081727075,-1,False,False,False,False,0.5588822355289421,0.6574666467697766,0.6248854302183344,-1,True,False,False
2018-09-28,257.92,0.6626746506986028,0.6670492868040963,0.6786938913658285,-1,False,False,False,False,0.5808383233532934,0.6544616144789341,0.6150971842483253,-1,True,False,False
2018-10-01,258.81,0.6666666666666666,0.6670454796385497,0.6760211747660148,-1,False,False,False,False,0.5728542914171657,0.6512613273000413,0.6057098747302898,-1,True,False,False
2018-10-02,258.66,0.6646706586826348,0.6670218495792868,0.673498837858597,-1,False,False,False,False,0.562874251497006,0.6477951674646282,0.5961908473451156,-1,True,False,False
2018-10-03,258.8,0.6726546906187625,0.6670778977488339,0.6733112495830782,-1,False,False,False,False,0.5369261477045908,0.6434473627681561,0.5830209140916657,-1,True,False,False
2018-10-04,256.78,0.6666666666666666,0.6670738058972701,0.6718346756016534,-1,False,False,False,False,0.48902195608782434,0.6373914644669666,0.5621322567574787,-1,True,False,False
2018-10-05,255.34,0.6407185628742516,0.6668115646731604,0.6649199838844531,-1,True,False,False,False,0.47105788423153694,0.630868578967538,0.5418935073072694,-1,True,False,False
2018-10-08,255.34,0.656686626746507,0.666710819022149,0.6630903489649095,-1,True,False,False,False,0.4630738522954092,0.6242883936078467,0.5243780284157449,-1,True,False,False
2018-10-09,254.97,0.6367265469061876,0.6664124680558211,0.6572317262851934,-1,True,False,False,False,0.4411177644710579,0.6171052316809138,0.5058757475391478,-1,True,False,False
2018-10-10,246.9,0.5249500998003992,0.6650048823020358,0.6278358092885725,-1,True,False,False,False,0.21357285429141717,0.6012804325676002,0.4409195490396521,-1,True,False,False
2018-10-11,241.46,0.4251497005988024,0.6626182635786206,0.582794451801957,-1,True,False,False,False,0.09580838323353294,0.581457999260382,0.3642281788605145,-1,True,False,False
2018-10-12,244.81,0.47904191616766467,0.6607916332561237,0.5597383327721143,-1,True,False,False,False,0.12375249500998003,0.5635087637995819,0.31078913800484015,-1,True,False,False
2018-10-15,243.44,0.47704590818363274,0.6589633175837607,0.5413622384191183,-1,True,False,False,False,0.12375249500998003,0.5462634199254799,0.2692254395615379,-1,True,False,False
2018-10-16,248.76,0.5389221556886228,0.6577688781619185,0.5408199978123416,-1,True,False,False,False,0.25748502994011974,0.534938777180956,0.2666164596456672,-1,True,False,False
2018-10-17,248.8,0.5369261477045908,0.6565664629334874,0.539954697788397,-1,True,False,False,False,0.24550898203592814,0.5235885891360529,0.2619259090657252,-1,True,False,False
2018-10-18,245.21,0.49500998003992014,0.6549589357405167,0.5299669827331799,-1,True,False,False,False,0.21357285429141717,0.511431109338224,0.25118078578254566,-1,True,False,False
2018-10-19,245.08,0.48902195608782434,0.6533078215151167,0.5208680879231009,-1,True,False,False,False,0.2155688622754491,0.4998286682769387,0.24326702500319086,-1,True,False,False
2018-10-22,243.98,0.47904191616766467,0.6515738324071819,0.5115733830885595,-1,True,False,False,False,0.18562874251497005,0.4875071025607831,0.23045851778358623,-1,True,False,False
2018-10-23,242.74,0.4550898203592814,0.6496187676106854,0.49902148025983106,-1,True,False,False,False,0.16966067864271456,0.4750425369169373,0.2169478868633925,-1,True,False,False
2018-10-24,235.38,0.3712574850299401,0.6468490036049068,0.47062948131985527,-1,True,False,False,False,0.13373253493013973,0.4616578309566708,0.19845558643378078,-1,True,False,False
2018-10-25,239.6,0.4091816367265469,0.6444841541832317,0.4569744047435645,-1,True,False,False,False,0.16167664670658682,0.44989386294686357,0.19028248871662656,-1,True,False,False
2018-10-26,235.39,0.37924151696606784,0.6418449239621653,0.43970042968189854,-1,True,False,False,False,0.10179640718562874,0.43624298232877595,0.17061891504307147,-1,True,False,False
2018-10-29,234.09,0.3652694610778443,0.6390929293065999,0.42316021443655316,-1,True,False,False,False,0.15169660678642716,0.42508430093495836,0.16641395765270606,-1,True,False,False
2018-10-30,237.55,0.4171656686626746,0.6368846978574066,0.42182809315346903,-1,True,False,False,False,0.18762475049900199,0.41577216170217574,0.17112746717410515,-1,True,False,False
2018-10-31,240.09,0.4431137724550898,0.6349566289479309,0.42655824410938475,-1,True,False,False,False,0.1996007984031936,0.4072948533375098,0.1774548741139026,-1,True,False,False
2018-11-01,242.65,0.46506986027944114,0.6332662133392893,0.4351163810360639,-1,True,False,False,False,0.23952095808383234,0.40071548489618913,0.19124733721833143,-1,True,False,False
2018-11-02,241.21,0.46506986027944114,0.6315926177864551,0.44177270975681443,-1,True,False,False,False,0.21157684630738524,0.39329828338290274,0.19576500590478785,-1,True,False,False
2018-11-05,242.54,0.46706586826347307,0.6299555357016494,0.44739341164718305,-1,True,False,False,False,0.26746506986027946,0.3883636475584862,0.21169835345045265,-1,True,False,False
2018-11-06,244.08,0.48902195608782434,0.6285532115263874,0.4566441993006589,-1,True,False,False,False,0.3373253493013972,0.3863621456660513,0.23961546363955144,-1,True,False,False
2018-11-07,249.3,0.5349301397205589,0.6276216386725981,0.4740410749495256,-1,True,False,False,False,0.47704590818363274,0.38991837164713294,0.29237778464934727,1,False,False,False
2018-11-08,248.85,0.5409181636726547,0.6267589175283201,0.488902650221332,-1,True,False,False,False,0.49700598802395207,0.39411788601485137,0.33785071873259276,1,False,False,False
2018-11-09,246.42,0.5189620758483033,0.6256863121384693,0.49558252258288116,-1,True,False,False,False,0.44510978043912175,0.3961175681491365,0.36168606577848805,1,False,False,False
2018-11-12,241.81,0.4630738522954092,0.6240682777121702,0.48835837363010964,-1,True,False,False,False,0.3473053892215569,0.3942033650539373,0.3584903598769478,-1,True,False,False
2018-11-13,241.36,0.4590818363273453,0.6224266215789879,0.4818524764517176,-1,True,False,False,False,0.35728542914171657,0.39275560286130123,0.3582225974913409,-1,True,False,False
2018-11-14,239.71,0.4351297405189621,0.6205629710211767,0.47146964624443854,-1,True,False,False,False,0.3213572854291417,0.3899556688443538,0.35003030592196327,-1,True,False,False
2018-11-15,242.21,0.47105788423153694,0.6190753582172998,0.4713781435749048,-1,True,False,False,False,0.36127744510978044,0.38883103261946855,0.35252967018592263,-1,True,False,False
2018-11-16,242.84,0.4810379241516966,0.6177018514106769,0.4735247614808586,-1,True,False,False,False,0.405189620758483,0.3894725458798221,0.3642318814242694,-1,True,False,False
2018-11-19,238.73,0.437125748502994,0.615905074267317,0.46543609193022206,-1,True,False,False,False,0.3393213572854291,0.38750583260161064,0.35869620939341595,-1,True,False,False
2018-11-20,234.32,0.3772455089820359,0.6135303522246773,0.4458381846084029,-1,True,False,False,False,0.2714570858283433,0.3829549013556002,0.3393097374900665,-1,True,False,False
2018-11-21,235.12,0.3852295409181637,0.6112587023609309,0.4323695971216831,-1,True,False,False,False,0.2834331337325349,0.37905208693900944,0.3268927144328373,-1,True,False,False
2018-11-23,233.54,0.3972055888223553,0.609128820634179,0.4245553730551658,-1,True,False,False,False,0.2894211576846307,0.3755371485368769,0.31856570182212474,-1,True,False,False
2018-11-26,237.32,0.437125748502994,0.6074173472796398,0.42734878982134983,-1,True,False,False,False,0.34930139720558884,0.3745082955434931,0.3253958563517834,-1,True,False,False
2018-11-27,238.11,0.4231536926147705,0.6055838780789944,0.42641654599766554,-1,True,False,False,False,0.3592814371257485,0.37391116384083645,0.33292598541266455,-1,True,False,False
2018-11-28,243.6,0.5029940119760479,0.6045630833914029,0.44343376065952833,-1,True,False,False,False,0.49700598802395207,0.3787384118480175,0.3693882082151729,1,False,False,False
2018-11-29,243.06,0.49101796407185627,0.6034332812091189,0.4540080280844901,-1,True,False,False,False,0.48303393213572854,0.3828284322514572,0.3946428135308519,1,False,False,False
2018-11-30,244.55,0.5089820359281437,0.6024934678232385,0.46622447427196867,-1,True,False,False,False,0.5508982035928144,0.38941940367660843,0.42936623354462133,1,False,False,False
2018-12-03,247.78,0.5369261477045908,0.6018410566777794,0.4819359572569958,-1,True,False,False,False,0.6387225548902196,0.3991959978418481,0.4758898605103098,1,False,True,False
2018-12-04,239.75,0.4291417165668663,0.6001226552836411,0.47020390377030036,-1,True,False,False,False,0.3932135728542914,0.3989613929403753,0.4575173521423057,1,False,False,False
2018-12-06,239.39,0.4151696606786427,0.5982823269791138,0.45797407197215423,-1,True,False,False,False,0.4031936127744511,0.3991273623456332,0.44544541006056027,1,False,False,False
2018-12-07,233.83,0.36726546906187624,0.5959836517759572,0.43781660465875916,-1,True,False,False,False,0.26147704590818366,0.39372931072063516,0.40456355136003214,-1,False,False,False
2018-12-10,234.27,0.3772455089820359,0.5938071528426844,0.4243563611750429,-1,True,False,False,False,0.27944111776447106,0.38924742080078556,0.37675856611657416,-1,True,False,False
2018-12-11,234.33,0.3712574850299401,0.5915927282873337,0.4125566109205756,-1,True,False,False,False,0.2994011976047904,0.3857240394989818,0.3595680397806222,-1,True,False,False
2018-12-12,235.51,0.38922155688622756,0.5895790847908052,0.40737104335738716,-1,True,False,False,False,0.3473053892215569,0.3842174257626122,0.3568430063230521,-1,True,False,False
2018-12-13,235.43,0.37924151696606784,0.587486173668171,0.4011200374926495,-1,True,False,False,False,0.3213572854291417,0.3817523222201232,0.3489572905688498,-1,True,False,False
2018-12-14,231.08,0.34331337325349304,0.5850565935645424,0.3882741121061703,-1,True,False,False,False,0.25149700598802394,0.3766442706031781,0.32729944955088847,-1,True,False,False
2018-12-17,226.55,0.2754491017964072,0.5819759220046605,0.3632018875928896,-1,True,False,False,False,0.1536926147704591,0.3679010684136597,0.2887201529330153,-1,True,False,False
2018-12-18,226.3,0.2754491017964072,0.5789259038931357,0.34370126852700467,-1,True,False,False,False,0.1437125748502994,0.359109362783724,0.2564962466924118,-1,True,False,False
2018-12-19,222.91,0.24151696606786427,0.5755686010292026,0.3209936457583068,-1,True,False,False,False,0.12574850299401197,0.3499579565174608,0.22744119253721182,-1,True,False,False
2018-12-20,219.28,0.18762475049900199,0.5717084632129817,0.2913561134784613,-1,True,False,False,False,0.09381237524950099,0.33991303176185456,0.19774589980660942,-1,True,False,False
2018-12-21,214.79,0.16367265469061876,0.5676484054167393,0.2629820115256074,-1,True,False,False,False,0.06187624750499002,0.3290096284576638,0.1675526437395829,-1,True,False,False
2018-12-24,209.11,0.10578842315369262,0.5630527837026792,0.22805010299851522,-1,True,False,False,False,0.011976047904191617,0.3165769390241943,0.1329800668872737,-1,True,False,False
2018-12-26,219.68,0.17564870259481039,0.5591980167264815,0.21640534735324748,-1,True,False,False,False,0.05189620758483034,0.30619730249716043,0.11496143148673073,-1,True,False,False
2018-12-27,221.36,0.20958083832335328,0.555719238831923,0.21488878979104875,-1,True,False,False,False,0.09381237524950099,0.2978684818207816,0.1102616412117908,-1,True,False,False
2018-12-28,221.08,0.20758483033932135,0.5522552148668225,0.2132656876906649,-1,True,False,False,False,0.09181636726546906,0.2897880067401811,0.10616269144594152,-1,True,False,False
2018-12-31,223.01,0.22954091816367264,0.549044127337438,0.21688240557355548,-1,True,False,False,False,0.13373253493013973,0.28366818431625795,0.1122893233313189,-1,True,False,False
2019-01-02,223.25,0.18762475049900199,0.545447914632578,0.21038070444587692,-1,True,False,False,False,0.08582834331337326,0.27590975917888994,0.1064091055495532,-1,True,False,False
2019-01-03,217.92,0.1536926147704591,0.5415498519473828,0.19778335118467297,-1,True,False,False,True,0.041916167664670656,0.26673353990382254,0.09207734157513485,-1,True,False,False
2019-01-04,225.22,0.22554890219560877,0.5384055638901513,0.2039534736315476,-1,True,False,False,False,0.14770459081836326,0.2620657379789026,0.1044389525180745,-1,True,False,False
2019-01-07,226.99,0.24750499001996007,0.5355110308168161,0.21363158838452814,-1,True,False,False,False,0.1936127744510978,0.2593813080366357,0.12425535739207968,-1,True,False,True
2019-01-08,229.13,0.2834331337325349,0.533002793034883,0.2291430429063074,-1,True,False,False,False,0.27944111776447106,0.26016796724164887,0.15874108191927777,-1,True,False,False
2019-01-09,230.2,0.3013972055888224,0.5306982598264645,0.24519952350242186,-1,True,False,False,False,0.32934131736526945,0.2628806476386536,0.19665224535172038,1,False,False,False
2019-01-10,231.01,0.3213572854291417,0.5286152650563418,0.2621234705972485,-1,True,False,False,False,0.41916167664670656,0.269009315442891,0.24609878563949508,1,False,False,False
2019-01-11,231.1,0.32335329341317365,0.5265728573783003,0.2757300978896763,-1,True,False,False,False,0.405189620758483,0.2743497195729142,0.2814523045548257,1,False,False,False
2019-01-14,229.69,0.3033932135728543,0.5243521644051118,0.2818774569303825,-1,True,False,False,False,0.36726546906187624,0.2779934744548343,0.3005218966675036,1,False,False,False
2019-01-15,232.32,0.32934131736526945,0.5224117579669044,0.2924249814714685,-1,True,False,False,False,0.4431137724550898,0.2844687802587659,0.3322089801758561,1,False,False,False
2019-01-16,232.88,0.34331337325349304,0.5206296844871691,0.3037335129785851,-1,True,False,False,False,0.4530938123752495,0.291081526616275,0.35907227622016574,1,False,False,False
2019-01-17,234.65,0.37325349301397204,0.5191632547212667,0.31918239743089327,-1,True,False,False,False,0.5489021956087824,0.30119214108656944,0.4012567027509694,1,False,False,False
2019-01-18,237.77,0.42714570858283435,0.5182476572472524,0.3431742443535468,-1,True,False,False,False,0.6986027944111777,0.3167768725894952,0.46733361200879353,1,False,False,False
2019-01-22,234.56,0.37325349301397204,0.5168049292449313,0.3498585218336413,-1,True,False,False,False,0.6067864271457086,0.328149796297582,0.4983231264836635,1,False,False,False
2019-01-23,235.05,0.3812375249500998,0.5154559998489628,0.35683163363729875,-1,True,False,False,False,0.6147704590818364,0.3393898222891214,0.5242003115054797,1,False,False,False
2019-01-24,235.18,0.3872255489021956,0.5141800749639204,0.36358583702949804,-1,True,False,False,False,0.6526946107784432,0.3516762845828203,0.552754600232805,1,False,False,False
2019-01-25,237.17,0.4251497005988024,0.5132942005921282,0.37726669560045456,-1,True,False,False,False,0.7105788423153693,0.36575089468997907,0.5878266540289303,1,False,False,False
2019-01-28,235.36,0.4091816367265469,0.512258254683018,0.38435890473958617,-1,True,False,False,False,0.6826347305389222,0.37817771178209453,0.6088951154755952,1,False,False,False
2019-01-29,235.05,0.40718562874251496,0.5112127559174409,0.38943151007357035,-1,True,False,False,False,0.7005988023952096,0.39082167611986374,0.6292737125688428,1,False,False,False
2019-01-30,238.77,0.4590818363273453,0.510694040299629,0.40490936035218705,-1,True,False,False,False,0.7724550898203593,0.4057876923434126,0.6610917964025131,1,False,False,False
2019-01-31,240.87,0.4750499001996008,0.5103393722389321,0.42049614698494564,-1,True,False,False,False,0.812375249500998,0.4217323024280238,0.6947103415355098,1,False,False,False
2019-02-01,240.99,0.49500998003992014,0.5101868409732704,0.43705477655271774,-1,True,False,True,False,0.8343313373253493,0.43791265673772284,0.7257372294888075,1,False,False,False
2019-02-04,242.68,0.5249500998003992,0.5103337390710527,0.4565870706077581,-1,True,False,False,False,0.8483033932135728,0.4540064111093248,0.7529741547609776,1,False,False,False
2019-02-05,243.7,0.5528942115768463,0.5107572263596676,0.4779886574897777,-1,True,False,False,False,0.8502994011976048,0.46954731268141425,0.7746019873024503,1,False,False,False
2019-02-06,243.38,0.5588822355289421,0.5112360821722971,0.49596500816514755,-1,True,False,False,False,0.8423153692614771,0.48416566784141674,0.7896494055155674,1,False,False,False
2019-02-07,241.06,0.5189620758483033,0.5113129577312624,0.5010754676502933,-1,True,False,False,False,0.810379241516966,0.4969583570051638,0.7942560357381004,1,False,False,False
2019-02-08,241.35,0.5209580838323353,0.5114089291352533,0.5054938268018582,-1,True,False,False,False,0.810379241516966,0.509249372084058,0.7978389703556261,1,False,False,False
2019-02-11,241.49,0.530938123752495,0.5116032494797034,0.5111481150131109,-1,True,False,False,False,0.810379241516966,0.521058386571623,0.8006256972803683,1,False,False,False
2019-02-12,244.59,0.5888223552894212,0.5123715987912429,0.5284090572967354,-1,False,False,False,False,0.8602794411177644,0.5343611730244129,0.8138820847997896,1,False,False,False
2019-02-13,245.38,0.6067864271457086,0.5133110498196456,0.5458262505965072,-1,False,False,False,False,0.8782435129740519,0.5478467549832222,0.8281846243940701,1,False,False,False
2019-02-14,244.84,0.5948103792415169,0.5141219884208582,0.5567116125176205,-1,False,False,False,False,0.8702594810379242,0.560490391299093,0.8375345925371488,1,False,False,False
2019-02-15,247.51,0.6347305389221557,0.5153220735004731,0.5740491517186282,1,False,False,False,False,0.8962075848303394,0.5736557714375732,0.8505730352689689,1,False,False,False
2019-02-19,247.94,0.6387225548902196,0.5165499389869382,0.5884210190900929,1,False,False,False,False,0.8982035928143712,0.5863831369817614,0.8611576036123916,1,False,False,False
2019-02-20,248.44,0.6606786427145709,0.5179840554419396,0.6044782687844213,1,False,False,False,False,0.908183632734531,0.5990027642661837,0.8716078323062004,1,False,False,False
2019-02-21,247.55,0.6447105788423154,0.5192450158737842,0.6134187821306201,1,False,False,False,False,0.8922155688622755,0.6105013056228932,0.8761873293186616,1,False,False,False
2019-02-22,249.09,0.654690618762475,0.5205927333154627,0.6225903013821434,1,False,False,False,False,0.906187624750499,0.6220968475494659,0.8828540616368477,1,False,False,False
2019-02-25,249.43,0.6526946107784432,0.5219071798573829,0.6292801479146545,1,False,False,False,False,0.9001996007984032,0.6330028378729536,0.8867086258949711,1,False,False,False
2019-02-26,249.25,0.6487025948103793,0.5231688257773133,0.6335962472248156,1,False,False,False,False,0.8942115768463074,0.643246317832693,0.8883759483286015,1,False,False,False
2019-02-27,249.14,0.6526946107784432,0.5244576395584191,0.6378403280145106,1,False,False,False,False,0.8942115768463074,0.6530880926959721,0.8896727546658695,1,False,False,False
2019-02-28,248.68,0.6506986027944112,0.5257137685458418,0.6406977224100441,1,False,False,False,False,0.8822355289421158,0.6620742666664091,0.8880200378383687,1,False,False,False
2019-03-01,250.23,0.6526946107784432,0.5269772595133304,0.6433636976030217,1,False,False,False,False,0.8882235528942116,0.6709428661263229,0.8880652634063337,1,False,False,False
2019-03-04,249.32,0.6467065868263473,0.5281685961035097,0.6441065618748719,1,False,False,False,False,0.8822355289421158,0.6792288529034128,0.8867697668587298,1,False,False,False
2019-03-05,248.98,0.6367265469061876,0.5292487747184618,0.6424665585484977,1,False,False,False,False,0.8702594810379242,0.6867202500851584,0.8831008144541063,1,False,False,False
2019-03-06,247.47,0.6167664670658682,0.5301195975278887,0.6367554271079133,1,False,False,False,False,0.8343313373253493,0.6925089201730089,0.872263152869938,1,False,False,False
2019-03-07,245.4,0.592814371257485,0.5307434261222131,0.6269907480300403,1,False,False,False,False,0.8043912175648703,0.6968964612471995,0.857180500579923,1,False,False,False
2019-03-08,244.91,0.5888223552894212,0.5313213259149218,0.6185088829765694,1,False,False,False,False,0.7584830339321357,0.6993116209603343,0.835247730213748,1,False,False,False
2019-03-11,248.46,0.624750499001996,0.532250969428226,0.6198959087599976,1,False,False,False,False,0.8203592814371258,0.7040585880378556,0.8319391860411653,1,False,False,False
2019-03-12,249.4,0.6207584830339321,0.5331316412053972,0.620087591931983,1,False,False,False,False,0.8263473053892215,0.7088542240124189,0.8306965458962889,1,False,False,False
2019-03-13,251.05,0.624750499001996,0.534043271631234,0.621123793503097,1,False,False,False,False,0.8383233532934131,0.7139314447685363,0.8323913919845387,1,False,False,False
2019-03-14,250.89,0.624750499001996,0.53494583110756,0.6219297280584078,1,False,False,False,False,0.8183632734530938,0.7180268105993033,0.8292740323108843,1,False,False,False
2019-03-15,252.13,0.6347305389221557,0.5359387137723819,0.6247743526947962,1,False,False,False,False,0.8023952095808383,0.7213353752652459,0.8233009605930963,1,False,False,False
2019-03-18,253.04,0.654690618762475,0.5371203247673082,0.631422411820947,1,False,False,False,False,0.8003992015968064,0.7244359174743268,0.8182116808161429,1,False,False,False
2019-03-19,253.11,0.6387225548902196,0.5381312922312178,0.6330446658363409,1,False,False,False,False,0.7944111776447106,0.7271800453241457,0.8129226801113802,1,False,False,False
2019-03-20,252.34,0.6127744510978044,0.5388740102298903,0.6285401736722217,1,False,False,False,False,0.7425149700598802,0.7277814149216255,0.7972765223221581,1,False,False,False
2019-03-21,255.19,0.654690618762475,0.5400264142948912,0.6343513836922781,1,False,False,False,False,0.780439121756487,0.7298464230327966,0.7935348777520089,1,False,False,False
2019-03-22,250.28,0.5948103792415169,0.540571528373962,0.6255644938143311,1,False,False,False,False,0.6626746506986028,0.727212235882436,0.7644548272956964,-1,False,False,False
2019-03-25,250.1,0.5948103792415169,0.5411112184323457,0.6187302461314835,1,False,False,False,False,0.656686626746507,0.7244465257202427,0.7405063382847654,-1,False,False,False
2019-03-26,251.96,0.6147704590818364,0.5418441462000023,0.6178502934537842,1,False,False,False,False,0.688622754491018,0.7230416719465477,0.7289766529972659,-1,False,False,False
2019-03-27,250.64,0.6067864271457086,0.5424903380502084,0.615391656496434,1,False,False,False,False,0.6606786427145709,0.7205960629570584,0.7137993173788891,-1,True,False,False
2019-03-28,251.59,0.6167664670658682,0.5432294040105633,0.6156971699563083,1,False,False,False,False,0.6766467065868264,0.7188725587856768,0.7055431816473197,-1,True,False,False
2019-03-29,253.18,0.6387225548902196,0.544179584616331,0.6208139221638441,1,False,False,False,False,0.7245508982035929,0.71909523876285,0.7097671186598249,-1,True,False,False
2019-04-01,256.18,0.6926147704590818,0.545656551639642,0.6367696662294525,1,False,False,False,False,0.7944111776447106,0.7220488049935112,0.7285769095453551,1,False,False,False
2019-04-02,256.31,0.6926147704590818,0.5471188224736663,0.6491796893915924,1,False,False,False,False,0.7884231536926147,0.7246517206287701,0.7418760749114128,1,False,False,False
2019-04-03,256.71,0.6966067864271457,0.548606264901064,0.659719044288382,1,False,False,False,False,0.780439121756487,0.726839461849465,0.7504456408769848,1,False,False,False
2019-04-04,257.39,0.7045908183632734,0.5501583500101408,0.6696905496383578,1,False,False,False,False,0.7904191616766467,0.7293327834113154,0.7593286454991319,1,False,False,False
2019-04-05,258.64,0.7245508982035929,0.5518935992458965,0.6818817382084101,1,False,False,False,False,0.8203592814371258,0.7329024500005629,0.7728910090409082,1,False,False,False
2019-04-08,258.83,0.7285429141716567,0.5536513038720235,0.692250888422465,1,False,False,False,False,0.8083832335329342,0.7358624807273225,0.7807781700391362,1,False,False,False
2019-04-09,257.51,0.7045908183632734,0.5551531895883545,0.694993095075978,1,False,False,False,False,0.7764471057884231,0.7374540346512872,0.7798157113167554,1,False,False,False
2019-04-10,258.39,0.718562874251497,0.556779156599928,0.7002308237816489,1,False,False,False,False,0.7924151696606786,0.7396093732791066,0.7826155909487383,1,False,False,False
2019-04-11,258.31,0.7285429141716567,0.5584882487150696,0.7065223994238728,1,False,False,False,False,0.7964071856287425,0.7418367384692884,0.7856803897665171,1,False,False,False
2019-04-12,260.06,0.7445109780439122,0.5603392211462024,0.7149643057838816,1,False,False,False,False,0.8143712574850299,0.7446812294110822,0.7920561381484089,1,False,False,False
2019-04-15,259.89,0.7305389221556886,0.5620327505094809,0.7184253316442831,1,False,False,False,False,0.7944111776447106,0.7466314234594598,0.7925794802586981,1,False,False,False
2019-04-16,260.06,0.7325349301397206,0.5637292896102793,0.7215607979766026,1,False,False,False,False,0.7524950099800399,0.7468613680288942,0.7836718201967741,1,False,True,False
2019-04-17,259.43,0.720558882235529,0.565289783069237,0.7213381500341417,1,False,False,False,False,0.6946107784431138,0.7448123253000402,0.7638804775848496,-1,False,False,False
2019-04-18,259.94,0.7365269461077845,0.5669936354377798,0.7247134380505068,1,False,False,False,False,0.6926147704590818,0.7427653623651006,0.7480436537791234,-1,False,False,False
2019-04-22,260.16,0.7265469061876247,0.5685812301716092,0.7251208754143108,1,False,False,False,False,0.6786427145708582,0.7402507487261107,0.7326212228439534,-1,True,False,False
2019-04-23,262.5,0.7485029940119761,0.5703714964784785,0.7303169017693475,1,False,False,False,False,0.7305389221556886,0.7398698927821726,0.7321584893576722,-1,True,False,False
2019-04-24,261.92,0.7485029940119761,0.5721439491902546,0.7343582556010427,1,False,False,False,False,0.7365269461077845,0.7397387968341574,0.7331292575243639,-1,True,False,False
2019-04-25,261.76,0.7325349301397206,0.5737398793489558,0.7339530721651935,1,False,False,False,False,0.7045908183632734,0.73836044473726,0.7267873821552326,-1,True,False,False
2019-04-26,262.97,0.7305389221556886,0.5753000688296198,0.7331943721630813,1,False,False,False,False,0.7105788423153693,0.7372709701324801,0.7231854844130408,-1,True,False,False
2019-04-29,263.39,0.7365269461077845,0.5769043163647259,0.7339349441507931,1,False,False,False,False,0.7085828343313373,0.736145945199102,0.7199404510615511,-1,True,False,False
2019-04-30,263.52,0.7425149700598802,0.5785521835656728,0.7358416165750346,1,False,False,False,False,0.7385229540918163,0.7362391612341105,0.7240698961793879,-1,True,False,False
2019-05-01,261.54,0.7245508982035929,0.5800049070944083,0.7333325680480476,1,False,False,False,False,0.6846307385229541,0.7342153015199475,0.7153056389224026,-1,True,False,False
2019-05-02,260.98,0.716566866267465,0.5813637325588169,0.7296068565412515,1,False,False,False,False,0.6806387225548902,0.7321142592075923,0.7076018797296222,-1,True,False,False
2019-05-03,263.53,0.7385229540918163,0.5829275059074039,0.7315882115524881,1,False,False,False,False,0.7385229540918163,0.7323655805756012,0.7144732295878875,-1,True,False,False
2019-05-06,262.45,0.7285429141716567,0.5843764154423717,0.7309114788011922,1,False,False,False,False,0.7105788423153693,0.7315111986830432,0.7136078101939946,-1,True,False,False
2019-05-07,258.06,0.7105788423153693,0.5856321609833965,0.726393115137676,1,False,False,False,False,0.564870259481038,0.7249762598908077,0.6805550211466709,-1,True,False,False
2019-05-08,257.7,0.6966067864271457,0.58673638611219,0.7197739309797804,1,False,False,False,False,0.5548902195608783,0.7183062190935556,0.6526295096831614,-1,True,False,False
2019-05-09,256.92,0.6946107784431138,0.5878097631503086,0.7141821193049656,1,False,False,False,False,0.5289421157684631,0.7108801758259049,0.6251434221465617,-1,True,False,False
2019-05-10,258.22,0.688622754491018,0.5888128774920073,0.7085022604574216,1,False,False,False,False,0.5788423153692615,0.7057022205138797,0.6148542873071616,-1,True,False,False
2019-05-13,251.73,0.6107784431137725,0.5890314403340149,0.6867858566032774,1,False,False,False,False,0.3992015968063872,0.6936825882116251,0.5669314671958785,-1,True,False,False
2019-05-14,254.0,0.6407185628742516,0.5895457400607834,0.6765486802190495,1,False,False,False,False,0.469061876247505,0.6848739328404831,0.545182669207351,-1,True,False,False
2019-05-15,255.49,0.6506986027944112,0.590154226257138,0.6708042185691299,1,False,False,False,False,0.46706586826347307,0.6763324401119729,0.5278233801087114,-1,True,False,False
2019-05-16,257.86,0.6506986027944112,0.5907566578644741,0.6663363039525257,1,False,False,False,False,0.530938123752495,0.6706307022155228,0.5285155453628856,-1,True,False,False
2019-05-17,256.19,0.6367265469061876,0.5912140696957349,0.6597563579422283,1,False,False,False,False,0.499001996007984,0.6639001647171879,0.5219569788395741,-1,True,False,False
2019-05-20,254.5,0.626746506986028,0.591567626285688,0.6524208355075172,1,False,False,False,False,0.4471057884231537,0.655398424470363,0.5053233809692586,-1,True,False,False
2019-05-21,256.79,0.6526946107784432,0.5921758549871085,0.6524816744566118,1,False,False,False,False,0.5189620758483033,0.6500479794263606,0.5083542020534908,-1,True,False,False
2019-05-22,256.0,0.6367265469061876,0.592619145453965,0.6489805350009619,1,False,False,False,False,0.500998003992016,0.6442028823505039,0.5067194913731631,-1,True,False,False
2019-05-23,252.87,0.6127744510978044,0.5928196957588788,0.640934738578038,1,False,False,False,False,0.43313373253493015,0.635925660789109,0.4903671005202224,-1,True,False,False
2019-05-24,253.45,0.6207584830339321,0.5930976936422128,0.6364511262349033,1,False,False,False,False,0.45109780439121755,0.6286775095578191,0.4816405902693325,-1,True,False,False
2019-05-28,251.09,0.590818363273453,0.593075013738046,0.6263105122434699,1,False,False,False,False,0.39520958083832336,0.6195219045099957,0.46243369928466377,-1,True,False,False
2019-05-29,249.41,0.5748502994011976,0.5928936732968835,0.6148749093896316,1,False,False,False,False,0.3413173652694611,0.6086119225789943,0.4355189583923965,-1,True,False,False
2019-05-30,250.09,0.5808383233532934,0.5927737195661015,0.6073112236037786,1,False,False,False,False,0.3592814371257485,0.5988342564827887,0.41857728699980806,-1,True,False,False
2019-05-31,246.72,0.5469061876247505,0.5923173262134512,0.5938878822751057,1,False,False,False,False,0.32335329341317365,0.5880310814604508,0.3974163995361115,-1,True,False,False
2019-06-03,246.09,0.564870259481038,0.5920442210718352,0.5874395216542018,1,False,False,False,False,0.32934131736526945,0.5778863848292672,0.38228860349814664,-1,True,False,False
2019-06-04,251.43,0.6167664670658682,0.5922902135692883,0.5939566206345721,1,False,False,False,False,0.42714570858283435,0.5719749857607797,0.3922568490725217,-1,True,False,False
2019-06-05,253.61,0.6367265469061876,0.5927323661398047,0.6034610486949311,1,False,False,False,False,0.499001996007984,0.569113299888121,0.41597799283595777,-1,True,False,False
2019-06-06,255.26,0.6367265469061876,0.5931701191822564,0.6108533816307659,1,False,False,False,False,0.5209580838323353,0.567224860042796,0.43930690194626393,-1,True,False,False
2019-06-07,257.81,0.6506986027944112,0.5937425419047654,0.619707875222687,1,False,False,False,False,0.5608782435129741,0.5669759731200579,0.46632275562775505,-1,True,False,True
2019-06-10,259.0,0.6686626746506986,0.5944880158624364,0.6305867195400229,1,False,False,False,False,0.5708582834331337,0.5671282205833157,0.48955287291783917,-1,True,False,False
2019-06-11,258.93,0.6666666666666666,0.5952062113928267,0.638604485568166,1,False,False,False,False,0.5788423153692615,0.5675875968494312,0.5093949712403775,-1,True,False,False
2019-06-12,258.48,0.6526946107784432,0.5957782352673104,0.6417356245037831,1,False,False,False,False,0.5608782435129741,0.5673244849538838,0.5208356984120657,-1,True,False,False
2019-06-13,259.54,0.6706586826347305,0.5965233143455934,0.6481629707551048,1,False,False,False,False,0.6167664670658682,0.5692633862131773,0.5421536470017996,1,False,False,False
2019-06-14,259.26,0.6487025948103793,0.5970425111661385,0.6482828872118325,1,False,False,False,False,0.5888223552894212,0.5700304046083241,0.5525244710657155,1,False,False,False
2019-06-17,259.35,0.6606786427145709,0.597675706504929,0.6510374995457743,1,False,False,False,False,0.5728542914171657,0.5701411452674944,0.5570422089215933,1,False,False,False
2019-06-18,262.07,0.6986027944111777,0.598679956135837,0.6616075650714195,1,False,False,False,False,0.6447105788423154,0.5730654367802325,0.5765240689039759,1,False,False,False
2019-06-19,262.66,0.7065868263473054,0.5997536563369462,0.6716029564660608,1,False,False,False,False,0.654690618762475,0.5762664243089479,0.5938944133169757,1,False,False,False
2019-06-20,265.17,0.7365269461077845,0.6011145845933724,0.6860305097197772,1,False,False,False,False,0.718562874251497,0.5818466772478714,0.6215985157468693,1,False,False,False
2019-06-21,264.78,0.7225548902195609,0.6023229458433842,0.694147038719729,1,False,False,False,False,0.7025948103792415,0.586581898154984,0.6395976923318409,1,False,False,False
2019-06-24,264.46,0.720558882235529,0.6034994228224105,0.7000163372787956,1,False,False,False,False,0.6586826347305389,0.589409378020692,0.6438387906426627,1,False,False,False
2019-06-25,261.86,0.7045908183632734,0.6045053073551555,0.7010328886309017,1,False,False,False,False,0.6307385229540918,0.591030128802394,0.6409276200452025,1,False,False,False
2019-06-26,261.6,0.6926147704590818,0.6053820184308165,0.6991621957038306,1,False,False,False,False,0.6327345309381237,0.5926655955528148,0.6391069335769628,1,False,False,False
2019-06-27,262.53,0.7245508982035929,0.6065677784285556,0.7048041295926667,1,False,False,False,False,0.6806387225548902,0.5961155221019158,0.6483362200165022,1,False,False,False
2019-06-28,263.88,0.7544910179640718,0.6080396514587598,0.7158456603418678,1,False,False,False,False,0.7405189620758483,0.6017784021008936,0.6688212738074679,1,False,False,False
2019-07-01,266.28,0.7664670658682635,0.6096160436419389,0.7270948615699557,1,False,False,False,False,0.780439121756487,0.6087847048324856,0.693625240018361,1,False,False,False
2019-07-02,266.97,0.7604790419161677,0.6111171680028765,0.7345135683135584,1,False,False,False,False,0.7704590818363274,0.6151248764796952,0.7106994270890202,1,False,False,False
2019-07-03,269.11,0.7764471057884231,0.612762242010693,0.7438321321968617,1,False,False,False,False,0.8263473053892215,0.6234081089859511,0.7363989556001761,1,False,False,False
2019-07-05,268.8,0.7744510978043913,0.6143710863469487,0.7506363467763127,1,False,False,False,False,0.8223552894211577,0.6312099591990965,0.7555003631159498,1,False,False,False
2019-07-08,267.32,0.7604790419161677,0.615824896850125,0.7528236123629473,1,False,False,False,False,0.782435129740519,0.6371403580438583,0.7614858668102985,1,False,False,False
2019-07-09,267.66,0.7664670658682635,0.6173238239050318,0.7558554909196842,1,False,False,False,False,0.7784431137724551,0.6426816425822346,0.765254143913,1,False,False,False
2019-07-10,268.93,0.7664670658682635,0.618807836262875,0.7582136186860351,1,False,False,False,False,0.7944111776447106,0.6486318204278219,0.771733484742269,1,False,False,False
2019-07-11,269.56,0.7724550898203593,0.6203366646564819,0.7613783900492183,1,False,False,False,False,0.8043912175648703,0.6547400320802551,0.7789907587028471,1,False,False,False
2019-07-12,270.77,0.7884231536926147,0.6220091670349509,0.7673883375255286,1,False,False,False,False,0.8483033932135728,0.6623307521246989,0.7943935663718973,1,False,False,False
2019-07-15,270.86,0.7764471057884231,0.6235458629429457,0.7694013971395051,1,False,False,False,False,0.8363273453093812,0.6691541479358629,0.8037121839135604,1,False,False,False
2019-07-16,269.99,0.7864271457085829,0.6251665722241958,0.7731848968215224,1,False,False,False,False,0.812375249500998,0.674770661722731,0.8056373095996576,1,False,False,False
2019-07-17,268.15,0.7684630738522954,0.6265924080612914,0.7721356028283608,1,False,False,False,False,0.7704590818363274,0.6785231487860094,0.7978199256522509,1,False,False,False
2019-07-18,269.13,0.7624750499001997,0.6279444741492407,0.7699888132887694,1,False,False,False,False,0.7784431137724551,0.6824415787854778,0.7935139674567407,1,False,False,False
2019-07-19,267.64,0.7564870259481038,0.6292235045153985,0.7669884161019548,1,False,False,False,False,0.7564870259481038,0.6853453218114632,0.7852857582325992,1,False,False,False
2019-07-22,268.29,0.7544910179640718,0.630469947435286,0.7642112165157586,1,False,False,False,False,0.7504990019960079,0.6879003680932102,0.7775553679578011,1,False,False,False
2019-07-23,270.21,0.7744510978043913,0.6319025956976652,0.7664867456910103,1,False,False,False,False,0.7664670658682635,0.690981415064781,0.7750913008267928,1,False,False,False
2019-07-24,271.48,0.7924151696606786,0.6334997357370982,0.7722486176842699,1,False,False,False,False,0.780439121756487,0.69448956042524,0.776279705477836,1,False,False,False
2019-07-25,270.19,0.7764471057884231,0.6349220976281561,0.7731816150407484,1,False,False,False,False,0.7345309381237525,0.696059810531064,0.767002201621373,1,False,False,False
2019-07-26,272.0,0.7764471057884231,0.6363303066645767,0.7739072796513429,1,False,False,False,False,0.7584830339321357,0.6985077800762042,0.7651090532459869,1,False,False,False
2019-07-29,271.5,0.7684630738522954,0.6376450605669421,0.7726974561404434,1,False,False,False,False,0.7425149700598802,0.7002335522324268,0.7600881458712965,1,False,False,False
2019-07-30,270.83,0.7664670658682635,0.6389268715649652,0.771312924968848,1,False,False,False,False,0.7365269461077845,0.70165682258048,0.7548523237016271,1,False,True,False
2019-07-31,267.87,0.7544910179640718,0.6400767635689365,0.7675747234122311,1,False,False,False,False,0.6626746506986028,0.7001281099576613,0.7343683963676217,-1,False,False,False
2019-08-01,265.54,0.7245508982035929,0.6409173022220176,0.7580138733658671,1,False,False,False,False,0.5768463073852296,0.6952935294646249,0.699363487704868,-1,False,False,False
2019-08-02,263.54,0.6926147704590818,0.6414317048910432,0.7434807393865815,1,False,False,False,False,0.499001996007984,0.6875958222702467,0.6548387117722272,-1,True,False,False
2019-08-05,255.61,0.6147704590818364,0.641166418863091,0.7148784548744159,1,False,False,False,False,0.2754491017964072,0.6714332057810766,0.5705299095553783,-1,True,False,False
2019-08-06,259.2,0.6367265469061876,0.6411222410326741,0.6975113642148096,1,False,False,False,False,0.3592814371257485,0.6591919599514559,0.5235858045710161,-1,True,False,False
2019-08-07,259.35,0.6367265469061876,0.6410785027826593,0.6840036270351157,1,False,False,False,False,0.3852295409181637,0.6484483356756404,0.49283996820371556,-1,True,False,False
2019-08-08,264.44,0.6786427145708582,0.6414522760342832,0.6828123131541696,1,False,False,False,False,0.5329341317365269,0.6439183668937144,0.5017497823221181,-1,True,False,False
2019-08-09,262.64,0.6467065868263473,0.6415045577337068,0.6747888184146535,1,False,False,False,False,0.45708582834331335,0.6365916006760516,0.49182445921571705,-1,True,False,False
2019-08-12,259.44,0.6227544910179641,0.6413179899056896,0.6632256345487225,1,False,False,False,False,0.3932135728542914,0.6270473642908846,0.46991092891317804,-1,True,False,False
2019-08-13,263.48,0.6407185628742516,0.6413120254576156,0.6582240630655067,1,False,False,False,False,0.4351297405189621,0.6195211829664954,0.4621817759366856,-1,True,False,False
2019-08-14,255.69,0.5868263473053892,0.6407698794063496,0.6423579040077029,1,False,False,False,False,0.2954091816367265,0.6068109084045437,0.4251211994255836,-1,True,False,False
2019-08-15,256.36,0.5768463073852296,0.6401338239633534,0.627799771424931,1,False,False,False,False,0.32335329341317365,0.5956949235029213,0.4025061092006036,-1,True,False,False
2019-08-16,260.14,0.6067864271457086,0.6398020090696455,0.6231301393628816,1,False,False,False,False,0.405189620758483,0.5882241273168649,0.40310244510235455,-1,True,False,False
2019-08-19,263.28,0.626746506986028,0.6396721035762761,0.6239337766124697,1,False,False,False,False,0.47305389221556887,0.583707647508971,0.4186472111275133,-1,True,False,False
2019-08-20,261.26,0.6107784431137725,0.6393846044671965,0.6210103691683148,1,False,False,False,False,0.4311377245508982,0.577724513275321,0.4214228807771544,-1,True,False,False
2019-08-21,263.39,0.6227544910179641,0.6392191307015325,0.6213979518015702,1,False,False,False,False,0.47305389221556887,0.5736197830376838,0.43289643887457985,-1,True,False,False
2019-08-22,263.31,0.6347305389221557,0.6391744680967626,0.6243607489394781,1,False,False,False,False,0.47305389221556887,0.5696760226132872,0.44182031739479966,-1,True,False,False
2019-08-23,256.54,0.5668662674650699,0.6384549835133627,0.6115841975007208,1,False,False,False,False,0.33532934131736525,0.5604859566801138,0.41815565604425864,-1,True,False,False
2019-08-26,259.38,0.592814371257485,0.6380008480680306,0.6074131250022239,1,False,False,False,False,0.3872255489021956,0.5536914308849014,0.41128229890157797,-1,True,False,False
2019-08-27,258.36,0.5708582834331337,0.6373327628477828,0.5992898268757594,1,False,False,False,False,0.37524950099800397,0.5466937081442387,0.4032750104785615,-1,True,False,False
2019-08-28,260.18,0.5828343313373253,0.63679048989743,0.5956330500894407,1,False,False,False,False,0.3992015968063872,0.5409097037780485,0.40236980744030054,-1,True,False,False
2019-08-29,263.5,0.624750499001996,0.6366706889929978,0.6021035942922307,1,False,False,False,False,0.46506986027944114,0.5379355922682992,0.41630315251566513,-1,True,False,False
2019-08-30,263.39,0.6327345309381237,0.6366315232412081,0.6089104691024292,1,False,False,False,False,0.47904191616766467,0.5356260363427842,0.4302450999938872,-1,True,False,False
2019-09-03,261.85,0.5968063872255489,0.6362352532311021,0.6062206731297891,1,False,False,False,False,0.4311377245508982,0.5315284554882004,0.4304434610065563,-1,True,False,False
2019-09-04,264.82,0.6227544910179641,0.636101116293658,0.6098948548827169,1,False,False,False,False,0.47704590818363274,0.5293918850056683,0.44079956037923995,-1,True,False,True
2019-09-05,268.22,0.6866267465069861,0.6366038588828453,0.6269463863547767,1,False,False,False,False,0.590818363273453,0.5318007665063657,0.47413707213350953,1,False,False,False
2019-09-06,268.43,0.6846307385229541,0.6370817382822495,0.6397651312810384,1,False,False,False,False,0.6027944111776448,0.5345848310032786,0.5027275919210952,1,False,False,False
2019-09-09,268.56,0.7005988023952096,0.6377137488704382,0.6532837248619653,1,False,False,False,False,0.6047904191616766,0.5373379913232158,0.52540822019678,1,False,False,False
2019-09-10,268.5,0.7345309381237525,0.6386771039873866,0.6713386611423625,1,False,False,False,False,0.6047904191616766,0.539983184571783,0.5430487088556459,1,False,False,False
2019-09-11,270.41,0.7584830339321357,0.639869202792807,0.6907040773178676,1,False,False,False,False,0.6407185628742516,0.5439335915640366,0.5647531208597806,1,False,False,False
2019-09-12,271.35,0.7544910179640718,0.6410097183666505,0.7048789530170242,1,False,False,False,False,0.6686626746506986,0.5488249281556705,0.5878441328133179,1,False,False,False
2019-09-13,271.17,0.7584830339321357,0.642178607078745,0.71679097099816,1,False,False,False,False,0.6646706586826348,0.5533678979802573,0.6049166941176105,1,False,False,False
2019-09-16,270.33,0.7724550898203593,0.6434748904891093,0.729160775180871,1,False,False,False,False,0.6766467065868264,0.5582023610628679,0.6208566968885474,1,False,False,False
2019-09-17,271.01,0.7485029940119761,0.6445199462455558,0.7334590460322277,1,False,False,False,False,0.718562874251497,0.5644910086388927,0.6425691807469807,1,False,False,False
2019-09-18,271.18,0.7445109780439122,0.6455148818853405,0.7359150309237131,1,False,False,False,False,0.7245508982035929,0.5707678670531946,0.6607873401817834,1,False,False,False
2019-09-19,271.16,0.7405189620758483,0.6464601961160918,0.7369381267352988,1,False,False,False,False,0.7105788423153693,0.5762506503968093,0.6718521184336914,1,False,False,False
2019-09-20,269.87,0.7365269461077845,0.6473563826831733,0.7368467532625178,1,False,False,False,False,0.688622754491018,0.5806573995769745,0.6755789264464307,1,False,False,False
2019-09-23,269.81,0.7245508982035929,0.6481244873152172,0.7341143410272012,1,False,False,False,False,0.6786427145708582,0.5844999609492837,0.676259768251859,1,False,False,False
2019-09-24,267.69,0.6986027944111777,0.6486267590276149,0.7262228862236404,1,False,False,False,False,0.6147704590818364,0.585687039307423,0.6625954773251873,1,False,False,False
2019-09-25,269.28,0.7125748502994012,0.6492630584432546,0.7231899893515872,1,False,False,False,False,0.6526946107784432,0.5883147872082474,0.6603952847592442,1,False,False,False
2019-09-26,268.72,0.7065868263473054,0.6498334441935437,0.719500397572858,1,False,False,False,False,0.6407185628742516,0.5903698372343652,0.6560226798959126,1,False,False,False
2019-09-27,267.27,0.7005988023952096,0.6503385721358489,0.7153000430889361,1,False,False,False,False,0.5848303393213573,0.5901526020220904,0.6402021597682337,1,False,False,False
2019-09-30,268.51,0.7105788423153693,0.650937977809277,0.7142508873614768,1,False,False,False,False,0.6307385229540918,0.5917442067645218,0.6380991293650911,1,False,True,False
2019-10-01,265.31,0.6626746506986028,0.6510547606240962,0.7027895014363936,1,False,False,False,False,0.46706586826347307,0.5868548601566375,0.6000917380091759,-1,False,False,False
2019-10-02,260.63,0.6067864271457086,0.650614279693963,0.6814554849273525,1,False,False,False,False,0.32335329341317365,0.5765214653823839,0.538594305876731,-1,True,False,False
2019-10-03,262.76,0.6227544910179641,0.6503370678663412,0.668410819614155,1,False,False,False,False,0.38922155688622756,0.5691763709315543,0.5054003616566191,-1,True,False,False
2019-10-04,266.32,0.6526946107784432,0.65036052600477,0.6649183287617746,1,False,False,False,False,0.500998003992016,0.5665027094829449,0.504422059953374,-1,True,False,False
2019-10-07,265.17,0.6427145708582834,0.6502844468490837,0.6599841603387765,1,False,False,False,False,0.46107784431137727,0.5623684010448442,0.49479001203293027,-1,True,False,False
2019-10-08,261.05,0.564870259481038,0.6494345544374615,0.6388477379259456,1,False,False,False,False,0.3033932135728543,0.5522125113400602,0.4522573901529134,-1,True,False,False
2019-10-09,263.53,0.5868263473053892,0.6488115872023165,0.6272874288991553,1,False,False,False,False,0.38323353293413176,0.5455858847359062,0.43691875521540635,-1,True,False,False
2019-10-10,265.31,0.6187624750499002,0.6485125910614965,0.625392994710432,1,False,False,False,False,0.4530938123752495,0.5419587446433315,0.44051321236203816,-1,True,False,False
2019-10-11,268.07,0.6526946107784432,0.6485542031979835,0.6314600205033234,1,False,False,False,False,0.590818363273453,0.5438748081190226,0.4739143570090193,1,False,False,False
2019-10-14,267.77,0.654690618762475,0.6486152620593217,0.6366223756720237,1,False,False,False,False,0.5449101796407185,0.543915410923795,0.48969120648273023,1,False,False,False
2019-10-15,270.42,0.6766467065868264,0.6488941819053666,0.6455166714308688,1,False,False,False,False,0.6007984031936128,0.5461461165030036,0.5143816946407042,1,False,False,False
2019-10-16,269.98,0.6806387225548902,0.6492100479814813,0.6533215716806513,1,False,False,False,False,0.5868263473053892,0.5477414196717246,0.5304805063439675,1,False,False,False
2019-10-17,270.78,0.6826347305389222,0.6495426318875255,0.6598356069824893,1,False,False,False,False,0.6047904191616766,0.5499786353379973,0.5469938203034583,1,False,False,False
2019-10-18,269.59,0.6806387225548902,0.6498520457250117,0.6644585215541339,1,False,False,False,False,0.5768463073852296,0.551032269535928,0.5536277063216297,1,False,False,False
2019-10-21,271.42,0.6866267465069861,0.6502179631457279,0.6693847937658788,1,False,False,False,False,0.6287425149700598,0.5540797301411882,0.5703198860212808,1,False,False,False
2019-10-22,270.54,0.6926147704590818,0.6506398219249653,0.6745470108088129,1,False,False,False,False,0.592814371257485,0.5555987356751606,0.575318660518215,1,False,False,False
2019-10-23,271.32,0.7005988023952096,0.6511369262082514,0.6803362978280122,1,False,False,False,False,0.6087824351297405,0.5576843709478891,0.5827550548763318,1,False,False,False
2019-10-24,271.77,0.6986027944111777,0.6516092234043005,0.6843955192909379,1,False,False,False,False,0.626746506986028,0.5603926900082083,0.5925309331229309,1,False,False,False
2019-10-25,272.88,0.7045908183632734,0.6521364034536435,0.6888833635292346,1,False,False,False,False,0.6207584830339321,0.5627599760092171,0.5988037219920423,1,False,False,False
2019-10-28,274.42,0.7065868263473054,0.6526781987063168,0.6928174663776947,1,False,False,False,False,0.6127744510978044,0.5647213279734754,0.6019083284599894,1,False,False,False
2019-10-29,274.34,0.7105788423153693,0.6532543245133721,0.6967644388082891,1,False,False,False,False,0.6506986027944112,0.5680929858095906,0.6127506116454164,1,False,False,False
2019-10-30,275.18,0.7085828343313373,0.6538048569493717,0.699390748924522,1,False,False,False,False,0.656686626746507,0.5715672462384893,0.6225141705567698,1,False,False,False
2019-10-31,274.44,0.6966067864271457,0.6542307467949217,0.6987720905917717,1,False,False,False,False,0.6167664670658682,0.5733397647023082,0.6212369031143472,1,False,False,False
2019-11-01,276.99,0.7285429141716567,0.654970171345934,0.7053878291650795,1,False,False,False,False,0.6626746506986028,0.5768430935649079,0.630445291466404,1,False,False,False
2019-11-04,278.1,0.7385229540918163,0.6558015423185298,0.7127511902599099,1,False,False,False,False,0.6526946107784432,0.5798176628673994,0.6353895846468571,1,False,False,False
2019-11-05,277.79,0.7245508982035929,0.656485615511416,0.7153733475807283,1,False,False,False,False,0.6367265469061876,0.5820493838100971,0.6356866873711529,1,False,False,False
2019-11-06,277.85,0.7325349301397206,0.6572423251097077,0.7191870325938376,1,False,False,False,False,0.6506986027944112,0.584741510044776,0.6390226685763214,1,False,False,False
2019-11-07,278.83,0.7345309381237525,0.6580113660352206,0.7225967893782632,1,False,False,False,False,0.6227544910179641,0.5862322151809795,0.6354075180077976,1,False,False,False
2019-11-08,279.52,0.7285429141716567,0.6587131724843394,0.7239181504434617,1,False,False,False,False,0.6327345309381237,0.5880558354067498,0.6348135208812034,1,False,False,False
2019-11-11,278.99,0.7285429141716567,0.6594079957847108,0.7249458757163939,1,False,False,False,False,0.6327345309381237,0.5898079411138625,0.6343515231160746,1,False,False,False
2019-11-12,279.57,0.7305389221556886,0.6601157661963624,0.726188774925126,1,False,False,False,False,0.6287425149700598,0.5913347871474389,0.6331050768614046,1,False,False,False
2019-11-13,279.66,0.7305389221556886,0.6608164941163557,0.7271554743096954,1,False,False,False,False,0.6387225548902196,0.5931931309804892,0.6343534053122524,1,False,False,False
2019-11-14,280.07,0.7305389221556886,0.6615102496192347,0.7279073516088049,1,False,False,False,False,0.6666666666666666,0.5960744461054374,0.6415341300576778,1,False,False,False
2019-11-15,282.1,0.7504990019960079,0.6623957098418891,0.7329277183615168,1,False,False,False,False,0.6986027944111777,0.600095165646839,0.6542160554695666,1,False,False,False
2019-11-18,282.31,0.7465069860279441,0.6632326379631435,0.7359453333985007,1,False,False,False,False,0.688622754491018,0.6035668357975911,0.6618619885854446,1,False,False,False
2019-11-19,282.22,0.7544910179640718,0.6641406815452423,0.7400665966352943,1,False,False,False,False,0.6866267465069861,0.6068240871979595,0.6673652681235649,1,False,False,False
2019-11-20,281.18,0.7425149700598802,0.6649205252120547,0.7406106796185357,1,False,False,False,False,0.6826347305389222,0.6097970536034875,0.6707584819936443,1,False,False,False
2019-11-21,280.72,0.7485029940119761,0.6657521915682728,0.7423645272615224,1,False,False,False,False,0.6526946107784432,0.6114793107476033,0.6667442883902663,1,False,False,False
2019-11-22,281.35,0.7445109780439122,0.6665358610854434,0.7428415163242756,1,False,False,False,False,0.6686626746506986,0.6137217956065483,0.6671705964481401,1,False,False,False
2019-11-25,283.53,0.7524950099800399,0.6673911759998175,0.7449867371366677,1,False,False,False,False,0.6906187624750499,0.6167373629347248,0.6723813000096757,1,False,False,False
2019-11-26,284.17,0.7584830339321357,0.6682975626459102,0.7479859142023273,1,False,False,False,False,0.7105788423153693,0.6204174209496521,0.6808696427442742,1,False,False,False
2019-11-27,285.44,0.7684630738522954,0.6692942343992077,0.7525363941245424,1,False,False,False,False,0.7305389221556886,0.6247359111930262,0.6919072603912552,1,False,False,False
2019-11-29,284.38,0.7504990019960079,0.6701022420369868,0.7520836403182014,1,False,False,False,False,0.716566866267465,0.628337125117514,0.6973871728081906,1,False,False,False
2019-12-02,281.96,0.7225548902195609,0.6706241589343258,0.7455216958518368,1,False,False,False,False,0.6586826347305389,0.6295271451023386,0.6887861643464902,1,False,False,False
2019-12-03,280.07,0.7005988023952096,0.6709224140931407,0.735538830639253,1,False,False,False,False,0.6327345309381237,0.6296529249390361,0.6763302458112976,1,False,False,False
2019-12-04,281.8,0.718562874251497,0.6713964485225771,0.7317663958864183,1,False,False,False,False,0.6666666666666666,0.6311044442224727,0.6741827837791574,1,False,False,False
2019-12-05,282.31,0.7305389221556886,0.6719849308472847,0.7314936239462562,1,False,False,False,False,0.6646706586826348,0.6324207663581654,0.6720689782021524,1,False,False,False
2019-12-06,284.88,0.7485029940119761,0.6727463046101175,0.7352734839608606,1,False,False,False,False,0.7065868263473054,0.6353292392989159,0.6797396111232974,1,False,False,False
2019-12-09,283.99,0.7445109780439122,0.6734603809626927,0.7373262604237609,1,False,False,False,False,0.6926147704590818,0.6375757307169616,0.6826007576423606,1,False,False,False
2019-12-10,283.67,0.7285429141716567,0.6740084658702447,0.735374405701071,1,False,False,False,False,0.6726546906187625,0.6389513762033068,0.6803905205260055,1,False,False,False
2019-12-11,284.48,0.7325349301397206,0.6745908187485479,0.734743411131882,1,False,False,False,False,0.6706586826347305,0.6401947999849312,0.6782278898834999,1,False,False,False
2019-12-12,286.93,0.7584830339321357,0.6754255671583349,0.7400188828652717,1,False,False,False,False,0.7145708582834331,0.6431115081534999,0.686304105083485,1,False,False,False
2019-12-13,287.1,0.7544910179640718,0.6762122880618746,0.7432349128872273,1,False,False,False,False,0.7145708582834331,0.6459138356095757,0.6925856057945847,1,False,False,False
2019-12-16,289.07,0.7744510978043913,0.6771897886563275,0.7501718428688192,1,False,False,False,False,0.7385229540918163,0.6495455657461342,0.7027939054161917,1,False,False,False
2019-12-17,289.14,0.7644710578842315,0.6780582589969036,0.7533494462055775,1,False,False,False,False,0.7564870259481038,0.6537393484991526,0.7147257099788388,1,False,False,False
2019-12-18,289.16,0.7724550898203593,0.6789975309453957,0.7575951447866401,1,False,False,False,False,0.7485029940119761,0.6574555698918124,0.7222317730973137,1,False,False,False
2019-12-19,290.34,0.7844311377245509,0.6800466215601138,0.7635586987728424,1,False,False,False,False,0.7704590818363274,0.6618870801641464,0.7329489528170945,1,False,False,False
2019-12-20,291.62,0.7964071856287425,0.6812044381180106,0.7708583625185981,1,False,False,False,False,0.7884231536926147,0.6668492791260472,0.7452765530116545,1,False,False,False
2019-12-23,292.06,0.7964071856287425,0.6823507341131423,0.7765358787652968,1,False,False,False,False,0.782435129740519,0.6713820575815167,0.7535340145069577,1,False,False,False
2019-12-24,292.07,0.8003992015968064,0.6835253457298952,0.7818388393945211,1,False,False,False,False,0.7784431137724551,0.6755805303733182,0.7590693698992904,1,False,False,False
2019-12-26,293.63,0.8003992015968064,0.6846882696688695,0.7859633643283623,1,False,False,False,False,0.7904191616766467,0.6800840061107037,0.7660359902942585,1,False,False,False
2019-12-27,293.55,0.8023952095808383,0.6858594830013269,0.7896148854955791,1,False,False,False,False,0.7944111776447106,0.6845674246022334,0.7723415874832478,1,False,False,False
2019-12-30,291.94,0.7924151696606786,0.6869197385899772,0.7902371708656012,1,False,False,False,False,0.7784431137724551,0.6882488241775363,0.7736974822141828,1,False,False,False
2019-12-31,292.64,0.7984031936127745,0.6880290266996568,0.7920518425871953,1,False,False,False,False,0.7784431137724551,0.6917858551420429,0.77475206700491,1,False,False,False
2020-01-02,295.38,0.8063872255489022,0.6892067202205449,0.7952374832453524,1,False,False,False,False,0.7784431137724551,0.6951841790099023,0.77557229961992,1,False,False,False
2020-01-03,293.14,0.7984031936127745,0.6902932522940994,0.7959409744381128,1,False,False,False,False,0.7584830339321357,0.6976664870460683,0.7717746850226346,1,False,False,False
2020-01-06,294.26,0.8003992015968064,0.691388833879201,0.7969316915844892,1,False,False,False,False,0.7445109780439122,0.6995035259087288,0.7657160834718074,1,False,False,False
2020-01-07,293.44,0.7924151696606786,0.692394071051156,0.7959280200458646,1,False,False,False,False,0.7085828343313373,0.6998595772194194,0.7530198058850364,1,False,False,False
2020-01-08,295.0,0.7964071856287425,0.6934290274151121,0.7960345012865042,1,False,False,False,False,0.7345309381237525,0.701219238431354,0.748911168604751,1,False,False,False
2020-01-09,297.0,0.8203592814371258,0.6946920150173213,0.8014400079866424,1,False,False,False,False,0.7644710578842315,0.70369970193931,0.7523689217779689,1,False,False,False
2020-01-10,296.15,0.8143712574850299,0.6958828532508309,0.8043136189862841,1,False,False,False,False,0.7485029940119761,0.705456693785297,0.7515098267188594,1,False,False,False
2020-01-13,298.18,0.8263473053892215,0.6971810070034518,0.8092099937424924,1,False,False,False,False,0.7744510978043913,0.7081623566880065,0.7566078869600886,1,False,False,False
2020-01-14,297.73,0.8323353293413174,0.6985258261311917,0.8143489572088979,1,False,False,False,False,0.7664670658682635,0.7104488158715461,0.7587988156063497,1,False,False,False
2020-01-15,298.4,0.8383233532934131,0.6999168463019602,0.8196766007832346,1,False,False,False,False,0.7564870259481038,0.7122542358745484,0.7582850845711839,1,False,False,False
2020-01-16,300.88,0.8522954091816367,0.7014330509077281,0.8269252248717683,1,False,False,False,False,0.8143712574850299,0.7162588249573123,0.7707486785520387,1,False,False,False
2020-01-17,301.82,0.8542914171656687,0.7029540296764639,0.8330066009370796,1,False,False,False,False,0.8243512974051896,0.7204977454454643,0.7826603716305166,1,False,False,False
2020-01-21,301.23,0.8363273453093812,0.7042811273444533,0.8337445441309244,1,False,False,False,False,0.7844311377245509,0.7230049372995461,0.7830538752069687,1,False,False,False
2020-01-22,301.26,0.8363273453093812,0.7055950200605222,0.8343184999483592,1,False,False,False,False,0.7664670658682635,0.7247093344983193,0.7793679175761452,1,False,False,False
2020-01-23,301.61,0.8363273453093812,0.7068958392172273,0.8347649100285862,1,False,False,False,False,0.7624750499001997,0.7261903429454519,0.7756139469814907,1,False,True,False
2020-01-24,298.93,0.810379241516966,0.7079255248122497,0.8293458725815595,1,False,False,False,False,0.6826347305389222,0.7244822797138233,0.7549518988831422,-1,False,False,False
2020-01-27,294.14,0.7564870259481038,0.7084087238285269,0.8131550177741248,1,False,False,False,False,0.5748502994011976,0.7186143589172498,0.7149293212204879,-1,True,False,False
2020-01-28,297.22,0.7864271457085829,0.7091850265338011,0.8072154906484489,1,False,False,False,False,0.6147704590818364,0.7145420491197826,0.6926717963007876,-1,True,False,False
2020-01-29,296.97,0.7644710578842315,0.709735136298482,0.7977167278119561,1,False,False,False,False,0.590818363273453,0.7096901398709069,0.670037700072491,-1,True,False,False
2020-01-30,297.94,0.7664670658682635,0.7102996331101217,0.7907723584911355,1,False,False,False,False,0.6067864271457086,0.7056547001561932,0.655981861644317,-1,True,False,False
2020-01-31,292.53,0.7145708582834331,0.71034213286309,0.7738386917783127,1,False,False,False,False,0.48902195608782434,0.6971592984280219,0.6188796604095409,-1,True,False,False
2020-02-03,294.7,0.7265469061876247,0.7105033743887074,0.7633294060914931,1,False,False,False,False,0.5289421157684631,0.6905625461668627,0.5988935393781902,-1,True,False,False
2020-02-04,299.19,0.7644710578842315,0.7110403662642847,0.7635831064898795,1,False,False,False,False,0.6087824351297405,0.6873554829889363,0.6010910717674236,-1,True,False,False
2020-02-05,302.65,0.8023952095808383,0.7119493696803698,0.7722080182878703,1,False,False,False,False,0.6926147704590818,0.687561729556393,0.6214296714766809,-1,True,False,False
2020-02-06,303.66,0.8063872255489022,0.7128890498382656,0.7798033976792108,1,False,False,False,False,0.6746506986027944,0.6870554146170362,0.6332565663935951,-1,True,False,False
2020-02-07,302.05,0.7664670658682635,0.7134221644256289,0.7768397683878892,1,False,False,False,False,0.6447105788423154,0.6853948328219491,0.6358019024933107,-1,True,False,False
2020-02-10,304.3,0.780439121756487,0.714088999821956,0.777639624692022,1,False,False,False,False,0.6586826347305389,0.6843472956418939,0.6408865096571392,-1,True,False,False
2020-02-11,304.83,0.7944111776447106,0.7148882254719336,0.7813666364592862,1,False,False,False,False,0.6926147704590818,0.6846715103406071,0.6523816787242376,-1,True,False,False
2020-02-12,306.79,0.810379241516966,0.7158383848355658,0.7878138820276595,1,False,False,False,False,0.718562874251497,0.6860005834351519,0.6670886110636286,1,False,False,False
2020-02-13,306.47,0.7984031936127745,0.7166599252214088,0.7901670623799072,1,False,False,False,False,0.7025948103792415,0.6866513374329594,0.6749788775782093,1,False,False,False
2020-02-14,306.96,0.8043912175648703,0.7175328734039308,0.7933279857543435,1,False,False,False,False,0.6906187624750499,0.6868069227287277,0.678454407555285,1,False,False,False
2020-02-18,306.17,0.780439121756487,0.7181588062233593,0.7904637937548198,1,False,False,False,False,0.656686626746507,0.6856257346509935,0.6736171229311121,-1,True,False,False
2020-02-19,307.63,0.7904191616766467,0.7188778147353323,0.7904538755152257,1,False,False,False,False,0.6786427145708582,0.6853518907262824,0.6747339210732779,-1,True,False,False
2020-02-20,306.37,0.8043912175648703,0.7197286943654769,0.793551062637369,1,False,False,False,False,0.6686626746506986,0.6846974116644949,0.6733847552015936,-1,True,False,False
2020-02-21,303.21,0.782435129740519,0.7203526389960744,0.7910808553269578,1,False,True,False,False,0.6127744510978044,0.6818769034069777,0.6599157987340849,-1,True,False,False
2020-02-24,293.15,0.688622754491018,0.7200369187522431,0.7683123884745267,1,False,False,False,False,0.4291417165668663,0.6719657196093263,0.6086326693635918,-1,True,False,False
2020-02-25,284.27,0.5528942115768463,0.7183738072380601,0.7204416824972644,-1,False,False,False,False,0.281437125748503,0.6566508727912548,0.5359225485602388,-1,True,False,False
2020-02-26,283.23,0.5229540918163673,0.7164293324577448,0.6765555512348428,-1,True,False,False,False,0.24750499001996007,0.6406059362119884,0.47182975777351016,-1,True,False,False
2020-02-27,270.51,0.40119760479041916,0.7132926983516023,0.6153648964694154,-1,True,False,False,False,0.09580838323353294,0.6192413262912647,0.3882694523201819,-1,True,False,False
2020-02-28,269.37,0.3033932135728543,0.7092140965130078,0.5460378558257352,-1,True,False,False,False,0.05389221556886228,0.5970707729296019,0.3139633997087775,-1,True,False,False
2020-03-02,281.03,0.48303393213572854,0.7069635476137315,0.5320369838946226,-1,True,False,False,False,0.17165668662674652,0.5803878675843919,0.2823396856905484,-1,True,False,False
2020-03-03,272.99,0.405189620758483,0.7039608219733807,0.5038486809754805,-1,True,False,False,False,0.12974051896207583,0.5627154225403794,0.24842875975088782,-1,True,False,False
2020-03-04,284.46,0.5109780439121756,0.7020405953260056,0.5054329838503017,-1,True,False,False,False,0.2874251497005988,0.5519197255662704,0.25709462418415696,-1,True,False,False
2020-03-05,275.01,0.4231536926147705,0.6992656012691775,0.4871486969090725,-1,True,False,False,False,0.2055888223552894,0.538338121518781,0.24564889044440863,-1,True,False,False
2020-03-06,270.46,0.3912175648702595,0.6962004466781434,0.465830667567114,-1,True,False,False,False,0.15768463073852296,0.5234105336450454,0.22610127717643405,-1,True,False,False
2020-03-09,249.34,0.18762475049900199,0.6911399919897938,0.4040071304408669,-1,True,False,False,False,0.05588822355289421,0.5050763254061376,0.18827615414898075,-1,True,False,False
2020-03-10,262.24,0.29740518962075846,0.6872222327622413,0.3803178102586206,-1,True,False,False,False,0.08982035928143713,0.48879177771497284,0.16639708862285996,-1,True,False,False
2020-03-11,249.46,0.15169660678642716,0.6818936195684521,0.329513098375911,-1,True,False,False,False,0.03792415169660679,0.4711106943417036,0.13784754708369257,-1,True,False,False
2020-03-12,225.59,0.06786427145708583,0.6757838748111251,0.2713689146161721,-1,True,False,False,False,0.013972055888223553,0.4531836889121554,0.11031966015136613,-1,True,False,False
2020-03-13,244.87,0.13373253493013973,0.6703903291406677,0.24078305246372045,-1,True,False,False,False,0.03792415169660679,0.43689900117821234,0.09423176938364183,-1,True,False,False
2020-03-16,218.08,0.041916167664670656,0.6641368548971254,0.19659041139726494,-1,True,False,False,False,0.017964071856287425,0.4204701804204898,0.07728339215534084,-1,True,False,False
2020-03-17,229.85,0.11177644710578842,0.658640731436515,0.17774286377693682,-1,True,False,False,False,0.043912175648702596,0.405703199841204,0.0698675662649768,-1,True,False,False
2020-03-18,218.22,0.07385229540918163,0.6528219410282828,0.15465607080632457,-1,True,False,False,False,0.03592814371257485,0.3912022172479244,0.062325472364443024,-1,True,False,False
2020-03-19,218.68,0.059880239520958084,0.6469220236003492,0.13359477496513203,-1,True,False,False,False,0.02594810379241517,0.37687852652417897,0.05424161268177016,-1,True,False,False
2020-03-20,209.26,0.03592814371257485,0.6408424825069386,0.11189107913123043,-1,True,False,False,False,0.015968063872255488,0.36272517504763296,0.045736379612989125,-1,True,False,False
2020-03-23,203.91,0.03592814371257485,0.6348234343597311,0.09501042681597364,-1,True,False,False,False,0.013972055888223553,0.3490485821394208,0.038677641007485664,-1,True,False,False
2020-03-24,222.38,0.05788423153692615,0.6290827457744296,0.08676016119840754,-1,True,False,False,False,0.01996007984031936,0.33614315067671097,0.034518182970337596,-1,True,False,False
2020-03-25,225.71,0.05189620758483034,0.6233395961407022,0.07901261595094594,-1,True,False,False,True,0.013972055888223553,0.32350899009677025,0.02995237695209003,-1,True,False,False
2020-03-26,238.89,0.10778443113772455,0.6182096940013692,0.08540635265911896,-1,True,False,False,False,0.041916167664670656,0.3124661343151193,0.03261099711044128,-1,True,False,False
2020-03-27,231.78,0.07584830339321358,0.6128130632490492,0.08328234171113998,-1,True,False,False,False,0.02594810379241517,0.30123013311815056,0.03113035415087992,-1,True,False,False
2020-03-30,239.3,0.1317365269461078,0.6080262320420547,0.09404993843002171,-1,True,False,False,False,0.06187624750499002,0.29184370623135997,0.03796277489623772,-1,True,False,False
2020-03-31,235.74,0.10578842315369262,0.6030288409088372,0.09665849059083748,-1,True,False,False,False,0.04790419161676647,0.2822774507562779,0.040171978611910776,-1,True,False,False
2020-04-01,225.13,0.07984031936127745,0.5978229849730406,0.09292111920649081,-1,True,False,False,False,0.033932135728542916,0.27253841879440593,0.03878534686005125,-1,True,False,False
2020-04-02,230.32,0.09381237524950099,0.5928079540305179,0.09311917610493753,-1,True,False,False,False,0.059880239520958084,0.2641988823523099,0.04347310078469721,-1,True,False,False
2020-04-03,226.99,0.08782435129740519,0.5877832415655118,0.09194254836993034,-1,True,False,False,False,0.0499001996007984,0.2557950124404859,0.04490134496605303,-1,True,False,False
2020-04-06,242.24,0.14570858283433133,0.583384488742316,0.10389055602868612,-1,True,False,False,False,0.12574850299401197,0.2506951493249379,0.06286738008337724,-1,True,False,False
2020-04-07,242.49,0.13373253493013973,0.578910339948165,0.1105221068956758,-1,True,False,False,False,0.10778443113772455,0.24509080743524328,0.0728489469843433,-1,True,False,False
2020-04-08,250.63,0.18962075848303392,0.5750368117743826,0.12809958502619984,-1,True,False,False,False,0.18962075848303392,0.24291551139790174,0.09879823842849676,-1,True,False,False
2020-04-09,254.44,0.21357285429141717,0.5714401554810197,0.14709364486291482,-1,True,False,False,False,0.25349301397205587,0.2433303154204176,0.13317485521595435,-1,True,False,False
2020-04-13,252.12,0.17365269461077845,0.5674820712932561,0.15299565591799563,-1,True,False,False,False,0.18363273453093812,0.24098923381690862,0.14438771728595073,-1,True,False,True
2020-04-14,259.55,0.249500998003992,0.5643180805142585,0.1744412874926615,-1,True,False,False,False,0.31736526946107785,0.24398437246962115,0.18282717332486786,1,False,False,False
2020-04-15,254.04,0.2055888223552894,0.5607486351594428,0.18136296190657883,-1,True,False,False,False,0.25149700598802394,0.24427898554877422,0.19808713613890255,1,False,False,False
2020-04-16,255.26,0.24151696606786427,0.5575722006411187,0.19473051838686448,-1,True,False,False,False,0.28542914171656686,0.24589271716319747,0.21749647071171685,1,False,False,False
2020-04-17,262.16,0.2894211576846307,0.5549040310594621,0.215772882675257,-1,True,False,False,False,0.40718562874251496,0.2522179293819942,0.2596496169407831,1,False,False,False
2020-04-20,257.54,0.249500998003992,0.5518651949096565,0.2232680194149759,-1,True,False,False,False,0.32934131736526945,0.25524237596957366,0.27513666147955784,1,False,False,False
2020-04-21,249.72,0.19161676646706588,0.5482806334326158,0.21623440764877366,-1,True,False,False,False,0.21756487025948104,0.2537648267260406,0.26234293009731857,-1,False,False,False
2020-04-22,255.26,0.22954091816367264,0.5451090939772035,0.21919140998541786,-1,True,False,False,False,0.3193612774451098,0.256337236558161,0.2750136739523833,1,False,False,False
2020-04-23,255.24,0.22954091816367264,0.5419691121283128,0.2214913006916967,-1,True,False,False,False,0.32934131736526945,0.25920014168785155,0.28708648359969136,1,False,False,False
2020-04-24,258.8,0.24750499001996007,0.5390391208635531,0.2272721205424219,-1,True,False,False,False,0.41916167664670656,0.26547314305878705,0.3164365264990281,1,False,False,False
2020-04-27,262.53,0.2694610778443114,0.5363567522762971,0.23664744438728624,-1,True,False,False,False,0.5409181636726547,0.27627490857305637,0.36632133475983397,1,False,False,False
2020-04-28,261.33,0.26746506986027946,0.5336812131477795,0.24349580560350695,-1,True,False,False,False,0.6127744510978044,0.2894709690642229,0.42108869394604964,1,False,False,False
2020-04-29,268.17,0.33532934131736525,0.5317075626818052,0.2639032579843643,-1,True,False,False,False,0.7564870259481038,0.3077853242361398,0.4956216566131728,1,False,False,False
2020-04-30,265.67,0.281437125748503,0.5292173095779912,0.2677996730430618,-1,True,False,False,False,0.6706586826347305,0.3220156520164767,0.5345187735068523,1,False,False,False
2020-05-01,258.64,0.2315369261477046,0.5262553157130132,0.25974128484409353,-1,True,False,False,False,0.5528942115768463,0.3310697131757069,0.5386022041890732,1,False,False,False
2020-05-04,259.35,0.25149700598802394,0.5235214021834114,0.2579092228760781,-1,True,False,False,False,0.5588822355289421,0.34000353758171614,0.5431088778201552,1,False,False,False
2020-05-05,261.75,0.27944111776447106,0.5210927426369543,0.26269408840683206,-1,True,False,False,False,0.6067864271457086,0.35046561168226487,0.5572594443369449,1,False,False,False
2020-05-06,259.97,0.281437125748503,0.5187081096330891,0.2668592078160923,-1,True,False,False,False,0.5608782435129741,0.35871708744033187,0.558063621931618,1,False,False,False
2020-05-07,263.11,0.29740518962075846,0.5165060905284888,0.27364720377268476,-1,True,False,False,False,0.6626746506986028,0.3706369918818327,0.5813105172131701,1,False,False,False
2020-05-08,267.46,0.33532934131736525,0.514703336804995,0.2873543454492804,-1,True,False,False,False,0.7644710578842315,0.3860814650583974,0.622012859584517,1,False,False,False
2020-05-11,267.52,0.3313373253493014,0.5128787993775752,0.2971283409826184,-1,True,False,False,False,0.716566866267465,0.3990416768705177,0.6430248610696165,1,False,False,False
2020-05-12,262.19,0.2954091816367265,0.5107149225841339,0.2967463055724202,-1,True,False,False,False,0.626746506986028,0.4079712780515181,0.6394074490510413,1,False,False,False
2020-05-13,257.55,0.281437125748503,0.5084335514713415,0.29334426561154975,-1,True,False,False,False,0.5469061876247505,0.4134197058779194,0.6188516131785322,1,False,False,False
2020-05-14,260.63,0.3013972055888224,0.5063734883282319,0.29513380782872145,-1,True,False,False,False,0.5948103792415169,0.42053306561766834,0.6135091167480844,1,False,False,False
2020-05-15,261.83,0.29740518962075846,0.5042942017739288,0.295638559338063,-1,True,False,False,False,0.6187624750499002,0.4283067679483441,0.6146765297040435,1,False,False,False
2020-05-18,269.8,0.3712574850299401,0.5029704533486155,0.312442765047369,-1,True,False,False,False,0.8183632734530938,0.44360310149755,0.6599402505371658,1,False,False,False
2020-05-19,267.03,0.3333333333333333,0.5012825218061748,0.31708511355536106,-1,True,False,False,False,0.7704590818363274,0.4564209830794628,0.6844999908258683,1,False,False,False
2020-05-20,271.57,0.3852295409181637,0.5001277657774384,0.33222831963598387,-1,True,False,False,False,0.8203592814371258,0.4706930732111359,0.7146909442950367,1,False,False,False
2020-05-21,269.69,0.3592814371257485,0.498726309770954,0.33824012352259825,-1,True,False,False,False,0.8203592814371258,0.48440547353372376,0.7381727969932788,1,False,False,False
2020-05-22,270.21,0.37924151696606784,0.49753740635996013,0.3473515442878137,-1,True,False,False,False,0.8243512974051896,0.49773668231299695,0.7573235748625923,1,False,False,False
2020-05-26,273.54,0.4111776447105788,0.49667810524902106,0.36153512215953926,-1,True,False,False,False,0.8902195608782435,0.5131281677469282,0.7868560161994036,1,False,False,False
2020-05-27,277.61,0.4550898203592814,0.4962642914690237,0.38232505509281534,-1,True,False,False,False,0.9161676646706587,0.5289336382145254,0.8155919380819048,1,False,False,False
2020-05-28,277.09,0.4590818363273453,0.49589431679099705,0.3993821175893776,-1,True,False,False,False,0.936127744510978,0.5449020345398765,0.8423776728439211,1,False,False,False
2020-05-29,278.33,0.47305389221556887,0.49566704888477386,0.41575362306186453,-1,True,False,False,False,0.93812375249501,0.5603224940675288,0.8636545794330519,1,False,False,False
2020-06-01,279.45,0.4750499001996008,0.49546190312671246,0.428930573536917,-1,True,False,False,False,0.9461077844311377,0.5754513289837488,0.881977513877071,1,False,False,False
2020-06-02,281.77,0.4930139720558882,0.4954375456036197,0.443171328763355,-1,True,False,False,False,0.9481037924151696,0.5900651510790986,0.8966722424410929,1,False,False,False
2020-06-03,285.52,0.5429141716566867,0.4959099498429537,0.4653364049618732,-1,True,False,False,False,0.9461077844311377,0.6040276072889825,0.9076579184388807,1,False,False,False
2020-06-04,284.77,0.5389221556886228,0.49633793199067183,0.481688794012262,-1,True,False,False,False,0.93812375249501,0.6171294169049052,0.9144281037846872,1,False,False,False
2020-06-05,292.07,0.6327345309381237,0.49769511207970124,0.5152545133291202,1,False,False,False,False,0.9401197604790419,0.6297957048882047,0.9201373608278771,1,False,False,False
2020-06-08,295.6,0.7005988023952096,0.49971405427189536,0.5564421331215845,1,False,False,False,False,0.9481037924151696,0.6422783749873013,0.926352123402831,1,False,False,False
2020-06-09,293.39,0.6127744510978044,0.50083903334479,0.5689604260051889,1,False,False,False,False,0.9401197604790419,0.6539584293203108,0.9294115983086556,1,False,False,False
2020-06-10,291.75,0.5429141716566867,0.5012576914374457,0.5631723694832995,1,False,False,False,False,0.936127744510978,0.6650238926611214,0.9309040752425051,1,False,False,False
2020-06-11,274.93,0.40119760479041916,0.500262068684739,0.5271779773293261,1,False,False,False,False,0.7844311377245509,0.6697065297224323,0.8983545335718486,1,False,False,False
2020-06-12,278.23,0.4291417165668663,0.4995544034895363,0.505392141604335,1,False,False,False,False,0.7964071856287425,0.6746751828952288,0.8756995673622695,1,False,False,False
2020-06-15,280.82,0.4471057884231537,0.49903252672270665,0.4924396186751836,1,False,False,False,False,0.8203592814371258,0.6803882847988326,0.8634017260455709,1,False,False,False
2020-06-16,286.23,0.4810379241516966,0.49885347595085583,0.48990590878107537,1,False,False,False,False,0.8782435129740519,0.6881473133547236,0.8666999009185666,1,False,False,False
2020-06-17,285.04,0.47105788423153694,0.4985769028989223,0.4857174588811779,1,False,False,False,False,0.8562874251497006,0.6947410432290364,0.8643860174143743,1,False,False,False
2020-06-18,285.15,0.4590818363273453,0.4981839171618917,0.4797984316469929,1,False,False,False,False,0.8323353293413174,0.7001368975863809,0.8572636422870283,1,False,False,False
2020-06-19,283.52,0.4550898203592814,0.49775512017878115,0.4743076291386126,1,False,False,False,False,0.7664670658682635,0.7027380806562586,0.8370866253050806,1,False,False,False
2020-06-22,285.34,0.4530938123752495,0.497310729056358,0.469593447635643,1,False,False,False,False,0.7724550898203593,0.7054720810156352,0.8227240618640315,1,False,False,False
2020-06-23,286.66,0.4590818363273453,0.4969303420640295,0.46725753401157677,1,False,False,False,False,0.7584830339321357,0.7075509419143216,0.8084482778791657,1,False,True,False
2020-06-24,279.34,0.3992015968063872,0.4959579167380828,0.4521339924104235,1,False,False,False,False,0.5848303393213573,0.7027383692636171,0.7587554026440972,-1,False,False,False
2020-06-25,282.34,0.4171656686626746,0.4951739142696708,0.4443632537998127,1,False,False,False,False,0.6367265469061876,0.7001496703476395,0.7316378791467839,-1,False,False,False
2020-06-26,275.63,0.3772455089820359,0.49400049730163464,0.42944819939586226,-1,True,False,False,False,0.49700598802395207,0.6921832514329851,0.6794974588972658,-1,True,False,False
2020-06-29,279.68,0.4111776447105788,0.49317638931565405,0.425388076132466,-1,True,False,False,False,0.624750499001996,0.6895388297690248,0.667331467809428,-1,True,False,False
2020-06-30,283.27,0.4491017964071856,0.49273783615238576,0.4306577917490703,-1,True,False,False,False,0.7105788423153693,0.6903639283002541,0.676941995477415,-1,True,False,False
2020-07-01,285.25,0.44510978043912175,0.49226392515026374,0.433869344791304,-1,True,False,False,False,0.7005988023952096,0.6907652959118209,0.6821990636813693,-1,True,False,False
2020-07-02,286.82,0.46506986027944114,0.4919933374401063,0.4408027926775567,-1,True,False,False,False,0.7025948103792415,0.691229198439955,0.686731451836452,-1,True,False,False
2020-07-06,291.25,0.48502994011976047,0.4919240499045805,0.45063104766471307,-1,True,False,False,False,0.7445109780439122,0.6933186799930514,0.6995713465492209,1,False,False,False
2020-07-07,288.24,0.46107784431137727,0.4916171224857427,0.45295255803063844,-1,True,False,False,False,0.6586826347305389,0.6919604037082471,0.6904849661450694,-1,True,False,False
2020-07-08,290.45,0.4590818363273453,0.4912933882951119,0.45431461987435107,-1,True,False,False,False,0.6447105788423154,0.6901074693997792,0.6803128800777907,-1,True,False,False
2020-07-09,288.8,0.437125748502994,0.49075440680464305,0.4504948706807162,-1,True,False,False,False,0.5469061876247505,0.6844917328595821,0.6506669484215595,-1,True,False,False
2020-07-10,291.74,0.4550898203592814,0.49039953529772407,0.4515159706092863,-1,True,False,False,False,0.6526946107784432,0.6832447868956159,0.6511175400564224,-1,True,False,False
2020-07-13,289.22,0.45708582834331335,0.49006805562653594,0.4527537167724034,-1,True,False,True,False,0.6287425149700598,0.6811074428985353,0.6461453122594529,-1,True,False,True
2020-07-14,292.97,0.49500998003992014,0.49011722900378357,0.46214399749851826,-1,True,False,False,False,0.7085828343313373,0.6821849092292335,0.6600203171643162,1,False,False,False
2020-07-15,295.66,0.5409181636726547,0.49062271094078724,0.47964936775943745,-1,True,False,False,False,0.8203592814371258,0.6876035120609155,0.6956511981138294,1,False,False,False
2020-07-16,294.68,0.5429141716566867,0.4911430239827365,0.4937082130699373,-1,False,False,False,False,0.7844311377245509,0.6914006738516463,0.7153800735828786,1,False,False,False
2020-07-17,295.54,0.562874251497006,0.4918567675400925,0.5090784438315081,-1,False,False,False,False,0.7884231536926147,0.6952054769826647,0.73161186916282,1,False,False,False
2020-07-20,297.93,0.5429141716566867,0.4923648014118994,0.5165974944593256,-1,False,False,False,False,0.7425149700598802,0.6970607512209868,0.7340347804732779,1,False,False,False
2020-07-21,298.56,0.5588822355289421,0.4930266664279894,0.525994103585907,-1,False,False,False,False,0.7904191616766467,0.7007218653565029,0.7465646429629154,1,False,False,False
2020-07-22,300.26,0.5988023952095808,0.4940791612417366,0.5421737239467235,1,False,False,False,False,0.8043912175648703,0.7047873301489879,0.7594149928744609,1,False,False,False
2020-07-23,296.68,0.592814371257485,0.49506160114239084,0.5534272011268927,1,False,False,False,False,0.810379241516966,0.7089281894183204,0.7707403814616842,1,False,False,False
2020-07-24,294.77,0.5748502994011976,0.49585551853800086,0.5581878896322938,1,False,False,False,False,0.7225548902195609,0.7094625698418984,0.7600324945189901,1,False,False,False
2020-07-27,296.92,0.5768463073852296,0.49666139703399326,0.5623342046885017,1,False,False,False,False,0.7265469061876247,0.7101325438162406,0.7525912526675756,1,False,False,False
2020-07-28,295.03,0.564870259481038,0.49734009218272013,0.5628977724201765,1,False,False,False,False,0.6786427145708582,0.7088976485517159,0.7361582442016384,-1,False,False,False
2020-07-29,298.66,0.5948103792415169,0.49830994578529525,0.5699894628249188,1,False,False,False,False,0.7524950099800399,0.7106073489998854,0.7397886365968388,1,False,False,False
2020-07-30,297.6,0.5808383233532934,0.499131123671544,0.5724003207201132,1,False,False,False,False,0.7045908183632734,0.7103714066219791,0.7319668992116021,1,False,False,False
2020-07-31,299.95,0.5728542914171657,0.4998646875297094,0.572501203097236,1,False,False,False,False,0.6666666666666666,0.7086574952511825,0.7174557364238386,-1,False,False,False
2020-08-03,302.03,0.5768463073852296,0.5006306737969285,0.5734667818279012,1,False,False,False,False,0.6786427145708582,0.7074804450284248,0.7088306204565097,-1,False,False,False
2020-08-04,303.2,0.5728542914171657,0.5013493167583238,0.5733306728477379,1,False,False,False,False,0.6826347305389222,0.7065061032837384,0.7030093115859347,-1,True,False,False
2020-08-05,305.08,0.6007984031936128,0.5023388599069337,0.579434612924599,1,False,False,False,False,0.7105788423153693,0.7066658185398809,0.7046914295258091,-1,True,False,False
2020-08-06,307.12,0.590818363273453,0.5032192529752573,0.5819643352243443,1,False,False,False,False,0.6966067864271457,0.7062713466923226,0.7028948421705505,-1,True,False,False
2020-08-07,307.34,0.626746506986028,0.5044483798808371,0.5919159289491629,1,False,False,False,False,0.7405189620758483,0.7076143904328531,0.7112557577050611,1,False,False,False
2020-08-10,308.26,0.6467065868263473,0.5058638844275586,0.6040916306996483,1,False,False,False,False,0.7724550898203593,0.7101571629578534,0.7248556092862385,1,False,False,False
2020-08-11,305.72,0.6427145708582834,0.5072255828000037,0.6126745062904562,1,False,False,False,False,0.7584830339321357,0.7120522951529233,0.73232837031866,1,False,False,False
2020-08-12,309.98,0.6467065868263473,0.5086134534868331,0.6202371908539875,1,False,False,False,False,0.7924151696606786,0.7152037804277374,0.7456809923946641,1,False,False,False
2020-08-13,309.42,0.6407185628742516,0.5099279321872053,0.6247886068584907,1,False,False,False,False,0.7724550898203593,0.7174489298156834,0.7516307918225964,1,False,False,False
2020-08-14,309.43,0.6427145708582834,0.5112491922734848,0.6287721544140001,1,False,False,False,False,0.7764471057884231,0.7197625837753987,0.7571455282594468,1,False,False,False
2020-08-17,310.41,0.6327345309381237,0.5124580016134315,0.629652682530472,1,False,False,False,False,0.7604790419161677,0.7213593076240563,0.7578863090720515,1,False,False,False
2020-08-18,311.08,0.6347305389221557,0.5136746437757074,0.6307810950619572,1,False,False,False,False,0.7485029940119761,0.7224237659137787,0.7558011279475902,1,False,False,False
2020-08-19,309.79,0.6227544910179641,0.5147600153900582,0.6289974052744032,1,False,False,False,False,0.7325349301397206,0.7228202821579333,0.7506308617680637,1,False,False,False
2020-08-20,310.75,0.6227544910179641,0.5158345872868533,0.6276100909951945,1,False,False,False,False,0.6786427145708582,0.7210878285270677,0.7346334957242402,-1,False,False,False
2020-08-21,311.85,0.6107784431137725,0.5167793022702057,0.6238697247993229,1,False,False,False,False,0.6606786427145709,0.7187188408481462,0.7181990839443136,-1,True,False,False
2020-08-24,315.01,0.6367265469061876,0.5179728071919568,0.6267267963786262,1,False,False,False,False,0.7524950099800399,0.7200433965003773,0.7258204008411417,1,False,False,False
2020-08-25,316.12,0.6367265469061876,0.5191544364428446,0.6289489631625287,1,False,False,False,False,0.7345309381237525,0.7206115353875685,0.7277560757928331,1,False,False,False
2020-08-26,319.28,0.624750499001996,0.5202051435329854,0.6280159711268548,1,False,False,False,False,0.7325349301397206,0.721079119495496,0.7288180434254747,1,False,False,False
2020-08-27,319.98,0.6407185628742516,0.5214042820338936,0.630838769292943,1,False,False,False,False,0.7644710578842315,0.7227807641381915,0.7367409355274207,1,False,False,False
2020-08-28,322.05,0.6646706586826348,0.5228298181199507,0.6383569669350967,1,False,False,False,False,0.7884231536926147,0.7253549754932669,0.7482258728974639,1,False,False,False
2020-08-31,320.88,0.6487025948103793,0.5240822835596565,0.6406559953518262,1,False,False,False,False,0.7445109780439122,0.7261061912795667,0.7474003407077857,1,False,False,False
2020-09-01,323.91,0.6526946107784432,0.5253620082085996,0.6433312432244077,1,False,False,False,False,0.7445109780439122,0.7268279476232665,0.7467582601158138,1,False,False,False
2020-09-02,328.59,0.6986027944111777,0.5270857971260382,0.655613810154801,1,False,False,False,False,0.8203592814371258,0.7304958430669474,0.7631140426316609,1,False,True,False
2020-09-03,317.28,0.6686626746506986,0.5284945222755373,0.658513557820556,1,False,False,False,False,0.716566866267465,0.729949608682654,0.7527702256618396,1,False,False,False
2020-09-04,314.69,0.6606786427145709,0.5298097871555277,0.6589946877970037,1,False,False,False,False,0.6906187624750499,0.7284072225568656,0.7389587893981086,-1,False,False,False
2020-09-08,306.09,0.6187624750499002,0.530694888527611,0.6500541960754251,1,False,False,False,False,0.5329341317365269,0.7207416111521465,0.6931755321399793,-1,True,False,False
2020-09-09,312.14,0.6347305389221557,0.5317300691285518,0.6466489389302541,1,False,False,False,False,0.6187624750499002,0.7167424293442154,0.6766392972310729,-1,True,False,False
2020-09-10,306.72,0.6127744510978044,0.5325364808894398,0.6391212749674875,1,False,False,False,False,0.5289421157684631,0.7093777111647741,0.6438177013504929,-1,True,False,False
2020-09-11,306.87,0.6207584830339321,0.5334143117565492,0.6350406545378086,1,False,False,False,False,0.5269461077844312,0.7022235306400548,0.6178462361135902,-1,True,False,False
2020-09-14,310.92,0.6526946107784432,0.5346011804035332,0.6389637559246162,1,False,False,False,False,0.6107784431137725,0.698637448776279,0.6162756154469641,-1,True,False,False
2020-09-15,312.49,0.6526946107784432,0.5357762394122387,0.6420150570032443,1,False,False,False,False,0.6167664670658682,0.6954268220425375,0.6163846935844983,-1,True,False,False
2020-09-16,311.25,0.6726546906187625,0.5371382140511096,0.6488238644733595,1,False,False,False,False,0.6487025948103793,0.6935944994059823,0.6235664494124719,-1,True,False,False
2020-09-17,308.51,0.6626746506986028,0.5383873328237215,0.6519018169678581,1,False,False,False,False,0.5868263473053892,0.6894075130490963,0.6154019822775646,-1,True,False,False
2020-09-18,304.96,0.6347305389221557,0.5393459716903727,0.6480859774021465,1,False,False,False,False,0.5069860279441117,0.682253729319489,0.5913095479812417,-1,True,False,False
2020-09-21,301.57,0.5828343313373253,0.5397786916868598,0.6335856116099641,1,False,False,False,False,0.3413173652694611,0.6688836758273311,0.5357557296008459,-1,True,False,False
2020-09-22,304.64,0.6047904191616766,0.5404255745473058,0.6271866799547892,1,False,False,False,False,0.3772455089820359,0.6574468849706528,0.5005312361299993,-1,True,False,False
2020-09-23,297.57,0.5608782435129741,0.5406290836912429,0.6124514718566081,1,False,False,False,False,0.25748502994011974,0.6417621063420045,0.44652096808780384,-1,True,False,False
2020-09-24,298.37,0.5668662674650699,0.540890150196455,0.6023214264362662,1,False,False,False,False,0.2714570858283433,0.6272403408316648,0.4076178831412571,-1,True,False,False
2020-09-25,303.19,0.590818363273453,0.5413869483365247,0.5997651901778632,1,False,False,False,False,0.3532934131736527,0.6164973240607623,0.39554577870401164,-1,True,False,False
2020-09-28,308.23,0.626746506986028,0.5422362971788083,0.6057610383574554,1,False,False,False,False,0.47105788423153694,0.610793816616479,0.4123262465990173,-1,True,False,False
2020-09-29,306.55,0.6087824351297405,0.5428984478051857,0.6064324598624077,1,False,False,False,False,0.42115768463073855,0.6033571055582148,0.41428878838384425,-1,True,False,False
2020-09-30,308.87,0.6307385229540918,0.5437724784036824,0.6118338072161154,1,False,False,False,False,0.46706586826347307,0.5980123511544994,0.4260170283570951,-1,True,False,False
2020-10-01,310.86,0.6467065868263473,0.5447966983879875,0.6195833137961669,1,False,False,False,False,0.5169660678642715,0.5948340655352747,0.4462279260253565,-1,True,False,False
2020-10-02,307.9,0.6506986027944112,0.5458504486805887,0.6264978224624435,1,False,False,False,False,0.5349301397205589,0.5924848919739134,0.4659395290687348,-1,True,False,False
2020-10-05,313.36,0.7045908183632734,0.5474299548465856,0.6438518215515168,1,False,False,False,False,0.6367265469061876,0.5942198588340026,0.5038921996992799,1,False,False,False
2020-10-06,308.91,0.6806387225548902,0.5487554152217926,0.6520266884411554,1,False,False,False,False,0.564870259481038,0.5930688941534943,0.5174428796507817,-1,True,False,False
2020-10-07,314.29,0.7245508982035929,0.5505046240076812,0.6681431794994749,1,False,False,False,False,0.6586826347305389,0.5956419820192608,0.5488294918907277,1,False,False,False
2020-10-08,317.07,0.7564870259481038,0.5525542001463919,0.687775145376948,1,False,False,False,False,0.7345309381237525,0.6010886077488486,0.590096479942511,1,False,False,False
2020-10-09,319.9,0.7544910179640718,0.5545635217167171,0.7026008948407533,1,False,False,False,False,0.7504990019960079,0.6069478388957962,0.6257414848432881,1,False,False,False
2020-10-12,325.05,0.7604790419161677,0.5566124323654679,0.7154627053019565,1,False,False,False,False,0.7844311377245509,0.6139079682616296,0.6610058521502353,1,False,False,False
2020-10-13,322.93,0.7425149700598802,0.5584622088599397,0.7214743196926063,1,False,False,False,False,0.7465069860279441,0.6191079297426616,0.6800061041230595,1,False,False,False
2020-10-14,320.9,0.7345309381237525,0.560214136514306,0.7243757904550833,1,False,False,False,False,0.7025948103792415,0.6223819250617432,0.6850258166244333,1,False,False,False
2020-10-15,320.5,0.7405189620758483,0.56200821438059,0.7279631619263645,1,False,False,False,False,0.7005988023952096,0.6254492535846241,0.6884864801290502,1,False,False,False
2020-10-16,320.31,0.7465069860279441,0.5638440230536981,0.7320840117267154,1,False,False,False,False,0.7005988023952096,0.628396294714451,0.6911781072993078,1,False,False,False
2020-10-19,315.44,0.716566866267465,0.5653636533344321,0.7286357571802153,1,False,False,False,False,0.6107784431137725,0.6277053985732479,0.6733115152580778,1,False,False,False
2020-10-20,316.7,0.7325349301397206,0.5670270491235394,0.7295022400601054,1,False,False,False,False,0.6287425149700598,0.6277460698044955,0.6634072929718515,1,False,False,False
2020-10-21,316.1,0.7225548902195609,0.5685745898309625,0.7279583845399844,1,False,False,False,False,0.6087824351297405,0.627002397856466,0.6512684356736047,1,False,False,False
2020-10-22,317.84,0.7465069860279441,0.5703450614349126,0.7320802959817532,1,False,False,False,False,0.6606786427145709,0.6283230349097251,0.6533595927938194,1,False,False,False
2020-10-23,318.92,0.7504990019960079,0.5721376379579085,0.7361733417626988,1,False,False,False,False,0.6706586826347305,0.629983256389137,0.6572038349806885,1,False,True,False
2020-10-26,313.02,0.7105788423153693,0.5735151623793757,0.7304856752188478,1,False,False,False,False,0.530938123752495,0.6260991335406413,0.62914478804109,-1,False,False,False
2020-10-27,311.94,0.6646706586826348,0.5744221822430897,0.7158601159885782,1,False,False,False,False,0.4590818363273453,0.6195494356107081,0.5913530209935911,-1,True,False,False
2020-10-28,301.28,0.5828343313373253,0.5745058852191518,0.686298830510522,1,False,False,False,False,0.2694610778443114,0.6058204804041828,0.5198214780715289,-1,True,False,False
2020-10-29,304.34,0.6107784431137725,0.5748668061932276,0.6695165222001332,1,False,False,False,False,0.3333333333333333,0.5951347099308161,0.47837966812970767,-1,True,False,False
2020-10-30,301.17,0.6107784431137725,0.57522413591383,0.6564636157364976,1,False,False,False,False,0.2874251497005988,0.5830676683531605,0.4359453307010168,-1,True,False,False
2020-11-02,304.55,0.6746506986027944,0.5762134549455611,0.6605051897067857,1,False,False,False,False,0.42714570858283435,0.5769530816955006,0.4339898591191985,-1,True,False,False
2020-11-03,309.92,0.7145708582834331,0.5775901455260375,0.6725197827238185,1,False,False,False,False,0.5389221556886228,0.5754616728324858,0.45730814724573726,-1,True,False,True
2020-11-04,316.85,0.7285429141716567,0.5790921631245014,0.6849693674900048,1,False,False,False,False,0.590818363273453,0.5760638959870336,0.4869770841407852,-1,True,False,False
2020-11-05,323.03,0.7544910179640718,0.5808374253617111,0.7004186231509086,1,False,False,False,False,0.6866267465069861,0.5803996940466396,0.5313436757777187,1,False,False,False
2020-11-06,322.96,0.7365269461077845,0.5823865748218711,0.7084426949191033,1,False,False,False,False,0.6686626746506986,0.5838609874036615,0.5618590088606031,1,False,False,False
2020-11-09,327.01,0.8183632734530938,0.584734601673923,0.7328694901488789,1,False,False,False,False,0.7405189620758483,0.5900044373908062,0.6015612206862132,1,False,False,False
2020-11-10,326.53,0.844311377245509,0.5873174551621975,0.7576343539481301,1,False,False,False,False,0.7644710578842315,0.5968462656454503,0.6377634067302173,1,False,False,False
2020-11-11,328.96,0.8363273453093812,0.5897951655119208,0.7751216853617414,1,False,False,False,False,0.8203592814371258,0.6056114819510062,0.6783402677761969,1,False,False,False
2020-11-12,325.77,0.8183632734530938,0.5920694750436738,0.7847309271598197,1,False,False,False,False,0.7744510978043913,0.6122326433570213,0.6996982300046846,1,False,False,False
2020-11-13,330.28,0.8542914171656687,0.5946786485971265,0.8001888138277862,1,False,False,False,False,0.8243512974051896,0.6205510219471455,0.7273989116492412,1,False,False,False
2020-11-16,334.4,0.8802395209580839,0.5975200503121609,0.8179778598567413,1,False,False,False,False,0.844311377245509,0.629325937841199,0.7533794595595229,1,False,False,False
2020-11-17,332.6,0.8822355289421158,0.6003530401492749,0.8322573418757133,1,False,False,False,False,0.8403193612774451,0.6376001897406596,0.7726994377190612,1,False,False,False
2020-11-18,328.6,0.8662674650698603,0.6029989548251017,0.8398151470299682,1,False,False,False,False,0.8043912175648703,0.6441410143612168,0.7797420554625744,1,False,False,False
2020-11-19,329.98,0.872255489021956,0.6056781243195978,0.8470241119170766,1,False,False,False,False,0.7984031936127745,0.6501905115867681,0.7838889750515077,1,False,False,False
2020-11-20,327.72,0.8622754491017964,0.6082313315313609,0.8504132979581254,1,False,False,False,False,0.7744510978043913,0.6550634757521651,0.7817916689965929,1,False,False,False
2020-11-23,329.69,0.8762475049900199,0.6108981591279644,0.856154232854102,1,False,False,False,False,0.7884231536926147,0.6602932670439474,0.7832653322623756,1,False,False,False
2020-11-24,335.0,0.8902195608782435,0.6136774765583154,0.8637243057483557,1,False,False,False,False,0.7924151696606786,0.6654745181269566,0.7852986294619985,1,False,False,False
2020-11-25,334.48,0.8882235528942116,0.6164092783129014,0.8691685828918791,1,False,False,False,False,0.7864271457085829,0.6702177584242752,0.7855494108501284,1,False,False,False
2020-11-27,335.42,0.8962075848303394,0.6191933410643187,0.8751772499893147,1,False,False,False,False,0.7924151696606786,0.6750098137668793,0.7870751350302506,1,False,False,False
2020-11-30,333.93,0.8822355289421158,0.6218106762670829,0.8767457564232706,1,False,False,False,False,0.812375249500998,0.6803966935995899,0.7926973826904168,1,False,False,False
2020-12-01,337.58,0.9001996007984032,0.6245807153171458,0.8819577218399668,1,False,False,False,False,0.8183632734530938,0.685807147711492,0.7984009139710116,1,False,False,False
2020-12-02,338.29,0.9001996007984032,0.6273231917895961,0.8860114727196193,1,False,False,False,False,0.8043912175648703,0.6904575033920166,0.7997320925474247,1,False,False,False
2020-12-03,338.2,0.8962075848303394,0.6299986583870164,0.8882772754108904,1,False,False,False,False,0.7844311377245509,0.6941427439540767,0.7963318803645638,1,False,False,False
2020-12-04,341.12,0.8982035928143712,0.632667364202214,0.890483123722775,1,False,False,False,False,0.7964071856287425,0.6981531142158283,0.7963486148677147,1,False,False,False
2020-12-07,340.42,0.9001996007984032,0.6353293765066538,0.8926423408506925,1,False,False,False,False,0.7924151696606786,0.701849665409744,0.7954745159328177,1,False,False,False
2020-12-08,341.41,0.8962075848303394,0.6379251795745512,0.893434617290614,1,False,False,False,False,0.7864271457085829,0.7051664293430319,0.7934639892163211,1,False,False,False
2020-12-09,338.35,0.8902195608782435,0.6404355714283193,0.8927201603100872,1,False,False,False,False,0.7664670658682635,0.7075703758734331,0.7874646729167527,1,False,False,False
2020-12-10,338.24,0.8822355289421158,0.6428415411548248,0.8903902422283156,1,False,False,False,False,0.7365269461077845,0.7087059276473292,0.7761451780703154,1,False,False,False
2020-12-11,337.84,0.8842315369261478,0.6452434316600122,0.8890216410500561,1,False,False,False,False,0.7345309381237525,0.7097186731562085,0.7668975691933014,1,False,False,False
2020-12-14,336.33,0.8802395209580839,0.6475817012052667,0.8870700588073956,1,False,False,False,False,0.7245508982035929,0.7103003290404196,0.7574871978622552,1,False,False,False
2020-12-15,340.88,0.8962075848303394,0.650055590594571,0.8891006201458276,1,False,False,False,False,0.7844311377245509,0.7132074195770522,0.7634747400538764,1,False,False,False
2020-12-16,341.41,0.8922155688622755,0.6524651426171353,0.8897928309717049,1,False,False,False,False,0.780439121756487,0.7158439569174223,0.7672446026544565,1,False,False,False
2020-12-17,343.32,0.8962075848303394,0.654890440549605,0.8912183318291792,1,False,False,False,False,0.8203592814371258,0.7199425970946656,0.7790478646061607,1,False,False,False
2020-12-18,341.95,0.8902195608782435,0.6572320238364571,0.8909963827289713,1,False,False,False,False,0.8023952095808383,0.7231760328784371,0.7842361634894224,1,False,False,False
2020-12-21,340.73,0.8762475049900199,0.6594112823553979,0.8877188543425377,1,False,False,False,False,0.7744510978043913,0.7251868197382785,0.7820617044483044,1,False,False,False
2020-12-22,340.16,0.872255489021956,0.6615291351580502,0.8842825509379639,1,False,False,False,False,0.7724550898203593,0.7270404773885562,0.7799269011976498,1,False,False,False
2020-12-23,340.46,0.874251497005988,0.6636457755744476,0.8820534278419693,1,False,False,False,False,0.7624750499001997,0.7284300684674441,0.7760487120204387,1,False,False,False
2020-12-24,341.79,0.8822355289421158,0.6658207979960165,0.882093894753113,1,False,False,False,False,0.7944111776447106,0.7310175629449839,0.7801292599369436,1,False,False,False
2020-12-28,344.72,0.8782435129740519,0.6679344568515194,0.881238254357766,1,False,False,False,False,0.7884231536926147,0.7332687625821459,0.7819723474382039,1,False,False,False
2020-12-29,344.06,0.8762475049900199,0.6700072234996637,0.8801291989427114,1,False,False,False,False,0.7844311377245509,0.7352751302347892,0.7825187452796143,1,False,False,False
2020-12-30,344.56,0.8802395209580839,0.6720990871559664,0.8801537149461274,1,False,False,False,False,0.8003992015968064,0.7378290153862409,0.786492180016768,1,False,False,False
2020-12-31,346.31,0.8982035928143712,0.6743488832321695,0.8841647989168482,1,False,False,False,False,0.8263473053892215,0.7413003208765538,0.7953488745439798,1,False,False,False
2021-01-04,341.59,0.8842315369261478,0.67643726784604,0.8841796295855814,1,False,False,False,False,0.716566866267465,0.740330381480119,0.7778417615936433,1,False,False,False
2021-01-05,343.94,0.8842315369261478,0.6785048725135038,0.8841911645501517,1,False,False,False,False,0.7485029940119761,0.7406508760892114,0.7713220354643838,1,False,False,False
2021-01-06,346.0,0.8962075848303394,0.6806710686559599,0.8868614801679712,1,False,False,False,False,0.8023952095808383,0.7430722225006479,0.7782271852680405,1,False,False,False
2021-01-07,351.14,0.8842315369261478,0.6826965459521808,0.8862770483364548,1,False,False,False,False,0.812375249500998,0.7457899882653676,0.7858156439864755,1,False,False,False
2021-01-08,353.14,0.8902195608782435,0.6847614515733356,0.88715316223463,1,False,False,False,False,0.8183632734530938,0.7486359994492,0.7930484505346129,1,False,False,False
2021-01-11,350.76,0.8842315369261478,0.6867462285420203,0.8865039121660784,1,False,False,False,False,0.780439121756487,0.7498831807161525,0.7902463774728071,1,False,False,False
2021-01-12,350.84,0.8822355289421158,0.6886913957101805,0.8855553825607534,1,False,False,False,False,0.7544910179640718,0.7500638802160708,0.7823007420264215,1,False,False,False
2021-01-13,351.78,0.8802395209580839,0.6905973472051845,0.8843740799823825,1,False,False,False,False,0.7704590818363274,0.7508636920443162,0.7796692619841784,1,False,True,False
2021-01-14,350.55,0.8762475049900199,0.6924446124567749,0.8825681744285242,1,False,False,False,False,0.7345309381237525,0.7502231918905686,0.7696385233485282,1,False,False,False
2021-01-15,347.99,0.8822355289421158,0.6943330792874749,0.8824942532093223,1,False,False,False,False,0.7145708582834331,0.748825061160877,0.7574012644451737,-1,False,False,False
2021-01-19,350.72,0.8882235528942116,0.6962623377313231,0.8837674309170754,1,False,False,False,False,0.7105788423153693,0.7473252094414454,0.7469962817496616,-1,True,False,False
2021-01-20,355.58,0.8942115768463074,0.6982319819016215,0.8860883522346825,1,False,False,False,False,0.7724550898203593,0.7483106949465008,0.7526537946542611,-1,False,False,False
2021-01-21,355.9,0.8862275449101796,0.7001025845186221,0.8861192839403486,1,False,False,False,False,0.7445109780439122,0.748161686440517,0.7508442798519613,-1,False,False,False
2021-01-22,354.64,0.8802395209580839,0.7018949918463779,0.8848126699442898,1,False,False,False,False,0.7025948103792415,0.7463747501243885,0.7401221755246903,-1,True,False,False
2021-01-25,356.04,0.8902195608782435,0.7037688681551527,0.8860142012629462,1,False,False,False,False,0.6986027944111777,0.7445013400964194,0.7308956463883541,-1,True,False,False
2021-01-26,355.49,0.8842315369261478,0.7055645166006352,0.8856180536325465,1,False,False,False,False,0.654690618762475,0.7409793510245001,0.7139611958048255,-1,True,False,False
2021-01-27,346.8,0.8542914171656687,0.7070443862579988,0.8786565788621292,1,False,False,False,False,0.43912175648702595,0.7291417982975403,0.6528857648453145,-1,True,False,False
2021-01-28,349.78,0.8582834331337326,0.7085492523960658,0.8741292131447077,1,False,False,False,False,0.5429141716566867,0.7218387541155461,0.6284476330256195,-1,True,False,False
2021-01-29,342.78,0.8383233532934131,0.7098405369821091,0.8661723553999756,1,False,False,False,False,0.405189620758483,0.70942114104272,0.5788347414107002,-1,True,False,False
2021-02-01,348.48,0.8582834331337326,0.7113175807249114,0.8644192615630327,1,False,False,False,False,0.5049900199600799,0.7014042343335969,0.5624248033105624,-1,True,False,False
2021-02-02,353.41,0.872255489021956,0.7129189529467725,0.8661606454427935,1,False,False,False,False,0.5788423153692615,0.6965978845702896,0.5660731393236067,-1,True,False,False
2021-02-03,353.69,0.8642714570858283,0.7144249480128328,0.8657408258079122,1,False,False,False,False,0.5888223552894212,0.6923713932259418,0.5711285206493433,-1,True,False,False
2021-02-04,357.71,0.8762475049900199,0.7160351227091233,0.8680756434039362,1,False,False,False,False,0.6646706586826348,0.691285089910518,0.5919156624345191,-1,True,False,False
2021-02-05,359.12,0.8782435129740519,0.7176491365426052,0.870335169975073,1,False,False,False,False,0.6946107784431138,0.691415509068659,0.6147367993253179,-1,True,False,False
2021-02-08,361.71,0.8822355289421158,0.719286812088869,0.8729796941899715,1,False,False,False,False,0.7065868263473054,0.6920104626874295,0.6351479164413151,-1,True,False,False
2021-02-09,361.47,0.8822355289421158,0.7209081923560655,0.8750365463571146,1,False,False,False,False,0.7085828343313373,0.6926603596146416,0.6514667870835422,-1,True,False,False
2021-02-10,361.31,0.8762475049900199,0.7224538571583934,0.875305648275538,1,False,False,False,False,0.720558882235529,0.6937544193252647,0.666820586006206,1,False,False,False
2021-02-11,361.9,0.8642714570858283,0.7238649775556814,0.8728536057889358,1,False,False,False,False,0.7005988023952096,0.6940228265044783,0.6743268563148734,1,False,False,False
2021-02-12,363.68,0.8602794411177644,0.7252223354020703,0.8700593469731199,1,False,False,False,False,0.7065868263473054,0.6945155323806677,0.6814957385443028,1,False,False,False
2021-02-16,363.37,0.8562874251497006,0.7265264656483154,0.8669989199012489,1,False,False,False,False,0.6926147704590818,0.6944409926974682,0.6839666345253648,1,False,False,False
2021-02-17,363.45,0.872255489021956,0.727976505681884,0.8681670463725171,1,False,False,False,False,0.6726546906187625,0.693586627910068,0.6814528692127865,1,False,False,False
2021-02-18,361.9,0.8702594810379242,0.7293922566804516,0.8686320318537186,1,False,False,False,False,0.6766467065868264,0.6929223172699409,0.6803848330736842,1,False,False,False
2021-02-19,361.27,0.8582834331337326,0.7306747559486435,0.8663323432492773,1,False,False,False,False,0.6526946107784432,0.6913447601526272,0.6742314503414084,-1,True,False,False
2021-02-22,358.49,0.8383233532934131,0.7317458862704821,0.8601081232590853,1,False,False,False,False,0.6227544910179641,0.6886549456767581,0.6627921260473096,-1,True,False,False
2021-02-23,358.92,0.8403193612774451,0.7328262193551286,0.8557106205964986,1,False,False,False,False,0.6347305389221557,0.6865402630589306,0.6565562177972754,-1,True,False,False
2021-02-24,362.88,0.8383233532934131,0.7338759420808827,0.8518467834180352,1,False,False,False,False,0.6606786427145709,0.6855260818689557,0.657472312223341,-1,True,False,False
2021-02-25,354.13,0.8063872255489022,0.7345974473890222,0.8417446594471167,1,False,False,False,False,0.5808383233532934,0.6814206795742238,0.640442536918886,-1,True,False,False
2021-02-26,352.31,0.7744510978043913,0.7349940011244985,0.8267905346376222,1,False,False,False,False,0.5289421157684631,0.6754411280524293,0.6156646655521253,-1,True,False,False
2021-03-01,360.85,0.8143712574850299,0.735783824570872,0.8240306952703795,1,False,False,False,False,0.6327345309381237,0.6737663595381428,0.6194579689712361,-1,True,False,False
2021-03-02,358.03,0.8043912175648703,0.736466485197678,0.8196663668913775,1,False,False,False,False,0.6047904191616766,0.6710614206998501,0.6161985134580006,-1,True,False,False
2021-03-03,353.29,0.7864271457085829,0.7369636061977866,0.8122798732952009,1,False,False,False,False,0.5469061876247505,0.6661925880302384,0.6008002188283894,-1,True,False,False
2021-03-04,348.92,0.7524950099800399,0.7371181475289532,0.798994348114054,1,False,False,False,False,0.46107784431137727,0.6581488725902831,0.5697508022690534,-1,True,False,False
2021-03-05,355.34,0.7944111776447106,0.7376882274306026,0.7979758657875333,1,False,False,False,False,0.592814371257485,0.6555867352831145,0.5748760398220382,-1,True,False,False
2021-03-08,353.57,0.7764471057884231,0.738073887911775,0.7931916968988422,1,False,False,False,False,0.6127744510978044,0.6539078221778082,0.5832979089944307,-1,True,False,False
2021-03-09,358.62,0.812375249500998,0.7388132049425136,0.7974547085882102,1,False,False,False,False,0.6407185628742516,0.6533905963227667,0.5960580543010575,-1,True,False,True
2021-03-10,360.85,0.8163672654690619,0.7395848871368076,0.8016574990061772,1,False,False,False,False,0.6826347305389222,0.6545374251155571,0.6152973156872497,1,False,False,False
2021-03-11,364.51,0.8243512974051896,0.7404283340051497,0.8067005653170689,1,False,False,False,False,0.6986027944111777,0.6562654788134247,0.633809644292567,1,False,False,False
2021-03-12,365.0,0.8343313373253493,0.7413626922471418,0.8128407368744646,1,False,False,False,False,0.7085828343313373,0.6583171398141272,0.6504259087456271,1,False,False,False
2021-03-15,367.17,0.8522954091816367,0.7424665003758433,0.821608441831614,1,False,False,False,False,0.7684630738522954,0.6626365882077809,0.6766563898804423,1,False,False,False
2021-03-16,366.71,0.8542914171656687,0.7435791861150456,0.8288713252391817,1,False,False,False,False,0.7704590818363274,0.6668649212912534,0.6975014325373057,1,False,False,False
2021-03-17,367.96,0.8502994011976048,0.7446410788024344,0.833633119896609,1,False,False,False,False,0.7584830339321357,0.670457788453641,0.7110528995139346,1,False,False,False
2021-03-18,362.61,0.8363273453093812,0.7455533799617076,0.8342318366550028,1,False,False,False,False,0.7045908183632734,0.6717963386461756,0.7096168814804543,1,False,False,False
2021-03-19,361.94,0.8383233532934131,0.7464764642734659,0.8351410625746496,1,False,False,False,False,0.7005988023952096,0.6729258470284907,0.7076128639059555,1,False,False,False
2021-03-22,364.83,0.8542914171656687,0.7475492498743834,0.8393966969282094,1,False,False,False,False,0.7345309381237525,0.6753417329537951,0.7135946581765771,1,False,False,False
2021-03-23,361.95,0.8562874251497006,0.7486312217676702,0.8431501920885407,1,False,False,False,False,0.6786427145708582,0.6754711832132878,0.7058275595975284,1,False,False,False
2021-03-24,360.11,0.8502994011976048,0.74964284544359,0.8447389052238883,1,False,False,False,False,0.6746506986027944,0.6754390073462097,0.6988993682653654,1,False,False,False
2021-03-25,362.14,0.8582834331337326,0.7507238463161287,0.8477488003149648,1,False,False,False,False,0.720558882235529,0.6772084142046144,0.7037125935920684,1,False,False,False
2021-03-26,367.98,0.8942115768463074,0.7521515849283693,0.8580738617663742,1,False,False,False,False,0.7884231536926147,0.6815697765374772,0.7225371625033009,1,False,False,False
2021-03-29,367.79,0.9021956087824351,0.7536445602901013,0.86787869443661,1,False,False,False,False,0.7764471057884231,0.6852904561159456,0.7345171498999947,1,False,False,False
2021-03-30,366.81,0.8842315369261478,0.7549439331919525,0.8715126594342851,1,False,False,False,False,0.7604790419161677,0.6882390281081112,0.740286459236922,1,False,False,False
2021-03-31,368.3,0.8962075848303394,0.7563495416659664,0.8770004206334082,1,False,False,False,False,0.7864271457085829,0.6920895425238159,0.7505399451195134,1,False,False,False
2021-04-01,372.28,0.9041916167664671,0.7578206070898519,0.8830429086629769,1,False,False,False,False,0.8343313373253493,0.697667652123876,0.769160254498588,1,False,False,False
2021-04-05,377.62,0.9141716566866267,0.7593763389266357,0.889960408223788,1,False,False,False,False,0.8542914171656687,0.7038097605568876,0.7880782906468282,1,False,False,False
2021-04-06,377.4,0.9141716566866267,0.7609165908446456,0.8953406856599744,1,False,False,False,False,0.8582834331337326,0.7098675516383325,0.8036794334216959,1,False,False,False
2021-04-07,377.84,0.9101796407185628,0.762401795321003,0.8986382312285496,1,False,False,False,False,0.846307385229541,0.7152181333477916,0.8131523116012169,1,False,False,False
2021-04-08,379.63,0.9101796407185628,0.7638722216433669,0.901202988892997,1,False,False,False,False,0.8602794411177644,0.720906812083869,0.8236250070493386,1,False,False,False
2021-04-09,382.39,0.9121756487025948,0.765347877634006,0.9036413577395743,1,False,False,False,False,0.8602794411177644,0.7263724053793159,0.8317704368423221,1,False,False,False
2021-04-12,382.53,0.9121756487025948,0.7668088504804597,0.9055378668424677,1,False,False,False,False,0.8682634730538922,0.7319367609743973,0.8398800004448932,1,False,False,False
2021-04-13,383.66,0.9141716566866267,0.7682751470596255,0.9074564868078364,1,False,False,False,False,0.8702594810379242,0.7373611813690455,0.8466309961322334,1,False,False,False
2021-04-14,382.35,0.9141716566866267,0.7697268536230782,0.9089487467809009,1,False,False,False,False,0.8862275449101796,0.7431990779785017,0.8554302291939992,1,False,False,False
2021-04-15,386.46,0.9241516966067864,0.7712634192249063,0.912327180075542,1,False,False,False,False,0.8962075848303394,0.7491994115805345,0.8644918637798525,1,False,False,False
2021-04-16,387.75,0.9261477045908184,0.7728045563927263,0.9153984077456034,1,False,False,False,False,0.8882235528942116,0.7546513386908748,0.8697655724719323,1,False,False,False
2021-04-19,385.85,0.9161676646706587,0.7742310549825564,0.9155693537289491,1,False,False,False,False,0.8622754491017964,0.7588718920403227,0.868101100611902,1,False,False,False
2021-04-20,383.02,0.9221556886227545,0.775702941884449,0.9170329837053502,1,False,False,False,False,0.7784431137724551,0.7596393909317789,0.8481771035364695,1,False,False,False
2021-04-21,386.65,0.9341317365269461,0.7772793478012898,0.9208327065545938,1,False,False,False,False,0.8423153692614771,0.7628815861603946,0.8468744959198045,1,False,False,False
2021-04-22,383.11,0.9341317365269461,0.7788400680871174,0.9237880465484498,1,False,False,False,False,0.812375249500998,0.764822514134536,0.8392079967156253,1,False,False,False
2021-04-23,387.27,0.9321357285429142,0.7803653980419014,0.9256430869916641,1,False,False,False,False,0.8562874251497006,0.7684093733900326,0.8430034252565308,1,False,False,False
2021-04-26,388.08,0.9241516966067864,0.781796107480358,0.9253116669061356,1,False,False,False,False,0.872255489021956,0.7724817700814806,0.8495038838710697,1,False,False,False
2021-04-27,387.99,0.9201596806387226,0.783172859452083,0.9241667810689328,1,False,False,False,False,0.8682634730538922,0.776237915296085,0.8536726814672525,1,False,False,False
2021-04-28,387.88,0.9141716566866267,0.7844763300713322,0.9219456423173092,1,False,False,False,False,0.8642714570858283,0.7796902110525454,0.8560279649380471,1,False,False,False
2021-04-29,390.35,0.9221556886227545,0.7858462739375156,0.9219923192740749,1,False,False,False,False,0.8522954091816367,0.7825374737242745,0.8551985081032892,1,False,False,False
2021-04-30,387.79,0.9121756487025948,0.7871032826416458,0.9198108369248571,1,False,False,False,False,0.810379241516966,0.7836293077553605,0.8452386710841062,1,False,False,False
2021-05-03,388.62,0.9121756487025948,0.7883477837964811,0.918114128431021,1,False,False,False,False,0.8203592814371258,0.7850696988801357,0.8397099178292218,1,False,True,False
2021-05-04,386.23,0.9041916167664671,0.7895004587514063,0.915020236950009,1,False,False,False,False,0.7604790419161677,0.7841053593913526,0.8221030565152098,1,False,False,False
2021-05-05,386.35,0.8962075848303394,0.7905622211999529,0.9108396475900824,1,False,False,False,False,0.7584830339321357,0.7831005623145206,0.8079652737189711,-1,False,False,False
2021-05-06,389.43,0.8922155688622755,0.7915736972960955,0.9067009634283476,1,False,False,False,False,0.7604790419161677,0.7822134438675264,0.7974127777627926,-1,False,False,False
2021-05-07,392.27,0.8942115768463074,0.792594969729431,0.9039255441878943,1,False,False,False,False,0.8063872255489022,0.7831614353060118,0.7994070994930392,-1,False,False,False
2021-05-10,388.38,0.8862275449101796,0.7935266371441648,0.8999926554595132,1,False,False,False,False,0.7465069860279441,0.7817240059225582,0.7876515187230181,-1,False,False,False
2021-05-11,384.92,0.8822355289421158,0.794409312684443,0.896046627344536,1,False,False,False,False,0.7245508982035929,0.7794819232669125,0.7736291586075903,-1,True,False,False
2021-05-12,376.74,0.846307385229541,0.794925711416235,0.8849934624300926,1,False,False,False,False,0.6147704590818364,0.7730226501616154,0.738327225379645,-1,True,False,False
2021-05-13,381.26,0.8602794411177644,0.7955759972839119,0.8795014576940197,1,False,False,False,False,0.6706586826347305,0.7690083769252669,0.7232897714363307,-1,True,False,False
2021-05-14,387.12,0.8802395209580839,0.7964184204050481,0.8796654717527006,1,False,False,False,False,0.7325349301397206,0.7675780456787749,0.7253442511481951,-1,True,False,False
2021-05-17,386.13,0.8662674650698603,0.7971134357748473,0.8766881369342917,1,False,False,False,False,0.7105788423153693,0.7653427828017786,0.7220630491853449,-1,True,False,False
2021-05-18,382.81,0.8582834331337326,0.7977220924649855,0.8725982027563897,1,False,False,False,False,0.6487025948103793,0.7607686577825081,0.7057607259909081,-1,True,False,False
2021-05-19,381.8,0.8662674650698603,0.7984041359734918,0.8711913721593831,1,False,False,False,False,0.6167664670658682,0.7551215130485223,0.6859842240075659,-1,True,False,False
2021-05-20,385.91,0.8842315369261478,0.7992581399630705,0.8740891865519975,1,False,False,False,False,0.6706586826347305,0.7518092451891578,0.6825785481469357,-1,True,False,False
2021-05-21,385.6,0.8762475049900199,0.800024203296672,0.8745688128715581,1,False,False,False,False,0.6586826347305389,0.7481572212496042,0.6772683451655143,-1,True,False,False
2021-05-24,389.53,0.8842315369261478,0.8008620872133833,0.8767160848836891,1,False,False,False,False,0.7025948103792415,0.7463704600390016,0.6828964485463426,-1,True,False,False
2021-05-25,388.66,0.8822355289421158,0.8016717732007339,0.877942628007784,1,False,False,False,False,0.7005988023952096,0.7445754930725785,0.6868303049572019,-1,True,False,False
2021-05-26,389.43,0.8782435129740519,0.802433681059175,0.8780094913336213,1,False,False,False,False,0.720558882235529,0.7436336651966159,0.6943255443523857,-1,True,False,False
2021-05-27,389.64,0.8782435129740519,0.8031880077448953,0.8780614961426059,1,False,False,False,False,0.7345309381237525,0.743276695507484,0.7032600763015784,-1,True,False,False
2021-05-28,390.33,0.8862275449101796,0.8040142717962911,0.8798761736465112,1,False,False,False,False,0.7564870259481038,0.7437947476816259,0.7150882873341395,-1,True,False,False
2021-06-01,389.99,0.874251497005988,0.8047131496590743,0.8786262455041727,1,False,False,False,False,0.7065868263473054,0.7423356135116526,0.7131990737815097,-1,True,False,False
2021-06-02,390.6,0.8782435129740519,0.8054447950651935,0.8785411938308125,1,False,False,False,False,0.7045908183632734,0.7408554254666181,0.7112861281330127,-1,True,False,False
2021-06-03,389.15,0.8682634730538922,0.8060698565377179,0.8762572558803858,1,False,False,False,False,0.6806387225548902,0.7384939861367463,0.7044755935600966,-1,True,False,False
2021-06-04,392.71,0.8862275449101796,0.8068674454767474,0.8784728756647845,1,False,False,False,False,0.7085828343313373,0.7373209997914362,0.7053883137314835,-1,True,False,False
2021-06-07,392.33,0.8762475049900199,0.8075577943276258,0.8779783488481702,1,False,False,False,False,0.6766467065868264,0.7349416157441966,0.6990012899215596,-1,True,False,False
2021-06-08,392.42,0.8782435129740519,0.8082611348116698,0.8780372742094772,1,False,False,False,False,0.6626746506986028,0.7321076171149576,0.6909287034275693,-1,True,False,False
2021-06-09,391.83,0.8782435129740519,0.8089574768829374,0.8780831050460494,1,False,False,False,False,0.6387225548902196,0.7284454578120269,0.6793273370859361,-1,True,False,False
2021-06-10,393.65,0.8962075848303394,0.8098256371610211,0.882110767220336,1,False,False,False,False,0.6506986027944112,0.7253965615368262,0.6729653961322638,-1,True,False,False
2021-06-11,394.3,0.906187624750499,0.8107844629081802,0.8874611800048167,1,False,False,False,False,0.6626746506986028,0.7229368787588566,0.6706785638136725,-1,True,False,False
2021-06-14,395.19,0.908183632734531,0.8117536088766016,0.8920661695003087,1,False,False,False,False,0.6367265469061876,0.719556081431301,0.6631336711675648,-1,True,False,False
2021-06-15,394.46,0.8962075848303394,0.8125939469457931,0.8929864840180932,1,False,False,False,False,0.6427145708582834,0.7165426888598101,0.6585960933210578,-1,True,False,False
2021-06-16,392.26,0.8782435129740519,0.8132471764585122,0.8897102682305285,1,False,False,False,False,0.5708582834331337,0.7108295749215091,0.6390988022348525,-1,True,False,False
2021-06-17,392.13,0.8822355289421158,0.8139336277270058,0.8880492150553256,1,False,False,False,False,0.47904191616766467,0.7017398628135152,0.603530605331033,-1,True,False,False
2021-06-18,386.84,0.8642714570858283,0.8144345016509743,0.8827652688398817,1,False,False,False,False,0.35528942115768464,0.6881535709838748,0.5483658977369555,-1,True,False,False
2021-06-21,392.38,0.8782435129740519,0.8150694171865274,0.8817604342030306,1,False,False,False,False,0.49700598802395207,0.6806575873383875,0.5369525844673992,-1,True,False,False
2021-06-22,394.48,0.8782435129740519,0.8156980151545625,0.8809788961521464,1,False,False,False,False,0.48502994011976047,0.6729859148984415,0.5254142190568128,-1,True,False,False
2021-06-23,394.0,0.8682634730538922,0.8162210545366455,0.8781532465747566,1,False,False,False,False,0.46706586826347307,0.6649106189519721,0.5124479188805151,-1,True,False,False
2021-06-24,396.33,0.8782435129740519,0.81683819342657,0.8781733057746,1,False,False,False,False,0.5049900199600799,0.6586392229130744,0.5107906080093073,-1,True,False,False
2021-06-25,397.74,0.9001996007984032,0.8176676601665883,0.8830680380021119,1,False,False,False,False,0.5688622754491018,0.6551185583066441,0.5236954229959283,-1,True,False,False
2021-06-28,398.54,0.9021956087824351,0.8185087342821689,0.8873186092866282,1,False,False,False,False,0.5169660678642715,0.6497008135834138,0.522200010744449,-1,True,False,False
2021-06-29,398.76,0.8882235528942116,0.8192024140693533,0.8875197078660911,1,False,False,False,False,0.49500998003992014,0.6436345063856298,0.5161577816989982,-1,True,False,False
2021-06-30,399.09,0.8882235528942116,0.8198891915700982,0.8876761178723401,1,False,False,False,False,0.499001996007984,0.6379626432335652,0.5123453848787728,-1,True,False,False
2021-07-01,401.3,0.8882235528942116,0.8205691354638704,0.8877977700994226,1,False,False,False,False,0.5728542914171657,0.6354093745348829,0.5257918085539712,-1,True,False,False
2021-07-02,404.37,0.8942115768463074,0.821301896074641,0.8892230604876192,1,False,False,False,False,0.5728542914171657,0.6329562340204626,0.5362501380791256,-1,True,False,False
2021-07-06,403.63,0.8922155688622755,0.8220075047590951,0.889888062348654,1,False,False,False,False,0.500998003992016,0.6277814014703275,0.5284163305042123,-1,True,False,False
2021-07-07,405.06,0.8922155688622755,0.8227060924616144,0.8904052860183477,1,False,False,False,False,0.5269461077844312,0.6238270762277434,0.5280896143442609,-1,True,False,False
2021-07-08,401.76,0.8882235528942116,0.8233580074907945,0.8899204564352063,1,False,False,False,False,0.4630738522954092,0.617523028230397,0.5136416672222939,-1,True,False,False
2021-07-09,406.05,0.8942115768463074,0.8240630181311479,0.8908740387487843,1,False,False,False,False,0.5828343313373253,0.6161626871757667,0.5290178148034119,-1,True,False,False
2021-07-12,407.5,0.8922155688622755,0.8247411529642935,0.8911721565517824,1,False,False,False,False,0.5868263473053892,0.6150122424749677,0.5418641553594069,-1,True,False,False
2021-07-13,406.11,0.874251497005988,0.8252337932035143,0.8874120099860503,1,False,False,False,False,0.5109780439121756,0.6109324699823092,0.5350005750378,-1,True,False,False
2021-07-14,406.72,0.874251497005988,0.8257215315498075,0.8844874515460365,1,False,False,False,False,0.5169660678642715,0.6072475130365038,0.5309929067770158,-1,True,False,False
2021-07-15,405.33,0.8782435129740519,0.8262441383301483,0.883099909641151,1,False,False,False,False,0.530938123752495,0.6042549879665426,0.5309807327715668,-1,True,False,False
2021-07-16,402.15,0.8562874251497006,0.8265430765074573,0.877141579754162,1,False,False,False,False,0.49700598802395207,0.600049144831539,0.5234307894943191,-1,True,False,False
2021-07-19,396.21,0.7984031936127745,0.8262630776726844,0.8596441606116314,1,False,False,False,False,0.38323353293413176,0.5915465718159545,0.49227584359205523,-1,True,False,False
2021-07-20,401.89,0.8403193612774451,0.8264029411911398,0.85534976075959,1,False,False,False,False,0.49700598802395207,0.5878390979417583,0.4933269867991434,-1,True,False,False
2021-07-21,405.14,0.8562874251497006,0.8267002992404787,0.8555581306240589,1,False,False,False,False,0.5349301397205589,0.5857642368350446,0.5025721318927913,-1,True,False,False
2021-07-22,405.99,0.844311377245509,0.826875533847494,0.8530588520954923,1,False,False,False,False,0.49101796407185627,0.5820486967266844,0.5000045390436947,-1,True,False,False
2021-07-23,410.17,0.8502994011976048,0.8271086071544603,0.8524456407848506,1,False,False,False,False,0.562874251497006,0.5812967576980695,0.5139755862555416,-1,True,False,False
2021-07-26,411.18,0.8602794411177644,0.8274386652038465,0.8541864853032759,1,False,False,False,False,0.5608782435129741,0.5804960316515952,0.5243983989794154,-1,True,False,False
2021-07-27,409.3,0.8662674650698603,0.8278250214214188,0.856871147473628,1,False,False,False,False,0.5668662674650699,0.5799615310952609,0.5338357030873386,-1,True,False,False
2021-07-28,409.13,0.8622754491017964,0.8281678117465967,0.8580721033909987,1,False,False,False,False,0.562874251497006,0.579291441699251,0.5402887138450425,-1,True,False,True
2021-07-29,410.83,0.8642714570858283,0.8285270519987284,0.8594497375454053,1,False,False,False,False,0.6047904191616766,0.5802914015997382,0.5546224261376278,-1,True,False,False
2021-07-30,408.84,0.8542914171656687,0.8287834138411856,0.858303444127686,1,False,False,False,False,0.5808383233532934,0.5803128495116424,0.5604481810744424,-1,True,False,False
2021-08-02,407.98,0.8502994011976048,0.8289975032676177,0.8565247679210013,1,False,False,False,False,0.5728542914171657,0.5800203570373492,0.5632050944839364,-1,True,False,False
2021-08-03,411.3,0.8562874251497006,0.8292690447788822,0.8564720250829345,1,False,True,False,False,0.6127744510978044,0.5813048313142298,0.574220507064796,1,False,False,False
2021-08-04,409.27,0.8223552894211577,0.8292002511932333,0.8488905282692064,1,False,False,False,False,0.5489021956087824,0.5800341397179377,0.5685942156301262,-1,True,False,False
2021-08-05,411.87,0.8243512974051896,0.8291520028968349,0.8434373658549804,1,False,False,False,False,0.5748502994011976,0.5798308518623794,0.5699844564681421,-1,True,False,False
2021-08-06,412.55,0.8283433133732535,0.8291439562349088,0.8400831319701523,1,False,False,False,False,0.6387225548902196,0.5821403304124908,0.585259589450826,1,False,False,False
2021-08-09,412.21,0.8243512974051896,0.8290962680873495,0.8365871687334939,1,False,False,False,False,0.6207584830339321,0.5836547677701943,0.593148232469294,1,False,False,False
2021-08-10,412.72,0.8283433133732535,0.8290887760006421,0.8347552008756627,1,False,False,False,False,0.6307385229540918,0.5855011895421118,0.6015016303548046,1,False,False,False
2021-08-11,413.75,0.8383233532934131,0.8291806623418638,0.8355481236351627,1,False,False,False,False,0.6706586826347305,0.5888406990751557,0.6168698641947882,1,False,False,False
2021-08-12,414.99,0.8323353293413174,0.8292120520632514,0.8348341693476415,1,False,False,False,False,0.6906187624750499,0.5928319956790731,0.6332585082570685,1,False,False,False
2021-08-13,415.74,0.8303393213572854,0.8292232686731423,0.8338353142386734,1,False,False,False,False,0.6966067864271457,0.5969015953162524,0.6473359034059746,1,False,False,False
2021-08-16,416.72,0.8223552894211577,0.8291549305711327,0.8312841976125588,1,False,False,False,False,0.6946107784431138,0.600733327987894,0.6578414311920054,1,False,False,False
2021-08-17,413.99,0.8063872255489022,0.8289283862425533,0.8257515371539684,1,False,False,False,False,0.6347305389221557,0.6020665519461004,0.652705677354261,1,False,False,False
2021-08-18,409.46,0.7864271457085829,0.8285054883267924,0.8170127834994383,1,False,False,False,False,0.564870259481038,0.6006078738102156,0.6331866956046559,-1,False,False,False
2021-08-19,410.09,0.7544910179640718,0.8277690259351236,0.8031190578249124,1,False,False,False,False,0.5588822355289421,0.5989715742697735,0.6166745933656084,-1,False,False,False
2021-08-20,413.36,0.7644710578842315,0.827139195407254,0.79453061339365,1,False,False,False,False,0.6067864271457086,0.5992780390884377,0.6144772230945196,-1,False,False,False
2021-08-23,416.99,0.7964071856287425,0.8268334042651794,0.7949476294458928,1,False,False,False,False,0.6447105788423154,0.60105970731408,0.6211957465940298,1,False,False,False
2021-08-24,417.66,0.810379241516966,0.8266696812527594,0.798376876572798,1,False,False,False,False,0.6746506986027944,0.6039456285410884,0.6330746248181996,1,False,False,False
2021-08-25,418.53,0.8243512974051896,0.8266466127567638,0.8041489700911072,1,False,False,False,False,0.7085828343313373,0.6080490483760002,0.6498542269322303,1,False,False,False
2021-08-26,416.06,0.7984031936127745,0.826365583710555,0.8028721308736999,1,False,False,False,False,0.656686626746507,0.6099564043905299,0.6513725380020695,1,False,False,False
2021-08-27,419.78,0.8243512974051896,0.8263455410607504,0.8076452789918087,1,False,False,False,False,0.718562874251497,0.6142154816399796,0.6663037238352756,1,False,False,False
2021-08-30,421.63,0.810379241516966,0.8261866724085736,0.8082528262196215,1,False,False,False,False,0.7065868263473054,0.6178378873147767,0.6752555243935043,1,False,False,False
2021-08-31,421.0,0.812375249500998,0.8260492453149659,0.8091689202821496,1,False,False,False,False,0.7085828343313373,0.6213965126879752,0.6826615932685783,1,False,False,False
2021-09-01,421.23,0.8063872255489022,0.8258536033272439,0.8085507658969835,1,False,False,False,False,0.6926147704590818,0.6241893855417441,0.6848734104220235,1,False,False,False
2021-09-02,422.52,0.8163672654690619,0.8257592119057695,0.8102877658018898,1,False,False,False,False,0.7125748502994012,0.6276554821989071,0.6910292859503296,1,False,False,False
2021-09-03,422.42,0.8043912175648703,0.8255465950466561,0.8089774217492188,1,False,False,False,False,0.688622754491018,0.6300463556221272,0.6904945011815937,1,False,True,False
2021-09-07,420.91,0.7864271457085829,0.825157346794536,0.8039662492957442,1,False,False,False,False,0.6167664670658682,0.6295255756787446,0.6741104936003214,1,False,False,False
2021-09-08,420.4,0.7724550898203593,0.8246329462276288,0.7969637694123254,1,False,False,False,False,0.6067864271457086,0.6286338443637236,0.6591495899437407,1,False,False,False
2021-09-09,418.6,0.7564870259481038,0.8239548773691262,0.7879689375313872,1,False,False,False,False,0.5788423153692615,0.6266812353835486,0.6413035289271898,-1,False,False,False
2021-09-10,415.3,0.7385229540918163,0.8231048084807947,0.7769809412114825,1,False,False,False,False,0.5129740518962076,0.6222221301487509,0.6127858673647493,-1,True,False,False
2021-09-13,416.36,0.7684630738522954,0.8225611096287699,0.7750880817983299,1,False,False,False,False,0.5728542914171657,0.6202861364730026,0.6039121838208419,-1,True,False,False
2021-09-14,414.11,0.7405189620758483,0.8217447698521241,0.7674060551933339,1,False,False,False,False,0.4870259481037924,0.6150602467330335,0.5779374647726087,-1,True,False,False
2021-09-15,417.57,0.7524950099800399,0.8210557175150884,0.7640924895903798,1,False,False,False,False,0.564870259481038,0.6130920119388377,0.5750336413744819,-1,True,False,False
2021-09-16,416.91,0.7405189620758483,0.8202543567644494,0.758853927920484,1,False,False,False,False,0.5389221556886228,0.6101833901251037,0.5670088667776243,-1,True,False,False
2021-09-17,412.85,0.7265469061876247,0.8193219443208989,0.7516745897576265,1,False,False,False,False,0.4590818363273453,0.6042578389957799,0.5430250822331179,-1,True,False,False
2021-09-20,405.97,0.6786427145708582,0.8179221509900527,0.7354452841605669,-1,True,False,False,False,0.3313373253493014,0.5935550737547416,0.4959833584811586,-1,True,False,False
2021-09-21,405.58,0.6626746506986028,0.8163773997433716,0.7192740322801303,-1,True,False,False,False,0.3253493013972056,0.5830372003289559,0.45806467912916904,-1,True,False,False
2021-09-22,409.54,0.7005988023952096,0.8152253738991114,0.7151239811945924,-1,True,False,False,False,0.3992015968063872,0.5758279609751297,0.44498399416855083,-1,True,False,False
2021-09-23,414.52,0.7445109780439122,0.8145217480697065,0.7216544249388858,-1,True,False,False,False,0.5089820359281437,0.5732065521497577,0.4592057812262381,-1,True,False,False
2021-09-24,415.2,0.7465069860279441,0.8138449842682959,0.7271772162920098,-1,True,False,False,False,0.49500998003992014,0.5701400199101563,0.4671622698515008,-1,True,False,False
2021-09-27,414.01,0.7445109780439122,0.8131550936590981,0.7310291633479882,-1,True,False,False,False,0.4810379241516966,0.5666458200764912,0.47024574858487767,-1,True,False,False
2021-09-28,405.67,0.7005988023952096,0.8120351305619451,0.7242668609140374,-1,True,False,False,False,0.31736526946107785,0.5568701122092201,0.4362723087795888,-1,True,False,False
2021-09-29,406.35,0.7065868263473054,0.810985893704088,0.7203379643436525,-1,True,False,False,False,0.3313373253493014,0.5480256891951057,0.41295342357285825,-1,True,False,False
2021-09-30,401.38,0.6427145708582834,0.8093115521832344,0.7030883213469038,-1,True,False,False,False,0.23952095808383234,0.5359274644456441,0.3744128756864081,-1,True,False,False
2021-10-01,406.15,0.6846307385229541,0.8080709470721869,0.698986636274915,-1,True,False,False,False,0.3273453093812375,0.5277477720901772,0.36395341650748125,-1,True,False,False
2021-10-04,400.92,0.6806387225548902,0.8068029647386814,0.6949093221149094,-1,True,False,False,False,0.2834331337325349,0.5181668058800736,0.34606002033527095,-1,True,False,False
2021-10-05,405.09,0.6786427145708582,0.8055277383688524,0.6912945204384535,-1,True,False,False,False,0.3313373253493014,0.5108401595847492,0.34278831033838886,-1,True,False,False
2021-10-06,406.77,0.6986027944111777,0.8044638085782289,0.6929185813212811,-1,True,False,False,False,0.3532934131736527,0.5046618558039219,0.3451227776351141,-1,True,False,False
2021-10-07,410.29,0.718562874251497,0.8036090729132863,0.6986173130835514,-1,True,False,False,False,0.4251497005988024,0.5015437320703877,0.3629065382937115,-1,True,False,False
2021-10-08,409.54,0.6926147704590818,0.802504651993344,0.6972834147225582,-1,True,False,False,False,0.4171656686626746,0.49823478840734015,0.37496412282014774,-1,True,False,False
2021-10-11,406.57,0.6686626746506986,0.8011728910247604,0.690923250262145,-1,True,False,False,False,0.3932135728542914,0.4941163093660441,0.3790195561610686,-1,True,False,False
2021-10-12,405.57,0.6606786427145709,0.7997749383052561,0.684202226362684,-1,True,False,False,False,0.3912175648702595,0.4900810644838565,0.38173022476311097,-1,True,False,False
2021-10-13,407.03,0.6726546906187625,0.7985100602188234,0.6816361073084792,-1,True,False,False,False,0.3992015968063872,0.48651716379062243,0.38561275188383903,-1,True,False,True
2021-10-14,413.88,0.7385229540918163,0.797913173590694,0.6942776288158875,-1,True,False,False,False,0.5169660678642715,0.48771123846017733,0.41480237765726846,1,False,False,False
2021-10-15,417.03,0.7465069860279441,0.7974016692368359,0.705884152640789,-1,True,False,False,False,0.5528942115768463,0.49026743348436047,0.4454894518616191,1,False,False,False
2021-10-18,418.27,0.7225548902195609,0.7966569251670123,0.7095887609916272,-1,True,False,False,False,0.5469061876247505,0.4924885610977091,0.46802650425342607,1,False,False,False
2021-10-19,421.49,0.7544910179640718,0.7962373639013114,0.7195670403188371,-1,True,False,False,False,0.590818363273453,0.4963446317712677,0.4953135840356543,1,False,False,False
2021-10-20,423.15,0.7664670658682635,0.7959411420303357,0.7299892682187097,-1,True,False,False,False,0.6447105788423154,0.5021629042054264,0.5285129162149123,1,False,False,False
2021-10-21,424.25,0.7664670658682635,0.7956478676406633,0.7380954454741662,-1,True,False,False,False,0.6347305389221557,0.5073616349786315,0.5521168323720774,1,False,False,False
2021-10-22,423.81,0.7704590818363274,0.7953972329560431,0.7452873646657575,-1,True,False,False,False,0.6626746506986028,0.5134523414774539,0.5766852364446386,1,False,False,False
2021-10-25,426.09,0.7624750499001997,0.7950696490450397,0.7491068502734113,-1,True,False,False,False,0.6646706586826348,0.5193824715639316,0.5962375524975266,1,False,False,False
2021-10-26,426.47,0.7624750499001997,0.7947453246754393,0.7520775613015864,-1,True,False,False,False,0.6586826347305389,0.5248452230606613,0.610114237438196,1,False,False,False
2021-10-27,424.58,0.7285429141716567,0.7940865942226655,0.7468476397171576,-1,True,False,False,False,0.5788423153692615,0.5269627560923711,0.6031649214228773,1,False,False,False
2021-10-28,428.68,0.7544910179640718,0.7936926083892467,0.7485461682164719,-1,True,False,False,False,0.656686626746507,0.5320499667062588,0.6150586337170172,1,False,False,False
2021-10-29,429.55,0.7325349301397206,0.7930840742773112,0.7449881153105271,-1,True,False,False,False,0.6307385229540918,0.5359201061669582,0.6185430535474783,1,False,False,False
2021-11-01,430.28,0.7624750499001997,0.7927795068705737,0.7488741007748988,-1,True,False,False,False,0.6746506986027944,0.5413605215565989,0.6310114191153263,1,False,False,False
2021-11-02,432.02,0.7504990019960079,0.7923588053295333,0.7492351899351453,-1,True,False,False,False,0.7005988023952096,0.547605160020858,0.6464752820664115,1,False,False,False
2021-11-03,434.66,0.7744510978043913,0.7921806191850045,0.7548387250171998,-1,True,False,False,False,0.716566866267465,0.5542311092854308,0.6620511896666457,1,False,False,False
2021-11-04,436.71,0.7564870259481038,0.791825459053294,0.7552050141129563,-1,True,False,False,False,0.7025948103792415,0.5600492936420508,0.6710608831583337,1,False,False,False
2021-11-05,438.23,0.7784431137724551,0.7916923013888081,0.7603690362595116,-1,True,False,False,False,0.7465069860279441,0.567361360010125,0.6878266837960249,1,False,False,False
2021-11-08,438.6,0.7724550898203593,0.791500886348326,0.7630548259397,-1,True,False,False,False,0.7504990019960079,0.574543228323297,0.7017538656182434,1,False,False,False
2021-11-09,437.15,0.7744510978043913,0.791331236711073,0.7655873307985203,-1,True,False,False,False,0.7385229540918163,0.5809738058044154,0.7099247741679262,1,False,False,False
2021-11-10,433.63,0.7744510978043913,0.791163275129912,0.7675570567998249,-1,True,False,False,False,0.7524950099800399,0.5877001275367928,0.7193848265706182,1,False,False,False
2021-11-11,433.77,0.7644710578842315,0.7908976809284625,0.7668712792630263,-1,True,False,False,False,0.7405189620758483,0.5936930230089127,0.7240813011273359,1,False,False,False
2021-11-12,437.05,0.7644710578842315,0.7906347294553855,0.7663378967344052,-1,True,False,False,False,0.7524950099800399,0.5999205519097411,0.7303954586501591,1,False,False,False
2021-11-15,437.2,0.7704590818363274,0.7904339767427581,0.7672537156459435,-1,True,False,False,False,0.7744510978043913,0.6067648870428647,0.7401856006844328,1,False,False,False
2021-11-16,438.93,0.7604790419161677,0.7901359176897572,0.7657482325948822,-1,True,False,False,False,0.7644710578842315,0.6129494427621339,0.7455823689510548,1,False,False,False
2021-11-17,437.86,0.7465069860279441,0.7897017989667541,0.7614724000244515,-1,True,False,False,False,0.720558882235529,0.6171694207806985,0.7400215941253824,1,False,False,False
2021-11-18,439.35,0.7365269461077845,0.789172695953232,0.7559289658207478,-1,True,False,False,False,0.6866267465069861,0.619893237475847,0.7281560724324054,1,False,False,False
2021-11-19,438.56,0.7265469061876247,0.7885495537665096,0.7493996192356094,-1,True,False,False,False,0.656686626746507,0.6213361154864612,0.7122739733910947,1,False,False,False
2021-11-22,437.33,0.7365269461077845,0.7880319158793581,0.7465390252072038,-1,True,False,False,False,0.6586826347305389,0.622800684868582,0.7003647870220823,1,False,False,False
2021-11-23,437.91,0.7425149700598802,0.7875790109458309,0.7456447907300208,-1,True,False,False,False,0.6926147704590818,0.6255384921466408,0.6986425611191933,1,False,False,False
2021-11-24,439.08,0.7345309381237525,0.7870511694252132,0.7431750457064056,-1,True,False,False,False,0.6966067864271457,0.6283254840792096,0.6981901667431827,1,False,True,False
2021-11-26,429.28,0.6726546906187625,0.7859128960042536,0.7275038556869293,-1,True,False,False,False,0.5469061876247505,0.6251325704927603,0.6645715047168644,-1,False,False,False
2021-11-29,434.55,0.6806387225548902,0.7848653917908271,0.7170893816575874,-1,True,False,False,False,0.5848303393213573,0.6235520908389798,0.6468512457400851,-1,False,False,False
2021-11-30,426.09,0.5968063872255489,0.7829941579145557,0.6903598273393566,-1,True,False,False,False,0.3912175648702595,0.6144409329578535,0.5900437611023461,-1,True,False,False
2021-12-01,421.36,0.5548902195608783,0.7807244669856634,0.6602554700552503,-1,True,False,False,False,0.30538922155688625,0.6023212580009528,0.5267871967589106,-1,True,False,False
2021-12-02,427.82,0.6287425149700598,0.7792122087566525,0.6532525911474303,-1,True,False,False,False,0.4530938123752495,0.5964692013097488,0.5104108891180971,-1,True,False,False
2021-12-03,424.09,0.6187624750499002,0.7776156939934014,0.6455881209035348,-1,True,False,False,False,0.42714570858283435,0.5898290643400659,0.4919075156658165,-1,True,False,False
2021-12-06,429.12,0.6786427145708582,0.776630888228003,0.65293358616294,-1,True,False,False,False,0.5189620758483033,0.5870499667521536,0.4979196401508135,-1,True,False,False
2021-12-07,437.99,0.7085828343313373,0.7759537931643545,0.6653000857559171,-1,True,False,False,False,0.6367265469061876,0.5889980679346648,0.5287656194297856,1,False,False,False
2021-12-08,439.15,0.718562874251497,0.7753827392448236,0.6771362609771572,-1,True,False,False,False,0.6427145708582834,0.5911045974610812,0.5540876086361185,1,False,False,False
2021-12-09,436.19,0.7045908183632734,0.7746783420221216,0.6832372737296274,-1,True,False,False,False,0.590818363273453,0.5910933725909782,0.5622499985555262,1,False,False,False
2021-12-10,440.29,0.7145708582834331,0.7740802576068113,0.690200292519362,-1,True,False,False,False,0.6187624750499002,0.5921784354325046,0.5748083266653871,1,False,False,False
2021-12-13,436.39,0.6986027944111777,0.7733292380725265,0.6920675151619877,-1,True,False,False,False,0.562874251497006,0.5910292517487595,0.5721563099613024,-1,True,False,False
2021-12-14,433.39,0.688622754491018,0.772486387489626,0.6913020127906611,-1,True,False,False,False,0.500998003992016,0.5874986145818284,0.5563433530792388,-1,True,False,False
2021-12-15,440.16,0.7025948103792415,0.7717909489114132,0.6938115233659011,-1,True,False,False,False,0.5548902195608783,0.5862198539927715,0.5560204345196031,-1,True,False,False
2021-12-16,436.28,0.7005988023952096,0.7710825693440878,0.6953198075946364,-1,True,False,False,False,0.5568862275449101,0.5850695157006987,0.5562128329696714,-1,True,False,False
2021-12-17,431.63,0.6626746506986028,0.7700038835864214,0.6880653282844067,-1,True,False,False,False,0.499001996007984,0.581694318850004,0.5434993136448519,-1,True,False,False
2021-12-20,427.04,0.6127744510978044,0.7684394116213605,0.6713340222429396,-1,True,False,False,False,0.3972055888223553,0.5744594666920569,0.5109895970176305,-1,True,False,False
2021-12-21,434.63,0.6726546906187625,0.7674863298203397,0.6716275041042336,-1,True,False,False,False,0.530938123752495,0.5727527473610937,0.5154226029587115,-1,True,False,True
2021-12-22,438.97,0.6766467065868264,0.766582452972245,0.6727428824336986,-1,True,False,False,False,0.5728542914171657,0.5727567294809397,0.5281852003939236,-1,True,False,False
2021-12-23,441.71,0.7045908183632734,0.7659656207870812,0.6798202015291597,-1,True,False,False,False,0.6227544910179641,0.5747174260118034,0.549200598310377,1,False,False,False
2021-12-27,447.96,0.7365269461077845,0.7656726986509688,0.6924217003244096,-1,True,False,False,False,0.6946107784431138,0.579419126107149,0.5815139716732074,1,False,False,False
2021-12-28,447.59,0.7405189620758483,0.765422412714898,0.7031099807136183,-1,True,False,False,False,0.7025948103792415,0.5842495450982114,0.6084208247189927,1,False,False,False
2021-12-29,448.16,0.7485029940119761,0.7652540602899933,0.7131973170021422,-1,True,False,False,False,0.7065868263473054,0.5890470855393524,0.6302354917475066,1,False,False,False
2021-12-30,446.92,0.7465069860279441,0.7650675222376346,0.7205994656745426,-1,True,False,False,False,0.6846307385229541,0.5927954640877289,0.6423233243642728,1,False,False,False
2021-12-31,445.8,0.7485029940119761,0.7649027010612599,0.7268002497495277,-1,True,False,False,False,0.6906187624750499,0.5966316718676239,0.6530556439444455,1,False,False,False
2022-01-03,448.38,0.7544910179640718,0.764799102224472,0.7329537537972042,-1,True,False,False,False,0.7045908183632734,0.6008653638870611,0.6645079049264072,1,False,False,False
2022-01-04,448.23,0.7624750499001997,0.764775977325723,0.7395140418200921,-1,True,False,False,False,0.7504990019960079,0.6067333496952552,0.6836170376085406,1,False,False,False
2022-01-05,439.62,0.7245508982035929,0.7643757277822192,0.7361888987942034,-1,True,False,False,False,0.6487025948103793,0.608379202444868,0.6758582725422826,1,False,False,False
2022-01-06,439.21,0.7085828343313373,0.7638205746135537,0.7300542178024554,-1,True,False,False,False,0.6626746506986028,0.6105084357097204,0.6729285787992427,1,False,False,False
2022-01-07,437.47,0.716566866267465,0.7633503884608563,0.7270570285724576,-1,True,False,False,False,0.6067864271457086,0.610362474589563,0.6582303228762352,1,False,False,False
2022-01-10,436.93,0.7025948103792415,0.7627458553456165,0.7216209800850762,-1,True,False,False,False,0.5828343313373253,0.6092829395600635,0.6414756580898109,-1,False,False,False
2022-01-11,440.91,0.7225548902195609,0.7623459452448597,0.7218285156705172,-1,True,False,False,False,0.6287425149700598,0.6100460601643771,0.6386460707298662,-1,False,False,False
2022-01-12,442.1,0.7285429141716567,0.7620095966769671,0.7233206042263259,-1,True,False,False,False,0.6367265469061876,0.6110923537620953,0.6382195098801599,1,False,True,False
2022-01-13,436.01,0.7125748502994012,0.7615177086533098,0.7209326589092315,-1,True,False,False,False,0.592814371257485,0.6103755701344635,0.6281294790751211,1,False,False,False
2022-01-14,436.19,0.6806387225548902,0.7607129426224798,0.7119784508304889,-1,True,False,False,False,0.5528942115768463,0.6081213992106355,0.6114105307421711,-1,False,False,False
2022-01-18,428.46,0.6187624750499002,0.7593005001590711,0.6912637895459137,-1,True,False,False,False,0.47105788423153694,0.6027463594075336,0.5802210537398079,-1,True,False,False
2022-01-19,424.01,0.590818363273453,0.7576240609860799,0.6689425837075891,-1,True,False,False,False,0.40718562874251496,0.5950773111461604,0.5417687370737428,-1,True,False,False
2022-01-20,419.32,0.5528942115768463,0.7555869480566348,0.643154056567424,-1,True,False,False,False,0.3592814371257485,0.5858304141257521,0.5012160037519664,-1,True,False,False
2022-01-21,411.09,0.5289421157684631,0.753331775596056,0.617773625278766,-1,True,False,False,False,0.2994011976047904,0.5745978958308124,0.4563682690525939,-1,True,False,False
2022-01-24,412.83,0.5489021956087824,0.7512976504220533,0.6024688631298807,-1,True,False,False,False,0.3033932135728543,0.5639624180952062,0.4223738122793184,-1,True,False,False
2022-01-25,407.79,0.4870259481037924,0.7486680812447571,0.5768148820129722,-1,True,False,False,False,0.2934131736526946,0.5533526438033429,0.3937158925845131,-1,True,False,False
2022-01-26,406.77,0.4491017964071856,0.745687322191647,0.5484341963227973,-1,True,False,False,False,0.281437125748503,0.5426892901541335,0.3687650555098442,-1,True,False,False
2022-01-27,404.76,0.4151696606786427,0.7423985892412689,0.5188198550685408,-1,True,False,False,False,0.2554890219560878,0.5314265345385238,0.3435926036090094,-1,True,False,False
2022-01-28,414.81,0.4870259481037924,0.7398575679364184,0.5117545424097079,-1,True,False,False,False,0.3333333333333333,0.5236581737069477,0.34131276576997027,-1,True,False,False
2022-01-31,422.29,0.5429141716566867,0.7378979321525405,0.5186789044645921,-1,True,False,False,False,0.3772455089820359,0.5179165005804806,0.34929781981709596,-1,True,False,False
2022-02-01,425.14,0.5608782435129741,0.7361365422158285,0.5280565353642326,-1,True,False,False,False,0.40718562874251496,0.5135741134495799,0.36216177735607796,-1,True,False,False
2022-02-02,429.27,0.592814371257485,0.7347104509625116,0.5424471655627331,-1,True,False,False,False,0.4550898203592814,0.5112806117597644,0.38281245357901206,-1,True,False,False
2022-02-03,419.18,0.5289421157684631,0.7326630048411779,0.5394460433862286,-1,True,False,False,False,0.40119760479041916,0.5069636310942999,0.3868980427371025,-1,True,False,False
2022-02-04,421.15,0.5169660678642715,0.7305167666623031,0.5344504932702381,-1,True,False,False,False,0.3912175648702595,0.5024245696737493,0.3878579365444707,-1,True,False,False
2022-02-07,419.8,0.5189620758483033,0.728411744863159,0.5310086227320303,-1,True,False,False,False,0.3932135728542914,0.4981417854847509,0.3890480779466531,-1,True,False,False
2022-02-08,423.25,0.5548902195608783,0.7266851625218428,0.536315644249552,-1,True,False,False,False,0.4171656686626746,0.4949662514917283,0.3952964314391023,-1,True,False,False
2022-02-09,429.45,0.6047904191616766,0.7254722795033337,0.5515322608966908,-1,True,False,False,False,0.5049900199600799,0.4953593404512715,0.419672784443764,-1,True,False,False
2022-02-10,421.73,0.5429141716566867,0.7236557809177949,0.5496171299544677,-1,True,False,False,False,0.41317365269461076,0.49213637230395146,0.4182285329439522,-1,True,False,False
2022-02-11,413.42,0.4810379241516966,0.7212416728902716,0.5343773064427407,-1,True,False,False,False,0.37325349301397204,0.4874742986063052,0.4082340796261788,-1,True,False,False
2022-02-14,412.06,0.4530938123752495,0.7185735349746993,0.516314307761076,-1,True,False,False,False,0.32934131736526945,0.48127300522430383,0.3907023546793101,-1,True,False,False
2022-02-15,418.71,0.5129740518962076,0.7165277689739183,0.5155720286799941,-1,True,False,False,False,0.3872255489021956,0.4775848696822604,0.3899297311732846,-1,True,False,False
2022-02-16,419.18,0.5289421157684631,0.7146612450614263,0.5185431591440983,-1,True,False,False,False,0.3992015968063872,0.47451101584399086,0.3919901457584185,-1,True,False,False
2022-02-17,410.22,0.46706586826347307,0.7121976094713969,0.507103761170626,-1,True,False,False,False,0.3333333333333333,0.4689746361376906,0.37895529855284404,-1,True,False,False
2022-02-18,407.57,0.46107784431137727,0.7096989053404514,0.49687577964634855,-1,True,False,False,False,0.313373253493014,0.462872621132017,0.3643815107617707,-1,True,False,False
2022-02-22,403.19,0.43313373253493015,0.7069470130737299,0.4827108802882556,-1,True,False,False,False,0.281437125748503,0.4557575036659969,0.34594942520326677,-1,True,False,False
2022-02-23,396.04,0.37524950099800397,0.7036465403167574,0.4588305737793108,-1,True,False,False,False,0.22355289421157684,0.4466514405501373,0.31875019609400235,-1,True,False,False
2022-02-24,402.0,0.38323353293413176,0.7004583511885721,0.442031231369271,-1,True,False,False,False,0.2275449101796407,0.4380590275944315,0.29848235477969975,-1,True,False,False
2022-02-25,410.87,0.48502994011976047,0.6983147849092805,0.45158649998049094,-1,True,False,False,False,0.37924151696606784,0.43575245855018196,0.3164288352655593,-1,True,False,False
2022-02-28,409.82,0.469061876247505,0.6960336614400091,0.4554699169287163,-1,True,False,False,False,0.3253493013972056,0.43142292297555546,0.3184111610725918,-1,True,False,False
2022-03-01,403.58,0.3972055888223553,0.693060247782122,0.4425222884606361,-1,True,False,False,False,0.25349301397205587,0.42444527948522215,0.3039849061613616,-1,True,False,False
2022-03-02,411.0,0.47305389221556887,0.6908711298162857,0.44930708929506563,-1,True,False,False,False,0.3712574850299401,0.4223594836242307,0.3189343681321568,-1,True,False,False
2022-03-03,408.96,0.46506986027944114,0.6886243510149241,0.45280992729159353,-1,True,False,False,False,0.3473053892215569,0.419416185804518,0.3252390394853568,-1,True,False,False
2022-03-04,405.63,0.4431137724550898,0.6861814596859706,0.4506552262168149,-1,True,False,False,False,0.34331337325349304,0.4164317617829092,0.32925555810049817,-1,True,False,False
2022-03-07,393.68,0.35728542914171657,0.6829088623671223,0.4299063824223486,-1,True,False,False,False,0.2874251497005988,0.4113726789561519,0.3199599117894094,-1,True,False,False
2022-03-08,390.69,0.3532934131736527,0.6796291066537545,0.41288127814486064,-1,True,False,False,False,0.2435129740518962,0.40478994543049485,0.3029717034032954,-1,True,False,False
2022-03-09,401.17,0.3992015968063872,0.6768387831726862,0.4098413489585332,-1,True,False,False,False,0.2874251497005988,0.4001874044214793,0.29951691369158506,-1,True,False,False
2022-03-10,399.36,0.3912175648702595,0.6739967810005227,0.4057027302722501,-1,True,False,False,False,0.29141716566866266,0.39592190486254536,0.2977169696864912,-1,True,False,False
2022-03-11,394.28,0.3712574850299401,0.670984449697333,0.3980482313295146,-1,True,False,False,False,0.25948103792415167,0.39057128262966717,0.28922009596152687,-1,True,False,False
2022-03-14,391.4,0.37524950099800397,0.668041813391867,0.39298184681140114,-1,True,False,False,False,0.25948103792415167,0.38543048871964697,0.28261141639766574,-1,True,False,False
2022-03-15,400.0,0.40718562874251496,0.6654462294650078,0.3961382427960931,-1,True,False,False,False,0.3253493013972056,0.38307436372661,0.2921087241753413,-1,True,False,True
2022-03-16,408.87,0.4491017964071856,0.6632935485390593,0.40790792137633586,-1,True,False,False,False,0.43313373253493015,0.38503747622889706,0.3234476149219166,1,False,False,False
2022-03-17,413.99,0.48502994011976047,0.6615197812911061,0.4250461477637636,-1,True,False,False,False,0.5109780439121756,0.38997632202039817,0.36512104358641856,1,False,False,False
2022-03-18,418.52,0.5189620758483033,0.6601012966598345,0.4459163540047724,-1,True,False,False,False,0.5808383233532934,0.39746110638639404,0.4130582168679463,1,False,False,False
2022-03-21,418.4,0.5029940119760479,0.6585380400958167,0.4586002779983892,-1,True,False,False,False,0.5608782435129741,0.4038696215678285,0.4459071116779525,1,False,False,False
2022-03-22,423.3,0.5269461077844312,0.657228667635007,0.4737882401730652,-1,True,False,False,False,0.5948103792415169,0.41135749441777714,0.47899672669207793,1,False,False,False
2022-03-23,417.85,0.4810379241516966,0.655475525908805,0.4753992810572055,-1,True,False,False,False,0.5089820359281437,0.4151859078103406,0.485660128744537,1,False,False,False
2022-03-24,424.15,0.5249500998003992,0.6541767654500149,0.4864105741112486,-1,True,False,False,False,0.592814371257485,0.42215172990630706,0.5094721826363032,1,False,False,False
2022-03-25,426.22,0.5329341317365269,0.6529703710847067,0.4967491424724215,-1,True,False,False,False,0.6327345309381237,0.4304098789663783,0.5368638155922634,1,False,False,False
2022-03-28,429.25,0.5508982035928144,0.651954727627076,0.5087822671658422,-1,True,False,False,False,0.6666666666666666,0.43967485103305626,0.5657088936087975,1,False,False,False
2022-03-29,434.56,0.6127744510978044,0.6515648741292722,0.5318916413729449,-1,True,False,False,False,0.7784431137724551,0.45295988094440526,0.612983164756277,1,False,False,False
2022-03-30,431.88,0.5828343313373253,0.6508809881313424,0.5432122391428071,-1,True,False,False,False,0.716566866267465,0.4632974097806037,0.6360017650920966,1,False,False,False
2022-03-31,425.23,0.5349301397205589,0.6497272483461606,0.5413717726045297,-1,True,False,False,False,0.6506986027944112,0.470646476173302,0.6392677290259443,1,False,False,False
2022-04-01,426.43,0.530938123752495,0.6485452670069201,0.5390531839707443,-1,True,False,False,False,0.6586826347305389,0.4780204431755466,0.6435821525158543,1,False,False,False
2022-04-04,430.09,0.5329341317365269,0.6473949074519908,0.5376933945853627,-1,True,False,False,False,0.6766467065868264,0.48580970840736154,0.6509298311982925,1,False,False,False
2022-04-05,424.65,0.49700598802395207,0.6458985002935029,0.528651748682827,-1,True,False,False,False,0.626746506986028,0.4913366416849563,0.6455557591511225,1,False,False,False
2022-04-06,420.41,0.4930139720558882,0.6443772612065616,0.5207322427657295,-1,True,False,False,False,0.564870259481038,0.49422031297107716,0.627625648113326,1,False,False,False
2022-04-07,422.53,0.4870259481037924,0.6428115764990714,0.5132419550630768,-1,True,False,False,False,0.5788423153692615,0.4975388228690452,0.6167849075035339,1,False,False,False
2022-04-08,421.4,0.48502994011976047,0.641241609967934,0.5069726184090065,-1,True,False,False,False,0.5588822355289421,0.49994444689492357,0.6039176470647357,1,False,False,False
2022-04-11,414.19,0.46706586826347307,0.6395085180106758,0.49810445170999906,-1,True,False,False,False,0.5149700598802395,0.500533686619838,0.5841515165792921,1,False,False,False
2022-04-12,412.66,0.4590818363273453,0.6377132276456675,0.48943275940274267,-1,True,False,False,False,0.5089820359281437,0.50086499443585,0.5674471875457036,1,False,False,False
2022-04-13,417.39,0.4810379241516966,0.6361542694019464,0.48756724045806576,-1,True,False,False,False,0.5568862275449101,0.5030619055381661,0.5651003075455272,1,False,False,False
2022-04-14,412.19,0.4750499001996008,0.6345512408526693,0.48478560928951797,-1,True,False,False,False,0.5329341317365269,0.5042333653890823,0.5579522684768605,1,False,False,False
2022-04-18,412.36,0.469061876247505,0.6329045805083394,0.48129144639129284,-1,True,False,False,False,0.5089820359281437,0.5044195877631631,0.5470699945771457,1,False,False,False
2022-04-19,419.01,0.49101796407185627,0.6314927733796183,0.4834528947647514,-1,True,False,False,False,0.6047904191616766,0.5083556987983989,0.5598967555959303,1,False,False,False
2022-04-20,418.7,0.5169660678642715,0.6303532041705103,0.49090026656464475,-1,True,False,False,False,0.6447105788423154,0.5137029489961995,0.5787442718729048,1,False,False,False
2022-04-21,412.44,0.49101796407185627,0.6289667838710213,0.49092642156624733,-1,True,False,False,False,0.5688622754491018,0.5158660598374898,0.5765482726676152,1,False,True,False
2022-04-22,401.13,0.43313373253493015,0.6270181962955378,0.4780836017815102,-1,True,False,False,False,0.4251497005988024,0.5123085555536196,0.5429041455412124,-1,False,False,False
2022-04-25,403.45,0.4431137724550898,0.6251883015309563,0.4703125285978612,-1,True,False,False,False,0.4231536926147705,0.5088122864187629,0.5162929337797808,-1,False,False,False
2022-04-26,391.77,0.41317365269461076,0.6230787030350723,0.4576150006193611,-1,True,False,False,False,0.33532934131736525,0.5020090336696884,0.4760788021214662,-1,True,False,False
2022-04-27,392.87,0.42115768463073855,0.6210695386728402,0.44951337484411164,-1,True,False,False,False,0.3473053892215569,0.4959422240834872,0.44746248814370854,-1,True,False,False
2022-04-28,402.79,0.45109780439121755,0.6193782776352121,0.4498654702990241,-1,True,False,False,False,0.4231536926147705,0.49308777186902775,0.44206053358172226,-1,True,False,False
2022-04-29,387.91,0.36926147704590817,0.6168895532512391,0.43195347179833166,-1,True,False,False,False,0.26746506986027946,0.4842398227706455,0.4032615416436239,-1,True,False,False
2022-05-02,390.24,0.36327345309381237,0.6143660099660906,0.4166912454195496,-1,True,False,False,False,0.24151696606786427,0.47472127937053643,0.3673183026267884,-1,True,False,False
2022-05-03,392.03,0.37924151696606784,0.6120264627720605,0.4083690835409981,-1,True,False,False,False,0.281437125748503,0.4671415086402606,0.3482335966538361,-1,True,False,False
2022-05-04,403.97,0.41916167664670656,0.6101074101737983,0.41076743756448886,-1,True,False,False,False,0.4750499001996008,0.4674516416425877,0.37641499744178375,-1,True,False,False
2022-05-05,389.61,0.36327345309381237,0.6076513508993706,0.4002132187932274,-1,True,False,False,False,0.281437125748503,0.46015695474478047,0.3553088037321658,-1,True,False,False
2022-05-06,387.28,0.34530938123752497,0.6050409830420388,0.3880123660030713,-1,True,False,False,False,0.26147704590818366,0.4523655857707963,0.3344573019935031,-1,True,False,False
2022-05-09,374.89,0.3073852295409182,0.6020792342509829,0.3700952245670373,-1,True,False,False,False,0.18562874251497005,0.44190531740782274,0.3013842887760513,-1,True,False,False
2022-05-10,375.75,0.29740518962075846,0.5990476517173489,0.35394188346786426,-1,True,False,False,False,0.1596806387225549,0.43083768294957697,0.26989458876416317,-1,True,False,False
2022-05-11,369.78,0.29141716566866266,0.595986651856168,0.3400475017347083,-1,True,False,False,False,0.13572854291417166,0.41926477549720814,0.2400799119086095,-1,True,False,False
2022-05-12,369.4,0.2874251497005988,0.5929163881531275,0.32835364572712844,-1,True,False,False,False,0.14171656686626746,0.408380532021485,0.21822139078808905,-1,True,False,False
2022-05-13,378.23,0.3213572854291417,0.5902143075290083,0.32679889899424247,-1,True,False,False,False,0.18562874251497005,0.3996451677271119,0.21097858006072928,-1,True,False,False
2022-05-16,376.69,0.32335329341317365,0.5875589740552188,0.3260332088651161,-1,True,False,False,False,0.19760479041916168,0.3917220156758197,0.2080066268070476,-1,True,False,False
2022-05-17,384.44,0.3473053892215569,0.5851683911215506,0.3307603600554363,-1,True,False,False,False,0.29740518962075846,0.3880233166148369,0.22787297409898333,-1,True,False,False
2022-05-18,368.94,0.2774451097804391,0.5821064679241267,0.31891252666099246,-1,True,False,False,False,0.14770459081836326,0.37859905285811246,0.21005777781440108,-1,True,False,False
2022-05-19,366.68,0.2714570858283433,0.579015429296308,0.308366873142626,-1,True,False,False,False,0.1277445109780439,0.3687616198432078,0.19176594073965503,-1,True,False,False
2022-05-20,366.84,0.25948103792415167,0.5758359826159881,0.29750335420518725,-1,True,False,False,False,0.1217564870259481,0.3590751440464525,0.1762082843588313,-1,True,False,False
2022-05-23,373.71,0.28542914171656686,0.5729463623085312,0.2948201958743827,-1,True,False,False,True,0.17365269461077845,0.351803675441132,0.17564037552593065,-1,True,False,False
2022-05-24,370.86,0.2994011976047904,0.5702245198736682,0.2958381962589177,-1,True,False,False,False,0.1996007984031936,0.3458349351651344,0.1809649139431002,-1,True,False,False
2022-05-25,374.13,0.3013972055888224,0.5675496212240677,0.2970735316655632,-1,True,False,False,False,0.22554890219560877,0.34111783583299615,0.1908724668881021,-1,True,False,False
2022-05-26,381.61,0.3313373253493014,0.5651992501208363,0.3046877080397272,-1,True,False,False,False,0.3033932135728543,0.33963843888161804,0.2158770772624915,-1,True,False,False
2022-05-27,390.98,0.37325349301397204,0.5632893420899222,0.3199245491451149,-1,True,False,False,False,0.4550898203592814,0.34416594403760487,0.2690354646173337,1,False,False,False
2022-05-31,388.78,0.36327345309381237,0.5612991342392146,0.32955763891149215,-1,True,False,False,False,0.39520958083832336,0.3461676552846919,0.29707415711088697,1,False,False,False
2022-06-01,385.64,0.3373253493013972,0.5590705393642115,0.3312837967759155,-1,True,False,False,False,0.32335329341317365,0.34527297442698535,0.3029139651780618,1,False,False,False
2022-06-02,392.98,0.36127744510978044,0.5571024488741176,0.3379490519612188,-1,True,False,False,False,0.4471057884231537,0.3492664181131096,0.33495659256585997,1,False,False,False
2022-06-03,386.53,0.3373253493013972,0.5549156120624488,0.33781045137014737,-1,True,False,False,False,0.37524950099800397,0.3502853625399682,0.3439105722174475,1,False,False,False
2022-06-06,387.71,0.3393213572854291,0.5527703955970059,0.33814620824020997,-1,True,False,False,False,0.41317365269461076,0.352751569997013,0.3593023678790393,1,False,False,False
2022-06-07,391.43,0.37524950099800397,0.5510040185363193,0.3463913844086086,-1,True,False,False,False,0.4930139720558882,0.35825205635226304,0.3890160576961168,1,False,False,False
2022-06-08,387.17,0.3373253493013972,0.548877862623534,0.3443767099403394,-1,True,False,False,False,0.3712574850299401,0.35876207316315234,0.3850697082147442,1,False,False,False
2022-06-09,377.96,0.2834331337325349,0.5462366215400416,0.33083369300527177,-1,True,False,False,False,0.23353293413173654,0.3538511265344694,0.35139486952963134,-1,True,False,False
2022-06-10,367.0,0.25149700598802394,0.5433038890469867,0.31320331811255003,-1,True,False,False,False,0.1217564870259481,0.34474937596550775,0.3003641178621462,-1,True,False,False
2022-06-13,353.07,0.18762475049900199,0.5397647931410366,0.2852969697539838,-1,True,False,False,False,0.043912175648702596,0.33295183869818207,0.24337479737026982,-1,True,False,False
2022-06-14,352.01,0.16766467065868262,0.5360623043601177,0.25915645884391686,-1,True,False,False,False,0.04590818363273453,0.3216952247740469,0.19949332765081754,-1,True,False,False
2022-06-15,357.02,0.17764471057884232,0.5324959601433886,0.24104273700723364,-1,True,False,False,False,0.06187624750499002,0.31150624527329956,0.1689117542850781,-1,True,False,False
2022-06-16,345.21,0.12974051896207583,0.5284884433157139,0.21630891077497635,-1,True,False,False,False,0.01996007984031936,0.30007306231514347,0.13581138218624283,-1,True,False,False
2022-06-17,345.95,0.11976047904191617,0.5244214983975667,0.19485370372318522,-1,True,False,False,False,0.021956087824351298,0.28916651429589674,0.11051020566137805,-1,True,False,False
2022-06-21,354.66,0.16766467065868262,0.5208716792160852,0.18881169637551798,-1,True,False,False,False,0.0499001996007984,0.2797835215627556,0.09704131542569369,-1,True,False,False
2022-06-22,354.02,0.16167664670658682,0.5172975992906177,0.18278168533797773,-1,True,False,False,False,0.05588822355289421,0.271003313797663,0.08789618389840492,-1,True,False,False
2022-06-23,357.49,0.17964071856287425,0.5139378293331277,0.18208369272128808,-1,True,False,False,True,0.10379241516966067,0.26444602365538844,0.09142867973646177,-1,True,False,False
2022-06-24,368.85,0.22554890219560877,0.5110682877695703,0.19174262816002602,-1,True,False,False,False,0.2155688622754491,0.2625292722287242,0.11901538696734784,-1,True,False,False
2022-06-27,367.44,0.23552894211576847,0.5083266027381892,0.20147292015019103,-1,True,False,False,False,0.2155688622754491,0.2606876875246742,0.14047171481359255,-1,True,False,False
2022-06-28,359.94,0.21756487025948104,0.505433451171237,0.2050489090633666,-1,True,False,False,False,0.14770459081836326,0.2562569778499169,0.1420790205924305,-1,True,False,False
2022-06-29,359.64,0.21756487025948104,0.5025690871820653,0.20783023377361423,-1,True,False,False,False,0.1497005988023952,0.25207829631864154,0.1437727046390893,-1,True,False,False
2022-06-30,356.72,0.21157684630738524,0.4996736419992327,0.20866281433667444,-1,True,False,False,False,0.14770459081836326,0.24798520982843456,0.1446464571233724,-1,True,False,False
2022-07-01,360.49,0.24151696606786427,0.497104918855637,0.21596373694360552,-1,True,False,False,False,0.25149700598802394,0.24812292732488905,0.1683910235377394,-1,True,False,False
2022-07-05,361.17,0.20359281437125748,0.4941844004030561,0.2132146430386393,-1,True,False,False,False,0.2315369261477046,0.24747249590617593,0.18242344633995392,-1,True,False,False
2022-07-06,362.39,0.1996007984031936,0.49125322028365453,0.21018934423076246,-1,True,False,False,False,0.2654690618762475,0.24817824359127677,0.20087802757024137,-1,True,False,False
2022-07-07,367.82,0.21756487025948104,0.48852995311923497,0.21182835001492215,-1,True,False,False,False,0.3013972055888224,0.25026526170882757,0.22321562268548156,1,False,False,False
2022-07-08,367.52,0.2155688622754491,0.48581392236457044,0.2126595749617059,-1,True,False,False,False,0.2954091816367265,0.25203561150992165,0.23925863578575823,1,False,False,False
2022-07-11,363.32,0.20758483033932135,0.4830454736877023,0.21153185393450935,-1,True,False,False,False,0.2714570858283433,0.25279723795378134,0.2464138469063327,1,False,False,False
2022-07-12,360.11,0.1996007984031936,0.4802251286599958,0.20888050826088364,-1,True,False,False,False,0.2215568862275449,0.2515721261213799,0.24089007786660208,-1,True,False,False
2022-07-13,358.21,0.18762475049900199,0.4773136821111302,0.20415700653602104,-1,True,False,False,False,0.19560878243512975,0.24937748519250738,0.23082756777071933,-1,True,False,False
2022-07-14,357.34,0.17964071856287425,0.4743517620758242,0.19870894254198843,-1,True,False,False,False,0.19760479041916168,0.2473471834366899,0.22344472835926207,-1,True,False,True
2022-07-15,364.17,0.18962075848303392,0.4715186177614681,0.19668934608444297,-1,True,False,False,False,0.2874251497005988,0.24891886838821575,0.237662599768448,1,False,False,False
2022-07-18,361.16,0.16966067864271456,0.46851505617819694,0.19068297554183664,-1,True,False,False,True,0.23353293413173654,0.24831549841737344,0.23674489629362322,1,False,False,False
2022-07-19,370.92,0.20758483033932135,0.46591873552308377,0.19443894327461103,-1,True,False,False,False,0.47305389221556887,0.2571287687624007,0.28925800649850003,1,False,False,False
2022-07-20,373.29,0.20359281437125748,0.46330852735241884,0.19647313685164358,-1,True,False,False,False,0.5289421157684631,0.26778811570381494,0.34252114189182514,1,False,False,False
2022-07-21,377.09,0.2215568862275449,0.4609030383860022,0.20204730337962165,-1,True,False,False,False,0.6047904191616766,0.2810038923100056,0.4008032035073477,1,False,False,False
2022-07-22,373.59,0.21756487025948104,0.45848176308126076,0.20549565157514596,-1,True,False,False,False,0.5748502994011976,0.2925272808233857,0.43948033592820324,1,False,False,False
2022-07-25,374.04,0.249500998003992,0.456402352483477,0.21527461744822288,-1,True,False,False,False,0.6127744510978044,0.30508599338316683,0.47799013929922574,1,False,False,False
2022-07-26,369.62,0.23353293413173654,0.45418474633072337,0.21933202115567035,-1,True,False,False,False,0.5528942115768463,0.31480396272409544,0.4946354886942525,1,False,False,False
2022-07-27,379.22,0.27345309381237526,0.4523864214300433,0.23135892619049367,-1,True,False,False,False,0.6906187624750499,0.32954179800844663,0.5381873273122075,1,False,False,False
2022-07-28,383.97,0.3393213572854291,0.4512613959161666,0.25535057754492374,-1,True,False,False,False,0.7684630738522954,0.3467543970611466,0.589359715432227,1,False,False,False
2022-07-29,389.57,0.36327345309381237,0.45038589399753626,0.2793334387780101,-1,True,False,False,False,0.7904191616766467,0.36415301528136224,0.6340395923754314,1,False,False,False
2022-08-01,388.42,0.35728542914171657,0.4494595212129013,0.2966561033032782,-1,True,False,False,False,0.7884231536926147,0.3807910599249408,0.6683470504459166,1,False,False,False
2022-08-02,385.85,0.33532934131736525,0.44832389753234875,0.30525015619529755,-1,True,False,False,False,0.7544910179640718,0.3954459602402008,0.68749015433884,1,False,False,False
2022-08-03,391.9,0.3772455089820359,0.447616649885082,0.3212491234812394,-1,True,False,False,False,0.7764471057884231,0.4103871816342487,0.7072583657720808,1,False,False,False
2022-08-04,391.63,0.37524950099800397,0.4468965787518772,0.3332492073738538,-1,True,False,False,False,0.7524950099800399,0.42380317490271113,0.7173109533738495,1,False,False,False
2022-08-05,390.97,0.37524950099800397,0.44618367250557,0.3425826059569983,-1,True,False,False,False,0.7504990019960079,0.4366147759651934,0.7246860752898847,1,False,False,False
2022-08-08,390.52,0.3872255489021956,0.44559702450951655,0.3525032599448199,-1,True,False,False,False,0.7724550898203593,0.44978498435167047,0.7353014118522124,1,False,False,False
2022-08-09,388.96,0.36127744510978044,0.44475802371946943,0.35445307887036664,-1,True,False,False,False,0.7684630738522954,0.4622821643320872,0.742670670074453,1,False,False,False
2022-08-10,397.13,0.4311377245508982,0.44462249835460804,0.3714941112438181,-1,True,False,False,False,0.8562874251497006,0.47773335103081715,0.7679188378689525,1,False,False,False
2022-08-11,397.13,0.43912175648702595,0.4445677646046819,0.38652247685341984,-1,True,False,False,False,0.872255489021956,0.4932048074226265,0.7911047603473977,1,False,False,False
2022-08-12,403.86,0.500998003992016,0.4451292595239589,0.41196148288421897,-1,True,False,False,False,0.9181636726546906,0.5098698609611388,0.8193400741934629,1,False,False,False
2022-08-15,405.52,0.5049900199600799,0.44572488898103474,0.43263449112329916,-1,True,False,False,False,0.9101796407185628,0.5255682836967241,0.839526644532374,1,False,False,False
2022-08-16,406.32,0.5289421157684631,0.44655292108837236,0.45403618548889113,-1,False,False,False,False,0.9221556886227545,0.5411207309487254,0.8578886543302363,1,False,False,False
2022-08-17,403.43,0.500998003992016,0.4470946632068166,0.4644721451562522,-1,False,False,False,False,0.9121756487025948,0.5556719041939752,0.8699524308574271,1,False,False,False
2022-08-18,404.6,0.5169660678642715,0.44778990106410477,0.4761374613135898,-1,False,False,False,False,0.9161676646706587,0.5698089928401195,0.8802224828159231,1,False,False,False
2022-08-19,399.17,0.469061876247505,0.44800156250871576,0.4745651090766821,-1,False,False,False,False,0.8922155688622755,0.5824523879782434,0.8828876130484459,1,False,False,False
2022-08-22,390.86,0.39520958083832336,0.4474762691587616,0.4569305472459357,-1,False,False,False,False,0.8243512974051896,0.5919386197204766,0.8698795429055001,1,False,False,False
2022-08-23,389.91,0.3972055888223553,0.44697606338427004,0.4436583342629178,-1,True,False,False,False,0.8063872255489022,0.6003483689686501,0.8557701390484783,1,False,False,False
2022-08-24,391.16,0.405189620758483,0.446560277885506,0.43510973126193225,-1,True,False,False,False,0.8223552894211577,0.6090545227118858,0.8483446169090738,1,False,False,False
2022-08-25,396.68,0.45109780439121755,0.44660542740297576,0.43866263640177344,-1,True,False,False,False,0.8562874251497006,0.6187499306506236,0.850109685406991,1,False,False,False
2022-08-26,383.25,0.36726546906187624,0.44581597508117377,0.42279659921512963,-1,True,False,False,False,0.6806387225548902,0.6211769420978497,0.8124494714398574,1,False,True,False
2022-08-29,380.72,0.35528942115768464,0.44491521335059175,0.40779500409125297,-1,True,False,False,False,0.6207584830339321,0.6211605319384803,0.7698514740163185,1,False,False,False
2022-08-30,376.54,0.3193612774451098,0.44366592045600983,0.3881430648365545,-1,True,False,False,False,0.5369261477045908,0.6178572227528376,0.7180902903914901,-1,False,False,False
2022-08-31,373.67,0.30538922155688625,0.44229003290477475,0.3697533218855171,-1,True,False,False,False,0.4630738522954092,0.6117872866564679,0.6614199708145833,-1,False,False,False
2022-09-01,374.85,0.313373253493014,0.4410072788807771,0.35722441779829417,-1,True,False,False,False,0.46706586826347307,0.6061119369155661,0.6182301702476699,-1,False,False,False
2022-09-02,370.89,0.2894211576846307,0.43949895926688515,0.34215702666192455,-1,True,False,False,False,0.3852295409181637,0.5974498821705699,0.5664522526188908,-1,True,False,False
2022-09-06,369.49,0.2894211576846307,0.43800564780835527,0.33043794466697035,-1,True,False,False,True,0.37524950099800397,0.58873614173243,0.5239627522586937,-1,True,False,False
2022-09-07,376.13,0.35528942115768464,0.4371826007770053,0.3359604949982402,-1,True,False,False,False,0.5169660678642715,0.585921629031718,0.5224079335043776,-1,True,False,False
2022-09-08,378.59,0.37524950099800397,0.43656635102796054,0.34469138522041,-1,True,False,False,False,0.5828343313373253,0.5858005585338987,0.5358360219116993,-1,True,False,False
2022-09-09,384.47,0.4171656686626746,0.43637330941238556,0.3607967815409132,-1,True,False,False,False,0.6746506986027944,0.5892848777522868,0.5666837278430538,1,False,False,False
2022-09-12,388.61,0.43313373253493015,0.43634107481659,0.3768716595395837,-1,True,False,False,False,0.7425149700598802,0.5952939009800355,0.6057573372245708,1,False,False,False
2022-09-13,371.71,0.3413173652694611,0.43539556526885737,0.3689707052573342,-1,True,False,False,False,0.4171656686626746,0.5883084801048449,0.5638480775441495,-1,True,False,False
2022-09-14,373.13,0.3373253493013972,0.43441974222440505,0.3619384039337927,-1,True,False,False,False,0.40718562874251496,0.5812056231886751,0.5290342000326751,-1,True,False,False
2022-09-15,368.89,0.31137724550898205,0.43319543877450034,0.35070259095050144,-1,True,False,False,False,0.3532934131736527,0.5722678894625958,0.4899806918417813,-1,True,False,False
2022-09-16,366.07,0.2934131736526946,0.4318045704648306,0.3379716093287666,-1,True,False,False,False,0.2834331337325349,0.560941036296711,0.44408123448417103,-1,True,False,False
2022-09-19,368.91,0.3073852295409182,0.4305665670725529,0.331174636042578,-1,True,False,False,False,0.3333333333333333,0.5520152440236373,0.4194705897839849,-1,True,False,False
2022-09-20,364.68,0.281437125748503,0.4290826920345027,0.32012185597722803,-1,True,False,False,False,0.2554890219560878,0.5403867647268707,0.3830302413777855,-1,True,False,False
2022-09-21,358.32,0.25149700598802394,0.42731567028279643,0.30487188931296044,-1,True,False,False,False,0.17365269461077845,0.526005036487024,0.33650189765178395,-1,True,False,False
2022-09-22,355.31,0.21157684630738524,0.425169015317867,0.2841396575339437,-1,True,False,False,False,0.1157684630738523,0.5099173277257232,0.28745002330113245,-1,True,False,False
2022-09-23,349.35,0.16367265469061876,0.42256706148078,0.25736921245764927,-1,True,False,False,False,0.04590818363273453,0.4917208907024687,0.23377405893037737,-1,True,False,False
2022-09-26,345.9,0.13373253493013973,0.4196930860922164,0.22989439522931382,-1,True,False,False,False,0.033932135728542916,0.4737683905074128,0.18936474266330305,-1,True,False,False
2022-09-27,345.01,0.12375249500998003,0.4167484035938857,0.2063073062916841,-1,True,False,False,False,0.033932135728542916,0.4565199099278493,0.15482416334446747,-1,True,False,False
2022-09-28,351.8,0.16766467065868262,0.4142699584900528,0.19772005392879485,-1,True,False,False,False,0.08383233532934131,0.44190471092398625,0.13904820156332834,-1,True,False,False
2022-09-29,344.45,0.13972055888223553,0.4115381236680845,0.18483127725178167,-1,True,False,False,False,0.06187624750499002,0.4270016339271629,0.12189887843925315,-1,True,False,False
2022-09-30,339.13,0.1277445109780439,0.4087143066263926,0.17214532919095105,-1,True,False,False,True,0.043912175648702596,0.41197851791624285,0.10456850004135303,-1,True,False,False
2022-10-03,348.08,0.17365269461077845,0.4063753851137994,0.17248029928424602,-1,True,False,False,False,0.08982035928143713,0.39934486463644653,0.10129113542803839,-1,True,False,False
2022-10-04,358.87,0.24151696606786427,0.4047350028347354,0.18782178079171674,-1,True,False,False,False,0.21756487025948104,0.3922162374059773,0.12712974316835898,-1,True,False,False
2022-10-05,358.03,0.24550898203592814,0.40315066431932445,0.20064115884598593,-1,True,False,False,False,0.2315369261477046,0.38591508794486856,0.15033133938599133,-1,True,False,False
2022-10-06,354.34,0.21956087824351297,0.40132390027876913,0.20484554093432528,-1,True,False,False,False,0.19161676646706588,0.37829554592613124,0.15950587873734123,-1,True,False,False
2022-10-07,344.45,0.17964071856287425,0.39911809747562593,0.19924446929622505,-1,True,False,False,False,0.11177644710578842,0.3678438165606276,0.14889933837477393,-1,True,False,False
2022-10-10,341.82,0.17365269461077845,0.3968746606311996,0.1935574082550147,-1,True,False,False,False,0.12574850299401197,0.3583498826952701,0.14375470829016015,-1,True,False,False
2022-10-11,339.66,0.17564870259481039,0.39467340731740463,0.1895776958860804,-1,True,False,False,False,0.12375249500998003,0.34914998513898426,0.13930977200567568,-1,True,False,False
2022-10-12,338.54,0.17165668662674652,0.3924543354697364,0.18559524938400618,-1,True,False,False,False,0.10578842315369262,0.33960639447289437,0.13186058337190168,-1,True,False,False
2022-10-13,347.47,0.19560878243512975,0.39049567325048656,0.18782047895092252,-1,True,False,False,False,0.17964071856287425,0.3333332307117171,0.1424783911921178,-1,True,False,False
2022-10-14,339.56,0.16167664670658682,0.3882188670162189,0.18201073845218127,-1,True,False,False,True,0.10379241516966067,0.3243316301022247,0.13388150763157178,-1,True,False,False
2022-10-17,348.28,0.1996007984031936,0.38634207031360174,0.18591964066351735,-1,True,False,False,False,0.18562874251497005,0.3188923011772344,0.14538089316121583,-1,True,False,False
2022-10-18,352.37,0.22554890219560877,0.38474213829252724,0.19472614322620435,-1,True,False,False,False,0.25349301397205587,0.31632762324761954,0.16940580889695805,-1,True,False,False
2022-10-19,349.88,0.20958083832335328,0.38299923978537126,0.19802718658112634,-1,True,False,False,False,0.20958083832335328,0.31214147481921695,0.17833359321393477,-1,True,False,False
2022-10-20,346.94,0.19161676646706588,0.3810949365682737,0.19660264877800177,-1,True,False,False,False,0.17964071856287425,0.3069453667307329,0.1786240655136991,-1,True,False,False
2022-10-21,355.37,0.23952095808383234,0.37968624026494596,0.2061400508459641,-1,True,False,False,False,0.3013972055888224,0.30672779178399134,0.20590698553039316,-1,True,False,True
2022-10-24,359.72,0.26147704590818366,0.37851002937582395,0.21843716085979065,-1,True,False,False,False,0.36127744510978044,0.3088669938751987,0.24043375432581254,1,False,False,False
2022-10-25,365.47,0.3093812375249501,0.3778221807006909,0.23864695567427052,-1,True,False,False,False,0.4810379241516966,0.3156187950625124,0.29390134762045345,1,False,False,False
2022-10-26,362.71,0.32934131736526945,0.3773397840505872,0.2588012582722703,-1,True,False,False,False,0.5149700598802395,0.3234364917220311,0.3430277281226281,1,False,False,False
2022-10-27,360.78,0.3393213572854291,0.37696149124695383,0.2766946136085278,-1,True,False,True,False,0.5329341317365269,0.3316520854480898,0.385229151147939,1,False,False,False
2022-10-28,369.36,0.40119760479041916,0.37720264660559527,0.3043619449822814,-1,True,False,False,False,0.656686626746507,0.3443985380480277,0.44555303461428747,1,False,False,False
2022-10-31,366.69,0.3932135728542914,0.37736195930458727,0.3241067511760614,-1,True,False,False,False,0.6347305389221557,0.35578410670975824,0.48759248001603595,1,False,False,False
2022-11-01,365.09,0.39520958083832336,0.3775395475785548,0.3399073799898974,-1,True,False,False,False,0.6467065868263473,0.36719283142021275,0.5229511704183274,1,False,False,False
2022-11-02,355.92,0.3592814371257485,0.37735787483773087,0.3442127260200865,-1,True,False,False,False,0.5229540918163673,0.3733011161416306,0.5229518196178918,1,False,False,False
2022-11-03,352.26,0.35129740518962077,0.3770985666820283,0.3457870991688719,-1,True,False,False,False,0.5189620758483033,0.3790133106399315,0.5220652098913166,1,False,False,False
2022-11-04,357.33,0.3852295409181637,0.37717947189830825,0.3545520862242701,-1,True,False,False,False,0.6007984031936128,0.3877107652498798,0.5395614750696046,1,False,False,False
2022-11-07,360.75,0.4231536926147705,0.37763692683081035,0.36979688764438123,-1,True,False,False,False,0.6467065868263473,0.3978674641352315,0.5633714999044364,1,False,False,False
2022-11-08,362.69,0.43313373253493015,0.37818913385274194,0.38387174206450325,-1,False,False,False,False,0.6766467065868264,0.40879998344705876,0.5885437680560786,1,False,False,False
2022-11-09,355.22,0.3992015968063872,0.3783982130861116,0.3872783764515886,-1,False,False,False,False,0.6127744510978044,0.41679898217846056,0.5939283642875731,1,False,False,False
2022-11-10,374.74,0.5528942115768463,0.38013449167805924,0.42408189536831253,1,False,False,False,False,0.8223552894211577,0.4327031510899389,0.6446899032061475,1,False,False,False
2022-11-11,378.37,0.5688622754491018,0.382012380073791,0.4562553131640435,1,False,False,False,False,0.8163672654690619,0.44774880263421823,0.6828404281534618,1,False,False,False
2022-11-14,375.15,0.5369261477045908,0.3835538105974806,0.4741821652841651,1,False,False,False,False,0.7944111776447106,0.4613434055758062,0.707633928040406,1,False,False,False
2022-11-15,378.35,0.564870259481038,0.3853579543674663,0.4943350751056924,1,False,False,False,False,0.8243512974051896,0.47557900917695856,0.7335711212325802,1,False,False,False
2022-11-16,375.46,0.5489021956087824,0.3869852602504644,0.5064611018841568,1,False,False,False,False,0.8143712574850299,0.48886497969884374,0.751526707066458,1,False,False,False
2022-11-17,374.32,0.5289421157684631,0.3883977662755192,0.511456882747336,1,False,False,False,False,0.7924151696606786,0.5007689087169549,0.7606130320873958,1,False,False,False
2022-11-18,376.01,0.5708582834331337,0.3902132938094258,0.5246571940108467,1,False,False,False,False,0.8303393213572854,0.5136932386244188,0.7761077630362603,1,False,False,False
2022-11-21,374.65,0.5748502994011976,0.39205047794466735,0.5358112174309246,1,False,False,False,False,0.8343313373253493,0.5262672817107298,0.7890463351005023,1,False,False,False
2022-11-22,379.69,0.6007984031936128,0.394127571728239,0.5502528142670775,1,False,False,False,False,0.8662674650698603,0.5396006222346172,0.8062065862048041,1,False,False,False
2022-11-23,382.08,0.6287425149700598,0.3964620487754213,0.5676949699788514,1,False,False,False,False,0.8922155688622755,0.5534286593572706,0.82531969346202,1,False,False,False
2022-11-25,382.0,0.6427145708582834,0.39891232262699206,0.584365992396503,1,False,False,False,False,0.8922155688622755,0.5667144205143296,0.8401854435509657,1,False,False,False
2022-11-28,375.9,0.590818363273453,0.40082183546924544,0.5857998525913808,1,False,False,False,False,0.8522954091816367,0.5779136749718712,0.8428765470244481,1,False,False,False
2022-11-29,375.26,0.5888223552894212,0.40269248740775465,0.586471519857612,1,False,False,False,False,0.8483033932135728,0.5885171933342909,0.8440825128442536,1,False,False,False
2022-11-30,387.08,0.654690618762475,0.4051999315008365,0.6016313196142482,1,False,False,False,False,0.906187624750499,0.600974857311397,0.8578836488234193,1,False,False,False
2022-12-01,386.79,0.6586826347305389,0.4077221474533708,0.6143093896400906,1,False,False,False,False,0.8942115768463074,0.6124743365088445,0.8659565217173945,1,False,False,False
2022-12-02,386.34,0.6467065868263473,0.4101001020739975,0.6215087667925921,1,False,False,False,False,0.8942115768463074,0.6235228557377647,0.8722354228571529,1,False,False,False
2022-12-05,379.39,0.5948103792415169,0.41193801527964446,0.6155757917812421,1,False,False,False,False,0.8283433133732535,0.6315550305469996,0.8624816207496198,1,False,False,False
2022-12-06,373.93,0.5788423153692615,0.4135987545840188,0.6074127970230242,1,False,False,False,False,0.780439121756487,0.6373936223591364,0.8442499543067014,1,False,False,False
2022-12-07,373.29,0.5668662674650699,0.4151238044634322,0.5984024571212565,1,False,False,False,False,0.780439121756487,0.6430032497864836,0.8300697692955427,1,False,False,False
2022-12-08,376.21,0.5868263473053892,0.416832287476785,0.5958299882732859,1,False,False,False,False,0.7984031936127745,0.6490973652306519,0.8230327524771497,1,False,False,False
2022-12-09,373.4,0.5708582834331337,0.41836488445147507,0.5902807205310299,1,False,False,False,False,0.7664670658682635,0.6537000985889896,0.8104625998973971,1,False,False,False
2022-12-12,378.79,0.6187624750499002,0.4203588903280764,0.5966099993130011,1,False,False,False,False,0.7884231536926147,0.6589833556518768,0.8055649451852233,1,False,False,False
2022-12-13,381.65,0.6506986027944112,0.42265082776555235,0.6086296889755367,1,False,False,False,False,0.8043912175648703,0.664685624746504,0.8053041168251448,1,False,False,False
2022-12-14,379.21,0.6227544910179641,0.42464190899194454,0.6117685338738539,1,False,False,False,False,0.780439121756487,0.6692249775704249,0.7997785623654431,1,False,True,False
2022-12-15,369.94,0.5389221556886228,0.42577902587449856,0.5955804498326914,1,False,False,False,False,0.656686626746507,0.6687332775381144,0.767980354450124,1,False,False,False
2022-12-16,365.57,0.5069860279441117,0.426587055745838,0.5758928005241182,1,False,False,False,False,0.5768463073852296,0.6651298669438837,0.7255061217690364,-1,False,False,False
2022-12-19,362.47,0.48502994011976047,0.42716857698338945,0.5557010537675943,1,False,False,False,False,0.49700598802395207,0.658536773652906,0.6747283142701288,-1,False,False,False
2022-12-20,362.97,0.48902195608782434,0.4277840334918913,0.5408834765054231,1,False,False,False,False,0.5049900199600799,0.6525153323316187,0.6370086933123402,-1,True,False,False
2022-12-21,368.4,0.5269461077844312,0.42877072079828477,0.5377862834563139,1,False,False,False,False,0.5968063872255489,0.6503306678176553,0.6280748475152755,-1,True,False,False
2022-12-22,363.14,0.5089820359281437,0.4295688433368904,0.531385339561165,1,False,False,False,False,0.499001996007984,0.6443962100996289,0.5993919916247663,-1,True,False,False
2022-12-23,365.23,0.5269461077844312,0.4305377713413435,0.5303988436107797,1,False,False,False,False,0.5429141716566867,0.6404165223175527,0.5868413649651931,-1,True,False,False
2022-12-27,363.79,0.5349301397205589,0.43157650137496756,0.5314057983018418,1,False,False,False,False,0.5349301397205589,0.6362798014313962,0.5753055371330522,-1,True,False,False
2022-12-28,359.27,0.499001996007984,0.43224740181907717,0.5242049533476512,1,False,False,False,False,0.4171656686626746,0.6276870903424266,0.540163344139635,-1,True,False,False
2022-12-29,365.74,0.5389221556886228,0.4333088421560876,0.527475442756756,1,False,False,False,False,0.5369261477045908,0.6241278376899626,0.5394439671540696,-1,True,False,False
2022-12-30,364.77,0.5129740518962076,0.4341015308102182,0.5242529114544119,1,False,False,False,False,0.4590818363273453,0.6176554454796639,0.521585715859242,-1,True,False,False
2023-01-03,363.24,0.5129740518962076,0.4348863320150539,0.5217464982192555,1,False,False,False,False,0.45109780439121755,0.611123773280117,0.5059217355330143,-1,True,False,False
2023-01-04,366.04,0.5429141716566867,0.4359612358920851,0.5264504256497957,1,False,False,False,False,0.5269461077844312,0.6078226883587177,0.5105938182555514,-1,True,False,False
2023-01-05,361.86,0.5109780439121756,0.4367076717927825,0.5230121185969913,1,False,False,False,False,0.42115768463073855,0.600502492134091,0.49071912189448186,-1,True,False,True
2023-01-06,370.16,0.5788423153692615,0.438121946853245,0.535418828990829,1,False,False,False,False,0.6307385229540918,0.6016882188329146,0.521834544352173,1,False,False,False
2023-01-09,369.95,0.5788423153692615,0.4395221495250462,0.5450684926304807,1,False,False,False,False,0.6067864271457086,0.6018881485706713,0.5407127405285143,1,False,False,False
2023-01-10,372.55,0.6087824351297405,0.44120633147136157,0.5592271465192051,1,False,False,False,False,0.6407185628742516,0.6034109099159097,0.5629362566053447,1,False,False,False
2023-01-11,377.26,0.6447105788423154,0.44323124935564967,0.5782234648132296,1,False,False,False,False,0.7305389221556886,0.608396322160607,0.60018129339431,1,False,False,False
2023-01-12,378.63,0.6686626746506986,0.4454743481148044,0.5983210669993339,1,False,False,False,False,0.7365269461077845,0.6134210525114767,0.6304803273306376,1,False,False,False
2023-01-13,380.1,0.6606786427145709,0.44761568437947874,0.6121783060471643,1,False,False,False,False,0.7485029940119761,0.6187183835507121,0.6567075865931573,1,False,False,False
2023-01-17,379.4,0.656686626746507,0.4496959922637278,0.6220690439803516,1,False,False,False,False,0.7345309381237525,0.6232600523574979,0.6740016647110674,1,False,False,False
2023-01-18,373.41,0.5948103792415169,0.45113991651226304,0.6160115629272772,1,False,False,False,False,0.5808383233532934,0.6215964551416467,0.6532986999648953,-1,False,False,False
2023-01-19,370.7,0.5808383233532934,0.4524304479236166,0.608195287466392,1,False,False,False,False,0.4750499001996008,0.6158495314184294,0.6136878555726076,-1,True,False,False
2023-01-20,377.6,0.626746506986028,0.45416493607349134,0.6123177806929777,1,False,False,False,False,0.6067864271457086,0.6154941155645972,0.6121542048110745,-1,True,False,False
2023-01-23,382.13,0.6606786427145709,0.45621979882613894,0.6230646389199984,1,False,False,False,False,0.6646706586826348,0.6174226074515791,0.6238245278936434,1,False,False,False
2023-01-24,381.72,0.6526946107784432,0.4581747720793958,0.6296490771107639,1,False,False,False,False,0.6706586826347305,0.6195102966744477,0.6342321178361072,1,False,False,False
2023-01-25,381.87,0.6526946107784432,0.4601102928624709,0.6347703068146926,1,False,False,False,False,0.6726546906187625,0.6215943905546168,0.642770467343364,1,False,False,False
2023-01-26,386.06,0.6666666666666666,0.4621655801640052,0.641858386781798,1,False,False,False,False,0.7065868263473054,0.6249274272523694,0.6569518804553509,1,False,False,False
2023-01-27,386.95,0.6806387225548902,0.4643394422773474,0.6504762391758184,1,False,False,False,False,0.6986027944111777,0.6278166573370286,0.6662076391122014,1,False,False,False
2023-01-30,382.09,0.6646706586826348,0.46633278771421594,0.6536305546217777,1,False,False,False,False,0.6606786427145709,0.6291053626459518,0.6649789732460613,1,False,False,False
2023-01-31,387.71,0.720558882235529,0.46886240059502504,0.6685035163137224,1,False,False,False,False,0.7305389221556886,0.6330831492933926,0.679547850781534,1,False,False,False
2023-02-01,391.83,0.7385229540918163,0.4715455901820578,0.6840633913755211,1,False,False,False,False,0.7504990019960079,0.6376876925366325,0.6953147732736393,1,False,False,False
2023-02-02,397.54,0.7904191616766467,0.4747184615402129,0.7076980069979935,1,False,False,False,False,0.7345309381237525,0.6414854668733823,0.7040294765736645,1,False,False,False
2023-02-03,393.31,0.7325349301397206,0.4772837995362279,0.7132173232517105,1,False,False,False,False,0.6986027944111777,0.6437253620709429,0.702823547204223,1,False,False,False
2023-02-06,390.91,0.7125748502994012,0.4796250040214336,0.7130745514845306,1,False,False,False,False,0.6746506986027944,0.6449381203663096,0.6965629141816834,1,False,False,False
2023-02-07,396.02,0.7385229540918163,0.48220110302710906,0.7187297520639274,1,False,False,False,False,0.718562874251497,0.6478253656167091,0.7014517941971975,1,False,False,False
2023-02-08,391.69,0.7125748502994012,0.4844933791193707,0.717361996116255,1,False,False,False,False,0.6806387225548902,0.6491121639280103,0.6968266671655736,1,False,False,False
2023-02-09,388.29,0.688622754491018,0.4865245171827702,0.7109754979773133,1,False,False,False,False,0.626746506986028,0.6482350793420503,0.6812532982367856,1,False,False,False
2023-02-10,389.2,0.7105788423153693,0.4887539134527463,0.710887352274659,1,False,False,False,False,0.6526946107784432,0.6484099629277912,0.6749069232460427,1,False,False,False
2023-02-13,393.77,0.7265469061876247,0.49112001288294416,0.714367253144207,1,False,False,False,False,0.7225548902195609,0.6513176071353115,0.6854953603512689,1,False,False,False
2023-02-14,393.59,0.7285429141716567,0.4934824298111901,0.7175174000391958,1,False,False,False,False,0.6866267465069861,0.6527022792675341,0.6857467794969838,1,False,False,False
2023-02-15,394.87,0.7385229540918163,0.4959206439831367,0.7221853009397782,1,False,False,False,False,0.6966067864271457,0.6544240246463424,0.6881601143703531,1,False,False,False
2023-02-16,389.43,0.7145708582834331,0.4980962680060252,0.7204932025717015,1,False,False,False,False,0.6666666666666666,0.6549041282549827,0.6833837926584228,1,False,False,False
2023-02-17,388.46,0.7105788423153693,0.5002105224767649,0.7182900114036277,1,False,False,False,False,0.6666666666666666,0.6553654042711272,0.6796688757713658,1,False,True,False
2023-02-21,380.66,0.6506986027944112,0.5017079163107714,0.7032696983793574,1,False,False,False,False,0.5149700598802395,0.6498597044910924,0.6430691389066712,-1,True,False,False
2023-02-22,380.14,0.6427145708582834,0.5031109675998015,0.6898130033746742,1,False,False,False,False,0.5089820359281437,0.6443350900376434,0.6132720049114428,-1,True,False,False
2023-02-23,382.16,0.6487025948103793,0.5045596405073693,0.6806773570270531,1,False,False,False,False,0.5449101796407185,0.6404360739436464,0.5980804881846152,-1,True,False,False
2023-02-24,378.08,0.6067864271457086,0.5055768224639697,0.6642571503867544,1,False,False,False,False,0.47105788423153694,0.633793791994152,0.5698532428617089,-1,True,False,False
2023-02-27,379.37,0.6067864271457086,0.5065838832070716,0.6514858785554108,1,False,False,False,False,0.4930139720558882,0.6282730147416711,0.5527778493493043,-1,True,False,False
2023-02-28,377.96,0.5868263473053892,0.5073823156856618,0.6371170938331838,1,False,False,False,False,0.4550898203592814,0.6214815169227539,0.5310693984626326,-1,True,False,False
2023-03-01,376.51,0.5748502994011976,0.508053638906712,0.6232800284038535,1,False,False,False,False,0.4351297405189621,0.6141736041226051,0.5097494744751503,-1,True,False,False
2023-03-02,379.44,0.5988023952095808,0.508956611606243,0.6178405543606819,1,False,False,False,False,0.469061876247505,0.6084829481275031,0.500707785980118,-1,True,False,False
2023-03-03,385.53,0.656686626746507,0.5104265620056486,0.6264730148908653,1,False,False,False,False,0.5469061876247505,0.6060681732058266,0.510974097456703,-1,True,False,False
2023-03-06,385.8,0.6407185628742516,0.5117229998252367,0.6296386922205067,1,False,False,False,False,0.5269461077844312,0.60296534711087,0.5145234330850871,-1,True,False,False
2023-03-07,379.88,0.5848303393213573,0.5124504360391284,0.6196812804651401,1,False,False,False,False,0.3912175648702595,0.5946615125131991,0.4871221290373476,-1,True,False,False
2023-03-08,380.5,0.5888223552894212,0.5132103556336588,0.6128237415372026,1,False,False,False,False,0.3972055888223553,0.5869181429566954,0.4671406756562382,-1,True,False,False
2023-03-09,373.48,0.5069860279441117,0.5131484220248076,0.5893042496276268,1,False,False,False,False,0.27944111776447106,0.5748602204001376,0.42542966279140104,-1,True,False,False
2023-03-10,368.09,0.4491017964071856,0.5125111421679159,0.5581481489119733,1,False,False,False,False,0.17564870259481039,0.559204866760713,0.36992278274771423,-1,True,False,False
2023-03-13,367.57,0.42714570858283435,0.5116617348685619,0.5290364955054979,1,False,False,False,False,0.18762475049900199,0.5446330974955479,0.3294121089146671,-1,True,False,False
2023-03-14,373.64,0.47305389221556887,0.5112775772302237,0.5165959169966248,1,False,False,False,False,0.2554890219560878,0.5332941141410593,0.312984756257205,-1,True,False,False
2023-03-15,371.31,0.4231536926147705,0.5104007226569357,0.4958309782451016,1,False,False,False,False,0.21157684630738524,0.5206777506966015,0.2904496651572451,-1,True,False,False
2023-03-16,377.82,0.469061876247505,0.5099893908518668,0.48988228891230234,1,False,False,False,False,0.2714570858283433,0.5109043912900031,0.2862290919730447,-1,True,False,False
2023-03-17,373.4,0.41317365269461076,0.5090260501736852,0.4728359253083709,1,False,False,False,False,0.2215568862275449,0.4995574303071616,0.27185749069626697,-1,True,False,False
2023-03-20,376.99,0.48303393213572854,0.5087674221335066,0.4751021490477837,1,False,False,False,False,0.2774451097804391,0.4908471432276823,0.273099183826083,-1,True,False,False
2023-03-21,381.94,0.5149700598802395,0.5088291399220313,0.4839616847883294,1,False,False,False,False,0.28542914171656686,0.4827915353252856,0.2758391744684128,-1,True,False,False
2023-03-22,375.43,0.4471057884231537,0.5082149772205499,0.47577148559606813,1,False,False,False,False,0.2155688622754491,0.47231221481352736,0.2624457717588653,-1,True,False,False
2023-03-23,376.44,0.43313373253493015,0.5074679001590015,0.4662964293602597,1,False,False,False,False,0.21756487025948104,0.46232212287023144,0.2524722380923355,-1,True,False,False
2023-03-24,378.91,0.44510978043912175,0.5068474213558186,0.4615882851555624,1,False,False,False,False,0.24750499001996007,0.45389792158198555,0.25136840518736314,-1,True,False,False
2023-03-27,379.62,0.47305389221556887,0.5065111673345226,0.4641361978355638,1,False,False,False,False,0.2654690618762475,0.44650855453470173,0.2545018844515597,-1,True,False,False
2023-03-28,378.77,0.48502994011976047,0.5062974237801469,0.46877925167649637,1,False,False,False,False,0.2714570858283433,0.439643791056021,0.25826970697973384,-1,True,False,False
2023-03-29,384.28,0.5449101796407185,0.5066816303061227,0.4856972356685457,1,False,False,False,False,0.36327345309381237,0.4366488758418168,0.2816038727828624,-1,True,False,False
2023-03-30,386.53,0.562874251497006,0.507240760865236,0.5028476836304258,1,False,False,False,False,0.4091816367265469,0.43557172920984544,0.30995448699257006,-1,True,False,True
2023-03-31,391.97,0.6127744510978044,0.5082908473352118,0.5272758541787321,1,False,False,False,False,0.5169660678642715,0.4387636640590386,0.35595706051961484,1,False,False,False
2023-04-03,393.47,0.6207584830339321,0.5094099282874379,0.5480497717021099,1,False,False,False,False,0.5409181636726547,0.4427697228674157,0.39705952788695703,1,False,False,False
2023-04-04,391.29,0.592814371257485,0.5102398232423638,0.5579974604921932,1,False,False,False,False,0.4590818363273453,0.4434094135913345,0.4108422630959322,1,False,False,False
2023-04-05,390.26,0.5888223552894212,0.5110217389841256,0.5648474371137995,1,False,False,False,False,0.43313373253493015,0.4430064457067696,0.4157959229712651,1,False,False,False
2023-04-06,391.78,0.5848303393213573,0.5117561529178294,0.5692880820488123,1,False,False,False,False,0.43912175648702595,0.44285410495305416,0.4209794415303231,1,False,False,False
2023-04-10,392.19,0.5968063872255489,0.5126024239059659,0.5754032609769759,1,False,False,False,False,0.49700598802395207,0.44497770821073646,0.4378742296400184,1,False,False,False
2023-04-11,392.29,0.6287425149700598,0.5137580467026236,0.5872564285309946,1,False,False,False,False,0.5329341317365269,0.44842697972155177,0.4589986523281314,1,False,False,False
2023-04-12,390.69,0.6167664670658682,0.5147830061092231,0.5938142148720776,1,False,False,False,False,0.5049900199600799,0.45064513816227836,0.4692189562463422,1,False,False,False
2023-04-13,395.88,0.6447105788423154,0.5160758177782092,0.605124517976575,1,False,False,False,False,0.5588822355289421,0.45488973021587303,0.4891441294202533,1,False,False,False
2023-04-14,394.91,0.6187624750499002,0.5170975755620072,0.6081551751039805,1,False,False,False,False,0.5489021956087824,0.4585764935646146,0.502423699684371,1,False,False,False
2023-04-17,396.33,0.6367265469061876,0.5182879135853324,0.6145043688378043,1,False,False,False,False,0.5748502994011976,0.46313625065624536,0.5185184996214436,1,False,False,False
2023-04-18,396.59,0.6387225548902196,0.5194862682251821,0.6198861879605633,1,False,False,False,False,0.6087824351297405,0.46884786573363735,0.5385771519566207,1,False,False,False
2023-04-19,396.52,0.6427145708582834,0.5207124204901882,0.6249591619378344,1,False,False,False,False,0.5968063872255489,0.4738658469686143,0.5515169820163826,1,False,False,False
2023-04-20,394.36,0.6147704590818364,0.5216483213716971,0.6226950057476126,1,False,False,False,False,0.5808383233532934,0.47806084604252325,0.5580328356468072,1,False,False,False
2023-04-21,394.67,0.6067864271457086,0.5224954667027819,0.6191597660583006,1,False,False,False,False,0.5728542914171657,0.4817782360572151,0.5613264924846646,1,False,False,False
2023-04-24,395.08,0.6067864271457086,0.5233341827270896,0.6164101351888357,1,False,False,False,False,0.592814371257485,0.48613259430036293,0.5683237988786247,1,False,False,False
2023-04-25,388.81,0.5429141716566867,0.5235290084875831,0.6000776988483582,1,False,False,False,False,0.46107784431137727,0.4851500550851086,0.5444913645303475,1,False,False,False
2023-04-26,387.16,0.49500998003992014,0.5232452370602432,0.5767293168909274,1,False,False,False,False,0.38922155688622756,0.4813881531949564,0.5099869628316542,-1,False,False,False
2023-04-27,394.87,0.5489021956087824,0.5235005301801292,0.5705455121615619,1,False,False,False,False,0.5109780439121756,0.4825485410662199,0.5102072030717701,1,False,False,False
2023-04-28,398.24,0.6007984031936128,0.52426966324494,0.577268376835351,1,False,False,False,False,0.590818363273453,0.4867944164468957,0.5281207942276996,1,False,False,False
2023-05-01,397.83,0.5788423153692615,0.5248126747088636,0.5776181409539978,1,False,False,False,False,0.6107784431137725,0.4916565351397144,0.546489160646827,1,False,False,False
2023-05-02,393.36,0.5229540918163673,0.5247941813467493,0.5654705744789688,1,False,False,False,False,0.48502994011976047,0.4913966686683437,0.5328315560852567,1,False,False,False
2023-05-03,390.66,0.48502994011976047,0.5243985172549385,0.5475948779547003,1,False,False,False,False,0.45109780439121755,0.4898163210496329,0.5146685001532479,-1,False,False,False
2023-05-04,387.9,0.4810379241516966,0.5239670685673441,0.532804443776255,1,False,False,False,False,0.4431137724550898,0.48798484855572927,0.49876744955365726,-1,False,False,False
2023-05-05,395.08,0.5349301397205589,0.5240761538524508,0.5332768206527669,1,False,False,False,False,0.5409181636726547,0.49006066483482436,0.5081342749134344,1,False,False,False
2023-05-08,395.18,0.530938123752495,0.5241444321599139,0.5327571102304843,1,False,False,False,False,0.5469061876247505,0.4922899010226646,0.5167502555159491,1,False,False,False
2023-05-09,393.45,0.5109780439121756,0.5240134233216279,0.5279173177153046,1,False,False,False,False,0.5169660678642715,0.4932575938399826,0.5167982138155762,1,False,False,False
2023-05-10,395.29,0.5269461077844312,0.5240426042615564,0.5277014932862216,1,False,False,False,False,0.5169660678642715,0.4941873379193665,0.5168355147152863,1,False,False,False
2023-05-11,394.6,0.5029940119760479,0.5238331655323473,0.5222109418839608,1,False,False,False,False,0.499001996007984,0.49437614804048874,0.512872510558108,1,False,False,False
2023-05-12,394.08,0.5089820359281437,0.5236853930984746,0.5192711850048903,1,False,False,False,False,0.500998003992016,0.49463582866603883,0.5102337313211986,1,False,False,False
2023-05-15,395.44,0.5129740518962076,0.5235788125889993,0.5178718220918497,1,False,False,False,False,0.5129740518962076,0.49535497467506506,0.5108426914489784,1,False,False,False
2023-05-16,392.8,0.4630738522954092,0.522976773183093,0.5056944954704184,1,False,False,False,False,0.43912175648702595,0.4931497504323969,0.49490470590187785,-1,False,False,False
2023-05-17,397.57,0.49500998003992014,0.5226984966344047,0.5033201587080854,1,False,False,False,False,0.5029940119760479,0.493535799904697,0.4967023294739157,-1,False,False,False
2023-05-18,401.4,0.530938123752495,0.5227804829738881,0.5094574842735098,1,False,False,False,False,0.5209580838323353,0.4946111835881338,0.5020924971091201,1,False,False,False
2023-05-19,400.81,0.5189620758483033,0.5227424888731361,0.511569615734575,1,False,False,False,False,0.5189620758483033,0.495566120539513,0.5058412923844942,1,False,False,False
2023-05-22,400.97,0.5269461077844312,0.5227843159269798,0.5149866139678764,1,False,False,False,False,0.5289421157684631,0.49687498309751105,0.5109748086920428,1,False,True,False
2023-05-23,396.47,0.4930139720558882,0.5224880935999043,0.5101038046541012,1,False,False,False,False,0.4351297405189621,0.4944536010356072,0.4941203490980249,-1,True,False,False
2023-05-24,393.6,0.46706586826347307,0.5219366286711836,0.5005398187895171,1,False,False,False,False,0.34530938123752497,0.4886048081023491,0.4610512451290249,-1,True,False,False
2023-05-25,397.01,0.4431137724550898,0.5211523216441578,0.4877784751596444,1,False,False,False,False,0.34331337325349304,0.482907104774943,0.4348872736011289,-1,True,False,False
2023-05-26,402.15,0.469061876247505,0.5206340087546389,0.48361923095694676,1,False,False,False,False,0.3852295409181637,0.47907661207467717,0.4238522218938033,-1,True,False,False
2023-05-30,402.31,0.4630738522954092,0.5200612708794228,0.47905359125438285,1,False,False,False,False,0.37325349301397204,0.4749266858370025,0.4126080599205075,-1,True,False,False
2023-05-31,400.07,0.4431137724550898,0.5192956241289319,0.47106696485453997,1,False,False,False,False,0.3333333333333333,0.4693740053466625,0.39499145401224656,-1,True,False,False
2023-06-01,403.88,0.46706586826347307,0.5187759250655941,0.4701778322787473,1,False,False,False,False,0.3852295409181637,0.46607422242789787,0.39282213999133925,-1,True,False,True
2023-06-02,409.72,0.5688622754491018,0.5192742967112012,0.4921077085388261,1,False,False,False,False,0.5588822355289421,0.46971375235342905,0.4297243834441399,1,False,False,False
2023-06-05,408.93,0.5548902195608783,0.5196286840032378,0.5060593776548377,1,False,False,False,False,0.5089820359281437,0.47125368504263354,0.44733719510725184,1,False,False,False
2023-06-06,409.82,0.5708582834331337,0.5201384312612467,0.520459134494459,1,False,False,False,False,0.5409181636726547,0.47398562538106576,0.46813296589956355,1,False,False,False
2023-06-07,408.4,0.5968063872255489,0.5209012964947224,0.5374251906569234,1,False,False,False,False,0.6087824351297405,0.47927177478297456,0.49938840350626956,1,False,False,False
2023-06-08,410.87,0.6067864271457086,0.5217558749091601,0.5528387987655423,1,False,False,False,False,0.6107784431137725,0.4844288990312412,0.5241417456412703,1,False,False,False
2023-06-09,411.61,0.6007984031936128,0.5225423677279109,0.5634964886384468,1,False,False,False,False,0.6087824351297405,0.4893055082900059,0.5429507877498192,1,False,False,False
2023-06-12,415.35,0.6047904191616766,0.5233607562993912,0.572672917643609,1,False,False,False,False,0.6187624750499002,0.4943822520845116,0.5597978293720594,1,False,False,False
2023-06-13,418.08,0.6307385229540918,0.5244291917884927,0.5855763854903829,1,False,False,False,False,0.6746506986027944,0.5014516029283659,0.5853206892011116,1,False,False,False
2023-06-14,418.58,0.6187624750499002,0.5253678314229346,0.5929510720591645,1,False,False,False,False,0.654690618762475,0.507460976098331,0.6007362291036368,1,False,False,False
2023-06-15,423.77,0.6826347305389222,0.5269326761902579,0.6128807739435551,1,False,False,False,False,0.7085828343313373,0.515348107793743,0.6247021413764591,1,False,False,False
2023-06-16,422.33,0.6786427145708582,0.5284422288109604,0.6274945385274002,1,False,False,False,False,0.7225548902195609,0.5234738639673044,0.6464471966749261,1,False,False,False
2023-06-20,420.13,0.6387225548902196,0.5295395454883659,0.6299896532746934,1,False,False,False,False,0.6666666666666666,0.5290892679947304,0.6509404122286463,1,False,False,False
2023-06-21,417.98,0.6447105788423154,0.5306855259197485,0.6332609700674983,1,False,False,False,False,0.6706586826347305,0.5346410097453187,0.655322250096665,1,False,False,False
2023-06-22,419.49,0.6207584830339321,0.5315817742492429,0.6304826396155947,1,False,False,False,False,0.6327345309381237,0.5384878144979777,0.6503027569503225,1,False,False,False
2023-06-23,416.32,0.5888223552894212,0.5321513322695433,0.6212247986542229,1,False,False,False,False,0.5708582834331337,0.5397572446522975,0.6326484295020584,1,False,False,False
2023-06-26,414.62,0.6147704590818364,0.5329734131333472,0.6197905009714704,1,False,False,False,False,0.6227544910179641,0.5430120386274216,0.630449776505593,1,False,False,False
2023-06-27,419.16,0.6427145708582834,0.5340653649515059,0.6248847387240954,1,False,False,False,False,0.6826347305389222,0.5484874383102256,0.6420464329574439,1,False,False,False
2023-06-28,419.38,0.624750499001996,0.5349677045937994,0.6248549076747401,1,False,False,False,False,0.6626746506986028,0.5529653682078091,0.6466304813443681,1,False,False,False
2023-06-29,421.03,0.6686626746506986,0.5362980028033207,0.6345899670027308,1,False,False,False,False,0.720558882235529,0.5595376628755628,0.6630590148757372,1,False,False,False
2023-06-30,426.0,0.6826347305389222,0.537754089646461,0.6452665811218845,1,False,False,False,False,0.7664670658682635,0.5676525414242962,0.6860385817629653,1,False,False,False
2023-07-03,426.49,0.7045908183632734,0.5394141565988672,0.6584497449533042,1,False,False,False,False,0.7984031936127745,0.5767015866081582,0.7110084955073673,1,False,False,False
2023-07-05,425.85,0.7005988023952096,0.5410179839202238,0.6678162021626165,1,False,False,False,False,0.8003992015968064,0.5854740420979091,0.730873096860576,1,False,False,False
2023-07-06,422.52,0.6706586826347305,0.5423079411213633,0.6684478644897529,1,False,False,False,False,0.7564870259481038,0.5921804336214461,0.7365650811022488,1,False,False,False
2023-07-07,421.45,0.6666666666666666,0.5435453413755453,0.6680520427512893,1,False,False,False,False,0.7504990019960079,0.5983890049302525,0.7396615079675286,1,False,False,False
2023-07-10,422.52,0.6946107784431138,0.5450484800528346,0.6739539840161392,1,False,False,False,False,0.7544910179640718,0.6045106525002062,0.7429569546334271,1,False,False,False
2023-07-11,425.21,0.7305389221556886,0.546894156093659,0.6865284147138168,1,False,False,False,False,0.812375249500998,0.6126622053237667,0.7583832423817762,1,False,False,False
2023-07-12,428.63,0.7485029940119761,0.5489002141823984,0.700300543446741,1,False,False,False,False,0.8483033932135728,0.6219030362214062,0.7783654981221755,1,False,False,False
2023-07-13,432.03,0.7524950099800399,0.5509260330460565,0.7118993137874741,1,False,False,False,False,0.8542914171656687,0.6310163060623577,0.7952379245762851,1,False,False,False
2023-07-14,431.76,0.7245508982035929,0.5526536436446389,0.714710776991056,1,False,False,False,False,0.8483033932135728,0.6395373683035819,0.8070302509401268,1,False,False,False
2023-07-17,433.26,0.720558882235529,0.5543243425360905,0.7160103559342722,1,False,False,False,False,0.8223552894211577,0.6467066985434868,0.8104358150470226,1,False,False,False
2023-07-18,436.48,0.7245508982035929,0.5560181391098965,0.7179082542163435,1,False,False,False,False,0.8203592814371258,0.6535166037550021,0.8126410298003788,1,False,False,False
2023-07-19,437.45,0.7544910179640718,0.5579929936258585,0.7260377572713943,1,False,False,False,False,0.8562874251497006,0.6614684006724413,0.8223402287668948,1,False,False,False
2023-07-20,434.55,0.7644710578842315,0.5600475017279318,0.7345784907409136,1,False,False,False,False,0.8802395209580839,0.6700476602914861,0.8352067381427146,1,False,False,False
2023-07-21,434.55,0.7724550898203593,0.56216101006716,0.7429955127585682,1,False,False,False,False,0.8802395209580839,0.6782904783568429,0.8452140232127967,1,False,False,False
2023-07-24,436.49,0.7764471057884231,0.5642932100245855,0.750429200098536,1,False,False,False,False,0.8942115768463074,0.6867579724152533,0.856102368464688,1,False,False,False
2023-07-25,437.68,0.7784431137724551,0.5664240548379972,0.7566545142482958,1,False,False,False,False,0.8862275449101796,0.6945803085915249,0.8627968521192417,1,False,False,False
2023-07-26,437.75,0.7764471057884231,0.5685138364394939,0.7610528679238797,1,False,False,False,False,0.8702594810379242,0.7014696879031483,0.8644552141011711,1,False,False,False
2023-07-27,434.85,0.7544910179640718,0.5703643556586441,0.7595946790439224,1,False,False,False,False,0.8163672654690619,0.7059754752586743,0.8537690032940357,1,False,False,False
2023-07-28,439.1,0.7544910179640718,0.5721964617512355,0.7584605321372889,1,False,False,False,False,0.8223552894211577,0.7105393895395561,0.8467881779889518,1,False,False,False
2023-07-31,439.94,0.7644710578842315,0.5741096418122603,0.7597962045254983,1,False,False,False,False,0.8263473053892215,0.7150808764356213,0.8422457618556783,1,False,False,False
2023-08-01,438.68,0.7425149700598802,0.5757853167201968,0.7559559301998053,1,False,False,False,False,0.812375249500998,0.7188963420460284,0.835607870221305,1,False,False,False
2023-08-02,432.58,0.7345309381237525,0.5773648751421228,0.7511948208495715,1,False,False,False,False,0.7544910179640718,0.7202922116898732,0.817581903053031,1,False,True,False
2023-08-03,431.34,0.7085828343313373,0.5786705264773389,0.7417254905121862,1,False,False,False,False,0.6946107784431138,0.7192850966605886,0.7902549864730494,-1,False,False,False
2023-08-04,429.39,0.6746506986027944,0.5796255530656519,0.726819981198988,1,False,False,False,False,0.6347305389221557,0.7159692316512383,0.7556939981284063,-1,False,False,False
2023-08-07,433.14,0.7065868263473054,0.5808888493172106,0.7223237245652807,1,False,False,False,False,0.6786427145708582,0.714505446667694,0.7385714906711733,-1,False,False,False
2023-08-08,431.25,0.6826347305389222,0.5819012461452874,0.7135039481149789,1,False,False,False,False,0.6227544910179641,0.7109073699755477,0.7128343796371268,-1,False,False,False
2023-08-09,428.37,0.6906187624750499,0.5829830124769269,0.7084183513061058,1,False,False,False,False,0.6007984031936128,0.706589371278217,0.6879374959830127,-1,True,False,False
2023-08-10,428.52,0.6686626746506986,0.5838355464289047,0.699583756493793,1,False,False,False,False,0.590818363273453,0.7020493317486184,0.6663554664919994,-1,True,False,False
2023-08-11,428.27,0.6786427145708582,0.5847789013357898,0.6949301916220297,1,False,False,False,False,0.562874251497006,0.6965914854642414,0.6433596409375564,-1,True,False,False
2023-08-14,430.64,0.6746506986027944,0.585673148074765,0.6904236376177553,1,False,False,False,False,0.564870259481038,0.6914259471903904,0.6259175561694412,-1,True,False,False
2023-08-15,425.62,0.6287425149700598,0.5861016989891461,0.676716721473823,1,False,False,False,False,0.4750499001996008,0.6829406120142811,0.5923914103983656,-1,True,False,False
2023-08-16,422.5,0.6047904191616766,0.5862876564037982,0.6607330987377905,1,False,False,False,False,0.42115768463073855,0.6726746148619854,0.5543394713388929,-1,True,False,False
2023-08-17,419.28,0.5868263473053892,0.5862930165122717,0.6443093761972569,1,False,False,False,False,0.3592814371257485,0.6603846863233095,0.5109932415137497,-1,True,False,False
2023-08-18,419.48,0.5868263473053892,0.5862983232863326,0.6315353697768419,1,False,False,False,False,0.36926147704590817,0.6489680898810585,0.47949729385422935,-1,True,False,False
2023-08-21,422.21,0.5788423153692615,0.5862241341528294,0.6198258021307129,1,False,False,False,False,0.36926147704590817,0.6379992031032095,0.4550004456746024,-1,True,False,False
2023-08-22,421.07,0.5528942115768463,0.5858924931321728,0.6049521153409647,1,False,False,False,False,0.3393213572854291,0.626286346404473,0.42929398158811943,-1,True,False,False
2023-08-23,425.76,0.5688622754491018,0.5857230382298537,0.5969321509205507,1,False,False,False,False,0.4031936127744511,0.6175376117523154,0.4234938996295265,-1,True,False,False
2023-08-24,419.86,0.5548902195608783,0.5854162440142421,0.5875894995072902,1,False,False,False,False,0.32934131736526945,0.6062357962861568,0.4025711035708027,-1,True,False,False
2023-08-25,422.82,0.562874251497006,0.5851919455812348,0.5820972221716715,1,False,False,False,False,0.3592814371257485,0.5965513116131996,0.392951177694124,-1,True,False,False
2023-08-28,425.5,0.5808383233532934,0.5851486259570762,0.5818174668786986,1,False,False,False,False,0.3932135728542914,0.5885772826422622,0.3930094877297168,-1,True,False,False
2023-08-29,431.65,0.6207584830339321,0.5855029528931643,0.590471026024306,1,False,False,False,False,0.469061876247505,0.5838904039601148,0.4099100185114475,-1,True,False,False
2023-08-30,433.43,0.626746506986028,0.5859133365159789,0.5985322440157999,1,False,False,False,False,0.49700598802395207,0.5804831719626182,0.42926467840311516,-1,True,False,False
2023-08-31,432.79,0.6167664670658682,0.5862203328398584,0.6025842935824817,1,False,False,False,False,0.46506986027944114,0.5759571597397486,0.43722138548674316,-1,True,False,False
2023-09-01,433.6,0.6327345309381237,0.5866831606816323,0.6092843463281798,1,False,True,False,False,0.49101796407185627,0.5726262108900273,0.4491761807278794,-1,True,False,False
2023-09-05,431.72,0.5848303393213573,0.5866647246481967,0.6038501225488859,1,False,False,False,False,0.38922155688622756,0.5654338715173293,0.4358529309852901,-1,True,False,False
2023-09-06,428.82,0.5788423153692615,0.5865868897299984,0.5982928320645249,1,False,False,False,False,0.3712574850299401,0.5578191112629219,0.42149838743965673,-1,True,False,False
2023-09-07,427.51,0.5588822355289421,0.5863112215289928,0.5895349217232843,1,False,False,False,False,0.38323353293413176,0.5509726179951263,0.41299508643842897,-1,True,False,False
2023-09-08,428.15,0.5588822355289421,0.5860382962951615,0.5827232136800972,1,False,False,False,False,0.3812375249500998,0.5443163398364979,0.4059378505521336,-1,True,False,False
2023-09-11,430.96,0.5668662674650699,0.5858475298391407,0.5791994478545355,1,False,False,False,False,0.40119760479041916,0.5387038404229262,0.4048844626050859,-1,True,False,False
2023-09-12,428.6,0.5688622754491018,0.5856785223327722,0.5769022984311059,1,False,False,False,False,0.3812375249500998,0.5325286907965409,0.3996295875706446,-1,True,False,False
2023-09-13,429.1,0.5708582834331337,0.5855310572690942,0.575559183987112,1,False,False,False,False,0.37325349301397204,0.5262826046089892,0.3937682332247174,-1,True,False,False
2023-09-14,432.8,0.6107784431137725,0.585782275038693,0.5833856860152588,1,False,False,False,False,0.43313373253493015,0.5226297076649086,0.4025161219603202,-1,True,False,False
2023-09-15,427.59,0.592814371257485,0.5858522461453476,0.5854809494024201,1,False,False,False,False,0.37325349301397204,0.5167718168942836,0.3960133155277984,-1,True,False,False
2023-09-18,427.84,0.5848303393213573,0.5858420779182432,0.5853363693844061,1,False,False,False,False,0.3812375249500998,0.5114567466219627,0.392729806510532,-1,True,False,False
2023-09-19,426.95,0.5708582834331337,0.5856929854358043,0.58211901695079,1,False,False,False,False,0.35528942115768464,0.5053325377802264,0.38440972087656594,-1,True,False,False
2023-09-20,423.03,0.562874251497006,0.5854659333568113,0.5778424024055047,1,False,False,False,False,0.3313373253493014,0.49850919611626854,0.37261585520384044,-1,True,False,False
2023-09-21,416.04,0.5049900199600799,0.5846651779996299,0.5616529840842992,1,False,False,False,False,0.2215568862275449,0.4876483212186716,0.33904719543133033,-1,True,False,False
2023-09-22,415.1,0.49101796407185627,0.5837333649257218,0.545956312970423,1,False,False,False,False,0.21157684630738524,0.4768219888692094,0.3107204511815647,-1,True,False,False
2023-09-25,416.85,0.49700598802395207,0.5828704059515749,0.5350784629823184,1,False,False,False,False,0.23353293413173654,0.4672812416246026,0.29356766961493624,-1,True,False,False
2023-09-26,410.72,0.4491017964071856,0.5815393750108347,0.5159725370767334,-1,True,False,False,False,0.16367265469061876,0.4553750225291523,0.2647021107428657,-1,True,False,False
2023-09-27,410.89,0.4550898203592814,0.5802811704869387,0.5024430444728551,-1,True,False,False,False,0.18163672654690619,0.4446401873925936,0.24624313647709692,-1,True,False,False
2023-09-28,413.27,0.46706586826347307,0.5791546500668048,0.4945814497596591,-1,True,False,False,False,0.22554890219560877,0.4360483722868295,0.24164441774787734,-1,True,False,False
2023-09-29,412.27,0.46107784431137727,0.5779797564771986,0.4871362041044854,-1,True,False,False,False,0.19161676646706588,0.42646281911742706,0.230527161907697,-1,True,False,False
2023-10-02,412.1,0.45109780439121755,0.5767172494912685,0.47912767083487035,-1,True,False,False,False,0.15568862275449102,0.41584422318162567,0.21389637542920678,-1,True,False,False
2023-10-03,406.59,0.41916167664670656,0.5751495323485365,0.46580189434861174,-1,True,False,False,False,0.10978043912175649,0.4038417218459446,0.19075950069421782,-1,True,False,False
2023-10-04,409.55,0.4311377245508982,0.5737165790371173,0.4580987455046754,-1,True,False,False,False,0.1437125748502994,0.39364057882650755,0.18030462828445815,-1,True,False,False
2023-10-05,409.39,0.4231536926147705,0.5722184408637606,0.45033317819580765,-1,True,False,False,False,0.1536926147704591,0.3842308547458782,0.17439084750356945,-1,True,False,False
2023-10-06,414.25,0.437125748502994,0.5708742349696238,0.44739819381962687,-1,True,False,False,False,0.21157684630738524,0.3774601093169177,0.1826544027933063,-1,True,False,False
2023-10-09,416.9,0.4630738522954092,0.5698015943459998,0.45088167348091185,-1,True,False,False,False,0.2634730538922156,0.37299002871202747,0.20061410303750835,-1,True,False,False
2023-10-10,419.07,0.49101796407185627,0.5690176776268541,0.4598008491677884,-1,True,False,False,False,0.29141716566866266,0.3697910929064053,0.2207925613999871,-1,True,False,False
2023-10-11,420.79,0.48303393213572854,0.568162117970226,0.4649637564939973,-1,True,False,False,False,0.3473053892215569,0.36890930060503874,0.24890652313811373,-1,True,False,False
2023-10-12,418.23,0.4550898203592814,0.5670370204815599,0.46276954846406043,-1,True,False,False,False,0.3013972055888224,0.3662617674671479,0.2605711192382712,-1,True,False,False
2023-10-13,416.14,0.4431137724550898,0.5658039533370179,0.4584015982398447,-1,True,False,False,False,0.281437125748503,0.3629353109291618,0.26520800957387825,-1,True,False,False
2023-10-16,420.52,0.47305389221556887,0.564881067156705,0.4616576635677834,-1,True,False,False,False,0.3413173652694611,0.3620875483542716,0.2821211997284522,-1,True,False,False
2023-10-17,420.5,0.48303393213572854,0.5640666678032625,0.4664079454717712,-1,True,False,False,False,0.36926147704590817,0.36236887889119856,0.30148570579899797,-1,True,False,False
2023-10-18,414.9,0.437125748502994,0.5628035740788818,0.45990079058982075,-1,True,False,False,False,0.2954091816367265,0.359743008410631,0.300135367096271,-1,True,False,False
2023-10-19,411.25,0.41916167664670656,0.5613743014676164,0.45084765415801764,-1,True,False,False,False,0.22355289421157684,0.3544022196185112,0.2831170397885612,-1,True,False,False
2023-10-20,406.2,0.37325349301397204,0.5595024526272816,0.43360450723711863,-1,True,False,False,False,0.16966067864271456,0.3471574533057349,0.25790451508948414,-1,True,False,False
2023-10-23,405.5,0.35728542914171657,0.5574903429408581,0.416644712104807,-1,True,False,False,False,0.1497005988023952,0.3394140472467804,0.23385920035901994,-1,True,False,False
2023-10-24,408.55,0.36926147704590817,0.5556174189021024,0.4061151043139406,-1,True,False,False,False,0.18762475049900199,0.33346152580569105,0.22358487816790484,-1,True,False,False
2023-10-25,402.69,0.3373253493013972,0.5534453585080655,0.39082849208893095,-1,True,False,False,False,0.16167664670658682,0.32672486388023597,0.20982749339872306,-1,True,False,False
2023-10-26,397.87,0.3313373253493014,0.5512353283273813,0.3776082328134577,-1,True,False,False,False,0.1536926147704591,0.31993928548377415,0.1973530759257755,-1,True,False,False
2023-10-27,396.06,0.2934131736526946,0.5486699337535038,0.35889821966662144,-1,True,False,False,False,0.10978043912175649,0.3116977620970284,0.17789248996932683,-1,True,False,False
2023-10-30,400.8,0.32934131736526945,0.5464875594610836,0.3523300191552099,-1,True,False,False,True,0.1596806387225549,0.3057363062784216,0.17384541191448863,-1,True,False,False
2023-10-31,403.32,0.3652694610778443,0.5446843943030414,0.35520545069357307,-1,True,False,False,False,0.21756487025948104,0.30227860290512976,0.18356084710226472,-1,True,False,False
2023-11-01,407.62,0.3912175648702595,0.543157361174357,0.3632081427328367,-1,True,False,False,False,0.27345309381237526,0.3011481907838453,0.20353690192673374,-1,True,False,True
2023-11-02,415.43,0.4530938123752495,0.542261206459938,0.3831827359867062,-1,True,False,False,False,0.42714570858283435,0.3060892699132174,0.25322774785031166,1,False,False,False
2023-11-03,419.22,0.4870259481037924,0.5417116018991803,0.4062590053460587,-1,True,False,False,False,0.5209580838323353,0.3145154979100455,0.3127233780685391,1,False,False,False
2023-11-06,420.18,0.469061876247505,0.5409887190568752,0.4202151988797134,-1,True,False,False,False,0.48502994011976047,0.32120233878101473,0.35101372519103274,1,False,False,False
2023-11-07,421.38,0.45708582834331335,0.5401538644229094,0.42840867209384675,-1,True,False,False,False,0.48303393213572854,0.32754867577531727,0.3803515489565207,1,False,False,False
2023-11-08,421.69,0.45109780439121755,0.5392677344723453,0.4334507014932625,-1,True,False,False,False,0.48502994011976047,0.3337244116319621,0.4036134136594629,1,False,False,False
2023-11-09,418.4,0.4311377245508982,0.5381918139756146,0.43293670661718153,-1,True,False,False,False,0.4431137724550898,0.33801419048777104,0.4123912711696022,1,False,False,False
2023-11-10,424.93,0.46506986027944114,0.537464232346797,0.440077407431017,-1,True,False,False,False,0.5349301397205589,0.34573638457533135,0.4396221308475926,1,False,False,False
2023-11-13,424.52,0.46706586826347307,0.536763751112137,0.44607484317156276,-1,True,False,True,False,0.5229540918163673,0.3526860985847838,0.4581403443962092,1,False,False,False
2023-11-14,432.76,0.5608782435129741,0.5370036963101554,0.4715867099140986,-1,True,False,False,False,0.7005988023952096,0.3663297340283299,0.5120200017293204,1,False,False,False
2023-11-15,433.68,0.5668662674650699,0.5373008363216472,0.4927599449254256,-1,True,False,False,False,0.7125748502994012,0.37990797388209746,0.556587745856005,1,False,False,False
2023-11-16,434.21,0.5588822355289421,0.537515576612267,0.5074537872817626,-1,True,False,False,False,0.688622754491018,0.392014435866761,0.5859288588860079,1,False,False,False
2023-11-17,434.75,0.5848303393213573,0.5379863702710639,0.5246485766238947,-1,True,False,False,False,0.7285429141716567,0.405211631094404,0.6176208711717076,1,False,False,False
2023-11-20,438.09,0.5868263473053892,0.5384723401918035,0.5384658589975602,-1,True,False,False,False,0.7465069860279441,0.4185957626604252,0.646262230028649,1,False,False,False
2023-11-21,437.14,0.5888223552894212,0.5389733353669042,0.5496561915068626,-1,False,False,False,False,0.7305389221556886,0.4308288277386708,0.6649903838346578,1,False,False,False
2023-11-22,438.83,0.6087824351297405,0.5396679532749921,0.562795356756391,-1,False,False,False,False,0.7564870259481038,0.4435997374723741,0.6853229709709792,1,False,False,False
2023-11-24,439.1,0.6287425149700598,0.5405542673217092,0.577450280803873,-1,False,False,False,False,0.7784431137724551,0.4567308502684557,0.7060163360379739,1,False,False,False
2023-11-27,438.31,0.6127744510978044,0.5412728761155011,0.5853000964247466,-1,False,False,False,False,0.7684630738522954,0.468955643350175,0.719893388885601,1,False,False,False
2023-11-28,438.74,0.6187624750499002,0.542043916900918,0.5927361805636696,-1,False,False,False,False,0.7744510978043913,0.4809358572503404,0.7320173242008876,1,False,False,False
2023-11-29,438.43,0.6407185628742516,0.5430257541742846,0.6033989321882434,-1,False,False,False,False,0.7724550898203593,0.49236798401779214,0.741003494338548,1,False,False,False
2023-11-30,440.16,0.6506986027944112,0.5440971258023455,0.6139099701007251,1,False,False,False,False,0.7984031936127745,0.5043693647862229,0.7537589830661539,1,False,False,False
2023-12-01,442.76,0.7085828343313373,0.5457337995190519,0.6349483843741945,1,False,False,False,False,0.8522954091816367,0.5180135233899646,0.7756559666473722,1,False,False,False
2023-12-04,440.44,0.7045908183632734,0.5473144663732232,0.6504244808162121,1,False,False,False,False,0.8423153692614771,0.5307312428359063,0.7904691672282844,1,False,False,False
2023-12-05,440.35,0.6626746506986028,0.5484623289038241,0.6531467407900766,1,False,False,False,False,0.8243512974051896,0.5422457547797997,0.7979985294898189,1,False,False,False
2023-12-06,438.58,0.6666666666666666,0.5496384914686284,0.6561511687626522,1,False,False,False,False,0.8023952095808383,0.5524476941837622,0.7989755695100453,1,False,False,False
2023-12-07,441.92,0.6786427145708582,0.5509221155790984,0.6611492900533646,1,False,False,False,False,0.812375249500998,0.5626409316471832,0.8019532761747016,1,False,False,False
2023-12-08,443.82,0.6986027944111777,0.552391575069965,0.6694722910217675,1,False,False,False,False,0.8263473053892215,0.5729823580684396,0.807374171555706,1,False,False,False
2023-12-11,445.55,0.718562874251497,0.5540450208329653,0.6803813095172629,1,False,False,False,False,0.8562874251497006,0.5840923606990772,0.8182437834654825,1,False,False,False
2023-12-12,447.58,0.7125748502994012,0.5556224320714374,0.6875354296910714,1,False,False,False,False,0.844311377245509,0.5942970280146235,0.8240365820832661,1,False,False,False
2023-12-13,453.75,0.7724550898203593,0.5577799709545113,0.7064064652753576,1,False,False,False,False,0.8842315369261478,0.6056670087562519,0.8374132387150176,1,False,False,False
2023-12-14,455.21,0.7944111776447106,0.5601345103245631,0.7259630680241027,1,False,False,False,False,0.8782435129740519,0.6163562834314598,0.846486632994803,1,False,False,False
2023-12-15,454.46,0.7604790419161677,0.5621279882508478,0.7336332844445617,1,False,False,False,False,0.8622754491017964,0.6260001722812769,0.8499952587963571,1,False,False,False
2023-12-18,457.01,0.7704590818363274,0.5642009344556784,0.7418167949760651,1,False,False,False,False,0.8762475049900199,0.6358137931718159,0.8558290912838378,1,False,False,False
2023-12-19,459.79,0.8023952095808383,0.566571026745481,0.755278664888237,1,False,False,False,False,0.8942115768463074,0.6459470395904234,0.8643585325199421,1,False,False,False
2023-12-20,453.42,0.7465069860279441,0.5683614343005304,0.7533294029192831,1,False,False,False,False,0.8423153692614771,0.653647758401053,0.8594600517958387,1,False,False,False
2023-12-21,457.72,0.7704590818363274,0.5703723561665583,0.7571359982341819,1,False,False,False,False,0.8782435129740519,0.6624554350509746,0.8636341542798861,1,False,False,False
2023-12-22,458.64,0.7764471057884231,0.5724228511876714,0.7614273554684576,1,False,False,False,False,0.8882235528942116,0.6713090867311016,0.8690984650830695,1,False,False,False
2023-12-26,460.58,0.7944111776447106,0.5746316902568958,0.7687570937298471,1,False,False,False,False,0.8922155688622755,0.6799720860303633,0.8742355992562264,1,False,False,False
2023-12-27,461.41,0.7964071856287425,0.5768384116038794,0.7749015585962683,1,False,False,False,False,0.8862275449101796,0.6880605353981992,0.876900476068216,1,False,False,False
2023-12-28,461.58,0.8063872255489022,0.5791224794043274,0.7818983734746314,1,False,False,False,False,0.8862275449101796,0.6958317906731788,0.8789731580330968,1,False,False,False
2023-12-29,460.25,0.8063872255489022,0.5813838201619849,0.7873403406022471,1,False,False,False,False,0.8902195608782435,0.7034548404851422,0.8814723586653517,1,False,False,False
2024-01-02,457.67,0.8163672654690619,0.5837219638963836,0.7937907683504282,1,False,False,False,False,0.906187624750499,0.7114051457504502,0.8869646400176066,1,False,False,False
2024-01-03,453.93,0.7964071856287425,0.5858382347593922,0.7943721944122758,1,False,False,False,False,0.9041916167664671,0.7189653995157843,0.8907928570729089,1,False,False,False
2024-01-04,452.47,0.7864271457085829,0.5878341443210757,0.7926066280336774,1,False,False,False,False,0.8762475049900199,0.7251333252206563,0.8875605566100447,1,False,False,False
2024-01-05,453.09,0.7944111776447106,0.5898896371899677,0.7930076390583514,1,False,False,False,False,0.8662674650698603,0.7306679973716055,0.8828287584900038,1,False,False,False
2024-01-08,459.56,0.7984031936127745,0.5919643989454185,0.7942066511815565,1,False,False,False,False,0.9021956087824351,0.7373945703681086,0.8871325029994329,1,False,False,False
2024-01-09,458.86,0.7904191616766467,0.5939390732014507,0.7933649868471321,1,False,False,False,False,0.8602794411177644,0.7422135849073108,0.8811651559146177,1,False,False,False
2024-01-10,461.46,0.7924151696606786,0.5959139597333832,0.7931539163612535,1,False,False,False,False,0.8522954091816367,0.7465305191925785,0.874749656640622,1,False,False,False
2024-01-11,461.25,0.7784431137724551,0.5977301702213342,0.7898848491192983,1,False,False,False,False,0.8423153692614771,0.7502867878227315,0.8675420372230342,1,False,False,False
2024-01-12,461.57,0.780439121756487,0.5995481697390971,0.7877857985942291,1,False,False,False,False,0.8303393213572854,0.7534261028633022,0.8592747670306455,1,False,False,False
2024-01-16,459.88,0.7604790419161677,0.6011494719498143,0.7817176304435488,1,False,False,False,False,0.7984031936127745,0.7551899103436738,0.8457477507155631,1,False,False,False
2024-01-17,457.32,0.7265469061876247,0.6023972076138722,0.7694574694977879,1,False,False,False,False,0.7265469061876247,0.7540666552787307,0.819258674153799,-1,False,False,False
2024-01-18,461.39,0.7365269461077845,0.6037318318774931,0.7621395754111205,1,False,False,False,False,0.7385229540918163,0.75345709836944,0.801317403028914,-1,False,False,False
2024-01-19,467.14,0.7365269461077845,0.6050531762976951,0.7564478800103792,1,False,False,False,False,0.7604790419161677,0.7537324687046059,0.7922422116705259,-1,False,False,False
2024-01-22,468.13,0.7405189620758483,0.6064010945641444,0.7529081204693724,1,False,False,False,False,0.7624750499001997,0.7540753150260018,0.7856272868326756,-1,False,False,False
2024-01-23,469.49,0.7385229540918163,0.6077157399325789,0.7497114168299155,1,False,False,False,False,0.7724550898203593,0.7547960905081335,0.7827001319410497,-1,False,False,False
2024-01-24,470.01,0.7265469061876247,0.6088981395968083,0.7445637477982954,1,False,False,False,False,0.7305389221556886,0.7538448290041161,0.7711087519887472,-1,False,False,False
2024-01-25,472.56,0.7465069860279441,0.6102673818498544,0.7449955785159951,1,False,False,False,False,0.7724550898203593,0.7545746431537728,0.7714079381735499,-1,False,False,False
2024-01-26,471.96,0.7544910179640718,0.6117024429057173,0.7471056761711232,1,False,False,False,False,0.7624750499001997,0.7548844630261817,0.7694228518905832,-1,False,False,False
2024-01-29,475.7,0.7724550898203593,0.6133019717307386,0.7527388792042868,1,False,False,False,False,0.7764471057884231,0.7557300568599952,0.7709837972012143,-1,False,False,False
2024-01-30,475.33,0.7664670658682635,0.6148260025181767,0.7557895873518372,1,False,False,False,False,0.7684630738522954,0.7562293908596932,0.7704236364570101,-1,False,True,False
2024-01-31,467.58,0.7405189620758483,0.6160766787326809,0.7523961150682841,1,False,False,False,False,0.656686626746507,0.752325753051333,0.7451487454102316,-1,True,False,False
2024-02-01,473.7,0.7884231536926147,0.6177915690307897,0.7604021236514686,1,False,False,False,False,0.720558882235529,0.7510799934114976,0.7396843313714088,-1,True,False,False
2024-02-02,478.68,0.7445109780439122,0.6190524586727113,0.7568707579609005,1,False,False,False,False,0.6686626746506986,0.7478479416953878,0.7239017409890287,-1,True,False,False
2024-02-05,476.94,0.7145708582834331,0.620002890509634,0.7474707802547966,1,False,False,False,False,0.6087824351297405,0.7423943924183036,0.6983196730202981,-1,True,False,False
2024-02-06,478.33,0.7405189620758483,0.6212020554008402,0.745925931770586,1,False,False,False,False,0.6506986027944112,0.7387984790997196,0.6877372129701009,-1,True,False,False
2024-02-07,482.32,0.7425149700598802,0.6224091490790397,0.7451679402793181,1,False,False,False,False,0.654690618762475,0.735500131635514,0.6803935253684064,-1,True,False,False
2024-02-08,482.53,0.7345309381237525,0.6235247887710269,0.7428041620225257,1,False,False,False,False,0.654690618762475,0.7323311311306889,0.674681768344866,-1,True,False,False
2024-02-09,485.32,0.7365269461077845,0.6246491883465171,0.7414092251525832,1,False,False,False,False,0.6506986027944112,0.7291298555096584,0.6693521760003205,-1,True,False,False
2024-02-12,485.1,0.7524950099800399,0.6259212860742138,0.743872732892018,1,False,False,False,False,0.6786427145708582,0.7271499676297055,0.6714167401271066,-1,True,False,False
2024-02-13,478.42,0.7065868263473054,0.6267239282659859,0.7355869758820819,1,False,False,False,False,0.5608782435129741,0.7206295078604219,0.6468526297684105,-1,True,False,False
2024-02-14,482.77,0.7305389221556886,0.6277569132798139,0.7344651861651056,1,False,False,False,False,0.5848303393213573,0.7153040502706547,0.6330698985579543,-1,True,False,False
2024-02-15,486.1,0.7504990019960079,0.6289782275953979,0.7380282563497507,1,False,False,False,False,0.6586826347305389,0.7130836026024149,0.6387616177074176,-1,True,False,False
2024-02-16,483.68,0.7345309381237525,0.6300285033220482,0.7372510745217511,1,False,False,False,False,0.6287425149700598,0.7097761089697736,0.6365351504324492,-1,True,False,False
2024-02-20,481.02,0.7325349301397206,0.6310484677679952,0.7362030424368555,1,False,False,False,False,0.626746506986028,0.7065200461468817,0.6343598963332445,-1,True,False,False
2024-02-21,481.45,0.7644710578842315,0.6323760557293507,0.7424848236473836,1,False,False,False,False,0.6586826347305389,0.7046440692285938,0.639764949310421,-1,True,False,False
2024-02-22,491.42,0.7764471057884231,0.6338095985160082,0.7500319974565035,1,False,False,False,False,0.6786427145708582,0.7036244082616239,0.6484044527016293,-1,True,False,False
2024-02-23,491.76,0.7864271457085829,0.6353281810751383,0.7581198081791879,1,False,False,False,False,0.7005988023952096,0.7035057570511762,0.6600031970779805,-1,True,False,False
2024-02-26,489.96,0.7564870259481038,0.6365337417206405,0.7577569676833914,1,False,False,False,False,0.6427145708582834,0.7011217889651804,0.65616128014027,-1,True,False,False
2024-02-27,490.87,0.7664670658682635,0.6378266106176318,0.7596925450578074,1,False,False,False,False,0.6666666666666666,0.699770607698572,0.6584958104794693,-1,True,False,False
2024-02-28,490.22,0.7604790419161677,0.6390470328196073,0.759867322137443,1,False,False,False,False,0.6786427145708582,0.6989420628700342,0.6629729002775556,-1,True,False,True
2024-02-29,491.98,0.7904191616766467,0.6405532231564932,0.7666566198128216,1,False,False,False,False,0.7005988023952096,0.699007033047492,0.6713342118592566,-1,True,False,False
2024-03-01,496.6,0.780439121756487,0.6419451226450504,0.7697193980225251,1,False,False,False,False,0.7125748502994012,0.6995391043122727,0.6804987981792887,-1,True,False,False
2024-03-04,496.07,0.7844311377245509,0.6433628939393738,0.7729886735118641,1,False,False,False,False,0.7345309381237525,0.7009113330891935,0.6925059403891696,1,False,False,False
2024-03-05,491.11,0.7704590818363274,0.6446275326249157,0.7724265420284114,1,False,False,False,False,0.7105788423153693,0.7012904510980632,0.696522140817214,1,False,False,False
2024-03-06,493.6,0.7884231536926147,0.6460583348245943,0.7759813446204566,1,False,False,False,False,0.7524950099800399,0.7032984730150035,0.7089605561867309,1,False,False,False
2024-03-07,498.5,0.8063872255489022,0.6476536471701098,0.7827382070490001,1,False,False,False,False,0.7744510978043913,0.706088772026352,0.7235140098795443,1,False,False,False
2024-03-08,495.5,0.812375249500998,0.6492926680888251,0.7893242164827775,1,False,False,False,False,0.7884231536926147,0.7093175713073819,0.7379382640602267,1,False,False,False
2024-03-11,495.08,0.8323353293413174,0.6511139881012877,0.798882241562453,1,False,False,False,False,0.8223552894211577,0.7137504229981183,0.7566976030293224,1,False,False,False
2024-03-12,500.4,0.8223552894211577,0.6528178816467591,0.804098474419943,1,False,False,False,False,0.7984031936127745,0.7170701394928107,0.7659655120478673,1,False,False,False
2024-03-13,499.62,0.8223552894211577,0.654504821027599,0.808155544420213,1,False,False,False,False,0.812375249500998,0.7208075947872495,0.776278787037452,1,False,False,False
2024-03-14,498.63,0.8043912175648703,0.6559962279583181,0.8073190273412479,1,False,False,False,False,0.7485029940119761,0.7218936888744938,0.7701063885873463,1,False,False,False
2024-03-15,495.21,0.7964071856287425,0.6573933519152378,0.8048941736273578,1,False,False,False,False,0.7265469061876247,0.7220761679848127,0.7604265036096304,1,False,False,False
2024-03-18,498.15,0.8043912175648703,0.6588560172450849,0.8047824056134717,1,False,False,False,False,0.7325349301397206,0.7224863155202992,0.7542283761718727,1,False,False,False
2024-03-19,500.92,0.8203592814371258,0.660463014898737,0.8082439335742837,1,False,False,False,False,0.7504990019960079,0.7235848522448368,0.7533996263550138,1,False,False,False
2024-03-20,505.55,0.8243512974051896,0.6620937440779058,0.8118233477589295,1,False,False,False,False,0.7864271457085829,0.7260492559100817,0.7607390751002514,1,False,False,False
2024-03-21,507.22,0.8283433133732535,0.6637479686480088,0.8154944512287794,1,False,False,False,False,0.8143712574850299,0.7295128638149816,0.7726573378524244,1,False,False,False
2024-03-22,506.26,0.8163672654690619,0.6652665686163775,0.8156884099488422,1,False,False,False,False,0.7724550898203593,0.7311968726779376,0.7726123938452988,1,False,False,False
2024-03-25,504.86,0.812375249500998,0.6667303365853787,0.8149521520715435,1,False,False,False,False,0.7624750499001997,0.7324234678631245,0.7703596507463879,1,False,False,False
2024-03-26,503.93,0.8003992015968064,0.6680603750432039,0.8117181630771574,1,False,False,False,False,0.7445109780439122,0.7328974878702142,0.7646155012569489,1,False,False,False
2024-03-27,508.17,0.8542914171656687,0.6699134202384524,0.8211788862079377,1,False,False,False,False,0.8323353293413174,0.7367970110651595,0.7796643519423642,1,False,False,False
2024-03-28,508.07,0.8662674650698603,0.6718671918288147,0.8311985703994761,1,False,False,False,False,0.8483033932135728,0.7411698103650973,0.794917472224855,1,False,False,False
2024-04-01,507.18,0.8502994011976048,0.6736426366981559,0.8354431994657269,1,False,False,False,False,0.8063872255489022,0.7437273560585799,0.7974663062968654,1,False,False,False
2024-04-02,503.96,0.8383233532934131,0.6752812507936312,0.8360832336496571,1,False,False,False,False,0.7584830339321357,0.744306010092837,0.788803356882481,1,False,False,False
2024-04-03,504.51,0.8183632734530938,0.6767049525116359,0.8321454647170874,1,False,False,False,False,0.7544910179640718,0.7447054221662188,0.7811783926783901,1,False,True,False
2024-04-04,498.36,0.8063872255489022,0.6779953233876286,0.8264214115686018,1,False,False,False,False,0.6826347305389222,0.7422712773965209,0.7592798010918417,-1,False,False,False
2024-04-05,503.56,0.8083832335329342,0.679292715528378,0.8224129275606756,1,False,False,False,False,0.7365269461077845,0.7420460095028449,0.7542236110953845,-1,False,False,False
2024-04-08,503.84,0.8183632734530938,0.6806765021743951,0.8215130044256574,1,False,False,False,False,0.7405189620758483,0.7419861252900216,0.7511781335354877,-1,False,False,False
2024-04-09,504.43,0.846307385229541,0.6823245706625061,0.8270228668265205,1,False,False,False,False,0.7524950099800399,0.7423982384151203,0.7514707727453882,-1,False,False,False
2024-04-10,499.38,0.7864271457085829,0.6833604171803775,0.8180015954669788,1,False,False,False,False,0.6107784431137725,0.7372366778150674,0.7202058106050292,-1,True,False,False
2024-04-11,503.14,0.780439121756487,0.6843263744398415,0.8096543790868695,1,False,False,False,False,0.592814371257485,0.7315730579500642,0.6918966018611306,-1,True,False,False
2024-04-12,496.2,0.7405189620758483,0.6848855046650755,0.7942909530844204,1,False,False,False,False,0.469061876247505,0.7212785018048659,0.6423777739469916,-1,True,False,False
2024-04-15,489.98,0.7225548902195609,0.6852603244218365,0.7783496057811182,1,False,False,False,False,0.37924151696606784,0.7078652867131483,0.583903050173453,-1,True,False,False
2024-04-16,489.09,0.7085828343313373,0.6854923891970554,0.762845878792278,1,False,False,False,False,0.3313373253493014,0.693099484306723,0.5277773335458638,-1,True,False,False
2024-04-17,486.19,0.7145708582834331,0.6857817271979149,0.7521180964569791,1,False,False,False,False,0.313373253493014,0.6782082595689304,0.48013198242300825,-1,True,False,False
2024-04-18,485.19,0.7125748502994012,0.6860483254377308,0.7433307084219618,1,False,False,False,False,0.3193612774451098,0.6641358288974081,0.4444051590945864,-1,True,False,False
2024-04-19,480.96,0.7305389221556886,0.6864910179423871,0.7404880892516789,1,False,False,False,False,0.36726546906187624,0.6524938540018971,0.4272630057539841,-1,True,False,False
2024-04-22,485.39,0.7684630738522954,0.6873066602897494,0.7467047524962602,1,False,False,False,False,0.4151696606786427,0.6431870228911812,0.4245755957372416,-1,True,False,False
2024-04-23,491.15,0.7844311377245509,0.6882730730005435,0.7550883936581025,1,False,False,False,False,0.46706586826347307,0.6362803109449966,0.4340178785208486,-1,True,False,False
2024-04-24,490.91,0.7844311377245509,0.6892298696644641,0.7616090034506465,1,False,False,False,False,0.469061876247505,0.6297227252705851,0.4418054335712167,-1,True,False,False
2024-04-25,489.05,0.7784431137724551,0.6901175636356879,0.7653499168554929,1,False,False,False,False,0.4431137724550898,0.622404727120958,0.44209617554541075,-1,True,False,False
2024-04-26,493.68,0.7684630738522954,0.6908971209512761,0.766041729521449,1,False,False,False,False,0.47704590818363274,0.6167043812802785,0.44986278279834896,-1,True,False,False
2024-04-29,495.43,0.7884231536926147,0.6918675292372596,0.7710153793372636,1,False,False,False,False,0.5169660678642715,0.6127930748718076,0.4647746239241095,-1,True,False,False
2024-04-30,487.58,0.7504990019960079,0.6924509269761526,0.7664561843725402,1,False,False,False,False,0.4111776447105788,0.6048865874145045,0.45286418409888046,-1,True,False,False
2024-05-01,486.0,0.7325349301397206,0.6928497727787752,0.7589181278763579,1,False,False,False,False,0.40119760479041916,0.5968987841743444,0.44138272203033346,-1,True,False,False
2024-05-02,490.55,0.7485029940119761,0.6934035361741305,0.7566036536842731,1,False,False,False,False,0.4311377245508982,0.590398350463621,0.43910605592379226,-1,True,False,False
2024-05-03,496.63,0.7644710578842315,0.694110675693634,0.7583519657287082,1,False,False,False,False,0.4431137724550898,0.584622484659365,0.43999665959741396,-1,True,False,False
2024-05-06,501.75,0.7764471057884231,0.6949299436547762,0.7623731079642004,1,False,False,False,False,0.5289421157684631,0.5824389407812903,0.45976231652431376,-1,True,False,False
2024-05-07,502.31,0.7904191616766467,0.6958800851276307,0.768605564344744,1,False,False,False,False,0.5469061876247505,0.5810454994810339,0.4791276212132997,-1,True,False,False
2024-05-08,502.36,0.780439121756487,0.696721468576674,0.7712352437695759,1,False,False,False,False,0.5329341317365269,0.5791587791773277,0.4910846235517946,-1,True,False,False
2024-05-09,505.25,0.8023952095808383,0.6977729485866657,0.7781596806165232,1,False,False,False,False,0.5948103792415169,0.579772567415139,0.514134791482844,-1,True,False,False
2024-05-10,505.9,0.812375249500998,0.6989132699887984,0.7857631403686287,1,False,False,False,False,0.6007984031936128,0.580597109994687,0.5333933718630148,-1,True,False,False
2024-05-13,505.97,0.8083832335329342,0.7000025233573969,0.7907898277384744,1,False,False,False,False,0.6047904191616766,0.5815458672169219,0.5492593823738285,-1,True,False,False
2024-05-14,508.29,0.8163672654690619,0.7011603814878612,0.7964737027897161,1,False,False,False,False,0.6407185628742516,0.5838663650858368,0.5695836447072559,1,False,False,False
2024-05-15,514.59,0.8203592814371258,0.702346440193824,0.8017816091558072,1,False,False,False,False,0.6666666666666666,0.5871134357360654,0.5911576495871249,1,False,False,False
2024-05-16,513.53,0.8243512974051896,0.7035604188725441,0.8067970954334478,1,False,False,False,False,0.6526946107784432,0.589685246522041,0.6048325298518623,1,False,False,False
2024-05-17,514.27,0.8323353293413174,0.7048417612652682,0.8124722585240854,1,False,False,False,False,0.6646706586826348,0.5926258509204957,0.6181298918142561,1,False,False,False
2024-05-20,514.86,0.8323353293413174,0.7061103539824428,0.8168862742612482,1,False,False,False,False,0.6467065868263473,0.5947466640932743,0.6244802684836097,1,False,False,False
2024-05-21,516.12,0.8183632734530938,0.7072272984547876,0.8172144963038805,1,False,False,False,False,0.6407185628742516,0.5965494836533125,0.6280887783481968,1,False,False,False
2024-05-22,514.63,0.8083832335329342,0.7082338251719832,0.8152519934658924,1,False,False,False,False,0.6027944111776448,0.5967943827719138,0.6224678078658519,1,False,False,False
2024-05-23,510.88,0.7604790419161677,0.7087536780749104,0.8030802264548424,1,False,False,False,False,0.500998003992016,0.5930376620354472,0.5954745181161106,-1,False,False,False
2024-05-24,514.26,0.7644710578842315,0.7093080798640579,0.7945004112169289,1,False,False,False,False,0.5329341317365269,0.5906806608472542,0.5815766544762031,-1,True,False,False
2024-05-28,514.62,0.7365269461077845,0.7095789143540452,0.7816174189704523,1,False,False,False,False,0.47105788423153694,0.5859895715682065,0.5570169277551662,-1,True,False,False
2024-05-29,511.01,0.7005988023952096,0.7094895600061961,0.7636132819537318,1,False,False,False,False,0.4151696606786427,0.5792907515333217,0.5254953128492721,-1,True,False,False
2024-05-30,507.62,0.7085828343313373,0.7094805378601776,0.7513842935931997,1,False,False,False,False,0.4590818363273453,0.5745766764272049,0.5107367625110661,-1,True,False,False
2024-05-31,512.25,0.7504990019960079,0.7098886817819272,0.7511875621271571,1,False,False,False,False,0.5409181636726547,0.5732567347505558,0.5174437405469747,-1,True,False,False
2024-06-03,512.66,0.7485029940119761,0.7102729037941665,0.7505909914348946,1,False,False,False,False,0.5229540918163673,0.5712840820864701,0.5186682630512842,-1,True,False,False
2024-06-04,513.24,0.7405189620758483,0.7105738595979644,0.7483527626884399,1,False,False,False,False,0.5069860279441117,0.5687625897671619,0.5160722108052459,-1,True,False,False
2024-06-05,519.34,0.7405189620758483,0.7108718208166499,0.7466119181078639,1,False,False,False,False,0.5369261477045908,0.5675141018431396,0.5207064190051003,-1,True,False,False
2024-06-06,519.33,0.7325349301397206,0.7110873741432476,0.7434836985593876,1,False,False,False,False,0.530938123752495,0.5660797497611535,0.522980131171188,-1,True,False,False
2024-06-07,518.69,0.718562874251497,0.7111617572289018,0.7379457376020786,1,False,False,False,False,0.5129740518962076,0.5639971733742929,0.5207565579989701,-1,True,False,False
2024-06-10,520.3,0.7245508982035929,0.7112949825122321,0.7349691066246373,1,False,False,False,False,0.5349301397205589,0.5628572897015975,0.5239062428259899,-1,True,False,False
2024-06-11,521.55,0.7145708582834331,0.7113275782910501,0.7304361625488143,1,False,False,False,False,0.4930139720558882,0.5601183360684325,0.5170412937659673,-1,True,False,False
2024-06-12,525.83,0.7245508982035929,0.7114591536135629,0.729128326027654,1,False,False,False,False,0.5229540918163673,0.5586609147252143,0.5183552488882784,-1,True,False,False
2024-06-13,526.89,0.7225548902195609,0.7115695589529261,0.7276675625147444,1,False,False,False,False,0.5129740518962076,0.5568692730456454,0.517159427334485,-1,True,False,False
2024-06-14,527.21,0.7085828343313373,0.711539840299975,0.7234265118073206,1,False,False,False,False,0.47305389221556887,0.5535823953660346,0.5073581973080592,-1,True,False,False
2024-06-17,531.41,0.720558882235529,0.7116295820107765,0.722789260791367,1,False,False,False,False,0.500998003992016,0.5515202623709751,0.5059448210156051,-1,True,False,False
2024-06-18,532.76,0.7245508982035929,0.7117581523211528,0.7231807357718616,1,False,False,False,False,0.530938123752495,0.5507131196800543,0.5114988882904695,-1,True,False,False
2024-06-20,531.31,0.7325349301397206,0.7119648864288003,0.7252594456313859,1,False,False,False,False,0.5588822355289421,0.5510334771643244,0.5220285210101301,-1,True,False,False
2024-06-21,530.6,0.7465069860279441,0.7123085889123739,0.7299811212750655,1,False,False,False,False,0.562874251497006,0.5514978212558022,0.5311053500072136,-1,True,False,False
2024-06-24,528.87,0.7504990019960079,0.7126885930226589,0.7345406503241638,1,False,False,False,False,0.6207584830339321,0.5542139256392582,0.5510282684575954,1,False,False,False
2024-06-25,530.91,0.7325349301397206,0.7128860690138734,0.7340949347276209,1,False,False,False,False,0.5349301397205589,0.5534576987404857,0.5474509065160318,1,False,False,False
2024-06-26,531.57,0.7145708582834331,0.7129028330862074,0.7297562510733568,1,False,False,False,False,0.49500998003992014,0.5511656313404636,0.5357973672991181,-1,True,False,False
2024-06-27,532.41,0.718562874251497,0.7129591519037725,0.7272688340018324,1,False,False,False,False,0.5249500998003992,0.5501375712800689,0.5333868634105139,-1,True,False,False
2024-06-28,530.32,0.7285429141716567,0.7131142142148957,0.72755196292846,1,False,False,False,False,0.5049900199600799,0.5483670790714419,0.5270764537548619,-1,True,False,False
2024-07-01,531.41,0.7005988023952096,0.7129896827540034,0.7215623716988488,1,False,False,False,False,0.4411177644710579,0.5441612235969171,0.5079745228029054,-1,True,False,False
2024-07-02,534.98,0.6966067864271457,0.7128266688602038,0.7160166860829148,1,False,False,False,False,0.4870259481037924,0.541920624557971,0.5033192839808803,-1,True,False,False
2024-07-03,537.37,0.6946107784431138,0.7126454162192378,0.7112598177185145,1,False,False,False,False,0.4870259481037924,0.5397678921480031,0.4996985426748608,-1,True,False,False
2024-07-05,540.47,0.6906187624750499,0.712426245535216,0.7066729165533002,1,False,False,False,False,0.47305389221556887,0.5371516568565352,0.4937775092394626,-1,True,False,False
2024-07-08,541.09,0.6906187624750499,0.7122092556540204,0.7031053267581335,1,False,False,False,False,0.4810379241516966,0.5349511183190906,0.4909464903310702,-1,True,False,False
2024-07-09,541.62,0.6766467065868264,0.7118553994443966,0.6972256333867319,1,False,False,False,False,0.46506986027944114,0.5322106768273397,0.48519612809737483,-1,True,False,True
2024-07-10,546.98,0.7065868263473054,0.7118029758314902,0.6993058984890816,1,False,False,False,False,0.5349301397205589,0.5323173224309954,0.4962481306803046,-1,True,False,False
2024-07-11,542.26,0.7385229540918163,0.7120688462619412,0.7080207997341338,1,False,False,False,False,0.6526946107784432,0.5370380004054051,0.5310140151465577,1,False,False,False
2024-07-12,545.68,0.7744510978043913,0.7126895651827616,0.722783088194191,1,False,False,False,False,0.716566866267465,0.5440783480862702,0.5722479820623149,1,False,False,False
2024-07-15,547.18,0.7764471057884231,0.7133239685718726,0.7347084254373537,1,False,False,False,False,0.6966067864271457,0.5500598554721869,0.5998832719211662,1,False,False,False
2024-07-16,550.43,0.8143712574850299,0.7143294142327001,0.752411277003504,1,False,False,False,False,0.7724550898203593,0.558781237211331,0.6382325647876536,1,False,False,False
2024-07-17,542.71,0.8243512974051896,0.7154241593388941,0.7683979482038785,1,False,False,False,False,0.7604790419161677,0.5666909550428932,0.66539844859399,1,False,False,False
2024-07-18,538.54,0.7964071856287425,0.7162299605955096,0.7746222231871817,1,False,False,False,False,0.7025948103792415,0.5720205179972598,0.6736643067684903,1,False,False,False
2024-07-19,534.96,0.7744510978043913,0.716809275393608,0.7745841953243393,1,False,False,False,False,0.6467065868263473,0.5749493834415378,0.667673702336903,1,False,False,False
2024-07-22,540.48,0.7844311377245509,0.7174821297451597,0.7767724047466085,1,False,False,False,False,0.7025948103792415,0.5799550864587026,0.6754339485685338,1,False,False,False
2024-07-23,539.63,0.7564870259481038,0.7178702381650895,0.7722645427913852,1,False,False,False,False,0.6846307385229541,0.5840600139906341,0.6774776796695161,1,False,False,False
2024-07-24,527.4,0.7504990019960079,0.7181949024818151,0.7674277559479681,1,False,False,False,False,0.590818363273453,0.5843250472958427,0.6582200538037243,1,False,False,False
2024-07-25,524.65,0.7544910179640718,0.7185560578597481,0.7645529252848801,1,False,False,False,False,0.6147704590818364,0.5855189850129405,0.6485645883099714,1,False,False,False
2024-07-26,530.53,0.7964071856287425,0.7193306959470018,0.7716316498057384,1,False,False,False,False,0.6906187624750499,0.5896405449134154,0.6579099603466556,1,False,False,False
2024-07-29,530.84,0.7864271457085829,0.7199983223127887,0.7749195377841483,1,False,False,False,False,0.6946107784431138,0.5937570246596782,0.6660656977014241,1,False,False,False
2024-07-30,528.15,0.7964071856287425,0.7207586095099624,0.7796945706385027,1,False,False,False,False,0.6846307385229541,0.59732069971314,0.6701912623284307,1,False,False,False
2024-07-31,536.74,0.8143712574850299,0.7216900786440427,0.7874005010488421,1,False,False,False,False,0.7225548902195609,0.6022318444388819,0.6818276240820151,1,False,False,False
2024-08-01,529.14,0.7664670658682635,0.7221356208054777,0.7827486265642691,1,False,False,False,False,0.6227544910179641,0.6030366541086498,0.6687002611788927,1,False,False,False
2024-08-02,519.28,0.7045908183632734,0.7219610456567991,0.7653802247418257,1,False,False,False,False,0.5369261477045908,0.6004440852300592,0.63941712485127,-1,False,False,False
2024-08-05,504.16,0.6407185628742516,0.7211526627435398,0.737677633215698,1,False,False,False,False,0.4171656686626746,0.5932566963450637,0.5900279123649155,-1,True,False,False
2024-08-06,508.81,0.6646706586826348,0.7205906527528841,0.7214538610972395,1,False,False,False,False,0.4750499001996008,0.5886211357119084,0.5644772429948456,-1,True,False,False
2024-08-07,505.41,0.6367265469061876,0.7197561840379917,0.7026255690547836,1,False,False,False,False,0.4471057884231537,0.5830715142496044,0.5383946975344696,-1,True,False,False
2024-08-08,517.09,0.7025948103792415,0.7195854241010887,0.702618733793552,1,False,False,False,False,0.5289421157684631,0.58094879274054,0.5362941238086903,-1,True,False,False
2024-08-09,519.37,0.7005988023952096,0.7193965024920751,0.7021698601494759,1,False,False,False,False,0.5688622754491018,0.5804748116702875,0.5435314908398929,-1,True,False,False
2024-08-12,519.64,0.6766467065868264,0.7189711313885403,0.6964980482466648,1,False,False,False,False,0.530938123752495,0.578532196457825,0.5407329648204712,-1,True,False,False
2024-08-13,528.19,0.7125748502994012,0.7189074868005887,0.7000706709250507,1,False,False,False,False,0.5788423153692615,0.5785443579837637,0.5492017093868691,-1,True,False,False
2024-08-14,529.86,0.7045908183632734,0.7187650323882772,0.7010751481335447,1,False,False,False,False,0.5868263473053892,0.5788691418787295,0.557562740035429,-1,True,False,False
2024-08-15,538.94,0.7485029940119761,0.7190609325039359,0.7116146694398627,1,False,False,False,False,0.6626746506986028,0.5821556324206854,0.5809209424050232,1,False,False,False
2024-08-16,540.15,0.7564870259481038,0.7194333314436789,0.7215863042194718,1,False,False,False,False,0.6866267465069861,0.5862525388554423,0.6044111210943482,1,False,False,False
2024-08-19,545.31,0.7724550898203593,0.719960911129019,0.7328904787974467,1,False,False,False,False,0.7285429141716567,0.5918325535737252,0.6319959640004168,1,False,False,False
2024-08-20,544.43,0.7604790419161677,0.7203640766094882,0.7390212706016069,1,False,False,False,False,0.7005988023952096,0.5960978966647639,0.6472410391992596,1,False,False,False
2024-08-21,546.3,0.7864271457085829,0.7210214205806235,0.7495559095142683,1,False,False,False,False,0.7445109780439122,0.6019180175031619,0.6688565811647379,1,False,False,False
2024-08-22,542.01,0.7684630738522954,0.721493476832083,0.7537575015893854,1,False,False,False,False,0.716566866267465,0.6064140507880366,0.6794588667431216,1,False,False,False
2024-08-23,547.77,0.7944111776447106,0.7222190260939002,0.7627916518239022,1,False,False,False,False,0.7884231536926147,0.6135516626666475,0.7036731527318979,1,False,False,False
2024-08-26,546.46,0.7984031936127745,0.7229770775119985,0.7707053277769849,1,False,False,False,False,0.7704590818363274,0.6197048947909487,0.7185144703106601,1,False,False,False
2024-08-27,547.21,0.7924151696606786,0.7236680038020351,0.7755297370844724,1,False,False,False,False,0.7604790419161677,0.625225449580173,0.7278399306674396,1,False,False,False
2024-08-28,544.04,0.780439121756487,0.7242328905478507,0.7766207114560312,1,False,False,False,False,0.7544910179640718,0.6302946875560121,0.7337623945111357,1,False,False,False
2024-08-29,544.08,0.7864271457085829,0.7248517388579078,0.7787999190677094,1,False,False,False,False,0.7724550898203593,0.6358696052918689,0.7423607712465187,1,False,False,False
2024-08-30,549.28,0.810379241516966,0.7257027587848637,0.7858175462786553,1,False,False,False,False,0.8083832335329342,0.6426348456150479,0.7570324295323888,1,False,False,False
2024-09-03,537.97,0.7704590818363274,0.7261480953326395,0.7824045541803603,1,False,False,False,False,0.6986027944111777,0.6448296671364648,0.7440480661721197,1,False,False,False
2024-09-04,536.87,0.7564870259481038,0.726449975239261,0.776645103462081,1,False,False,False,False,0.6826347305389222,0.6463122186424436,0.7304006582536314,1,False,False,False
2024-09-05,535.57,0.7305389221556886,0.7264906612782305,0.7663992853939938,1,False,False,False,False,0.6526946107784432,0.6465625085301299,0.7131326477035895,1,False,False,False
2024-09-06,526.55,0.6966067864271457,0.7261933092896624,0.7508898411791386,1,False,False,False,False,0.5708582834331337,0.6435937153890712,0.6815161223101549,-1,False,False,False
2024-09-09,532.45,0.7305389221556886,0.7262365492186776,0.746367414729483,1,False,False,False,False,0.6307385229540918,0.6430895901955426,0.670232211342141,-1,False,False,False
2024-09-10,534.77,0.720558882235529,0.7261800550198404,0.7406321852863821,1,False,False,False,False,0.626746506986028,0.6424486849716401,0.6605687214852269,-1,False,False,False
2024-09-11,540.25,0.7245508982035929,0.7261638445042559,0.7370585659346511,1,False,False,False,False,0.656686626746507,0.643007035629478,0.6597060337655114,-1,False,False,False
2024-09-12,544.81,0.7385229540918163,0.7262868207190575,0.7373839855251323,1,False,False,False,False,0.6966067864271457,0.6451089866411513,0.6679062010236523,1,False,False,False
2024-09-13,547.65,0.7584830339321357,0.7266071810495359,0.7420726629489108,1,False,False,False,False,0.7265469061876247,0.6483026305449346,0.6809374688378684,1,False,False,False
2024-09-16,548.46,0.7624750499001997,0.7269640752669555,0.7466065267158639,1,False,False,False,False,0.7504990019960079,0.6523103313861532,0.696395587317455,1,False,False,False
2024-09-17,548.68,0.7784431137724551,0.7274763045058162,0.7536813238395509,1,False,False,False,False,0.7724550898203593,0.6570218905404359,0.713297698984767,1,False,False,False
2024-09-18,547.06,0.7744510978043913,0.727943715384409,0.7582968291650709,1,False,False,False,False,0.7504990019960079,0.6606876596171251,0.7215646552094872,1,False,False,False
2024-09-19,556.39,0.812375249500998,0.7287838301517383,0.7703142559063881,1,False,False,False,False,0.844311377245509,0.6678885897201989,0.7488417045508253,1,False,False,False
2024-09-20,555.42,0.7784431137724551,0.72927795237682,0.7721206687655141,1,False,False,False,False,0.7904191616766467,0.6726937101890793,0.7580811394676745,1,False,False,False
2024-09-23,556.81,0.7884231536926147,0.7298664618426488,0.7757434431937588,1,False,False,False,False,0.8183632734530938,0.6784062420817858,0.7714771692422121,1,False,False,False
2024-09-24,558.41,0.7944111776447106,0.7305086978207789,0.7798918286273036,1,False,False,False,False,0.8143712574850299,0.6837382034701482,0.7810091888517272,1,False,False,False
2024-09-25,557.17,0.7664670658682635,0.7308664925277191,0.7769085480141835,1,False,False,False,False,0.7744510978043913,0.6872955718754127,0.7795518352856525,1,False,False,False
2024-09-26,559.38,0.8023952095808383,0.7315782210556109,0.7825722505845512,1,False,False,False,False,0.8263473053892215,0.6927485810328169,0.7899508286420012,1,False,False,False
2024-09-27,558.57,0.8263473053892215,0.7325211970191294,0.7923000405411446,1,False,False,False,False,0.8403193612774451,0.6985356704541749,0.801143835894322,1,False,False,False
2024-09-30,560.81,0.8183632734530938,0.7333753470333978,0.7980918700771332,1,False,False,False,False,0.8582834331337326,0.7048002885984712,0.8138415241697466,1,False,False,False
2024-10-01,555.79,0.7884231536926147,0.7339230864031413,0.7959432664361291,1,False,False,False,False,0.8063872255489022,0.7087840900475078,0.8121850133651145,1,False,False,False
2024-10-02,556.02,0.7864271457085829,0.7344455148539417,0.7938285729411189,1,False,False,False,False,0.7844311377245509,0.7117506409368035,0.8060174854449892,1,False,False,False
2024-10-03,555.0,0.7684630738522954,0.7347839980280547,0.7881917953658248,1,False,False,False,False,0.7425149700598802,0.7129570852161399,0.7919058153594094,1,False,False,False
2024-10-04,560.05,0.7884231536926147,0.7353177209699907,0.7882432083273337,1,False,False,False,False,0.7684630738522954,0.7151337906528519,0.7866963172467174,1,False,False,False
2024-10-07,554.98,0.7584830339321357,0.7355482215964797,0.7816298362395119,1,False,False,False,False,0.6966067864271457,0.7144072414675301,0.7666764215090348,1,False,False,False
2024-10-08,560.23,0.7544910179640718,0.7357367071324757,0.7755989877338585,1,False,False,False,False,0.7125748502994012,0.7143353829903486,0.7546538501291162,1,False,False,False
2024-10-09,564.11,0.7784431137724551,0.7361616465020278,0.7762310157424356,1,False,False,False,False,0.7584830339321357,0.7160666634194384,0.7555047798631205,1,False,False,False
2024-10-10,563.13,0.7684630738522954,0.736483053739344,0.7745048064335156,1,False,False,False,False,0.7305389221556886,0.7166342029777227,0.7499568114836912,1,False,False,False
2024-10-11,566.5,0.7904191616766467,0.7370197314302624,0.778041329820878,1,False,False,False,False,0.7844311377245509,0.7192929063011277,0.7576177728705489,1,False,False,False
2024-10-14,571.13,0.8163672654690619,0.737809259132141,0.7865582044093633,1,False,False,False,False,0.8183632734530938,0.7231780187384598,0.7711167730000033,1,False,False,False
2024-10-15,566.69,0.8023952095808383,0.7384519054052624,0.7900775388919132,1,False,False,False,False,0.7884231536926147,0.72573665148176,0.7749626353761392,1,False,False,False
2024-10-16,569.16,0.8163672654690619,0.7392271826198276,0.7959197003535018,1,False,False,False,False,0.7944111776447106,0.7284297701548169,0.7792845336580438,1,False,False,False
2024-10-17,569.21,0.8083832335329342,0.7399153025294108,0.7986893743933756,1,False,False,False,False,0.7724550898203593,0.7301562532789558,0.7777668794718917,1,False,False,False
2024-10-18,571.4,0.8143712574850299,0.7406561578026011,0.8021742373026322,1,False,False,False,False,0.7884231536926147,0.732441229765766,0.7801349404098302,1,False,True,False
2024-10-21,570.46,0.7944111776447106,0.7411910336219256,0.8004491129342051,1,False,False,False,False,0.720558882235529,0.7319752553528156,0.7668958163710966,1,False,False,False
2024-10-22,570.15,0.7764471057884231,0.7415418403101495,0.7951153335684757,1,False,False,False,False,0.6766467065868264,0.7298055083423847,0.7468404586412588,-1,False,False,False
2024-10-23,564.94,0.7624750499001997,0.7417501309528366,0.7878619371977478,1,False,False,False,False,0.6646706586826348,0.7272512005125906,0.728580503094898,-1,False,False,False
2024-10-24,566.17,0.7485029940119761,0.7418173236200917,0.7791155053786873,1,False,False,False,False,0.6427145708582834,0.7239360385653629,0.7094991848200947,-1,True,False,False
2024-10-25,565.97,0.7405189620758483,0.741804404599751,0.7705384957558343,1,False,False,False,False,0.5868263473053892,0.718559187927717,0.6822385542612712,-1,True,False,False
2024-10-28,567.72,0.7564870259481038,0.7419505003345606,0.767415946909672,1,False,False,False,False,0.6167664670658682,0.7145673165213701,0.6676892015511816,-1,True,False,False
2024-10-29,568.64,0.7485029940119761,0.7420156992766244,0.7632130684879618,1,False,False,False,False,0.5668662674650699,0.7087751185191623,0.6452841050876013,-1,True,False,False
2024-10-30,566.92,0.7385229540918163,0.7419809455931934,0.7577263763999295,1,False,False,False,False,0.5728542914171657,0.7034448900053585,0.6291885909386157,-1,True,False,False
2024-10-31,555.81,0.7125748502994012,0.7416883476300712,0.7476927039331454,1,False,False,False,False,0.5029940119760479,0.695584071259111,0.6011453511691561,-1,True,False,False
2024-11-01,558.15,0.718562874251497,0.7414582434173491,0.7412194084483347,1,False,False,False,False,0.5209580838323353,0.6887359933208062,0.5833259584276403,-1,True,False,False
2024-11-04,556.95,0.7305389221556886,0.7413495934545465,0.7388459670499689,1,False,False,False,False,0.5169660678642715,0.6819999178127067,0.568579316080225,-1,True,False,False
2024-11-05,563.68,0.7405189620758483,0.7413413284657039,0.7392177437223866,1,False,False,False,False,0.5768463073852296,0.6778762468155508,0.570416425259115,-1,True,False,False
2024-11-06,577.7,0.7644710578842315,0.7415714750270823,0.7448295913139077,1,False,False,False,False,0.6487025948103793,0.6767321820310344,0.5878133518260626,-1,True,False,False
2024-11-07,582.17,0.7644710578842315,0.7417993315729245,0.7491943616628686,1,False,False,False,False,0.6726546906187625,0.6765722804070237,0.6066669826688849,-1,True,False,False
2024-11-08,584.69,0.7664670658682635,0.7420447816654154,0.7530327403751786,1,False,False,False,False,0.6826347305389222,0.6768100235494511,0.6235487044177821,-1,True,False,False
2024-11-11,585.25,0.7584830339321357,0.7422083463645868,0.7542439167211691,1,False,False,False,False,0.6726546906187625,0.676647069316875,0.6344611457957777,-1,True,False,False
2024-11-12,583.43,0.7425149700598802,0.7422113973466296,0.7516374841297715,1,False,False,False,False,0.6467065868263473,0.6754729327486191,0.637182354913682,-1,True,False,False
2024-11-13,583.71,0.7445109780439122,0.7422342787466025,0.7500538161106917,1,False,False,False,False,0.654690618762475,0.6746579400432802,0.6410730802134138,-1,True,False,False
2024-11-14,579.96,0.7385229540918163,0.7421973501430723,0.7474914023287194,1,False,False,False,False,0.6167664670658682,0.6723876862010287,0.6356716106250704,-1,True,False,False
2024-11-15,572.53,0.7085828343313373,0.7418628773489256,0.7388450538848567,1,False,False,False,False,0.5788423153692615,0.6687192402860574,0.6230428783460018,-1,True,False,False
2024-11-18,574.88,0.7225548902195609,0.7416707580740066,0.7352250175147909,1,False,False,False,False,0.6047904191616766,0.6662122276929445,0.6189867763050407,-1,True,False,False
2024-11-19,576.98,0.7145708582834331,0.7414011073298219,0.730635204352267,1,False,False,False,False,0.5668662674650699,0.6623163076840083,0.6074044410072694,-1,True,False,False
2024-11-20,577.17,0.720558882235529,0.7411937220055006,0.7283960216596586,1,False,False,False,False,0.592814371257485,0.6595907415496348,0.6041622032850951,-1,True,False,False
2024-11-21,580.27,0.7385229540918163,0.7411671472003893,0.7306464510890269,1,False,False,False,False,0.6427145708582834,0.6589289309342877,0.6127293960791369,-1,True,False,False
2024-11-22,582.07,0.7485029940119761,0.7412401407010022,0.7346145717385711,1,False,False,False,False,0.6626746506986028,0.6590758219054373,0.6238283415501293,-1,True,False,False
2024-11-25,584.04,0.7844311377245509,0.7416699018654157,0.7456849197354555,1,False,False,False,False,0.7125748502994012,0.6611738230189261,0.6435497879388564,1,False,False,False
2024-11-26,587.09,0.7744510978043913,0.7419960829195349,0.7520774037507745,1,False,False,False,False,0.7265469061876247,0.6637374733392672,0.6619935919941383,1,False,False,False
2024-11-27,585.31,0.780439121756487,0.7423786007189076,0.758380007752044,1,False,False,False,False,0.7325349301397206,0.666435412821638,0.6776694449153788,1,False,False,False
2024-11-29,588.95,0.780439121756487,0.7427573123710229,0.7632820330863647,1,False,False,False,False,0.7385229540918163,0.6692623752243901,0.6911924469545871,1,False,False,False
2024-12-02,590.01,0.782435129740519,0.7431521165239533,0.7675382767872878,1,False,False,False,False,0.7145708582834331,0.6710391784816075,0.6963876494721084,1,False,False,False
2024-12-03,590.28,0.7684630738522954,0.7434039668456284,0.7677437872461783,1,False,False,False,False,0.6706586826347305,0.6710242570758477,0.6906701012860244,1,False,False,False
2024-12-04,593.95,0.7664670658682635,0.7436334504179929,0.7674600713844195,1,False,False,False,False,0.6626746506986028,0.670696821531642,0.684448890044375,1,False,False,False
2024-12-05,592.97,0.7524950099800399,0.7437216251400033,0.7641345021834463,1,False,False,False,False,0.626746506986028,0.6689732797847552,0.6716261382536313,-1,False,False,False
2024-12-06,594.09,0.7485029940119761,0.7437692009496747,0.7606608337008973,1,False,False,False,False,0.6187624750499002,0.6670042286186825,0.6598786575416911,-1,True,False,False
2024-12-09,591.03,0.7485029940119761,0.743816303368205,0.7579590915478037,1,False,True,False,False,0.6147704590818364,0.6649558454995905,0.6498546134395011,-1,True,False,False
2024-12-10,589.19,0.7225548902195609,0.7436047470184672,0.7500914912526386,1,False,False,False,False,0.5688622754491018,0.6611874702034929,0.6318563161083013,-1,True,False,False
2024-12-11,593.75,0.7085828343313373,0.7432562702753117,0.7408673452701272,1,False,False,False,False,0.5449101796407185,0.6566275764559332,0.6125349524488384,-1,True,False,False
2024-12-12,590.69,0.7045908183632734,0.7428715394105153,0.7328058948463819,1,False,False,False,False,0.5349301397205589,0.6518551279565068,0.5952894385092207,-1,True,False,False
2024-12-13,590.57,0.6986027944111777,0.7424310543856464,0.725205205860781,1,False,False,False,False,0.5109780439121756,0.6463305364253565,0.5765535730432106,-1,True,False,False
2024-12-16,593.09,0.6726546906187625,0.7417367622088615,0.713527313584777,1,False,False,False,False,0.4810379241516966,0.6398484731989386,0.5553278732895408,-1,True,False,False
2024-12-17,590.65,0.6646706586826348,0.7409699353081031,0.7026702791620787,1,False,False,False,False,0.41916167664670656,0.6311940890204196,0.5250687184800221,-1,True,False,False
2024-12-18,573.05,0.5868263473053892,0.7394361682632999,0.6769271831939255,-1,True,False,False,False,0.22355289421157684,0.6152081598122298,0.45806520197592315,-1,True,False,False
2024-12-19,572.87,0.5828343313373253,0.7378779410302057,0.6560176605591255,-1,True,False,False,False,0.23552894211576847,0.6003187787260941,0.4086126997847777,-1,True,False,False
2024-12-20,579.75,0.6047904191616766,0.7365536870812651,0.6446338291374701,-1,True,False,False,False,0.28542914171656686,0.5879701655100342,0.3812385757696197,-1,True,False,False
2024-12-23,583.22,0.6067864271457086,0.7352624705644935,0.6362232953615231,-1,True,False,False,False,0.29141716566866266,0.5763406361044903,0.3612782624138515,-1,True,False,False
2024-12-24,589.7,0.6207584830339321,0.7341231274049854,0.6327866703998363,-1,True,False,False,False,0.3473053892215569,0.5673588617169243,0.3581731794822305,-1,True,False,False
2024-12-26,589.74,0.6207584830339321,0.7329951209933332,0.6301137398740798,-1,True,False,False,False,0.34530938123752497,0.5586510389530263,0.3553145576500737,-1,True,False,False
2024-12-27,583.53,0.6147704590818364,0.731818756198194,0.6267041219202479,-1,True,False,False,False,0.2954091816367265,0.548327828862191,0.34200225186932987,-1,True,False,False
2024-12-30,576.87,0.5948103792415169,0.7304554887657894,0.6196166235471966,-1,True,False,False,False,0.21956087824351297,0.5354350072693017,0.31479305773025945,-1,True,False,False
2024-12-31,574.77,0.5988023952095808,0.7291455077353793,0.6149912394721708,-1,True,False,False,False,0.22355289421157684,0.5232043361689988,0.2945174658372189,-1,True,False,False
2025-01-02,573.36,0.5848303393213573,0.7277095359103641,0.6082888172164345,-1,True,False,False,False,0.20958083832335328,0.5109053754691696,0.27564265972302654,-1,True,False,False
2025-01-03,580.53,0.5948103792415169,0.7263871562420174,0.6052936087775639,-1,True,False,False,False,0.27345309381237526,0.5015935212865502,0.27515608952065956,-1,True,False,False
2025-01-06,583.88,0.5868263473053892,0.7249984914764789,0.6011897728948584,-1,True,False,False,False,0.2654690618762475,0.49233373856457757,0.2730034167107902,-1,True,False,False
2025-01-07,577.28,0.5768463073852296,0.7235243403909939,0.5957801138927187,-1,True,False,False,False,0.2714570858283433,0.4836719090455096,0.272659787625802,-1,True,False,False
2025-01-08,578.12,0.590818363273453,0.7222038829072374,0.594677502643993,-1,True,False,False,False,0.2774451097804391,0.4755845835841343,0.2737231925490547,-1,True,False,False
2025-01-10,569.29,0.5489021956087824,0.7204794880087453,0.584505212191724,-1,True,False,False,False,0.19161676646706588,0.464448590756014,0.2554773200863905,-1,True,False,False
2025-01-13,570.17,0.5788423153692615,0.719070162907855,0.5832467906756212,-1,True,False,False,False,0.2155688622754491,0.45468860140383505,0.2466087739061813,-1,True,False,False
2025-01-14,570.96,0.6107784431137725,0.717992633357665,0.5893649356618771,-1,True,False,False,False,0.2714570858283433,0.44750305177342364,0.25213062099999506,-1,True,False,False
2025-01-15,581.35,0.6147704590818364,0.7169655470464629,0.5950106075329792,-1,True,False,False,False,0.34530938123752497,0.4434954568504472,0.2728370121638906,-1,True,False,False
2025-01-16,580.23,0.6407185628742516,0.7162068705870379,0.6051679309421508,-1,True,False,False,False,0.40119760479041916,0.4418367175539756,0.3013615883031192,-1,True,False,False
2025-01-17,586.05,0.6407185628742516,0.7154557431471097,0.6130680713715065,-1,True,False,False,False,0.4411177644710579,0.4418085233154298,0.3324185163404389,-1,True,False,True
2025-01-21,591.42,0.6626746506986028,0.7149305581476221,0.6240917556664168,-1,True,False,False,False,0.5528942115768463,0.44616482481587755,0.3814131152818628,1,False,False,False
2025-01-22,594.74,0.6526946107784432,0.7143112949897198,0.6304479456913116,-1,True,False,False,False,0.5169660678642715,0.4489413441511087,0.4115359936335092,1,False,False,False
2025-01-23,597.99,0.654690618762475,0.7137180544302447,0.6358352063737923,-1,True,False,False,False,0.5489021956087824,0.4528613775416057,0.442061816294681,1,False,False,False
2025-01-24,596.24,0.6506986027944112,0.7130909952099876,0.639138183356152,-1,True,False,False,False,0.5489021956087824,0.4566276841324754,0.46580412280892575,1,False,False,False
2025-01-27,587.81,0.6866267465069861,0.7128276693522464,0.6496911973896707,-1,True,False,False,False,0.6227544910179641,0.4631424608730828,0.5006819824109343,1,False,False,False
2025-01-28,592.86,0.6726546906187625,0.71242793822057,0.6547941958850245,-1,True,False,False,False,0.5588822355289421,0.46689696183997925,0.5136153719927138,1,False,False,False
2025-01-29,590.2,0.6506986027944112,0.7118137159775237,0.6538840640871104,-1,True,False,False,False,0.5269461077844312,0.46925183030838913,0.5165777577242066,1,False,False,False
2025-01-30,593.37,0.6706586826347305,0.7114042131581926,0.6576117570976926,-1,True,False,False,False,0.5848303393213573,0.47378432085791733,0.5317449980791289,1,False,False,False
2025-01-31,590.21,0.6586826347305389,0.710879620338017,0.6578497299049918,-1,True,False,False,False,0.5289421157684631,0.4759473716387231,0.5311221353434253,1,False,False,False
2025-02-03,586.24,0.6427145708582834,0.7102013611392137,0.6544863612279455,-1,True,False,False,False,0.49500998003992014,0.4766949249093583,0.5230972119426464,1,False,False,False
2025-02-04,590.17,0.6407185628742516,0.7095099900121992,0.6514268504826801,-1,True,False,False,False,0.49700598802395207,0.47749143718836196,0.5172991621829365,1,False,False,False
2025-02-05,592.56,0.6506986027944112,0.7089248020796839,0.6512650176630648,-1,True,False,False,False,0.5489021956087824,0.480291859087202,0.5243220584997912,1,False,False,False
2025-02-06,594.62,0.6347305389221557,0.7081865507049822,0.6475906890539739,-1,True,False,False,False,0.5528942115768463,0.4831390101652273,0.5306714258502478,1,False,False,False
2025-02-07,589.18,0.6287425149700598,0.7073960627872218,0.6434022059242153,-1,True,False,False,False,0.530938123752495,0.48501348520786525,0.5307306920507472,1,False,False,False
2025-02-10,593.18,0.6327345309381237,0.7066531619728029,0.6410316114828616,-1,True,False,False,False,0.5389221556886228,0.4871275507169146,0.5325510173036084,1,False,False,False
2025-02-11,593.63,0.6387225548902196,0.7059772355341702,0.6405184877956078,-1,True,False,False,False,0.5528942115768463,0.48970663545651977,0.5370717271421057,1,False,False,False
2025-02-12,591.72,0.6167664670658682,0.7050895661961772,0.6352402609667768,-1,True,False,False,False,0.5049900199600799,0.49030598386842406,0.5299424588794334,1,False,False,False
2025-02-13,597.97,0.6367265469061876,0.7044093371485157,0.6355705467310903,-1,True,False,False,False,0.5688622754491018,0.49338662275394085,0.5385913070060264,1,False,False,False
2025-02-14,597.94,0.6307385229540918,0.7036762942212081,0.6344967636695351,-1,True,False,False,False,0.5728542914171657,0.4965030019172046,0.5462053035418352,1,False,False,False
2025-02-18,599.69,0.6447105788423154,0.7030895706850998,0.6367665003745974,-1,True,False,False,False,0.6047904191616766,0.5007495672993407,0.5592242181240221,1,False,False,False
2025-02-19,601.11,0.656686626746507,0.70262784984989,0.6411931951239107,-1,True,False,False,False,0.6127744510978044,0.5051426999973198,0.5711242698959738,1,False,False,False
2025-02-20,598.61,0.6487025948103793,0.7020912801480044,0.6428619506097926,-1,True,False,False,False,0.592814371257485,0.5085808047526204,0.5759442924207541,1,False,False,False
2025-02-21,588.37,0.6207584830339321,0.7012819985846803,0.637950068926268,-1,True,False,False,False,0.5329341317365269,0.5095358371833618,0.5663864789353703,1,False,False,False
2025-02-24,585.69,0.6227544910179641,0.7005006303501856,0.6345732738355339,-1,True,False,False,False,0.5389221556886228,0.510688241830627,0.5602832959916486,1,False,False,False
2025-02-25,582.78,0.6287425149700598,0.699786619251876,0.6332775496432063,-1,True,False,False,False,0.5289421157684631,0.5114040800242676,0.5533185892753851,1,False,False,False
2025-02-26,583.07,0.6167664670658682,0.6989605480858462,0.6296084201815756,-1,True,False,False,False,0.530938123752495,0.5121701209547864,0.5483451524925207,1,False,False,False
2025-02-27,573.76,0.5968063872255489,0.6979440887738034,0.6223190795246807,-1,True,False,False,False,0.4870259481037924,0.5111840749606298,0.5347186626283589,1,False,False,False
2025-02-28,582.72,0.6167664670658682,0.6971363512443713,0.6210851656449445,-1,True,False,False,False,0.5409181636726547,0.512350117655219,0.5360963295270913,1,False,True,False
2025-03-03,572.51,0.590818363273453,0.6960784608168,0.6143592095623909,-1,True,False,False,False,0.46506986027944114,0.5104959899149925,0.5203126696942801,-1,False,False,False
2025-03-04,565.73,0.5229540918163673,0.6943558302794823,0.5940469611743856,-1,True,False,False,False,0.4031936127744511,0.5062880535565398,0.4942862126009848,-1,True,False,False
2025-03-05,571.81,0.5528942115768463,0.6929482519839337,0.5849019057082658,-1,True,False,False,False,0.4491017964071856,0.5040454552369573,0.48424523122458496,-1,True,False,False
2025-03-06,561.66,0.5089820359281437,0.6911177423714383,0.5680308235349054,-1,True,False,False,False,0.4091816367265469,0.500325305491451,0.46756443244724316,-1,True,False,False
2025-03-07,564.81,0.5409181636726547,0.6896232192003061,0.5620057880099608,-1,True,False,False,False,0.4530938123752495,0.4984730900751294,0.46434873909791125,-1,True,False,False
2025-03-10,549.77,0.47105788423153694,0.6874484397478806,0.5417951427258666,-1,True,False,False,False,0.3992015968063872,0.49458009033910033,0.44987159636646146,-1,True,False,False
2025-03-11,545.2,0.42714570858283435,0.6848583628208653,0.5163174906940816,-1,True,False,False,False,0.3193612774451098,0.4877087643432576,0.4208693032728278,-1,True,False,False
2025-03-12,548.09,0.4091816367265469,0.6821153108199269,0.49250952314574054,-1,True,False,False,False,0.29740518962075846,0.48024587906002236,0.39343283357236797,-1,True,False,False
2025-03-13,540.78,0.36726546906187624,0.6789824765735782,0.46467751112710404,-1,True,False,False,False,0.2634730538922156,0.47174498395540254,0.3645528825323341,-1,True,False,False
2025-03-14,551.95,0.41916167664670656,0.676397194982266,0.45456288124257127,-1,True,False,False,False,0.32335329341317365,0.46592570197335437,0.3553974182836318,-1,True,False,False
2025-03-17,556.21,0.4750499001996008,0.6743937393127868,0.45911555212191113,-1,True,False,False,False,0.37924151696606784,0.4625263221691471,0.3606961068797287,-1,True,False,False
2025-03-18,550.2,0.4491017964071856,0.6721520284381043,0.45689027307419433,-1,True,False,False,False,0.3592814371257485,0.45847750314783736,0.36038173582328864,-1,True,False,False
2025-03-19,556.19,0.4750499001996008,0.670190813231751,0.4609257457687291,-1,True,False,False,False,0.3972055888223553,0.45607468297821063,0.36856481426752563,-1,True,False,False
2025-03-20,554.58,0.4630738522954092,0.6681299479488024,0.461403102774658,-1,True,False,False,False,0.37524950099800397,0.4529050679985947,0.37005030020763197,-1,True,False,False
2025-03-21,554.76,0.43912175648702595,0.665851259476546,0.4564516924885175,-1,True,False,False,False,0.3313373253493014,0.4481377055417597,0.36144741690578075,-1,True,False,False
2025-03-24,564.7,0.5069860279441117,0.6642705109040841,0.4676815448119829,-1,True,False,False,False,0.3912175648702595,0.4459055431624852,0.36806300534233155,-1,True,False,False
2025-03-25,566.06,0.5029940119760479,0.662665769621218,0.47552875973733066,-1,True,False,False,False,0.3972055888223553,0.4439957410314997,0.37453913500455904,-1,True,False,False
2025-03-26,559.3,0.49700598802395207,0.6610174135854244,0.4803014771343576,-1,True,False,False,False,0.4151696606786427,0.44286530650785827,0.38356814070991097,-1,True,False,False
2025-03-27,557.81,0.47305389221556887,0.6591471297906994,0.4786909027079601,-1,True,False,False,False,0.38922155688622756,0.44076163005210806,0.3848244554157591,-1,True,False,False
2025-03-28,546.58,0.4251497005988024,0.6568187971619244,0.46679285779481394,-1,True,False,False,False,0.33532934131736525,0.43662703049388285,0.37382554117167155,-1,True,False,False
2025-03-31,550.25,0.4471057884231537,0.6547321005575585,0.46241795349000053,-1,True,False,False,False,0.37924151696606784,0.43437661819867446,0.37502909134820406,-1,True,False,False
2025-04-01,551.8,0.4530938123752495,0.6527257494313664,0.46034592213116693,-1,True,False,False,False,0.39520958083832336,0.432840655949249,0.37951364456823056,-1,True,False,False
2025-04-02,555.3,0.49101796407185627,0.6511167167412221,0.4671619314513201,-1,True,False,False,False,0.4091816367265469,0.43191285127384893,0.3861065317145231,-1,True,False,False
2025-04-03,527.93,0.36726546906187624,0.6482923262170496,0.4449627175869993,-1,True,False,False,False,0.3033932135728543,0.4268728654816531,0.3677257943497078,-1,True,False,False
2025-04-04,497.02,0.2275449101796407,0.644105784763941,0.39664764927425294,-1,True,False,False,False,0.10978043912175649,0.4144378683695003,0.310404604299052,-1,True,False,False
2025-04-07,496.14,0.1936127744510978,0.6396232672483904,0.3515287882024407,-1,True,False,False,False,0.06387225548902195,0.40069019727614824,0.25561963789682307,-1,True,False,False
2025-04-08,488.37,0.18363273453093812,0.6350860480173709,0.3142185540532179,-1,True,False,False,False,0.05788423153692615,0.38724682607068855,0.21167843648351264,-1,True,False,False
2025-04-09,539.66,0.3153692614770459,0.6319047864597558,0.3144742668140686,-1,True,False,False,False,0.1497005988023952,0.3779312877464418,0.19790558366548655,-1,True,False,False
2025-04-10,516.01,0.2634730538922156,0.6282387990710241,0.3031406639425457,-1,True,False,False,False,0.13972055888223553,0.3685896905360808,0.18497557815809745,-1,True,False,False
2025-04-11,525.22,0.29141716566866266,0.6248873400321946,0.30053544210390504,-1,True,False,False,False,0.18363273453093812,0.3613364765750948,0.18467716846317317,-1,True,False,False
2025-04-14,530.31,0.3193612774451098,0.621847279707945,0.3047189610686172,-1,True,False,False,False,0.24151696606786427,0.35663767224147797,0.19730823459754895,-1,True,False,False
2025-04-15,528.83,0.313373253493014,0.618777886412274,0.30664213716292754,-1,True,False,False,False,0.2435129740518962,0.3522014095673767,0.2075759544762928,-1,True,False,False
2025-04-16,517.07,0.2934131736526946,0.6155404265838206,0.3037023674939869,-1,True,False,False,False,0.2055888223552894,0.3464518963433733,0.20713436956051426,-1,True,False,False
2025-04-17,517.81,0.313373253493014,0.6125337880456037,0.30585145327154845,-1,True,False,False,False,0.2375249500998004,0.342180251392645,0.21388783190257785,-1,True,False,False
2025-04-21,505.48,0.25948103792415167,0.6090208253578281,0.2955469165276825,-1,True,False,False,True,0.15169660678642716,0.33471030454534234,0.20006755965454434,-1,True,False,False
2025-04-22,518.63,0.3013972055888224,0.605959893817838,0.29684698076349136,-1,True,False,False,False,0.23552894211576847,0.3308208393520257,0.2079478668681497,-1,True,False,False
2025-04-23,526.67,0.3093812375249501,0.6030088624119386,0.29963237115492664,-1,True,False,False,False,0.2714570858283433,0.32849284901776366,0.22206102663708163,-1,True,False,True
2025-04-24,537.76,0.34530938123752497,0.6004446884699047,0.3097828178399485,-1,True,False,False,False,0.3413173652694611,0.32899577122371254,0.24856243522205484,-1,True,False,False
2025-04-25,541.64,0.35728542914171657,0.5980251933522114,0.3203389536847858,-1,True,False,False,False,0.34331337325349304,0.32955724581311574,0.2696181992290411,-1,True,False,False
2025-04-28,541.85,0.3592814371257485,0.595649633588764,0.32899283889388864,-1,True,False,False,False,0.3652694610778443,0.33095772484310515,0.2908740351954418,1,False,False,False
2025-04-29,545.26,0.37524950099800397,0.5934565974435823,0.33927209713924755,-1,True,False,False,False,0.41916167664670656,0.3344167033452072,0.31938239996238954,1,False,False,False
2025-04-30,545.48,0.37524950099800397,0.5912853825535765,0.34726707577452676,-1,True,False,False,False,0.43912175648702595,0.3385227838605726,0.34599114585675317,1,False,False,False
2025-05-01,549.34,0.38922155688622756,0.5892747972235531,0.35659029379934915,-1,True,False,False,False,0.43313373253493015,0.34223301714191995,0.3653561651185703,1,False,False,False
2025-05-02,557.5,0.44510978043912175,0.5878403194446036,0.3762612908304097,-1,True,False,False,False,0.5888223552894212,0.35190318726535136,0.4150153184898705,1,False,False,False
2025-05-05,554.3,0.43912175648702595,0.5863605327485083,0.39023028319854663,-1,True,False,False,False,0.5728542914171657,0.36056793644777546,0.4500906458070472,1,False,False,False
2025-05-06,549.67,0.4111776447105788,0.5846174194346981,0.3948852524234427,-1,True,False,False,False,0.5389221556886228,0.3675622195552597,0.46983098133628626,1,False,False,False
2025-05-07,551.98,0.44510978043912175,0.5832292837232994,0.4060462586491491,-1,True,False,False,False,0.5768463073852296,0.3757694386858467,0.4936121649027181,1,False,False,False
2025-05-08,555.83,0.4550898203592814,0.5819542641873391,0.4169448279180674,-1,True,False,False,False,0.6287425149700598,0.3856899514813061,0.5236411315843496,1,False,False,False
2025-05-09,555.12,0.45109780439121755,0.5806522098610096,0.4245343782454341,-1,True,False,False,False,0.6447105788423154,0.39584762314252214,0.5505454531972309,1,False,False,False
2025-05-12,573.46,0.5449101796407185,0.5802965677692654,0.4512845563332751,-1,True,False,False,False,0.7405189620758483,0.4093641462379467,0.5927617885035903,1,False,False,False
2025-05-13,577.25,0.5469061876247505,0.5799643251807628,0.47253380773138076,-1,True,False,False,False,0.720558882235529,0.42156786137510677,0.6211611426662433,1,False,False,False
2025-05-14,577.99,0.5389221556886228,0.5795559453848211,0.4872867739441012,-1,True,False,False,False,0.6766467065868264,0.4315709533441938,0.6334912679819285,1,False,False,False
2025-05-15,580.81,0.5768463073852296,0.5795289838126859,0.5071888924865742,-1,True,False,False,False,0.7644710578842315,0.4446258594045875,0.662597887960218,1,False,False,False
2025-05-16,584.49,0.6047904191616766,0.5797803413783476,0.5288781206365969,-1,True,False,False,False,0.8183632734530938,0.4592822285829603,0.697212418069746,1,False,False,False
2025-05-19,585.13,0.592814371257485,0.579910033217941,0.5430861763301276,-1,True,False,False,False,0.8143712574850299,0.47320728853990424,0.7232477157175868,1,False,False,False
2025-05-20,583.16,0.5788423153692615,0.5798994091597452,0.5510319850054907,-1,True,False,False,False,0.8143712574850299,0.4865862677142229,0.7434973916659076,1,False,False,False
2025-05-21,573.34,0.5169660678642715,0.5792732067587952,0.5434617811963309,-1,True,False,False,False,0.6926147704590818,0.4946658168414723,0.7321901425088352,1,False,False,False
2025-05-22,573.56,0.5149700598802395,0.578633374451546,0.5371302875705328,-1,True,False,False,False,0.656686626746507,0.5010195740926502,0.71541158345054,1,False,False,False
2025-05-23,569.65,0.48502994011976047,0.5777019969955083,0.5255524325814723,-1,True,False,False,False,0.6506986027944112,0.5068893399240918,0.7010309210825114,1,False,False,False
2025-05-27,581.49,0.5469061876247505,0.5773955710316202,0.5302977114799786,-1,True,False,False,False,0.7604790419161677,0.5168340341198595,0.7142416146011017,1,False,False,False
2025-05-28,578.13,0.5169660678642715,0.5767942824428903,0.5273351240098214,-1,True,False,False,False,0.688622754491018,0.5235708466834343,0.7085485345766387,1,False,False,False
2025-05-29,580.41,0.5229540918163673,0.5762585591530742,0.526361561300165,-1,True,False,False,False,0.7085828343313373,0.530826218748058,0.7085561567443496,1,False,False,False
2025-05-30,579.76,0.5349301397205589,0.5758473310990194,0.5282656898380302,-1,True,False,False,False,0.7365269461077845,0.5388929139386356,0.7147718877140018,1,False,False,False
2025-06-02,583.03,0.5249500998003992,0.5753408909865954,0.52752889205189,-1,True,False,False,False,0.7225548902195609,0.5460953443810248,0.7165014438263482,1,False,False,False
2025-06-03,586.35,0.5349301397205589,0.5749387939590727,0.5291736137560387,-1,True,False,False,False,0.7485029940119761,0.5540328992685131,0.7236128994231543,1,False,False,False
2025-06-04,586.19,0.530938123752495,0.5745009763450768,0.5295657270885845,-1,True,False,False,False,0.7425149700598802,0.5614243530250372,0.727813359564649,1,False,False,False
2025-06-05,583.36,0.5109780439121756,0.573868907365645,0.5254351308271603,-1,True,False,False,False,0.7145708582834331,0.567430098329288,0.7248705815021566,1,False,False,False
2025-06-06,589.35,0.5449101796407185,0.5735807608211183,0.5297629194523954,-1,True,False,False,False,0.7624750499001997,0.5750789199595199,0.733227130035055,1,False,False,False
2025-06-09,589.88,0.5449101796407185,0.573295481406388,0.5331289772720227,-1,True,False,False,False,0.7684630738522954,0.5826626122690405,0.7410573397722195,1,False,False,False
2025-06-10,593.23,0.5668662674650699,0.573231509128365,0.5406261528704777,-1,True,False,False,False,0.8003992015968064,0.5912013020465999,0.7542444201776832,1,False,False,False
2025-06-11,591.53,0.5528942115768463,0.5730291479586981,0.5433523881385596,-1,True,False,False,False,0.7904191616766467,0.5990137671301312,0.7622832516218974,1,False,False,False
2025-06-12,593.88,0.5588822355289421,0.5728883826608895,0.5468034653364223,-1,True,False,False,False,0.8163672654690619,0.6075374337316579,0.7743019213657117,1,False,False,False
2025-06-13,587.25,0.5209580838323353,0.5723716632695607,0.5410600472244029,-1,True,False,False,False,0.7524950099800399,0.6132220445649278,0.7694559410577847,1,False,False,False
2025-06-16,592.83,0.5568862275449101,0.572217579332002,0.5445769761845156,-1,True,False,False,False,0.7724550898203593,0.6194664777121996,0.7701224185605791,1,False,False,False
2025-06-17,587.77,0.5189620758483033,0.5716876738247016,0.5388847761098018,-1,True,False,False,False,0.7085828343313373,0.6229612367953031,0.7564469553985254,1,False,False,False
2025-06-18,587.68,0.5109780439121756,0.571083597905174,0.5326832800658848,-1,True,False,False,False,0.6806387225548902,0.6252230989819536,0.7396006814332732,1,False,False,False
2025-06-20,586.3,0.5189620758483033,0.5705649757951555,0.5296341235730889,-1,True,False,False,False,0.6866267465069861,0.6276310851594059,0.7278286958940983,1,False,False,False
2025-06-23,592.1,0.5508982035928144,0.5703692865195104,0.5343594746885835,-1,True,False,False,False,0.7465069860279441,0.6322928851934663,0.7319794270349529,1,False,False,False
2025-06-24,598.64,0.5728542914171657,0.5703940129364025,0.5429138784060462,-1,True,False,False,False,0.7784431137724551,0.6380242667063678,0.7423046907543979,1,False,False,False
2025-06-25,598.97,0.5329341317365269,0.5700212778000854,0.5406961569239308,-1,True,False,True,False,0.7025948103792415,0.6405564448896177,0.733480272893252,1,False,False,False
2025-06-26,603.66,0.5768463073852296,0.5700891885422261,0.5487295236931083,-1,True,False,False,False,0.7305389221556886,0.6440851694882872,0.7328266393960157,1,False,False,False
2025-06-27,606.66,0.5868263473053892,0.5702557274353919,0.5571954844958374,-1,True,False,False,False,0.7445109780439122,0.6480234364904686,0.7354231590955482,1,False,False,False
2025-06-30,609.56,0.6007984031936128,0.5705596346568667,0.566885021984232,-1,True,False,False,False,0.7664670658682635,0.6526682847013625,0.7423218050450404,1,False,False,False
2025-07-01,609.36,0.6447105788423154,0.5712974549970204,0.5841795901749172,-1,False,False,False,False,0.8323353293413174,0.6597140511578314,0.7623248104442131,1,False,False,False
2025-07-02,612.12,0.6586826347305389,0.5721669592729759,0.6007358222983887,-1,False,False,False,False,0.7884231536926147,0.6647614669435092,0.7681244422771912,1,False,False,False
2025-07-03,616.95,0.6726546906187625,0.5731668371968146,0.6167177930362495,-1,False,False,False,False,0.812375249500998,0.6705502427300775,0.7779579549935928,1,False,False,False
2025-07-07,612.35,0.6387225548902196,0.5738191328952564,0.6216077401149095,-1,False,False,False,False,0.7644710578842315,0.674233411951809,0.774960866747068,1,False,False,False
2025-07-08,612.02,0.6506986027944112,0.5745841027449993,0.6280723762659098,-1,False,False,False,False,0.7564870259481038,0.6774590438732323,0.7708555687917426,1,False,False,False
2025-07-09,615.69,0.6606786427145709,0.5754407648342488,0.6353182132545012,-1,False,False,False,False,0.7564870259481038,0.680558180425188,0.767662559270934,1,False,False,False
2025-07-10,617.42,0.6746506986027944,0.5764279283543339,0.6440587655541219,-1,False,False,False,False,0.7664670658682635,0.6839271563249165,0.7673968940703406,1,False,False,False
2025-07-11,615.25,0.6606786427145709,0.5772662439201074,0.6477520715897772,-1,False,False,False,False,0.7145708582834331,0.6851288701272112,0.7556577750065834,1,False,False,False
2025-07-14,616.43,0.6467065868263473,0.5779571926057416,0.6475197416423484,-1,False,False,False,False,0.7405189620758483,0.6873010305957853,0.7522935943553088,1,False,False,False
2025-07-15,613.79,0.6027944111776448,0.5782043291089447,0.6375807793168587,-1,False,False,False,False,0.6387225548902196,0.685395992332822,0.727055585585289,-1,False,False,False
2025-07-16,615.84,0.624750499001996,0.5786674750780297,0.6347296059135559,-1,False,False,False,False,0.6666666666666666,0.684661508973365,0.7136358258255951,-1,False,False,False
2025-07-17,619.61,0.6387225548902196,0.5792650380612356,0.63561692790837,-1,False,False,False,False,0.6986027944111777,0.6852082260493577,0.7102951521779468,-1,False,False,False
2025-07-18,619.16,0.6407185628742516,0.5798765159200716,0.6367506245674548,-1,False,False,False,False,0.7065868263473054,0.6860466025316302,0.7094710797711377,-1,False,False,False
2025-07-21,620.33,0.6347305389221557,0.5804223270942217,0.6363017166462772,-1,False,False,False,False,0.6646706586826348,0.6852083302238264,0.6995154306403593,-1,False,False,False
2025-07-22,620.42,0.6966067864271457,0.581578391366191,0.649702843264248,1,False,False,False,False,0.7564870259481038,0.688003573193406,0.7121757851531914,1,False,False,False
2025-07-23,625.7,0.7085828343313373,0.5828421171668393,0.6627872857236012,1,False,False,False,False,0.780439121756487,0.6916284966664681,0.7273454155094793,1,False,False,False
2025-07-24,625.91,0.6946107784431138,0.5839542431496878,0.669859172994604,1,False,False,False,False,0.7445109780439122,0.6937023194655836,0.7311599849615755,1,False,False,False
2025-07-25,628.55,0.7045908183632734,0.5851546070821613,0.6775773164098639,1,False,False,False,False,0.7624750499001997,0.6963992892865489,0.7381188882812698,1,False,False,False
2025-07-28,628.39,0.6766467065868264,0.5860649762314615,0.6773705142269666,1,False,False,False,False,0.7045908183632734,0.6967205257209302,0.7306682060772706,1,False,True,False
2025-07-29,626.73,0.6766467065868264,0.5869662869812662,0.6772096680847132,1,False,False,False,False,0.6966067864271457,0.6967160653564681,0.7230990017105761,1,False,False,False
2025-07-30,625.95,0.6447105788423154,0.5875408570495354,0.6699876482530691,1,False,False,False,False,0.6387225548902196,0.6944418100440662,0.7043486801949413,-1,False,False,False
2025-07-31,623.6,0.6147704590818364,0.5878117983632897,0.6577171617705729,1,False,False,False,False,0.5988023952095808,0.6906912447564393,0.6808939501981945,-1,True,False,False
2025-08-01,613.38,0.5868263473053892,0.5878019928801265,0.6419636474449766,1,False,False,False,False,0.5209580838323353,0.6840350423672588,0.645352646561337,-1,True,False,False
2025-08-04,622.7,0.6227544910179641,0.5881497789312492,0.6376949460167516,1,False,False,False,False,0.5728542914171657,0.6796750129182355,0.6292419009737433,-1,True,False,False
2025-08-05,619.54,0.6047904191616766,0.5883153574410047,0.630382828937846,1,False,False,False,False,0.5688622754491018,0.6753294153704263,0.615824206412712,-1,True,False,False
2025-08-06,624.29,0.6007984031936128,0.5884395668514784,0.6238085121057941,1,False,False,False,False,0.5389221556886228,0.6699801110691791,0.5987348618073588,-1,True,False,False
2025-08-07,623.77,0.6007984031936128,0.58856254034742,0.6186951545697539,1,False,False,False,False,0.564870259481038,0.6658581561049383,0.591209394623732,-1,True,False,False
2025-08-08,628.63,0.6167664670658682,0.5888431764341707,0.6182665573466681,1,False,False,False,False,0.5888223552894212,0.6628371443082512,0.5906789414383297,-1,True,False,False
2025-08-11,627.39,0.6087824351297405,0.5890415770182063,0.6161589746317954,1,False,False,False,False,0.564870259481038,0.6589953056875762,0.5849436787811537,-1,True,False,False
2025-08-12,634.07,0.6367265469061876,0.5895160543305245,0.620729546248327,1,False,False,False,False,0.626746506986028,0.6577306469149665,0.5942331961600147,-1,True,False,False
2025-08-13,636.24,0.6866267465069861,0.590482329874569,0.635373368528029,1,False,False,False,False,0.6766467065868264,0.6584724531766081,0.612547309588195,-1,True,False,False
2025-08-14,636.29,0.656686626746507,0.5911410790971754,0.6401096481321351,1,False,False,False,False,0.6407185628742516,0.6577762221843588,0.6188075880962076,-1,True,False,False
2025-08-15,634.81,0.6526946107784432,0.5917535520492279,0.6429063064979814,1,False,False,False,False,0.6107784431137725,0.655933172024728,0.6170233336556665,-1,True,False,False
2025-08-18,634.67,0.6427145708582834,0.5922606268632484,0.6428636985780485,1,False,False,False,False,0.6107784431137725,0.6541623983419455,0.6156355802019123,-1,True,False,False
2025-08-19,631.22,0.6786427145708582,0.5931201501240206,0.6508145910208951,1,False,False,False,False,0.656686626746507,0.654261387691144,0.6247580349896,-1,True,False,False
2025-08-20,629.55,0.6766467065868264,0.5939512601385759,0.6565550611466576,1,False,False,False,False,0.6526946107784432,0.6541999454592733,0.6309661629426763,-1,True,False,False
2025-08-21,627.02,0.6686626746506986,0.5946946572979005,0.6592456419253334,1,False,False,False,False,0.626746506986028,0.65312334002895,0.6300284616189766,-1,True,False,False
2025-08-22,636.65,0.7305389221556886,0.5960463415253412,0.6750885930876346,1,False,False,False,False,0.7305389221556886,0.6561592452103908,0.6523641195160237,1,False,False,False
2025-08-25,633.85,0.6946107784431138,0.5970270821911897,0.6794268564999633,1,False,False,False,False,0.6666666666666666,0.6565713009537743,0.6555424633272777,1,False,False,False
2025-08-26,636.5,0.6986027944111777,0.5980377857953688,0.6836881760357887,1,False,False,False,False,0.6626746506986028,0.656810648002591,0.6571273938542388,1,False,False,False
2025-08-27,637.95,0.7045908183632734,0.599098014975149,0.6883332076641187,1,False,False,False,False,0.6766467065868264,0.6575885326529533,0.6614650189059249,1,False,False,False
2025-08-28,640.21,0.6966067864271457,0.6000682515070097,0.690171780722569,1,False,False,False,False,0.6666666666666666,0.657944537908393,0.6626209406305342,1,False,False,False
2025-08-29,636.39,0.6986027944111777,0.6010486947199866,0.6920453393200376,1,False,False,False,False,0.656686626746507,0.6578952080589073,0.6613022042118615,1,False,False,False
2025-09-02,631.68,0.6846307385229541,0.6018803568473794,0.6903976502540191,1,False,False,False,False,0.5968063872255489,0.6554995680262267,0.6469698004371254,-1,True,False,False
2025-09-03,635.1,0.6806387225548902,0.6026640221778023,0.6882289996542126,1,False,False,False,False,0.5868263473053892,0.6528065005469782,0.633604588630073,-1,True,False,False
2025-09-04,640.41,0.6966067864271457,0.6035987760509302,0.6900907300481977,1,False,False,False,False,0.6087824351297405,0.6510800666090473,0.628088554518888,-1,True,False,False
2025-09-05,638.55,0.6926147704590818,0.6044845073385735,0.6906516279172831,1,False,False,False,False,0.6047904191616766,0.6492647863169936,0.6229111911061744,-1,True,False,False
2025-09-08,640.12,0.6746506986027944,0.605182678395929,0.6870958658473967,1,False,False,False,False,0.6127744510978044,0.6478337927789861,0.6206585822154255,-1,True,False,False
2025-09-09,641.6,0.6646706586826348,0.6057745985977868,0.6821124864774496,1,False,False,False,False,0.5968063872255489,0.6458327180514004,0.6153580944398973,-1,True,False,False
2025-09-10,643.46,0.6586826347305389,0.6063010467185108,0.6769058527559139,1,False,False,False,False,0.5768463073852296,0.6431273686135114,0.60679991953886,-1,True,False,False
2025-09-11,648.8,0.7045908183632734,0.6072790543965682,0.683058067335327,1,False,False,False,False,0.6586826347305389,0.6437373790494733,0.6183294118036775,-1,True,False,False
2025-09-12,648.59,0.6846307385229541,0.6080487228953383,0.6834075498214663,1,False,False,False,False,0.6227544910179641,0.6429145206952964,0.6193127627401857,-1,True,False,False
2025-09-15,652.04,0.6606786427145709,0.6085724036895596,0.6783566815754896,1,False,False,False,False,0.5848303393213573,0.6406367096610244,0.6116500019804461,-1,True,False,False
2025-09-16,651.14,0.656686626746507,0.6090511521776885,0.6735411138357157,1,False,False,False,False,0.5449101796407185,0.6368827280916006,0.5968189303493955,-1,True,False,False
2025-09-17,650.33,0.654690618762475,0.6095052762233082,0.669352114930551,1,False,False,False,False,0.5708582834331337,0.6342935341834255,0.5910498977013373,-1,True,False,False
2025-09-18,653.37,0.6586826347305389,0.609994603173629,0.6669811193305484,1,False,False,False,False,0.5968063872255489,0.632823449988999,0.5923291175956065,-1,True,False,False
2025-09-19,656.61,0.6606786427145709,0.6104989219750314,0.6655805689714422,1,False,False,False,False,0.6027944111776448,0.6316458406238479,0.594654738391615,-1,True,False,False
2025-09-22,659.71,0.6646706586826348,0.6110379442308285,0.6653783666850406,1,False,False,False,False,0.5808383233532934,0.6296533889661791,0.5915844239386546,-1,True,False,False
2025-09-23,656.12,0.6626746506986028,0.6115517423051348,0.6647775409102765,1,False,False,False,False,0.6047904191616766,0.6286783705424731,0.5945190895437706,-1,True,False,False
2025-09-24,654.03,0.6626746506986028,0.6120604279607912,0.664310231974349,1,False,False,False,False,0.5668662674650699,0.626254366500222,0.588374017970726,-1,True,False,False
2025-09-25,651.02,0.6447105788423154,0.6123853050839905,0.6599547535005639,1,False,False,False,False,0.5249500998003992,0.6222816501590526,0.5742798139328755,-1,True,False,False
2025-09-26,654.75,0.6646706586826348,0.6129055573586039,0.661002732429913,1,False,False,False,False,0.5828343313373253,0.6207346964797692,0.576180817800531,-1,True,False,False
2025-09-29,656.59,0.6746506986027944,0.6135199368734715,0.6640356138016644,1,False,False,False,False,0.5828343313373253,0.6192484076506538,0.577659376364263,-1,True,False,False
2025-09-30,659.06,0.6846307385229541,0.6142275070391381,0.6686123081841733,1,False,False,False,False,0.6067864271457086,0.6187597025328129,0.5841320543156954,-1,True,False,False
2025-10-01,661.3,0.6926147704590818,0.6150074798094858,0.6739461886897086,1,False,False,False,False,0.5948103792415169,0.6178205133841347,0.5865050154103224,-1,True,False,False
2025-10-02,662.07,0.6866267465069861,0.6157201093288639,0.6767640904268813,1,False,False,False,False,0.592814371257485,0.6168398803595602,0.5879070944874696,-1,True,False,False
2025-10-03,662.06,0.6946107784431138,0.6165050911110952,0.6807300210971552,1,False,False,False,False,0.626746506986028,0.6172283755213824,0.5965380750427047,-1,True,False,False
2025-10-06,664.43,0.6826347305389222,0.6171630974735611,0.6811532898619923,1,False,False,False,False,0.6067864271457086,0.6168188873497874,0.59881548662115,-1,True,False,False
2025-10-07,661.97,0.6806387225548902,0.6177946957330769,0.6810389415715252,1,False,False,False,False,0.5808383233532934,0.615407884840121,0.5948205614505152,-1,True,False,False
2025-10-08,665.91,0.6766467065868264,0.6183802878808754,0.6800628893527032,1,False,False,False,False,0.5808383233532934,0.6140522157622061,0.5917133974289104,-1,True,False,False
2025-10-09,663.99,0.6606786427145709,0.6188011670334496,0.6757552789886737,1,False,False,False,False,0.5269461077844312,0.6106362899591562,0.5773206663968039,-1,True,False,False
2025-10-10,646.04,0.5868263473053892,0.6184830096232201,0.655993294170166,1,False,False,False,False,0.39520958083832336,0.6021881837191235,0.5368515362726971,-1,True,False,False
2025-10-13,655.95,0.6287425149700598,0.618585094253537,0.6499375654590314,1,False,False,False,False,0.4491017964071856,0.5961847959814005,0.5173515940803612,-1,True,False,False
2025-10-14,655.15,0.6626746506986028,0.6190237963077169,0.6527680288456028,1,False,False,False,False,0.5129740518962076,0.5929216295466871,0.516378806928327,-1,True,False,False
2025-10-15,658.06,0.6487025948103793,0.6193191077356041,0.6518645990599976,1,False,False,False,False,0.5129740518962076,0.5897864304231389,0.5156221946989672,-1,True,False,False
2025-10-16,653.58,0.6107784431137725,0.6192341259980734,0.6427343421830587,1,False,False,False,False,0.4231536926147705,0.5832518132541834,0.4950736386802568,-1,True,False,False
2025-10-17,657.29,0.6327345309381237,0.6193684583855366,0.6405121619064065,1,False,False,False,False,0.46706586826347307,0.5786955016859202,0.4888496896987493,-1,True,False,False
2025-10-20,664.12,0.6626746506986028,0.6197993657717362,0.6454371594157835,1,False,False,False,False,0.5429141716566867,0.5772923122730091,0.5008640190227354,-1,True,False,False
2025-10-21,664.11,0.6786427145708582,0.6203848717299365,0.6528161716724667,1,False,False,False,False,0.5588822355289421,0.5765703484791241,0.5137569560241146,-1,True,False,False
2025-10-22,660.66,0.6786427145708582,0.6209645517582044,0.6585554034276648,1,False,False,False,False,0.5209580838323353,0.5743894753557207,0.5153572066481636,-1,True,False,False
2025-10-23,664.58,0.6866267465069861,0.6216179069298341,0.664793479667514,1,False,False,False,False,0.5429141716566867,0.5731551497204646,0.5214809766500577,-1,True,False,False
2025-10-24,670.01,0.6686626746506986,0.6220860140713352,0.6656533007748884,1,False,False,False,False,0.5449101796407185,0.5720475038349844,0.5266874662035379,-1,True,False,False
2025-10-27,677.91,0.6686626746506986,0.6225494634303339,0.6663220505250684,1,False,False,False,False,0.5848303393213573,0.5725487915011167,0.5396081046741644,-1,True,False,False
2025-10-28,679.72,0.6407185628742516,0.6227302504894774,0.6606323866026647,1,False,False,False,False,0.49500998003992014,0.5695080537967561,0.529697410310999,-1,True,False,False
2025-10-29,680.04,0.5808383233532934,0.622313415393595,0.6429003725472489,1,False,False,False,False,0.437125748502994,0.5643165908440595,0.5091259299092201,-1,True,False,False
2025-10-30,672.56,0.5808383233532934,0.6219007279106069,0.6291088060597032,1,False,False,False,False,0.43313373253493015,0.5591721650280153,0.4922387749371557,-1,True,False,False
2025-10-31,674.77,0.5828343313373253,0.6215120075466937,0.6188255894547303,1,False,False,False,False,0.4291417165668663,0.554072931755029,0.4782172064104247,-1,True,False,False
2025-11-03,676.04,0.5748502994011976,0.6210477119432559,0.6090533027761675,1,False,False,False,False,0.4091816367265469,0.5483909201852847,0.46287596870289627,-1,True,False,False
2025-11-04,668.02,0.5808383233532934,0.6206476185244504,0.6027833073488622,1,False,False,False,False,0.4091816367265469,0.5429317325986676,0.4509438949303742,-1,True,False,False
2025-11-05,670.34,0.5728542914171657,0.6201720630308455,0.5961324149195963,1,False,False,False,False,0.42115768463073855,0.5381562797371802,0.4443247370860107,-1,True,False,False
2025-11-06,663.14,0.5508982035928144,0.6194827708971338,0.5860803679580893,1,False,False,False,False,0.4031936127744511,0.5328636261307987,0.4351844872389975,-1,True,False,False
2025-11-07,663.8,0.5828343313373253,0.6191181098069864,0.5853590264868084,1,False,False,False,False,0.45708582834331335,0.5298919477861914,0.4400514519288455,-1,True,False,False
2025-11-10,674.16,0.5868263473053892,0.6187967987373187,0.5856850977798264,1,False,False,False,False,0.4810379241516966,0.5279761037220936,0.44915955686725684,-1,True,False,False
2025-11-11,675.7,0.6127744510978044,0.6187368748802091,0.5917049540727104,1,False,False,False,False,0.5129740518962076,0.5273877879642157,0.4633405557625792,-1,True,False,False
2025-11-12,676.07,0.6127744510978044,0.6186775472803842,0.5963870645227313,1,False,False,False,False,0.5369261477045908,0.5277618412873677,0.4796929095274707,-1,True,False,False
2025-11-13,664.86,0.6027944111776448,0.6185195061251331,0.5978109193349342,1,False,False,False,False,0.4590818363273453,0.5250685077595236,0.4751126710385539,-1,True,False,False
2025-11-14,664.75,0.6027944111776448,0.6183630375186905,0.5989183619666477,1,False,False,False,False,0.44510978043912175,0.5219328713940177,0.4684453620164579,-1,True,False,False
2025-11-17,658.55,0.5608782435129741,0.6177910495186337,0.5904650023102758,1,False,False,False,False,0.38323353293413176,0.5164936816504928,0.4495093999981632,-1,True,False,False
2025-11-18,653.02,0.5688622754491018,0.6173041960453051,0.585664396341126,1,False,False,False,False,0.3872255489021956,0.5114243431113439,0.43566854419905926,-1,True,False,False
2025-11-19,655.55,0.5568862275449101,0.6167030222293808,0.5792692477197446,1,False,False,False,False,0.36726546906187624,0.5057710539329334,0.42046786083524085,-1,True,False,False
2025-11-20,645.55,0.5269461077844312,0.6158099186030629,0.567641883289675,1,False,False,False,False,0.32335329341317365,0.4986174162654919,0.3988868458525593,-1,True,False,False
2025-11-21,651.98,0.5768463073852296,0.6154222209790049,0.569687310866465,1,False,False,False,False,0.41317365269461076,0.4952666804391828,0.4020616918174596,-1,True,False,False
2025-11-24,661.58,0.5768463073852296,0.6150383810427484,0.5712781989817459,1,False,False,False,False,0.4311377245508982,0.492751819423956,0.4085230324248904,-1,True,False,True
2025-11-25,667.8,0.6187624750499002,0.6150754367045111,0.5818302603302247,1,False,False,False,False,0.5329341317365269,0.4943275963773902,0.43616994338303183,1,False,False,False
2025-11-26,672.41,0.6227544910179641,0.6151518452051425,0.590924533816389,1,False,False,False,False,0.5768463073852296,0.4975636242600506,0.4674313576057424,1,False,False,False
2025-11-28,676.08,0.6347305389221557,0.6153466580779486,0.6006592016176705,1,False,False,False,False,0.6147704590818364,0.50215997072365,0.5001733801559856,1,False,False,False
2025-12-01,673.0,0.6207584830339321,0.6154005070824858,0.605125708599062,1,False,False,False,False,0.5429141716566867,0.5037581746818083,0.509671333822808,1,False,False,False
2025-12-02,674.24,0.6067864271457086,0.615314794844309,0.6054947571649835,1,False,False,False,False,0.530938123752495,0.5048240550375215,0.5143972871405162,1,False,False,False
2025-12-03,676.58,0.6327345309381237,0.6154881255517102,0.6115480402256812,1,False,False,False,False,0.5548902195608783,0.5067874340384374,0.5233957165672634,1,False,False,False
2025-12-04,677.07,0.626746506986028,0.615600149247574,0.614925477283536,1,False,False,False,False,0.5768463073852296,0.5095348408363508,0.5352736256379225,1,False,False,False
2025-12-05,678.36,0.6447105788423154,0.6158898052634422,0.6215443887410426,1,False,False,False,False,0.5688622754491018,0.5118614068995959,0.5427377700404068,1,False,False,False
2025-12-08,676.32,0.6167664670658682,0.6158985282664514,0.6204826283687817,1,False,False,False,False,0.5129740518962076,0.511905040036718,0.536123610452807,1,False,False,False
2025-12-09,675.74,0.6027944111776448,0.6157681390416873,0.6165519134374179,1,False,False,False,False,0.4930139720558882,0.5111642138413913,0.5265436908090473,1,False,False,False
2025-12-10,680.22,0.6187624750499002,0.6157979334298287,0.6170431493513029,1,False,False,False,False,0.5588822355289421,0.5130355088095305,0.533730034080135,1,False,False,False
2025-12-11,681.8,0.6526946107784432,0.6161650645477253,0.6249656963351118,1,False,False,False,False,0.6167664670658682,0.5171033895254653,0.5521825747436313,1,False,False,False
2025-12-12,674.47,0.6506986027944112,0.6165086818437123,0.6306841199927339,1,False,False,False,False,0.5988023952095808,0.520307272101313,0.5625425348471756,1,False,False,False
2025-12-15,673.45,0.6526946107784432,0.6168687408380877,0.635575340167336,1,False,False,False,False,0.6147704590818364,0.5240117108064316,0.5741487402326558,1,False,False,False
2025-12-16,671.61,0.6367265469061876,0.6170663309482181,0.6358311638870808,1,False,False,False,False,0.5768463073852296,0.5260836557703061,0.5747481995998944,1,False,False,False
2025-12-17,664.22,0.6367265469061876,0.6172619549876008,0.6360301378913268,1,False,False,False,False,0.5968063872255489,0.5288570962195314,0.5796500190722621,1,False,False,False
2025-12-18,669.24,0.6427145708582834,0.6175152148470107,0.6375155674395394,1,False,False,False,False,0.5848303393213573,0.5310521253607795,0.5808012013498388,1,False,False,False
2025-12-19,675.31,0.626746506986028,0.6176070685001352,0.6351224428943146,1,False,False,False,False,0.5788423153692615,0.5329262504591513,0.5803658933541549,1,False,False,False
2025-12-22,679.52,0.6467065868263473,0.6178966159461673,0.637696697101433,1,False,False,False,False,0.6207584830339321,0.5363706517365937,0.5893420243941054,1,False,False,False
2025-12-23,682.62,0.6367265469061876,0.6180839784432819,0.6374811081691563,1,False,False,False,False,0.624750499001996,0.5398365280999429,0.59721057430697,1,False,False,False
2025-12-24,685.02,0.6487025948103793,0.6183886412927058,0.6399747718672057,1,False,False,False,False,0.6307385229540918,0.5434013122118703,0.604661229561886,1,False,False,False
2025-12-26,684.95,0.6487025948103793,0.6186902726709911,0.6419142880767998,1,False,False,False,False,0.6347305389221557,0.5469828505142345,0.6113432983086126,1,False,False,False
2025-12-29,682.51,0.6526946107784432,0.6190286242939508,0.6443099153438316,1,False,False,False,False,0.6526946107784432,0.5511284097402819,0.6205324788574638,1,False,False,False
2025-12-30,681.68,0.6526946107784432,0.619363609234095,0.6461731809959674,1,False,False,False,False,0.626746506986028,0.5540938253185465,0.6219133739971447,1,False,False,False
2025-12-31,676.63,0.6187624750499002,0.6193576277994264,0.6400819130079525,1,False,False,False,False,0.5728542914171657,0.5548295298714335,0.6110113556460384,1,False,False,False
2026-01-02,677.87,0.624750499001996,0.6194112882094022,0.63667493211774,1,False,False,False,False,0.6047904191616766,0.5567887804318352,0.6096289253161802,1,False,False,False
2026-01-05,682.38,0.6407185628742516,0.6196233008926345,0.637573516730298,1,False,False,False,False,0.6307385229540918,0.5596887703346688,0.6143199470134939,1,False,False,False
2026-01-06,686.44,0.6646706586826348,0.6200715333084554,0.6435951038308173,1,False,False,False,False,0.6786427145708582,0.5643536308929508,0.6286138953595749,1,False,False,False
2026-01-07,684.23,0.6367265469061876,0.620237254836791,0.6420687578475663,1,False,False,False,False,0.6347305389221557,0.5671135096391942,0.6299731494845928,1,False,False,False
2026-01-08,684.16,0.6706586826347305,0.6207389605860244,0.6484220744669361,1,False,False,False,False,0.7105788423153693,0.5727396011166913,0.6478855256692098,1,False,False,False
2026-01-09,688.68,0.6926147704590818,0.621454142773816,0.6582426735763018,1,False,False,False,False,0.7225548902195609,0.5786147104932744,0.66447871779151,1,False,False,False
2026-01-12,689.77,0.6866267465069861,0.6221026263930516,0.6645502453386761,1,False,False,False,False,0.716566866267465,0.5840245989550074,0.6760538618972778,1,False,False,False
2026-01-13,688.39,0.6806387225548902,0.6226850751110798,0.6681254624978348,1,False,False,False,False,0.6866267465069861,0.5880482125844968,0.6784033918105462,1,False,False,False
2026-01-14,685.0,0.7025948103792415,0.6234801968550417,0.6757853175825919,1,False,False,False,False,0.7305389221556886,0.593636083548073,0.6899890652205778,1,False,False,False
2026-01-15,686.87,0.718562874251497,0.6244262931475438,0.685291441286793,1,False,False,False,False,0.7385229540918163,0.599317921608612,0.7007743738586308,1,False,False,False
2026-01-16,686.29,0.7065868263473054,0.625243810890825,0.6900237490780179,1,False,False,False,False,0.7305389221556886,0.6044638431986935,0.7073887179246436,1,False,False,False
2026-01-20,672.32,0.6666666666666666,0.6256559786099877,0.6848332863199399,1,False,False,False,False,0.6427145708582834,0.6059638717343637,0.6930166852432302,1,False,False,False
2026-01-21,680.08,0.7045908183632734,0.6264413999010652,0.6892238489962362,1,False,False,False,False,0.7005988023952096,0.6096750454857696,0.6947016001658923,1,False,False,False
2026-01-22,683.63,0.7025948103792415,0.6271991452789575,0.6921951737480152,1,False,False,False,False,0.6966067864271457,0.6130841333658236,0.6951249748906153,1,False,False,False
2026-01-23,683.88,0.7005988023952096,0.6279294901258854,0.694062646780725,1,False,False,False,False,0.6766467065868264,0.615576783296059,0.6910186930453288,1,False,False,False
2026-01-26,687.35,0.7045908183632734,0.6286922894118295,0.6964022404657357,1,False,False,False,False,0.7025948103792415,0.6189892549463799,0.6935911635639761,1,False,False,False
2026-01-27,690.09,0.6926147704590818,0.6293283339993644,0.6955605804642571,1,False,False,False,False,0.6746506986027944,0.6211720566583961,0.6893821713503802,1,False,False,False
2026-01-28,690.02,0.688622754491018,0.6299183282331122,0.6940188413590929,1,False,False,False,False,0.626746506986028,0.6213906625535974,0.6754631348249687,1,False,False,False
2026-01-29,688.65,0.688622754491018,0.6305024518774696,0.6928197109439651,1,False,False,False,False,0.6447105788423154,0.6223051690747237,0.6686292334954902,1,False,False,False
2026-01-30,686.6,0.6866267465069861,0.6310609025703007,0.6914434966246364,1,False,False,False,False,0.6706586826347305,0.6242013852927631,0.6690802221930992,1,False,False,False
2026-02-02,690.01,0.6726546906187625,0.6314747711080964,0.687268206401109,1,False,False,False,False,0.6686626746506986,0.6259449652675843,0.6689874338503434,1,False,False,False
2026-02-03,684.18,0.654690618762475,0.6317057745673439,0.6800287424814124,1,False,False,False,False,0.6347305389221557,0.6262894975677635,0.6613747905329683,1,False,False,False
2026-02-04,680.87,0.6946107784431138,0.6323316950039187,0.6832691949173461,1,False,False,False,False,0.6786427145708582,0.6283425649012183,0.6652121069858328,1,False,False,False
2026-02-05,672.36,0.6766467065868264,0.6327726403928035,0.6817975308438973,1,False,False,False,False,0.6506986027944112,0.6292192722695787,0.6619868838321835,1,False,False,False
2026-02-06,685.26,0.6946107784431138,0.6333879452490254,0.6846449191992787,1,False,False,False,False,0.688622754491018,0.6315488205919881,0.6679059662008133,1,False,False,False
2026-02-09,688.56,0.6966067864271457,0.6340169884448276,0.6873031119165824,1,False,False,False,False,0.6826347305389222,0.633552189609515,0.6711790249426153,1,False,False,False
2026-02-10,686.75,0.7005988023952096,0.6346794940562742,0.6902577098007219,1,False,False,False,False,0.6866267465069861,0.6356335447819649,0.6746118519569199,1,False,False,False
2026-02-11,686.59,0.7005988023952096,0.6353354075720846,0.6925557303772747,1,False,False,False,False,0.6706586826347305,0.6370070795997204,0.6737333698853222,1,False,False,False
2026-02-12,675.98,0.6706586826347305,0.6356868829458424,0.6876897197678203,1,False,False,False,False,0.6187624750499002,0.6362916049114922,0.6615176154774507,1,False,False,False
2026-02-13,676.46,0.6826347305389222,0.6361540257079626,0.6865663888280652,1,False,False,False,False,0.6347305389221557,0.6362303866374006,0.6555649317984962,1,False,False,False
2026-02-17,677.55,0.6686626746506986,0.6364774948516715,0.6825877856775393,1,False,False,False,False,0.6506986027944112,0.6367977676631658,0.6544835253531439,1,False,False,False
2026-02-18,680.96,0.6906187624750499,0.6370162139325012,0.6843724471880972,1,False,False,False,False,0.6706586826347305,0.6381256466816585,0.658078004749052,1,False,False,False
2026-02-19,679.17,0.6786427145708582,0.6374304079687038,0.6830991732731552,1,False,False,False,False,0.6487025948103793,0.6385404289612162,0.6559945803182359,1,False,False,False
2026-02-20,684.08,0.6846307385229541,0.6379000629990944,0.6834395211064438,1,False,False,False,False,0.6646706586826348,0.6395651438522523,0.6579225977325468,1,False,True,False
2026-02-23,677.09,0.6666666666666666,0.6381862978614583,0.6797122201198267,1,False,False,False,False,0.6167664670658682,0.6386710780959235,0.6487767909177293,1,False,False,False
2026-02-24,682.02,0.6726546906187625,0.6385292669436206,0.6781438802307014,1,False,False,False,False,0.626746506986028,0.6382034478563198,0.6438811722662401,1,False,False,False
2026-02-25,687.77,0.6666666666666666,0.6388092410702181,0.6755933883275825,1,False,False,False,False,0.6347305389221557,0.6380672553490977,0.6418476981897768,1,False,False,False
2026-02-26,683.95,0.6826347305389222,0.6392453155922947,0.6771581310412136,1,False,False,False,False,0.6626746506986028,0.6390322512451567,0.6464759098584048,1,False,False,False
2026-02-27,680.67,0.6846307385229541,0.639696911840361,0.6788187104816004,1,False,False,False,False,0.6327345309381237,0.6387852818213515,0.6434222700983423,1,False,False,False
2026-03-02,681.05,0.6806387225548902,0.6401042930415006,0.6792231576089982,1,False,False,False,False,0.6227544910179641,0.6381566233584736,0.6388294303027027,1,False,False,False
2026-03-03,675.05,0.6427145708582834,0.6401302659551006,0.6711101383310616,1,False,True,False,False,0.5748502994011976,0.6356740224189725,0.6246118456579237,-1,True,False,False
2026-03-04,679.81,0.6387225548902196,0.6401162588798281,0.66391289756643,1,False,False,False,False,0.5888223552894212,0.6338367021393823,0.6166586255760342,-1,True,False,False
2026-03-05,676.02,0.6147704590818364,0.6398640618669129,0.6529923556809647,1,False,False,False,False,0.5229540918163673,0.6294883644796562,0.5958353958516638,-1,True,False,False
2026-03-06,667.16,0.5848303393213573,0.6393164626376039,0.6378452409343853,1,False,False,False,False,0.45109780439121755,0.6224926562408939,0.5636714866382313,-1,True,False,False
2026-03-09,673.01,0.5848303393213573,0.6387743121568452,0.6260641516870458,1,False,False,False,False,0.4491017964071856,0.6156930146787877,0.5382115554757767,-1,True,False,False
2026-03-10,671.93,0.5588822355289421,0.6379793661207467,0.611134836985245,1,False,False,False,False,0.41916167664670656,0.607985903383412,0.5117560268470944,-1,True,False,False
2026-03-11,671.08,0.5469061876247505,0.637073165339692,0.596861803794024,1,False,False,False,False,0.3972055888223553,0.5997200086947431,0.486300373952708,-1,True,False,False
2026-03-12,660.89,0.5149700598802395,0.6358582090664636,0.5786636384798497,-1,True,False,False,False,0.3273453093812375,0.5890386479373507,0.450977026270159,-1,True,False,False
2026-03-13,657.15,0.5089820359281437,0.6345957595825003,0.563178837912804,-1,True,False,False,False,0.32934131736526945,0.5788544388953084,0.4239468687357391,-1,True,False,False
2026-03-16,663.84,0.5249500998003992,0.6335047579926286,0.554683562776714,-1,True,False,False,False,0.3473053892215569,0.5697740840061417,0.40691542884369863,-1,True,False,False
2026-03-17,665.58,0.5229540918163673,0.6324047513640092,0.5476325692299703,-1,True,False,False,False,0.36127744510978044,0.5615977452258923,0.39677365468060566,-1,True,False,False
2026-03-18,656.3,0.499001996007984,0.6310773607634518,0.53682577518064,-1,True,False,False,False,0.3013972055888224,0.5513938024950269,0.37557888821576496,-1,True,False,False
2026-03-19,654.68,0.49500998003992014,0.6297234564776455,0.52753337626048,-1,True,False,False,False,0.2894211576846307,0.5411203654436388,0.3564327258755129,-1,True,False,False
2026-03-20,645.29,0.4630738522954092,0.6280652514609069,0.5132090376015754,-1,True,False,False,False,0.20758483033932135,0.5280405405375872,0.3233554157563592,-1,True,False,False
2026-03-23,652.07,0.49500998003992014,0.6267413184119419,0.5091648025878742,-1,True,False,False,False,0.249500998003992,0.5171174212225443,0.3069433229224998,-1,True,False,False
2026-03-24,649.88,0.49500998003992014,0.6254305588261507,0.5060192864661066,-1,True,False,False,False,0.2554890219560878,0.5068574839964088,0.2955090338188527,-1,True,False,False
2026-03-25,653.5,0.49700598802395207,0.6241527024002582,0.504016331256739,-1,True,False,False,False,0.27944111776447106,0.49793919512456813,0.2919383858067679,-1,True,False,False
2026-03-26,641.83,0.48502994011976047,0.6227683963079149,0.49979713322629926,-1,True,False,False,False,0.22954091816367264,0.4874137724986507,0.2780722818860801,-1,True,False,False
2026-03-27,630.89,0.4471057884231537,0.6210205096622954,0.4880879454922669,-1,True,False,False,False,0.20159680638722555,0.4762052640236929,0.26107773177522353,-1,True,False,False
2026-03-30,628.78,0.4550898203592814,0.6193694580274396,0.4807550287960479,-1,True,False,False,False,0.20159680638722555,0.4654363049006942,0.24785974835566843,-1,True,False,False
2026-03-31,647.06,0.49500998003992014,0.6181320502862703,0.48392279573913066,-1,True,False,False,False,0.24750499001996007,0.45688997882694,0.24778091316995546,-1,True,False,False
2026-04-01,651.93,0.499001996007984,0.6169466766118594,0.4872737291322092,-1,True,False,False,False,0.2774451097804391,0.44985292513884195,0.25437295686117406,-1,True,False,False
2026-04-02,652.52,0.500998003992016,0.6157929584763386,0.49032356798994403,-1,True,False,False,False,0.3073852295409182,0.4442659566840214,0.2661534619011172,-1,True,False,False
2026-04-06,655.6,0.499001996007984,0.6146308593473003,0.4922521075495085,-1,True,False,False,False,0.34331337325349304,0.44030703184360853,0.28330010886831186,-1,True,False,False
2026-04-07,655.89,0.5049900199600799,0.6135399057215569,0.49508275475185765,-1,True,False,False,False,0.3073852295409182,0.43509441214546385,0.2886523579066688,-1,True,False,True
2026-04-08,672.6,0.564870259481038,0.6130556306345866,0.51059108913612,-1,True,False,False,False,0.49700598802395207,0.43752231708187517,0.33495316459939845,1,False,False,False
2026-04-09,676.48,0.5768463073852296,0.6126953388609612,0.5253144709692554,-1,True,False,False,False,0.5089820359281437,0.44032465899741513,0.3736262471168974,1,False,False,False
2026-04-10,676.03,0.5489021956087824,0.612060581216661,0.5305561875558169,-1,True,False,False,False,0.4530938123752495,0.4408254101102714,0.39128570606319785,1,False,False,False
2026-04-13,682.64,0.5768463073852296,0.6117101904322687,0.5408428808512419,-1,True,False,False,False,0.5149700598802395,0.44373304343458386,0.4187711180225404,1,False,False,False
2026-04-14,690.95,0.5848303393213573,0.611442729227185,0.5506178716223786,-1,True,False,False,False,0.5489021956087824,0.44785732391200345,0.4476891352639275,1,False,False,False
2026-04-15,696.41,0.5708582834331337,0.6110389038959009,0.5551157409136576,-1,True,False,False,False,0.530938123752495,0.4511153944939835,0.46618891048360916,1,False,False,False
2026-04-16,698.12,0.5728542914171657,0.6106589575030776,0.5590576410255483,-1,True,False,False,False,0.5409181636726547,0.4546370717166765,0.4827954111922859,1,False,False,False
2026-04-17,706.55,0.6227544910179641,0.61077931107039,0.5732124965794185,-1,True,False,False,False,0.6207584830339321,0.46115163686637284,0.5134538716015407,1,False,False,False
2026-04-20,705.14,0.6147704590818364,0.6108190239859268,0.5824475993577336,-1,True,False,False,False,0.6327345309381237,0.46788037781036307,0.5399606847874481,1,False,False,False
2026-04-21,700.52,0.5868263473053892,0.6105802908846278,0.5834206544572126,-1,True,False,False,False,0.5888223552894212,0.47262320045660067,0.5508188337878865,1,False,False,False
2026-04-22,707.62,0.590818363273453,0.6103836547889944,0.5850645897497104,-1,True,False,False,False,0.5608782435129741,0.4760841825372428,0.5530542581712393,1,False,False,False
2026-04-23,704.87,0.592814371257485,0.6102088360473873,0.5867867634181048,-1,True,False,False,False,0.564870259481038,0.47956598947621515,0.5556800362400834,1,False,False,False
2026-04-24,710.33,0.5768463073852296,0.6098768705880624,0.584577773188577,-1,True,False,False,False,0.5389221556886228,0.4818936822688586,0.5519560627842033,1,False,False,False
2026-04-27,711.56,0.5788423153692615,0.6095680690435967,0.5833032270065068,-1,True,False,False,False,0.5289421157684631,0.48373871887668624,0.546841852336261,1,False,False,False
2026-04-28,708.1,0.5828343313373253,0.6093020617032359,0.583199027968911,-1,True,False,False,False,0.5349301397205589,0.4857462255764459,0.5441948050883272,1,False,False,False
2026-04-29,707.99,0.5688622754491018,0.6088996757703589,0.5800130829645089,-1,True,False,False,False,0.5049900199600799,0.4865008841797257,0.5354826306153834,1,False,False,False
2026-04-30,715.03,0.5888223552894212,0.6086999014372153,0.5819706990367116,-1,True,False,False,False,0.5688622754491018,0.48973074266087774,0.5429003294673208,1,False,False,False
2026-05-01,717.01,0.5868263473053892,0.608482254132421,0.5830497319853066,-1,True,False,False,False,0.5588822355289421,0.49244256591060576,0.5464518641476811,1,False,False,False
2026-05-04,714.38,0.5588822355289421,0.6079887216090032,0.5776791772172256,-1,True,False,False,False,0.5289421157684631,0.49387392080699233,0.5425608089522993,1,False,False,False
2026-05-05,720.11,0.5668662674650699,0.6075795429608049,0.5752763083834131,-1,True,False,False,False,0.5449101796407185,0.4958753427220404,0.5430828913275036,1,False,False,False
2026-05-06,730.12,0.5888223552894212,0.6073929042775076,0.5782865410291927,-1,True,False,False,False,0.5708582834331337,0.4988158502009068,0.5492552006843103,1,False,False,False
2026-05-07,727.89,0.5748502994011976,0.607069097263813,0.5775229317785271,-1,True,False,False,False,0.5469061876247505,0.5007017457861556,0.5487331977821859,1,False,False,False
2026-05-08,733.9,0.564870259481038,0.6066492083306511,0.5747112268235295,-1,True,False,False,False,0.5329341317365269,0.5019657609214643,0.5452222942164839,1,False,False,False
2026-05-11,735.57,0.5588822355289421,0.6061739150689425,0.57119367320251,-1,True,False,False,False,0.5149700598802395,0.5024757334296516,0.5384995754750963,1,False,False,False
2026-05-12,734.45,0.564870259481038,0.6057629334213017,0.569788470153294,-1,True,False,False,False,0.5229540918163673,0.5032788063075619,0.5350450235509343,1,False,False,False
2026-05-13,738.56,0.5548902195608783,0.6052567372634866,0.5664777477994238,-1,True,False,False,False,0.47305389221556887,0.5020935155588564,0.5212692165875198,-1,False,False,False
2026-05-14,744.39,0.5608782435129741,0.6048151602112428,0.5652334135135462,-1,True,False,False,False,0.48502994011976047,0.5014243557377154,0.5132160440391288,-1,False,False,False
2026-05-15,735.44,0.5329341317365269,0.6040999260970666,0.5580557953408752,-1,True,False,False,False,0.46107784431137727,0.4998421396033492,0.5016297774329618,-1,False,False,False
2026-05-18,734.92,0.5708582834331337,0.6037691634834952,0.5609007926947105,-1,True,False,False,False,0.5289421157684631,0.500983315139236,0.5076991859519621,1,False,False,False
2026-05-19,730.02,0.5489021956087824,0.6032232235046424,0.5582344377867265,-1,True,False,False,False,0.4870259481037924,0.5004359674123559,0.5031051330968133,1,False,False,False
2026-05-20,737.51,0.5748502994011976,0.6029409058518719,0.5619268514788311,-1,True,False,False,False,0.5449101796407185,0.5021800541664093,0.5123951434399033,1,False,False,False
2026-05-21,738.97,0.5828343313373253,0.6027408404338167,0.5665729581140521,-1,True,False,False,False,0.562874251497006,0.5045602187676091,0.5236127230081484,1,False,False,False
2026-05-22,741.87,0.5988023952095808,0.6027016519241228,0.5737350552463918,-1,True,False,False,False,0.590818363273453,0.5079428911011716,0.5385473097337716,1,False,False,False
2026-05-26,746.8,0.6027944111776448,0.6027025749017699,0.5801926898977813,-1,True,False,False,False,0.5768463073852296,0.5106449858574093,0.5470581981007623,1,False,False,False
2026-05-27,746.67,0.5948103792415169,0.6026240455917177,0.5834410653075003,-1,True,False,False,False,0.5708582834331337,0.5130062916446926,0.5523471059524003,1,False,False,False
2026-05-28,750.79,0.6067864271457086,0.6026654623235982,0.5886289234937688,-1,True,False,False,False,0.5788423153692615,0.5155880964966365,0.5582349302672583,1,False,False,False
2026-05-29,752.66,0.5988023952095808,0.6026270238448518,0.5908896949861715,-1,True,False,False,False,0.5568862275449101,0.5172076310475492,0.557935218551181,1,False,False,False
2026-06-01,754.71,0.5608782435129741,0.6022116130952809,0.5842204835476832,-1,True,False,False,False,0.5349301397205589,0.5179026313876672,0.5528229788110428,1,False,False,False
2026-06-02,755.73,0.5688622754491018,0.6018797788898463,0.5808075484146651,-1,True,False,False,False,0.5349301397205589,0.5185703768124865,0.5488467923464908,1,False,False,False
2026-06-03,750.43,0.564870259481038,0.6015115249653806,0.5772659286516368,-1,True,False,False,False,0.5129740518962076,0.5183509130902795,0.540875072246428,1,False,False,False
2026-06-04,753.27,0.5948103792415169,0.6014448468984765,0.581164695449388,-1,True,False,False,False,0.5688622754491018,0.5203317508298412,0.547094450735911,1,False,False,False
2026-06-05,733.83,0.5988023952095808,0.6014185538468457,0.5850841842849864,-1,True,False,False,False,0.5528942115768463,0.5216087100748218,0.5483832864783411,1,False,False,False
2026-06-08,735.49,0.5848303393213573,0.6012534969858956,0.5850277742930688,-1,True,False,True,False,0.5369261477045908,0.5222093939034402,0.54583725563973,1,False,False,False
2026-06-09,733.33,0.6147704590818364,0.6013879941211786,0.5916372598016839,-1,True,False,False,False,0.5888223552894212,0.5248216668989688,0.555389500006328,1,False,False,False
2026-06-10,721.77,0.5988023952095808,0.6013622667688244,0.5932295121145499,-1,True,False,False,False,0.5149700598802395,0.5244353293688226,0.5464074022005306,1,False,False,False
2026-06-11,734.03,0.6147704590818364,0.6014956816177102,0.5980163892183913,-1,True,False,False,False,0.5728542914171657,0.5263341121942479,0.5522844886931162,1,False,False,False
2026-06-12,738.0,0.6227544910179641,0.6017072120595037,0.6035137451738519,-1,False,False,False,False,0.6167664670658682,0.5298804790519586,0.5666138172203944,1,False,False,False
2026-06-15,751.02,0.6307385229540918,0.6019960808246241,0.609563695791683,-1,False,False,False,False,0.6447105788423154,0.5343836202202079,0.5839686531363768,1,False,False,False
2026-06-16,746.54,0.6447105788423154,0.6024211007053972,0.6173741142473791,-1,False,False,False,False,0.6606786427145709,0.539336366200379,0.6010153174870866,1,False,False,False
2026-06-17,737.22,0.6187624750499002,0.6025837014451436,0.6176826388701615,-1,False,False,False,False,0.5548902195608783,0.539946321234124,0.5907652957257069,1,False,False,False
2026-06-18,744.89,0.6167664670658682,0.602724823491121,0.6174790451358741,-1,False,False,False,False,0.5668662674650699,0.5410020054000435,0.5854544005566764,1,False,False,False
2026-06-22,742.54,0.6087824351297405,0.6027850982337939,0.6155464651345111,-1,False,False,False,False,0.564870259481038,0.5419380153640041,0.5808801469843123,1,False,False,False
2026-06-23,731.76,0.6187624750499002,0.602944077107586,0.6162611340045976,-1,False,False,False,False,0.6027944111776448,0.5443245406900292,0.5857499834717196,1,False,False,False
2026-06-24,731.42,0.6387225548902196,0.6033000818616421,0.6212525608680691,-1,False,False,False,False,0.6387225548902196,0.5480264235998407,0.597521666009164,1,False,False,False
2026-06-25,732.48,0.6307385229540918,0.6035731011759948,0.6233605524427408,-1,False,False,False,False,0.6367265469061876,0.5515048598079327,0.6062338617640581,1,False,False,False
2026-06-26,727.18,0.6526946107784432,0.6040618724158202,0.6298792320728969,-1,False,False,False,False,0.6387225548902196,0.5549251615758656,0.6134535713476496,1,False,False,False
2026-06-29,739.16,0.6347305389221557,0.6043670332765798,0.630957300261621,-1,False,False,False,False,0.6487025948103793,0.5586027079772191,0.6212866876727006,1,False,False,False
2026-06-30,744.92,0.6227544910179641,0.604549993055101,0.6291344537630306,-1,False,False,False,False,0.626746506986028,0.5612750138207019,0.6224999808534399,1,False,False,False
2026-07-01,743.91,0.6427145708582834,0.6049297400979189,0.6321522575619757,-1,False,False,False,False,0.6407185628742516,0.5643904471169194,0.6265485546358426,1,False,False,False
2026-07-02,742.93,0.6766467065868264,0.6056433417545249,0.6420399129008314,-1,False,False,False,False,0.6726546906187625,0.5686361037248349,0.636794362632047,1,False,False,False
2026-07-06,749.42,0.6786427145708582,0.6063697036730954,0.650173868827504,-1,False,False,False,False,0.6906187624750499,0.5734197374013139,0.6487553403749365,1,False,False,False
2026-07-07,745.86,0.6806387225548902,0.6071086988858496,0.6569438363224787,-1,False,False,False,False,0.6786427145708582,0.5775461286628647,0.6553969790851414,1,False,False,False
2026-07-08,743.55,0.6506986027944112,0.6075424292729995,0.6555560066495748,-1,False,False,False,False,0.6447105788423154,0.580180028669902,0.6530222234756244,1,False,False,False
2026-07-09,749.85,0.654690618762475,0.6080115654868251,0.6553636982302193,-1,False,False,False,False,0.6506986027944112,0.5829454629492945,0.6525058633242437,1,False,False,False
2026-07-10,753.08,0.6786427145708582,0.6087143629901488,0.6605368129725835,-1,False,False,False,False,0.6866267465069861,0.5870113956378314,0.6600882818092975,1,False,False,False
2026-07-13,747.31,0.6806387225548902,0.6094300282594497,0.665003903990874,-1,False,False,False,False,0.6606786427145709,0.5899003072878997,0.6602194731215804,1,False,False,False
2026-07-14,749.97,0.6666666666666666,0.6099995470495713,0.6653734068077167,-1,False,False,False,False,0.6407185628742516,0.5918931800559919,0.6558859375110628,1,False,False,False
2026-07-15,752.94,0.6706586826347305,0.6106031205379809,0.666547912547053,-1,False,False,False,False,0.626746506986028,0.5932599771905032,0.6494105085054995,1,False,False,False
2026-07-16,748.86,0.7105788423153693,0.6115979038392485,0.6763325636066788,-1,False,False,False,False,0.6746506986027944,0.5964517701870636,0.6550194396382317,1,False,False,False
2026-07-17,741.45,0.6866267465069861,0.6123444594876838,0.6786201598067471,-1,False,False,False,False,0.6447105788423154,0.5983442724872696,0.6527285816835837,1,False,False,False
2026-07-20,740.25,0.6646706586826348,0.612865118186141,0.6755202706680554,-1,False,False,False,False,0.6207584830339321,0.5992232611361583,0.6456241153169945,1,False,False,False
2026-07-21,746.42,0.6586826347305389,0.61332101387315,0.6717785737930517,-1,False,False,False,False,0.5988023952095808,0.599206756590018,0.635219288626458,1,False,False,False
2026-07-22,745.56,0.6646706586826348,0.6138319556125479,0.670199037101848,-1,False,False,False,False,0.6287425149700598,0.6003650216245295,0.6337800055917029,1,False,False,False
2026-07-23,736.35,0.6586826347305389,0.6142782310266574,0.6676398365748905,-1,False,False,False,False,0.5948103792415169,0.6001471925114703,0.6251200886249949,1,False,False,False
2026-07-24,737.1,0.6666666666666666,0.6147995089932246,0.6674235765952852,-1,False,False,False,False,0.654690618762475,0.6022861504036666,0.631691317544435,1,False,False,False
2026-07-27,737.26,0.7005988023952096,0.6156532333056822,0.6747958489952683,-1,False,False,False,False,0.6946107784431138,0.6059067240522724,0.6456734199663636,1,False,False,False
2026-07-28,739.02,0.720558882235529,0.6166970706084668,0.6849654119375485,1,False,False,False,False,0.7225548902195609,0.6104811619411856,0.6627581911337408,1,False,False,False
2026-07-29,727.65,0.7005988023952096,0.6175319137108225,0.6884394987059176,1,False,False,False,False,0.6626746506986028,0.6125279654218686,0.6627396265925991,1,False,False,False
2026-07-30,739.85,0.6986027944111777,0.6183385891406769,0.6906980088626421,1,False,False,False,False,0.6447105788423154,0.6137900286932587,0.6587331715369804,1,False,False,False
2026-07-31,745.18,0.6846307385229541,0.618998212517615,0.6893497265649337,1,False,False,False,False,0.626746506986028,0.6142981258812105,0.6516250238589909,1,False,False,False
2026-08-03,755.79,0.7065868263473054,0.6198697410134328,0.6931801931832384,1,False,False,False,False,0.6526946107784432,0.6158038703869843,0.6518627098410914,1,False,False,False
2026-08-04,769.42,0.7265469061876247,0.6209312053435244,0.7005950182953243,1,False,False,False,False,0.6846307385229541,0.6185029632550615,0.6591444939926164,1,False,False,False
2026-08-05,767.88,0.7225548902195609,0.6219423862875646,0.7054749898340436,1,False,False,False,False,0.6786427145708582,0.6208613848752889,0.6634774318988924,1,False,False,False
2026-08-06,766.65,0.718562874251497,0.622903784177753,0.7083834085934777,1,False,False,False,False,0.6506986027944112,0.6220314718525093,0.6606376920978966,1,False,False,False
2026-08-07,771.34,0.7405189620758483,0.6240740844553461,0.7155246427006712,1,False,False,False,False,0.6666666666666666,0.6237818716491429,0.6619774642242899,1,False,False,False
2026-08-10,771.11,0.7345309381237525,0.625173157626176,0.7197482639058004,1,False,False,False,False,0.6626746506986028,0.6253070786706904,0.6621323945519151,1,False,False,False
2026-08-11,768.65,0.7285429141716567,0.6262017124176733,0.7217026306315463,1,False,False,False,False,0.6447105788423154,0.6260680002460483,0.6582608799497818,1,False,False,False
2026-08-12,770.57,0.720558882235529,0.6271405897292938,0.7214484643213201,1,False,False,False,False,0.6586826347305389,0.6273470055199499,0.6583546032343944,1,False,False,False
2026-08-13,775.95,0.7544910179640718,0.6284077581694408,0.7287912540197095,1,False,False,False,False,0.688622754491018,0.629749976067835,0.6650808590691997,1,False,False,False
2026-08-14,774.41,0.7504990019960079,0.6296225964164713,0.7336151980144425,1,False,False,False,False,0.7085828343313373,0.6328414607056194,0.674747964683008,1,False,True,False
2026-08-17,770.75,0.7225548902195609,0.6305472958572981,0.7311573518378022,1,False,False,False,False,0.624750499001996,0.6325241680897911,0.6636374167538942,1,False,False,False
2026-08-18,765.55,0.7225548902195609,0.6314627943086638,0.7292456937004151,1,False,False,False,False,0.6107784431137725,0.6316713945613197,0.6518909781672005,1,False,False,False
2026-08-19,767.15,0.7564870259481038,0.6327068165140314,0.7352993230887904,1,False,False,False,False,0.6187624750499002,0.6311651624236171,0.6445290885855783,1,False,False,False
2026-08-20,760.71,0.7345309381237525,0.6337199918534316,0.7351285708743376,1,False,False,False,False,0.5508982035928144,0.6280174385478994,0.623722225253853,-1,True,False,False
2026-08-21,763.82,0.7285429141716567,0.6346635035182897,0.7336650916070752,1,False,False,False,False,0.5848303393213573,0.6263238268135252,0.6150795839355206,-1,True,False,False
2026-08-24,761.58,0.7485029940119761,0.6357962347669831,0.7369624032526086,1,False,False,False,False,0.6107784431137725,0.6257142039233388,0.614123774864021,-1,True,False,False
2026-08-25,764.01,0.7305389221556886,0.6367389480743334,0.7355349630088486,1,False,False,False,False,0.5948103792415169,0.624502289229934,0.6098319091701312,-1,True,False,False
2026-08-26,764.18,0.7305389221556886,0.6376722811497698,0.7344247317081464,1,False,False,False,False,0.5968063872255489,0.6234161754258405,0.6069373487380019,-1,True,False,False
2026-08-27,769.19,0.7125748502994012,0.6384175803452886,0.7295692025062029,1,False,False,False,False,0.5429141716566867,0.6202592341015599,0.5927099760532651,-1,True,False,False
2026-08-28,767.44,0.718562874251497,0.6392150459562956,0.727123351782935,1,False,False,False,False,0.5389221556886228,0.6170695447520329,0.5807571270833446,-1,True,False,False
2026-08-31,765.15,0.6866267465069861,0.6396868041707304,0.7181241061660574,1,False,False,False,False,0.5089820359281437,0.6128308189158019,0.5648071068266333,-1,True,False,False
2026-09-01,759.89,0.6586826347305389,0.6398758174101316,0.7049148902914977,1,False,False,False,False,0.469061876247505,0.607192821164104,0.5435303889201604,-1,True,False,False
2026-09-02,763.26,0.6686626746506986,0.6401622538005849,0.6968588423713201,1,False,False,False,False,0.4870259481037924,0.6024803947695819,0.530973846516523,-1,True,False,False
2026-09-03,771.25,0.6926147704590818,0.6406841693892267,0.6959157152797116,1,False,False,False,False,0.5169660678642715,0.5991268917536874,0.5278610068160227,-1,True,False,False
2026-09-04,768.28,0.6706586826347305,0.6409824232523661,0.6903030413586047,1,False,False,False,False,0.48502994011976047,0.5946525014935334,0.5183429919946311,-1,True,False,False
2026-09-08,764.06,0.6307385229540918,0.6408804938961644,0.6770664817131574,1,False,False,False,False,0.437125748502994,0.5884749817684143,0.5002947156631562,-1,True,False,False
2026-09-09,760.51,0.6027944111776448,0.6405015278989653,0.6605615771497102,1,False,False,False,False,0.3852295409181637,0.5805045723233064,0.47472467683093567,-1,True,False,False
2026-09-10,755.95,0.5828343313373253,0.6399277249481032,0.6432888558580692,1,False,False,False,False,0.34331337325349304,0.5712029566735098,0.44552216492483726,-1,True,False,False
2026-09-11,762.4,0.6007984031936128,0.639538378462984,0.6338465330437455,1,False,False,False,False,0.3992015968063872,0.5644578053061717,0.4352287053429595,-1,True,False,False
2026-09-14,759.0,0.5988023952095808,0.6391330452962835,0.6260589468583756,1,False,False,False,False,0.3932135728542914,0.5577423452100196,0.4258920092343666,-1,True,False,False
2026-09-15,755.51,0.5728542914171657,0.638473555207934,0.6142356900936623,1,False,False,False,False,0.36127744510978044,0.5500378393237358,0.4115332172066808,-1,True,False,False
2026-09-16,752.18,0.5409181636726547,0.6375028547946476,0.5979429064445495,1,False,False,False,False,0.32934131736526945,0.5413830737567372,0.39326835057525605,-1,True,False,False
2026-09-17,760.71,0.5389221556886228,0.6365219523159807,0.5848271840543435,1,False,False,False,False,0.3213572854291417,0.5327546114693806,0.37728811387611955,-1,True,False,False
2026-09-18,761.69,0.530938123752495,0.63547136695714,0.5728518373205994,-1,True,False,False,False,0.2934131736526946,0.5233686727314714,0.358649238270914,-1,True,False,False
2026-09-21,773.5,0.5289421157684631,0.634411374407999,0.5630941214201247,-1,True,False,False,False,0.313373253493014,0.5151335582515318,0.34858790832026953,-1,True,False,False
2026-09-22,773.38,0.5109780439121756,0.633183182064757,0.5515127708628027,-1,True,False,False,False,0.3153692614770459,0.5072996642603755,0.34120598679955316,-1,True,False,False
2026-09-23,767.81,0.499001996007984,0.6318480458850876,0.5398437097839541,-1,True,False,False,False,0.2934131736526946,0.49891195874634886,0.3305853616558068,-1,True,False,False
2026-09-24,767.18,0.47704590818363274,0.6303077261069637,0.5258886427616605,-1,True,False,False,False,0.2634730538922156,0.489679060516775,0.3156715154861199,-1,True,False,False
