ticker,company,sector,snapshot_utc,vendor_price,vendor_forward_eps,vendor_forward_pe,recomputed_pe,pe_relative_error,quote_external_status,consensus_external_status,prior_screen_score,prior_screen_rank,prior_shortlist100,prior_top30,v3_gate,v3_rank
FANG,Diamondback Energy,Energy,2026-09-24T20:00:01+00:00,189.01,18.67354,10.121808,10.121808719717846,7.1105660692794e-08,not independently reconciled,not independently reconciled,70.7849,1,True,True,True,65
ABBV,AbbVie,Health Care,2026-09-24T20:03:20+00:00,265.12,16.25802,16.307028,16.307028777181973,4.765932670736106e-08,not independently reconciled,not independently reconciled,69.612,2,True,False,True,39
ALL,Allstate,Financials,2026-09-24T20:00:03+00:00,227.17,27.74057,8.189089,8.189089121095925,1.4787472135679991e-08,not independently reconciled,not independently reconciled,68.6386,3,True,True,True,35
EXPE,Expedia Group,Consumer Discretionary,2026-09-24T20:00:01+00:00,261.75,24.46596,10.698538,10.698537886925346,1.0569168762408765e-08,not independently reconciled,not independently reconciled,67.5855,4,True,True,True,2
EOG,EOG Resources,Energy,2026-09-24T20:00:02+00:00,142.86,14.91138,9.580603,9.580602197784513,8.373329807298546e-08,not independently reconciled,not independently reconciled,66.4576,5,True,True,True,87
BMY,Bristol Myers Squibb,Health Care,2026-09-24T20:00:03+00:00,61.5,6.56484,9.368089,9.368088178843658,8.765462633508747e-08,not independently reconciled,not independently reconciled,66.1661,6,True,True,True,6
NVDA,Nvidia,Information Technology,2026-09-24T20:00:01+00:00,224.58,15.68263,14.320303,14.320302143199196,5.983119233388123e-08,Dated public display corroborated; authenticated FMP agrees,Public adjusted-EPS display checked; original vintage unresolved,65.46,7,True,True,True,18
GILD,Gilead Sciences,Health Care,2026-09-24T20:00:01+00:00,149.69,9.88911,15.136853,15.136852558015837,2.9199210938024578e-08,not independently reconciled,not independently reconciled,64.9068,8,True,True,True,43
MMM,3M,Industrials,2026-09-24T20:03:20+00:00,167.52,9.78475,17.12052,17.120519175247196,4.817335008677759e-08,not independently reconciled,not independently reconciled,64.8996,9,True,True,True,16
CVX,Chevron Corporation,Energy,2026-09-24T20:03:37+00:00,205.65,13.56976,15.155021,15.155021164707408,1.0868174138423115e-08,not independently reconciled,not independently reconciled,64.6443,10,True,False,True,204
AVGO,Broadcom,Information Technology,2026-09-24T20:00:01+00:00,350.36,19.38391,18.074785,18.074784705459322,1.6295666926957608e-08,not independently reconciled,not independently reconciled,64.6336,11,True,True,True,184
HIG,Hartford (The),Financials,2026-09-24T20:00:03+00:00,125.69,13.67803,9.189189,9.189188794000305,2.2417614431446964e-08,Dated public display corroborated; FMP current-plan access blocked,Public adjusted-EPS display checked; original vintage unresolved,64.603,12,True,True,True,181
MA,Mastercard,Financials,2026-09-24T20:00:03+00:00,566.08,23.02481,24.585653,24.58565347553357,1.9341913182202575e-08,not independently reconciled,not independently reconciled,64.2665,13,True,True,True,245
V,Visa Inc.,Financials,2026-09-24T20:00:02+00:00,367.98,15.0043,24.52497,24.524969508740828,2.003097954172972e-08,not independently reconciled,not independently reconciled,64.2021,14,True,True,True,193
NEM,Newmont,Materials,2026-09-24T20:00:02+00:00,121.3,10.24154,11.843923,11.843921910181475,9.201499584499118e-08,not independently reconciled,not independently reconciled,64.127,15,True,True,True,4
ADI,Analog Devices,Information Technology,2026-09-24T20:00:01+00:00,382.61,16.34812,23.403913,23.403914333880593,5.6993913588598843e-08,not independently reconciled,not independently reconciled,63.9187,16,True,True,True,28
TRV,Travelers Companies (The),Financials,2026-09-24T20:00:03+00:00,362.39,30.27531,11.96982,11.969819631904677,3.0751951429763835e-08,not independently reconciled,not independently reconciled,63.888,17,True,True,True,31
AIZ,Assurant,Financials,2026-09-24T20:00:03+00:00,261.86,23.43346,11.174619,11.174619539752133,4.830161404179023e-08,Dated public display corroborated; FMP current-plan access blocked,Public adjusted-EPS display checked; original vintage unresolved,63.8221,18,True,True,True,27
SCHW,Charles Schwab Corporation,Financials,2026-09-24T20:00:02+00:00,99.49,7.83045,12.705527,12.70552777937411,6.134134467039587e-08,not independently reconciled,not independently reconciled,63.7021,19,True,False,True,175
SNDK,Sandisk,Information Technology,2026-09-24T20:00:00+00:00,1753.62,263.48553,6.65547,6.655469846864077,2.300903223506623e-08,not independently reconciled,not independently reconciled,63.5986,20,True,False,False,1
CSCO,Cisco,Information Technology,2026-09-24T20:00:01+00:00,106.97,5.62188,19.027443,19.027442777149282,1.1712068648250806e-08,not independently reconciled,not independently reconciled,63.5547,21,True,True,True,84
MDT,Medtronic,Health Care,2026-09-24T20:00:02+00:00,88.51,6.40626,13.816174,13.816173555241281,3.2191163734651695e-08,not independently reconciled,not independently reconciled,63.2408,22,True,True,True,262
CAH,Cardinal Health,Health Care,2026-09-24T20:00:02+00:00,222.62,14.07674,15.81474,15.814741197180599,7.570030224890445e-08,not independently reconciled,not independently reconciled,63.0677,23,True,True,True,49
ADSK,Autodesk,Information Technology,2026-09-24T20:00:01+00:00,211.35,14.19939,14.884442,14.884442218996732,1.4713130047638856e-08,not independently reconciled,not independently reconciled,62.9655,24,True,True,True,209
CINF,Cincinnati Financial,Financials,2026-09-24T20:00:01+00:00,162.33,9.03122,17.974316,17.974315762432987,1.3217026695322431e-08,not independently reconciled,not independently reconciled,62.556,25,True,False,True,323
PFE,Pfizer,Health Care,2026-09-24T20:03:25+00:00,28.41,2.897,9.806696,9.80669658267173,5.941570213607861e-08,not independently reconciled,not independently reconciled,62.4427,26,True,False,True,22
AMGN,Amgen,Health Care,2026-09-24T20:00:01+00:00,406.04,24.44897,16.607653,16.607652592317795,2.4547851751322014e-08,not independently reconciled,not independently reconciled,62.2447,27,True,False,True,29
MO,Altria,Consumer Staples,2026-09-24T20:03:52+00:00,68.88,5.86403,11.746188,11.746188201629256,1.7165505461491648e-08,not independently reconciled,not independently reconciled,61.9364,28,True,True,True,44
INCY,Incyte,Health Care,2026-09-24T20:00:01+00:00,124.44,8.88548,14.004871,14.00487086797787,9.426872282780607e-09,not independently reconciled,not independently reconciled,61.885,29,True,True,True,19
BKNG,Booking Holdings,Consumer Discretionary,2026-09-24T20:00:01+00:00,157.41,12.36832,12.72687,12.726869938682052,4.817991228200924e-09,not independently reconciled,not independently reconciled,61.8395,30,True,True,True,136
COP,ConocoPhillips,Energy,2026-09-24T20:00:02+00:00,129.34,9.66093,13.387945,13.387945052908984,3.95198695990473e-09,not independently reconciled,not independently reconciled,61.8227,31,True,False,True,153
SJM,J.M. Smucker Company (The),Consumer Staples,2026-09-24T20:00:02+00:00,121.66,10.91002,11.151217,11.151216954689358,4.0632912590155e-09,not independently reconciled,not independently reconciled,61.7698,32,True,False,True,58
UNP,Union Pacific Corporation,Industrials,2026-09-24T20:00:02+00:00,274.07,14.17502,19.334717,19.334716988053632,6.178714206939162e-10,not independently reconciled,not independently reconciled,61.4069,33,True,True,True,93
LLY,Lilly (Eli),Health Care,2026-09-24T20:04:13+00:00,1181.89,47.34434,24.963701,24.963702102511093,4.416456889089204e-08,not independently reconciled,not independently reconciled,60.8023,34,True,True,True,66
BLK,BlackRock,Financials,2026-09-24T20:00:03+00:00,1073.45,64.31022,16.691748,16.691748216690907,1.2981918207088938e-08,not independently reconciled,not independently reconciled,60.6997,35,True,False,True,176
CPAY,Corpay,Financials,2026-09-24T20:00:03+00:00,400.32,31.44802,12.729577,12.729577251604393,1.9765338032939894e-08,Dated public display corroborated; FMP current-plan access blocked,Public adjusted-EPS display checked; original vintage unresolved,60.5727,36,True,False,True,17
OXY,Occidental Petroleum,Energy,2026-09-24T20:00:02+00:00,58.05,4.0187,14.444969,14.444969766342348,5.3052543691478604e-08,not independently reconciled,not independently reconciled,60.0587,37,True,False,True,200
AIG,American International Group,Financials,2026-09-24T20:00:03+00:00,74.82,8.78651,8.515326,8.515326335484737,3.9397756168568776e-08,not independently reconciled,not independently reconciled,60.0513,38,True,False,True,138
EMR,Emerson Electric,Industrials,2026-09-24T20:03:45+00:00,156.14,7.24683,21.545973,21.54597251487892,2.2515626474373107e-08,not independently reconciled,not independently reconciled,59.9313,39,True,False,True,50
HAS,Hasbro,Consumer Discretionary,2026-09-24T20:00:01+00:00,86.81,6.51371,13.327274,13.327274318322432,2.388503705930134e-08,not independently reconciled,not independently reconciled,59.7966,40,True,True,True,59
KEYS,Keysight Technologies,Information Technology,2026-09-24T20:00:03+00:00,357.54,13.87157,25.775023,25.775020419462255,1.0011776696572383e-07,not independently reconciled,not independently reconciled,59.6903,41,True,False,True,25
ANET,Arista Networks,Information Technology,2026-09-24T20:00:03+00:00,205.7,5.18742,39.653625,39.65362357395391,3.596256559212918e-08,not independently reconciled,not independently reconciled,59.4851,42,True,False,True,36
DD,DuPont,Industrials,2026-09-24T20:03:26+00:00,130.22,7.96476,16.34952,16.349519633987715,2.2386729581214126e-08,not independently reconciled,not independently reconciled,59.3886,43,True,False,True,55
CL,Colgate-Palmolive,Consumer Staples,2026-09-24T20:00:02+00:00,85.32,4.10252,20.796974,20.796973567465848,2.0797936817196216e-08,not independently reconciled,not independently reconciled,59.2317,44,True,True,True,219
CF,CF Industries,Materials,2026-09-24T20:03:57+00:00,118.44,10.70441,11.064599,11.0645986093582,3.530555425790283e-08,not independently reconciled,not independently reconciled,59.2146,45,True,True,True,91
PGR,Progressive Corporation,Financials,2026-09-24T20:00:02+00:00,202.17,1012.0,0.19977273,0.19977272727272727,1.365187696222847e-08,not independently reconciled,not independently reconciled,59.188,46,True,False,True,243
CRM,Salesforce,Information Technology,2026-09-24T20:00:03+00:00,238.22,16.00495,14.884146,14.884145217573312,5.2567791675173225e-08,not independently reconciled,not independently reconciled,59.1525,47,True,True,True,73
XOM,ExxonMobil,Energy,2026-09-24T20:03:45+00:00,162.14,10.83664,14.962202,14.962202306249907,2.046823777135387e-08,not independently reconciled,not independently reconciled,58.8146,48,True,False,True,293
APH,Amphenol,Information Technology,2026-09-24T20:00:03+00:00,83.08,3.28029,25.32703,25.327029012678757,3.898290656945136e-08,not independently reconciled,not independently reconciled,58.7345,49,True,False,True,103
GEN,Gen Digital,Information Technology,2026-09-24T20:00:01+00:00,23.07,3.30719,6.9757104,6.975710497431354,1.3967230483302728e-08,not independently reconciled,not independently reconciled,58.725,50,True,False,True,34
CVS,CVS Health,Health Care,2026-09-24T20:00:03+00:00,85.05,8.52869,9.972223,9.972223166746593,1.6721105611239295e-08,not independently reconciled,not independently reconciled,58.7079,51,True,False,True,77
CSX,CSX Corporation,Industrials,2026-09-24T20:00:00+00:00,46.95,2.27267,20.65852,20.658520594718986,2.8788073258567692e-08,not independently reconciled,not independently reconciled,58.4937,52,True,False,True,122
RTX,RTX Corporation,Industrials,2026-09-24T20:00:02+00:00,188.61,7.85139,24.0225,24.02249792711864,8.628916059461034e-08,not independently reconciled,not independently reconciled,58.4494,53,True,False,True,270
DVN,Devon Energy,Energy,2026-09-24T20:00:03+00:00,48.9,5.385,9.08078,9.080779944289693,6.1349694213674866e-09,not independently reconciled,not independently reconciled,58.3307,54,True,False,True,287
NXPI,NXP Semiconductors,Information Technology,2026-09-24T20:00:00+00:00,230.16,18.09511,12.719459,12.719458461429635,4.234223838217588e-08,not independently reconciled,not independently reconciled,58.2467,55,True,False,True,118
EW,Edwards Lifesciences,Health Care,2026-09-24T20:00:02+00:00,85.73,3.37714,25.385386,25.38538526682341,2.8881837477179317e-08,not independently reconciled,not independently reconciled,58.2306,56,True,False,True,246
PH,Parker Hannifin,Industrials,2026-09-24T20:00:02+00:00,974.98,39.30897,24.802988,24.802990258966336,9.107637910510391e-08,not independently reconciled,not independently reconciled,58.2263,57,True,False,True,212
AMT,American Tower,Real Estate,2026-09-24T20:00:03+00:00,167.26,7.01004,23.860064,23.860063565971092,1.819060124752525e-08,not independently reconciled,not independently reconciled,58.1078,58,True,False,True,295
CB,Chubb Limited,Financials,2026-09-24T20:00:03+00:00,334.84,29.10319,11.505268,11.505267979214649,1.8065942075651265e-09,not independently reconciled,not independently reconciled,58.0626,59,True,False,True,194
BAC,Bank of America,Financials,2026-09-24T20:00:03+00:00,56.03,5.29157,10.588539,10.58853988513806,8.359397440926841e-08,not independently reconciled,not independently reconciled,57.9203,60,True,False,True,174
MNST,Monster Beverage,Consumer Staples,2026-09-24T20:00:01+00:00,42.67,1.30916,32.59342,32.59341868068074,4.047808610518899e-08,not independently reconciled,not independently reconciled,57.8073,61,True,False,True,284
MS,Morgan Stanley,Financials,2026-09-24T20:03:34+00:00,196.32,13.64237,14.390462,14.390461481399493,3.6037794082233177e-08,not independently reconciled,not independently reconciled,57.7987,62,True,False,True,95
EQIX,Equinix,Real Estate,2026-09-24T20:00:01+00:00,1034.76,18.62,55.572502,55.57250268528464,1.233136193157236e-08,not independently reconciled,not independently reconciled,57.784,63,True,False,True,337
MRK,Merck & Co.,Health Care,2026-09-24T20:04:07+00:00,147.98,9.53387,15.521503,15.521503859398123,5.536822844653955e-08,not independently reconciled,not independently reconciled,57.7818,64,True,False,True,24
EBAY,eBay Inc.,Consumer Discretionary,2026-09-24T20:00:01+00:00,107.83,6.71522,16.057552,16.057552842647002,5.247667900221131e-08,not independently reconciled,not independently reconciled,57.6332,65,True,False,True,115
CFG,Citizens Financial Group,Financials,2026-09-24T20:00:03+00:00,64.73,6.53296,9.90822,9.908219245181357,7.61810540206298e-08,not independently reconciled,not independently reconciled,57.4802,66,True,False,True,157
REG,Regency Centers,Real Estate,2026-09-24T20:00:01+00:00,72.92,2.51718,28.968925,28.96892554366394,1.876714250670375e-08,not independently reconciled,not independently reconciled,57.4203,67,True,False,True,228
GL,Globe Life,Financials,2026-09-24T20:00:02+00:00,167.32,16.51824,10.129409,10.129408459981208,5.331197427960177e-08,not independently reconciled,not independently reconciled,57.4067,68,False,False,False,156
AAPL,Apple Inc.,Information Technology,2026-09-24T20:00:01+00:00,335.92,9.5886,35.033268,35.033268673216114,1.9216480628969634e-08,not independently reconciled,not independently reconciled,57.3808,69,True,False,True,238
CDNS,Cadence Design Systems,Information Technology,2026-09-24T20:00:01+00:00,322.0,9.5454,33.73353,33.733526096339595,1.1572048363994725e-07,not independently reconciled,not independently reconciled,57.3513,70,True,False,True,206
MPC,Marathon Petroleum,Energy,2026-09-24T20:00:03+00:00,390.95,47.13423,8.294396,8.294396662468019,7.986935002257667e-08,not independently reconciled,not independently reconciled,57.2618,71,True,False,True,10
GOOGL,Alphabet Inc. (Class A),Communication Services,2026-09-24T20:00:01+00:00,342.36,14.89921,22.9784,22.978399525880903,2.0633251107682327e-08,not independently reconciled,not independently reconciled,57.2021,72,True,False,True,215
CTVA,Corteva,Materials,2026-09-24T20:03:18+00:00,79.45,4.12415,19.264576,19.26457573075664,1.3976085511124836e-08,not independently reconciled,not independently reconciled,57.1062,73,True,False,True,251
KDP,Keurig Dr Pepper,Consumer Staples,2026-09-24T20:00:01+00:00,30.88,2.53468,12.182998,12.18299745924535,4.438600831324635e-08,not independently reconciled,not independently reconciled,57.0625,74,True,False,True,30
VLO,Valero Energy,Energy,2026-09-24T20:00:02+00:00,382.86,38.04043,10.064555,10.064555001087001,1.0800293992474508e-10,not independently reconciled,not independently reconciled,57.0428,75,True,False,True,23
FE,FirstEnergy,Utilities,2026-09-24T20:03:44+00:00,43.19,2.9494,14.643656,14.643656336882078,2.300532586652082e-08,not independently reconciled,not independently reconciled,57.0117,76,False,False,False,362
INVH,Invitation Homes,Real Estate,2026-09-24T20:00:03+00:00,26.5,0.71089,37.277218,37.277215884314025,5.6755468547109444e-08,not independently reconciled,not independently reconciled,56.9972,77,True,False,True,326
WM,Waste Management,Industrials,2026-09-24T20:00:02+00:00,207.96,9.11638,22.811687,22.811686217555653,3.430015260708075e-08,not independently reconciled,not independently reconciled,56.7825,78,True,False,True,451
ABNB,Airbnb,Consumer Discretionary,2026-09-24T20:00:01+00:00,151.39,6.18687,24.469563,24.46956215339905,3.459812303319154e-08,Dated public display corroborated; FMP current-plan access blocked,Public adjusted-EPS display checked; original vintage unresolved,56.694,79,True,False,True,97
O,Realty Income,Real Estate,2026-09-24T20:00:02+00:00,55.41,1.55302,35.67887,35.678870845191945,2.3688865091742173e-08,not independently reconciled,not independently reconciled,56.6917,80,True,False,True,464
VLTO,Veralto,Industrials,2026-09-24T20:00:02+00:00,96.2,4.76998,20.167799,20.16779944569998,2.2099584606749545e-08,not independently reconciled,not independently reconciled,56.6873,81,True,True,True,173
SYK,Stryker Corporation,Health Care,2026-09-24T20:00:02+00:00,269.75,16.72181,16.131628,16.13162689924117,6.823606579775543e-08,not independently reconciled,not independently reconciled,56.6751,82,True,False,True,420
SNA,Snap-on,Industrials,2026-09-24T20:00:02+00:00,367.71,21.39375,17.18773,17.187730061349694,3.569389006585766e-09,Dated public display corroborated; FMP current-plan access blocked,Public adjusted-EPS display checked; original vintage unresolved,56.652,83,True,False,True,104
AVY,Avery Dennison,Materials,2026-09-24T20:00:03+00:00,169.01,11.18624,15.10874,15.108740738621735,4.888705062988663e-08,not independently reconciled,not independently reconciled,56.6467,84,True,False,True,180
FTNT,Fortinet,Information Technology,2026-09-24T20:00:01+00:00,178.67,3.77777,47.295097,47.29509737225929,7.87099119214929e-09,not independently reconciled,not independently reconciled,56.5541,85,True,False,True,48
MCO,Moody's Corporation,Financials,2026-09-24T20:03:37+00:00,467.35,18.92415,24.695957,24.695957282097215,1.1422809587102734e-08,not independently reconciled,not independently reconciled,56.5493,86,True,False,True,340
PSA,Public Storage,Real Estate,2026-09-24T20:00:02+00:00,284.56,10.22742,27.823244,27.823243789733873,7.557211079145532e-09,not independently reconciled,not independently reconciled,56.5363,87,True,False,True,199
LIN,Linde plc,Materials,2026-09-24T20:00:01+00:00,468.14,19.55868,23.935154,23.935153088040707,3.8101250265931697e-08,not independently reconciled,not independently reconciled,56.5179,88,True,False,True,376
HWM,Howmet Aerospace,Industrials,2026-09-24T20:00:03+00:00,229.38,6.45787,35.51945,35.51945146000152,4.110428286629997e-08,not independently reconciled,not independently reconciled,56.4061,89,True,False,True,297
TXN,Texas Instruments,Information Technology,2026-09-24T20:00:00+00:00,270.65,10.64485,25.42544,25.42544047121378,1.8533161227907158e-08,not independently reconciled,not independently reconciled,56.3542,90,True,False,True,101
JPM,JPMorgan Chase,Financials,2026-09-24T20:00:02+00:00,338.56,24.98799,13.548909,13.54890889583356,7.688179204379253e-09,not independently reconciled,not independently reconciled,56.3476,91,True,False,True,244
PNC,PNC Financial Services,Financials,2026-09-24T20:00:02+00:00,223.34,21.41564,10.428826,10.428826782669114,7.504863086538194e-08,not independently reconciled,not independently reconciled,56.3016,92,True,False,True,158
STT,State Street Corporation,Financials,2026-09-24T20:00:02+00:00,181.09,15.31226,11.826471,11.826471076118091,6.4362473128909414e-09,not independently reconciled,not independently reconciled,56.2613,93,True,False,True,70
USB,U.S. Bancorp,Financials,2026-09-24T20:00:03+00:00,58.4,5.78885,10.08836,10.088359518729971,4.7705477235204796e-08,not independently reconciled,not independently reconciled,56.2142,94,True,False,True,80
DOV,Dover Corporation,Industrials,2026-09-24T20:00:02+00:00,187.89,11.62821,16.15812,16.15811891942096,6.687529485738253e-08,not independently reconciled,not independently reconciled,56.0864,95,True,False,True,210
ADP,Automatic Data Processing,Industrials,2026-09-24T20:00:01+00:00,263.11,13.39844,19.63736,19.63736076737292,3.907719348106298e-08,not independently reconciled,not independently reconciled,56.0821,96,True,False,True,63
PLD,Prologis,Real Estate,2026-09-24T20:03:35+00:00,133.82,3.405,39.30103,39.30102790014684,5.342997766444313e-08,not independently reconciled,not independently reconciled,56.0651,97,True,False,True,190
MSFT,Microsoft,Information Technology,2026-09-24T20:00:01+00:00,497.93,23.67588,21.031107,21.031108452990978,6.908770799896047e-08,Dated public display corroborated; authenticated FMP agrees,Public adjusted-EPS display checked; original vintage unresolved,56.0593,98,True,False,True,177
FITB,Fifth Third Bancorp,Financials,2026-09-24T20:00:03+00:00,51.46,4.94681,10.402664,10.402663534681947,4.473066250731961e-08,not independently reconciled,not independently reconciled,56.0189,99,True,False,True,130
SPG,Simon Property Group,Real Estate,2026-09-24T20:00:02+00:00,204.7,6.79667,30.11769,30.11768998641982,4.5090375877521183e-10,not independently reconciled,not independently reconciled,55.9511,100,True,False,True,221
BNY,BNY Mellon,Financials,2026-09-24T20:00:02+00:00,150.19,10.24888,14.654284,14.65428417544161,1.1972035585117169e-08,not independently reconciled,not independently reconciled,55.9428,101,False,False,True,124
BRK-B,Berkshire Hathaway,Financials,2026-09-24T20:00:03+00:00,505.18,22.19254,22.763506,22.763505213914225,3.453271979481087e-08,not independently reconciled,not independently reconciled,55.8192,102,False,False,True,344
DUK,Duke Energy,Utilities,2026-09-24T20:00:03+00:00,113.23,7.17137,15.789173,15.789172780096413,1.3927492381604623e-08,not independently reconciled,not independently reconciled,55.784,103,False,False,False,318
C,Citigroup,Financials,2026-09-24T20:03:43+00:00,132.1,12.89238,10.246364,10.246362580066675,1.3857923886195778e-07,not independently reconciled,not independently reconciled,55.7688,104,False,False,True,113
WELL,Welltower,Real Estate,2026-09-24T20:03:27+00:00,233.61,3.18,73.462265,73.4622641509434,1.1557724333144392e-08,not independently reconciled,not independently reconciled,55.7383,105,True,False,True,419
DLR,Digital Realty,Real Estate,2026-09-24T20:00:03+00:00,181.0,2.76208,65.53033,65.53032497248451,7.67204361151741e-08,not independently reconciled,not independently reconciled,55.679,106,True,False,True,331
WAB,Wabtec,Industrials,2026-09-24T20:03:08+00:00,290.23,12.45551,23.301334,23.30133410835847,4.650311913323435e-09,not independently reconciled,not independently reconciled,55.599,107,False,False,True,203
SO,Southern Company,Utilities,2026-09-24T20:00:02+00:00,82.89,4.92405,16.833704,16.83370396320102,2.1860299126430505e-09,not independently reconciled,not independently reconciled,55.5751,108,False,False,False,405
LMT,Lockheed Martin,Industrials,2026-09-24T20:02:18+00:00,523.7,32.75413,15.988823,15.988823394179605,2.4653447283640162e-08,not independently reconciled,not independently reconciled,55.54,109,False,False,True,260
ALB,Albemarle Corporation,Materials,2026-09-24T20:00:03+00:00,108.25,11.29725,9.581978,9.581977914979309,8.872979129215253e-09,not independently reconciled,not independently reconciled,55.5338,110,False,False,False,165
NDSN,Nordson Corporation,Industrials,2026-09-24T20:00:01+00:00,323.26,12.98286,24.898983,24.898982196526802,3.2269317995492486e-08,not independently reconciled,not independently reconciled,55.5169,111,False,False,True,90
VRSN,Verisign,Information Technology,2026-09-24T20:00:00+00:00,291.88,11.06173,26.386469,26.386469385891715,1.462460597068116e-08,not independently reconciled,not independently reconciled,55.5034,112,False,False,True,163
NWSA,News Corp (Class A),Communication Services,2026-09-24T20:00:00+00:00,28.44,1.51172,18.81301,18.813007699838597,1.2226440115892245e-07,not independently reconciled,not independently reconciled,55.4831,113,False,False,True,169
GPN,Global Payments,Financials,2026-09-24T20:00:03+00:00,85.31,15.98277,5.3376226,5.337622952717207,6.608133107377512e-08,not independently reconciled,not independently reconciled,55.4326,114,False,False,True,41
BDX,Becton Dickinson,Health Care,2026-09-24T20:00:03+00:00,179.23,13.29249,13.483553,13.483553495244305,3.672951076616471e-08,not independently reconciled,not independently reconciled,55.4167,115,False,False,True,68
APA,APA Corporation,Energy,2026-09-24T20:00:01+00:00,43.68,4.4702,9.771375,9.77137488255559,1.2019230832827077e-08,not independently reconciled,not independently reconciled,55.3628,116,False,False,False,9
VZ,Verizon,Communication Services,2026-09-24T20:00:02+00:00,47.32,5.27736,8.966604,8.966604514378401,5.7366021932736544e-08,not independently reconciled,not independently reconciled,55.3139,117,False,False,True,126
TDY,Teledyne Technologies,Information Technology,2026-09-24T20:00:02+00:00,612.02,26.76683,22.864866,22.86486670255686,3.072648047108828e-08,not independently reconciled,not independently reconciled,55.1444,118,False,False,True,321
GS,Goldman Sachs,Financials,2026-09-24T20:00:03+00:00,923.29,74.03244,12.471424,12.471424688960678,5.524314450333634e-08,not independently reconciled,not independently reconciled,55.1055,119,False,False,True,109
CI,Cigna,Health Care,2026-09-24T20:00:03+00:00,265.5,33.4449,7.93843,7.938430074540514,9.389830690764711e-09,not independently reconciled,not independently reconciled,55.0881,120,False,False,True,213
ACGL,Arch Capital Group,Financials,2026-09-24T20:00:01+00:00,95.02,9.75081,9.744831,9.744831455027839,4.6694277111569704e-08,not independently reconciled,not independently reconciled,55.0304,121,False,False,True,105
JNJ,Johnson & Johnson,Health Care,2026-09-24T20:00:02+00:00,270.68,12.138,22.300215,22.30021420332839,3.5724839864137437e-08,not independently reconciled,not independently reconciled,54.9986,122,False,False,True,217
RL,Ralph Lauren Corporation,Consumer Discretionary,2026-09-24T20:00:02+00:00,351.86,20.91448,16.82375,16.823750817615355,4.859887692276743e-08,Dated public display corroborated; FMP current-plan access blocked,Public adjusted-EPS display checked; original vintage unresolved,54.9363,123,False,False,True,120
MU,Micron Technology,Information Technology,2026-09-24T20:00:01+00:00,1080.53,159.12122,6.7906094,6.790609071499075,4.837576506044883e-08,not independently reconciled,not independently reconciled,54.9186,124,False,False,False,3
NTAP,NetApp,Information Technology,2026-09-24T20:00:00+00:00,197.24,11.12094,17.73591,17.735910813294563,4.585581248051085e-08,Dated public display corroborated; FMP current-plan access blocked,Public adjusted-EPS display checked; original vintage unresolved,54.9068,125,False,False,True,20
GM,General Motors,Consumer Discretionary,2026-09-24T20:00:12+00:00,80.57,15.03836,5.357632,5.3576320822217305,1.5346655057868475e-08,not independently reconciled,not independently reconciled,54.8648,126,False,False,True,13
OMC,Omnicom Group,Communication Services,2026-09-24T20:00:02+00:00,74.7,11.74408,6.3606515,6.360651494199631,9.119143218327963e-10,not independently reconciled,not independently reconciled,54.8558,127,False,False,True,172
GEV,GE Vernova,Industrials,2026-09-24T20:00:02+00:00,955.04,25.12577,38.010376,38.010377393409236,3.6658654334331686e-08,not independently reconciled,not independently reconciled,54.8388,128,False,False,True,253
FRT,Federal Realty Investment Trust,Real Estate,2026-09-24T20:00:03+00:00,110.35,3.1903,34.589222,34.58922358398896,4.579429280227032e-08,not independently reconciled,not independently reconciled,54.8154,129,False,False,True,272
FDX,FedEx,Industrials,2026-09-24T20:00:03+00:00,279.54,20.85951,13.401082,13.40108180872897,1.4272805048953785e-08,not independently reconciled,not independently reconciled,54.8041,130,False,False,True,98
PRU,Prudential Financial,Financials,2026-09-24T20:00:02+00:00,118.75,14.85787,7.9923973,7.992397295170842,6.042190081601007e-10,not independently reconciled,not independently reconciled,54.7926,131,False,False,True,64
GD,General Dynamics,Industrials,2026-09-24T20:00:03+00:00,336.29,18.58732,18.092442,18.09244151389227,2.6867999936008857e-08,not independently reconciled,not independently reconciled,54.7773,132,False,False,True,250
DGX,Quest Diagnostics,Health Care,2026-09-24T20:03:18+00:00,236.59,12.05771,19.621471,19.621470411877546,2.9973412973838265e-08,not independently reconciled,not independently reconciled,54.7414,133,False,False,True,192
FIX,Comfort Systems USA,Industrials,2026-09-24T20:00:33+00:00,1643.39,60.17848,27.3086,27.30859935312424,2.368762064275387e-08,not independently reconciled,not independently reconciled,54.728,134,False,False,True,47
PEP,PepsiCo,Consumer Staples,2026-09-24T20:00:00+00:00,128.15,8.96089,14.301034,14.301034830245658,5.805493907828918e-08,not independently reconciled,not independently reconciled,54.7126,135,False,False,True,441
IBKR,Interactive Brokers,Financials,2026-09-24T20:00:01+00:00,89.82,3.19641,28.100275,28.100274996011144,1.419507844602208e-10,Dated public display corroborated; FMP current-plan access blocked,Public adjusted-EPS display checked; original vintage unresolved,54.6026,136,False,False,True,186
AFL,Aflac,Financials,2026-09-24T20:00:03+00:00,114.01,7.54144,15.117803,15.117802435609116,3.7332864022410206e-08,not independently reconciled,not independently reconciled,54.5738,137,False,False,True,268
MSI,Motorola Solutions,Information Technology,2026-09-24T20:00:02+00:00,454.91,19.43068,23.411945,23.41194440956261,2.521949316047767e-08,not independently reconciled,not independently reconciled,54.5236,138,False,False,True,264
LH,Labcorp,Health Care,2026-09-24T20:00:02+00:00,308.95,19.84413,15.568836,15.568835721193118,1.790801074097459e-08,not independently reconciled,not independently reconciled,54.5228,139,False,False,True,261
AMZN,Amazon,Consumer Discretionary,2026-09-24T20:00:01+00:00,249.38,10.38846,24.005484,24.005483007105962,4.136113385122542e-08,not independently reconciled,not independently reconciled,54.4746,140,False,False,True,330
IEX,IDEX Corporation,Industrials,2026-09-24T20:00:02+00:00,228.5,9.62584,23.738188,23.73818804384864,1.8471773000072744e-09,not independently reconciled,not independently reconciled,54.4734,141,False,False,True,72
TMUS,T-Mobile US,Communication Services,2026-09-24T20:00:00+00:00,165.35,14.43854,11.451989,11.45198891300644,7.596371198737017e-09,not independently reconciled,not independently reconciled,54.4711,142,False,False,True,307
ADBE,Adobe Inc.,Information Technology,2026-09-24T20:00:01+00:00,238.93,27.67328,8.63396,8.633960267810684,3.1018291046791546e-08,not independently reconciled,not independently reconciled,54.1725,143,False,False,False,114
JCI,Johnson Controls,Industrials,2026-09-24T20:00:02+00:00,145.36,6.0726,23.937029,23.93702862036031,1.5859933588657782e-08,not independently reconciled,not independently reconciled,54.1102,144,False,False,True,106
SPGI,S&P Global,Financials,2026-09-24T20:00:02+00:00,403.25,20.21925,19.943865,19.9438653758176,1.8843769877818772e-08,not independently reconciled,not independently reconciled,53.9964,145,False,False,True,398
VRT,Vertiv,Industrials,2026-09-24T20:00:03+00:00,245.3,9.12236,26.88997,26.88997145475513,5.4100288249259165e-08,not independently reconciled,not independently reconciled,53.9695,146,False,False,False,102
WRB,W. R. Berkley Corporation,Financials,2026-09-24T20:00:02+00:00,67.29,4.84091,13.900279,13.900279079759798,5.737999853039355e-09,not independently reconciled,not independently reconciled,53.9598,147,False,False,True,342
VICI,Vici Properties,Real Estate,2026-09-24T20:02:59+00:00,23.27,2.99,7.782609,7.782608695652173,3.910614387869771e-08,not independently reconciled,not independently reconciled,53.9169,148,False,False,True,417
KIM,Kimco Realty,Real Estate,2026-09-24T20:03:41+00:00,22.25,0.88,25.284092,25.28409090909091,4.314606560917866e-08,not independently reconciled,not independently reconciled,53.9007,149,False,False,True,162
ECL,Ecolab,Materials,2026-09-24T20:00:02+00:00,275.37,9.41633,29.243876,29.243877391722677,4.7590226204263786e-08,not independently reconciled,not independently reconciled,53.8725,150,False,False,True,380
ROST,Ross Stores,Consumer Discretionary,2026-09-24T20:00:01+00:00,235.4,8.94237,26.324116,26.324117655610312,6.289329190778403e-08,not independently reconciled,not independently reconciled,53.8698,151,False,False,True,237
HSY,Hershey Company (The),Consumer Staples,2026-09-24T20:00:03+00:00,166.88,9.86822,16.91085,16.910851197075054,7.07873970551276e-08,not independently reconciled,not independently reconciled,53.8149,152,False,False,True,356
HPE,Hewlett Packard Enterprise,Information Technology,2026-09-24T20:04:36+00:00,63.52,4.59744,13.816385,13.816384770654974,1.6599495888947047e-08,not independently reconciled,not independently reconciled,53.7982,153,False,False,True,8
KEY,KeyCorp,Financials,2026-09-24T20:00:02+00:00,20.25,2.13402,9.489133,9.489133185255996,1.9522963246032532e-08,not independently reconciled,not independently reconciled,53.7702,154,False,False,True,273
ED,Consolidated Edison,Utilities,2026-09-24T20:00:02+00:00,102.71,6.48989,15.826154,15.826154218330355,1.379554093183799e-08,not independently reconciled,not independently reconciled,53.7589,155,False,False,False,363
ZBH,Zimmer Biomet,Health Care,2026-09-24T20:00:03+00:00,89.69,9.06726,9.891633,9.89163209172341,9.18227142099326e-08,not independently reconciled,not independently reconciled,53.7032,156,False,False,True,135
TT,Trane Technologies,Industrials,2026-09-24T20:00:03+00:00,438.54,17.52744,25.020199,25.020196902685164,8.382486638147668e-08,not independently reconciled,not independently reconciled,53.6783,157,False,False,True,280
SNPS,Synopsys,Information Technology,2026-09-24T20:00:01+00:00,424.91,17.58801,24.159071,24.159072004166475,4.1564780062230966e-08,not independently reconciled,not independently reconciled,53.5405,158,False,False,True,329
PAYX,Paychex,Industrials,2026-09-24T20:00:00+00:00,101.59,6.39435,15.887463,15.887463151063049,9.508317910800201e-09,Dated public display corroborated; FMP current-plan access blocked,Public adjusted-EPS display checked; original vintage unresolved,53.5382,159,False,False,True,71
TPR,"Tapestry, Inc.",Consumer Discretionary,2026-09-24T20:00:03+00:00,112.12,8.89953,12.598418,12.59841811870964,9.422582936124968e-09,not independently reconciled,not independently reconciled,53.538,160,False,False,True,94
UBER,Uber,Industrials,2026-09-24T20:00:03+00:00,69.22,4.41349,15.683734,15.68373328137143,4.581999224484434e-08,not independently reconciled,not independently reconciled,53.5218,161,False,False,True,257
MRSH,Marsh McLennan,Financials,2026-09-24T20:00:02+00:00,169.93,11.41037,14.892592,14.892593316430581,8.83949939911588e-08,not independently reconciled,not independently reconciled,53.4454,162,False,False,True,347
DOC,Healthpeak Properties,Real Estate,2026-09-24T20:00:03+00:00,20.27,0.14,144.78572,144.78571428571428,3.9467191403907975e-08,not independently reconciled,not independently reconciled,53.3956,163,False,False,True,141
AMCR,Amcor,Materials,2026-09-24T20:00:03+00:00,42.1,4.35667,9.663343,9.663343792391895,8.199976919698315e-08,not independently reconciled,not independently reconciled,53.3924,164,False,False,True,166
NTRS,Northern Trust,Financials,2026-09-24T20:00:00+00:00,174.5,12.67615,13.766009,13.766009395597244,2.8737250135080217e-08,not independently reconciled,not independently reconciled,53.331,165,False,False,True,230
NDAQ,"Nasdaq, Inc.",Financials,2026-09-24T20:00:01+00:00,94.55,4.67942,20.205496,20.20549555286766,2.212924343769629e-08,not independently reconciled,not independently reconciled,53.3198,166,False,False,True,311
VEEV,Veeva Systems,Health Care,2026-09-24T20:00:03+00:00,274.84,10.25064,26.811985,26.81198442243606,2.15412601090037e-08,not independently reconciled,not independently reconciled,53.1684,167,False,False,True,183
ITW,Illinois Tool Works,Industrials,2026-09-24T20:00:02+00:00,272.0,12.40077,21.934122,21.93412183275716,7.624779252424219e-09,not independently reconciled,not independently reconciled,53.1663,168,False,False,True,187
DAL,Delta Air Lines,Industrials,2026-09-24T20:00:02+00:00,82.76,8.48607,9.752454,9.752453137907183,8.839752707601178e-08,not independently reconciled,not independently reconciled,53.1619,169,False,False,True,37
VMRK,Vivmark Residential,Real Estate,2026-09-24T20:00:02+00:00,61.05,1.47305,41.444622,41.44462170326873,7.159705162074204e-09,not independently reconciled,not independently reconciled,53.1573,170,False,False,True,390
EXR,Extra Space Storage,Real Estate,2026-09-24T20:00:02+00:00,132.23,4.81188,27.479902,27.47990390450302,6.930530616067188e-08,not independently reconciled,not independently reconciled,53.1507,171,False,False,True,178
JBHT,J.B. Hunt,Industrials,2026-09-24T20:00:01+00:00,229.15,10.01838,22.87296,22.872959500438196,2.1840715125343024e-08,not independently reconciled,not independently reconciled,53.1025,172,False,False,True,46
URI,United Rentals,Industrials,2026-09-24T20:00:02+00:00,1021.67,57.31793,17.824615,17.824614392041024,3.410783222523861e-08,not independently reconciled,not independently reconciled,53.0962,173,False,False,True,148
STX,Seagate Technology,Information Technology,2026-09-24T20:00:00+00:00,905.92,55.3714,16.360792,16.360792755827013,4.619745874734349e-08,not independently reconciled,not independently reconciled,53.0402,174,False,False,False,5
JBL,Jabil,Information Technology,2026-09-24T20:00:03+00:00,310.69,16.87214,18.41438,18.414380155688608,8.454729805151828e-09,not independently reconciled,not independently reconciled,53.0342,175,False,False,True,57
NUE,Nucor,Materials,2026-09-24T20:00:02+00:00,247.96,19.7684,12.543251,12.543250844782582,1.2374576363605172e-08,not independently reconciled,not independently reconciled,53.0288,176,False,False,True,110
DDOG,Datadog,Information Technology,2026-09-24T20:00:01+00:00,256.92,2.97347,86.404106,86.40410025996565,6.643242567161423e-08,not independently reconciled,not independently reconciled,52.9221,177,False,False,False,121
WFC,Wells Fargo,Financials,2026-09-24T20:04:09+00:00,82.18,7.90196,10.399952,10.399951404461678,5.72635645568198e-08,not independently reconciled,not independently reconciled,52.8622,178,False,False,True,301
PANW,Palo Alto Networks,Information Technology,2026-09-24T20:00:01+00:00,389.92,4.87907,79.91688,79.91686940339041,1.3259538655940872e-07,not independently reconciled,not independently reconciled,52.8548,179,False,False,True,234
FTV,Fortive,Industrials,2026-09-24T20:00:02+00:00,55.44,3.24797,17.069122,17.069123175398786,6.886111569848197e-08,not independently reconciled,not independently reconciled,52.8457,180,False,False,True,123
KO,Coca-Cola Company (The),Consumer Staples,2026-09-24T20:00:02+00:00,88.1,3.52638,24.983126,24.983127172908194,4.6948015919312525e-08,not independently reconciled,not independently reconciled,52.8373,181,False,False,True,198
PFG,Principal Financial Group,Financials,2026-09-24T20:00:00+00:00,114.15,10.38942,10.98714,10.98713883931923,1.0563993624312928e-07,not independently reconciled,not independently reconciled,52.8293,182,False,False,True,129
ROK,Rockwell Automation,Industrials,2026-09-24T20:00:02+00:00,432.93,14.85624,29.141289,29.141290124553723,3.858970432091269e-08,not independently reconciled,not independently reconciled,52.8178,183,False,False,True,143
STZ,Constellation Brands,Consumer Staples,2026-09-24T20:00:02+00:00,114.21,12.28778,9.2946005,9.29460000097658,5.3689603984885537e-08,not independently reconciled,not independently reconciled,52.7614,184,False,False,True,188
BR,Broadridge Financial Solutions,Industrials,2026-09-24T20:00:02+00:00,162.66,11.57582,14.051704,14.051704328505453,2.3378335711754517e-08,not independently reconciled,not independently reconciled,52.7537,185,False,False,True,144
STE,Steris,Health Care,2026-09-24T20:00:02+00:00,208.77,12.24711,17.04647,17.046470555094224,3.25635878262176e-08,not independently reconciled,not independently reconciled,52.7334,186,False,False,True,401
ICE,Intercontinental Exchange,Financials,2026-09-24T20:00:03+00:00,156.93,8.80063,17.831678,17.831677959418816,2.2757916662285993e-09,not independently reconciled,not independently reconciled,52.7079,187,False,False,True,352
HBAN,Huntington Bancshares,Financials,2026-09-24T20:00:01+00:00,15.31,1.77556,8.622632,8.622631733087026,3.0954930396731584e-08,not independently reconciled,not independently reconciled,52.6349,188,False,False,True,355
AMP,Ameriprise Financial,Financials,2026-09-24T20:00:03+00:00,485.15,51.66846,9.389674,9.389674087441351,9.31250143665352e-09,Dated public display corroborated; FMP current-plan access blocked,Public adjusted-EPS display checked; original vintage unresolved,52.6154,189,False,False,True,61
APP,AppLovin,Communication Services,2026-09-24T20:00:01+00:00,312.47,20.98079,14.893148,14.89314749349286,3.4009407512414214e-08,not independently reconciled,not independently reconciled,52.6048,190,False,False,False,366
AME,Ametek,Industrials,2026-09-24T20:00:02+00:00,247.74,9.58502,25.846582,25.846581436449796,2.180366465154293e-08,Dated public display corroborated; FMP current-plan access blocked,Public adjusted-EPS display checked; original vintage unresolved,52.5264,191,False,False,True,146
RSG,Republic Services,Industrials,2026-09-24T20:00:03+00:00,212.72,8.05896,26.395466,26.39546541985566,2.197893900213188e-08,not independently reconciled,not independently reconciled,52.4935,192,False,False,True,402
MSCI,MSCI,Financials,2026-09-24T20:00:02+00:00,556.08,22.49735,24.717577,24.717577848057662,3.430990269670531e-08,not independently reconciled,not independently reconciled,52.4833,193,False,False,True,418
UNH,UnitedHealth Group,Health Care,2026-09-24T20:00:02+00:00,375.01,22.61019,16.585886,16.585884506056782,9.007316315035041e-08,not independently reconciled,not independently reconciled,52.2668,194,False,False,False,85
ALLE,Allegion,Industrials,2026-09-24T20:00:03+00:00,152.48,9.77328,15.601722,15.601722246778973,1.581741893019739e-08,Dated public display corroborated; FMP current-plan access blocked,Public adjusted-EPS display checked; original vintage unresolved,52.2577,195,False,False,True,197
REGN,Regeneron Pharmaceuticals,Health Care,2026-09-24T20:00:00+00:00,796.02,60.88364,13.074449,13.07444824258208,5.7931154096024784e-08,not independently reconciled,not independently reconciled,52.2361,196,False,False,True,78
INTU,Intuit,Information Technology,2026-09-24T20:00:01+00:00,277.13,27.07542,10.235483,10.235482958343766,4.0697868408656745e-09,not independently reconciled,not independently reconciled,52.16,197,False,False,False,306
WTW,Willis Towers Watson,Financials,2026-09-24T20:00:01+00:00,293.63,22.85365,12.848276,12.848275877157478,9.561012093151078e-09,not independently reconciled,not independently reconciled,52.1461,198,False,False,True,276
COF,Capital One,Financials,2026-09-24T20:00:02+00:00,196.61,24.09297,8.160472,8.160471706061976,3.601973319611318e-08,not independently reconciled,not independently reconciled,52.1151,199,False,False,True,278
PG,Procter & Gamble,Consumer Staples,2026-09-24T20:03:42+00:00,145.68,7.3998,19.687017,19.68701856806941,7.964992398967752e-08,not independently reconciled,not independently reconciled,52.108,200,False,False,True,404
NSC,Norfolk Southern,Industrials,2026-09-24T20:00:02+00:00,313.17,14.31468,21.877542,21.877541097670367,4.1244561765907406e-08,not independently reconciled,not independently reconciled,52.0739,201,False,False,True,281
PPL,PPL Corporation,Utilities,2026-09-24T20:00:02+00:00,31.97,2.11784,15.095569,15.095569070373587,4.6618704452328075e-09,not independently reconciled,not independently reconciled,52.0553,202,False,False,False,456
SHW,Sherwin-Williams,Materials,2026-09-24T20:00:02+00:00,320.4,13.6006,23.557783,23.55778421540226,5.159238702923119e-08,not independently reconciled,not independently reconciled,51.9927,203,False,False,True,365
GE,GE Aerospace,Industrials,2026-09-24T20:00:02+00:00,319.78,9.08647,35.192986,35.19298473444582,3.596040909492615e-08,not independently reconciled,not independently reconciled,51.8836,204,False,False,True,288
UDR,"UDR, Inc.",Real Estate,2026-09-24T20:00:02+00:00,33.55,0.56,59.910713,59.91071428571428,2.1460506927084566e-08,not independently reconciled,not independently reconciled,51.858,205,False,False,True,375
WSM,"Williams-Sonoma, Inc.",Consumer Discretionary,2026-09-24T20:00:03+00:00,228.66,10.51412,21.747898,21.747897113595812,4.0758154518094614e-08,not independently reconciled,not independently reconciled,51.8435,206,False,False,True,99
DRI,Darden Restaurants,Consumer Discretionary,2026-09-24T20:03:52+00:00,207.24,12.39725,16.71661,16.71661053862752,3.222109756784164e-08,not independently reconciled,not independently reconciled,51.8281,207,False,False,True,334
XYL,Xylem Inc.,Industrials,2026-09-24T20:00:03+00:00,102.66,6.24551,16.437408,16.437408634362924,3.859263708605454e-08,not independently reconciled,not independently reconciled,51.8144,208,False,False,True,316
VTR,Ventas,Real Estate,2026-09-24T20:03:28+00:00,86.83,0.79,109.91139,109.91139240506328,2.1881838563331257e-08,not independently reconciled,not independently reconciled,51.6692,209,False,False,True,314
HON,Honeywell Technologies,Industrials,2026-09-24T20:00:01+00:00,211.79,9.93901,21.308964,21.308963367578862,2.967864309866286e-08,not independently reconciled,not independently reconciled,51.6691,210,False,False,True,292
T,AT&T,Communication Services,2026-09-24T20:04:05+00:00,25.45,2.56919,9.905846,9.905845811325749,1.9046757948615323e-08,not independently reconciled,not independently reconciled,51.5143,211,False,False,True,202
PM,Philip Morris International,Consumer Staples,2026-09-24T20:00:02+00:00,191.5,9.19078,20.8361,20.83609878595723,5.826631510608138e-08,not independently reconciled,not independently reconciled,51.48,212,False,False,True,214
MAA,Mid-America Apartment Communities,Real Estate,2026-09-24T20:00:02+00:00,117.26,3.27957,35.75469,35.75468735230533,7.405167445906358e-08,not independently reconciled,not independently reconciled,51.4764,213,False,False,True,377
BIIB,Biogen,Health Care,2026-09-24T20:00:01+00:00,226.36,16.53585,13.689045,13.689045316690706,2.313460911729237e-08,not independently reconciled,not independently reconciled,51.4618,214,False,False,True,14
BALL,Ball Corporation,Materials,2026-09-24T20:00:02+00:00,56.66,4.52277,12.527721,12.52772084364228,1.2480938837988731e-08,not independently reconciled,not independently reconciled,51.418,215,False,False,True,255
PSX,Phillips 66,Energy,2026-09-24T20:00:03+00:00,255.87,24.89667,10.277278,10.277278045618148,4.438738265832853e-09,not independently reconciled,not independently reconciled,51.3139,216,False,False,True,79
CTAS,Cintas,Industrials,2026-09-24T20:00:01+00:00,197.68,6.15286,32.128147,32.128148535802865,4.7802410252373306e-08,not independently reconciled,not independently reconciled,51.0862,217,False,False,True,320
CRWD,CrowdStrike,Information Technology,2026-09-24T20:00:01+00:00,259.67,1.60591,161.6965,161.69648361365208,1.0134015215879089e-07,not independently reconciled,not independently reconciled,51.0599,218,False,False,True,112
ES,Eversource Energy,Utilities,2026-09-24T20:00:03+00:00,63.8,4.91647,12.97679,12.976790258050999,1.9885580293532712e-08,not independently reconciled,not independently reconciled,51.058,219,False,False,True,241
MET,MetLife,Financials,2026-09-24T20:00:02+00:00,97.25,10.93225,8.895699,8.895698506711794,5.545243908500197e-08,not independently reconciled,not independently reconciled,51.0355,220,False,False,True,211
FFIV,"F5, Inc.",Information Technology,2026-09-24T20:00:01+00:00,446.55,18.07676,24.70299,24.702988809941605,4.817467014195387e-08,not independently reconciled,not independently reconciled,51.0252,221,False,False,True,82
MCD,McDonald's,Consumer Discretionary,2026-09-24T20:00:02+00:00,237.02,13.86623,17.093327,17.093326736971765,1.5387772944741585e-08,not independently reconciled,not independently reconciled,50.9767,222,False,False,True,477
FLEX,Flex Ltd.,Information Technology,2026-09-24T20:00:01+00:00,112.4,7.11111,15.8062525,15.80625246972695,1.915257841211826e-09,not independently reconciled,not independently reconciled,50.9515,223,False,False,False,56
TROW,T. Rowe Price,Financials,2026-09-24T20:00:00+00:00,104.27,10.32121,10.102497,10.102497672269045,6.654483986068271e-08,not independently reconciled,not independently reconciled,50.9468,224,False,False,True,60
MAR,Marriott International,Consumer Discretionary,2026-09-24T20:00:01+00:00,351.51,13.15687,26.71684,26.716840707554304,2.6483457649106867e-08,not independently reconciled,not independently reconciled,50.8691,225,False,False,True,309
CMI,Cummins,Industrials,2026-09-24T20:00:02+00:00,521.07,34.62433,15.049245,15.049244274185234,4.8229314209002894e-08,not independently reconciled,not independently reconciled,50.8668,226,False,False,True,216
L,Loews Corporation,Financials,2026-09-24T20:00:02+00:00,105.07,2.9,36.231033,36.231034482758616,4.092509930941901e-08,not independently reconciled,not independently reconciled,50.8373,227,False,False,True,452
WDC,Western Digital,Information Technology,2026-09-24T20:00:00+00:00,450.31,31.74953,14.183202,14.183202082046568,5.784770440442344e-09,not independently reconciled,not independently reconciled,50.7783,228,False,False,False,12
MCK,McKesson Corporation,Health Care,2026-09-24T20:00:02+00:00,869.36,50.4692,17.225555,17.225555388236785,2.2538419575113267e-08,not independently reconciled,not independently reconciled,50.7636,229,False,False,True,239
MDLZ,Mondelez International,Consumer Staples,2026-09-24T20:00:01+00:00,60.86,3.36018,18.112125,18.112124945687434,2.9986854110930494e-09,not independently reconciled,not independently reconciled,50.7589,230,False,False,True,389
NFLX,Netflix,Communication Services,2026-09-24T20:00:01+00:00,71.72,3.81322,18.808252,18.808251294181822,3.752704813564378e-08,not independently reconciled,not independently reconciled,50.738,231,False,False,True,455
DHR,Danaher Corporation,Health Care,2026-09-24T20:04:03+00:00,223.77,9.29884,24.064293,24.064291890171248,4.611931680997827e-08,not independently reconciled,not independently reconciled,50.675,232,False,False,True,336
EXC,Exelon,Utilities,2026-09-24T20:00:01+00:00,40.2,3.0383,13.231083,13.231083171510384,1.2962686701811776e-08,not independently reconciled,not independently reconciled,50.6727,233,False,False,False,367
VTRS,Viatris,Health Care,2026-09-24T20:00:00+00:00,17.42,2.67329,6.516315,6.516315102364502,1.570895546976203e-08,not independently reconciled,not independently reconciled,50.668,234,False,False,True,15
IVZ,Invesco,Financials,2026-09-24T20:00:02+00:00,30.68,3.2691,9.384847,9.384845982074577,1.084647862636956e-07,not independently reconciled,not independently reconciled,50.635,235,False,False,True,21
DIS,Walt Disney Company (The),Communication Services,2026-09-24T20:03:26+00:00,105.56,7.47903,14.114129,14.11412977351341,5.480419007497517e-08,not independently reconciled,not independently reconciled,50.6041,236,False,False,True,322
HSIC,Henry Schein,Health Care,2026-09-24T20:00:01+00:00,85.53,5.99835,14.258921,14.258921203330916,1.4259909031366647e-08,not independently reconciled,not independently reconciled,50.5868,237,False,False,True,161
NEE,NextEra Energy,Utilities,2026-09-24T20:00:03+00:00,75.62,4.39361,17.211359,17.211359223963896,1.3012563027103852e-08,not independently reconciled,not independently reconciled,50.5862,238,False,False,False,439
RJF,Raymond James Financial,Financials,2026-09-24T20:00:02+00:00,158.76,14.19729,11.182415,11.182415799071512,7.145786584672464e-08,not independently reconciled,not independently reconciled,50.5856,239,False,False,True,274
KLAC,KLA Corporation,Information Technology,2026-09-24T20:00:01+00:00,187.11,6.70539,27.904417,27.904417192735995,6.907006744327759e-09,not independently reconciled,not independently reconciled,50.5416,240,False,False,False,132
PWR,Quanta Services,Industrials,2026-09-24T20:00:02+00:00,643.5,19.71509,32.639973,32.63997273154725,8.224661951494738e-09,not independently reconciled,not independently reconciled,50.4659,241,False,False,True,223
TDG,TransDigm Group,Industrials,2026-09-24T20:00:03+00:00,1105.28,48.35843,22.855995,22.855994290964368,3.1021866742086956e-08,not independently reconciled,not independently reconciled,50.4395,242,False,False,True,413
EFX,Equifax,Industrials,2026-09-24T20:00:03+00:00,148.8,10.1611,14.644084,14.644083809823742,1.2986558717287267e-08,not independently reconciled,not independently reconciled,50.4097,243,False,False,True,254
HLT,Hilton Worldwide,Consumer Discretionary,2026-09-24T20:00:03+00:00,312.13,10.45504,29.854502,29.854500795788443,4.033601219699534e-08,not independently reconciled,not independently reconciled,50.3632,244,False,False,True,324
ABT,Abbott Laboratories,Health Care,2026-09-24T20:03:40+00:00,101.07,6.06545,16.66323,16.663231911894417,1.147373238641336e-07,not independently reconciled,not independently reconciled,50.2819,245,False,False,True,391
ZBRA,Zebra Technologies,Information Technology,2026-09-24T20:00:00+00:00,365.1,22.19966,16.4462,16.446197824651367,1.322705934780899e-07,not independently reconciled,not independently reconciled,50.2574,246,False,False,True,92
HST,Host Hotels & Resorts,Real Estate,2026-09-24T20:00:01+00:00,22.21,1.05559,21.040365,21.040366051213066,4.996173141869065e-08,not independently reconciled,not independently reconciled,50.207,247,False,False,True,38
META,Meta Platforms,Communication Services,2026-09-24T20:00:01+00:00,777.59,34.9278,22.262783,22.262782081894652,4.123946883982654e-08,not independently reconciled,not independently reconciled,50.1925,248,False,False,True,361
WDAY,"Workday, Inc.",Information Technology,2026-09-24T20:00:01+00:00,190.99,13.23298,14.432879,14.432879064277284,4.453531765591379e-09,not independently reconciled,not independently reconciled,50.1809,249,False,False,False,32
GWW,W. W. Grainger,Industrials,2026-09-24T20:00:02+00:00,1279.47,51.04409,25.065977,25.065977275723792,1.0999922084309333e-08,not independently reconciled,not independently reconciled,50.1562,250,False,False,True,290
EVRG,Evergy,Utilities,2026-09-24T20:00:01+00:00,77.66,4.56503,17.011936,17.011936394722486,2.3202678889333583e-08,not independently reconciled,not independently reconciled,50.069,251,False,False,False,403
TKO,TKO Group Holdings,Communication Services,2026-09-24T20:00:02+00:00,185.06,4.68126,39.53209,39.53209178725386,4.521020424697042e-08,not independently reconciled,not independently reconciled,50.0485,252,False,False,True,458
ESS,Essex Property Trust,Real Estate,2026-09-24T20:00:02+00:00,271.65,6.29964,43.12151,43.121511705430784,3.9549421737561374e-08,not independently reconciled,not independently reconciled,50.0104,253,False,False,True,226
YUM,Yum! Brands,Consumer Discretionary,2026-09-24T20:03:24+00:00,137.34,6.92973,19.818954,19.818953985220205,7.457404693766989e-10,not independently reconciled,not independently reconciled,49.9965,254,False,False,True,480
BRO,Brown & Brown,Financials,2026-09-24T20:00:02+00:00,60.33,4.82516,12.503213,12.503212328710342,5.36893723923626e-08,not independently reconciled,not independently reconciled,49.9751,255,False,False,True,436
CBRE,CBRE Group,Real Estate,2026-09-24T20:03:58+00:00,136.53,9.09536,15.010951,15.010950638567358,2.4077930982357998e-08,not independently reconciled,not independently reconciled,49.9726,256,False,False,True,235
CHD,Church & Dwight,Consumer Staples,2026-09-24T20:04:04+00:00,95.33,4.03525,23.62431,23.624310761415032,3.22301489941168e-08,not independently reconciled,not independently reconciled,49.97,257,False,False,True,327
EQT,EQT Corporation,Energy,2026-09-24T20:03:16+00:00,51.87,3.82083,13.575583,13.575584362559967,1.0036843112182225e-07,not independently reconciled,not independently reconciled,49.9695,258,False,False,True,335
HAL,Halliburton,Energy,2026-09-24T20:00:03+00:00,32.76,2.90226,11.287754,11.287755059849909,9.389378163859874e-08,not independently reconciled,not independently reconciled,49.9611,259,False,False,True,182
CIEN,Ciena,Information Technology,2026-09-24T20:00:02+00:00,358.43,11.79509,30.38807,30.388068255519883,5.7406742692833745e-08,not independently reconciled,not independently reconciled,49.9465,260,False,False,False,224
AXP,American Express,Financials,2026-09-24T20:03:21+00:00,305.66,20.17759,15.14849,15.148488991995578,6.654157758134716e-08,not independently reconciled,not independently reconciled,49.9417,261,False,False,True,397
APO,Apollo Global Management,Financials,2026-09-24T20:00:03+00:00,120.69,10.73575,11.2418785,11.241878769531706,2.397568210632528e-08,not independently reconciled,not independently reconciled,49.9118,262,False,False,True,304
RDDT,Reddit,Communication Services,2026-09-24T20:04:09+00:00,152.72,9.68749,15.764661,15.764661434489222,2.756096195710711e-08,not independently reconciled,not independently reconciled,49.8883,263,False,False,False,151
WMB,Williams Companies,Energy,2026-09-24T20:00:02+00:00,70.58,2.57899,27.367304,27.367302703771628,4.736412373418375e-08,not independently reconciled,not independently reconciled,49.8255,264,False,False,False,471
AEE,Ameren,Utilities,2026-09-24T20:00:03+00:00,99.2,5.8176,17.051704,17.051705170517053,6.864516599591752e-08,not independently reconciled,not independently reconciled,49.8189,265,False,False,False,373
DASH,DoorDash,Consumer Discretionary,2026-09-24T20:00:01+00:00,187.53,8.14399,23.026798,23.02679644744161,6.742398106496239e-08,not independently reconciled,not independently reconciled,49.8156,266,False,False,True,218
PLTR,Palantir Technologies,Information Technology,2026-09-24T20:00:00+00:00,192.59,2.32299,82.90608,82.90608224744834,2.710836577435316e-08,not independently reconciled,not independently reconciled,49.6454,267,False,False,False,86
ALGN,Align Technology,Health Care,2026-09-24T20:00:01+00:00,145.625,12.54855,11.604927,11.60492646560758,4.604875325497915e-08,not independently reconciled,not independently reconciled,49.635,268,False,False,False,155
TEL,TE Connectivity,Information Technology,2026-09-24T20:03:04+00:00,213.67,12.91682,16.541998,16.541997178872197,4.963897359822056e-08,not independently reconciled,not independently reconciled,49.6334,269,False,False,True,271
BA,Boeing,Industrials,2026-09-24T20:00:03+00:00,196.8,4.09038,48.11289,48.11288926701187,1.5234755790238808e-08,not independently reconciled,not independently reconciled,49.6146,270,False,False,True,460
EXPD,Expeditors International,Industrials,2026-09-24T20:00:03+00:00,183.66,7.9276,23.167164,23.167162823553156,5.0780788019011425e-08,not independently reconciled,not independently reconciled,49.5853,271,False,False,True,88
TFC,Truist Financial,Financials,2026-09-24T20:00:03+00:00,47.18,4.97611,9.481301,9.48130165932827,6.953985209889879e-08,not independently reconciled,not independently reconciled,49.5504,272,False,False,True,319
MAS,Masco,Industrials,2026-09-24T20:03:40+00:00,67.31,4.65558,14.457919,14.45791931402747,2.172010149514847e-08,not independently reconciled,not independently reconciled,49.5448,273,False,False,True,139
TJX,TJX Companies,Consumer Discretionary,2026-09-24T20:03:30+00:00,131.63,5.77352,22.798918,22.79891643226316,6.876365099550696e-08,not independently reconciled,not independently reconciled,49.4665,274,False,False,True,466
CBOE,Cboe Global Markets,Financials,2026-09-24T20:00:00+00:00,267.57,15.223,17.576694,17.576693161663272,4.7695927762880785e-08,not independently reconciled,not independently reconciled,49.464,275,False,False,True,425
CRH,CRH plc,Materials,2026-09-24T20:00:02+00:00,83.96,6.49414,12.928578,12.928578687863212,5.320486229365429e-08,not independently reconciled,not independently reconciled,49.3843,276,False,False,True,457
LRCX,Lam Research,Information Technology,2026-09-24T20:00:01+00:00,307.16,11.73954,26.164568,26.16456862875377,2.4030733847268948e-08,not independently reconciled,not independently reconciled,49.3256,277,False,False,False,100
AON,Aon plc,Financials,2026-09-24T20:00:03+00:00,276.09,20.28863,13.608114,13.60811449565594,3.6423558613662976e-08,not independently reconciled,not independently reconciled,49.2809,278,False,False,True,449
VRTX,Vertex Pharmaceuticals,Health Care,2026-09-24T20:00:00+00:00,522.38,20.0928,25.998367,25.99836757445453,2.209579275103124e-08,not independently reconciled,not independently reconciled,49.2218,279,False,False,True,240
BBY,Best Buy,Consumer Discretionary,2026-09-24T20:00:03+00:00,91.0,7.21321,12.615743,12.61574250576373,3.917615232218452e-08,not independently reconciled,not independently reconciled,49.1546,280,False,False,True,45
VRSK,Verisk Analytics,Industrials,2026-09-24T20:00:00+00:00,168.65,8.69836,19.38871,19.388712354972665,1.2146102879029286e-07,not independently reconciled,not independently reconciled,49.0932,281,False,False,True,269
UAL,United Airlines Holdings,Industrials,2026-09-24T20:00:00+00:00,111.19,14.5621,7.6355743,7.63557453938649,3.135147141897221e-08,not independently reconciled,not independently reconciled,49.0823,282,False,False,True,134
UPS,United Parcel Service,Industrials,2026-09-24T20:03:29+00:00,92.05,8.06955,11.407081,11.40707970085073,1.1388972076531445e-07,not independently reconciled,not independently reconciled,49.0768,283,False,False,True,69
ETR,Entergy,Utilities,2026-09-24T20:00:03+00:00,98.16,5.1044,19.230469,19.230467831674634,6.075386749238021e-08,not independently reconciled,not independently reconciled,48.9404,284,False,False,False,408
KVUE,Kenvue,Consumer Staples,2026-09-24T20:00:02+00:00,17.61,1.23981,14.20379,14.203789290294479,4.9965926063322286e-08,not independently reconciled,not independently reconciled,48.9357,285,False,False,True,147
CAT,Caterpillar Inc.,Industrials,2026-09-24T20:00:03+00:00,805.25,32.37734,24.87079,24.87078926187266,2.967848389268113e-08,not independently reconciled,not independently reconciled,48.8677,286,False,False,True,232
HUM,Humana,Health Care,2026-09-24T20:03:14+00:00,380.32,16.56803,22.955053,22.955052592251462,1.7762909809704297e-08,not independently reconciled,not independently reconciled,48.8294,287,False,False,False,33
AEP,American Electric Power,Utilities,2026-09-24T20:00:01+00:00,117.57,6.85684,17.146381,17.14638229855152,7.573327098775451e-08,not independently reconciled,not independently reconciled,48.8095,288,False,False,False,459
ON,ON Semiconductor,Information Technology,2026-09-24T20:00:00+00:00,73.15,4.5288,16.152182,16.152181593358065,2.517566566329066e-08,not independently reconciled,not independently reconciled,48.7876,289,False,False,False,62
COST,Costco,Consumer Staples,2026-09-24T20:00:01+00:00,896.48,22.62205,39.628593,39.628592457359076,1.369316660060349e-08,not independently reconciled,not independently reconciled,48.73,290,False,False,True,479
MTB,M&T Bank,Financials,2026-09-24T20:00:02+00:00,218.66,21.08796,10.368951,10.368949865231157,1.0943911710192822e-07,not independently reconciled,not independently reconciled,48.6888,291,False,False,True,208
FAST,Fastenal,Industrials,2026-09-24T20:00:01+00:00,50.73,1.40279,36.163647,36.16364530685277,4.6819039756229586e-08,not independently reconciled,not independently reconciled,48.6466,292,False,False,True,348
AZO,AutoZone,Consumer Discretionary,2026-09-24T20:00:02+00:00,2861.75,194.51799,14.712007,14.712006843171679,1.0659886195973911e-08,not independently reconciled,not independently reconciled,48.6255,293,False,False,True,465
LHX,L3Harris,Industrials,2026-09-24T20:00:02+00:00,238.04,13.53933,17.581373,17.581372194931358,4.579099943669007e-08,not independently reconciled,not independently reconciled,48.6045,294,False,False,True,446
IR,Ingersoll Rand,Industrials,2026-09-24T20:00:03+00:00,74.78,3.91727,19.089825,19.08982531201577,1.634461122002051e-08,not independently reconciled,not independently reconciled,48.5868,295,False,False,True,369
CNP,CenterPoint Energy,Utilities,2026-09-24T20:00:02+00:00,36.82,2.0874,17.639168,17.639168343393695,1.9467680800744347e-08,not independently reconciled,not independently reconciled,48.5385,296,False,False,False,487
SWK,Stanley Black & Decker,Industrials,2026-09-24T20:00:02+00:00,90.17,6.37961,14.134092,14.134092836395956,5.91757824963679e-08,not independently reconciled,not independently reconciled,48.5074,297,False,False,True,11
BX,Blackstone Inc.,Financials,2026-09-24T20:00:03+00:00,117.21,7.4849,15.659528,15.659527849403466,9.616926810451787e-09,not independently reconciled,not independently reconciled,48.3542,298,False,False,True,315
GDDY,GoDaddy,Information Technology,2026-09-24T20:00:03+00:00,100.81,11.0275,9.141691,9.141691226479256,2.4774328588605954e-08,not independently reconciled,not independently reconciled,48.3466,299,False,False,False,76
GNRC,Generac,Industrials,2026-09-24T20:00:02+00:00,198.05,12.44179,15.918128,15.918127536311095,2.9129612721945364e-08,not independently reconciled,not independently reconciled,48.3305,300,False,False,True,168
WEC,WEC Energy Group,Utilities,2026-09-24T20:00:02+00:00,100.9,5.9989,16.81975,16.81975028755272,1.709613517419939e-08,not independently reconciled,not independently reconciled,48.3259,301,False,False,False,432
ATO,Atmos Energy,Utilities,2026-09-24T20:00:03+00:00,156.42,9.02064,17.340233,17.34023306550311,3.777521850878429e-09,not independently reconciled,not independently reconciled,48.1559,302,False,False,False,454
ODFL,Old Dominion,Industrials,2026-09-24T20:00:00+00:00,174.93,6.6506,26.302889,26.302889964815208,3.6680959603074825e-08,not independently reconciled,not independently reconciled,48.1486,303,False,False,True,277
AMAT,Applied Materials,Information Technology,2026-09-24T20:00:01+00:00,474.25,18.45479,25.697935,25.697935332778105,1.2949604943912618e-08,not independently reconciled,not independently reconciled,48.1256,304,False,False,True,67
ORLY,O'Reilly Automotive,Consumer Discretionary,2026-09-24T20:00:00+00:00,86.24,3.65228,23.612646,23.612647442145725,6.107514272102321e-08,not independently reconciled,not independently reconciled,48.1225,305,False,False,True,485
STLD,Steel Dynamics,Materials,2026-09-24T20:00:01+00:00,235.2,19.56578,12.0209875,12.020987663154752,1.3572491575075674e-08,not independently reconciled,not independently reconciled,47.9506,306,False,False,True,127
SBAC,SBA Communications,Real Estate,2026-09-24T20:00:00+00:00,166.12,8.18447,20.296976,20.29697707976204,5.3198172977886315e-08,not independently reconciled,not independently reconciled,47.9171,307,False,False,True,305
DVA,DaVita,Health Care,2026-09-24T20:00:03+00:00,174.67,17.14283,10.189099,10.189099466074154,4.5742430510031795e-08,not independently reconciled,not independently reconciled,47.8747,308,False,False,True,52
TGT,Target Corporation,Consumer Staples,2026-09-24T20:00:02+00:00,156.15,9.54775,16.354637,16.354638527401743,9.33925798918267e-08,not independently reconciled,not independently reconciled,47.8626,309,False,False,True,152
PPG,PPG Industries,Materials,2026-09-24T20:00:02+00:00,106.32,8.66314,12.272686,12.272686346982733,2.82727621314649e-08,not independently reconciled,not independently reconciled,47.7875,310,False,False,True,227
LYV,Live Nation Entertainment,Communication Services,2026-09-24T20:00:03+00:00,171.06,1.8881,90.599014,90.5990148826863,9.74278058230027e-09,not independently reconciled,not independently reconciled,47.7741,311,False,False,True,443
MRVL,Marvell Technology,Information Technology,2026-09-24T20:00:01+00:00,258.95,6.75725,38.321804,38.32180250841689,3.892257038895508e-08,not independently reconciled,not independently reconciled,47.7016,312,False,False,False,74
SYY,Sysco,Consumer Staples,2026-09-24T20:00:02+00:00,78.19,5.37147,14.556538,14.556536665009762,9.17106963704839e-08,not independently reconciled,not independently reconciled,47.6611,313,False,False,True,364
BKR,Baker Hughes,Energy,2026-09-24T20:00:01+00:00,57.29,3.11092,18.415775,18.415774111838296,4.822830990125482e-08,not independently reconciled,not independently reconciled,47.6272,314,False,False,True,137
FOXA,Fox Corporation (Class A),Communication Services,2026-09-24T20:00:01+00:00,63.84,5.84668,10.919017,10.91901728844404,2.6416667298079233e-08,not independently reconciled,not independently reconciled,47.5263,315,False,False,True,150
ELV,Elevance Health,Health Care,2026-09-24T20:00:02+00:00,398.25,29.53956,13.48192,13.481920516080807,3.8279474035007865e-08,not independently reconciled,not independently reconciled,47.5153,316,False,False,True,89
EXE,Expand Energy,Energy,2026-09-24T20:00:01+00:00,88.62,8.555,10.358854,10.35885447106955,4.547506415875091e-08,not independently reconciled,not independently reconciled,47.455,317,False,False,True,396
APD,Air Products,Materials,2026-09-24T20:00:03+00:00,284.49,14.43686,19.705809,19.70580860380997,2.0105240472467756e-08,not independently reconciled,not independently reconciled,47.447,318,False,False,False,415
PKG,Packaging Corporation of America,Materials,2026-09-24T20:00:02+00:00,238.11,13.4966,17.642221,17.642221003808366,2.1586665788220216e-10,not independently reconciled,not independently reconciled,47.378,319,False,False,True,249
ROP,Roper Technologies,Information Technology,2026-09-24T20:00:00+00:00,364.02,24.29241,14.984927,14.984927390901108,2.608628713041128e-08,not independently reconciled,not independently reconciled,47.3076,320,False,False,True,265
DECK,Deckers Brands,Consumer Discretionary,2026-09-24T20:00:03+00:00,78.68,8.32562,9.450348,9.450347241406647,8.02714729131182e-08,not independently reconciled,not independently reconciled,47.226,321,False,False,False,145
EME,Emcor,Industrials,2026-09-24T20:00:03+00:00,751.96,36.74899,20.46206,20.46205895726658,5.095935695642595e-08,not independently reconciled,not independently reconciled,47.1784,322,False,False,True,259
BEN,Franklin Resources,Financials,2026-09-24T20:00:02+00:00,32.55,3.18022,10.235141,10.235140965090466,3.4107526802884536e-09,not independently reconciled,not independently reconciled,47.1767,323,False,False,True,164
D,Dominion Energy,Utilities,2026-09-24T20:03:48+00:00,60.4,3.81423,15.835438,15.835437296649651,4.4416223143883826e-08,not independently reconciled,not independently reconciled,47.1075,324,False,False,False,379
KMI,Kinder Morgan,Energy,2026-09-24T20:00:02+00:00,31.25,1.54454,20.232561,20.23256115089282,7.457919837250415e-09,not independently reconciled,not independently reconciled,47.0955,325,False,False,True,468
HOOD,Robinhood Markets,Financials,2026-09-24T20:00:01+00:00,120.82,3.3846,35.69698,35.696980440820184,1.2348948752460842e-08,not independently reconciled,not independently reconciled,47.0613,326,False,False,False,160
CNC,Centene Corporation,Health Care,2026-09-24T20:03:50+00:00,61.92,5.34776,11.578679,11.578679671488624,5.7993543522982804e-08,not independently reconciled,not independently reconciled,46.9625,327,False,False,False,7
MCHP,Microchip Technology,Information Technology,2026-09-24T20:00:01+00:00,74.69,4.58355,16.29523,16.295229680051488,1.9634488923614413e-08,not independently reconciled,not independently reconciled,46.7956,328,False,False,False,111
SW,Smurfit Westrock,Materials,2026-09-24T20:00:02+00:00,46.0,3.43101,13.407131,13.407130844853265,1.1571956393119365e-08,not independently reconciled,not independently reconciled,46.6373,329,False,False,True,207
HD,Home Depot (The),Consumer Discretionary,2026-09-24T20:00:03+00:00,292.18,16.0248,18.232988,18.232988867255756,4.756520199933334e-08,not independently reconciled,not independently reconciled,46.6353,330,False,False,True,491
AMD,Advanced Micro Devices,Information Technology,2026-09-24T20:00:01+00:00,629.26,15.57069,40.41311,40.41310950253328,1.2309538166555e-08,not independently reconciled,not independently reconciled,46.5299,331,False,False,False,53
PEG,Public Service Enterprise Group,Utilities,2026-09-24T20:00:03+00:00,66.56,4.67242,14.245295,14.245294729497777,1.8988881800297008e-08,not independently reconciled,not independently reconciled,46.4955,332,False,False,True,384
SRE,Sempra,Utilities,2026-09-24T20:03:31+00:00,77.74,5.53739,14.039104,14.039105065743968,7.591253448069324e-08,not independently reconciled,not independently reconciled,46.4007,333,False,False,False,472
LVS,Las Vegas Sands,Consumer Discretionary,2026-09-24T20:00:02+00:00,38.65,3.5108,11.008887,11.008886863392958,1.2408796878915496e-08,not independently reconciled,not independently reconciled,46.2985,334,False,False,True,302
ISRG,Intuitive Surgical,Health Care,2026-09-24T20:00:01+00:00,399.52,12.09157,33.041203,33.04120143207209,4.745371740000337e-08,not independently reconciled,not independently reconciled,46.2406,335,False,False,True,433
TTWO,Take-Two Interactive,Communication Services,2026-09-24T20:00:01+00:00,202.98,10.29217,19.721788,19.721788505242333,2.5618485111067457e-08,not independently reconciled,not independently reconciled,46.22,336,False,False,True,429
XEL,Xcel Energy,Utilities,2026-09-24T20:00:01+00:00,69.56,4.54032,15.320506,15.32050604362688,2.847613478351718e-09,not independently reconciled,not independently reconciled,46.2192,337,False,False,False,470
FCX,Freeport-McMoRan,Materials,2026-09-24T20:04:02+00:00,72.08,4.14244,17.400373,17.400372727184944,1.5678690012954632e-08,not independently reconciled,not independently reconciled,46.2088,338,False,False,True,42
J,Jacobs Solutions,Industrials,2026-09-24T20:00:02+00:00,135.33,8.25885,16.386059,16.38605859169255,2.491797757020464e-08,not independently reconciled,not independently reconciled,46.1753,339,False,False,True,291
DTE,DTE Energy,Utilities,2026-09-24T20:00:02+00:00,121.18,8.36462,14.487209,14.487209221698057,1.5303020628465447e-08,not independently reconciled,not independently reconciled,46.1516,340,False,False,False,445
KR,Kroger,Consumer Staples,2026-09-24T20:00:02+00:00,58.92,5.50897,10.695284,10.695284236436214,2.2106585895187436e-08,not independently reconciled,not independently reconciled,46.1366,341,False,False,True,313
LOW,Lowe's,Consumer Discretionary,2026-09-24T20:03:10+00:00,188.49,13.02812,14.467936,14.46793551180063,3.3743539518127363e-08,not independently reconciled,not independently reconciled,46.1322,342,False,False,True,473
DELL,Dell Technologies,Information Technology,2026-09-24T20:04:33+00:00,536.02,29.11713,18.409096,18.409094577659268,7.726293205223556e-08,not independently reconciled,not independently reconciled,46.0837,343,False,False,False,154
AWK,American Water Works,Utilities,2026-09-24T20:00:02+00:00,131.53,6.56585,20.03244,20.032440582712063,2.908842167137493e-08,not independently reconciled,not independently reconciled,45.9976,344,False,False,False,424
MPWR,Monolithic Power Systems,Information Technology,2026-09-24T20:00:01+00:00,1335.55,34.8707,38.300064,38.30006280344243,3.124165981471805e-08,not independently reconciled,not independently reconciled,45.9023,345,False,False,True,171
AJG,Arthur J. Gallagher & Co.,Financials,2026-09-24T20:00:03+00:00,227.13,14.86214,15.282456,15.282455958563167,2.7113987721705257e-09,not independently reconciled,not independently reconciled,45.8334,346,False,False,True,469
CSGP,CoStar Group,Real Estate,2026-09-24T20:00:01+00:00,27.855,1.77373,15.704193,15.70419398668343,6.282929843060003e-08,not independently reconciled,not independently reconciled,45.7996,347,False,False,False,382
PCAR,Paccar,Industrials,2026-09-24T20:00:01+00:00,110.67,7.2246,15.318495,15.318495141599536,9.243697585148425e-09,not independently reconciled,not independently reconciled,45.7698,348,False,False,True,220
CME,CME Group,Financials,2026-09-24T20:00:01+00:00,268.91,12.92641,20.803146,20.803146426579385,2.0505522835279066e-08,not independently reconciled,not independently reconciled,45.6047,349,False,False,True,447
FERG,Ferguson Enterprises,Industrials,2026-09-24T20:00:02+00:00,220.17,12.53415,17.56561,17.5656107514271,4.27783095613421e-08,not independently reconciled,not independently reconciled,45.5802,350,False,False,True,378
COR,Cencora,Health Care,2026-09-24T20:00:03+00:00,309.87,19.80668,15.644721,15.644721881708595,5.635821787031148e-08,not independently reconciled,not independently reconciled,45.5697,351,False,False,True,411
EIX,Edison International,Utilities,2026-09-24T20:00:03+00:00,52.54,6.5029,8.079473,8.079472235464177,9.462694205986111e-08,not independently reconciled,not independently reconciled,45.5058,352,False,False,True,107
LUV,Southwest Airlines,Industrials,2026-09-24T20:00:02+00:00,41.55,4.71015,8.821376,8.821375115442184,1.0027435826120978e-07,not independently reconciled,not independently reconciled,45.419,353,False,False,False,231
DXCM,Dexcom,Health Care,2026-09-24T20:00:01+00:00,87.47,3.12406,27.998823,27.998822045671336,3.40845993651584e-08,not independently reconciled,not independently reconciled,45.3358,354,False,False,False,133
KKR,KKR & Co.,Financials,2026-09-24T20:00:03+00:00,95.64,7.40917,12.908328,12.908328463242173,3.588707797597124e-08,not independently reconciled,not independently reconciled,45.2961,355,False,False,True,426
EG,Everest Group,Financials,2026-09-24T20:00:02+00:00,371.96,59.75196,6.2250676,6.225067763467508,2.6259555419017033e-08,not independently reconciled,not independently reconciled,45.2647,356,False,False,True,159
KHC,Kraft Heinz,Consumer Staples,2026-09-24T20:00:03+00:00,23.86,2.08757,11.429558,11.429556853183366,1.0033779385132391e-07,not independently reconciled,not independently reconciled,45.2271,357,False,False,True,125
CHRW,C.H. Robinson,Industrials,2026-09-24T20:00:01+00:00,146.2,7.50122,19.490162,19.49016293349615,4.789576135699747e-08,not independently reconciled,not independently reconciled,45.1779,358,False,False,True,387
FICO,Fair Isaac,Information Technology,2026-09-24T20:00:03+00:00,856.48,53.00952,16.157097,16.157097819410552,5.071520914334826e-08,not independently reconciled,not independently reconciled,45.1144,359,False,False,False,368
LITE,Lumentum,Information Technology,2026-09-24T20:00:01+00:00,929.04,34.52037,26.912804,26.912805395770672,5.1862699690374825e-08,not independently reconciled,not independently reconciled,45.0747,360,False,False,False,54
SYF,Synchrony Financial,Financials,2026-09-24T20:00:03+00:00,71.55,10.45594,6.8430004,6.843000246749694,2.239519170110782e-08,not independently reconciled,not independently reconciled,44.9549,361,False,False,True,185
FSLR,First Solar,Information Technology,2026-09-24T20:00:01+00:00,172.16,23.24912,7.405011,7.405011458498214,6.191728996185475e-08,not independently reconciled,not independently reconciled,44.7866,362,False,False,True,236
IRM,Iron Mountain,Real Estate,2026-09-24T20:00:02+00:00,114.09,2.7297,41.7958,41.79580173645456,4.1546149631699336e-08,not independently reconciled,not independently reconciled,44.7814,363,False,False,True,409
GEHC,GE HealthCare,Health Care,2026-09-24T20:00:01+00:00,66.38,5.41221,12.26486,12.264860380509994,3.102440571112197e-08,not independently reconciled,not independently reconciled,44.7388,364,False,False,True,299
VMC,Vulcan Materials Company,Materials,2026-09-24T20:00:02+00:00,241.7,10.65156,22.691511,22.69151185366275,3.762035727383761e-08,not independently reconciled,not independently reconciled,44.6828,365,False,False,True,481
IDXX,Idexx Laboratories,Health Care,2026-09-24T20:00:01+00:00,513.39,16.7397,30.669008,30.66900840516855,1.321100917550666e-08,not independently reconciled,not independently reconciled,44.6395,366,False,False,True,444
BSX,Boston Scientific,Health Care,2026-09-24T20:00:03+00:00,44.68,3.41449,13.08541,13.085409534073904,3.560653394352187e-08,not independently reconciled,not independently reconciled,44.5718,367,False,False,False,467
IQV,IQVIA,Health Care,2026-09-24T20:00:03+00:00,275.02,14.45948,19.020046,19.02004774722189,9.18621274603737e-08,not independently reconciled,not independently reconciled,44.5294,368,False,False,True,108
SLB,Schlumberger,Energy,2026-09-24T20:00:02+00:00,51.43,3.23475,15.8992195,15.899219414174201,5.39811395583456e-09,not independently reconciled,not independently reconciled,44.4232,369,False,False,True,258
CMCSA,Comcast,Communication Services,2026-09-24T20:00:01+00:00,22.13,3.5872,6.169157,6.169157002676181,4.338001069470465e-10,not independently reconciled,not independently reconciled,44.4072,370,False,False,True,242
CPRT,Copart,Industrials,2026-09-24T20:00:01+00:00,28.04,1.7705,15.837335,15.837334086416266,5.768544597550829e-08,not independently reconciled,not independently reconciled,44.3252,371,False,False,True,358
SBUX,Starbucks,Consumer Discretionary,2026-09-24T20:00:01+00:00,93.65,3.12275,29.989594,29.989592506604758,4.979711432095968e-08,not independently reconciled,not independently reconciled,44.2564,372,False,False,True,383
CASY,Casey's,Consumer Staples,2026-09-24T20:00:01+00:00,598.85,23.45296,25.53409,25.534090366418567,1.4350171495536301e-08,not independently reconciled,not independently reconciled,44.1783,373,False,False,True,399
HCA,HCA Healthcare,Health Care,2026-09-24T20:00:03+00:00,423.48,32.01582,13.227211,13.227210797661908,1.5297109356993133e-08,not independently reconciled,not independently reconciled,44.1616,374,False,False,True,393
NOC,Northrop Grumman,Industrials,2026-09-24T20:00:02+00:00,508.98,30.44997,16.715288,16.715287404224043,3.564257811117244e-08,not independently reconciled,not independently reconciled,44.1378,375,False,False,True,448
MLM,Martin Marietta Materials,Materials,2026-09-24T20:00:02+00:00,480.1,21.34734,22.489922,22.489921460940803,2.396892251343985e-08,not independently reconciled,not independently reconciled,44.1201,376,False,False,True,484
BG,Bunge Global,Consumer Staples,2026-09-24T20:00:03+00:00,110.21,11.26202,9.785989,9.785988659228096,3.4822428718328524e-08,not independently reconciled,not independently reconciled,44.0148,377,False,False,False,282
NOW,ServiceNow,Information Technology,2026-09-24T20:00:03+00:00,137.78,5.00551,27.525667,27.525666715279762,1.0343808809487598e-08,not independently reconciled,not independently reconciled,43.9355,378,False,False,False,266
NI,NiSource,Utilities,2026-09-24T20:03:36+00:00,39.12,2.25315,17.362358,17.362359363557683,7.853528205536975e-08,not independently reconciled,not independently reconciled,43.6821,379,False,False,False,492
DLTR,Dollar Tree,Consumer Staples,2026-09-24T20:00:01+00:00,113.5,7.90782,14.3528805,14.352881072153894,3.986334973227201e-08,not independently reconciled,not independently reconciled,43.6142,380,False,False,True,131
ADM,Archer Daniels Midland,Consumer Staples,2026-09-24T20:00:03+00:00,81.88,5.67012,14.440612,14.440611486176659,3.558182581908653e-08,not independently reconciled,not independently reconciled,43.5902,381,False,False,True,256
BXP,"BXP, Inc.",Real Estate,2026-09-24T20:00:02+00:00,62.27,2.22282,28.013964,28.013964243618467,8.696322550960645e-09,not independently reconciled,not independently reconciled,43.3361,382,False,False,True,170
RF,Regions Financial Corporation,Financials,2026-09-24T20:00:02+00:00,27.26,2.84599,9.578389,9.57838924240774,2.530777765130665e-08,not independently reconciled,not independently reconciled,43.3342,383,False,False,True,275
TRGP,Targa Resources,Energy,2026-09-24T20:00:03+00:00,283.15,12.07959,23.440365,23.440365111729783,4.766554706492343e-09,not independently reconciled,not independently reconciled,43.328,384,False,False,True,296
TMO,Thermo Fisher Scientific,Health Care,2026-09-24T20:00:02+00:00,678.39,27.54296,24.63025,24.630250343463448,1.3944781329655598e-08,not independently reconciled,not independently reconciled,43.2851,385,False,False,True,252
ROL,"Rollins, Inc.",Industrials,2026-09-24T20:00:02+00:00,30.4,1.2989,23.404419,23.404419123874046,5.29276311667104e-09,not independently reconciled,not independently reconciled,43.1309,386,False,False,True,490
TYL,Tyler Technologies,Information Technology,2026-09-24T20:00:02+00:00,326.85,15.35155,21.29101,21.291009702603322,1.3968180834211807e-08,not independently reconciled,not independently reconciled,43.0438,387,False,False,True,394
GLW,Corning Inc.,Information Technology,2026-09-24T20:04:03+00:00,154.15,4.36423,35.321236,35.321236506783556,1.4347843135809057e-08,not independently reconciled,not independently reconciled,42.9478,388,False,False,False,279
TER,Teradyne,Information Technology,2026-09-24T20:00:00+00:00,387.7,11.65247,33.27192,33.271915739753034,1.2804331606108832e-07,not independently reconciled,not independently reconciled,42.9474,389,False,False,False,83
GRMN,Garmin,Consumer Discretionary,2026-09-24T20:03:19+00:00,295.04,11.00504,26.809534,26.809534540537793,2.016214817324169e-08,not independently reconciled,not independently reconciled,42.8929,390,False,False,True,189
PODD,Insulet Corporation,Health Care,2026-09-24T20:00:00+00:00,135.78,7.70651,17.61887,17.6188702798024,1.5880836867765424e-08,not independently reconciled,not independently reconciled,42.7652,391,False,False,False,474
WMT,Walmart,Consumer Staples,2026-09-24T20:00:00+00:00,107.59,3.22947,33.315063,33.31506408172239,3.24694684472604e-08,not independently reconciled,not independently reconciled,42.7502,392,False,False,True,494
LNT,Alliant Energy,Utilities,2026-09-24T20:00:01+00:00,63.31,3.68569,17.177246,17.1772449663428,6.017595599594472e-08,not independently reconciled,not independently reconciled,42.7351,393,False,False,False,422
OTIS,Otis Worldwide,Industrials,2026-09-24T20:00:03+00:00,66.68,4.5402,14.686577,14.68657768380248,4.6559690547454124e-08,not independently reconciled,not independently reconciled,42.6333,394,False,False,True,414
ULTA,Ulta Beauty,Consumer Discretionary,2026-09-24T20:00:00+00:00,548.78,32.07953,17.106861,17.106859109220117,1.1052757609153474e-07,not independently reconciled,not independently reconciled,42.5761,395,False,False,True,300
OKE,Oneok,Energy,2026-09-24T20:00:02+00:00,91.18,6.23675,14.619794,14.61979396320199,2.5169991646478707e-09,not independently reconciled,not independently reconciled,42.5407,396,False,False,True,406
TSN,Tyson Foods,Consumer Staples,2026-09-24T20:00:03+00:00,51.14,4.12794,12.388745,12.388745960454852,7.752640418523526e-08,not independently reconciled,not independently reconciled,42.3723,397,False,False,True,341
LYB,LyondellBasell,Materials,2026-09-24T20:03:30+00:00,60.18,6.36898,9.448923,9.448922747441506,2.6728812940746138e-08,not independently reconciled,not independently reconciled,42.3385,398,False,False,True,360
A,Agilent Technologies,Health Care,2026-09-24T20:02:58+00:00,172.84,6.75735,25.578074,25.578074245081282,9.581694104809912e-09,not independently reconciled,not independently reconciled,42.3335,399,False,False,True,247
PNW,Pinnacle West Capital,Utilities,2026-09-24T20:03:32+00:00,91.08,5.56601,16.363607,16.363606964414362,2.174681656974542e-09,not independently reconciled,not independently reconciled,42.2625,400,False,False,False,370
ZTS,Zoetis,Health Care,2026-09-24T20:03:04+00:00,70.27,6.53144,10.75873,10.758730080962238,7.52525974867524e-09,not independently reconciled,not independently reconciled,42.1617,401,False,False,False,346
RMD,ResMed|,Health Care,2026-09-24T20:00:02+00:00,221.89,13.23212,16.769045,16.769043811573656,7.087024589402802e-08,not independently reconciled,not independently reconciled,42.0582,402,False,False,True,332
DG,Dollar General,Consumer Staples,2026-09-24T20:03:58+00:00,122.53,8.28076,14.796951,14.79695100449717,3.0392555139258093e-10,not independently reconciled,not independently reconciled,41.9872,403,False,False,True,222
CCI,Crown Castle,Real Estate,2026-09-24T20:00:02+00:00,67.63,2.88738,23.422619,23.422618429164157,2.4371136442269403e-08,not independently reconciled,not independently reconciled,41.9582,404,False,False,True,325
EL,Estée Lauder Companies (The),Consumer Staples,2026-09-24T20:00:03+00:00,95.37,3.91352,24.369366,24.369365686134223,1.2879521560371643e-08,not independently reconciled,not independently reconciled,41.938,405,False,False,False,116
JKHY,Jack Henry & Associates,Financials,2026-09-24T20:00:01+00:00,147.75,7.85333,18.813675,18.813675218028532,1.158883278229439e-08,not independently reconciled,not independently reconciled,41.8257,406,False,False,True,412
HUBB,Hubbell Incorporated,Industrials,2026-09-24T20:00:02+00:00,465.88,22.91317,20.332413,20.332411447215726,7.636989629578039e-08,not independently reconciled,not independently reconciled,41.7906,407,False,False,True,423
P,Everpure,Information Technology,2026-09-24T20:02:48+00:00,121.88,3.54987,34.333652,34.333651654849334,1.0052838783636275e-08,not independently reconciled,not independently reconciled,41.7765,408,False,False,False,140
BE,Bloom Energy,Industrials,2026-09-24T20:00:03+00:00,266.65,4.92871,54.101376,54.10137743953286,2.6608063752320277e-08,not independently reconciled,not independently reconciled,41.7473,409,False,False,False,40
TPL,Texas Pacific Land Corporation,Energy,2026-09-24T20:00:02+00:00,338.25,73.12,4.625957,4.625957330415755,7.142646496482996e-08,not independently reconciled,not independently reconciled,41.5215,410,False,False,False,333
CMG,Chipotle Mexican Grill,Consumer Discretionary,2026-09-24T20:03:37+00:00,32.01,1.37016,23.362234,23.36223506743738,4.569072364901672e-08,not independently reconciled,not independently reconciled,41.4409,411,False,False,True,407
RCL,Royal Caribbean Group,Consumer Discretionary,2026-09-24T20:00:02+00:00,238.98,20.28225,11.782717,11.782716414598971,4.9683025471480846e-08,not independently reconciled,not independently reconciled,41.3373,412,False,False,False,353
CMS,CMS Energy,Utilities,2026-09-24T20:00:02+00:00,62.77,4.1555,15.105283,15.105282156178559,5.5862670156336947e-08,not independently reconciled,not independently reconciled,41.3051,413,False,False,False,488
FIS,Fidelity National Information Services,Financials,2026-09-24T20:03:05+00:00,34.99,6.70041,5.222069,5.222068500285804,9.569276016030415e-08,not independently reconciled,not independently reconciled,41.23,414,False,False,True,381
PNR,Pentair,Industrials,2026-09-24T20:00:03+00:00,53.03,5.16856,10.260111,10.26011113346851,1.3008485844068218e-08,not independently reconciled,not independently reconciled,41.197,415,False,False,True,371
GPC,Genuine Parts Company,Consumer Discretionary,2026-09-24T20:00:03+00:00,129.26,8.30479,15.564511,15.564511565012479,3.6301331940435944e-08,not independently reconciled,not independently reconciled,41.1205,416,False,False,True,351
HRL,Hormel Foods,Consumer Staples,2026-09-24T20:03:42+00:00,19.84,1.55353,12.770916,12.77091527038422,5.7131045227976074e-08,not independently reconciled,not independently reconciled,41.0159,417,False,False,True,392
COO,Cooper Companies (The),Health Care,2026-09-24T20:00:01+00:00,55.38,4.69375,11.798669,11.798668442077231,4.728692437616644e-08,not independently reconciled,not independently reconciled,40.9984,418,False,False,True,385
AOS,A. O. Smith,Industrials,2026-09-24T20:00:03+00:00,57.7,4.08631,14.120319,14.12031882064748,1.2701732887698824e-08,not independently reconciled,not independently reconciled,40.9654,419,False,False,True,328
MTD,Mettler Toledo,Health Care,2026-09-24T20:00:02+00:00,1519.15,51.69527,29.386635,29.386634405817013,2.0219497298690214e-08,not independently reconciled,not independently reconciled,40.9431,420,False,False,True,312
WAT,Waters Corporation,Health Care,2026-09-24T20:00:02+00:00,430.3,16.54669,26.0052,26.00520104020804,4.0000001533258e-08,not independently reconciled,not independently reconciled,40.8917,421,False,False,False,338
HPQ,HP Inc.,Information Technology,2026-09-24T20:00:03+00:00,31.14,3.13797,9.923613,9.923613036453503,3.6734104646996e-09,not independently reconciled,not independently reconciled,40.7468,422,False,False,True,51
ACN,Accenture,Information Technology,2026-09-24T20:00:03+00:00,177.41,14.6731,12.090833,12.090832884666499,9.538920986429389e-09,not independently reconciled,not independently reconciled,40.7049,423,False,False,False,283
KMB,Kimberly-Clark,Consumer Staples,2026-09-24T20:00:01+00:00,97.22,7.48076,12.996006,12.996005753426122,1.8973050464055063e-08,not independently reconciled,not independently reconciled,40.6752,424,False,False,True,354
NRG,NRG Energy,Utilities,2026-09-24T20:00:02+00:00,97.85,11.18918,8.745055,8.745055491108374,5.615840881212364e-08,not independently reconciled,not independently reconciled,40.5895,425,False,False,True,345
COHR,Coherent Corp.,Information Technology,2026-09-24T20:00:02+00:00,290.61,13.95531,20.824331,20.824331383537878,1.8417776637136285e-08,not independently reconciled,not independently reconciled,40.5867,426,False,False,False,179
UHS,Universal Health Services,Health Care,2026-09-24T20:00:02+00:00,176.99,23.9994,7.3747683,7.374767702525896,8.101598314436131e-08,not independently reconciled,not independently reconciled,40.5436,427,False,False,True,372
FDS,FactSet,Financials,2026-09-24T20:00:02+00:00,271.25,19.72932,13.748572,13.748573189547333,8.652151906041183e-08,not independently reconciled,not independently reconciled,40.3633,428,False,False,False,128
IT,Gartner,Information Technology,2026-09-24T20:00:02+00:00,179.32,16.35869,10.961759,10.961757940275168,9.667470635132958e-08,not independently reconciled,not independently reconciled,40.342,429,False,False,False,26
MKC,McCormick & Company,Consumer Staples,2026-09-24T20:00:02+00:00,47.82,3.29584,14.509199,14.509199475702705,3.278628302183506e-08,not independently reconciled,not independently reconciled,40.3276,430,False,False,True,434
PYPL,PayPal,Financials,2026-09-24T20:00:00+00:00,52.6,5.78521,9.09215,9.092150501018978,5.510456579926881e-08,not independently reconciled,not independently reconciled,40.1161,431,False,False,True,75
XYZ,"Block, Inc.",Financials,2026-09-24T20:00:02+00:00,76.74,5.18666,14.795649,14.795648837594907,1.0976544007057498e-08,not independently reconciled,not independently reconciled,40.0276,432,False,False,True,303
BAX,Baxter International,Health Care,2026-09-24T20:00:02+00:00,23.48,2.0364,11.53015,11.530151247299155,1.0817718365530027e-07,not independently reconciled,not independently reconciled,40.0081,433,False,False,False,81
TRMB,Trimble Inc.,Information Technology,2026-09-24T20:00:00+00:00,57.69,4.1234,13.99088,13.99088131153902,9.374242493365159e-08,not independently reconciled,not independently reconciled,39.9266,434,False,False,True,298
PHM,PulteGroup,Consumer Discretionary,2026-09-24T20:00:02+00:00,118.18,11.10285,10.644114,10.644113898683672,9.518530852403728e-09,not independently reconciled,not independently reconciled,39.8255,435,False,False,True,196
PTC,PTC Inc.,Information Technology,2026-09-24T20:00:01+00:00,137.41,8.90923,15.42333,15.423330635756399,4.1220436841626906e-08,not independently reconciled,not independently reconciled,39.7705,436,False,False,True,225
ETN,Eaton Corporation,Industrials,2026-09-24T20:00:02+00:00,440.0,16.13361,27.27226,27.272259587283937,1.5133181596738154e-08,not independently reconciled,not independently reconciled,39.3209,437,False,False,True,267
ORCL,Oracle Corporation,Information Technology,2026-09-24T20:04:34+00:00,139.54,10.99719,12.688695,12.688695930505883,7.333345819482417e-08,not independently reconciled,not independently reconciled,39.2436,438,False,False,False,421
CARR,Carrier Global,Industrials,2026-09-24T20:00:03+00:00,54.87,3.30881,16.583,16.583001139382436,6.870785962398429e-08,not independently reconciled,not independently reconciled,39.202,439,False,False,True,388
WBD,Warner Bros. Discovery,Communication Services,2026-09-24T20:00:01+00:00,30.84,0.06222,495.66055,495.6605593056895,1.8774319432424136e-08,not independently reconciled,not independently reconciled,39.1374,440,False,False,True,349
WYNN,Wynn Resorts,Consumer Discretionary,2026-09-24T20:00:00+00:00,80.19,5.15234,15.563803,15.563802078278997,5.922209400655021e-08,not independently reconciled,not independently reconciled,38.863,441,False,False,True,478
DE,Deere & Company,Industrials,2026-09-24T20:00:02+00:00,694.94,22.85045,30.412529,30.412530168990113,3.843778051404456e-08,not independently reconciled,not independently reconciled,38.7942,442,False,False,True,248
WST,West Pharmaceutical Services,Health Care,2026-09-24T20:03:11+00:00,373.6,9.98307,37.423355,37.423357744661715,7.334087803734235e-08,not independently reconciled,not independently reconciled,38.7867,443,False,False,True,167
CCL,Carnival Corporation,Consumer Discretionary,2026-09-24T20:00:02+00:00,21.79,2.60466,8.365775,8.36577518754847,2.241854124562792e-08,not independently reconciled,not independently reconciled,38.5695,444,False,False,True,308
FISV,Fiserv,Financials,2026-09-24T20:00:01+00:00,45.98,,5.7112975,,,not independently reconciled,not independently reconciled,38.4452,445,False,False,False,442
PCG,PG&E Corporation,Utilities,2026-09-24T20:00:02+00:00,12.32,1.80162,6.8382897,6.838289983459331,4.145178755798895e-08,not independently reconciled,not independently reconciled,38.2844,446,False,False,False,427
QCOM,Qualcomm,Information Technology,2026-09-24T20:00:01+00:00,194.26,10.20401,19.037613,19.03761364404778,3.38302801328183e-08,not independently reconciled,not independently reconciled,38.2098,447,False,False,True,263
SOLV,Solventum,Health Care,2026-09-24T20:00:02+00:00,88.59,7.23032,12.252569,12.252569734119652,5.991556961681965e-08,not independently reconciled,not independently reconciled,38.2034,448,False,False,True,96
MGM,MGM Resorts,Consumer Discretionary,2026-09-24T20:00:02+00:00,33.69,2.06605,16.306477,16.30647854601776,9.481004137334992e-08,not independently reconciled,not independently reconciled,38.0507,449,False,False,True,310
DPZ,Domino's,Consumer Discretionary,2026-09-24T20:00:01+00:00,293.03,20.82745,14.069413,14.069413202288326,1.4377879553606476e-08,not independently reconciled,not independently reconciled,37.9524,450,False,False,True,462
APTV,Aptiv,Consumer Discretionary,2026-09-24T20:00:03+00:00,43.58,6.54602,6.6574807,6.657480423218994,4.157443611596534e-08,not independently reconciled,not independently reconciled,37.5005,451,False,False,True,357
CPT,Camden Property Trust,Real Estate,2026-09-24T20:00:02+00:00,97.41,1.09,89.366974,89.36697247706421,1.7041371314086007e-08,not independently reconciled,not independently reconciled,37.4082,452,False,False,True,482
AKAM,Akamai Technologies,Information Technology,2026-09-24T20:00:01+00:00,110.41,7.21229,15.308592,15.30859130733789,4.524662433613713e-08,not independently reconciled,not independently reconciled,37.2755,453,False,False,False,229
CDW,CDW Corporation,Information Technology,2026-09-24T20:00:01+00:00,139.46,12.01523,11.6069355,11.606935530988586,2.669833465418492e-09,not independently reconciled,not independently reconciled,37.0004,454,False,False,False,205
AES,AES Corporation,Utilities,2026-09-24T20:00:03+00:00,14.85,2.3705,6.264501,6.2645011600928076,2.555555611571947e-08,not independently reconciled,not independently reconciled,36.4819,455,False,False,False,294
IBM,IBM,Information Technology,2026-09-24T20:00:03+00:00,227.06,13.14773,17.269901,17.26990134418641,1.9929842665078468e-08,not independently reconciled,not independently reconciled,36.3574,456,False,False,True,430
TECH,Bio-Techne,Health Care,2026-09-24T20:00:00+00:00,72.57,2.30633,31.465576,31.465575177880005,2.612760030551442e-08,not independently reconciled,not independently reconciled,36.2986,457,False,False,True,285
DHI,D. R. Horton,Consumer Discretionary,2026-09-24T20:00:03+00:00,140.35,11.62981,12.068125,12.068124930673845,5.744567266319223e-09,not independently reconciled,not independently reconciled,36.2564,458,False,False,True,343
BF-B,Brown–Forman,Consumer Staples,2026-09-24T20:00:02+00:00,26.0,1.71385,15.170523,15.170522507804066,3.244422974724159e-08,not independently reconciled,not independently reconciled,36.1295,459,False,False,False,317
TXT,Textron,Industrials,2026-09-24T20:00:02+00:00,76.02,7.26303,10.466705,10.466706044171648,9.976125703303751e-08,not independently reconciled,not independently reconciled,36.1121,460,False,False,True,395
VST,Vistra Corp.,Utilities,2026-09-24T20:00:03+00:00,137.94,10.36561,13.307466,13.307465744900686,1.9169638654226162e-08,not independently reconciled,not independently reconciled,36.0805,461,False,False,True,435
CTSH,Cognizant,Information Technology,2026-09-24T20:00:01+00:00,57.17,6.31971,9.046301,9.046301175212154,1.9368375347994515e-08,not independently reconciled,not independently reconciled,35.8607,462,False,False,True,191
LII,Lennox International,Industrials,2026-09-24T20:00:02+00:00,367.78,26.13772,14.070852,14.070852392634091,2.7904073718332256e-08,not independently reconciled,not independently reconciled,35.6726,463,False,False,True,431
RVTY,Revvity,Health Care,2026-09-24T20:00:02+00:00,150.68,5.89262,25.570967,25.570968431699313,5.5989251901422676e-08,not independently reconciled,not independently reconciled,35.4359,464,False,False,True,119
LDOS,Leidos,Industrials,2026-09-24T20:00:02+00:00,123.35,12.7503,9.674282,9.674282173752774,1.796027593314875e-08,not independently reconciled,not independently reconciled,35.1393,465,False,False,True,359
ERIE,Erie Indemnity,Financials,2026-09-24T20:00:01+00:00,218.96,14.01,15.628837,15.628836545324768,2.909207075241227e-08,not independently reconciled,not independently reconciled,35.08,466,False,False,False,438
CEG,Constellation Energy,Utilities,2026-09-24T20:00:01+00:00,261.62,13.32016,19.640905,19.64090521435178,1.0913538739387718e-08,not independently reconciled,not independently reconciled,35.0584,467,False,False,False,493
NKE,"Nike, Inc.",Consumer Discretionary,2026-09-24T20:00:03+00:00,35.99,2.21057,16.280869,16.28086873521309,1.6263684066153417e-08,not independently reconciled,not independently reconciled,34.8772,468,False,False,False,450
DOW,Dow Inc.,Materials,2026-09-24T20:00:03+00:00,28.56,1.77929,16.051346,16.051346323533544,2.0156162960915935e-08,not independently reconciled,not independently reconciled,34.8599,469,False,False,False,483
HII,Huntington Ingalls Industries,Industrials,2026-09-24T20:00:03+00:00,266.0,20.83476,12.767125,12.76712570723157,5.539473990623378e-08,not independently reconciled,not independently reconciled,34.8499,470,False,False,False,440
NVR,"NVR, Inc.",Consumer Discretionary,2026-09-24T20:01:16+00:00,6235.49,400.6172,15.56471,15.564708654546035,8.644259774648333e-08,not independently reconciled,not independently reconciled,34.5643,471,False,False,True,416
TSLA,"Tesla, Inc.",Consumer Discretionary,2026-09-24T20:00:00+00:00,377.94,2.19724,172.0067,172.00669931368446,3.990051178348608e-09,not independently reconciled,not independently reconciled,34.3215,472,False,False,True,495
ARES,Ares Management,Financials,2026-09-24T20:00:03+00:00,120.11,7.19327,16.697552,16.697552017371795,1.0403795602798027e-09,not independently reconciled,not independently reconciled,34.1087,473,False,False,True,428
GIS,General Mills,Consumer Staples,2026-09-24T20:00:02+00:00,34.83,3.16016,11.021594,11.021593843349704,1.4213034527088553e-08,not independently reconciled,not independently reconciled,33.9907,474,False,False,True,339
CVNA,Carvana,Consumer Discretionary,2026-09-24T20:04:16+00:00,64.18,2.26208,28.372118,28.372117696986844,1.067996246995051e-08,not independently reconciled,not independently reconciled,33.6299,475,False,False,False,400
WY,Weyerhaeuser,Real Estate,2026-09-24T20:00:03+00:00,20.14,0.67246,29.949736,29.94973678731821,2.628798490000861e-08,not independently reconciled,not independently reconciled,33.0632,476,False,False,True,461
ARE,Alexandria Real Estate Equities,Real Estate,2026-09-24T20:00:02+00:00,50.48,-0.81,-62.320988,-62.32098765432098,5.546751280505191e-09,not independently reconciled,not independently reconciled,32.9049,477,False,False,False,386
F,Ford Motor Company,Consumer Discretionary,2026-09-24T20:03:54+00:00,12.6,1.9541,6.4479814,6.447981167801034,3.601110976081401e-08,not independently reconciled,not independently reconciled,32.4455,478,False,False,False,233
ILMN,"Illumina, Inc.",Health Care,2026-09-24T20:00:01+00:00,273.9,6.10491,44.865524,44.86552627311458,5.066506258977199e-08,not independently reconciled,not independently reconciled,31.7135,479,False,False,True,117
AXON,Axon Enterprise,Industrials,2026-09-24T20:00:01+00:00,445.0,10.55187,42.17262,42.17261963993113,8.537977325140389e-09,not independently reconciled,not independently reconciled,31.4837,480,False,False,False,475
SWKS,Skyworks Solutions,Information Technology,2026-09-24T20:00:00+00:00,87.81,4.96265,17.694176,17.69417549091715,2.8771209747979754e-08,not independently reconciled,not independently reconciled,30.9246,481,False,False,True,286
IP,International Paper,Materials,2026-09-24T20:00:03+00:00,34.88,3.00647,11.601646,11.601645783926,1.862442633449035e-08,not independently reconciled,not independently reconciled,30.2095,482,False,False,True,289
INTC,Intel,Information Technology,2026-09-24T20:00:00+00:00,127.39,2.06208,61.77743,61.77742861576661,2.240678176335109e-08,not independently reconciled,not independently reconciled,29.7064,483,False,False,False,149
NCLH,Norwegian Cruise Line Holdings,Consumer Discretionary,2026-09-24T20:00:03+00:00,14.19,1.69221,8.385484,8.385484071125925,8.482029745238151e-09,not independently reconciled,not independently reconciled,28.5864,484,False,False,False,489
IFF,International Flavors & Fragrances,Materials,2026-09-24T20:00:03+00:00,85.85,3.96101,21.673765,21.673765024577065,1.133954707910334e-09,not independently reconciled,not independently reconciled,28.4497,485,False,False,False,374
MRNA,Moderna,Health Care,2026-09-24T20:00:00+00:00,194.82,-4.46893,-43.594334,-43.59432794874835,1.3880821425615864e-07,not independently reconciled,not independently reconciled,28.4112,486,False,False,False,195
SMCI,Supermicro,Information Technology,2026-09-24T20:00:00+00:00,41.51,5.32592,7.793958,7.7939586024574155,7.729800644007412e-08,not independently reconciled,not independently reconciled,28.1484,487,False,False,False,201
ECHO,EchoStar,Communication Services,2026-09-24T20:00:01+00:00,90.38,22.73,3.9762428,3.9762428508578966,1.2790440484522492e-08,not independently reconciled,not independently reconciled,28.033,488,False,False,False,453
LULU,Lululemon Athletica,Consumer Discretionary,2026-09-24T20:00:01+00:00,101.64,8.64621,11.75544,11.755439666628499,2.8358913106707462e-08,not independently reconciled,not independently reconciled,27.8432,489,False,False,False,410
PSKY,Paramount Skydance Corporation,Communication Services,2026-09-24T20:00:01+00:00,10.18,0.8508,11.96521,11.965209214856605,6.561885634859266e-08,not independently reconciled,not independently reconciled,26.7328,490,False,False,True,350
CRL,Charles River Laboratories,Health Care,2026-09-24T20:00:02+00:00,294.44,12.71098,23.164225,23.16422494567689,2.3451296460308413e-09,not independently reconciled,not independently reconciled,26.7068,491,False,False,False,142
TSCO,Tractor Supply,Consumer Discretionary,2026-09-24T20:00:00+00:00,31.44,2.04815,15.350438,15.350438200327124,1.3050254654700666e-08,not independently reconciled,not independently reconciled,26.0363,492,False,False,True,497
COIN,Coinbase,Financials,2026-09-24T20:00:01+00:00,199.21,2.83521,70.26287,70.26287294415582,4.1902014746852956e-08,not independently reconciled,not independently reconciled,25.7778,493,False,False,False,463
CHTR,Charter Communications,Communication Services,2026-09-24T20:00:01+00:00,117.55,41.86,2.80817,2.8081700907787863,3.2326670451610084e-08,not independently reconciled,not independently reconciled,24.1713,494,False,False,False,437
CLX,Clorox,Consumer Staples,2026-09-24T20:00:02+00:00,81.8,6.26059,13.065862,13.065861204774631,6.086283232953349e-08,not independently reconciled,not independently reconciled,24.0082,495,False,False,True,476
LEN,Lennar,Consumer Discretionary,2026-09-24T20:00:02+00:00,81.47,5.27069,15.45718,15.457179230802797,4.976310052917654e-08,not independently reconciled,not independently reconciled,23.0628,496,False,False,True,486
MOS,Mosaic Company (The),Materials,2026-09-24T20:03:08+00:00,23.69,1.56447,15.1425085,15.142508325503206,1.1523638487886956e-08,not independently reconciled,not independently reconciled,21.7486,497,False,False,False,496
