ticker_yahoo,name,gics_sector,gics_sub_industry,sector_sic_based,sic,cik,series,mktcap,mktcap_flag,px_actual,vol_1y,vol_tercile,financial,gp_a,roe,ocf_a,accruals,leverage,asset_growth,net_issuance,ep,fcfp,ebit_ev,bp,mom_12_1,sue,pct_gp_a,pct_roe,pct_ocf_a,pct_accruals,pct_leverage,pct_asset_growth,pct_net_issuance,pct_ep,pct_fcfp,pct_ebit_ev,pct_bp,pct_mom_12_1,pct_sue,fam_Q,fam_V,fam_M,fam_S,n_Q,n_V,n_M,n_S,n_families,composite_raw,composite,composite_qvm,decile,quintile,live_rank,live_top30,exclude_pending_deal,coverage_flag,staleness_days,last_filed_date,max_filed_used,cal_dec_p_fwd12_pos,cal_decvol_p_fwd12_pos,cal_decvol_n_p_fwd12_pos,cal_dec_p_excess_pos,cal_decvol_p_excess_pos,cal_dec_median_fwd12,cal_decvol_median_fwd12,cal_dec_p10_fwd12,cal_decvol_p10_fwd12,cal_dec_p90_fwd12,cal_decvol_p90_fwd12,cal_dec_p_maxdd_worse_20,cal_decvol_p_maxdd_worse_20,as_of
EXPE,Expedia Group,Consumer Discretionary,"Hotels, Resorts & Cruise Lines",Industrials,4700.0,1324424,EXPE,30240333947.113037,,264.1700134277344,0.5069139052893854,3.0,False,0.34080038539623553,1.684036393713813,0.17948453253501256,-0.10942500258077836,0.1878462544303362,0.07729092526690384,-0.03779135741243522,0.06732729881755725,0.14745207535731228,0.0877422196114752,0.03997971722516047,0.4946166467986395,3.8970266552475143,0.7302631578947368,0.9825581395348837,0.8031914893617021,0.9728260869565217,0.8103448275862069,0.3602150537634409,0.8296703296703297,0.8548387096774194,0.9725274725274725,0.9345238095238095,0.16489361702127658,0.9086021505376344,0.9602272727272727,0.9708249496981891,0.8434343434343434,0.9084507042253521,0.960167714884696,7,4,1,1,4,0.9207194280606452,0.9989858012170385,0.9929718875502008,10.0,5.0,1.0,True,False,full,87.0,2026-08-06,2026-08-06,0.6671205931305795,0.6337209302325582,2236.0,0.4363746406415494,0.471824686940966,0.10991633030214176,0.12140204547102784,-0.21702248031472668,-0.27498728869076594,0.5050772067020888,0.6677864213899425,0.5307913451354214,0.7137745974955277,2026-09-25
CF,CF Industries,Materials,Fertilizers & Agricultural Chemicals,Materials,2870.0,1324404,CF,17353943089.991608,,114.66999816894531,0.4313746178024053,3.0,False,0.2177627657460759,0.3651704940848991,0.19716537519040997,-0.05814954632757136,0.21299423802900855,0.09810909090909092,-0.06565802914443342,0.12095233856163436,0.11006144194984356,0.17584356037913196,0.33122155409827264,0.47961053824414734,3.241627395785095,0.74,0.9038461538461539,0.9038461538461539,0.5961538461538461,0.66,0.25,0.9423076923076923,0.9807692307692307,0.98,0.9791666666666666,0.5192307692307693,0.75,0.9807692307692307,0.9104627766599598,0.9464646464646465,0.7494969818913481,0.980083857442348,7,4,1,1,4,0.8966270656145756,0.9969574036511156,0.9909638554216867,10.0,5.0,2.0,True,False,full,87.0,2026-08-06,2026-08-06,0.6671205931305795,0.6337209302325582,2236.0,0.4363746406415494,0.471824686940966,0.10991633030214176,0.12140204547102784,-0.21702248031472668,-0.27498728869076594,0.5050772067020888,0.6677864213899425,0.5307913451354214,0.7137745974955277,2026-09-25
SNDK,Sandisk,Information Technology,"Technology Hardware, Storage & Peripherals",Information Technology,3572.0,2023554,SNDK,260303707127.16528,,1777.800048828125,1.1462075956251965,3.0,False,0.6429999555693784,0.7265505846466701,0.5185497845114854,-0.01057448793708624,0.0,0.7333076626877166,0.004207336472546341,0.043921771711129244,0.04415611336024836,0.048481322830933656,0.060452462139974614,12.963458055124486,,0.9269662921348315,0.8563218390804598,0.9835164835164835,0.17032967032967034,0.9802631578947368,0.07222222222222222,0.34269662921348315,0.7747252747252747,0.7055555555555556,0.7364864864864865,0.3131868131868132,0.9944444444444445,,0.7977867203219315,0.704040404040404,0.9969818913480886,,7,4,1,0,3,0.8329363385701414,0.9949290060851927,0.9829317269076305,10.0,5.0,3.0,True,False,composite_from_3_of_4_families,84.0,2026-08-17,2026-08-17,0.6671205931305795,0.6337209302325582,2236.0,0.4363746406415494,0.471824686940966,0.10991633030214176,0.12140204547102784,-0.21702248031472668,-0.27498728869076594,0.5050772067020888,0.6677864213899425,0.5307913451354214,0.7137745974955277,2026-09-25
HST,Host Hotels & Resorts,Real Estate,Hotel & Resort REITs,Real Estate,6798.0,1070750,HST,15360489077.850843,,22.420000076293945,0.24702780735672858,1.0,False,,0.16077019411396368,0.12118011016373652,-0.04368822153474685,,0.02260802469135803,-0.003517568252666803,0.06685985028177842,0.08834354121944821,,0.41587217487828676,0.37851871807848214,0.21731632890005437,,0.8653846153846154,0.9137931034482759,0.6481481481481481,,0.5,0.5344827586206896,0.9137931034482759,0.9117647058823529,,0.5689655172413793,0.9827586206896551,0.5344827586206896,0.8903420523138833,0.897979797979798,0.9808853118712274,0.5377358490566038,5,3,1,1,4,0.8267357528053781,0.9929006085192698,0.9969879518072289,10.0,5.0,4.0,True,False,full,87.0,2026-08-07,2026-08-07,0.6671205931305795,0.6995454545454546,2200.0,0.4363746406415494,0.3931818181818182,0.10991633030214176,0.10723822731349875,-0.21702248031472668,-0.15432569710677385,0.5050772067020888,0.3897125553410044,0.5307913451354214,0.34863636363636363,2026-09-25
ALL,Allstate,Financials,Property & Casualty Insurance,Financials,6331.0,899051,ALL,57550470963.32245,,227.60000610351562,0.25345729235415154,1.0,True,,0.3939996438957802,0.09994709673282247,,,0.07646642621706046,-0.040406711463381595,0.23070184792165435,0.2128392660384382,,0.5855382143002115,0.22425966230937777,1.2443963367166346,,0.9632352941176471,0.9044117647058824,,,0.49264705882352944,0.7045454545454546,0.9925373134328358,0.95,,0.6044776119402985,0.6985294117647058,0.6538461538461539,0.9607645875251509,0.9343434343434344,0.6991951710261569,0.6551362683438156,4,3,1,1,4,0.8123598653096393,0.9908722109533469,0.9889558232931727,10.0,5.0,5.0,True,False,full,87.0,2026-08-05,2026-08-05,0.6671205931305795,0.6995454545454546,2200.0,0.4363746406415494,0.3931818181818182,0.10991633030214176,0.10723822731349875,-0.21702248031472668,-0.15432569710677385,0.5050772067020888,0.3897125553410044,0.5307913451354214,0.34863636363636363,2026-09-25
TRV,Travelers Companies (The),Financials,Property & Casualty Insurance,Financials,6331.0,86312,TRV,75721077769.13727,,363.0400085449219,0.20734060701665996,1.0,True,,0.25068687539627427,0.0767934252681432,,,0.03389427750534657,-0.07355099938085274,0.10965242762807284,,,0.4374079315270867,0.3260398537553424,1.4069741357731027,,0.8897058823529411,0.8014705882352942,,,0.7132352941176471,0.9318181818181818,0.9029850746268657,,,0.41044776119402987,0.8308823529411765,0.6692307692307692,0.9889336016096579,0.7383838383838384,0.8319919517102615,0.6677148846960168,4,2,1,1,4,0.8067560690999436,0.9888438133874239,0.9869477911646586,10.0,5.0,6.0,True,False,full,87.0,2026-07-17,2026-07-17,0.6671205931305795,0.6995454545454546,2200.0,0.4363746406415494,0.3931818181818182,0.10991633030214176,0.10723822731349875,-0.21702248031472668,-0.15432569710677385,0.5050772067020888,0.3897125553410044,0.5307913451354214,0.34863636363636363,2026-09-25
MU,Micron Technology,Information Technology,Semiconductors,Information Technology,3674.0,723125,MU,1222319652551.97,,1082.280029296875,0.8046241958889232,3.0,False,0.4884797780959198,0.5010623088836822,0.38350035790980674,-0.007180565497494631,0.038326175137198756,0.7106777045039989,0.009175068980961099,0.04128952675728511,0.021411747692477875,0.04931009101817487,0.0824039765618654,4.739115708923831,7.309740087811082,0.848314606741573,0.8218390804597702,0.9505494505494505,0.15934065934065933,0.9144736842105263,0.09444444444444444,0.2640449438202247,0.7307692307692307,0.31666666666666665,0.75,0.4230769230769231,0.9833333333333333,0.9375,0.7092555331991952,0.5868686868686869,0.9839034205231388,0.9360587002096437,7,4,1,1,4,0.8040215852001661,0.986815415821501,0.9508032128514057,10.0,5.0,7.0,True,False,full,120.0,2026-06-25,2026-06-25,0.6671205931305795,0.6337209302325582,2236.0,0.4363746406415494,0.471824686940966,0.10991633030214176,0.12140204547102784,-0.21702248031472668,-0.27498728869076594,0.5050772067020888,0.6677864213899425,0.5307913451354214,0.7137745974955277,2026-09-25
JBHT,J.B. Hunt,Industrials,Cargo Ground Transportation,Industrials,4213.0,728535,JBHT,21174062777.472427,,225.4600067138672,0.39903907006163636,3.0,False,,0.1844363658238803,0.20079768119386093,-0.11589851849856597,0.14416224090843066,-0.03596058503599142,-0.029797142811422317,0.03185524701086753,0.051937222041771765,0.04282338416150362,0.17271673549069141,0.9948032369811766,1.9878107583804059,,0.45930232558139533,0.8670212765957447,0.9836956521739131,0.867816091954023,0.9408602150537635,0.7527472527472527,0.3064516129032258,0.6758241758241759,0.3392857142857143,0.5159574468085106,0.9731182795698925,0.8011363636363636,0.9828973843058351,0.4393939393939394,0.9728370221327968,0.80083857442348,6,4,1,1,4,0.7989917300640128,0.9847870182555781,0.9769076305220884,10.0,5.0,8.0,True,False,full,87.0,2026-07-24,2026-07-24,0.6671205931305795,0.6337209302325582,2236.0,0.4363746406415494,0.471824686940966,0.10991633030214176,0.12140204547102784,-0.21702248031472668,-0.27498728869076594,0.5050772067020888,0.6677864213899425,0.5307913451354214,0.7137745974955277,2026-09-25
AES,AES Corporation,Utilities,Independent Power Producers & Energy Traders,Utilities,4991.0,874761,AES,10608832346.453428,,14.869999885559082,0.32954701127884584,2.0,False,0.04884029647110882,0.37879401052205586,0.09277628231129466,-0.05826173531472399,,0.11734168349058538,0.0019507995934957556,0.1764567427277533,-0.16212905848917505,,0.46583825991482736,0.1758184451073972,1.4639098620652078,0.045454545454545456,0.9516129032258065,0.9516129032258065,0.9516129032258065,,0.3064516129032258,0.8225806451612904,0.967741935483871,0.034482758620689655,,0.3064516129032258,0.9838709677419355,0.9193548387096774,0.8722334004024145,0.401010101010101,0.9879275653923542,0.9192872117400419,6,3,1,1,4,0.7951145696362278,0.9827586206896551,0.9447791164658634,10.0,5.0,9.0,False,True,full,87.0,2026-08-04,2026-08-04,0.6671205931305795,0.6698939603503918,2169.0,0.4363746406415494,0.4444444444444444,0.10991633030214176,0.10834587285805597,-0.21702248031472668,-0.21524112905577836,0.5050772067020888,0.4846832365652487,0.5307913451354214,0.5260488704472107,2026-09-25
DLTR,Dollar Tree,Consumer Staples,Consumer Staples Merchandise Retail,Consumer Discretionary,5331.0,935703,DLTR,21402988149.669777,,114.06999969482422,0.4115126782243247,3.0,False,0.5534655300222387,0.47076168510787375,0.22217311968979872,-0.10723755488395963,0.20909363060956834,0.04816621715515246,-0.08009862162487358,0.07533994733463789,0.09242167430861843,0.09456840335533406,0.16003840099555672,0.34142198424886194,0.22094336376990173,0.7051282051282052,0.7261904761904762,0.8333333333333334,0.9901960784313726,0.5487804878048781,0.5588235294117647,0.97,0.89,0.826530612244898,0.9375,0.59,0.9313725490196079,0.3645833333333333,0.9567404426559356,0.9101010101010101,0.9325955734406438,0.3637316561844864,7,4,1,1,4,0.790792170595519,0.9807302231237323,0.998995983935743,10.0,5.0,10.0,True,False,full,55.0,2026-08-27,2026-08-27,0.6671205931305795,0.6337209302325582,2236.0,0.4363746406415494,0.471824686940966,0.10991633030214176,0.12140204547102784,-0.21702248031472668,-0.27498728869076594,0.5050772067020888,0.6677864213899425,0.5307913451354214,0.7137745974955277,2026-09-25
TPR,"Tapestry, Inc.",Consumer Discretionary,"Apparel, Accessories & Luxury Goods",Consumer Discretionary,3100.0,1116132,TPR,22706723742.9944,,113.87999725341797,0.4199870751203478,3.0,False,0.930854640823707,2.2073399797717093,0.2956647787557721,-0.06736703677690273,0.35551504102096626,0.01689841197477393,-0.0419555918946406,0.06727963123571863,0.07982217164020425,0.07998755315124588,0.03047995861637813,0.09969045754431938,3.1169038504140816,0.9871794871794872,0.9642857142857143,0.9901960784313726,0.6764705882352942,0.32926829268292684,0.6764705882352942,0.65,0.83,0.7857142857142857,0.8625,0.23,0.5980392156862745,0.84375,0.9466800804828974,0.7727272727272727,0.6006036217303823,0.8417190775681341,7,4,1,1,4,0.7904325131271716,0.9787018255578094,0.964859437751004,10.0,5.0,11.0,True,False,full,90.0,2026-08-13,2026-08-13,0.6671205931305795,0.6337209302325582,2236.0,0.4363746406415494,0.471824686940966,0.10991633030214176,0.12140204547102784,-0.21702248031472668,-0.27498728869076594,0.5050772067020888,0.6677864213899425,0.5307913451354214,0.7137745974955277,2026-09-25
MPC,Marathon Petroleum,Energy,Oil & Gas Refining & Marketing,Energy,2911.0,1510295,MPC,110510157650.52701,,393.5199890136719,0.34874415234447775,2.0,False,0.2034884953875517,0.4483933532526079,0.18159262008270596,-0.09089174000636199,0.34795885908175167,0.20164619540288475,-0.0762960411305943,0.07740464932690472,0.11672230204205565,0.10425783475484594,0.1726266653272576,0.9692619696579807,4.062851356654898,0.46875,0.925,0.775,0.725,0.23684210526315788,0.225,0.975,0.725,0.7941176470588235,0.7352941176470589,0.175,0.925,0.775,0.795774647887324,0.6595959595959596,0.9245472837022133,0.7725366876310272,7,4,1,1,4,0.788113644704131,0.9766734279918864,0.9728915662650602,10.0,5.0,12.0,True,False,full,87.0,2026-08-04,2026-08-04,0.6671205931305795,0.6698939603503918,2169.0,0.4363746406415494,0.4444444444444444,0.10991633030214176,0.10834587285805597,-0.21702248031472668,-0.21524112905577836,0.5050772067020888,0.4846832365652487,0.5307913451354214,0.5260488704472107,2026-09-25
CVS,CVS Health,Health Care,Health Care Services,Consumer Staples,5912.0,64803,CVS,113994625476.17297,,89.12999725341797,0.3166905676698787,2.0,False,0.7277316288893793,0.06135354194374043,0.058242173954162854,-0.03897260489896283,0.2419926862330948,-0.01770901475944775,0.008392156947772955,0.04289675920749529,0.10314521365270544,0.05133585155809392,0.6991733133651922,0.2851928717730847,1.0617796750692534,0.9166666666666666,0.36538461538461536,0.21666666666666667,0.5166666666666667,0.8103448275862069,0.7166666666666667,0.08620689655172414,0.603448275862069,0.9137931034482759,0.5370370370370371,0.8448275862068966,0.85,0.8958333333333334,0.5663983903420523,0.8313131313131313,0.8490945674044266,0.8962264150943396,7,4,1,1,4,0.7857581260384875,0.9746450304259635,0.9427710843373494,10.0,5.0,13.0,True,False,full,87.0,2026-08-05,2026-08-05,0.6671205931305795,0.6698939603503918,2169.0,0.4363746406415494,0.4444444444444444,0.10991633030214176,0.10834587285805597,-0.21702248031472668,-0.21524112905577836,0.5050772067020888,0.4846832365652487,0.5307913451354214,0.5260488704472107,2026-09-25
TGT,Target Corporation,Consumer Staples,Consumer Staples Merchandise Retail,Consumer Discretionary,5331.0,27419,TGT,71529019696.79639,,157.4499969482422,0.3066252889433486,2.0,False,0.5154078549848943,0.24620299277027405,0.14245121254184698,-0.07071119457826407,0.25078794806891486,0.058495099479697776,-0.0002253789437123288,0.06141563268476825,0.062296394091356094,0.07392449885147835,0.24945120282137945,0.866160548366411,4.4148026014451816,0.5769230769230769,0.44047619047619047,0.4019607843137255,0.7156862745098039,0.5,0.46078431372549017,0.27,0.69,0.6020408163265306,0.7125,0.73,0.9901960784313726,0.8854166666666666,0.4416498993963783,0.7848484848484848,0.9929577464788732,0.8878406708595388,7,4,1,1,4,0.7768242003958188,0.9726166328600405,0.9327309236947792,10.0,5.0,14.0,True,False,full,55.0,2026-08-28,2026-08-28,0.6671205931305795,0.6698939603503918,2169.0,0.4363746406415494,0.4444444444444444,0.10991633030214176,0.10834587285805597,-0.21702248031472668,-0.21524112905577836,0.5050772067020888,0.4846832365652487,0.5307913451354214,0.5260488704472107,2026-09-25
DVA,DaVita,Health Care,Health Care Services,Health Care,8090.0,927066,DVA,11386386077.88086,,178.47000122070312,0.44434254125634676,3.0,False,,,0.12384067095329515,-0.07598632574886831,0.6087704168087515,0.012378180980026299,-0.10769230769230764,0.07442888324736353,0.14137971336903793,0.09906314746819529,-0.06719392744694226,0.32467826428081237,2.057476549313765,,,0.5851063829787234,0.7978723404255319,0.03571428571428571,0.6702127659574468,0.9893617021276596,0.925531914893617,0.9891304347826086,0.9404761904761905,0.010638297872340425,0.6276595744680851,0.8586956521739131,0.789738430583501,0.8191919191919191,0.6267605633802817,0.860587002096436,5,4,1,1,4,0.7740694788130346,0.9705882352941176,0.9387550200803213,10.0,5.0,15.0,True,False,full,87.0,2026-08-04,2026-08-04,0.6671205931305795,0.6337209302325582,2236.0,0.4363746406415494,0.471824686940966,0.10991633030214176,0.12140204547102784,-0.21702248031472668,-0.27498728869076594,0.5050772067020888,0.6677864213899425,0.5307913451354214,0.7137745974955277,2026-09-25
BAC,Bank of America,Financials,Diversified Banks,Financials,6021.0,70858,BAC,396488837630.54364,,56.70000076293945,0.2219856778580143,1.0,True,,0.11177572452456708,0.027075401142721275,,,0.016970772477779894,-0.05592033121782247,0.08488259140188056,,,0.7594009500982862,0.2199880846555844,1.7663889351243869,,0.3014705882352941,0.4485294117647059,,,0.8455882352941176,0.8409090909090909,0.664179104477612,,,0.7985074626865671,0.6838235294117647,0.7923076923076923,0.7696177062374245,0.8404040404040404,0.6871227364185111,0.7955974842767296,4,2,1,1,4,0.7731854918341764,0.9685598377281948,0.9568273092369478,10.0,5.0,16.0,True,False,full,87.0,2026-07-31,2026-07-31,0.6671205931305795,0.6995454545454546,2200.0,0.4363746406415494,0.3931818181818182,0.10991633030214176,0.10723822731349875,-0.21702248031472668,-0.15432569710677385,0.5050772067020888,0.3897125553410044,0.5307913451354214,0.34863636363636363,2026-09-25
WDC,Western Digital,Information Technology,"Technology Hardware, Storage & Peripherals",Information Technology,3572.0,106040,WDC,164698707748.4131,,456.80999755859375,0.7991350957626417,3.0,False,0.4553062549599596,1.0631768953068592,0.28345718202149917,0.3964360435754996,0.07589639997114206,-0.010069990001428386,0.039256124009801496,0.057219635350118904,0.021317714316030082,0.027124040195915203,0.05381948723933085,2.758501339608502,3.930509900368262,0.8033707865168539,0.9252873563218391,0.8626373626373627,0.016483516483516484,0.8355263157894737,0.8611111111111112,0.09550561797752809,0.8516483516483516,0.3055555555555556,0.3716216216216216,0.22527472527472528,0.9611111111111111,0.9034090909090909,0.8199195171026157,0.4070707070707071,0.9607645875251509,0.9035639412997903,7,4,1,1,4,0.772829688249566,0.9665314401622718,0.9226907630522089,10.0,5.0,17.0,True,False,full,84.0,2026-08-14,2026-08-14,0.6671205931305795,0.6337209302325582,2236.0,0.4363746406415494,0.471824686940966,0.10991633030214176,0.12140204547102784,-0.21702248031472668,-0.27498728869076594,0.5050772067020888,0.6677864213899425,0.5307913451354214,0.7137745974955277,2026-09-25
GL,Globe Life,Financials,Life & Health Insurance,Financials,6311.0,320335,GL,12836931110.92302,,167.0399932861328,0.2014886441511307,1.0,True,,0.19691933562006006,0.044089573458949836,,,0.058812792550846815,-0.05128281066643803,0.09443059166754683,0.09600230688714727,,0.47953945898813627,0.2175257807384321,1.5880861481957687,,0.7426470588235294,0.5808823529411765,,,0.5955882352941176,0.8106060606060606,0.7985074626865671,0.73,,0.5,0.6691176470588235,0.7461538461538462,0.8802816901408451,0.7707070707070707,0.6649899396378269,0.7473794549266247,4,3,1,1,4,0.7658395388530919,0.9645030425963489,0.9628514056224899,10.0,5.0,18.0,True,False,full,87.0,2026-08-05,2026-08-05,0.6671205931305795,0.6995454545454546,2200.0,0.4363746406415494,0.3931818181818182,0.10991633030214176,0.10723822731349875,-0.21702248031472668,-0.15432569710677385,0.5050772067020888,0.3897125553410044,0.5307913451354214,0.34863636363636363,2026-09-25
NTAP,NetApp,Information Technology,"Technology Hardware, Storage & Peripherals",Information Technology,3572.0,1002047,NTAP,39508701599.91753,,201.14500427246094,0.43267652740547313,3.0,False,0.47649475125513463,0.948494983277592,0.1731629392971246,-0.043724326791419445,0.227110908261068,0.13183180080586832,-0.016027486566292493,0.035890827655114844,0.04176295178486565,0.048125097226334075,0.03783976540507524,0.5915306763926573,3.8550944201209676,0.8370786516853933,0.9137931034482759,0.6318681318681318,0.532967032967033,0.4934210526315789,0.5055555555555555,0.6123595505617978,0.6758241758241759,0.6722222222222223,0.722972972972973,0.17032967032967034,0.7277777777777777,0.8806818181818182,0.8440643863179075,0.592929292929293,0.7293762575452716,0.8825995807127882,7,4,1,1,4,0.7622423793763151,0.962474645030426,0.9166666666666666,10.0,5.0,19.0,True,False,full,56.0,2026-09-02,2026-09-02,0.6671205931305795,0.6337209302325582,2236.0,0.4363746406415494,0.471824686940966,0.10991633030214176,0.12140204547102784,-0.21702248031472668,-0.27498728869076594,0.5050772067020888,0.6677864213899425,0.5307913451354214,0.7137745974955277,2026-09-25
HIG,Hartford (The),Financials,Property & Casualty Insurance,Financials,6331.0,874766,HIG,33650429717.759323,,124.2300033569336,0.195382314427451,1.0,True,,0.22232975092955737,0.06683109237011696,,,0.05193749327466857,-0.036631195855673315,0.12971602551917283,0.17452971772602566,,0.5834398004622956,0.04379410413285467,2.4836305281144284,,0.8455882352941176,0.7573529411764706,,,0.625,0.6439393939393939,0.917910447761194,0.89,,0.5895522388059702,0.33088235294117646,0.8846153846153846,0.920523138832998,0.9,0.335010060362173,0.8857442348008385,4,3,1,1,4,0.7603193584990025,0.960446247464503,0.9086345381526104,10.0,5.0,20.0,True,False,full,87.0,2026-07-23,2026-07-23,0.6671205931305795,0.6995454545454546,2200.0,0.4363746406415494,0.3931818181818182,0.10991633030214176,0.10723822731349875,-0.21702248031472668,-0.15432569710677385,0.5050772067020888,0.3897125553410044,0.5307913451354214,0.34863636363636363,2026-09-25
SWK,Stanley Black & Decker,Industrials,Industrial Machinery & Supplies & Components,Industrials,3420.0,93556,SWK,13802921217.833107,,91.4000015258789,0.37180437082972606,3.0,False,0.2420733072884266,0.0692615082377104,0.07719909423445392,-0.04631846119391843,0.23678801602508273,-0.10666174652996985,-0.024391441258682645,0.044954252089646506,0.09339327376110122,0.12110134627968241,0.6490510130873893,0.34047242705422365,1.2359239721710706,0.46710526315789475,0.06395348837209303,0.22872340425531915,0.625,0.6609195402298851,0.9838709677419355,0.6978021978021978,0.6397849462365591,0.9285714285714286,0.9940476190476191,0.9521276595744681,0.7580645161290323,0.6988636363636364,0.6086519114688129,0.9585858585858585,0.7605633802816901,0.6981132075471698,7,4,1,1,4,0.7564785894708829,0.9584178498985801,0.9668674698795181,10.0,5.0,21.0,True,False,full,83.0,2026-07-29,2026-07-29,0.6671205931305795,0.6337209302325582,2236.0,0.4363746406415494,0.471824686940966,0.10991633030214176,0.12140204547102784,-0.21702248031472668,-0.27498728869076594,0.5050772067020888,0.6677864213899425,0.5307913451354214,0.7137745974955277,2026-09-25
TROW,T. Rowe Price,Financials,Asset Management & Custody Banks,Financials,6282.0,1113169,TROW,22506955789.19182,,105.51000213623047,0.2420021675864989,1.0,True,,0.2019177459668257,0.1258172062615581,,,0.07077017472912095,-0.02912584020514075,0.09870726280392153,0.07436812049027902,,0.48884887423485174,0.12717383233640223,2.2936952930160657,,0.7867647058823529,0.9485294117647058,,,0.5514705882352942,0.5227272727272727,0.8880597014925373,0.61,,0.5149253731343284,0.49264705882352944,0.8538461538461538,0.9044265593561368,0.7646464646464647,0.4919517102615694,0.850104821802935,4,3,1,1,4,0.7527823890167765,0.9563894523326572,0.9146586345381527,10.0,5.0,22.0,True,False,full,87.0,2026-07-31,2026-07-31,0.6671205931305795,0.6995454545454546,2200.0,0.4363746406415494,0.3931818181818182,0.10991633030214176,0.10723822731349875,-0.21702248031472668,-0.15432569710677385,0.5050772067020888,0.3897125553410044,0.5307913451354214,0.34863636363636363,2026-09-25
BMY,Bristol Myers Squibb,Health Care,Pharmaceuticals,Health Care,2834.0,14272,BMY,128405044522.93408,,62.86000061035156,0.274331573275743,2.0,False,0.39376269484446674,0.41587884761862093,0.14585663098797272,-0.039938836524636555,0.5008101878266427,-0.07437999070514179,0.0035760488560288017,0.0722868796509172,0.08909307295911363,0.08460171581062226,0.1738171586865784,0.5524785812020907,0.38201993163764797,0.7790697674418605,0.8452380952380952,0.7127659574468085,0.4787234042553192,0.17857142857142858,0.8404255319148937,0.13829787234042554,0.9042553191489362,0.9456521739130435,0.8690476190476191,0.4574468085106383,0.8829787234042553,0.5108695652173914,0.6851106639839034,0.8898989898989899,0.8822937625754527,0.510482180293501,7,4,1,1,4,0.7419463991879618,0.9543610547667343,0.9809236947791165,10.0,5.0,23.0,True,False,full,87.0,2026-07-30,2026-07-30,0.6671205931305795,0.6698939603503918,2169.0,0.4363746406415494,0.4444444444444444,0.10991633030214176,0.10834587285805597,-0.21702248031472668,-0.21524112905577836,0.5050772067020888,0.4846832365652487,0.5307913451354214,0.5260488704472107,2026-09-25
MGM,MGM Resorts,Consumer Discretionary,Casinos & Gaming,Consumer Discretionary,7011.0,789570,MGM,8196892451.160095,,32.58000183105469,0.39087442036193065,3.0,False,,0.16943680321428928,0.061810275292367364,-0.05112159542159939,0.1522885051683225,-0.0443907879239015,-0.07567584094115776,0.051961887085601476,0.18233092710500048,0.08679296409957558,0.3066741469377494,0.1933064279410177,1.421084085473114,,0.27380952380952384,0.06862745098039216,0.5196078431372549,0.6707317073170732,0.9117647058823529,0.93,0.53,0.9489795918367347,0.9125,0.75,0.7549019607843137,0.65625,0.6730382293762576,0.8838383838383839,0.7535211267605634,0.6572327044025157,6,4,1,1,4,0.74190761109443,0.9523326572008114,0.9588353413654619,10.0,5.0,24.0,True,False,full,87.0,2026-07-29,2026-07-29,0.6671205931305795,0.6337209302325582,2236.0,0.4363746406415494,0.471824686940966,0.10991633030214176,0.12140204547102784,-0.21702248031472668,-0.27498728869076594,0.5050772067020888,0.6677864213899425,0.5307913451354214,0.7137745974955277,2026-09-25
APA,APA Corporation,Energy,Oil & Gas Exploration & Production,Energy,1311.0,1841666,APA,14974024125.453377,,42.7400016784668,0.4585760226110542,3.0,False,0.347576920936961,0.2388548639794901,0.2519334557391643,-0.15862682913258777,0.2082568296889779,-0.005808164619980127,-0.020780411869135595,0.11199394270704933,0.30239032354056017,0.20905133018890604,0.4688786355075691,0.8391657516104163,0.2269327213609408,0.84375,0.775,0.925,0.975,0.39473684210526316,0.875,0.575,0.875,0.9705882352941176,0.9411764705882353,0.675,0.825,0.225,0.9627766599597586,0.9484848484848485,0.8259557344064387,0.22746331236897274,7,4,1,1,4,0.7411701388050046,0.9503042596348884,0.9949799196787149,10.0,5.0,25.0,True,False,full,87.0,2026-08-06,2026-08-06,0.6671205931305795,0.6337209302325582,2236.0,0.4363746406415494,0.471824686940966,0.10991633030214176,0.12140204547102784,-0.21702248031472668,-0.27498728869076594,0.5050772067020888,0.6677864213899425,0.5307913451354214,0.7137745974955277,2026-09-25
ROST,Ross Stores,Consumer Discretionary,Apparel Retail,Consumer Discretionary,5651.0,745732,ROST,75429266773.37036,,236.1199951171875,0.26123332841185426,1.0,False,0.45502087311697703,0.3943334484125007,0.22903947371714173,-0.06266377513095754,0.06372757829295946,0.1025669380999743,-0.01775119848407325,0.03525240418933462,0.03699076127020037,0.04670555881378402,0.0893974486091733,0.509268620788599,5.655785961064087,0.47435897435897434,0.6309523809523809,0.8725490196078431,0.6176470588235294,0.8658536585365854,0.28431372549019607,0.47,0.31,0.29591836734693877,0.3125,0.45,0.9705882352941176,0.9479166666666666,0.7595573440643864,0.2878787878787879,0.9688128772635815,0.9465408805031447,7,4,1,1,4,0.7406974724274751,0.9482758620689655,0.8644578313253012,10.0,5.0,26.0,True,False,full,55.0,2026-09-01,2026-09-01,0.6671205931305795,0.6995454545454546,2200.0,0.4363746406415494,0.3931818181818182,0.10991633030214176,0.10723822731349875,-0.21702248031472668,-0.15432569710677385,0.5050772067020888,0.3897125553410044,0.5307913451354214,0.34863636363636363,2026-09-25
AIZ,Assurant,Financials,Multi-line Insurance,Financials,6399.0,1267238,AIZ,13070798255.0,,265.0,0.22341556646143915,1.0,True,,0.17440430312074648,0.05184665783478468,,,0.01563647930101708,-0.02250221470961966,0.08136457921329916,0.12666403135452572,,0.4665285073669741,0.3202058729082926,0.9280734695846162,,0.6691176470588235,0.625,,,0.8602941176470589,0.4621212121212121,0.6343283582089553,0.77,,0.4701492537313433,0.8014705882352942,0.6076923076923076,0.8541247484909457,0.693939393939394,0.8038229376257545,0.6069182389937107,4,3,1,1,4,0.7397013297624513,0.9462474645030426,0.9688755020080321,10.0,5.0,27.0,True,False,full,87.0,2026-08-06,2026-08-06,0.6671205931305795,0.6995454545454546,2200.0,0.4363746406415494,0.3931818181818182,0.10991633030214176,0.10723822731349875,-0.21702248031472668,-0.15432569710677385,0.5050772067020888,0.3897125553410044,0.5307913451354214,0.34863636363636363,2026-09-25
WSM,"Williams-Sonoma, Inc.",Consumer Discretionary,Homefurnishing Retail,Consumer Discretionary,5700.0,719955,WSM,27312989499.832977,,231.89999389648438,0.3357113643853143,2.0,False,0.6861211490970535,0.5507381426811165,0.29222367954123873,-0.07809046573147224,,0.053159609270043706,-0.03293496208767244,0.04316931326785778,0.04918883009888814,,0.0783844624556053,0.1842633010789132,3.4772740568479827,0.8589743589743589,0.7738095238095238,0.9705882352941176,0.8137254901960784,,0.5196078431372549,0.59,0.41,0.5,,0.41,0.7352941176470589,0.8645833333333334,0.9486921529175051,0.4090909090909091,0.7354124748490946,0.8626834381551363,6,3,1,1,4,0.7389697437531613,0.9442190669371197,0.892570281124498,10.0,5.0,28.0,True,False,full,54.0,2026-08-28,2026-08-28,0.6671205931305795,0.6698939603503918,2169.0,0.4363746406415494,0.4444444444444444,0.10991633030214176,0.10834587285805597,-0.21702248031472668,-0.21524112905577836,0.5050772067020888,0.4846832365652487,0.5307913451354214,0.5260488704472107,2026-09-25
NUE,Nucor,Materials,Steel,Materials,3312.0,73309,NUE,56095010891.0,,247.25,0.31845654602634976,2.0,False,0.15113384207392974,0.13044461531503007,0.11971640417816745,-0.041673431834172214,0.19210369648752504,0.07998947891399011,-0.011587626376504678,0.05141277190593638,0.02821997847680211,0.07024559907036429,0.3941348731166253,0.8604654891668677,1.0610622817151663,0.54,0.36538461538461536,0.7115384615384616,0.36538461538461536,0.78,0.3269230769230769,0.6346153846153846,0.6346153846153846,0.38,0.7708333333333334,0.5961538461538461,0.9423076923076923,0.75,0.6066398390342053,0.6454545454545455,0.9406438631790744,0.750524109014675,7,4,1,1,4,0.7358155891706251,0.9421906693711968,0.9246987951807228,10.0,5.0,29.0,True,False,full,83.0,2026-08-12,2026-08-12,0.6671205931305795,0.6698939603503918,2169.0,0.4363746406415494,0.4444444444444444,0.10991633030214176,0.10834587285805597,-0.21702248031472668,-0.21524112905577836,0.5050772067020888,0.4846832365652487,0.5307913451354214,0.5260488704472107,2026-09-25
EXPD,Expeditors International,Industrials,Air Freight & Logistics,Industrials,4731.0,746515,EXPD,24368042872.85977,,187.4600067138672,0.31165767580631204,2.0,False,0.35498402114155847,0.43366126996623405,0.1893978667591058,-0.010466006220167441,,0.072794397387141,-0.042204247438006215,0.03770507975522829,0.0379129339528931,,0.08694592385011486,0.5631926786314505,2.5818726937362086,0.743421052631579,0.8081395348837209,0.824468085106383,0.19021739130434784,,0.3817204301075269,0.8516483516483516,0.478494623655914,0.4010989010989011,,0.25,0.9301075268817204,0.8579545454545454,0.823943661971831,0.3282828282828283,0.9305835010060363,0.8574423480083857,6,3,1,1,4,0.7350630848172703,0.9401622718052738,0.8845381526104418,10.0,5.0,30.0,True,False,full,87.0,2026-08-05,2026-08-05,0.6671205931305795,0.6698939603503918,2169.0,0.4363746406415494,0.4444444444444444,0.10991633030214176,0.10834587285805597,-0.21702248031472668,-0.21524112905577836,0.5050772067020888,0.4846832365652487,0.5307913451354214,0.5260488704472107,2026-09-25
NEM,Newmont,Materials,Gold,Materials,1040.0,1164727,NEM,127949852789.09137,,121.43000030517578,0.5017883197048103,3.0,False,0.039988896792213874,0.2439349658088131,0.21908016862996826,-0.06993286029041827,0.08818375808886036,0.04488353122450839,-0.040746019577728054,0.06719038601920889,0.07606886438582762,0.10963213683679351,0.27544384953762696,0.5060849492455057,0.13448617253338457,0.06,0.7884615384615384,0.9423076923076923,0.7115384615384616,0.94,0.5192307692307693,0.9038461538461539,0.8269230769230769,0.78,0.9375,0.40384615384615385,0.7884615384615384,0.40384615384615385,0.892354124748491,0.8494949494949495,0.7877263581488934,0.4077568134171908,7,4,1,1,4,0.7343330614523812,0.9381338742393509,0.9849397590361446,10.0,5.0,31.0,True,False,full,87.0,2026-07-23,2026-07-23,0.6671205931305795,0.6337209302325582,2236.0,0.4363746406415494,0.471824686940966,0.10991633030214176,0.12140204547102784,-0.21702248031472668,-0.27498728869076594,0.5050772067020888,0.6677864213899425,0.5307913451354214,0.7137745974955277,2026-09-25
CRM,Salesforce,Information Technology,Application Software,Information Technology,7372.0,1108524,CRM,192598463516.23535,,234.02000427246094,0.4652883794474209,3.0,False,0.3097609925196132,0.2517588201573818,0.14367816091954022,-0.0555373107097245,0.35840175150519976,0.12346653274983854,-0.13550420168067223,0.050166547663997994,0.07868183226042492,0.039617483600337206,0.19926431031348737,0.09395899074110137,9.278735109802387,0.5561797752808989,0.5229885057471264,0.46703296703296704,0.6758241758241759,0.20394736842105263,0.5388888888888889,0.9943820224719101,0.8296703296703297,0.9055555555555556,0.5878378378378378,0.7417582417582418,0.4166666666666667,0.9602272727272727,0.6770623742454729,0.8757575757575757,0.4164989939637827,0.960167714884696,7,4,1,1,4,0.7323716647128818,0.936105476673428,0.8423694779116466,10.0,5.0,32.0,False,False,full,56.0,2026-08-27,2026-08-27,0.6671205931305795,0.6337209302325582,2236.0,0.4363746406415494,0.471824686940966,0.10991633030214176,0.12140204547102784,-0.21702248031472668,-0.27498728869076594,0.5050772067020888,0.6677864213899425,0.5307913451354214,0.7137745974955277,2026-09-25
COP,ConocoPhillips,Energy,Oil & Gas Exploration & Production,Energy,2911.0,1163165,COP,152930264742.89105,,127.30000305175781,0.31065727254156,2.0,False,0.31625369182607577,0.142037368590185,0.17644313179517307,-0.1017455195113511,0.18371009407617836,0.013556391161428705,-0.038116117598645416,0.06069433029233982,0.07693702760392913,0.09397483798525404,0.42731241007047127,0.44483507940393263,5.281946981529081,0.78125,0.375,0.725,0.775,0.5,0.775,0.825,0.475,0.5588235294117647,0.6764705882352942,0.525,0.575,0.875,0.8782696177062375,0.5909090909090909,0.5744466800804829,0.8742138364779874,7,4,1,1,4,0.7294598062934498,0.934077079107505,0.8785140562248996,10.0,5.0,33.0,False,False,full,87.0,2026-08-06,2026-08-06,0.6671205931305795,0.6698939603503918,2169.0,0.4363746406415494,0.4444444444444444,0.10991633030214176,0.10834587285805597,-0.21702248031472668,-0.21524112905577836,0.5050772067020888,0.4846832365652487,0.5307913451354214,0.5260488704472107,2026-09-25
COF,Capital One,Financials,Consumer Finance,Financials,6021.0,927628,COF,122819662294.99286,,200.1999969482422,0.3247632446492542,2.0,True,,0.09244856889263839,0.046676115072681,,,0.02256103483021943,-0.040706435550314835,0.08565403782606625,0.24182610052015147,,0.9265047458499578,0.024763061219089666,3.6062922583854995,,0.21323529411764705,0.5955882352941176,,,0.7867647058823529,0.7196969696969697,0.6940298507462687,0.98,,0.917910447761194,0.3014705882352941,0.9461538461538461,0.7072434607645876,0.9444444444444444,0.3008048289738431,0.9444444444444444,4,3,1,1,4,0.7242342946568299,0.9320486815415822,0.8303212851405622,10.0,5.0,34.0,False,False,full,87.0,2026-07-28,2026-07-28,0.6671205931305795,0.6698939603503918,2169.0,0.4363746406415494,0.4444444444444444,0.10991633030214176,0.10834587285805597,-0.21702248031472668,-0.21524112905577836,0.5050772067020888,0.4846832365652487,0.5307913451354214,0.5260488704472107,2026-09-25
MTB,M&T Bank,Financials,Regional Banks,Financials,6022.0,36270,MTB,31943433344.358765,,221.19000244140625,0.21868849883836752,1.0,True,,0.10853073785157089,0.01734918658584974,,,0.03628346188747722,-0.07585002097437044,0.09494909226893201,0.1110713416980451,,0.8748589952349404,0.2099001060406811,1.4087460605435145,,0.27205882352941174,0.3161764705882353,,,0.6838235294117647,0.946969696969697,0.8283582089552238,0.75,,0.8432835820895522,0.6544117647058824,0.6846153846153846,0.6569416498993964,0.902020202020202,0.6549295774647887,0.6823899371069182,4,3,1,1,4,0.7240703416228262,0.9300202839756593,0.9307228915662651,10.0,5.0,35.0,False,False,full,87.0,2026-08-04,2026-08-04,0.6671205931305795,0.6995454545454546,2200.0,0.4363746406415494,0.3931818181818182,0.10991633030214176,0.10723822731349875,-0.21702248031472668,-0.15432569710677385,0.5050772067020888,0.3897125553410044,0.5307913451354214,0.34863636363636363,2026-09-25
VLO,Valero Energy,Energy,Oil & Gas Refining & Marketing,Energy,2911.0,1035002,VLO,111479752241.13629,,387.17999267578125,0.36676781316039325,3.0,False,0.17315930284706865,0.2884684612615495,0.16868997726675225,-0.057157880085984256,0.1611740871905108,0.08799825013039886,-0.07315034741926318,0.0646933622923747,0.07970954205907398,0.08779441673838821,0.22426494047028006,1.1527653513075005,2.37463280902023,0.34375,0.825,0.675,0.375,0.6052631578947368,0.375,0.925,0.575,0.6176470588235294,0.6176470588235294,0.225,0.975,0.675,0.7293762575452716,0.5,0.9748490945674044,0.6740041928721174,7,4,1,1,4,0.7195573862461984,0.9279918864097363,0.928714859437751,10.0,5.0,36.0,False,False,full,87.0,2026-07-30,2026-07-30,0.6671205931305795,0.6337209302325582,2236.0,0.4363746406415494,0.471824686940966,0.10991633030214176,0.12140204547102784,-0.21702248031472668,-0.27498728869076594,0.5050772067020888,0.6677864213899425,0.5307913451354214,0.7137745974955277,2026-09-25
HAS,Hasbro,Consumer Discretionary,Leisure Products,Consumer Discretionary,3944.0,46080,HAS,12424606581.509735,,88.08999633789062,0.301666138503135,2.0,False,0.5960213343934274,1.0873613583458852,0.21337706221427152,-0.08184257602862254,0.5860663883919698,0.16674397031539878,0.005789861611292135,0.06391349253519041,0.09767713706171398,0.07700413684892382,0.058778521091108864,0.28062953952418535,1.7861566656480103,0.7564102564102564,0.9166666666666666,0.7745098039215687,0.8333333333333334,0.15853658536585366,0.10784313725490197,0.07,0.79,0.8877551020408163,0.7625,0.31,0.8333333333333334,0.6979166666666666,0.5583501006036218,0.7888888888888889,0.8350100603621731,0.6949685534591195,7,4,1,1,4,0.7193044008284508,0.9259634888438134,0.9206827309236948,10.0,5.0,37.0,False,False,full,89.0,2026-07-30,2026-07-30,0.6671205931305795,0.6698939603503918,2169.0,0.4363746406415494,0.4444444444444444,0.10991633030214176,0.10834587285805597,-0.21702248031472668,-0.21524112905577836,0.5050772067020888,0.4846832365652487,0.5307913451354214,0.5260488704472107,2026-09-25
FRT,Federal Realty Investment Trust,Real Estate,Retail REITs,Real Estate,6798.0,34903,FRT,9547733762.437202,,110.5199966430664,0.16248968872098749,1.0,False,,0.1529408176103858,0.06902757792051464,-0.013358587718497884,,0.055083305787041015,0.0014891710875655217,0.053039602129702844,,,0.34679821226548135,0.19488108923853997,3.478867535127891,,0.7884615384615384,0.5344827586206896,0.12962962962962962,,0.3620689655172414,0.39655172413793105,0.8448275862068966,,,0.43103448275862066,0.8103448275862069,0.9827586206896551,0.33098591549295775,0.7141414141414142,0.8078470824949698,0.9821802935010482,5,2,1,1,4,0.7087886764075975,0.9239350912778904,0.7720883534136547,10.0,5.0,38.0,False,False,full,178.0,2026-05-01,2026-05-01,0.6671205931305795,0.6995454545454546,2200.0,0.4363746406415494,0.3931818181818182,0.10991633030214176,0.10723822731349875,-0.21702248031472668,-0.15432569710677385,0.5050772067020888,0.3897125553410044,0.5307913451354214,0.34863636363636363,2026-09-25
LMT,Lockheed Martin,Industrials,Aerospace & Defense,Industrials,3760.0,936468,LMT,119909643065.22601,,519.5599975585938,0.28087103351011106,2.0,False,0.1454923939151321,0.7170392335766423,0.1665652522017614,-0.06589271417133707,0.328871096877502,0.06081195855274335,-0.011454832024198058,0.05243114598031224,0.07279648055704557,0.06697808313373603,0.0731217254581482,0.14619641510528458,2.112230443128437,0.16447368421052633,0.936046511627907,0.7393617021276596,0.8315217391304348,0.3850574712643678,0.45698924731182794,0.45604395604395603,0.7043010752688172,0.8846153846153846,0.7678571428571429,0.22872340425531915,0.5967741935483871,0.8238636363636364,0.6810865191146881,0.7282828282828283,0.5975855130784709,0.8259958071278826,7,4,1,1,4,0.7082376669009675,0.9219066937119675,0.8604417670682731,10.0,5.0,39.0,False,False,full,89.0,2026-07-23,2026-07-23,0.6671205931305795,0.6698939603503918,2169.0,0.4363746406415494,0.4444444444444444,0.10991633030214176,0.10834587285805597,-0.21702248031472668,-0.21524112905577836,0.5050772067020888,0.4846832365652487,0.5307913451354214,0.5260488704472107,2026-09-25
ODFL,Old Dominion,Industrials,Cargo Ground Transportation,Industrials,4213.0,878927,ODFL,35934903225.40219,,173.3000030517578,0.37842902627391156,3.0,False,,0.23954072611928875,0.2430645794863274,-0.053147046275307856,0.0034865184871609744,0.033223168902141165,-0.013377455974689423,0.030312479017057616,0.031021928541384663,0.040585870138229695,0.12654415601112573,0.42698317209380043,3.401724137125383,,0.563953488372093,0.9308510638297872,0.7119565217391305,0.9942528735632183,0.6290322580645161,0.489010989010989,0.24193548387096775,0.23626373626373626,0.26785714285714285,0.3882978723404255,0.8225806451612904,0.9034090909090909,0.9245472837022133,0.1808080808080808,0.8229376257545271,0.9035639412997903,6,4,1,1,4,0.7079642328911528,0.9198782961460447,0.8102409638554217,10.0,5.0,40.0,False,False,full,87.0,2026-08-05,2026-08-05,0.6671205931305795,0.6337209302325582,2236.0,0.4363746406415494,0.471824686940966,0.10991633030214176,0.12140204547102784,-0.21702248031472668,-0.27498728869076594,0.5050772067020888,0.6677864213899425,0.5307913451354214,0.7137745974955277,2026-09-25
EOG,EOG Resources,Energy,Oil & Gas Exploration & Production,Energy,1311.0,821189,EOG,73617673053.07202,,140.35000610351562,0.2898083857601961,2.0,False,,0.21579211649510419,0.2438347662596061,-0.11832137706952887,0.14467991895295987,0.1836271713767177,-0.03931226892303774,0.09340148519830278,,0.11619763287262166,0.43283084996490984,0.3378450160722801,3.8529308988197664,,0.625,0.875,0.875,0.7631578947368421,0.275,0.875,0.825,,0.8529411764705882,0.575,0.325,0.725,0.9144869215291751,0.8636363636363636,0.32293762575452717,0.7243186582809225,6,3,1,1,4,0.7063448923002471,0.9178498985801217,0.8945783132530121,10.0,5.0,41.0,False,False,full,87.0,2026-08-04,2026-08-04,0.6671205931305795,0.6698939603503918,2169.0,0.4363746406415494,0.4444444444444444,0.10991633030214176,0.10834587285805597,-0.21702248031472668,-0.21524112905577836,0.5050772067020888,0.4846832365652487,0.5307913451354214,0.5260488704472107,2026-09-25
ABNB,Airbnb,Consumer Discretionary,"Hotels, Resorts & Cruise Lines",Industrials,7340.0,1559720,ABNB,94009590728.75977,,157.47000122070312,0.352645133938558,2.0,False,0.3793906934687348,0.3450442364405693,0.16901996244000836,-0.07543298323711484,0.08610975864227585,0.0652786010669828,-0.04632587859424919,0.0286247390201302,0.05129263900225486,0.03243438258241806,0.08295962081679503,0.5089771370756282,,0.7960526315789473,0.7034883720930233,0.7606382978723404,0.875,0.9482758620689655,0.42473118279569894,0.8846153846153846,0.1989247311827957,0.6538461538461539,0.16071428571428573,0.2393617021276596,0.9193548387096774,,0.9647887323943662,0.2313131313131313,0.9215291750503019,,7,4,1,0,3,0.7058770129192665,0.9158215010141988,0.9006024096385542,10.0,5.0,42.0,False,False,composite_from_3_of_4_families,87.0,2026-08-06,2026-08-06,0.6671205931305795,0.6698939603503918,2169.0,0.4363746406415494,0.4444444444444444,0.10991633030214176,0.10834587285805597,-0.21702248031472668,-0.21524112905577836,0.5050772067020888,0.4846832365652487,0.5307913451354214,0.5260488704472107,2026-09-25
BBY,Best Buy,Consumer Discretionary,Computer & Electronics Retail,Consumer Discretionary,5731.0,764478,BBY,18982454394.0067,,90.51000213623047,0.381606630325193,3.0,False,0.5941516111007636,0.3996229971724788,0.1536598994226113,-0.07468802384056622,0.07257714037375054,0.05598898577329048,-0.0017780330832373181,0.06700924830888079,0.09313864073121166,0.09554965259334597,0.16768116145217574,0.10476094635747679,0.6008030066511705,0.7307692307692307,0.6547619047619048,0.5392156862745098,0.7549019607843137,0.8170731707317073,0.4803921568627451,0.29,0.81,0.8469387755102041,0.9625,0.61,0.6372549019607843,0.5104166666666666,0.7736418511066399,0.9040404040404041,0.6368209255533199,0.5083857442348009,7,4,1,1,4,0.7057222312337912,0.9137931034482759,0.9608433734939759,10.0,5.0,43.0,False,False,full,55.0,2026-09-04,2026-09-04,0.6671205931305795,0.6337209302325582,2236.0,0.4363746406415494,0.471824686940966,0.10991633030214176,0.12140204547102784,-0.21702248031472668,-0.27498728869076594,0.5050772067020888,0.6677864213899425,0.5307913451354214,0.7137745974955277,2026-09-25
BKNG,Booking Holdings,Consumer Discretionary,"Hotels, Resorts & Cruise Lines",Industrials,4700.0,1075531,BKNG,123188830681.96869,,163.9499969482422,0.37930762996649514,3.0,False,0.4190755339936662,,0.33215416750892796,-0.08927969813354895,0.6798733239000068,-0.032655455612045414,-0.0726526798845476,0.058519915808042416,0.07743396821929763,0.07359210860030081,-0.08753228633071457,-0.07196453536225256,2.3650129102118926,0.8486842105263158,,0.9840425531914894,0.9293478260869565,0.06321839080459771,0.9193548387096774,0.9505494505494505,0.7473118279569892,0.9065934065934066,0.8392857142857143,0.047872340425531915,0.26344086021505375,0.8465909090909091,0.9688128772635815,0.7080808080808081,0.2625754527162978,0.8469601677148847,6,4,1,1,4,0.696607326443893,0.9117647058823529,0.822289156626506,10.0,5.0,44.0,False,False,full,87.0,2026-08-04,2026-08-04,0.6671205931305795,0.6337209302325582,2236.0,0.4363746406415494,0.471824686940966,0.10991633030214176,0.12140204547102784,-0.21702248031472668,-0.27498728869076594,0.5050772067020888,0.6677864213899425,0.5307913451354214,0.7137745974955277,2026-09-25
DRI,Darden Restaurants,Consumer Discretionary,Restaurants,Consumer Discretionary,5812.0,940944,DRI,22787074307.75,,199.75,0.2718892831377365,2.0,False,0.20852251523821372,0.5466364665911665,0.14407109093170792,-0.05025500684164697,0.1273246050503794,0.02187971716850723,-0.025256466442224457,0.052955459911305736,0.04911117526041456,0.06539070699534366,0.09687509551189807,0.16125324360044058,5.597795779230137,0.24358974358974358,0.75,0.4215686274509804,0.5,0.7439024390243902,0.6568627450980392,0.53,0.57,0.47959183673469385,0.5625,0.47,0.6764705882352942,0.9270833333333334,0.6468812877263581,0.5262626262626262,0.6790744466800804,0.929769392033543,7,4,1,1,4,0.695496938175652,0.90973630831643,0.7680722891566265,10.0,5.0,45.0,False,False,full,117.0,2026-07-24,2026-07-24,0.6671205931305795,0.6698939603503918,2169.0,0.4363746406415494,0.4444444444444444,0.10991633030214176,0.10834587285805597,-0.21702248031472668,-0.21524112905577836,0.5050772067020888,0.4846832365652487,0.5307913451354214,0.5260488704472107,2026-09-25
ALB,Albemarle Corporation,Materials,Specialty Chemicals,Materials,2821.0,915913,ALB,12948695300.74514,,109.7300033569336,0.5787011666511139,3.0,False,0.0884503361973003,0.02181735405033241,0.11319190485816023,-0.09909723896650727,0.11799891795679308,-0.08020112506836286,0.0027372278590067634,0.01731270948873896,0.10366851399482328,0.0191058047117786,0.7935292908937868,0.6780852185084225,0.5511371726187425,0.22,0.28846153846153844,0.5961538461538461,0.9038461538461539,0.9,0.9038461538461539,0.21153846153846154,0.3269230769230769,0.9,0.22916666666666666,0.9423076923076923,0.8269230769230769,0.5961538461538461,0.6991951710261569,0.6515151515151515,0.8279678068410463,0.5922431865828093,7,4,1,1,4,0.692730328991291,0.907707910750507,0.9186746987951807,10.0,5.0,46.0,False,False,full,87.0,2026-08-05,2026-08-05,0.6671205931305795,0.6337209302325582,2236.0,0.4363746406415494,0.471824686940966,0.10991633030214176,0.12140204547102784,-0.21702248031472668,-0.27498728869076594,0.5050772067020888,0.6677864213899425,0.5307913451354214,0.7137745974955277,2026-09-25
ADM,Archer Daniels Midland,Consumer Staples,Agricultural Products & Services,Consumer Staples,2070.0,7084,ADM,39096562696.70153,,81.12000274658203,0.2738761793926447,2.0,False,0.1053673846843649,0.07506361323155217,0.05221663833205672,-0.019149214415154967,0.1496627870046892,0.02944457265943523,0.0031117804809726035,0.0452725221327278,0.04289379639355057,0.058352708431025704,0.6031220745139669,0.400487213744509,2.5112452681143544,0.08333333333333333,0.40384615384615385,0.11666666666666667,0.2833333333333333,0.9137931034482759,0.38333333333333336,0.15517241379310345,0.6724137931034483,0.3275862068965517,0.7222222222222222,0.8103448275862069,0.95,0.9791666666666666,0.12575452716297786,0.706060606060606,0.9496981891348089,0.9779874213836478,7,4,1,1,4,0.6898751859355101,0.9056795131845842,0.7118473895582329,10.0,5.0,47.0,False,False,full,87.0,2026-08-04,2026-08-04,0.6671205931305795,0.6698939603503918,2169.0,0.4363746406415494,0.4444444444444444,0.10991633030214176,0.10834587285805597,-0.21702248031472668,-0.21524112905577836,0.5050772067020888,0.4846832365652487,0.5307913451354214,0.5260488704472107,2026-09-25
CB,Chubb Limited,Financials,Property & Casualty Insurance,Financials,6331.0,896159,CB,129300921643.37183,,333.3699951171875,0.1936374803744381,1.0,True,,0.15312787987206591,0.05517033573420074,,,0.09415615367504526,-0.03210575407382088,0.08738530132959191,,,0.5706687861322177,0.20694112072249116,1.7473701485940063,,0.5367647058823529,0.6397058823529411,,,0.34558823529411764,0.5833333333333334,0.7089552238805971,,,0.5746268656716418,0.6397058823529411,0.7769230769230769,0.5885311871227364,0.7202020202020202,0.6428571428571429,0.7767295597484277,4,2,1,1,4,0.6820799774825818,0.9036511156186613,0.8283132530120482,10.0,5.0,48.0,False,False,full,178.0,2026-04-28,2026-04-28,0.6671205931305795,0.6995454545454546,2200.0,0.4363746406415494,0.3931818181818182,0.10991633030214176,0.10723822731349875,-0.21702248031472668,-0.15432569710677385,0.5050772067020888,0.3897125553410044,0.5307913451354214,0.34863636363636363,2026-09-25
LRCX,Lam Research,Information Technology,Semiconductor Materials & Equipment,Industrials,3559.0,707549,LRCX,394428881717.5598,,315.2099914550781,0.6451457161573385,3.0,False,0.49831857492026155,0.5825869637054072,0.24894691794976256,0.05982806527041116,0.15818536564551514,0.1023404259306282,-0.01129880114189008,0.01842004056184344,0.012400846456022198,0.020887378030581973,0.031617666905361407,1.2596052352602038,3.547260013861449,0.9013157894736842,0.9011627906976745,0.9414893617021277,0.016304347826086956,0.8448275862068966,0.26344086021505375,0.4340659340659341,0.0913978494623656,0.09340659340659341,0.10119047619047619,0.12234042553191489,0.9838709677419355,0.9261363636363636,0.7857142857142857,0.021212121212121213,0.9879275653923542,0.9266247379454927,7,4,1,1,4,0.6803696775660635,0.9016227180527383,0.7279116465863453,10.0,5.0,49.0,False,False,full,89.0,2026-08-07,2026-08-07,0.6671205931305795,0.6337209302325582,2236.0,0.4363746406415494,0.471824686940966,0.10991633030214176,0.12140204547102784,-0.21702248031472668,-0.27498728869076594,0.5050772067020888,0.6677864213899425,0.5307913451354214,0.7137745974955277,2026-09-25
KVUE,Kenvue,Consumer Staples,Personal Care Products,Consumer Staples,2844.0,1944048,KVUE,34189766247.16614,,17.799999237060547,0.29692559481399533,2.0,False,0.3353656255844399,0.15711172178527433,0.0869646530764915,-0.02494856929119132,0.05259023751636432,-0.014632168656936506,0.0008876940763054009,0.048494043159403734,0.055981663816102985,0.0762633482217064,0.30865961246151247,0.21925628403271968,0.18313370739339663,0.5833333333333334,0.4807692307692308,0.38333333333333336,0.31666666666666665,0.9482758620689655,0.65,0.43103448275862066,0.8103448275862069,0.5344827586206896,0.9074074074074074,0.5344827586206896,0.7166666666666667,0.5625,0.6327967806841046,0.794949494949495,0.7203219315895373,0.5628930817610063,7,4,1,1,4,0.6777403222460358,0.8995943204868154,0.9066265060240963,9.0,5.0,50.0,False,True,full,89.0,2026-08-06,2026-08-06,0.6870574054542715,0.7054099746407438,2366.0,0.4423685400030134,0.45012679628064245,0.11406011777665737,0.12896781523323275,-0.1949097178717196,-0.1864174936164138,0.4703642043536676,0.45749954677504767,0.4976646075033901,0.5012679628064244,2026-09-25
FIX,Comfort Systems USA,Industrials,Construction & Engineering,Industrials,1731.0,1035983,FIX,58384225524.32117,,1658.9100341796875,0.5626859185274087,3.0,False,0.12827142844688014,0.44584428594562653,0.30043865281558035,-0.13144315503912318,0.006369608353442574,0.6761967316971347,-0.0024693711585339617,0.024568297123380874,0.0369929716563644,0.013145370272861443,0.05510510709197949,0.8769056399657251,3.3833733660758973,0.1513157894736842,0.8313953488372093,0.9627659574468085,0.9945652173913043,0.9827586206896551,0.016129032258064516,0.2692307692307692,0.13440860215053763,0.35714285714285715,0.06547619047619048,0.2074468085106383,0.9623655913978495,0.8920454545454546,0.7575452716297787,0.09393939393939393,0.9627766599597586,0.8930817610062893,7,4,1,1,4,0.6768357716338051,0.8975659229208925,0.7479919678714859,9.0,5.0,51.0,False,False,full,87.0,2026-07-23,2026-07-23,0.6870574054542715,0.635663181067694,1817.0,0.4423685400030134,0.4755090809025867,0.11406011777665737,0.11151966285326753,-0.1949097178717196,-0.2740275967931405,0.4703642043536676,0.691210303390787,0.4976646075033901,0.6989543203082004,2026-09-25
RF,Regions Financial Corporation,Financials,Regional Banks,Financials,6021.0,1281761,RF,23530293670.687695,,27.6200008392334,0.24360408475517642,1.0,True,,0.11847133757961784,0.011023006962225433,,,0.013146489453915056,-0.045252123684588974,0.0948564446851958,,,0.8006699900847172,0.16708192174451075,0.6494719388373529,,0.3602941176470588,0.22794117647058823,,,0.875,0.7651515151515151,0.8134328358208955,,,0.8283582089552238,0.5808823529411765,0.5461538461538461,0.6609657947686117,0.9141414141414141,0.5804828973843058,0.5461215932914046,4,2,1,1,4,0.6754279248964341,0.8955375253549696,0.9106425702811245,9.0,5.0,52.0,False,False,full,87.0,2026-08-06,2026-08-06,0.6870574054542715,0.707297187117815,2453.0,0.4423685400030134,0.4101100693028944,0.11406011777665737,0.10662475467863275,-0.1949097178717196,-0.14514273696819546,0.4703642043536676,0.37135146811254766,0.4976646075033901,0.3452914798206278,2026-09-25
RL,Ralph Lauren Corporation,Consumer Discretionary,"Apparel, Accessories & Luxury Goods",Consumer Discretionary,2320.0,1037038,RL,21890230374.145508,,357.1000061035156,0.3483222603908428,2.0,False,0.7665822322034783,0.3611478542034098,0.17201128114064868,-0.04367524938632684,0.16182691805504779,-0.01198446792316521,-0.019199999999999995,0.044901309086308225,0.040237127930837606,0.058901180428873656,0.12432943616776525,0.11489034033365453,2.2142054038168593,0.9615384615384616,0.5595238095238095,0.6176470588235294,0.4215686274509804,0.6463414634146342,0.8333333333333334,0.49,0.43,0.37755102040816324,0.4625,0.53,0.6568627450980392,0.7604166666666666,0.8460764587525151,0.42727272727272725,0.6569416498993964,0.759958071278826,7,4,1,1,4,0.6725622268008662,0.8935091277890467,0.8142570281124498,9.0,5.0,53.0,False,False,full,90.0,2026-08-06,2026-08-06,0.6870574054542715,0.7054099746407438,2366.0,0.4423685400030134,0.45012679628064245,0.11406011777665737,0.12896781523323275,-0.1949097178717196,-0.1864174936164138,0.4703642043536676,0.45749954677504767,0.4976646075033901,0.5012679628064244,2026-09-25
MAS,Masco,Industrials,Building Products,Industrials,3430.0,62996,MAS,13889415679.627678,,68.8499984741211,0.35188621346167015,2.0,False,0.5197783298299254,,0.2103955665965985,-0.05044907318937512,0.5627746990254157,0.024672018797728512,-0.04364983758428176,0.06026171433746281,0.0678934248748237,0.07770690130269965,-0.017423339151333334,0.044213048627861795,1.220714768751958,0.9144736842105263,,0.8882978723404256,0.6793478260869565,0.09770114942528736,0.6935483870967742,0.8736263736263736,0.7688172043010753,0.8076923076923077,0.8511904761904762,0.0797872340425532,0.41397849462365593,0.6875,0.8883299798792756,0.697979797979798,0.41146881287726356,0.6886792452830188,6,4,1,1,4,0.671614459004839,0.8914807302231237,0.8544176706827309,9.0,5.0,54.0,False,False,full,178.0,2026-04-22,2026-04-22,0.6870574054542715,0.7054099746407438,2366.0,0.4423685400030134,0.45012679628064245,0.11406011777665737,0.12896781523323275,-0.1949097178717196,-0.1864174936164138,0.4703642043536676,0.45749954677504767,0.4976646075033901,0.5012679628064244,2026-09-25
CHTR,Charter Communications,Communication Services,Cable & Satellite,Communication Services,4841.0,1091667,CHTR,13690977805.021515,,112.91000366210938,0.5431991633624801,3.0,False,,0.2904672015101463,0.1058360857998432,-0.07419450192137156,0.6037797684072537,0.02657844566558265,-0.14418486323989832,0.35965290939219824,0.31831181542063364,0.1181900731113778,1.2381876766889814,-0.4458943311468557,1.4438226855760623,,0.875,0.7083333333333334,0.7083333333333334,0.041666666666666664,0.4090909090909091,0.9583333333333334,0.9583333333333334,0.9166666666666666,0.8636363636363636,0.9166666666666666,0.041666666666666664,0.875,0.7917505030181087,0.9747474747474747,0.04124748490945674,0.8742138364779874,6,4,1,1,4,0.6704898247882569,0.8894523326572008,0.7379518072289156,9.0,5.0,55.0,False,False,full,87.0,2026-07-24,2026-07-24,0.6870574054542715,0.635663181067694,1817.0,0.4423685400030134,0.4755090809025867,0.11406011777665737,0.11151966285326753,-0.1949097178717196,-0.2740275967931405,0.4703642043536676,0.691210303390787,0.4976646075033901,0.6989543203082004,2026-09-25
ED,Consolidated Edison,Utilities,Multi-Utilities,Utilities,4931.0,1047862,ED,37995412023.1683,,103.0999984741211,0.1713664546238977,1.0,False,,0.0841928426316612,0.055351145957372797,-0.026518242999157088,0.011626817944635475,0.05729159298920661,0.022852260825320547,0.056717374157857665,-0.008632621217530076,0.07714875152844913,0.6736602825728654,0.09997564379274304,0.39833556982104995,,0.11290322580645161,0.3064516129032258,0.27419354838709675,0.9833333333333333,0.8870967741935484,0.3064516129032258,0.6612903225806451,0.7068965517241379,0.95,0.8548387096774194,0.7580645161290323,0.5967741935483871,0.43158953722334004,0.8878787878787879,0.7605633802816901,0.5985324947589099,6,4,1,1,4,0.669641050035682,0.8874239350912779,0.8825301204819277,9.0,5.0,56.0,False,False,full,178.0,2026-05-07,2026-05-07,0.6870574054542715,0.707297187117815,2453.0,0.4423685400030134,0.4101100693028944,0.11406011777665737,0.10662475467863275,-0.1949097178717196,-0.14514273696819546,0.4703642043536676,0.37135146811254766,0.4976646075033901,0.3452914798206278,2026-09-25
ACN,Accenture,Information Technology,IT Consulting & Other Services,Industrials,7389.0,1467373,ACN,108412155634.7184,,176.11000061035156,0.45917276868331314,3.0,False,0.3401092520813531,0.24426509081086864,0.19158193358915293,-0.0783695903650816,0.07454028984241778,0.08592737909209602,-0.02357661368052233,0.0718531234287659,0.11605421851763995,0.10246967588035234,0.2941604270599636,-0.21463792959288097,0.9410929712386423,0.7171052631578947,0.5755813953488372,0.8351063829787234,0.8967391304347826,0.9597701149425287,0.3387096774193548,0.6758241758241759,0.9086021505376344,0.9615384615384616,0.9583333333333334,0.7393617021276596,0.14516129032258066,0.6420454545454546,0.9124748490945674,0.9646464646464646,0.1448692152917505,0.6457023060796646,7,4,1,1,4,0.6669232087781118,0.8853955375253549,0.8704819277108434,9.0,5.0,57.0,False,False,full,117.0,2026-06-18,2026-06-18,0.6870574054542715,0.635663181067694,1817.0,0.4423685400030134,0.4755090809025867,0.11406011777665737,0.11151966285326753,-0.1949097178717196,-0.2740275967931405,0.4703642043536676,0.691210303390787,0.4976646075033901,0.6989543203082004,2026-09-25
UDR,"UDR, Inc.",Real Estate,Multi-Family Residential REITs,Real Estate,6798.0,74208,UDR,10995145747.098194,,33.84000015258789,0.20112882822787975,1.0,False,,0.14938003700908184,0.08471387123426542,-0.037217670910937285,0.5480394674781933,-0.03830825658429848,-0.0192582709113297,0.04463924456204088,0.07891218724672093,0.03969559820809142,0.2988300542416317,0.03582546053989355,0.7486974959627092,,0.75,0.6379310344827587,0.5,0.30952380952380953,0.9137931034482759,0.8448275862068966,0.8103448275862069,0.7941176470588235,0.5,0.3275862068965517,0.39655172413793105,0.7413793103448276,0.8621730382293763,0.6656565656565656,0.39738430583501005,0.7410901467505241,6,4,1,1,4,0.6665760141178689,0.8833671399594321,0.8022088353413654,9.0,5.0,58.0,False,False,full,178.0,2026-04-30,2026-04-30,0.6870574054542715,0.707297187117815,2453.0,0.4423685400030134,0.4101100693028944,0.11406011777665737,0.10662475467863275,-0.1949097178717196,-0.14514273696819546,0.4703642043536676,0.37135146811254766,0.4976646075033901,0.3452914798206278,2026-09-25
VRSN,Verisign,Information Technology,Internet Services & Infrastructure,Information Technology,7371.0,1014473,VRSN,25938675000.0,,287.25,0.2921742836476019,2.0,False,0.8380852007987575,,0.6108830707787886,-0.1393942755713335,,0.28057962778803813,-0.03319057815845827,0.03276959983499542,0.04110078868716309,,-0.08690112351536847,0.04400352953944675,6.972590456396588,0.9943820224719101,,0.9835164835164835,0.9725274725274725,,0.3055555555555556,0.7921348314606742,0.6208791208791209,0.6611111111111111,,0.005494505494505495,0.3611111111111111,0.9261363636363636,0.9788732394366197,0.38686868686868686,0.3591549295774648,0.9266247379454927,5,3,1,1,4,0.662880398457066,0.8813387423935092,0.6817269076305221,9.0,5.0,59.0,False,False,full,87.0,2026-07-23,2026-07-23,0.6870574054542715,0.7054099746407438,2366.0,0.4423685400030134,0.45012679628064245,0.11406011777665737,0.12896781523323275,-0.1949097178717196,-0.1864174936164138,0.4703642043536676,0.45749954677504767,0.4976646075033901,0.5012679628064244,2026-09-25
FTNT,Fortinet,Information Technology,Systems Software,Information Technology,3577.0,1262039,FTNT,127269975175.43602,,173.4600067138672,0.41377704303464385,3.0,False,0.5559617651392368,1.367223260911611,0.3127394283188448,-0.11744879917489318,0.04575843524384853,0.02046723175522014,-0.04248182562987235,0.01666300317161773,0.02449124387510372,0.01956389776391656,0.012187477823122676,1.0329446830797853,1.952172023607577,0.8820224719101124,0.9482758620689655,0.9065934065934066,0.9175824175824175,0.9013157894736842,0.8166666666666667,0.8595505617977528,0.25824175824175827,0.39444444444444443,0.20945945945945946,0.08241758241758242,0.8277777777777777,0.6761363636363636,0.9969818913480886,0.1404040404040404,0.829979879275654,0.6771488469601677,7,4,1,1,4,0.6611286644969876,0.8793103448275862,0.8403614457831325,9.0,5.0,60.0,False,False,full,87.0,2026-07-30,2026-07-30,0.6870574054542715,0.635663181067694,1817.0,0.4423685400030134,0.4755090809025867,0.11406011777665737,0.11151966285326753,-0.1949097178717196,-0.2740275967931405,0.4703642043536676,0.691210303390787,0.4976646075033901,0.6989543203082004,2026-09-25
STLD,Steel Dynamics,Materials,Steel,Materials,3312.0,1022671,STLD,33490041566.963135,,233.66000366210938,0.3622031478693348,2.0,False,0.17584864351026935,0.17062854078100695,0.09183283811708007,0.0020842732644753975,0.24542173065677952,0.10063653163704767,-0.02633410429888161,0.04799160958896785,0.028532750492093525,0.055397110105980696,0.2812636700126425,0.6822409569660353,1.256857576210561,0.62,0.5961538461538461,0.40384615384615385,0.09615384615384616,0.5,0.21153846153846154,0.7884615384615384,0.5961538461538461,0.42,0.6041666666666666,0.4807692307692308,0.8653846153846154,0.8653846153846154,0.37927565392354123,0.5343434343434343,0.864185110663984,0.8647798742138365,7,4,1,1,4,0.660646018286199,0.8772819472616633,0.7078313253012049,9.0,5.0,61.0,False,False,full,87.0,2026-07-28,2026-07-28,0.6870574054542715,0.7054099746407438,2366.0,0.4423685400030134,0.45012679628064245,0.11406011777665737,0.12896781523323275,-0.1949097178717196,-0.1864174936164138,0.4703642043536676,0.45749954677504767,0.4976646075033901,0.5012679628064244,2026-09-25
CINF,Cincinnati Financial,Financials,Property & Casualty Insurance,Financials,6331.0,20286,CINF,24946320403.86879,,162.5399932861328,0.20787196746055736,1.0,True,,0.1995681122908044,0.07904050334250885,,,0.1129962411822254,-0.018534616427021255,0.1333663620981968,0.13629264536635682,,0.6682749090889807,0.09258574860693813,0.954710497313835,,0.7573529411764706,0.8308823529411765,,,0.25735294117647056,0.38636363636363635,0.9328358208955224,0.83,,0.664179104477612,0.4485294117647059,0.6230769230769231,0.6649899396378269,0.908080808080808,0.4476861167002012,0.6215932914046122,4,3,1,1,4,0.6605875389558621,0.8752535496957403,0.8664658634538153,9.0,5.0,62.0,False,False,full,87.0,2026-07-27,2026-07-27,0.6870574054542715,0.707297187117815,2453.0,0.4423685400030134,0.4101100693028944,0.11406011777665737,0.10662475467863275,-0.1949097178717196,-0.14514273696819546,0.4703642043536676,0.37135146811254766,0.4976646075033901,0.3452914798206278,2026-09-25
INVH,Invitation Homes,Real Estate,Single-Family Residential REITs,Real Estate,6510.0,1687229,INVH,15722390771.790737,,26.6200008392334,0.20822317126961007,1.0,False,,0.07296405721097228,0.06504200113723153,-0.029231295441154232,0.46219361014640364,-0.011450806062906937,-0.03651662941811773,0.04201950006136084,0.07606273227514951,0.01039659640839212,0.5758931406440756,0.02719697091773976,2.0706279240848655,,0.4807692307692308,0.5,0.3888888888888889,0.5476190476190477,0.7413793103448276,0.9482758620689655,0.7413793103448276,0.6764705882352942,0.07894736842105263,0.8103448275862069,0.3620689655172414,0.9137931034482759,0.7535211267605634,0.6151515151515151,0.3611670020120724,0.910901467505241,6,4,1,1,4,0.660185277857348,0.8732251521298174,0.6857429718875502,9.0,5.0,63.0,False,False,full,87.0,2026-07-30,2026-07-30,0.6870574054542715,0.707297187117815,2453.0,0.4423685400030134,0.4101100693028944,0.11406011777665737,0.10662475467863275,-0.1949097178717196,-0.14514273696819546,0.4703642043536676,0.37135146811254766,0.4976646075033901,0.3452914798206278,2026-09-25
IVZ,Invesco,Financials,Asset Management & Custody Banks,Financials,6282.0,914208,IVZ,13651173231.28376,,30.920000076293945,0.34248904434050936,2.0,True,,-0.024791731813115885,0.0731187962042871,,,-0.0359267148356488,-0.010009765972627593,-0.022650067855810422,0.14069852952993234,,0.913613781665207,0.47435439903588783,0.5560869262088198,,0.03676470588235294,0.7867647058823529,,,0.9485294117647058,0.3106060606060606,0.022388059701492536,0.85,,0.9029850746268657,0.9191176470588235,0.5,0.5764587525150905,0.6414141414141414,0.9185110663983903,0.5,4,3,1,1,4,0.6590959900819056,0.8711967545638946,0.9046184738955824,9.0,5.0,64.0,False,False,full,87.0,2026-08-04,2026-08-04,0.6870574054542715,0.7054099746407438,2366.0,0.4423685400030134,0.45012679628064245,0.11406011777665737,0.12896781523323275,-0.1949097178717196,-0.1864174936164138,0.4703642043536676,0.45749954677504767,0.4976646075033901,0.5012679628064244,2026-09-25
EBAY,eBay Inc.,Consumer Discretionary,Broadline Retail,Industrials,7389.0,1065088,EBAY,48015500679.01611,,107.9000015258789,0.3660199164358795,3.0,False,0.4853621814531869,0.47631296891747055,0.16929682707857024,-0.04539117827468912,0.2867339541627168,-0.0015589332442513815,-0.026258205689277947,0.046276722487058546,0.05056700368972914,0.048458625637362945,0.09715612529348701,0.1531585963727089,0.913421708867278,0.875,0.8546511627906976,0.7712765957446809,0.6032608695652174,0.5229885057471264,0.8440860215053764,0.7087912087912088,0.6612903225806451,0.6208791208791209,0.44642857142857145,0.28191489361702127,0.6075268817204301,0.5965909090909091,0.9346076458752515,0.4919191919191919,0.6086519114688129,0.5953878406708596,7,4,1,1,4,0.6576416474835289,0.8691683569979716,0.8765060240963856,9.0,5.0,65.0,False,False,full,87.0,2026-08-06,2026-08-06,0.6870574054542715,0.635663181067694,1817.0,0.4423685400030134,0.4755090809025867,0.11406011777665737,0.11151966285326753,-0.1949097178717196,-0.2740275967931405,0.4703642043536676,0.691210303390787,0.4976646075033901,0.6989543203082004,2026-09-25
BF-B,Brown–Forman,Consumer Staples,Distillers & Vintners,Consumer Staples,2080.0,14693,BF-B,12020990809.883118,,26.15999984741211,0.3848931533107718,3.0,False,0.3035143769968051,0.18165784832451498,0.12945686900958467,-0.03731629392971246,0.3119488817891374,-0.042344878227879135,-0.02842717083577362,0.05997841703757283,0.07694873198301647,0.07012221202113725,0.33017245107091064,0.006684235727627996,0.20088078438073034,0.48333333333333334,0.5961538461538461,0.65,0.48333333333333334,0.5,0.85,0.9482758620689655,0.8448275862068966,0.7413793103448276,0.8703703703703703,0.5689655172413793,0.31666666666666665,0.6041666666666666,0.8400402414486922,0.8696969696969697,0.3158953722334004,0.6048218029350105,7,4,1,1,4,0.6576135965785181,0.8671399594320487,0.8744979919678715,9.0,5.0,66.0,False,False,full,56.0,2026-09-02,2026-09-02,0.6870574054542715,0.635663181067694,1817.0,0.4423685400030134,0.4755090809025867,0.11406011777665737,0.11151966285326753,-0.1949097178717196,-0.2740275967931405,0.4703642043536676,0.691210303390787,0.4976646075033901,0.6989543203082004,2026-09-25
DXCM,Dexcom,Health Care,Health Care Equipment,Health Care,3841.0,1093557,DXCM,32686990500.752296,,86.62000274658203,0.39702606984802535,3.0,False,0.48090716155717006,0.3813611047531853,0.2708936842594457,-0.11602868960389137,,-0.11897092943906096,-0.03772612870567993,0.030584033117915573,0.04298346156914212,,0.08019704352836239,0.353247084554303,0.9644235176607157,0.8953488372093024,0.8214285714285714,0.9468085106382979,0.9042553191489362,,0.9893617021276596,0.8191489361702128,0.32978723404255317,0.29347826086956524,,0.24468085106382978,0.6914893617021277,0.75,0.9989939637826962,0.18888888888888888,0.6891348088531187,0.750524109014675,6,3,1,1,4,0.6568854426348447,0.8651115618661258,0.7801204819277109,9.0,5.0,67.0,False,False,full,87.0,2026-07-30,2026-07-30,0.6870574054542715,0.635663181067694,1817.0,0.4423685400030134,0.4755090809025867,0.11406011777665737,0.11151966285326753,-0.1949097178717196,-0.2740275967931405,0.4703642043536676,0.691210303390787,0.4976646075033901,0.6989543203082004,2026-09-25
CFG,Citizens Financial Group,Financials,Regional Banks,Financials,6022.0,759944,CFG,27599714403.50818,,65.52999877929688,0.2691799719881139,1.0,True,,0.08119772371386014,0.010695530200653449,,,0.07111905089093495,-0.023582299389601658,0.07702978258824902,0.0860516150738906,,0.9486692368335485,0.33449625289959917,1.7781557108870742,,0.15441176470588236,0.21323529411764705,,,0.5220588235294118,0.4772727272727273,0.5895522388059702,0.65,,0.9328358208955224,0.8455882352941176,0.8076923076923077,0.13380281690140844,0.8292929292929293,0.8460764587525151,0.8060796645702306,4,3,1,1,4,0.6538129673792709,0.8630831643002028,0.7399598393574297,9.0,5.0,68.0,False,False,full,87.0,2026-08-03,2026-08-03,0.6870574054542715,0.707297187117815,2453.0,0.4423685400030134,0.4101100693028944,0.11406011777665737,0.10662475467863275,-0.1949097178717196,-0.14514273696819546,0.4703642043536676,0.37135146811254766,0.4976646075033901,0.3452914798206278,2026-09-25
AEP,American Electric Power,Utilities,Electric Utilities,Utilities,4911.0,4904,AEP,64394820594.01173,,118.3499984741211,0.19049395988070575,1.0,False,,0.11487047283702213,0.059545238418693115,-0.028521939953810624,0.43395088982475205,0.12818095955154774,0.018551144278157405,0.05674058823823757,0.04029827206695125,0.04691627315076661,0.49395276990581327,0.12202700839411529,0.13284669834130464,,0.7580645161290323,0.5645161290322581,0.4032258064516129,0.6833333333333333,0.27419354838709675,0.3709677419354839,0.6935483870967742,0.9482758620689655,0.5833333333333334,0.4032258064516129,0.8548387096774194,0.46774193548387094,0.5382293762575453,0.7404040404040404,0.8551307847082495,0.46645702306079667,6,4,1,1,4,0.6500553061076579,0.8610547667342799,0.9026104417670683,9.0,5.0,69.0,False,False,full,178.0,2026-05-05,2026-05-05,0.6870574054542715,0.707297187117815,2453.0,0.4423685400030134,0.4101100693028944,0.11406011777665737,0.10662475467863275,-0.1949097178717196,-0.14514273696819546,0.4703642043536676,0.37135146811254766,0.4976646075033901,0.3452914798206278,2026-09-25
SYF,Synchrony Financial,Financials,Consumer Finance,Financials,6199.0,1601712,SYF,23732549863.962402,,72.94000244140625,0.3216001377650763,2.0,True,,0.2082026395218086,0.0795046338062823,,,0.01182523546740799,-0.12548249121934218,0.14823523052371382,,,0.7119757504716295,0.10294268557831665,0.12625263176924484,,0.8161764705882353,0.8455882352941176,,,0.8897058823529411,0.9924242424242424,0.9776119402985075,,,0.7089552238805971,0.4632352941176471,0.2076923076923077,0.9949698189134809,0.9303030303030303,0.46378269617706236,0.20440251572327045,4,2,1,1,4,0.648364515279211,0.859026369168357,0.9748995983935743,9.0,5.0,70.0,False,False,full,87.0,2026-07-23,2026-07-23,0.6870574054542715,0.7054099746407438,2366.0,0.4423685400030134,0.45012679628064245,0.11406011777665737,0.12896781523323275,-0.1949097178717196,-0.1864174936164138,0.4703642043536676,0.45749954677504767,0.4976646075033901,0.5012679628064244,2026-09-25
CAT,Caterpillar Inc.,Industrials,Construction Machinery & Heavy Transportation Equipment,Industrials,3531.0,18230,CAT,377659703160.392,,821.5800170898438,0.3953980048315635,3.0,False,0.250095020904599,0.5591420026812416,0.13223986200040933,-0.026557124618698164,,0.13599778577359545,-0.018792807035205694,0.028713680356293014,0.02832708893873319,,0.051353109261337765,0.6863637258308963,3.673882059804632,0.5197368421052632,0.8895348837209303,0.601063829787234,0.41847826086956524,,0.1989247311827957,0.554945054945055,0.20967741935483872,0.19230769230769232,,0.18617021276595744,0.9408602150537635,0.9488636363636364,0.5985915492957746,0.1,0.9386317907444668,0.9517819706498952,6,3,1,1,4,0.6472513276725341,0.8569979716024341,0.6315261044176707,9.0,5.0,71.0,False,False,full,87.0,2026-08-05,2026-08-05,0.6870574054542715,0.635663181067694,1817.0,0.4423685400030134,0.4755090809025867,0.11406011777665737,0.11151966285326753,-0.1949097178717196,-0.2740275967931405,0.4703642043536676,0.691210303390787,0.4976646075033901,0.6989543203082004,2026-09-25
AEE,Ameren,Utilities,Multi-Utilities,Utilities,4931.0,1002910,AEE,27515450547.91829,,99.38999938964844,0.17223398550094363,1.0,False,,0.11419595236355666,0.06347625741955638,-0.03295845048422368,0.4258044361137145,0.09846648793565693,0.023791039350856913,0.05680444873246862,-0.05088050430291495,0.0441276818228147,0.49742961599571206,0.03713664395179661,0.5160651066416657,,0.7258064516129032,0.7258064516129032,0.5645161290322581,0.75,0.5,0.27419354838709675,0.7258064516129032,0.46551724137931033,0.4166666666666667,0.46774193548387094,0.6290322580645161,0.6935483870967742,0.7334004024144869,0.5242424242424243,0.6317907444668008,0.6928721174004193,6,4,1,1,4,0.6455764221310327,0.8549695740365112,0.7841365461847389,9.0,5.0,72.0,False,False,full,87.0,2026-08-03,2026-08-03,0.6870574054542715,0.707297187117815,2453.0,0.4423685400030134,0.4101100693028944,0.11406011777665737,0.10662475467863275,-0.1949097178717196,-0.14514273696819546,0.4703642043536676,0.37135146811254766,0.4976646075033901,0.3452914798206278,2026-09-25
SJM,J.M. Smucker Company (The),Consumer Staples,Packaged Foods & Meats,Consumer Staples,2033.0,91419,SJM,12925605143.0,,121.0,0.2810634805650733,2.0,False,0.2184383331687568,0.03990749113166864,0.11787177841414041,-0.10370790954873112,0.415831440703071,-0.08672690072652878,0.0012937413225981853,0.01775545496407866,0.12288786346380193,0.04210965145258777,0.44491533946589784,0.25746105773169337,0.5700243553344336,0.38333333333333336,0.1346153846153846,0.5833333333333334,0.85,0.39655172413793105,0.95,0.39655172413793105,0.1206896551724138,0.9482758620689655,0.3148148148148148,0.6724137931034483,0.75,0.7291666666666666,0.5925553319919518,0.5080808080808081,0.7494969818913481,0.7306079664570231,7,4,1,1,4,0.6451852721052826,0.8529411764705882,0.7660642570281124,9.0,5.0,73.0,False,False,full,56.0,2026-08-26,2026-08-26,0.6870574054542715,0.7054099746407438,2366.0,0.4423685400030134,0.45012679628064245,0.11406011777665737,0.12896781523323275,-0.1949097178717196,-0.1864174936164138,0.4703642043536676,0.45749954677504767,0.4976646075033901,0.5012679628064244,2026-09-25
CNC,Centene Corporation,Health Care,Managed Health Care,Financials,6324.0,1071739,CNC,30538770749.24469,,61.81999969482422,0.47842331405481303,3.0,True,,-0.22604379044410958,0.11744085192502289,,,-0.039157358643440054,0.005827342084526954,-0.16700082795985288,0.29310282569973395,,0.7387985647902354,0.8032510030151931,0.5105282315542872,,0.007352941176470588,0.9338235294117647,,,0.9632352941176471,0.12878787878787878,0.007462686567164179,0.98,,0.7686567164179104,0.9926470588235294,0.4230769230769231,0.53420523138833,0.6313131313131313,0.9949698189134809,0.41823899371069184,4,3,1,1,4,0.6446817938314084,0.8509127789046653,0.9126506024096386,9.0,5.0,74.0,False,False,full,87.0,2026-07-28,2026-07-28,0.6870574054542715,0.635663181067694,1817.0,0.4423685400030134,0.4755090809025867,0.11406011777665737,0.11151966285326753,-0.1949097178717196,-0.2740275967931405,0.4703642043536676,0.691210303390787,0.4976646075033901,0.6989543203082004,2026-09-25
ULTA,Ulta Beauty,Consumer Discretionary,Other Specialty Retail,Consumer Discretionary,5990.0,1403568,ULTA,23311373711.141785,,545.2000122070312,0.3514022607818346,2.0,False,0.7314643269983271,0.45769498600657177,0.22513472957157935,-0.05137888698224427,0.0487622685401245,0.05026688190958106,-0.04640876281748374,0.05190715120412066,0.04930863424194576,0.06887500591019116,0.11340991881299604,-0.017649793167009653,1.4181356619043817,0.8846153846153846,0.7023809523809523,0.8529411764705882,0.5392156862745098,0.9146341463414634,0.5392156862745098,0.73,0.51,0.5204081632653061,0.6125,0.49,0.46078431372549017,0.6354166666666666,0.9325955734406438,0.5464646464646464,0.4597585513078471,0.6362683438155137,7,4,1,1,4,0.6437717787571627,0.8488843813387424,0.820281124497992,9.0,5.0,75.0,False,False,full,55.0,2026-08-27,2026-08-27,0.6870574054542715,0.7054099746407438,2366.0,0.4423685400030134,0.45012679628064245,0.11406011777665737,0.12896781523323275,-0.1949097178717196,-0.1864174936164138,0.4703642043536676,0.45749954677504767,0.4976646075033901,0.5012679628064244,2026-09-25
USB,U.S. Bancorp,Financials,Diversified Banks,Financials,6021.0,36104,USB,92439195144.0574,,59.33000183105469,0.224691393495615,1.0,True,,0.12112943409657136,0.01725401491628531,,,0.057619068432478215,0.0011965079164433234,0.08836078664760089,,,0.7294741142533084,0.3108816107733967,1.7314872640994075,,0.375,0.3014705882352941,,,0.6102941176470589,0.1893939393939394,0.7238805970149254,,,0.7388059701492538,0.7867647058823529,0.7615384615384615,0.18008048289738432,0.8404040404040404,0.7857142857142857,0.7620545073375262,4,2,1,1,4,0.6420633290883091,0.8468559837728195,0.7359437751004017,9.0,5.0,76.0,False,False,full,87.0,2026-08-06,2026-08-06,0.6870574054542715,0.707297187117815,2453.0,0.4423685400030134,0.4101100693028944,0.11406011777665737,0.10662475467863275,-0.1949097178717196,-0.14514273696819546,0.4703642043536676,0.37135146811254766,0.4976646075033901,0.3452914798206278,2026-09-25
DG,Dollar General,Consumer Staples,Consumer Staples Merchandise Retail,Consumer Discretionary,5331.0,29534,DG,27541799255.677185,,124.83999633789062,0.37153935259374127,3.0,False,0.4227309115119988,0.1833850308462545,0.10309682807710543,-0.05014251570063331,0.14209493214746774,0.016245543763454995,0.0023205270870636507,0.06184777487436224,0.07300379983655367,0.07993333096887356,0.3372563975857653,0.2513210014258094,1.020182541539073,0.4230769230769231,0.32142857142857145,0.2647058823529412,0.4803921568627451,0.6951219512195121,0.696078431372549,0.17,0.71,0.7244897959183674,0.8375,0.77,0.8137254901960784,0.5729166666666666,0.31287726358148893,0.8717171717171717,0.8118712273641852,0.5712788259958071,7,4,1,1,4,0.6419361221646632,0.8448275862068966,0.8524096385542169,9.0,5.0,77.0,False,False,full,56.0,2026-08-27,2026-08-27,0.6870574054542715,0.635663181067694,1817.0,0.4423685400030134,0.4755090809025867,0.11406011777665737,0.11151966285326753,-0.1949097178717196,-0.2740275967931405,0.4703642043536676,0.691210303390787,0.4976646075033901,0.6989543203082004,2026-09-25
PSA,Public Storage,Real Estate,Self-Storage REITs,Real Estate,6798.0,1393311,PSA,50573618172.36127,,287.9700012207031,0.23096701391074523,1.0,False,0.1019021428459232,0.2224492616111805,0.15766767347333188,-0.056047321835284415,0.5060319423680562,-0.020627606041305868,0.0009591522846070788,0.0404236650229874,,0.023525381344586472,0.18172083256290597,0.09554537266723329,1.0266808343713691,0.4642857142857143,0.9038461538461539,0.9827586206896551,0.8333333333333334,0.35714285714285715,0.8103448275862069,0.43103448275862066,0.6724137931034483,,0.18421052631578946,0.22413793103448276,0.603448275862069,0.7758620689655172,0.8822937625754527,0.30606060606060603,0.60261569416499,0.7746331236897275,7,3,1,1,4,0.641400796622694,0.8427991886409736,0.7198795180722891,9.0,5.0,78.0,False,False,full,87.0,2026-07-29,2026-07-29,0.6870574054542715,0.707297187117815,2453.0,0.4423685400030134,0.4101100693028944,0.11406011777665737,0.10662475467863275,-0.1949097178717196,-0.14514273696819546,0.4703642043536676,0.37135146811254766,0.4976646075033901,0.3452914798206278,2026-09-25
KIM,Kimco Realty,Real Estate,Retail REITs,Real Estate,6798.0,879101,KIM,15052513888.360174,,22.440000534057617,0.17746125393448367,1.0,False,,0.05914217784229097,0.05886420176135413,-0.028554608887286035,,0.011840292414513565,-0.009467069527772987,0.04033412654543254,0.07711044205696113,,0.6819858181920162,0.1236213857778441,0.4057359694328512,,0.3269230769230769,0.3620689655172414,0.35185185185185186,,0.603448275862069,0.7413793103448276,0.6379310344827587,0.7352941176470589,,0.8793103448275862,0.6724137931034483,0.603448275862069,0.4275653923541248,0.8616161616161616,0.6730382293762576,0.6027253668763103,5,3,1,1,4,0.6412362875557136,0.8407707910750507,0.8363453815261044,9.0,5.0,79.0,False,False,full,87.0,2026-08-04,2026-08-04,0.6870574054542715,0.707297187117815,2453.0,0.4423685400030134,0.4101100693028944,0.11406011777665737,0.10662475467863275,-0.1949097178717196,-0.14514273696819546,0.4703642043536676,0.37135146811254766,0.4976646075033901,0.3452914798206278,2026-09-25
DUK,Duke Energy,Utilities,Electric Utilities,Utilities,4931.0,1326160,DUK,88367230007.38058,,113.3499984741211,0.16065768959385207,1.0,False,0.09216452577153013,0.09436803349431662,0.05889986265955728,-0.03295160769106479,0.4556723622556148,0.011811828176727879,0.003009441765065679,0.05815504231116876,-0.03733284385766603,0.051044858443865415,0.6162578593382598,0.002975901217922239,0.44430320503175164,0.3181818181818182,0.3709677419354839,0.532258064516129,0.532258064516129,0.38333333333333336,0.9838709677419355,0.6612903225806451,0.7903225806451613,0.5344827586206896,0.75,0.7258064516129032,0.5,0.6290322580645161,0.6287726358148893,0.796969696969697,0.5,0.6278825995807128,7,4,1,1,4,0.6384062330913247,0.8387423935091278,0.8082329317269076,9.0,5.0,80.0,False,False,full,178.0,2026-05-05,2026-05-05,0.6870574054542715,0.707297187117815,2453.0,0.4423685400030134,0.4101100693028944,0.11406011777665737,0.10662475467863275,-0.1949097178717196,-0.14514273696819546,0.4703642043536676,0.37135146811254766,0.4976646075033901,0.3452914798206278,2026-09-25
STX,Seagate Technology,Information Technology,"Technology Hardware, Storage & Peripherals",Information Technology,3572.0,1137789,STX,207794497311.2594,,916.8300170898438,0.7424575398328779,3.0,False,0.5573606097071802,1.46931241347485,0.3684316085038107,-0.04913758523866827,0.357501002807862,0.2429265860650629,0.065673901315354,0.015322831168289431,0.014942647857267176,0.019527272370645034,0.010428572594749748,2.527049747284973,3.677622115942276,0.8932584269662921,0.9712643678160919,0.9285714285714286,0.6098901098901099,0.21710526315789475,0.3277777777777778,0.07303370786516854,0.23626373626373626,0.20555555555555555,0.19594594594594594,0.07142857142857142,0.95,0.8352272727272727,0.6971830985915493,0.07171717171717172,0.9496981891348089,0.8343815513626834,7,4,1,1,4,0.6382450027015534,0.8367139959432048,0.677710843373494,9.0,5.0,81.0,False,False,full,84.0,2026-08-04,2026-08-04,0.6870574054542715,0.635663181067694,1817.0,0.4423685400030134,0.4755090809025867,0.11406011777665737,0.11151966285326753,-0.1949097178717196,-0.2740275967931405,0.4703642043536676,0.691210303390787,0.4976646075033901,0.6989543203082004,2026-09-25
UNP,Union Pacific Corporation,Industrials,Rail Transportation,Industrials,4011.0,100885,UNP,162651935673.74872,,273.7900085449219,0.22419448861219624,1.0,False,,0.35456876118608815,0.14412099254328686,-0.04118745699400374,0.4258752159076547,0.03842452169855348,0.0017398921178259918,0.045065556518815095,0.039987227776040024,0.05314975789159293,0.12709962481766227,0.2988403798246153,1.8870789732254523,,0.7383720930232558,0.675531914893617,0.5815217391304348,0.21264367816091953,0.6182795698924731,0.2032967032967033,0.6505376344086021,0.46703296703296704,0.5773809523809523,0.39893617021276595,0.7150537634408602,0.7784090909090909,0.5261569416498993,0.5303030303030303,0.7152917505030181,0.779874213836478,6,4,1,1,4,0.6379064840731064,0.834685598377282,0.7038152610441767,9.0,5.0,82.0,False,False,full,87.0,2026-07-23,2026-07-23,0.6870574054542715,0.707297187117815,2453.0,0.4423685400030134,0.4101100693028944,0.11406011777665737,0.10662475467863275,-0.1949097178717196,-0.14514273696819546,0.4703642043536676,0.37135146811254766,0.4976646075033901,0.3452914798206278,2026-09-25
EIX,Edison International,Utilities,Electric Utilities,Utilities,4911.0,827052,EIX,20259401580.798958,,52.650001525878906,0.38728655262793554,3.0,False,,0.20519630484988452,0.0635406192114316,-0.025922201640645674,0.43978830378406986,0.06847998190454652,7.86950613855808e-05,0.17542472741980383,-0.031738351077921736,0.09787411900767508,0.8549117273244239,0.030297168012713094,-1.2999793377816313,,0.9193548387096774,0.7580645161290323,0.24193548387096775,0.55,0.7580645161290323,0.9193548387096774,0.967741935483871,0.603448275862069,0.9833333333333333,0.9516129032258065,0.5967741935483871,0.11290322580645161,0.886317907444668,0.9565656565656566,0.5975855130784709,0.11006289308176101,6,4,1,1,4,0.6376329925426392,0.8326572008113591,0.9789156626506024,9.0,5.0,83.0,False,False,full,178.0,2026-04-28,2026-04-28,0.6870574054542715,0.635663181067694,1817.0,0.4423685400030134,0.4755090809025867,0.11406011777665737,0.11151966285326753,-0.1949097178717196,-0.2740275967931405,0.4703642043536676,0.691210303390787,0.4976646075033901,0.6989543203082004,2026-09-25
MCO,Moody's Corporation,Financials,Financial Exchanges & Data,Industrials,7320.0,1059556,MCO,81178842114.25781,,468.70001220703125,0.2788641068159865,2.0,False,0.41689948892674616,0.9239669421487603,0.22616695059625214,-0.03570698466780239,0.47332197614991484,-0.052431071221024084,-0.03455964325529548,0.034430153562255615,0.03654893224300981,0.04219149085681294,0.03726340412372925,0.06828628497455713,4.723376407849843,0.8355263157894737,0.9593023255813954,0.9095744680851063,0.5271739130434783,0.1781609195402299,0.9516129032258065,0.7857142857142857,0.3817204301075269,0.34615384615384615,0.30357142857142855,0.14361702127659576,0.45698924731182794,0.9715909090909091,0.9305835010060363,0.19494949494949496,0.4537223340040241,0.9706498951781971,7,4,1,1,4,0.6374763062844381,0.8306288032454361,0.571285140562249,9.0,5.0,84.0,False,False,full,87.0,2026-07-23,2026-07-23,0.6870574054542715,0.7054099746407438,2366.0,0.4423685400030134,0.45012679628064245,0.11406011777665737,0.12896781523323275,-0.1949097178717196,-0.1864174936164138,0.4703642043536676,0.45749954677504767,0.4976646075033901,0.5012679628064244,2026-09-25
GOOGL,Alphabet Inc. (Class A),Communication Services,Interactive Media & Services,Information Technology,7370.0,1652044,GOOGL,4206141764221.1914,,343.9200134277344,0.3145502414564299,2.0,False,0.2944924147191434,0.3812843492380715,0.20138657654208375,0.06348273232803642,0.10863974715368939,0.8364256363371994,0.010409781890284187,0.05805914628871692,0.01266552650534926,0.03632729122788674,0.15227256614318876,0.3986588319532509,10.976337135966482,0.5,0.7758620689655172,0.6978021978021978,0.038461538461538464,0.7960526315789473,0.05,0.2303370786516854,0.8626373626373627,0.16111111111111112,0.5337837837837838,0.6208791208791209,0.6611111111111111,0.9829545454545454,0.3289738430583501,0.5707070707070707,0.6589537223340041,0.9853249475890985,7,4,1,1,4,0.6359898959221308,0.8286004056795132,0.5491967871485943,9.0,5.0,85.0,False,False,full,87.0,2026-07-23,2026-07-23,0.6870574054542715,0.7054099746407438,2366.0,0.4423685400030134,0.45012679628064245,0.11406011777665737,0.12896781523323275,-0.1949097178717196,-0.1864174936164138,0.4703642043536676,0.45749954677504767,0.4976646075033901,0.5012679628064244,2026-09-25
GOOG,Alphabet Inc. (Class C),Communication Services,Interactive Media & Services,Information Technology,7370.0,1652044,GOOGL,4206141764221.1914,,343.9200134277344,0.3145502414564299,2.0,False,0.2944924147191434,0.3812843492380715,0.20138657654208375,0.06348273232803642,0.10863974715368939,0.8364256363371994,0.010409781890284187,0.05805914628871692,0.01266552650534926,0.03632729122788674,0.15227256614318876,0.3986588319532509,10.976337135966482,0.5,0.7758620689655172,0.6978021978021978,0.038461538461538464,0.7960526315789473,0.05,0.2303370786516854,0.8626373626373627,0.16111111111111112,0.5337837837837838,0.6208791208791209,0.6611111111111111,0.9829545454545454,0.3289738430583501,0.5707070707070707,0.6589537223340041,0.9853249475890985,7,4,1,1,4,0.6359898959221308,0.8286004056795132,0.5491967871485943,9.0,5.0,85.0,False,False,full,87.0,2026-07-23,2026-07-23,0.6870574054542715,0.7054099746407438,2366.0,0.4423685400030134,0.45012679628064245,0.11406011777665737,0.12896781523323275,-0.1949097178717196,-0.1864174936164138,0.4703642043536676,0.45749954677504767,0.4976646075033901,0.5012679628064244,2026-09-25
HCA,HCA Healthcare,Health Care,Health Care Facilities,Health Care,8062.0,860730,HCA,96635632028.39355,,435.6099853515625,0.31021760076170796,2.0,False,,,0.2115378356387307,-0.10097640358014646,0.7220992676973149,0.027626342018127747,-0.07787253729519283,0.07030533000502115,0.08202978377241722,0.08622201720048105,-0.06522438843415489,-0.022719527573053733,0.8213813221788431,,,0.925531914893617,0.8617021276595744,0.011904761904761904,0.5851063829787234,0.925531914893617,0.8829787234042553,0.8804347826086957,0.8928571428571429,0.031914893617021274,0.26595744680851063,0.6413043478260869,0.864185110663984,0.7686868686868686,0.2665995975855131,0.6425576519916143,5,4,1,1,4,0.635507307231995,0.8265720081135902,0.7921686746987951,9.0,5.0,87.0,False,False,full,178.0,2026-04-29,2026-04-29,0.6870574054542715,0.7054099746407438,2366.0,0.4423685400030134,0.45012679628064245,0.11406011777665737,0.12896781523323275,-0.1949097178717196,-0.1864174936164138,0.4703642043536676,0.45749954677504767,0.4976646075033901,0.5012679628064244,2026-09-25
TER,Teradyne,Information Technology,Semiconductor Materials & Equipment,Information Technology,3825.0,97210,TER,62283028748.38257,,398.3800048828125,0.7686275170953044,3.0,False,0.5368998442225613,0.3346420680782576,0.21620661939407795,0.017311130767982977,0.0,0.3093561114150387,-0.017179363314822282,0.018467615064880257,0.012843498719878383,0.021786532354229334,0.055186173008474,1.5455755766785413,2.5155637420717802,0.8595505617977528,0.6839080459770115,0.7527472527472527,0.09340659340659341,0.9802631578947368,0.25,0.6460674157303371,0.2802197802197802,0.17222222222222222,0.23648648648648649,0.24725274725274726,0.8833333333333333,0.7443181818181818,0.7716297786720322,0.1383838383838384,0.8853118712273642,0.7442348008385744,7,4,1,1,4,0.6348900722804522,0.8245436105476673,0.7319277108433735,9.0,5.0,88.0,False,False,full,89.0,2026-07-31,2026-07-31,0.6870574054542715,0.635663181067694,1817.0,0.4423685400030134,0.4755090809025867,0.11406011777665737,0.11151966285326753,-0.1949097178717196,-0.2740275967931405,0.4703642043536676,0.691210303390787,0.4976646075033901,0.6989543203082004,2026-09-25
HON,Honeywell Technologies,Industrials,Industrial Conglomerates,Industrials,3724.0,773840,HON,67365600092.72415,,212.5500030517578,0.27143934791526986,2.0,False,0.1796519445593711,0.4430598262933592,0.06617190732312785,0.04001603227141084,0.4394393876706661,-0.01370841250207222,-0.0016011143560106245,0.12191682384919553,0.05952593006639158,0.08541889103101216,0.2751701161198755,0.046329763669432644,7.383742361103255,0.23026315789473684,0.8197674418604651,0.12234042553191489,0.02717391304347826,0.1896551724137931,0.9086021505376344,0.24725274725274726,0.9838709677419355,0.7527472527472527,0.9107142857142857,0.7074468085106383,0.43548387096774194,0.9943181818181818,0.16800804828973842,0.9282828282828283,0.4346076458752515,0.9979035639412998,7,4,1,1,4,0.6322005215972795,0.8225152129817445,0.5291164658634538,9.0,5.0,89.0,False,False,full,87.0,2026-07-24,2026-07-24,0.6870574054542715,0.7054099746407438,2366.0,0.4423685400030134,0.45012679628064245,0.11406011777665737,0.12896781523323275,-0.1949097178717196,-0.1864174936164138,0.4703642043536676,0.45749954677504767,0.4976646075033901,0.5012679628064244,2026-09-25
ZBRA,Zebra Technologies,Information Technology,Electronic Equipment & Instruments,Industrials,3560.0,877212,ZBRA,17506837030.665894,,370.0400085449219,0.4818760273921965,3.0,False,0.33564895218247076,0.1569141193595342,0.11334954266527729,-0.05094361468102351,0.32140789626027555,0.08805744520030245,-0.06951480977999258,0.030787971525402295,0.0516369689405634,0.042631767249861896,0.19620905786596823,0.18976303484966484,1.6067223750264417,0.6907894736842105,0.3313953488372093,0.4946808510638298,0.6902173913043478,0.43103448275862066,0.3279569892473118,0.9285714285714286,0.2956989247311828,0.6648351648351648,0.31547619047619047,0.5797872340425532,0.6612903225806451,0.7556818181818182,0.6589537223340041,0.44747474747474747,0.6619718309859155,0.7547169811320755,7,4,1,1,4,0.6307793204816856,0.8204868154158215,0.7018072289156626,9.0,5.0,90.0,False,False,full,83.0,2026-08-04,2026-08-04,0.6870574054542715,0.635663181067694,1817.0,0.4423685400030134,0.4755090809025867,0.11406011777665737,0.11151966285326753,-0.1949097178717196,-0.2740275967931405,0.4703642043536676,0.691210303390787,0.4976646075033901,0.6989543203082004,2026-09-25
EVRG,Evergy,Utilities,Electric Utilities,Utilities,4931.0,1711269,EVRG,17989236682.040977,,78.04000091552734,0.1621682284888207,1.0,False,,0.08684993009471674,0.05678697272450445,-0.031205138987573048,0.4487710801444253,0.06246649123996284,0.0018354805460236712,0.049034876553746075,-0.06103093863321372,0.04663458292390569,0.5645931608726645,0.10293465315644057,0.5112622578878209,,0.14516129032258066,0.43548387096774194,0.46774193548387094,0.48333333333333334,0.8225806451612904,0.8548387096774194,0.3387096774193548,0.3620689655172414,0.48333333333333334,0.6612903225806451,0.7903225806451613,0.6612903225806451,0.6167002012072434,0.44545454545454544,0.7907444668008048,0.6593291404612159,6,4,1,1,4,0.6280570884809524,0.8184584178498986,0.7700803212851406,9.0,5.0,91.0,False,False,full,178.0,2026-05-07,2026-05-07,0.6870574054542715,0.707297187117815,2453.0,0.4423685400030134,0.4101100693028944,0.11406011777665737,0.10662475467863275,-0.1949097178717196,-0.14514273696819546,0.4703642043536676,0.37135146811254766,0.4976646075033901,0.3452914798206278,2026-09-25
NDSN,Nordson Corporation,Industrials,Industrial Machinery & Supplies & Components,Industrials,3569.0,72331,NDSN,18145181849.88849,,325.7699890136719,0.21902959231589553,1.0,False,0.2769704367240985,0.1698280759080824,0.130025958654454,-0.03668610203230709,0.32330713930247884,-0.010282188184360885,-0.008666471613197224,0.03059644177682418,0.039901115678509964,0.040138852413194315,0.1801612696441557,0.43093207904453656,1.4346897736030801,0.6381578947368421,0.38953488372093026,0.5691489361702128,0.5380434782608695,0.41954022988505746,0.8978494623655914,0.36813186813186816,0.26344086021505375,0.45604395604395603,0.24404761904761904,0.5372340425531915,0.8333333333333334,0.7102272727272727,0.6388329979879276,0.32626262626262625,0.8350100603621731,0.710691823899371,7,4,1,1,4,0.6276993771280245,0.8164300202839757,0.7339357429718876,9.0,5.0,92.0,False,False,full,56.0,2026-08-20,2026-08-20,0.6870574054542715,0.707297187117815,2453.0,0.4423685400030134,0.4101100693028944,0.11406011777665737,0.10662475467863275,-0.1949097178717196,-0.14514273696819546,0.4703642043536676,0.37135146811254766,0.4976646075033901,0.3452914798206278,2026-09-25
EXC,Exelon,Utilities,Electric Utilities,Utilities,4931.0,1109357,EXC,41276216604.40917,,40.34000015258789,0.19354053240606275,1.0,False,,0.09479788504178747,0.05766302267216811,-0.03402101322897614,0.41281211450933686,0.07362719666800621,0.013543333323982498,0.06732690708147762,-0.05240305866039442,0.058560590383758784,0.7102152864676201,-0.0024954225106774697,0.0,,0.43548387096774194,0.46774193548387094,0.6290322580645161,0.8166666666666667,0.7258064516129032,0.532258064516129,0.8870967741935484,0.43103448275862066,0.8833333333333333,0.9193548387096774,0.46774193548387094,0.4032258064516129,0.755533199195171,0.8818181818181818,0.4688128772635815,0.40146750524109015,6,4,1,1,4,0.6269079408795061,0.8144016227180527,0.8965863453815262,9.0,5.0,93.0,False,False,full,178.0,2026-05-06,2026-05-06,0.6870574054542715,0.707297187117815,2453.0,0.4423685400030134,0.4101100693028944,0.11406011777665737,0.10662475467863275,-0.1949097178717196,-0.14514273696819546,0.4703642043536676,0.37135146811254766,0.4976646075033901,0.3452914798206278,2026-09-25
KO,Coca-Cola Company (The),Consumer Staples,Soft Drinks & Non-alcoholic Beverages,Consumer Staples,2080.0,21344,KO,377800970620.47253,,87.80999755859375,0.18665871295880607,1.0,False,0.29198691192415827,0.4073677638034074,0.1403897636661965,-0.008923688073922681,0.42035368509936,0.024588068740414526,-0.0004145467993995622,0.036265126522831544,0.03325031161081745,0.035184354212414275,0.08902306403491668,0.36440355600464036,1.1127745270334155,0.45,0.9038461538461539,0.7166666666666667,0.15,0.3620689655172414,0.4166666666666667,0.5,0.5344827586206896,0.15517241379310345,0.16666666666666666,0.22413793103448276,0.8833333333333333,0.9375,0.5140845070422535,0.16464646464646465,0.8853118712273642,0.9360587002096437,7,4,1,1,4,0.6250253857814315,0.8123732251521298,0.5552208835341366,9.0,5.0,94.0,False,False,full,175.0,2026-04-30,2026-04-30,0.6870574054542715,0.707297187117815,2453.0,0.4423685400030134,0.4101100693028944,0.11406011777665737,0.10662475467863275,-0.1949097178717196,-0.14514273696819546,0.4703642043536676,0.37135146811254766,0.4976646075033901,0.3452914798206278,2026-09-25
GWW,W. W. Grainger,Industrials,Industrial Machinery & Supplies & Components,Industrials,5000.0,277135,GWW,58549765442.10425,,1243.0699462890625,0.234030029136015,1.0,False,0.7718860469952173,0.45267489711934156,0.22613849033063008,-0.03171137450613433,0.25036390101892286,0.07620006713662297,-0.015288891735875887,0.031938642040318876,0.025790026460364438,0.04547053397393973,0.07055536377997715,0.38548373952186266,1.1780024709085894,0.9671052631578947,0.8430232558139535,0.898936170212766,0.47282608695652173,0.6264367816091954,0.3709677419354839,0.510989010989011,0.3172043010752688,0.1813186813186813,0.4107142857142857,0.21808510638297873,0.7795698924731183,0.6761363636363636,0.8702213279678068,0.17272727272727273,0.7796780684104627,0.6771488469601677,7,4,1,1,4,0.6249438790164275,0.8103448275862069,0.7560240963855421,9.0,5.0,95.0,False,False,full,87.0,2026-08-04,2026-08-04,0.6870574054542715,0.707297187117815,2453.0,0.4423685400030134,0.4101100693028944,0.11406011777665737,0.10662475467863275,-0.1949097178717196,-0.14514273696819546,0.4703642043536676,0.37135146811254766,0.4976646075033901,0.3452914798206278,2026-09-25
XOM,ExxonMobil,Energy,Integrated Oil & Gas,Energy,2911.0,2115436,XOM,660331926598.1287,,160.58999633789062,0.261208143912497,1.0,False,,0.12628961369419384,0.12858840600927485,-0.058064682807945196,0.06938697301510069,0.037723666601876316,-0.03549760552333714,0.04960686994002575,0.04626915460138617,0.06764051504229696,0.39280245214897214,0.46886688083657857,6.597022447241325,,0.325,0.375,0.425,0.9210526315789473,0.625,0.775,0.275,0.2647058823529412,0.38235294117647056,0.375,0.625,0.925,0.6951710261569416,0.25757575757575757,0.6227364185110664,0.9234800838574424,6,4,1,1,4,0.624740821525302,0.808316430020284,0.5652610441767069,9.0,5.0,96.0,False,False,full,87.0,2026-08-03,2026-08-03,0.6870574054542715,0.707297187117815,2453.0,0.4423685400030134,0.4101100693028944,0.11406011777665737,0.10662475467863275,-0.1949097178717196,-0.14514273696819546,0.4703642043536676,0.37135146811254766,0.4976646075033901,0.3452914798206278,2026-09-25
COO,Cooper Companies (The),Health Care,Health Care Supplies,Health Care,3851.0,711404,COO,10530800384.827766,,55.380001068115234,0.3247134098454633,2.0,False,0.22040652074423595,0.06847818256045723,0.0815329745766724,-0.036533211292944276,0.20057758770337872,0.023972464388730463,-0.043527357607861084,0.05415542780790516,0.064382570671155,0.04212693691706868,0.7908420723650635,0.022316202359681903,5.295914118620335,0.22093023255813954,0.20238095238095238,0.26595744680851063,0.4148936170212766,0.7023809523809523,0.648936170212766,0.8404255319148937,0.7978723404255319,0.7065217391304348,0.4166666666666667,0.9893617021276596,0.2872340425531915,0.967391304347826,0.40945674044265595,0.8353535353535354,0.2887323943661972,0.9654088050314465,7,4,1,1,4,0.6247378687984588,0.8062880324543611,0.5331325301204819,9.0,5.0,97.0,False,False,full,56.0,2026-09-09,2026-09-09,0.6870574054542715,0.7054099746407438,2366.0,0.4423685400030134,0.45012679628064245,0.11406011777665737,0.12896781523323275,-0.1949097178717196,-0.1864174936164138,0.4703642043536676,0.45749954677504767,0.4976646075033901,0.5012679628064244,2026-09-25
SNA,Snap-on,Industrials,Industrial Machinery & Supplies & Components,Industrials,3420.0,91440,SNA,19097654812.23462,,369.20001220703125,0.19513286471872096,1.0,False,0.21671353678436275,0.1711055567510304,0.13727736694094364,-0.01764862456457082,0.1393373375458575,0.0535370284571679,-0.008363090644582738,0.05412706482357069,,0.07194100074251288,0.31633727069617645,0.14499866311659892,0.903171963907617,0.375,0.4011627906976744,0.6223404255319149,0.266304347826087,0.8793103448275862,0.478494623655914,0.35714285714285715,0.7258064516129032,,0.8273809523809523,0.7712765957446809,0.5860215053763441,0.5738636363636364,0.45774647887323944,0.8777777777777778,0.5885311871227364,0.5744234800838575,7,3,1,1,4,0.6246197309644028,0.8042596348884381,0.8002008032128514,9.0,5.0,98.0,False,False,full,83.0,2026-07-23,2026-07-23,0.6870574054542715,0.707297187117815,2453.0,0.4423685400030134,0.4101100693028944,0.11406011777665737,0.10662475467863275,-0.1949097178717196,-0.14514273696819546,0.4703642043536676,0.37135146811254766,0.4976646075033901,0.3452914798206278,2026-09-25
ES,Eversource Energy,Utilities,Electric Utilities,Utilities,4911.0,72741,ES,23982880897.467926,,63.66999816894531,0.2456180244601459,1.0,False,,0.08870014076346909,0.06986358261228603,-0.0470084376366922,0.4590598110630037,0.04035105592385335,0.014980721039272282,0.06043377383210967,0.012413479484503125,0.058823156685322286,0.6813266958985386,0.019502739606449104,-0.5454188252761376,,0.1774193548387097,0.8870967741935484,0.8870967741935484,0.35,0.9516129032258065,0.46774193548387094,0.8548387096774194,0.8448275862068966,0.9166666666666666,0.8870967741935484,0.532258064516129,0.20967741935483872,0.8018108651911469,0.9545454545454546,0.5311871227364185,0.20859538784067086,6,4,1,1,4,0.6240347075784227,0.8022312373225152,0.9548192771084337,9.0,5.0,99.0,False,False,full,87.0,2026-08-03,2026-08-03,0.6870574054542715,0.707297187117815,2453.0,0.4423685400030134,0.4101100693028944,0.11406011777665737,0.10662475467863275,-0.1949097178717196,-0.14514273696819546,0.4703642043536676,0.37135146811254766,0.4976646075033901,0.3452914798206278,2026-09-25
PAYX,Paychex,Industrials,Human Resource & Employment Services,Industrials,8700.0,723531,PAYX,36085741525.73957,,101.37000274658203,0.297254963535753,2.0,False,0.31363221311946465,0.48738361894481175,0.1437866762022132,-0.02846616051645201,0.2910470157783496,-0.06015123327131966,-0.010874503173006644,0.05004746815890702,0.05588633944411284,0.06516821651850596,0.10268598741020485,0.04882154596524657,0.8553244204015045,0.6776315789473685,0.8662790697674418,0.6648936170212766,0.44021739130434784,0.4885057471264368,0.9623655913978495,0.4230769230769231,0.6827956989247311,0.7197802197802198,0.7202380952380952,0.31382978723404253,0.44623655913978494,0.5284090909090909,0.8420523138832998,0.6696969696969697,0.44567404426559354,0.5262054507337526,7,4,1,1,4,0.6209071946449038,0.8002028397565923,0.8323293172690763,9.0,5.0,100.0,False,False,full,25.0,2026-09-24,2026-09-24,0.6870574054542715,0.7054099746407438,2366.0,0.4423685400030134,0.45012679628064245,0.11406011777665737,0.12896781523323275,-0.1949097178717196,-0.1864174936164138,0.4703642043536676,0.45749954677504767,0.4976646075033901,0.5012679628064244,2026-09-25
FCX,Freeport-McMoRan,Materials,Copper,Materials,1000.0,831259,FCX,103838423582.22784,,72.30999755859375,0.4862104513573042,3.0,False,0.11719992633147487,0.14645183748570292,0.09878279505081454,-0.04947511175850118,0.15714835836388902,0.057264745450683385,0.00016951761021211098,0.028361370467723884,0.015456706146246802,0.06342971791668597,0.1936566379407333,0.9519177171547841,0.998964573348545,0.38,0.4423076923076923,0.4807692307692308,0.5192307692307693,0.82,0.40384615384615385,0.40384615384615385,0.4423076923076923,0.14,0.6458333333333334,0.21153846153846154,0.9807692307692307,0.7115384615384616,0.48390342052313884,0.30404040404040406,0.9788732394366197,0.7138364779874213,7,4,1,1,4,0.620163385496896,0.7981744421906694,0.6997991967871486,8.0,4.0,101.0,False,False,full,87.0,2026-08-06,2026-08-06,0.6953762466001813,0.6562143671607754,1754.0,0.457388939256573,0.5017103762827823,0.12284496851528415,0.13646978903650175,-0.19347414996526063,-0.28819629583177103,0.4733130754056792,0.6590556100347799,0.5001511030522816,0.6887115165336374,2026-09-25
NVDA,Nvidia,Information Technology,Semiconductors,Information Technology,3674.0,1045810,NVDA,5424187176513.672,,225.07000732421875,0.3761402581717113,3.0,False,0.7064026827196883,0.8423252279635258,0.41951840935205076,0.18271656591896887,0.10418019683269221,1.275628819099048,-0.008230452674897082,0.035559060504982525,0.023414752453589094,0.03635234495406976,0.04221535735187822,0.18480866593143852,3.012277907862075,0.9606741573033708,0.9022988505747126,0.9615384615384616,0.016483516483516484,0.8092105263157895,0.022222222222222223,0.47752808988764045,0.6648351648351648,0.3611111111111111,0.5472972972972973,0.19230769230769232,0.5277777777777778,0.7897727272727273,0.7374245472837022,0.4111111111111111,0.528169014084507,0.7882599580712788,7,4,1,1,4,0.6162411576376498,0.7961460446247465,0.6536144578313253,8.0,4.0,102.0,False,False,full,61.0,2026-08-26,2026-08-26,0.6953762466001813,0.6562143671607754,1754.0,0.457388939256573,0.5017103762827823,0.12284496851528415,0.13646978903650175,-0.19347414996526063,-0.28819629583177103,0.4733130754056792,0.6590556100347799,0.5001511030522816,0.6887115165336374,2026-09-25
TMUS,T-Mobile US,Communication Services,Wireless Telecommunication Services,Communication Services,4812.0,1283699,TMUS,177452057082.10846,,165.42999267578125,0.30443045102524835,2.0,False,0.14100012643231422,0.187683284457478,0.13501566355892916,-0.08556658066147514,0.028643943189746807,0.004279473107508869,-0.046869142265211994,0.059509031192091534,0.10368434326735722,0.10098810602501869,0.3170715568203627,-0.23029573948670656,0.2612246431497141,0.5,0.7916666666666666,0.875,0.875,0.875,0.5,0.7916666666666666,0.5416666666666666,0.625,0.7727272727272727,0.125,0.2916666666666667,0.7083333333333334,0.9386317907444668,0.5181818181818182,0.29275653923541245,0.7075471698113207,7,4,1,1,4,0.6142793294932545,0.7941176470588235,0.6957831325301205,8.0,4.0,103.0,False,False,full,87.0,2026-07-23,2026-07-23,0.6953762466001813,0.6775423728813559,2360.0,0.457388939256573,0.4563559322033898,0.12284496851528415,0.11937591503470324,-0.19347414996526063,-0.19715424339360124,0.4733130754056792,0.46087687961931906,0.5001511030522816,0.5402542372881356,2026-09-25
ADBE,Adobe Inc.,Information Technology,Application Software,Information Technology,7372.0,796343,ADBE,91644924475.09766,,235.47000122070312,0.40887114094628174,3.0,False,0.7731229778859945,0.6191771506290378,0.360428271238451,-0.11747440045362062,0.15896734598579101,0.04267232385059461,-0.07023411371237454,0.0794806700067635,0.11557650421631506,0.10213510458890186,0.12836499203179103,-0.16997871425961197,0.5408567624156685,0.9831460674157303,0.8333333333333334,0.9175824175824175,0.9285714285714286,0.756578947368421,0.7388888888888889,0.9269662921348315,0.9285714285714286,0.9388888888888889,0.9527027027027027,0.532967032967033,0.17222222222222222,0.3693181818181818,0.9909456740442656,0.9262626262626262,0.17002012072434608,0.3689727463312369,7,4,1,1,4,0.6140502918406188,0.7920892494929006,0.8905622489959839,8.0,4.0,104.0,False,False,full,28.0,2026-09-22,2026-09-22,0.6953762466001813,0.6562143671607754,1754.0,0.457388939256573,0.5017103762827823,0.12284496851528415,0.13646978903650175,-0.19347414996526063,-0.28819629583177103,0.4733130754056792,0.6590556100347799,0.5001511030522816,0.6887115165336374,2026-09-25
AVY,Avery Dennison,Materials,Paper & Plastic Packaging Products & Materials,Materials,2670.0,8818,AVY,12909751830.735535,,170.33999633789062,0.25355532151872817,1.0,False,0.29090455152350664,0.3034699500602721,0.13390792744482918,-0.05739066248385311,0.3449410027897485,0.07517331528208948,-0.02812781693074906,0.05460213404891132,0.0823486008049335,0.06984170213638043,0.17992599938829792,0.09182035294791335,0.7240803014693956,0.82,0.8269230769230769,0.75,0.5576923076923077,0.14,0.36538461538461536,0.8269230769230769,0.6730769230769231,0.82,0.7291666666666666,0.1346153846153846,0.36538461538461536,0.6730769230769231,0.7796780684104627,0.6373737373737374,0.36519114688128773,0.6719077568134172,7,4,1,1,4,0.6135376773697263,0.7900608519269777,0.713855421686747,8.0,4.0,105.0,False,False,full,87.0,2026-08-04,2026-08-04,0.6953762466001813,0.7398081534772182,2502.0,0.457388939256573,0.4276578737010392,0.12284496851528415,0.1191295962625819,-0.19347414996526063,-0.13149421668553085,0.4733130754056792,0.37111757224338426,0.5001511030522816,0.3301358912869704,2026-09-25
FFIV,"F5, Inc.",Information Technology,Communications Equipment,Information Technology,3576.0,1048695,FFIV,25089239118.670044,,443.05999755859375,0.3653571378404018,3.0,False,0.3967158651377917,0.18842351212961284,0.15367251841172025,-0.04728767033422101,,0.11704835479649223,-0.014273775366132058,0.028957035985175447,0.038645851132188394,,0.15368058719368563,0.25972338812251605,1.2982741566290315,0.702247191011236,0.39655172413793105,0.510989010989011,0.5769230769230769,,0.5833333333333334,0.5786516853932584,0.5439560439560439,0.6388888888888888,,0.6428571428571429,0.5944444444444444,0.5284090909090909,0.6670020120724346,0.6676767676767676,0.5905432595573441,0.5262054507337526,6,3,1,1,4,0.6128568725100747,0.7880324543610547,0.8042168674698795,8.0,4.0,106.0,False,False,full,87.0,2026-08-06,2026-08-06,0.6953762466001813,0.6562143671607754,1754.0,0.457388939256573,0.5017103762827823,0.12284496851528415,0.13646978903650175,-0.19347414996526063,-0.28819629583177103,0.4733130754056792,0.6590556100347799,0.5001511030522816,0.6887115165336374,2026-09-25
PCG,PG&E Corporation,Utilities,Multi-Utilities,Utilities,4931.0,1004980,PCG,33072563929.592407,,12.34000015258789,0.3646372658037184,3.0,False,,0.09014483348573789,0.05615677300173702,-0.0350919518045714,0.44265074857316167,0.0637318160488034,0.001692904835825626,0.09240287528072708,-0.12889838263145925,0.05363452058708306,1.0250490428311285,-0.11217461773132498,1.0276729819636081,,0.20967741935483872,0.3709677419354839,0.7258064516129032,0.5166666666666667,0.7903225806451613,0.8870967741935484,0.9193548387096774,0.08620689655172414,0.8166666666666667,0.9838709677419355,0.11290322580645161,0.8225806451612904,0.7193158953722334,0.8010101010101011,0.11066398390342053,0.8186582809224319,6,4,1,1,4,0.6124120653020467,0.7860040567951319,0.6234939759036144,8.0,4.0,107.0,False,False,full,87.0,2026-07-23,2026-07-23,0.6953762466001813,0.6562143671607754,1754.0,0.457388939256573,0.5017103762827823,0.12284496851528415,0.13646978903650175,-0.19347414996526063,-0.28819629583177103,0.4733130754056792,0.6590556100347799,0.5001511030522816,0.6887115165336374,2026-09-25
EQIX,Equinix,Real Estate,Data Center REITs,Real Estate,6798.0,1101239,EQIX,99468954909.1637,,1008.0800170898438,0.24958931528977207,1.0,False,0.12291849255039439,0.1065915727993325,0.09596844872918492,-0.0586473853345019,0.4838104976141786,0.05732451285747375,0.008253291461069345,0.015411843840120317,-0.008796714520616618,0.018255100182190048,0.14458782655486652,0.36499521520284817,0.7163209633449026,0.75,0.7115384615384616,0.8103448275862069,0.9074074074074074,0.4523809523809524,0.3275862068965517,0.22413793103448276,0.15517241379310345,0.14705882352941177,0.13157894736842105,0.1896551724137931,0.9482758620689655,0.7068965517241379,0.7434607645875252,0.05555555555555555,0.9446680080482898,0.7054507337526206,7,4,1,1,4,0.6122837654859978,0.783975659229209,0.6937751004016064,8.0,4.0,108.0,False,False,full,87.0,2026-07-29,2026-07-29,0.6953762466001813,0.7398081534772182,2502.0,0.457388939256573,0.4276578737010392,0.12284496851528415,0.1191295962625819,-0.19347414996526063,-0.13149421668553085,0.4733130754056792,0.37111757224338426,0.5001511030522816,0.3301358912869704,2026-09-25
T,AT&T,Communication Services,Integrated Telecommunication Services,Communication Services,4813.0,732717,T,173913542046.2491,,25.3799991607666,0.25365896003013916,1.0,False,0.15554243053140007,0.17050793299270767,0.09307146575652665,-0.04274452036726204,0.314294785448654,0.05639582629454165,-0.04167605100921079,0.1239581446410139,0.10133195950499063,0.08799051566487393,0.7269934158800423,-0.03998427063559651,0.07540079036599862,0.6428571428571429,0.7083333333333334,0.5416666666666666,0.375,0.5416666666666666,0.3181818181818182,0.625,0.7916666666666666,0.5416666666666666,0.5909090909090909,0.7083333333333334,0.4583333333333333,0.625,0.6187122736418511,0.7444444444444445,0.45774647887323944,0.6247379454926625,7,4,1,1,4,0.6114102856130494,0.781947261663286,0.7520080321285141,8.0,4.0,109.0,False,False,full,87.0,2026-07-22,2026-07-22,0.6953762466001813,0.7398081534772182,2502.0,0.457388939256573,0.4276578737010392,0.12284496851528415,0.1191295962625819,-0.19347414996526063,-0.13149421668553085,0.4733130754056792,0.37111757224338426,0.5001511030522816,0.3301358912869704,2026-09-25
AWK,American Water Works,Utilities,Water Utilities,Utilities,4941.0,1410636,AWK,26015612677.757294,,130.91000366210938,0.22422002454990025,1.0,False,,0.09669952850407201,0.06402765204509916,-0.033083696815076946,0.4385921597673717,0.07489753191991277,0.01860814804758748,0.04335857909525276,-0.03959161034406945,0.04668447807946689,0.4483845967607477,0.020195821754499077,1.045209163538223,,0.46774193548387094,0.8225806451612904,0.5967741935483871,0.5833333333333334,0.6935483870967742,0.3387096774193548,0.1774193548387097,0.5,0.5166666666666667,0.24193548387096775,0.5645161290322581,0.8548387096774194,0.721327967806841,0.302020202020202,0.5653923541247485,0.8542976939203354,6,4,1,1,4,0.6107595544680318,0.7799188640973631,0.5893574297188755,8.0,4.0,110.0,False,False,full,87.0,2026-07-29,2026-07-29,0.6953762466001813,0.7398081534772182,2502.0,0.457388939256573,0.4276578737010392,0.12284496851528415,0.1191295962625819,-0.19347414996526063,-0.13149421668553085,0.4733130754056792,0.37111757224338426,0.5001511030522816,0.3301358912869704,2026-09-25
GDDY,GoDaddy,Information Technology,Internet Services & Infrastructure,Information Technology,7373.0,1609711,GDDY,12302557889.260376,,97.13999938964844,0.49411418695480447,3.0,False,,135.86567164179104,0.2161918815496586,-0.10235600130055274,0.4720006002551084,-0.033515029188170065,-0.0852394134369332,0.07399274266326795,0.13841836919837305,0.08489116877189991,0.0005446021925122436,-0.2846598264737924,,,0.9885057471264368,0.7417582417582418,0.8516483516483516,0.05921052631578947,0.8944444444444445,0.949438202247191,0.9065934065934066,0.9833333333333333,0.9121621621621622,0.06043956043956044,0.06111111111111111,,0.9426559356136821,0.8151515151515152,0.06338028169014084,,6,4,1,0,3,0.6070625774851127,0.7778904665314401,0.7540160642570282,8.0,4.0,111.0,False,False,composite_from_3_of_4_families,87.0,2026-07-31,2026-07-31,0.6953762466001813,0.6562143671607754,1754.0,0.457388939256573,0.5017103762827823,0.12284496851528415,0.13646978903650175,-0.19347414996526063,-0.28819629583177103,0.4733130754056792,0.6590556100347799,0.5001511030522816,0.6887115165336374,2026-09-25
CBOE,Cboe Global Markets,Financials,Financial Exchanges & Data,Financials,6200.0,1374310,CBOE,26946335705.09073,,258.0299987792969,0.3420734651618749,2.0,True,,0.24051690426250488,0.18500749342557946,,,0.17251859465313935,-0.0015212812145849464,0.05021461970966134,0.06956418937680894,,0.208777922964018,0.23306736876332557,1.9387530314278358,,0.875,0.9779411764705882,,,0.13970588235294118,0.25,0.27611940298507465,0.51,,0.11194029850746269,0.7279411764705882,0.823076923076923,0.6710261569416499,0.201010101010101,0.7313883299798792,0.8228511530398323,4,3,1,1,4,0.6065689352428656,0.7758620689655172,0.5973895582329317,8.0,4.0,112.0,False,False,full,87.0,2026-07-31,2026-07-31,0.6953762466001813,0.6775423728813559,2360.0,0.457388939256573,0.4563559322033898,0.12284496851528415,0.11937591503470324,-0.19347414996526063,-0.19715424339360124,0.4733130754056792,0.46087687961931906,0.5001511030522816,0.5402542372881356,2026-09-25
TXN,Texas Instruments,Information Technology,Semiconductors,Information Technology,3674.0,97476,TXN,253946790734.84583,,278.07000732421875,0.417085758682407,3.0,False,0.3162031101945265,0.33609151996445824,0.2415417200824926,-0.07287776601081322,0.3916169667242629,0.027166289754673167,0.004521338627614835,0.023831764057688335,0.02108709460160625,0.027793338708255656,0.07090855508704459,0.45684868061415473,2.211269270309197,0.5786516853932584,0.7068965517241379,0.8186813186813187,0.7527472527472527,0.1513157894736842,0.7833333333333333,0.33146067415730335,0.4010989010989011,0.2833333333333333,0.38513513513513514,0.35714285714285715,0.6833333333333333,0.7102272727272727,0.727364185110664,0.3,0.6841046277665996,0.710691823899371,7,4,1,1,4,0.6055401591941587,0.7738336713995944,0.6736947791164659,8.0,4.0,113.0,False,False,full,87.0,2026-07-24,2026-07-24,0.6953762466001813,0.6562143671607754,1754.0,0.457388939256573,0.5017103762827823,0.12284496851528415,0.13646978903650175,-0.19347414996526063,-0.28819629583177103,0.4733130754056792,0.6590556100347799,0.5001511030522816,0.6887115165336374,2026-09-25
FDX,FedEx,Industrials,Air Freight & Logistics,Industrials,4513.0,1048911,FDX,67626734033.77698,,285.8500061035156,0.2889727683585568,2.0,False,0.5354316383152915,0.14007646854362182,0.09020892082840595,-0.04540262995643692,0.2446506362634808,0.12906980725118977,0.0028914481054946872,0.06555099936936014,0.0756505555546236,0.06957398026424462,0.46796581931922854,0.7453924800400484,-0.2550270284782236,0.9407894736842105,0.28488372093023256,0.35638297872340424,0.6141304347826086,0.6494252873563219,0.22043010752688172,0.15934065934065933,0.8440860215053764,0.8956043956043956,0.7797619047619048,0.9202127659574468,0.9516129032258065,0.14204545454545456,0.38329979879275655,0.9404040404040404,0.9557344064386318,0.14255765199161424,7,4,1,1,4,0.6054989744067607,0.7718052738336714,0.9487951807228916,8.0,4.0,114.0,False,False,full,117.0,2026-07-20,2026-07-20,0.6953762466001813,0.6775423728813559,2360.0,0.457388939256573,0.4563559322033898,0.12284496851528415,0.11937591503470324,-0.19347414996526063,-0.19715424339360124,0.4733130754056792,0.46087687961931906,0.5001511030522816,0.5402542372881356,2026-09-25
INCY,Incyte,Health Care,Biotechnology,Health Care,8731.0,879169,INCY,24751011061.01265,,123.88999938964844,0.33043519352377804,2.0,False,0.675497842859212,0.2546355965225445,0.20667102414147323,-0.011582462349332951,,0.27650844919395445,0.032092902402911294,0.05784721264398405,0.058136978584547874,,0.22717645699964994,0.4528947620305326,0.34289929390688334,0.9418604651162791,0.75,0.9042553191489362,0.11702127659574468,,0.05319148936170213,0.010638297872340425,0.8404255319148937,0.5978260869565217,,0.5638297872340425,0.776595744680851,0.4891304347826087,0.3893360160965795,0.7585858585858586,0.7776659959758552,0.48951781970649894,6,3,1,1,4,0.603776422591198,0.7697768762677485,0.8062248995983936,8.0,4.0,115.0,False,False,full,178.0,2026-04-28,2026-04-28,0.6953762466001813,0.6775423728813559,2360.0,0.457388939256573,0.4563559322033898,0.12284496851528415,0.11937591503470324,-0.19347414996526063,-0.19715424339360124,0.4733130754056792,0.46087687961931906,0.5001511030522816,0.5402542372881356,2026-09-25
GD,General Dynamics,Industrials,Aerospace & Defense,Industrials,3730.0,40533,GD,91059252896.75497,,336.7200012207031,0.22456636590271684,1.0,False,0.11958528858696572,0.16645576900954792,0.12575174914025308,-0.05221162479459249,0.10603262803029019,0.031092246152771175,0.007578439189534825,0.047672255832385574,0.06809851610610987,0.05880578587512362,0.2863959363862666,0.10821501329168015,,0.13815789473684212,0.37790697674418605,0.5372340425531915,0.7010869565217391,0.9252873563218391,0.6397849462365591,0.08241758241758242,0.6720430107526881,0.8186813186813187,0.6726190476190477,0.7180851063829787,0.521505376344086,,0.46579476861167,0.8232323232323232,0.5221327967806841,,7,4,1,0,3,0.6037199628748925,0.7677484787018256,0.7439759036144579,8.0,4.0,116.0,False,False,composite_from_3_of_4_families,173.0,2026-04-29,2026-04-29,0.6953762466001813,0.7398081534772182,2502.0,0.457388939256573,0.4276578737010392,0.12284496851528415,0.1191295962625819,-0.19347414996526063,-0.13149421668553085,0.4733130754056792,0.37111757224338426,0.5001511030522816,0.3301358912869704,2026-09-25
DGX,Quest Diagnostics,Health Care,Health Care Services,Health Care,8071.0,1022079,DGX,26083433243.598633,,236.32000732421875,0.24141056453188475,1.0,False,0.22598736643249306,0.14129856306546035,0.11234429423224511,-0.049648739595017415,0.33307751343054487,0.06074268895985968,-0.012967594155862239,0.04071549899439081,0.05171865173581281,0.052412530711810054,0.28815225088685625,0.28301678505504646,2.5313811126892145,0.29069767441860467,0.4880952380952381,0.4574468085106383,0.648936170212766,0.2976190476190476,0.32978723404255317,0.4148936170212766,0.6063829787234043,0.532608695652174,0.7023809523809523,0.6063829787234043,0.5425531914893617,0.9021739130434783,0.2887323943661972,0.6717171717171717,0.5442655935613682,0.90041928721174,7,4,1,1,4,0.6012836117141193,0.7657200811359026,0.5050200803212851,8.0,4.0,117.0,False,False,full,87.0,2026-07-23,2026-07-23,0.6953762466001813,0.7398081534772182,2502.0,0.457388939256573,0.4276578737010392,0.12284496851528415,0.1191295962625819,-0.19347414996526063,-0.13149421668553085,0.4733130754056792,0.37111757224338426,0.5001511030522816,0.3301358912869704,2026-09-25
AMP,Ameriprise Financial,Financials,Asset Management & Custody Banks,Financials,6282.0,820027,AMP,43548276967.0,,493.0,0.26154963804974624,1.0,True,,0.6201696512723845,0.041532109303536145,,,0.07013407029631757,-0.06299191065725918,0.09065800704334902,0.18517380162045757,,0.14618259190424515,0.14087222366406005,0.33460878598305327,,0.9926470588235294,0.5661764705882353,,,0.5661764705882353,0.9015151515151515,0.7686567164179104,0.91,,0.03731343283582089,0.5220588235294118,0.3153846153846154,0.9527162977867203,0.6070707070707071,0.5241448692152918,0.31761006289308175,4,3,1,1,4,0.6003854842414502,0.7636916835699797,0.8865461847389559,8.0,4.0,118.0,False,False,full,87.0,2026-08-04,2026-08-04,0.6953762466001813,0.7398081534772182,2502.0,0.457388939256573,0.4276578737010392,0.12284496851528415,0.1191295962625819,-0.19347414996526063,-0.13149421668553085,0.4733130754056792,0.37111757224338426,0.5001511030522816,0.3301358912869704,2026-09-25
STT,State Street Corporation,Financials,Asset Management & Custody Banks,Financials,6022.0,93751,STT,49814417059.11209,,181.33999633789062,0.25063738370726735,1.0,True,,0.12225838403848875,0.008303436341516465,,,0.1105976104078128,-0.0317015321316062,0.06937750563052762,0.04053043514700094,,0.5674662410774753,0.6921647115980649,2.3377697187184494,,0.3897058823529412,0.15441176470588236,,,0.2867647058823529,0.5681818181818182,0.48507462686567165,0.27,,0.5597014925373134,0.9779411764705882,0.8692307692307693,0.14587525150905434,0.40505050505050505,0.9768611670020121,0.8668763102725366,4,3,1,1,4,0.598665808458527,0.7616632860040567,0.5230923694779116,8.0,4.0,119.0,False,False,full,87.0,2026-07-30,2026-07-30,0.6953762466001813,0.7398081534772182,2502.0,0.457388939256573,0.4276578737010392,0.12284496851528415,0.1191295962625819,-0.19347414996526063,-0.13149421668553085,0.4733130754056792,0.37111757224338426,0.5001511030522816,0.3301358912869704,2026-09-25
BIIB,Biogen,Health Care,Biotechnology,Health Care,2836.0,875045,BIIB,33602208730.30545,,227.60000610351562,0.3486023117485814,2.0,False,0.2544338960285723,0.07355361709656492,0.08787407023006401,-0.04134232831690019,0.21329168235361953,0.05172456845657458,0.007570473027949998,0.040827673294068285,0.07210537912690287,0.06957704427575688,0.5550736307157762,0.5466161555150315,0.337543399206555,0.38372093023255816,0.2261904761904762,0.32978723404255317,0.5212765957446809,0.6785714285714286,0.35106382978723405,0.07446808510638298,0.6276595744680851,0.8152173913043478,0.8452380952380952,0.9042553191489362,0.8617021276595744,0.4673913043478261,0.1720321931589537,0.895959595959596,0.8621730382293763,0.4643605870020964,7,4,1,1,4,0.5986313535875056,0.7596348884381339,0.8122489959839357,8.0,4.0,120.0,False,False,full,178.0,2026-04-29,2026-04-29,0.6953762466001813,0.6775423728813559,2360.0,0.457388939256573,0.4563559322033898,0.12284496851528415,0.11937591503470324,-0.19347414996526063,-0.19715424339360124,0.4733130754056792,0.46087687961931906,0.5001511030522816,0.5402542372881356,2026-09-25
EG,Everest Group,Financials,Reinsurance,Financials,6331.0,1095073,EG,14203298674.789429,,370.42999267578125,0.24375799591244163,1.0,True,,0.12397926117952042,0.03217140926858301,,,0.02723111750028906,-0.08584345467788879,0.1346870219236843,,,1.0863673540420538,0.08284502405200711,-0.11366201715070674,,0.40441176470588236,0.5220588235294118,,,0.7720588235294118,0.9772727272727273,0.9477611940298507,,,0.9776119402985075,0.41911764705882354,0.11538461538461539,0.8682092555331992,0.990909090909091,0.41951710261569414,0.11425576519916142,4,2,1,1,4,0.5982228035642864,0.757606490872211,0.9467871485943775,8.0,4.0,121.0,False,False,full,87.0,2026-08-03,2026-08-03,0.6953762466001813,0.7398081534772182,2502.0,0.457388939256573,0.4276578737010392,0.12284496851528415,0.1191295962625819,-0.19347414996526063,-0.13149421668553085,0.4733130754056792,0.37111757224338426,0.5001511030522816,0.3301358912869704,2026-09-25
DD,DuPont,Industrials,Industrial Conglomerates,Materials,2821.0,1666700,DD,17786511143.9106,,131.7100067138672,0.30693703137658923,2.0,False,0.1165661649494326,0.003994480354419348,0.04942785242865961,-0.0468163904847823,0.14837851953848347,-0.4239175032139829,-0.032450963830113255,0.003092230935847688,0.039468111217546856,0.07125155600652165,0.7741259591943057,0.4006371433416902,0.18354704536370758,0.34,0.21153846153846154,0.1346153846153846,0.4807692307692308,0.86,0.9807692307692307,0.8653846153846154,0.21153846153846154,0.54,0.8125,0.8653846153846154,0.6346153846153846,0.4423076923076923,0.6529175050301811,0.6616161616161617,0.6348088531187123,0.44339622641509435,7,4,1,1,4,0.5981846865450373,0.755578093306288,0.8242971887550201,8.0,4.0,122.0,False,False,full,87.0,2026-08-04,2026-08-04,0.6953762466001813,0.6775423728813559,2360.0,0.457388939256573,0.4563559322033898,0.12284496851528415,0.11937591503470324,-0.19347414996526063,-0.19715424339360124,0.4733130754056792,0.46087687961931906,0.5001511030522816,0.5402542372881356,2026-09-25
SCHW,Charles Schwab Corporation,Financials,Investment Banking & Brokerage,Financials,6211.0,316709,SCHW,171256113646.4145,,99.02999877929688,0.25592053191528663,1.0,True,,0.2013280953995254,0.02207181604822277,,,0.1270983317935399,-0.047313063495964425,0.05895263990893078,0.06299921077431202,,0.2928187434145356,0.16501136131406802,2.71867937882904,,0.7720588235294118,0.375,,,0.22794117647058823,0.7803030303030303,0.35074626865671643,0.45,,0.21641791044776118,0.5661764705882353,0.9153846153846154,0.6247484909456741,0.2818181818181818,0.56841046277666,0.9171907756813418,4,3,1,1,4,0.5980419778054644,0.7535496957403651,0.48092369477911645,8.0,4.0,123.0,False,False,full,87.0,2026-08-07,2026-08-07,0.6953762466001813,0.7398081534772182,2502.0,0.457388939256573,0.4276578737010392,0.12284496851528415,0.1191295962625819,-0.19347414996526063,-0.13149421668553085,0.4733130754056792,0.37111757224338426,0.5001511030522816,0.3301358912869704,2026-09-25
CAH,Cardinal Health,Health Care,Health Care Distributors,Health Care,5122.0,721371,CAH,51217827104.06592,,220.22000122070312,0.2901528498671027,2.0,False,0.17057889317440095,,0.0902982600045376,-0.06038499799298417,0.15508124051030558,0.07863032265351455,-0.026038879501681267,0.03346491049917919,0.08834814469590772,0.047295977723759174,-0.056288994731116454,0.5103213428766644,,0.12790697674418605,,0.3723404255319149,0.7553191489361702,0.75,0.2872340425531915,0.7127659574468085,0.4148936170212766,0.9239130434782609,0.4880952380952381,0.05319148936170213,0.8191489361702128,,0.5181086519114688,0.4535353535353535,0.8199195171026157,,6,4,1,0,3,0.5971878408498127,0.7515212981744422,0.7238955823293173,8.0,4.0,124.0,False,False,composite_from_3_of_4_families,87.0,2026-08-11,2026-08-11,0.6953762466001813,0.6775423728813559,2360.0,0.457388939256573,0.4563559322033898,0.12284496851528415,0.11937591503470324,-0.19347414996526063,-0.19715424339360124,0.4733130754056792,0.46087687961931906,0.5001511030522816,0.5402542372881356,2026-09-25
HSIC,Henry Schein,Health Care,Health Care Distributors,Health Care,5047.0,1000228,HSIC,9625638138.63707,,86.37000274658203,0.2544807278879884,1.0,False,0.3743080572884632,0.12765283496990815,0.06150601880326861,-0.026096125120815394,0.304191195852737,0.04355400696864109,-0.08099270842185946,0.04186735405960963,0.05911296392039176,0.05258827852959113,0.3279782550029469,0.35302093318630146,0.4285128712288779,0.7325581395348837,0.44047619047619047,0.09574468085106383,0.24468085106382978,0.4880952380952381,0.3723404255319149,0.9680851063829787,0.648936170212766,0.6195652173913043,0.7261904761904762,0.6702127659574468,0.6702127659574468,0.532608695652174,0.4295774647887324,0.7525252525252525,0.6670020120724346,0.5356394129979035,7,4,1,1,4,0.5961860355960807,0.7494929006085193,0.7640562248995983,8.0,4.0,125.0,False,False,full,90.0,2026-08-04,2026-08-04,0.6953762466001813,0.7398081534772182,2502.0,0.457388939256573,0.4276578737010392,0.12284496851528415,0.1191295962625819,-0.19347414996526063,-0.13149421668553085,0.4733130754056792,0.37111757224338426,0.5001511030522816,0.3301358912869704,2026-09-25
ACGL,Arch Capital Group,Financials,Property & Casualty Insurance,Financials,6331.0,947484,ACGL,32300750316.77838,,94.66000366210938,0.20739499859519422,1.0,True,,0.19525593008739076,0.07161389544371265,,,0.08111641366705591,-0.08571658462463838,0.14525978356492777,0.18745694575567726,,0.7439455667231915,0.0808993284064472,-0.12823672872694422,,0.7132352941176471,0.7720588235294118,,,0.4485294117647059,0.9621212121212122,0.9626865671641791,0.93,,0.7835820895522388,0.3897058823529412,0.1,0.9265593561368209,0.9666666666666667,0.3893360160965795,0.10167714884696016,4,3,1,1,4,0.5960597969367568,0.7474645030425964,0.9528112449799196,8.0,4.0,126.0,False,False,full,87.0,2026-08-04,2026-08-04,0.6953762466001813,0.7398081534772182,2502.0,0.457388939256573,0.4276578737010392,0.12284496851528415,0.1191295962625819,-0.19347414996526063,-0.13149421668553085,0.4733130754056792,0.37111757224338426,0.5001511030522816,0.3301358912869704,2026-09-25
VEEV,Veeva Systems,Health Care,Health Care Technology,Information Technology,7372.0,1393052,VEEV,45444574832.144165,,280.67999267578125,0.4238989749325909,3.0,False,0.28610995557173374,0.13655102793546722,0.18382097217695414,-0.07181798946891263,,0.13260899811949023,-0.012196859466535037,0.022329882142108293,0.03661178493022548,,0.16352774841549483,-0.04101910332142822,5.976757368814873,0.4887640449438202,0.29310344827586204,0.6538461538461539,0.7417582417582418,,0.49444444444444446,0.5561797752808989,0.35714285714285715,0.6166666666666667,,0.6758241758241759,0.2722222222222222,0.9147727272727273,0.6207243460764588,0.5787878787878787,0.27062374245472837,0.9140461215932913,6,3,1,1,4,0.5960455222280894,0.7454361054766734,0.4748995983935743,8.0,4.0,127.0,False,False,full,56.0,2026-08-27,2026-08-27,0.6953762466001813,0.6562143671607754,1754.0,0.457388939256573,0.5017103762827823,0.12284496851528415,0.13646978903650175,-0.19347414996526063,-0.28819629583177103,0.4733130754056792,0.6590556100347799,0.5001511030522816,0.6887115165336374,2026-09-25
JKHY,Jack Henry & Associates,Financials,Transaction & Payment Processing Services,Information Technology,7373.0,779152,JKHY,10361941865.593262,,147.7899932861328,0.292152502069704,2.0,False,0.3530801144796836,0.24502363362832116,0.24222186971403284,-0.08239281993800447,0.012715726269832162,0.03342378538553281,-0.03785816613750381,0.04852140713792878,0.06705856962074519,0.061120305671783205,0.19802745726778095,0.14042379733848342,-1.3612973319232426,0.6573033707865169,0.5114942528735632,0.8296703296703297,0.7747252747252747,0.9539473684210527,0.7611111111111111,0.8146067415730337,0.8186813186813187,0.8611111111111112,0.8581081081081081,0.7307692307692307,0.48333333333333334,0.028409090909090908,0.954728370221328,0.9121212121212121,0.4869215291750503,0.029350104821802937,7,4,1,1,4,0.5957803040848483,0.7434077079107505,0.9708835341365462,8.0,4.0,128.0,False,False,full,87.0,2026-08-28,2026-08-28,0.6953762466001813,0.6775423728813559,2360.0,0.457388939256573,0.4563559322033898,0.12284496851528415,0.11937591503470324,-0.19347414996526063,-0.19715424339360124,0.4733130754056792,0.46087687961931906,0.5001511030522816,0.5402542372881356,2026-09-25
GM,General Motors,Consumer Discretionary,Automobile Manufacturers,Consumer Discretionary,3711.0,1467858,GM,72503818422.83737,,82.62999725341797,0.3461580924259761,2.0,False,0.09358354966718775,0.03143548387096774,0.08206067722517348,-0.07516746716087458,,-0.02295220191855807,-0.07838252285854941,0.026881342836780866,0.1985826445171734,,0.855127376028945,0.4250455739918615,-0.36747396631035006,0.038461538461538464,0.05952380952380952,0.14705882352941177,0.7745098039215687,,0.8725490196078431,0.95,0.23,0.9897959183673469,,0.95,0.9509803921568627,0.17708333333333334,0.41750503018108653,0.8272727272727273,0.9527162977867203,0.1792452830188679,6,3,1,1,4,0.5941848345648505,0.7413793103448276,0.9267068273092369,8.0,4.0,129.0,False,False,full,87.0,2026-07-21,2026-07-21,0.6953762466001813,0.6775423728813559,2360.0,0.457388939256573,0.4563559322033898,0.12284496851528415,0.11937591503470324,-0.19347414996526063,-0.19715424339360124,0.4733130754056792,0.46087687961931906,0.5001511030522816,0.5402542372881356,2026-09-25
ADSK,Autodesk,Information Technology,Application Software,Information Technology,7372.0,769397,ADSK,43764598724.365234,,209.39999389648438,0.38141503935905713,3.0,False,0.5474851729184318,0.485368016553355,0.22306092582608025,-0.09658784564430409,0.2691211584379573,0.19592851879145168,-0.018779342723004744,0.03751890906944025,0.06486978248973256,0.04735103472569869,0.077299920451837,-0.18616807425511395,1.4696089717745004,0.8707865168539326,0.8103448275862069,0.7637362637362637,0.8296703296703297,0.4144736842105263,0.38333333333333336,0.6797752808988764,0.6978021978021978,0.8388888888888889,0.7094594594594594,0.4010989010989011,0.15,0.5965909090909091,0.8762575452716298,0.7484848484848485,0.15090543259557343,0.5953878406708596,7,4,1,1,4,0.5927589167557279,0.7393509127789046,0.7058232931726908,8.0,4.0,130.0,False,False,full,56.0,2026-08-28,2026-08-28,0.6953762466001813,0.6562143671607754,1754.0,0.457388939256573,0.5017103762827823,0.12284496851528415,0.13646978903650175,-0.19347414996526063,-0.28819629583177103,0.4733130754056792,0.6590556100347799,0.5001511030522816,0.6887115165336374,2026-09-25
MO,Altria,Consumer Staples,Tobacco,Consumer Staples,2111.0,764180,MO,114911776477.7546,,68.81999969482422,0.2601297468257832,1.0,False,0.44253011326182057,,0.2818960867741356,-0.042997542997543,0.7364115778749926,0.03222813311889161,-0.00604028909250276,0.06938366322744534,0.07929561511708039,0.08002375904005417,-0.02321781180118201,0.08934393079263936,-0.05211469665320349,0.6833333333333333,,0.95,0.6166666666666667,0.05172413793103448,0.31666666666666665,0.6379310344827587,0.9137931034482759,0.8103448275862069,0.9444444444444444,0.08620689655172414,0.55,0.3958333333333333,0.6348088531187123,0.7909090909090909,0.5492957746478874,0.3951781970649895,6,4,1,1,4,0.5925479789351701,0.7373225152129818,0.8463855421686747,8.0,4.0,131.0,False,False,full,87.0,2026-07-30,2026-07-30,0.6953762466001813,0.7398081534772182,2502.0,0.457388939256573,0.4276578737010392,0.12284496851528415,0.1191295962625819,-0.19347414996526063,-0.13149421668553085,0.4733130754056792,0.37111757224338426,0.5001511030522816,0.3301358912869704,2026-09-25
SBUX,Starbucks,Consumer Discretionary,Restaurants,Consumer Discretionary,5810.0,829224,SBUX,108140400695.80078,,94.86000061035156,0.2760632365035295,2.0,False,0.6808448225286008,,0.17621321307524024,-0.1061400191555309,0.46929636999155316,-0.1591271114915065,0.0029031406703616813,0.018334498367333963,0.033679364756981404,0.02527402460441643,-0.07096607697605842,0.2879597808515124,1.7210317156902715,0.8076923076923077,,0.6568627450980392,0.9705882352941176,0.2073170731707317,0.9705882352941176,0.11,0.09,0.21428571428571427,0.0875,0.05,0.8529411764705882,0.6770833333333334,0.8058350100603622,0.025252525252525252,0.852112676056338,0.6802935010482181,6,4,1,1,4,0.5908734281043608,0.7352941176470589,0.6576305220883534,8.0,4.0,132.0,False,False,full,89.0,2026-07-29,2026-07-29,0.6953762466001813,0.6775423728813559,2360.0,0.457388939256573,0.4563559322033898,0.12284496851528415,0.11937591503470324,-0.19347414996526063,-0.19715424339360124,0.4733130754056792,0.46087687961931906,0.5001511030522816,0.5402542372881356,2026-09-25
GEN,Gen Digital,Information Technology,Systems Software,Information Technology,7372.0,849399,GEN,12941452134.19423,,21.6200008392334,0.38833145346565656,3.0,False,0.2532600357964715,0.39646084337349397,0.10035796471490667,-0.03304781385834825,0.5213500383533624,-0.04376528117359413,-0.02806128873035396,0.08136644860878765,0.11961563385223484,0.10310005283887813,0.20523199193251662,0.11372289755348541,0.6499837150799471,0.38764044943820225,0.7988505747126436,0.2692307692307692,0.41208791208791207,0.03289473684210526,0.9388888888888889,0.7808988764044944,0.9395604395604396,0.9611111111111111,0.9662162162162162,0.7527472527472527,0.4388888888888889,0.3806818181818182,0.5603621730382293,0.9707070707070707,0.4396378269617706,0.3836477987421384,7,4,1,1,4,0.5885887173623022,0.7332657200811359,0.8443775100401606,8.0,4.0,133.0,False,False,full,84.0,2026-08-07,2026-08-07,0.6953762466001813,0.6562143671607754,1754.0,0.457388939256573,0.5017103762827823,0.12284496851528415,0.13646978903650175,-0.19347414996526063,-0.28819629583177103,0.4733130754056792,0.6590556100347799,0.5001511030522816,0.6887115165336374,2026-09-25
CSCO,Cisco,Information Technology,Communications Equipment,Information Technology,3576.0,858877,CSCO,420674007317.2797,,106.69999694824219,0.3455944990174656,2.0,False,0.3151877936083063,0.2638361340359948,0.10935921071916196,-0.00701960088554965,0.17643111148823254,0.060069833430097086,-0.0026839239547495897,0.031537484534892586,0.03034891573505492,0.03593777707968896,0.1195343641996739,0.6483168715755256,1.4800661899313243,0.5674157303370787,0.5574712643678161,0.3131868131868132,0.14835164835164835,0.7039473684210527,0.6722222222222223,0.4101123595505618,0.5879120879120879,0.48333333333333334,0.49324324324324326,0.510989010989011,0.75,0.6306818181818182,0.44969818913480886,0.5222222222222223,0.7494969818913481,0.6310272536687631,7,4,1,1,4,0.5881111617292856,0.731237322515213,0.679718875502008,8.0,4.0,134.0,False,False,full,62.0,2026-09-02,2026-09-02,0.6953762466001813,0.6775423728813559,2360.0,0.457388939256573,0.4563559322033898,0.12284496851528415,0.11937591503470324,-0.19347414996526063,-0.19715424339360124,0.4733130754056792,0.46087687961931906,0.5001511030522816,0.5402542372881356,2026-09-25
O,Realty Income,Real Estate,Retail REITs,Real Estate,6798.0,726728,O,52552950419.10848,,55.540000915527344,0.16513461642592708,1.0,False,,0.03205034635406915,0.054501224629692195,-0.037918904626055426,0.018314664911947342,0.07024805208182405,0.03490291320788286,0.024119996877265782,,0.044297576845810906,0.752565872792931,0.0631004150504546,2.0552215538151866,,0.1346153846153846,0.25862068965517243,0.5740740740740741,0.9761904761904762,0.29310344827586204,0.1206896551724138,0.29310344827586204,,0.7105263157894737,0.9137931034482759,0.5344827586206896,0.8793103448275862,0.2243460764587525,0.7161616161616161,0.53420523138833,0.8773584905660378,6,3,1,1,4,0.5880178536436841,0.72920892494929,0.4789156626506024,8.0,4.0,135.0,False,False,full,87.0,2026-08-06,2026-08-06,0.6953762466001813,0.7398081534772182,2502.0,0.457388939256573,0.4276578737010392,0.12284496851528415,0.1191295962625819,-0.19347414996526063,-0.13149421668553085,0.4733130754056792,0.37111757224338426,0.5001511030522816,0.3301358912869704,2026-09-25
CHD,Church & Dwight,Consumer Staples,Household Products,Consumer Staples,2840.0,313927,CHD,22861711905.16001,,96.37999725341797,0.22590973090164307,1.0,False,0.31227692544230534,0.171305027830167,0.13347683319239598,-0.051681913526692075,0.2477788637886159,0.036127989804510596,-0.026291294733958526,0.03257848769548595,0.046811892496924086,0.043759606768057055,0.19017823416008833,0.15339781645416672,0.12316904693299432,0.5166666666666667,0.5192307692307693,0.6833333333333333,0.6833333333333333,0.7758620689655172,0.2833333333333333,0.9137931034482759,0.43103448275862066,0.46551724137931033,0.35185185185185186,0.5,0.6166666666666667,0.5208333333333334,0.8138832997987927,0.403030303030303,0.613682092555332,0.5209643605870021,7,4,1,1,4,0.5878900139928575,0.7271805273833671,0.7600401606425703,8.0,4.0,136.0,False,False,full,87.0,2026-07-31,2026-07-31,0.6953762466001813,0.7398081534772182,2502.0,0.457388939256573,0.4276578737010392,0.12284496851528415,0.1191295962625819,-0.19347414996526063,-0.13149421668553085,0.4733130754056792,0.37111757224338426,0.5001511030522816,0.3301358912869704,2026-09-25
UHS,Universal Health Services,Health Care,Health Care Facilities,Health Care,8062.0,352915,UHS,10715502636.566162,,178.86000061035156,0.3254655198803219,2.0,False,,0.20309624462256975,0.11297440191030259,-0.01721158676930217,0.30748983746087194,0.06338821654981985,-0.07818005570001996,0.1424130114804417,0.07889503914777747,0.1330034599964836,0.7012094770393188,-0.16419997749638848,1.1244956686695868,,0.6309523809523809,0.5,0.1595744680851064,0.4642857142857143,0.30851063829787234,0.9468085106382979,0.9893617021276596,0.8586956521739131,0.9880952380952381,0.9468085106382979,0.07446808510638298,0.7717391304347826,0.5221327967806841,0.9848484848484849,0.07344064386317907,0.7704402515723271,6,4,1,1,4,0.5877155442661688,0.7251521298174443,0.5732931726907631,8.0,4.0,137.0,False,False,full,87.0,2026-08-07,2026-08-07,0.6953762466001813,0.6775423728813559,2360.0,0.457388939256573,0.4563559322033898,0.12284496851528415,0.11937591503470324,-0.19347414996526063,-0.19715424339360124,0.4733130754056792,0.46087687961931906,0.5001511030522816,0.5402542372881356,2026-09-25
CTSH,Cognizant,Information Technology,IT Consulting & Other Services,Information Technology,7371.0,1058290,CTSH,27166937525.450912,,57.33000183105469,0.4115375749679542,3.0,False,,0.14792938677993098,0.1344878048780488,-0.02575609756097561,0.027707317073170732,0.026694045174537884,-0.038691155210091144,0.08204826171193558,0.09091933890914351,0.12888122861380133,0.5546447767947265,-0.015398262349149539,0.17467605794761942,,0.3275862068965517,0.44505494505494503,0.3241758241758242,0.9407894736842105,0.7944444444444444,0.8370786516853933,0.9615384615384616,0.9277777777777778,0.9932432432432432,0.9945054945054945,0.29444444444444445,0.2784090909090909,0.7776659959758552,0.996969696969697,0.29678068410462777,0.27882599580712786,6,4,1,1,4,0.5875605932143269,0.7231237322515213,0.8805220883534136,8.0,4.0,138.0,False,False,full,178.0,2026-04-29,2026-04-29,0.6953762466001813,0.6562143671607754,1754.0,0.457388939256573,0.5017103762827823,0.12284496851528415,0.13646978903650175,-0.19347414996526063,-0.28819629583177103,0.4733130754056792,0.6590556100347799,0.5001511030522816,0.6887115165336374,2026-09-25
PRU,Prudential Financial,Financials,Life & Health Insurance,Financials,6311.0,1137774,PRU,41210248947.143555,,119.44999694824219,0.22487313874623566,1.0,True,,0.12407765145517306,0.013999035165412977,,,0.03241575224783655,-0.019886363636363646,0.09507343682939756,,,0.7662414279637281,0.19365297497776912,0.5070326941869767,,0.41911764705882354,0.2867647058823529,,,0.7279411764705882,0.4166666666666667,0.8582089552238806,,,0.8134328358208955,0.625,0.4076923076923077,0.3853118712273642,0.9242424242424242,0.6227364185110664,0.4119496855345912,4,2,1,1,4,0.5860600998788615,0.7210953346855984,0.8162650602409639,8.0,4.0,139.0,False,False,full,87.0,2026-08-05,2026-08-05,0.6953762466001813,0.7398081534772182,2502.0,0.457388939256573,0.4276578737010392,0.12284496851528415,0.1191295962625819,-0.19347414996526063,-0.13149421668553085,0.4733130754056792,0.37111757224338426,0.5001511030522816,0.3301358912869704,2026-09-25
CSX,CSX Corporation,Industrials,Rail Transportation,Industrials,4011.0,277948,CSX,86658774355.93808,,46.779998779296875,0.22106731647156483,1.0,False,,0.2287762634866553,0.11899119080624246,-0.04693019720073335,0.4217680990922506,0.041859815043443716,-0.006330656287327874,0.03719184841874182,0.03226447663009684,0.0475930851804621,0.16256865048812746,0.4406999893478085,1.4575427801591045,,0.5290697674418605,0.5159574468085106,0.6358695652173914,0.22413793103448276,0.5645161290322581,0.3131868131868132,0.43548387096774194,0.2692307692307692,0.43452380952380953,0.4946808510638298,0.8655913978494624,0.7215909090909091,0.39134808853118713,0.36262626262626263,0.8661971830985915,0.7211740041928721,6,4,1,1,4,0.5853363846122284,0.7190669371196755,0.6114457831325302,8.0,4.0,140.0,False,False,full,87.0,2026-07-22,2026-07-22,0.6953762466001813,0.7398081534772182,2502.0,0.457388939256573,0.4276578737010392,0.12284496851528415,0.1191295962625819,-0.19347414996526063,-0.13149421668553085,0.4733130754056792,0.37111757224338426,0.5001511030522816,0.3301358912869704,2026-09-25
ROP,Roper Technologies,Information Technology,Electronic Equipment & Instruments,Information Technology,3823.0,882835,ROP,35461897139.98279,,358.55999755859375,0.29543501701499625,2.0,False,0.16369012923129417,0.13391763768495693,0.07589246364037021,-0.004685878388944967,0.3218527417222309,0.05867177999060824,-0.08096496970500744,0.07061945924986729,0.07365652180675374,0.049887542822778824,0.5273350133012392,-0.14100001679156626,11.104012410051162,0.16292134831460675,0.28160919540229884,0.1043956043956044,0.12637362637362637,0.28289473684210525,0.6833333333333333,0.9382022471910112,0.8956043956043956,0.8833333333333333,0.7635135135135135,0.9725274725274725,0.20555555555555555,0.9943181818181818,0.17806841046277666,0.9606060606060606,0.2022132796780684,0.9979035639412998,7,4,1,1,4,0.5846978286720513,0.7170385395537525,0.35441767068273095,8.0,4.0,141.0,False,False,full,87.0,2026-07-31,2026-07-31,0.6953762466001813,0.6775423728813559,2360.0,0.457388939256573,0.4563559322033898,0.12284496851528415,0.11937591503470324,-0.19347414996526063,-0.19715424339360124,0.4733130754056792,0.46087687961931906,0.5001511030522816,0.5402542372881356,2026-09-25
DECK,Deckers Brands,Consumer Discretionary,Footwear,Materials,3021.0,910521,DECK,10731706988.30809,,78.66999816894531,0.4478322410448809,3.0,False,0.8258712859181605,0.44091234149634917,0.3085629220334584,-0.046236889062019774,,0.00764468046147293,-0.08041569800743764,0.09456463926061727,0.10415938500909708,,0.21447492020678738,-0.1409687336326838,0.06085180179358993,0.98,0.9423076923076923,0.9807692307692307,0.4423076923076923,,0.6730769230769231,0.9807692307692307,0.9423076923076923,0.94,,0.25,0.21153846153846154,0.3269230769230769,0.9869215291750503,0.8090909090909091,0.21227364185110664,0.3280922431865828,6,3,1,1,4,0.5840945808259121,0.7150101419878296,0.8624497991967871,8.0,4.0,142.0,False,False,full,87.0,2026-07-30,2026-07-30,0.6953762466001813,0.6562143671607754,1754.0,0.457388939256573,0.5017103762827823,0.12284496851528415,0.13646978903650175,-0.19347414996526063,-0.28819629583177103,0.4733130754056792,0.6590556100347799,0.5001511030522816,0.6887115165336374,2026-09-25
FDS,FactSet,Financials,Financial Exchanges & Data,Information Technology,7370.0,1013237,FDS,9712238004.875336,,273.0799865722656,0.46678229817363887,3.0,False,0.2988888112276798,0.2784887983506291,0.19789899658802237,-0.06288697248590588,0.3315128803765842,-0.03382646939380407,-0.05928120182906904,0.05827390141344304,0.07292932891929182,0.06674141710274983,0.20925043218461428,0.11405213783513757,-0.5922410065213859,0.5337078651685393,0.5919540229885057,0.6868131868131868,0.7087912087912088,0.2565789473684211,0.9055555555555556,0.9044943820224719,0.8736263736263736,0.8722222222222222,0.8716216216216216,0.7637362637362637,0.45,0.09659090909090909,0.8561368209255533,0.9323232323232323,0.4507042253521127,0.09643605870020965,7,4,1,1,4,0.583900084325277,0.7129817444219066,0.9407630522088354,8.0,4.0,143.0,False,False,full,117.0,2026-07-01,2026-07-01,0.6953762466001813,0.6562143671607754,1754.0,0.457388939256573,0.5017103762827823,0.12284496851528415,0.13646978903650175,-0.19347414996526063,-0.28819629583177103,0.4733130754056792,0.6590556100347799,0.5001511030522816,0.6887115165336374,2026-09-25
FOXA,Fox Corporation (Class A),Communication Services,Broadcasting,Communication Services,4833.0,1754301,FOXA,27246239868.164062,,63.06999969482422,0.35766781429142047,2.0,False,,0.14490884072927415,0.08762565608041989,-0.012676808113157193,0.29383506805444354,-0.030739383487820682,-0.06290672451193058,0.061843395938418734,0.05387899420629003,0.0903625434243805,0.4267744854432837,0.07326952725496483,0.06294726048664524,,0.5416666666666666,0.4583333333333333,0.125,0.625,0.6818181818181818,0.875,0.625,0.4583333333333333,0.6818181818181818,0.2916666666666667,0.625,0.5416666666666666,0.6509054325955734,0.51010101010101,0.6227364185110664,0.5440251572327044,6,4,1,1,4,0.5819420046100885,0.7109533468559838,0.7158634538152611,8.0,4.0,144.0,False,False,full,87.0,2026-08-06,2026-08-06,0.6953762466001813,0.6775423728813559,2360.0,0.457388939256573,0.4563559322033898,0.12284496851528415,0.11937591503470324,-0.19347414996526063,-0.19715424339360124,0.4733130754056792,0.46087687961931906,0.5001511030522816,0.5402542372881356,2026-09-25
FOX,Fox Corporation (Class B),Communication Services,Broadcasting,Communication Services,4833.0,1754301,FOXA,27246239868.164062,,63.06999969482422,0.35766781429142047,2.0,False,,0.14490884072927415,0.08762565608041989,-0.012676808113157193,0.29383506805444354,-0.030739383487820682,-0.06290672451193058,0.061843395938418734,0.05387899420629003,0.0903625434243805,0.4267744854432837,0.07326952725496483,0.06294726048664524,,0.5416666666666666,0.4583333333333333,0.125,0.625,0.6818181818181818,0.875,0.625,0.4583333333333333,0.6818181818181818,0.2916666666666667,0.625,0.5416666666666666,0.6509054325955734,0.51010101010101,0.6227364185110664,0.5440251572327044,6,4,1,1,4,0.5819420046100885,0.7109533468559838,0.7158634538152611,8.0,4.0,144.0,False,False,full,87.0,2026-08-06,2026-08-06,0.6953762466001813,0.6775423728813559,2360.0,0.457388939256573,0.4563559322033898,0.12284496851528415,0.11937591503470324,-0.19347414996526063,-0.19715424339360124,0.4733130754056792,0.46087687961931906,0.5001511030522816,0.5402542372881356,2026-09-25
ROK,Rockwell Automation,Industrials,Electrical Components & Equipment,Information Technology,3829.0,1024478,ROK,48211782007.61267,,434.1499938964844,0.30787728804169645,2.0,False,0.39716887566495357,0.3437321121923297,0.1561626544044721,-0.04787665674871518,0.29375169055991346,-0.009112838381131083,-0.012324707002253077,0.02491092322226051,0.031195694026877444,0.039909174165953853,0.0724719115225464,0.2305309792454786,1.202107462976858,0.7134831460674157,0.7298850574712644,0.5439560439560439,0.5879120879120879,0.3355263157894737,0.85,0.5674157303370787,0.44505494505494503,0.49444444444444446,0.6013513513513513,0.36813186813186816,0.5611111111111111,0.5056818181818182,0.7937625754527163,0.4595959595959596,0.5603621730382293,0.5052410901467506,7,4,1,1,4,0.579740449558414,0.7089249492900609,0.7459839357429718,8.0,4.0,146.0,False,False,full,87.0,2026-08-04,2026-08-04,0.6953762466001813,0.6775423728813559,2360.0,0.457388939256573,0.4563559322033898,0.12284496851528415,0.11937591503470324,-0.19347414996526063,-0.19715424339360124,0.4733130754056792,0.46087687961931906,0.5001511030522816,0.5402542372881356,2026-09-25
WFC,Wells Fargo,Financials,Diversified Banks,Financials,6021.0,72971,WFC,250901228599.32544,,82.97000122070312,0.26766513651541396,1.0,True,,0.125478661412953,0.008399785996062573,,,0.15188851185780416,-0.05601534765047722,0.09011514262493646,,,0.7181710548247369,0.05313621013412395,2.268713032432575,,0.4338235294117647,0.16911764705882354,,,0.16911764705882354,0.8560606060606061,0.753731343283582,,,0.7238805970149254,0.3602941176470588,0.8384615384615385,0.2686116700201207,0.8515151515151516,0.35714285714285715,0.839622641509434,4,2,1,1,4,0.5792230800468908,0.7068965517241379,0.48895582329317266,8.0,4.0,147.0,False,False,full,87.0,2026-07-28,2026-07-28,0.6953762466001813,0.7398081534772182,2502.0,0.457388939256573,0.4276578737010392,0.12284496851528415,0.1191295962625819,-0.19347414996526063,-0.13149421668553085,0.4733130754056792,0.37111757224338426,0.5001511030522816,0.3301358912869704,2026-09-25
OXY,Occidental Petroleum,Energy,Oil & Gas Exploration & Production,Energy,1311.0,797468,OXY,56839381525.19023,,56.86000061035156,0.3565359782258806,2.0,False,0.20764578511162549,0.15647008096584103,0.13658876527539263,-0.055302521217551456,0.15928718982553075,-0.04743954480796586,0.015437845864617605,0.11492032152223772,0.084325336965108,,0.7344555637273937,0.29307794500318907,2.260303073117089,0.53125,0.525,0.425,0.325,0.6578947368421053,0.975,0.175,0.925,0.6764705882352942,,0.825,0.275,0.575,0.5543259557344065,0.906060606060606,0.2766599597585513,0.5775681341719078,7,3,1,1,4,0.5786536639313679,0.704868154158215,0.6877510040160643,8.0,4.0,148.0,False,False,full,87.0,2026-08-05,2026-08-05,0.6953762466001813,0.6775423728813559,2360.0,0.457388939256573,0.4563559322033898,0.12284496851528415,0.11937591503470324,-0.19347414996526063,-0.19715424339360124,0.4733130754056792,0.46087687961931906,0.5001511030522816,0.5402542372881356,2026-09-25
PLD,Prologis,Real Estate,Industrial REITs,Real Estate,6798.0,1045609,PLD,124047573745.26978,,133.0500030517578,0.21176171822746467,1.0,False,,0.0694478842569279,0.05233502895969693,-0.014471303979720431,0.35329025573552897,0.02229382645728184,0.004754689490325648,0.029953814394065796,,0.029713823699225164,0.4313135628905455,0.2502277981414036,1.1758071834315797,,0.36538461538461536,0.22413793103448276,0.16666666666666666,0.6904761904761905,0.5344827586206896,0.3620689655172414,0.43103448275862066,,0.34210526315789475,0.603448275862069,0.8448275862068966,0.8103448275862069,0.22032193158953722,0.43737373737373736,0.8440643863179075,0.8081761006289309,6,3,1,1,4,0.5774840389775282,0.7028397565922921,0.5030120481927711,8.0,4.0,149.0,False,False,full,178.0,2026-04-30,2026-04-30,0.6953762466001813,0.7398081534772182,2502.0,0.457388939256573,0.4276578737010392,0.12284496851528415,0.1191295962625819,-0.19347414996526063,-0.13149421668553085,0.4733130754056792,0.37111757224338426,0.5001511030522816,0.3301358912869704,2026-09-25
DELL,Dell Technologies,Information Technology,"Technology Hardware, Storage & Peripherals",Information Technology,3571.0,1571996,DELL,360249609375.0,,562.8900146484375,0.7233666184475599,3.0,False,0.23498151389793787,,0.09538985658552668,-0.006075687047168997,0.27054861727096463,0.4285570108549386,-0.051851851851851816,0.03158365673106429,0.023761302655819154,0.03719724943735841,-0.003961142393674524,2.257536379732014,3.753130200899889,0.3539325842696629,,0.23626373626373626,0.13736263736263737,0.40131578947368424,0.17222222222222222,0.8820224719101124,0.5989010989010989,0.37222222222222223,0.5743243243243243,0.027472527472527472,0.9388888888888889,0.8579545454545454,0.17002012072434608,0.3424242424242424,0.9366197183098591,0.8574423480083857,6,4,1,1,4,0.5766266073667083,0.7008113590263692,0.45481927710843373,8.0,4.0,150.0,False,False,full,56.0,2026-09-08,2026-09-08,0.6953762466001813,0.6562143671607754,1754.0,0.457388939256573,0.5017103762827823,0.12284496851528415,0.13646978903650175,-0.19347414996526063,-0.28819629583177103,0.4733130754056792,0.6590556100347799,0.5001511030522816,0.6887115165336374,2026-09-25
NXPI,NXP Semiconductors,Information Technology,Semiconductors,Information Technology,3674.0,1413447,NXPI,60108314950.60835,,238.0800018310547,0.4829856034390653,3.0,False,0.25611330358130785,0.2427930813581038,0.11241839707889205,-0.014568657101759303,0.50617784826467,0.07676727561556795,-0.00062391565664488,0.04413698840468242,0.0451019131417618,0.05460302895931224,0.18178849313907458,-0.0006423930159243918,7.840469240009847,0.398876404494382,0.5,0.3241758241758242,0.21428571428571427,0.046052631578947366,0.6388888888888888,0.37640449438202245,0.7857142857142857,0.7166666666666667,0.8175675675675675,0.6978021978021978,0.3277777777777778,0.9488636363636364,0.15593561368209255,0.8656565656565657,0.3289738430583501,0.9517819706498952,7,4,1,1,4,0.5755869982617259,0.6987829614604463,0.3604417670682731,7.0,4.0,151.0,False,False,full,180.0,2026-04-28,2026-04-28,0.690566037735849,0.6670201484623541,1886.0,0.44407547169811323,0.48303287380699894,0.11500762362842853,0.13230403842762073,-0.1996871878720132,-0.26298783034469825,0.4790539777609861,0.6674186223119755,0.5006792452830189,0.6871686108165429,2026-09-25
FICO,Fair Isaac,Information Technology,Application Software,Industrials,7389.0,814547,FICO,18640703372.16461,,863.0900268554688,0.5792604446847999,3.0,False,0.9997786365088769,,0.49158843275139114,-0.09155515460350167,2.739993609417618,0.09417176909200364,-0.1002356057760534,0.04372243813594669,0.05343269404132678,0.051566887689388774,-0.21979508595786582,-0.23342001932530443,2.180034743654695,0.9868421052631579,,0.9946808510638298,0.9402173913043478,0.011494252873563218,0.3064516129032258,0.9835164835164835,0.6182795698924731,0.6868131868131868,0.5416666666666666,0.010638297872340425,0.11290322580645161,0.8352272727272727,0.9064386317907445,0.4494949494949495,0.11066398390342053,0.8343815513626834,6,4,1,1,4,0.5752447791379495,0.6967545638945233,0.464859437751004,7.0,4.0,152.0,False,False,full,87.0,2026-07-29,2026-07-29,0.690566037735849,0.6670201484623541,1886.0,0.44407547169811323,0.48303287380699894,0.11500762362842853,0.13230403842762073,-0.1996871878720132,-0.26298783034469825,0.4790539777609861,0.6674186223119755,0.5006792452830189,0.6871686108165429,2026-09-25
AMGN,Amgen,Health Care,Biotechnology,Health Care,2836.0,318154,AMGN,224151427673.63586,,414.6099853515625,0.295351984945913,2.0,False,0.2768954087767542,0.7480321697467488,0.1304697874298142,-0.03905310595050136,0.5991697947490041,0.08808036679295084,0.004216780954637178,0.0390048820600411,0.04539342044617616,0.04271938014569093,0.05214332168795155,0.5655739526910479,1.2095853797664162,0.45348837209302323,0.8928571428571429,0.6276595744680851,0.4574468085106383,0.08333333333333333,0.20212765957446807,0.11702127659574468,0.5,0.3804347826086957,0.44047619047619047,0.20212765957446807,0.9042553191489362,0.7934782608695652,0.2625754527162978,0.3303030303030303,0.9024144869215291,0.7976939203354297,7,4,1,1,4,0.5732467225690717,0.6947261663286004,0.49497991967871485,7.0,4.0,153.0,False,False,full,87.0,2026-08-05,2026-08-05,0.690566037735849,0.6640926640926641,2331.0,0.44407547169811323,0.4242814242814243,0.11500762362842853,0.10576584119488874,-0.1996871878720132,-0.2047769509115498,0.4790539777609861,0.46664302808222957,0.5006792452830189,0.5328185328185329,2026-09-25
CMI,Cummins,Industrials,Construction Machinery & Heavy Transportation Equipment,Industrials,3510.0,26172,CMI,72282115208.12506,,525.0599975585938,0.36695161356435585,3.0,False,0.2466460847600337,0.21133338522612283,0.1304238001683974,-0.05422396856581532,0.1988492843109739,0.04001868122245256,-0.0008821721109362191,0.03756115869302637,0.046581370651719994,0.051601792811184606,0.17773414575665183,0.35580812366461845,0.05093729955479347,0.506578947368421,0.5174418604651163,0.5904255319148937,0.7336956521739131,0.7873563218390804,0.6075268817204301,0.23626373626373626,0.46774193548387094,0.5879120879120879,0.5535714285714286,0.526595744680851,0.7688172043010753,0.2897727272727273,0.6871227364185111,0.5484848484848485,0.7655935613682092,0.28721174004192873,7,4,1,1,4,0.5721032215783743,0.6926977687626775,0.858433734939759,7.0,4.0,154.0,False,False,full,87.0,2026-08-04,2026-08-04,0.690566037735849,0.6670201484623541,1886.0,0.44407547169811323,0.48303287380699894,0.11500762362842853,0.13230403842762073,-0.1996871878720132,-0.26298783034469825,0.4790539777609861,0.6674186223119755,0.5006792452830189,0.6871686108165429,2026-09-25
AMCR,Amcor,Materials,Paper & Plastic Packaging Products & Materials,Consumer Discretionary,3990.0,1748790,AMCR,19654314505.86811,,42.5099983215332,0.31144965033099065,2.0,False,0.1264321337107427,0.09380831212892282,0.05798625151637687,-0.02817091252190322,0.3777328480927349,0.0007823881724491333,0.0027624792496556694,0.05627263162344258,0.06253079951646558,0.05833865786457448,0.5998682882824484,0.17336085430575676,2.39933329679877,0.11538461538461539,0.17857142857142858,0.049019607843137254,0.24509803921568626,0.3048780487804878,0.7549019607843137,0.13,0.63,0.6428571428571429,0.4375,0.87,0.696078431372549,0.8020833333333334,0.05734406438631791,0.7222222222222222,0.6971830985915493,0.8039832285115304,7,4,1,1,4,0.5701831534279049,0.6906693711967545,0.48694779116465864,7.0,4.0,155.0,False,False,full,87.0,2026-08-14,2026-08-14,0.690566037735849,0.6640926640926641,2331.0,0.44407547169811323,0.4242814242814243,0.11500762362842853,0.10576584119488874,-0.1996871878720132,-0.2047769509115498,0.4790539777609861,0.46664302808222957,0.5006792452830189,0.5328185328185329,2026-09-25
AME,Ametek,Industrials,Electrical Components & Equipment,Information Technology,3823.0,1037868,AME,57484965579.92963,,250.74000549316406,0.23564284206501607,1.0,False,0.1722928260344123,0.13997896945349086,0.11813033464332887,-0.023144057990035743,0.0636070656961648,0.08699852605821912,-0.007329235662380529,0.02742056090836977,0.03174656158508974,0.03509327029119055,0.1958905756730869,0.2567241478428961,2.8474001660556256,0.24157303370786518,0.3045977011494253,0.35714285714285715,0.3021978021978022,0.8618421052631579,0.6055555555555555,0.46629213483146065,0.5,0.5166666666666667,0.46621621621621623,0.7197802197802198,0.5833333333333334,0.7670454545454546,0.3470824949698189,0.5808080808080808,0.5835010060362174,0.7651991614255765,7,4,1,1,4,0.5691476858099234,0.6886409736308317,0.5090361445783133,7.0,4.0,156.0,False,False,full,87.0,2026-08-04,2026-08-04,0.690566037735849,0.7352452202826267,2406.0,0.44407547169811323,0.43308395677472983,0.11500762362842853,0.11438844940666304,-0.1996871878720132,-0.14183619043631784,0.4790539777609861,0.36674055983511467,0.5006792452830189,0.3229426433915212,2026-09-25
AAPL,Apple Inc.,Information Technology,"Technology Hardware, Storage & Peripherals",Information Technology,3571.0,320193,AAPL,4977637079490.967,,341.07000732421875,0.24566833577694183,1.0,False,0.5925988738891527,1.199125744047619,0.3828255050017481,-0.04642728548840753,0.2199438510068725,0.15617430127151244,-0.016590534345795493,0.02590184819444187,0.02745941454092064,0.030974680152812756,0.021600610547323276,0.2489512369620741,1.1829896037212744,0.9157303370786517,0.9367816091954023,0.9395604395604396,0.554945054945055,0.506578947368421,0.4166666666666667,0.6348314606741573,0.46703296703296704,0.4388888888888889,0.42567567567567566,0.11538461538461539,0.5722222222222222,0.4943181818181818,0.9004024144869215,0.30808080808080807,0.5724346076458753,0.4947589098532495,7,4,1,1,4,0.5689191850167136,0.6866125760649088,0.7098393574297188,7.0,4.0,157.0,False,False,full,90.0,2026-07-31,2026-07-31,0.690566037735849,0.7352452202826267,2406.0,0.44407547169811323,0.43308395677472983,0.11500762362842853,0.11438844940666304,-0.1996871878720132,-0.14183619043631784,0.4790539777609861,0.36674055983511467,0.5006792452830189,0.3229426433915212,2026-09-25
MSFT,Microsoft,Information Technology,Systems Software,Information Technology,7372.0,789019,MSFT,3832843689188.0576,,516.1699829101562,0.32324423920216394,2.0,False,0.2972997563214026,0.30233483352811,0.24121939512853782,-0.06485701024294017,0.05313195565260504,0.225157228640249,-0.0010252545969549054,0.03489550079417226,0.01747710197234534,0.040891714871903614,0.1154200473261967,-0.01252280843575293,2.104777676590529,0.5224719101123596,0.6264367816091954,0.8076923076923077,0.7197802197802198,0.8881578947368421,0.35,0.38764044943820225,0.6428571428571429,0.25,0.6283783783783784,0.5,0.3055555555555556,0.6875,0.783702213279678,0.49595959595959593,0.30482897384305835,0.6886792452830188,7,4,1,1,4,0.5682925070913378,0.6845841784989858,0.5813253012048193,7.0,4.0,158.0,False,False,full,87.0,2026-07-29,2026-07-29,0.690566037735849,0.6640926640926641,2331.0,0.44407547169811323,0.4242814242814243,0.11500762362842853,0.10576584119488874,-0.1996871878720132,-0.2047769509115498,0.4790539777609861,0.46664302808222957,0.5006792452830189,0.5328185328185329,2026-09-25
CMCSA,Comcast,Communication Services,Cable & Satellite,Communication Services,4841.0,1166691,CMCSA,78218699455.26123,,21.90999984741211,0.3253294654783958,2.0,False,,0.1247730133796776,0.12625607653718918,-0.08276903722801186,0.32717784645968906,-0.05952893920029212,-0.0421250335390394,0.14318826671883067,0.26136972542855125,0.11832328129866392,1.1475900344180712,-0.05221129128230184,-2.5152226794891557,,0.4583333333333333,0.7916666666666666,0.7916666666666666,0.4583333333333333,0.8636363636363636,0.7083333333333334,0.875,0.9166666666666666,0.9545454545454546,0.9166666666666666,0.375,0.041666666666666664,0.8742454728370221,0.9767676767676767,0.3772635814889336,0.0429769392033543,6,4,1,1,4,0.5678134175742466,0.6825557809330629,0.9367469879518072,7.0,4.0,159.0,False,False,full,87.0,2026-07-23,2026-07-23,0.690566037735849,0.6640926640926641,2331.0,0.44407547169811323,0.4242814242814243,0.11500762362842853,0.10576584119488874,-0.1996871878720132,-0.2047769509115498,0.4790539777609861,0.46664302808222957,0.5006792452830189,0.5328185328185329,2026-09-25
CVX,Chevron Corporation,Energy,Integrated Oil & Gas,Energy,2911.0,93410,CVX,403946430939.7246,,204.4499969482422,0.23868179333673675,1.0,False,0.2957668832447332,0.10844046070474976,0.13728020355309192,-0.07490874945098218,0.0012146546109924727,0.3162227892512559,0.14339252199631458,0.050974580842558584,0.06687025291239826,0.0812406494754522,0.4700697554333229,0.37975993288709864,8.61721112584372,0.71875,0.175,0.475,0.625,0.9736842105263158,0.125,0.075,0.375,0.5,0.5588235294117647,0.725,0.375,0.975,0.3611670020120724,0.5585858585858586,0.3772635814889336,0.9737945492662474,7,4,1,1,4,0.567702747838278,0.6805273833671399,0.32831325301204817,7.0,4.0,160.0,False,False,full,87.0,2026-08-06,2026-08-06,0.690566037735849,0.7352452202826267,2406.0,0.44407547169811323,0.43308395677472983,0.11500762362842853,0.11438844940666304,-0.1996871878720132,-0.14183619043631784,0.4790539777609861,0.36674055983511467,0.5006792452830189,0.3229426433915212,2026-09-25
ADP,Automatic Data Processing,Industrials,Human Resource & Employment Services,Information Technology,7374.0,8670,ADP,104746271199.12851,,263.6700134277344,0.2737187067880653,2.0,False,0.161206963396436,0.73177808727948,0.08610406482965757,-0.016262800012026592,0.0785542138169711,0.1840758638393234,-0.01920883035219989,0.042135151442381086,,0.05868016767149855,0.057579137958375166,-0.00309153838219689,3.617650811308883,0.15168539325842698,0.867816091954023,0.19230769230769232,0.24725274725274726,0.8223684210526315,0.39444444444444443,0.6910112359550562,0.7417582417582418,,0.8445945945945946,0.2692307692307692,0.31666666666666665,0.8238636363636364,0.44366197183098594,0.6818181818181818,0.3158953722334004,0.8259958071278826,7,3,1,1,4,0.5668428332526126,0.678498985801217,0.44879518072289154,7.0,4.0,161.0,False,False,full,87.0,2026-08-05,2026-08-05,0.690566037735849,0.6640926640926641,2331.0,0.44407547169811323,0.4242814242814243,0.11500762362842853,0.10576584119488874,-0.1996871878720132,-0.2047769509115498,0.4790539777609861,0.46664302808222957,0.5006792452830189,0.5328185328185329,2026-09-25
ANET,Arista Networks,Information Technology,Communications Equipment,Information Technology,3576.0,1596532,ANET,260505954893.35217,,206.5500030517578,0.5419476282499075,3.0,False,0.2799777403973845,0.2733262601620522,0.22371743795346563,-0.05320382291811586,,0.4346082665021591,0.0034683642861828012,0.015525940670553223,0.01978956681474139,,0.056803691900471104,0.34301004340549857,9.279768379871836,0.46629213483146065,0.5804597701149425,0.7747252747252747,0.6428571428571429,,0.16111111111111112,0.3539325842696629,0.24725274725274726,0.2722222222222222,,0.25824175824175827,0.6277777777777778,0.9715909090909091,0.5,0.1606060606060606,0.6287726358148893,0.9706498951781971,6,3,1,1,4,0.5650071478997868,0.6764705882352942,0.31827309236947793,7.0,4.0,162.0,False,False,full,87.0,2026-08-05,2026-08-05,0.690566037735849,0.6670201484623541,1886.0,0.44407547169811323,0.48303287380699894,0.11500762362842853,0.13230403842762073,-0.1996871878720132,-0.26298783034469825,0.4790539777609861,0.6674186223119755,0.5006792452830189,0.6871686108165429,2026-09-25
ADI,Analog Devices,Information Technology,Semiconductors,Information Technology,3674.0,6281,ADI,190724969981.5529,,393.6000061035156,0.3629340274154495,2.0,False,0.18862663849933392,0.1232457063666584,0.11451505962374312,-0.029124170973498762,0.18836743042254903,0.004810198976394675,-0.015021626877602001,0.021680454323311425,0.025888036582087597,0.024984029725175973,0.1759124513336931,0.48781249267054316,2.461663892682506,0.28651685393258425,0.2471264367816092,0.33516483516483514,0.36813186813186816,0.6381578947368421,0.8277777777777777,0.5898876404494382,0.34615384615384615,0.40555555555555556,0.3310810810810811,0.6868131868131868,0.7055555555555556,0.7329545454545454,0.4074446680080483,0.4131313131313131,0.7032193158953722,0.7358490566037735,7,4,1,1,4,0.5649110884096268,0.6744421906693712,0.5190763052208835,7.0,4.0,163.0,False,False,full,55.0,2026-08-19,2026-08-19,0.690566037735849,0.6640926640926641,2331.0,0.44407547169811323,0.4242814242814243,0.11500762362842853,0.10576584119488874,-0.1996871878720132,-0.2047769509115498,0.4790539777609861,0.46664302808222957,0.5006792452830189,0.5328185328185329,2026-09-25
AMD,Advanced Micro Devices,Information Technology,Semiconductors,Information Technology,3674.0,2488,AMD,1029487743707.5295,,630.6300048828125,0.7146936970442127,3.0,False,0.26018185262360294,0.09570986552421754,0.1193407842394393,-0.0431663193786702,0.0381937867020269,0.12889601710772514,0.005934861789390844,0.006249710148883381,0.008162311840389656,0.006363262594221761,0.06529849472311725,1.9094506505616442,3.805845172626688,0.42134831460674155,0.21264367816091953,0.36813186813186816,0.510989010989011,0.9276315789473685,0.5277777777777778,0.3089887640449438,0.1043956043956044,0.10555555555555556,0.08783783783783784,0.3241758241758242,0.9277777777777778,0.8693181818181818,0.403420523138833,0.05353535353535353,0.9285714285714286,0.870020964360587,7,4,1,1,4,0.5638870674015506,0.6724137931034483,0.4066265060240964,7.0,4.0,164.0,False,False,full,90.0,2026-08-05,2026-08-05,0.690566037735849,0.6670201484623541,1886.0,0.44407547169811323,0.48303287380699894,0.11500762362842853,0.13230403842762073,-0.1996871878720132,-0.26298783034469825,0.4790539777609861,0.6674186223119755,0.5006792452830189,0.6871686108165429,2026-09-25
PNC,PNC Financial Services,Financials,Diversified Banks,Financials,6021.0,713676,PNC,90017648778.38411,,225.63999938964844,0.22004194345294723,1.0,True,,0.11498562679665042,0.012155173253424323,,,0.10181772004285405,0.013042632603570636,0.08176174450101115,,,0.7110605627745545,0.23184832014643764,1.4917792851846203,,0.34558823529411764,0.25735294117647056,,,0.3014705882352941,0.09848484848484848,0.6492537313432836,,,0.6940298507462687,0.7132352941176471,0.7153846153846154,0.05130784708249497,0.7666666666666667,0.7132796780684104,0.7159329140461216,4,2,1,1,4,0.5617967764659234,0.6703853955375254,0.5311244979919679,7.0,4.0,165.0,False,False,full,87.0,2026-08-05,2026-08-05,0.690566037735849,0.7352452202826267,2406.0,0.44407547169811323,0.43308395677472983,0.11500762362842853,0.11438844940666304,-0.1996871878720132,-0.14183619043631784,0.4790539777609861,0.36674055983511467,0.5006792452830189,0.3229426433915212,2026-09-25
FSLR,First Solar,Information Technology,Semiconductors,Information Technology,3674.0,1274494,FSLR,19098456747.017883,,177.7100067138672,0.5499968172940678,3.0,False,0.17680872933820255,0.16918186206692068,0.1610133488211387,-0.030602830856524335,0.0,0.04126241907400541,0.0020712528239896777,0.09142173229638725,0.07854660823494208,0.10417653948079197,0.5403754940362636,-0.08447832488067586,1.0431037339287093,0.2640449438202247,0.3620689655172414,0.554945054945055,0.3791208791208791,0.9802631578947368,0.75,0.3651685393258427,0.9945054945054945,0.8944444444444445,0.9797297297297297,0.9835164835164835,0.2388888888888889,0.4375,0.5804828973843058,0.9929292929292929,0.23641851106639838,0.4371069182389937,7,4,1,1,4,0.5617344049047477,0.6683569979716024,0.7419678714859438,7.0,4.0,166.0,False,False,full,87.0,2026-07-30,2026-07-30,0.690566037735849,0.6670201484623541,1886.0,0.44407547169811323,0.48303287380699894,0.11500762362842853,0.13230403842762073,-0.1996871878720132,-0.26298783034469825,0.4790539777609861,0.6674186223119755,0.5006792452830189,0.6871686108165429,2026-09-25
VRT,Vertiv,Industrials,Electrical Components & Equipment,Information Technology,3679.0,1674101,VRT,97509803987.48373,,253.27999877929688,0.6566243522527683,3.0,False,0.27461967561584566,0.36404910038674965,0.2109440346143929,-0.10201938255067323,0.1848826167072304,0.5280217562606908,0.008174342759597275,0.01776231649714236,0.030046209511159168,0.022271837187920928,0.04879099132032591,0.7163727712303614,1.47779198412231,0.4550561797752809,0.764367816091954,0.7087912087912088,0.8406593406593407,0.6644736842105263,0.12777777777777777,0.2752808988764045,0.2692307692307692,0.4722222222222222,0.2635135135135135,0.21428571428571427,0.7722222222222223,0.6193181818181818,0.6448692152917505,0.21515151515151515,0.7696177062374245,0.6163522012578616,7,4,1,1,4,0.5614976594846379,0.6663286004056795,0.6214859437751004,7.0,4.0,167.0,False,False,full,87.0,2026-07-29,2026-07-29,0.690566037735849,0.6670201484623541,1886.0,0.44407547169811323,0.48303287380699894,0.11500762362842853,0.13230403842762073,-0.1996871878720132,-0.26298783034469825,0.4790539777609861,0.6674186223119755,0.5006792452830189,0.6871686108165429,2026-09-25
SPGI,S&P Global,Financials,Financial Exchanges & Data,Industrials,7320.0,64040,SPGI,126181273780.76172,,403.29998779296875,0.31050789726088873,2.0,False,0.18234307145677062,0.15324158727103585,0.09433807079878931,-0.0157586524542703,0.21907487827345704,0.015077894104092548,-0.03488751222693187,0.03785823250048952,0.04403189026014649,0.05012736148924597,0.247049336767377,-0.04505803194804525,2.752862820184569,0.28289473684210525,0.3081395348837209,0.3882978723404255,0.22282608695652173,0.7068965517241379,0.7688172043010753,0.7967032967032966,0.489247311827957,0.554945054945055,0.48214285714285715,0.6648936170212766,0.2956989247311828,0.8693181818181818,0.49798792756539234,0.5747474747474748,0.2987927565392354,0.870020964360587,7,4,1,1,4,0.5603872808031725,0.6643002028397565,0.3825301204819277,7.0,4.0,168.0,False,False,full,178.0,2026-04-28,2026-04-28,0.690566037735849,0.6640926640926641,2331.0,0.44407547169811323,0.4242814242814243,0.11500762362842853,0.10576584119488874,-0.1996871878720132,-0.2047769509115498,0.4790539777609861,0.46664302808222957,0.5006792452830189,0.5328185328185329,2026-09-25
ATO,Atmos Energy,Utilities,Gas Utilities,Utilities,4924.0,731802,ATO,26566691551.6967,,157.2100067138672,0.15554370841890003,1.0,False,0.09641095565917049,0.09191490817507707,0.06394033674714242,-0.019538909878979743,0.3245554239235873,0.13975672445894238,0.052733576429096596,0.05278952395223755,-0.07604650342210081,0.05012720535729696,0.574330377958769,-0.004501893252938816,2.286734204917583,0.4090909090909091,0.27419354838709675,0.7903225806451613,0.1774193548387097,0.8833333333333333,0.1774193548387097,0.14516129032258066,0.5967741935483871,0.22413793103448276,0.6166666666666667,0.6935483870967742,0.43548387096774194,0.9838709677419355,0.272635814889336,0.5444444444444444,0.4346076458752515,0.9884696016771488,7,4,1,1,4,0.5600393767215452,0.6622718052738337,0.2781124497991968,7.0,4.0,169.0,False,False,full,87.0,2026-08-05,2026-08-05,0.690566037735849,0.7352452202826267,2406.0,0.44407547169811323,0.43308395677472983,0.11500762362842853,0.11438844940666304,-0.1996871878720132,-0.14183619043631784,0.4790539777609861,0.36674055983511467,0.5006792452830189,0.3229426433915212,2026-09-25
MTD,Mettler Toledo,Health Care,Life Sciences Tools & Services,Information Technology,3826.0,1037646,MTD,30288064340.264282,,1511.6400146484375,0.32867900059769906,2.0,False,0.6785516205096019,70.62395695235125,0.26564474968836355,-0.018947714811231118,0.5569883386943522,0.07954176855224215,-0.02730617543341829,0.029899929880831004,0.028525064866936997,0.036141668273960294,0.0004233680916661745,0.1446143575038077,1.3787540847076445,0.9382022471910112,0.9885057471264368,0.8406593406593407,0.2802197802197802,0.019736842105263157,0.6277777777777778,0.7696629213483146,0.5769230769230769,0.45,0.5067567567567568,0.04945054945054945,0.49444444444444446,0.5625,0.8279678068410463,0.34444444444444444,0.4939637826961771,0.5628930817610063,7,4,1,1,4,0.5573172789356685,0.6602434077079108,0.6455823293172691,7.0,4.0,170.0,False,False,full,87.0,2026-07-31,2026-07-31,0.690566037735849,0.6640926640926641,2331.0,0.44407547169811323,0.4242814242814243,0.11500762362842853,0.10576584119488874,-0.1996871878720132,-0.2047769509115498,0.4790539777609861,0.46664302808222957,0.5006792452830189,0.5328185328185329,2026-09-25
MS,Morgan Stanley,Financials,Investment Banking & Brokerage,Financials,6211.0,895421,MS,308317864948.12964,,196.30999755859375,0.2842766523630251,2.0,True,,0.17325860275597657,-0.009305354981949869,,,0.23723621913477655,-0.01614288466767888,0.06537084707495237,,,0.37730217163890517,0.3723945502542194,3.953045863044961,,0.6397058823529411,0.051470588235294115,,,0.0661764705882353,0.3560606060606061,0.44029850746268656,,,0.291044776119403,0.875,0.9615384615384616,0.07344064386317907,0.31414141414141417,0.8742454728370221,0.9633123689727463,4,2,1,1,4,0.5562849749535904,0.6582150101419878,0.286144578313253,7.0,4.0,171.0,False,False,full,87.0,2026-08-04,2026-08-04,0.690566037735849,0.6640926640926641,2331.0,0.44407547169811323,0.4242814242814243,0.11500762362842853,0.10576584119488874,-0.1996871878720132,-0.2047769509115498,0.4790539777609861,0.46664302808222957,0.5006792452830189,0.5328185328185329,2026-09-25
GS,Goldman Sachs,Financials,Investment Banking & Brokerage,Financials,6211.0,886982,GS,272376297167.93848,,935.4500122070312,0.3203866513136743,2.0,True,,0.17087060663831452,-0.01849828289650239,,,0.1919889479548842,-0.0381528882698402,0.07700009221826201,-0.15241781473519037,,0.4506339254781822,0.30718830534690955,6.393427581020869,,0.625,0.022058823529411766,,,0.11029411764705882,0.6893939393939394,0.5746268656716418,0.03,,0.4552238805970149,0.7720588235294118,0.9923076923076923,0.16398390342052313,0.29797979797979796,0.7676056338028169,0.9947589098532494,4,3,1,1,4,0.5560820612640969,0.6561866125760649,0.2640562248995984,7.0,4.0,172.0,False,False,full,87.0,2026-08-03,2026-08-03,0.690566037735849,0.6640926640926641,2331.0,0.44407547169811323,0.4242814242814243,0.11500762362842853,0.10576584119488874,-0.1996871878720132,-0.2047769509115498,0.4790539777609861,0.46664302808222957,0.5006792452830189,0.5328185328185329,2026-09-25
UPS,United Parcel Service,Industrials,Air Freight & Logistics,Industrials,4210.0,1090727,UPS,79959959220.88623,,93.95999908447266,0.30361359531136245,2.0,False,,0.30331187363111434,0.1244194367659646,-0.060294385900907854,0.33465699412070105,0.004850330640271849,0.0047225501770955525,0.05715360593638568,0.06824665811703647,0.06631909703232251,0.18843181195700723,0.3297786290630291,-2.087690979179028,,0.6686046511627907,0.526595744680851,0.7880434782608695,0.3735632183908046,0.8333333333333334,0.13736263736263737,0.7365591397849462,0.8406593406593407,0.7440476190476191,0.5585106382978723,0.7473118279569892,0.005681818181818182,0.6549295774647887,0.8212121212121212,0.7454728370221329,0.0020964360587002098,6,4,1,1,4,0.5559277429394357,0.654158215010142,0.9347389558232931,7.0,4.0,173.0,False,False,full,87.0,2026-08-05,2026-08-05,0.690566037735849,0.6640926640926641,2331.0,0.44407547169811323,0.4242814242814243,0.11500762362842853,0.10576584119488874,-0.1996871878720132,-0.2047769509115498,0.4790539777609861,0.46664302808222957,0.5006792452830189,0.5328185328185329,2026-09-25
GEV,GE Vernova,Industrials,Heavy Electrical Equipment,Industrials,3600.0,1996810,GEV,255049028473.48694,,957.6300048828125,0.5222997899471828,3.0,False,0.10346534653465346,0.796939031529648,0.17498762376237623,-0.05705445544554456,0.035259900990099007,0.5222879535777536,-0.02163791692971606,0.037361444021303404,0.04876709421103702,0.007349515850009627,0.04688118230273111,0.4645801599471213,0.09411343206817085,0.1118421052631579,0.9476744186046512,0.7819148936170213,0.7771739130434783,0.9712643678160919,0.026881720430107527,0.6428571428571429,0.44623655913978494,0.5989010989010989,0.041666666666666664,0.17553191489361702,0.8870967741935484,0.32386363636363635,0.7676056338028169,0.23939393939393938,0.8893360160965795,0.3228511530398323,7,4,1,1,4,0.554796685583292,0.652129817444219,0.7901606425702812,7.0,4.0,174.0,False,False,full,87.0,2026-07-22,2026-07-22,0.690566037735849,0.6670201484623541,1886.0,0.44407547169811323,0.48303287380699894,0.11500762362842853,0.13230403842762073,-0.1996871878720132,-0.26298783034469825,0.4790539777609861,0.6674186223119755,0.5006792452830189,0.6871686108165429,2026-09-25
TSN,Tyson Foods,Consumer Staples,Packaged Foods & Meats,Consumer Staples,2015.0,100493,TSN,18076599349.975586,,50.91999816894531,0.2653785317832271,1.0,False,0.09595080310007863,0.03174954366945074,0.05627316634842188,-0.04015500393125913,0.18474109850612153,-0.023365511189118005,-0.0056022408963585235,0.03175376014519984,0.06422668210553485,0.05255983684980419,1.0001328042945432,0.041454707612679886,0.2961261638442443,0.05,0.09615384615384616,0.18333333333333332,0.5833333333333334,0.8793103448275862,0.75,0.603448275862069,0.3620689655172414,0.603448275862069,0.5740740740740741,0.9482758620689655,0.48333333333333334,0.6875,0.3551307847082495,0.6858585858585858,0.4869215291750503,0.6886792452830188,7,4,1,1,4,0.5541475362562261,0.6501014198782962,0.5251004016064257,7.0,4.0,175.0,False,False,full,90.0,2026-08-03,2026-08-03,0.690566037735849,0.7352452202826267,2406.0,0.44407547169811323,0.43308395677472983,0.11500762362842853,0.11438844940666304,-0.1996871878720132,-0.14183619043631784,0.4790539777609861,0.36674055983511467,0.5006792452830189,0.3229426433915212,2026-09-25
ALLE,Allegion,Industrials,Building Products,Industrials,7381.0,1579241,ALLE,13135632437.22467,,154.47000122070312,0.2732331134133121,2.0,False,0.3583980002984629,0.3108656660058529,0.14350470079092673,-0.020649902999552307,0.378880017907775,0.09074631724586957,-0.009432345073510207,0.050138430954691865,0.05109004101684438,0.0601772888513321,0.16128648621410596,-0.11767658672123171,2.0786985482077434,0.7697368421052632,0.6802325581395349,0.6542553191489362,0.32065217391304346,0.27011494252873564,0.3172043010752688,0.4010989010989011,0.6935483870967742,0.6428571428571429,0.6845238095238095,0.48404255319148937,0.23118279569892472,0.8125,0.4738430583501006,0.695959595959596,0.23440643863179075,0.8123689727463312,7,4,1,1,4,0.5541445164219547,0.6480730223123732,0.4146586345381526,7.0,4.0,176.0,False,False,full,87.0,2026-07-23,2026-07-23,0.690566037735849,0.6640926640926641,2331.0,0.44407547169811323,0.4242814242814243,0.11500762362842853,0.10576584119488874,-0.1996871878720132,-0.2047769509115498,0.4790539777609861,0.46664302808222957,0.5006792452830189,0.5328185328185329,2026-09-25
CRWD,CrowdStrike,Information Technology,Systems Software,Information Technology,7372.0,1535527,CRWD,258164696713.14185,,252.1300048828125,0.5392756754122282,3.0,False,0.337660096660283,0.011458871550087775,0.1677018571557707,-0.16284031909851815,0.0620553794548541,0.2945616894389289,,0.00022644459426207866,0.006231363236265868,-0.00047061985401202367,0.01976150908684757,0.8842530095019083,2.161259010628707,0.6235955056179775,0.07471264367816093,0.6098901098901099,0.989010989010989,0.875,0.2833333333333333,,0.04945054945054945,0.07222222222222222,0.02027027027027027,0.09340659340659341,0.8055555555555556,0.6988636363636364,0.7032193158953722,0.005050505050505051,0.8058350100603622,0.6981132075471698,6,4,1,1,4,0.5530545096383523,0.6460446247464503,0.5110441767068273,7.0,4.0,177.0,False,False,full,56.0,2026-08-27,2026-08-27,0.690566037735849,0.6670201484623541,1886.0,0.44407547169811323,0.48303287380699894,0.11500762362842853,0.13230403842762073,-0.1996871878720132,-0.26298783034469825,0.4790539777609861,0.6674186223119755,0.5006792452830189,0.6871686108165429,2026-09-25
AFL,Aflac,Financials,Life & Health Insurance,Financials,6321.0,4977,AFL,57012760460.55133,,113.72000122070312,0.17023004441702566,1.0,True,,0.1603985220374769,0.022826639991031468,,,-0.07034857619291945,-0.06261447320538283,0.08527915436341921,,,0.5316704498280467,0.05883623266978932,0.203305894522252,,0.5661764705882353,0.41911764705882354,,,0.9779411764705882,0.8863636363636364,0.6791044776119403,,,0.5447761194029851,0.375,0.25384615384615383,0.9084507042253521,0.6737373737373737,0.3772635814889336,0.2526205450733753,4,2,1,1,4,0.5530180511312587,0.6440162271805274,0.8343373493975904,7.0,4.0,178.0,False,False,full,87.0,2026-08-07,2026-08-07,0.690566037735849,0.7352452202826267,2406.0,0.44407547169811323,0.43308395677472983,0.11500762362842853,0.11438844940666304,-0.1996871878720132,-0.14183619043631784,0.4790539777609861,0.36674055983511467,0.5006792452830189,0.3229426433915212,2026-09-25
CASY,Casey's,Consumer Staples,Food Retail,Consumer Discretionary,5500.0,726958,CASY,22119182354.933044,,598.4600219726562,0.3698574442513113,3.0,False,0.23513015686533761,0.18877123182637248,0.15230292120729333,-0.06757638717357453,0.26646781262638736,0.08962527695287381,-0.005946435977712716,0.034938588036354176,0.02933770288553527,0.014786074628417214,0.18508428269668706,0.3352245081697691,2.8754162350182004,0.2692307692307692,0.34523809523809523,0.5196078431372549,0.696078431372549,0.47560975609756095,0.3431372549019608,0.33,0.29,0.17346938775510204,0.0375,0.63,0.9117647058823529,0.8229166666666666,0.2987927565392354,0.17676767676767677,0.9104627766599598,0.8207547169811321,7,4,1,1,4,0.5516944817370011,0.6419878296146044,0.4086345381526104,7.0,4.0,179.0,False,False,full,56.0,2026-09-08,2026-09-08,0.690566037735849,0.6670201484623541,1886.0,0.44407547169811323,0.48303287380699894,0.11500762362842853,0.13230403842762073,-0.1996871878720132,-0.26298783034469825,0.4790539777609861,0.6674186223119755,0.5006792452830189,0.6871686108165429,2026-09-25
BNY,BNY Mellon,Financials,Asset Management & Custody Banks,Financials,6022.0,1390777,BNY,101877392780.03937,,150.14999389648438,0.21611266439232407,1.0,True,,0.14103080780942145,0.0067997539136678865,,,0.08077302323474989,-0.03791141039119894,0.0618292226382353,0.015626626836016923,,0.4384093348014195,0.5072373702433002,1.4475192208100354,,0.5073529411764706,0.11029411764705882,,,0.47794117647058826,0.6742424242424242,0.39552238805970147,0.11,,0.4253731343283582,0.9485294117647058,0.7,0.3329979879275654,0.22121212121212122,0.9466800804828974,0.7012578616352201,4,3,1,1,4,0.550537012814451,0.6399594320486816,0.501004016064257,7.0,4.0,180.0,False,False,full,87.0,2026-07-31,2026-07-31,0.690566037735849,0.7352452202826267,2406.0,0.44407547169811323,0.43308395677472983,0.11500762362842853,0.11438844940666304,-0.1996871878720132,-0.14183619043631784,0.4790539777609861,0.36674055983511467,0.5006792452830189,0.3229426433915212,2026-09-25
AMAT,Applied Materials,Information Technology,Semiconductor Materials & Equipment,Information Technology,3674.0,6951,AMAT,384894759855.0,,485.0,0.5945494751090942,3.0,False,0.35000689306557603,0.36162491219854836,0.19291392858784062,0.020012867055741925,0.17791002251734755,0.2721639238841309,-0.003822271946357203,0.024076711263855924,0.014609188241789346,0.02384164454154674,0.06657923846418172,1.2512718417833768,1.4584718672450436,0.6460674157303371,0.7528735632183908,0.6648351648351648,0.08241758241758242,0.6907894736842105,0.31666666666666665,0.42134831460674155,0.41208791208791207,0.19444444444444445,0.30405405405405406,0.33516483516483514,0.8611111111111112,0.5738636363636364,0.540241448692153,0.22525252525252526,0.8601609657947686,0.5744234800838575,7,4,1,1,4,0.5500196049558261,0.6379310344827587,0.6174698795180723,7.0,4.0,181.0,False,False,full,61.0,2026-08-20,2026-08-20,0.690566037735849,0.6670201484623541,1886.0,0.44407547169811323,0.48303287380699894,0.11500762362842853,0.13230403842762073,-0.1996871878720132,-0.26298783034469825,0.4790539777609861,0.6674186223119755,0.5006792452830189,0.6871686108165429,2026-09-25
TEL,TE Connectivity,Information Technology,Electronic Manufacturing Services,Information Technology,5065.0,1385157,TEL,63284695448.29089,,218.58999633789062,0.3544535932715366,2.0,False,0.2677023398542386,0.22769137852936736,0.1694668200997315,-0.05377828922132719,0.21212121212121213,0.04841952867369104,-0.020198432665956778,0.047657652116921925,0.0523823331457547,0.056440410634300955,0.20930811005992966,-0.0548818249563916,0.19750330765106433,0.4438202247191011,0.46551724137931033,0.6208791208791209,0.6538461538461539,0.5328947368421053,0.7055555555555556,0.7134831460674157,0.8076923076923077,0.7722222222222223,0.831081081081081,0.7747252747252747,0.2611111111111111,0.30113636363636365,0.7354124748490946,0.8919191919191919,0.2605633802816901,0.3039832285115304,7,4,1,1,4,0.5479695688903767,0.6359026369168357,0.7821285140562249,7.0,4.0,182.0,False,False,full,91.0,2026-07-24,2026-07-24,0.690566037735849,0.6640926640926641,2331.0,0.44407547169811323,0.4242814242814243,0.11500762362842853,0.10576584119488874,-0.1996871878720132,-0.2047769509115498,0.4790539777609861,0.46664302808222957,0.5006792452830189,0.5328185328185329,2026-09-25
LULU,Lululemon Athletica,Consumer Discretionary,"Apparel, Accessories & Luxury Goods",Consumer Discretionary,2300.0,1397187,LULU,10696679005.44751,,101.30000305175781,0.4599355765137736,3.0,False,0.7336251726367534,0.2959560642130718,0.23360419339653662,-0.06648014786357082,0.0,0.12775261419677886,-0.06939412265733014,0.13256235877302341,0.1266127551654374,0.2126128000842586,0.44791229105407326,-0.3241161856541821,-0.24206560229050256,0.9102564102564102,0.4880952380952381,0.8921568627450981,0.6568627450980392,0.9878048780487805,0.22549019607843138,0.87,0.99,0.9285714285714286,0.9875,0.83,0.049019607843137254,0.23958333333333334,0.9225352112676056,0.9808080808080808,0.047283702213279676,0.240041928721174,7,4,1,1,4,0.547667230752535,0.6338742393509128,0.8263052208835341,7.0,4.0,183.0,False,False,full,54.0,2026-09-03,2026-09-03,0.690566037735849,0.6670201484623541,1886.0,0.44407547169811323,0.48303287380699894,0.11500762362842853,0.13230403842762073,-0.1996871878720132,-0.26298783034469825,0.4790539777609861,0.6674186223119755,0.5006792452830189,0.6871686108165429,2026-09-25
KHC,Kraft Heinz,Consumer Staples,Packaged Foods & Meats,Consumer Staples,2030.0,1637459,KHC,28021014406.357098,,23.6299991607666,0.26827920244024595,1.0,False,0.11372065968658045,-0.09431761373104483,0.06324505577225759,-0.10972421816191062,0.2600561144186683,-0.10438705090646105,0.0018794731965077194,-0.12119475586256981,0.13618350658762263,-0.07164924038238779,1.284964187157741,0.03670304406562863,0.8131213882119771,0.15,0.057692307692307696,0.25,0.9166666666666666,0.7413793103448276,0.9833333333333333,0.25862068965517243,0.017241379310344827,0.9827586206896551,0.018518518518518517,0.9827586206896551,0.45,0.8125,0.43762575452716296,0.48787878787878786,0.4507042253521127,0.8123689727463312,7,4,1,1,4,0.5471444351260987,0.6318458417849898,0.39056224899598396,7.0,4.0,184.0,False,False,full,90.0,2026-08-05,2026-08-05,0.690566037735849,0.7352452202826267,2406.0,0.44407547169811323,0.43308395677472983,0.11500762362842853,0.11438844940666304,-0.1996871878720132,-0.14183619043631784,0.4790539777609861,0.36674055983511467,0.5006792452830189,0.3229426433915212,2026-09-25
MA,Mastercard,Financials,Transaction & Payment Processing Services,Industrials,7389.0,1141391,MA,501234971557.6172,,567.6500244140625,0.2229758512174084,1.0,False,,2.897344501871324,0.3022481842921773,-0.02045379695273093,0.42715501551368495,0.12171647449981537,-0.028602860286028653,0.03243389013635744,0.03332169730315814,0.039769759304348375,0.011194350590828663,0.04249634083191056,3.650035577157061,,0.9941860465116279,0.973404255319149,0.30978260869565216,0.20114942528735633,0.23118279569892472,0.7417582417582418,0.3279569892473118,0.29120879120879123,0.23214285714285715,0.10106382978723404,0.4032258064516129,0.9375,0.7012072434607646,0.14444444444444443,0.4024144869215292,0.9360587002096437,6,4,1,1,4,0.5460312187590954,0.6298174442190669,0.2740963855421687,7.0,4.0,185.0,False,False,full,87.0,2026-07-30,2026-07-30,0.690566037735849,0.7352452202826267,2406.0,0.44407547169811323,0.43308395677472983,0.11500762362842853,0.11438844940666304,-0.1996871878720132,-0.14183619043631784,0.4790539777609861,0.36674055983511467,0.5006792452830189,0.3229426433915212,2026-09-25
EME,Emcor,Industrials,Construction & Engineering,Industrials,1731.0,105634,EME,33621008610.42169,,762.2100219726562,0.45092498093865124,3.0,False,0.35569546450447087,0.3528293241302143,0.12698706183527908,0.014703041680671674,,0.2091073367236158,-0.014617669233819353,0.0428053190395334,0.03484077511097928,,0.12132018546093344,0.13310536341614787,2.900819370222974,0.756578947368421,0.7267441860465116,0.5478723404255319,0.04891304347826087,,0.13440860215053763,0.5,0.5860215053763441,0.3021978021978022,,0.3670212765957447,0.5645161290322581,0.8806818181818182,0.3591549295774648,0.3747474747474748,0.5653923541247485,0.8825995807127882,6,3,1,1,4,0.5454735847906191,0.6277890466531441,0.33232931726907633,7.0,4.0,186.0,False,False,full,87.0,2026-07-30,2026-07-30,0.690566037735849,0.6670201484623541,1886.0,0.44407547169811323,0.48303287380699894,0.11500762362842853,0.13230403842762073,-0.1996871878720132,-0.26298783034469825,0.4790539777609861,0.6674186223119755,0.5006792452830189,0.6871686108165429,2026-09-25
MDT,Medtronic,Health Care,Health Care Equipment,Health Care,3845.0,1613103,MDT,113382781788.87619,,88.63999938964844,0.23537290297450522,1.0,False,0.26155874220307374,0.10413680522376174,0.08611450496216749,-0.030051657985552913,0.27454826056202175,0.025656245877852424,-0.0027660645913306636,0.046135752867136,0.0540822857161686,0.052135191590775516,0.44303023093518934,-0.02464564664254565,2.1151642351753894,0.43023255813953487,0.34523809523809523,0.30851063829787234,0.32978723404255317,0.5595238095238095,0.6276595744680851,0.2872340425531915,0.7127659574468085,0.5543478260869565,0.6309523809523809,0.8191489361702128,0.24468085106382978,0.8804347826086957,0.2806841046277666,0.7767676767676768,0.24446680080482897,0.8794549266247379,7,4,1,1,4,0.5453433772062526,0.6257606490872211,0.33433734939759036,7.0,4.0,187.0,False,False,full,56.0,2026-09-03,2026-09-03,0.690566037735849,0.7352452202826267,2406.0,0.44407547169811323,0.43308395677472983,0.11500762362842853,0.11438844940666304,-0.1996871878720132,-0.14183619043631784,0.4790539777609861,0.36674055983511467,0.5006792452830189,0.3229426433915212,2026-09-25
NTRS,Northern Trust,Financials,Asset Management & Custody Banks,Financials,6022.0,73124,NTRS,32150796120.01912,,175.72999572753906,0.2497850521499956,1.0,True,,0.16724122492836677,0.0029520817949192737,,,0.04313151458312481,-0.043285614099937364,0.06971211511009598,0.013850356872585437,,0.4168357122471165,0.40118521869682433,0.5405984218500582,,0.6102941176470589,0.0661764705882353,,,0.6397058823529411,0.7348484848484849,0.5149253731343284,0.09,,0.39552238805970147,0.8897058823529411,0.46923076923076923,0.5422535211267606,0.2717171717171717,0.892354124748491,0.47064989517819705,4,3,1,1,4,0.5442436781926551,0.6237322515212982,0.6716867469879518,7.0,4.0,188.0,False,False,full,87.0,2026-07-30,2026-07-30,0.690566037735849,0.7352452202826267,2406.0,0.44407547169811323,0.43308395677472983,0.11500762362842853,0.11438844940666304,-0.1996871878720132,-0.14183619043631784,0.4790539777609861,0.36674055983511467,0.5006792452830189,0.3229426433915212,2026-09-25
TFC,Truist Financial,Financials,Diversified Banks,Financials,6021.0,92230,TFC,58222703933.67464,,47.65999984741211,0.24472288134060313,1.0,True,,0.08632498634838912,0.010425827708566012,,,0.022414969301237653,-0.05258812597593754,0.09503165648752777,0.08987902736295551,,1.100859212464864,0.1308811982636926,0.19760327213612383,,0.16911764705882354,0.19852941176470587,,,0.8014705882352942,0.8257575757575758,0.8432835820895522,0.67,,0.9925373134328358,0.5073529411764706,0.23846153846153847,0.5080482897384306,0.9222222222222223,0.5080482897384306,0.2379454926624738,4,3,1,1,4,0.5440660735903894,0.6217038539553753,0.8182730923694779,7.0,4.0,189.0,False,False,full,87.0,2026-07-31,2026-07-31,0.690566037735849,0.7352452202826267,2406.0,0.44407547169811323,0.43308395677472983,0.11500762362842853,0.11438844940666304,-0.1996871878720132,-0.14183619043631784,0.4790539777609861,0.36674055983511467,0.5006792452830189,0.3229426433915212,2026-09-25
QCOM,Qualcomm,Information Technology,Semiconductors,Information Technology,3663.0,804328,QCOM,212068501281.73828,,201.97000122070312,0.535658612457851,3.0,False,0.4165635295553193,0.33476751753561357,0.2161695748426796,-0.054770164031586105,0.23147454111248628,0.04566001968575706,-0.026876737720111232,0.04366042077931785,0.049116205080178714,0.04708272737793238,0.13042012289819344,0.04044351037569105,-0.2103302412318137,0.7471910112359551,0.6954022988505747,0.7307692307692307,0.6648351648351648,0.48026315789473684,0.7277777777777777,0.7584269662921348,0.7637362637362637,0.7277777777777777,0.6959459459459459,0.554945054945055,0.35,0.1534090909090909,0.8843058350100603,0.7868686868686868,0.3501006036217304,0.1530398322851153,7,4,1,1,4,0.5435787394463981,0.6196754563894523,0.8684738955823293,7.0,4.0,190.0,False,False,full,89.0,2026-07-29,2026-07-29,0.690566037735849,0.6670201484623541,1886.0,0.44407547169811323,0.48303287380699894,0.11500762362842853,0.13230403842762073,-0.1996871878720132,-0.26298783034469825,0.4790539777609861,0.6674186223119755,0.5006792452830189,0.6871686108165429,2026-09-25
VZ,Verizon,Communication Services,Integrated Telecommunication Services,Communication Services,4813.0,732712,VZ,195606824117.7806,,47.08000183105469,0.2524288407238595,1.0,False,0.2568200767456715,0.1537320810677212,0.09458879630216536,-0.05516277981208525,0.34971451975445283,0.07018537119897728,-0.014597928006688798,0.0826760521926493,0.11162698488909828,0.08458274867582428,0.5377930983463972,0.215854665397196,-0.3538578986694474,0.7857142857142857,0.625,0.625,0.4583333333333333,0.20833333333333334,0.22727272727272727,0.375,0.7083333333333334,0.7083333333333334,0.5,0.5416666666666666,0.875,0.20833333333333334,0.4134808853118712,0.6757575757575758,0.8742454728370221,0.20649895178197064,7,4,1,1,4,0.54249572142211,0.6176470588235294,0.8383534136546185,7.0,4.0,191.0,False,False,full,87.0,2026-07-31,2026-07-31,0.690566037735849,0.7352452202826267,2406.0,0.44407547169811323,0.43308395677472983,0.11500762362842853,0.11438844940666304,-0.1996871878720132,-0.14183619043631784,0.4790539777609861,0.36674055983511467,0.5006792452830189,0.3229426433915212,2026-09-25
TJX,TJX Companies,Consumer Discretionary,Apparel Retail,Consumer Discretionary,5651.0,109198,TJX,143062623688.17645,,130.05999755859375,0.20958267637137393,1.0,False,0.5376532399299475,0.5696178762557507,0.21646234676007006,-0.0529974403879833,0.0773541694732588,0.12863007450205255,-0.011649058854316996,0.0424080017798626,0.04107292211281896,0.03404016157875565,0.07444991378890993,-0.06224046703725006,2.224812530299817,0.6282051282051282,0.7976190476190477,0.8137254901960784,0.5784313725490197,0.7926829268292683,0.20588235294117646,0.41,0.37,0.3979591836734694,0.1875,0.39,0.3431372549019608,0.78125,0.761569416498994,0.2797979797979798,0.34305835010060365,0.7830188679245284,7,4,1,1,4,0.5418611535805264,0.6156186612576064,0.4026104417670683,7.0,4.0,192.0,False,False,full,55.0,2026-08-28,2026-08-28,0.690566037735849,0.7352452202826267,2406.0,0.44407547169811323,0.43308395677472983,0.11500762362842853,0.11438844940666304,-0.1996871878720132,-0.14183619043631784,0.4790539777609861,0.36674055983511467,0.5006792452830189,0.3229426433915212,2026-09-25
HPE,Hewlett Packard Enterprise,Information Technology,"Technology Hardware, Storage & Peripherals",Information Technology,3570.0,1645590,HPE,83550631367.26454,,62.939998626708984,0.5638895257791012,3.0,False,0.10130867505622279,0.10526514294335068,0.08007560170343078,-0.04668883678644911,0.23302550361261304,0.08088957848461331,0.006074285970210536,0.03340489418603633,0.049742293169891434,0.02687610295317203,0.31734051037211297,1.1599272574210349,1.1487704040252291,0.05056179775280899,0.22413793103448276,0.14835164835164835,0.5659340659340659,0.46710526315789475,0.6166666666666667,0.29775280898876405,0.6318681318681318,0.7388888888888889,0.3581081081081081,0.8516483516483516,0.8388888888888889,0.4715909090909091,0.12977867203219315,0.7242424242424242,0.8380281690140845,0.47379454926624737,7,4,1,1,4,0.5414609536387374,0.6135902636916836,0.6616465863453815,7.0,4.0,193.0,False,False,full,56.0,2026-09-03,2026-09-03,0.690566037735849,0.6670201484623541,1886.0,0.44407547169811323,0.48303287380699894,0.11500762362842853,0.13230403842762073,-0.1996871878720132,-0.26298783034469825,0.4790539777609861,0.6674186223119755,0.5006792452830189,0.6871686108165429,2026-09-25
PPG,PPG Industries,Materials,Specialty Chemicals,Materials,2851.0,79879,PPG,23966207251.739502,,107.5199966430664,0.30366223684384425,2.0,False,0.30121896162528217,0.19558242843040474,0.08993227990970655,-0.018374717832957112,0.3222121896162528,0.04777672658467358,-0.018061674008810535,0.0661347865079886,0.051197087094827766,0.09074192454215858,0.3381427822465234,0.09509558882459723,0.061926857249738336,0.86,0.6730769230769231,0.36538461538461536,0.1346153846153846,0.22,0.4807692307692308,0.75,0.7884615384615384,0.7,0.8958333333333334,0.5576923076923077,0.4423076923076923,0.36538461538461536,0.5040241448692153,0.8474747474747475,0.44366197183098594,0.3658280922431866,7,4,1,1,4,0.5402472391045339,0.6115618661257607,0.7299196787148594,7.0,4.0,194.0,False,False,full,178.0,2026-04-29,2026-04-29,0.690566037735849,0.6640926640926641,2331.0,0.44407547169811323,0.4242814242814243,0.11500762362842853,0.10576584119488874,-0.1996871878720132,-0.2047769509115498,0.4790539777609861,0.46664302808222957,0.5006792452830189,0.5328185328185329,2026-09-25
DPZ,Domino's,Consumer Discretionary,Restaurants,Consumer Staples,5140.0,1286681,DPZ,9664498547.495728,,292.1400146484375,0.3076279440586605,2.0,False,1.1192283655509316,,0.44918738608149844,-0.10795419100992332,2.769570163588953,-0.026484395401517036,-0.025543845708675073,0.062259205383802765,0.06948151491770886,0.06632508295987727,-0.4120680426851459,-0.1954950385612041,,0.9833333333333333,,0.9833333333333333,0.8833333333333333,0.017241379310344827,0.7833333333333333,0.8793103448275862,0.8793103448275862,0.6724137931034483,0.8333333333333334,0.017241379310344827,0.016666666666666666,,0.9507042253521126,0.6535353535353535,0.01609657947686117,,6,4,1,0,3,0.5401120527881091,0.6095334685598377,0.6134538152610441,7.0,4.0,195.0,False,False,composite_from_3_of_4_families,103.0,2026-07-20,2026-07-20,0.690566037735849,0.6640926640926641,2331.0,0.44407547169811323,0.4242814242814243,0.11500762362842853,0.10576584119488874,-0.1996871878720132,-0.2047769509115498,0.4790539777609861,0.46664302808222957,0.5006792452830189,0.5328185328185329,2026-09-25
FAST,Fastenal,Industrials,Trading Companies & Distributors,Consumer Discretionary,5200.0,815556,FAST,57868302956.57847,,50.43000030517578,0.2549504839785631,1.0,False,0.7388306413526022,0.3323092803775069,0.2643052800604515,-0.008878813639369038,0.022669311419665626,0.055280889916669906,-0.00012115681735869188,0.023365122716913773,0.019972937531402217,0.03072151802880785,0.07031137586759763,0.0273470514059746,1.9413048610708348,0.9358974358974359,0.5119047619047619,0.9509803921568627,0.16666666666666666,0.9390243902439024,0.5,0.25,0.15,0.11224489795918367,0.1375,0.37,0.5784313725490197,0.71875,0.7655935613682092,0.09595959595959595,0.5784708249496981,0.7180293501048218,7,4,1,1,4,0.5395133330955812,0.6075050709939148,0.4467871485943775,7.0,4.0,196.0,False,False,full,87.0,2026-07-16,2026-07-16,0.690566037735849,0.7352452202826267,2406.0,0.44407547169811323,0.43308395677472983,0.11500762362842853,0.11438844940666304,-0.1996871878720132,-0.14183619043631784,0.4790539777609861,0.36674055983511467,0.5006792452830189,0.3229426433915212,2026-09-25
IT,Gartner,Information Technology,IT Consulting & Other Services,Industrials,8741.0,749251,IT,11865692204.969238,,187.89999389648438,0.5647812952893124,3.0,False,0.6297160532990513,,0.19219872904999588,-0.08441639140166764,0.4141529071236756,-0.13618419875532362,-0.1661937925125101,0.0653439333000135,,0.08349600849443087,-0.014103264867254649,-0.24635749880075097,0.4173521598779868,0.9539473684210527,,0.8457446808510638,0.9184782608695652,0.23563218390804597,0.9946236559139785,0.9945054945054945,0.8333333333333334,,0.8988095238095238,0.09042553191489362,0.0913978494623656,0.4147727272727273,0.9849094567404426,0.6636363636363637,0.09154929577464789,0.41509433962264153,6,3,1,1,4,0.538797363943524,0.6054766734279919,0.6917670682730924,7.0,4.0,197.0,False,False,full,87.0,2026-08-04,2026-08-04,0.690566037735849,0.6670201484623541,1886.0,0.44407547169811323,0.48303287380699894,0.11500762362842853,0.13230403842762073,-0.1996871878720132,-0.26298783034469825,0.4790539777609861,0.6674186223119755,0.5006792452830189,0.6871686108165429,2026-09-25
PH,Parker Hannifin,Industrials,Industrial Machinery & Supplies & Components,Industrials,3490.0,76334,PH,123316022500.90155,,978.3300170898438,0.2623947987191425,1.0,False,0.26239595815655664,0.23682160477797976,0.14133497425268,-0.023188781293519447,0.2743789875959452,0.046890893062995875,-0.005010058480691804,0.02958253052617984,0.031666606826955115,0.03860244450257982,0.12491483010561245,0.30263828341961085,1.4665506450550083,0.5592105263157895,0.5523255813953488,0.6436170212765957,0.3532608695652174,0.5689655172413793,0.532258064516129,0.3021978021978022,0.23118279569892472,0.25824175824175827,0.22023809523809523,0.3776595744680851,0.7258064516129032,0.7329545454545454,0.5241448692152918,0.16666666666666666,0.7263581488933601,0.7358490566037735,7,4,1,1,4,0.538254685344773,0.603448275862069,0.4267068273092369,7.0,4.0,198.0,False,False,full,87.0,2026-08-21,2026-08-21,0.690566037735849,0.7352452202826267,2406.0,0.44407547169811323,0.43308395677472983,0.11500762362842853,0.11438844940666304,-0.1996871878720132,-0.14183619043631784,0.4790539777609861,0.36674055983511467,0.5006792452830189,0.3229426433915212,2026-09-25
VMRK,Vivmark Residential,Real Estate,Multi-Family Residential REITs,Real Estate,6798.0,906107,VMRK,23062829968.25826,,61.5099983215332,0.20846100840211915,1.0,False,0.056269816637030845,0.08324837517522621,0.0772402679341752,-0.03406739053591422,0.0739806319691913,-0.035759671828062944,-0.018208126154462212,0.03795522931074656,0.06773951861719356,0.04731977862660425,0.4559275689267941,0.04054009422838645,-0.7974069477715026,0.03571428571428571,0.5961538461538461,0.603448275862069,0.46296296296296297,0.8809523809523809,0.8793103448275862,0.8103448275862069,0.603448275862069,0.6176470588235294,0.868421052631579,0.6379310344827587,0.46551724137931033,0.1206896551724138,0.7756539235412475,0.7828282828282829,0.46579476861167,0.12264150943396226,7,4,1,1,4,0.5367296211037907,0.6014198782961461,0.8724899598393574,7.0,4.0,199.0,False,False,full,87.0,2026-07-30,2026-07-30,0.690566037735849,0.7352452202826267,2406.0,0.44407547169811323,0.43308395677472983,0.11500762362842853,0.11438844940666304,-0.1996871878720132,-0.14183619043631784,0.4790539777609861,0.36674055983511467,0.5006792452830189,0.3229426433915212,2026-09-25
NEE,NextEra Energy,Utilities,Multi-Utilities,Utilities,4911.0,753308,NEE,158652781790.85425,,76.08000183105469,0.21337649181770887,1.0,False,,0.14818369490420485,0.05568502059397355,-0.018728773755329144,0.46582574607991906,0.1398097434419141,0.01297481074155371,0.051578042991942796,,0.031685938853586025,0.3480682744838159,0.12208719129384593,1.6472355594954586,,0.8548387096774194,0.3387096774193548,0.11290322580645161,0.18333333333333332,0.14516129032258066,0.5645161290322581,0.532258064516129,,0.016666666666666666,0.11290322580645161,0.8870967741935484,0.9516129032258065,0.17404426559356137,0.12828282828282828,0.8893360160965795,0.9549266247379455,6,3,1,1,4,0.5366474336777287,0.5993914807302231,0.22991967871485944,6.0,3.0,200.0,False,False,full,178.0,2026-04-23,2026-04-23,0.6839386111533202,0.7168141592920354,2373.0,0.43823127184318494,0.41466498103666244,0.11727328000065684,0.1097520041080815,-0.19969304610437266,-0.14115340489962624,0.4854798178527018,0.35984618979187577,0.5067618902902294,0.33122629582806573,2026-09-25
URI,United Rentals,Industrials,Trading Companies & Distributors,Industrials,7359.0,1067701,URI,65594707643.1167,,1047.06005859375,0.42144832877473154,3.0,False,0.20934823340471093,0.2795495093666369,0.17662607066381156,-0.09274625267665954,0.41029844753747324,0.0655258467023172,-0.036192506550289605,0.03821954682136733,0.017516657079278443,0.051967969848828816,0.13671834698604796,0.09617721022104875,0.8729967581413439,0.3618421052631579,0.622093023255814,0.7925531914893617,0.9510869565217391,0.2471264367816092,0.41397849462365593,0.8186813186813187,0.5,0.1043956043956044,0.5654761904761905,0.42021276595744683,0.489247311827957,0.5511363636363636,0.7515090543259557,0.3525252525252525,0.48993963782696176,0.549266247379455,7,4,1,1,4,0.5358100480144062,0.5973630831643002,0.5913654618473896,6.0,3.0,201.0,False,False,full,178.0,2026-04-22,2026-04-22,0.6839386111533202,0.6450790413054563,1961.0,0.43823127184318494,0.4625191228964814,0.11727328000065684,0.1285655617468584,-0.19969304610437266,-0.2804880541407353,0.4854798178527018,0.7061823407823977,0.5067618902902294,0.7134115247322794,2026-09-25
PWR,Quanta Services,Industrials,Construction & Engineering,Industrials,1731.0,1050915,PWR,97592407432.1886,,649.1300048828125,0.4345637011190292,3.0,False,0.17976846311053865,0.1376721295894912,0.11233808924275639,-0.06543845535564696,0.21578265378473355,0.42232389052802266,0.008975816488071109,0.013596098660871447,0.024501475708153624,0.019728094052842884,0.09875708831854421,0.4661622897900459,7.343689735662861,0.24342105263157895,0.27325581395348836,0.48404255319148937,0.8206521739130435,0.7298850574712644,0.04838709677419355,0.07142857142857142,0.06989247311827956,0.13736263736263737,0.08928571428571429,0.2925531914893617,0.8978494623655914,0.9829545454545454,0.20020120724346077,0.049494949494949494,0.8983903420523138,0.9853249475890985,7,4,1,1,4,0.5333528615949557,0.5953346855983773,0.21184738955823293,6.0,3.0,202.0,False,False,full,87.0,2026-07-30,2026-07-30,0.6839386111533202,0.6450790413054563,1961.0,0.43823127184318494,0.4625191228964814,0.11727328000065684,0.1285655617468584,-0.19969304610437266,-0.2804880541407353,0.4854798178527018,0.7061823407823977,0.5067618902902294,0.7134115247322794,2026-09-25
PNW,Pinnacle West Capital,Utilities,Multi-Utilities,Utilities,4911.0,764622,PNW,11118633988.254776,,91.73999786376953,0.16600448142736748,1.0,False,0.07697297782469859,0.09099181009030309,0.054364976823743125,-0.034715915345345905,0.34900242423505706,0.11430382455986843,0.014820655159722085,0.05757047139749164,-0.07901483230116639,0.0507009278914356,0.6326994851553884,0.13116633555394075,-0.4365116734525941,0.13636363636363635,0.24193548387096775,0.24193548387096775,0.6935483870967742,0.85,0.3709677419354839,0.5,0.7580645161290323,0.1896551724137931,0.6833333333333333,0.7903225806451613,0.9193548387096774,0.24193548387096775,0.31086519114688127,0.6575757575757576,0.9215291750503019,0.24213836477987422,7,4,1,1,4,0.5330271221382037,0.5933062880324543,0.786144578313253,6.0,3.0,203.0,False,False,full,87.0,2026-08-04,2026-08-04,0.6839386111533202,0.7168141592920354,2373.0,0.43823127184318494,0.41466498103666244,0.11727328000065684,0.1097520041080815,-0.19969304610437266,-0.14115340489962624,0.4854798178527018,0.35984618979187577,0.5067618902902294,0.33122629582806573,2026-09-25
CL,Colgate-Palmolive,Consumer Staples,Household Products,Consumer Staples,2844.0,21665,CL,68604691717.51727,,86.05999755859375,0.22400357824698414,1.0,False,0.7574151280524122,8.63135593220339,0.2653960690887433,-0.1440738534842168,0.46593210244192973,-0.03892386949055526,-0.013669514314599729,0.02969184685483952,0.0562352209945856,0.04171457885733614,0.00343999796649098,0.1516897464976723,-0.1370616448060764,0.95,0.9807692307692307,0.9166666666666666,0.9833333333333333,0.25862068965517243,0.8166666666666667,0.7758620689655172,0.29310344827586204,0.5689655172413793,0.2777777777777778,0.15517241379310345,0.5833333333333334,0.3125,0.9808853118712274,0.25555555555555554,0.5835010060362174,0.3113207547169811,7,4,1,1,4,0.5328156570449953,0.5912778904665315,0.75,6.0,3.0,204.0,False,False,full,87.0,2026-07-31,2026-07-31,0.6839386111533202,0.7168141592920354,2373.0,0.43823127184318494,0.41466498103666244,0.11727328000065684,0.1097520041080815,-0.19969304610437266,-0.14115340489962624,0.4854798178527018,0.35984618979187577,0.5067618902902294,0.33122629582806573,2026-09-25
TECH,Bio-Techne,Health Care,Life Sciences Tools & Services,Health Care,2836.0,842023,TECH,11386572356.894257,,72.61000061035156,0.4534355498757496,3.0,False,0.308912115160245,0.08625281694850777,0.11291222959060991,-0.04261487300935623,0.07731781410168684,0.011282052084001126,0.008155926508502942,0.015969687303651205,0.023116965470352954,0.02224811047476096,0.18514974778371562,0.3072013947797958,2.6382809395114597,0.5232558139534884,0.27380952380952384,0.4787234042553192,0.5425531914893617,0.8452380952380952,0.6914893617021277,0.05319148936170213,0.1595744680851064,0.09782608695652174,0.15476190476190477,0.4787234042553192,0.6063829787234043,0.9239130434782609,0.46981891348088534,0.1303030303030303,0.6066398390342053,0.9213836477987422,7,4,1,1,4,0.5320363576542158,0.5892494929006086,0.2419678714859438,6.0,3.0,205.0,False,True,full,87.0,2026-08-24,2026-08-24,0.6839386111533202,0.6450790413054563,1961.0,0.43823127184318494,0.4625191228964814,0.11727328000065684,0.1285655617468584,-0.19969304610437266,-0.2804880541407353,0.4854798178527018,0.7061823407823977,0.5067618902902294,0.7134115247322794,2026-09-25
LUV,Southwest Airlines,Industrials,Passenger Airlines,Industrials,4512.0,92380,LUV,20879406167.974495,,42.68000030517578,0.435854375498218,3.0,False,,0.1181869528381813,0.08399176681495253,-0.056204767279729104,0.1973972511785406,0.04910838673725282,-0.06850790181001742,0.040087346989964565,-0.02179180750350523,0.0451932640420024,0.33918589173587704,0.2232781460156783,0.17728522139005504,,0.22674418604651161,0.30319148936170215,0.7663043478260869,0.7988505747126436,0.5,0.9175824175824175,0.543010752688172,0.016483516483516484,0.39880952380952384,0.7819148936170213,0.6720430107526881,0.3352272727272727,0.7233400402414487,0.398989898989899,0.6690140845070423,0.33542976939203356,6,4,1,1,4,0.5316934482826059,0.5872210953346856,0.7218875502008032,6.0,3.0,206.0,False,False,full,87.0,2026-07-23,2026-07-23,0.6839386111533202,0.6450790413054563,1961.0,0.43823127184318494,0.4625191228964814,0.11727328000065684,0.1285655617468584,-0.19969304610437266,-0.2804880541407353,0.4854798178527018,0.7061823407823977,0.5067618902902294,0.7134115247322794,2026-09-25
DAL,Delta Air Lines,Industrials,Passenger Airlines,Industrials,4512.0,27904,DAL,55858501773.724976,,84.94000244140625,0.39007725871525667,3.0,False,,0.181113912445565,0.09422967759873033,-0.04845866011746852,0.14950012163899862,0.10110338669558017,0.007159260954895386,0.07073229453960207,0.0654868978551922,0.08605505350923973,0.39054037088874194,0.38948595039536404,-0.8370618555648576,,0.436046511627907,0.3776595744680851,0.657608695652174,0.8563218390804598,0.27419354838709675,0.09340659340659341,0.8870967741935484,0.7967032967032966,0.9226190476190477,0.8457446808510638,0.7903225806451613,0.03977272727272727,0.35311871227364183,0.9424242424242424,0.7907444668008048,0.039832285115303984,6,4,1,1,4,0.5315299266534982,0.5851926977687627,0.8885542168674698,6.0,3.0,207.0,False,False,full,87.0,2026-07-10,2026-07-10,0.6839386111533202,0.6450790413054563,1961.0,0.43823127184318494,0.4625191228964814,0.11727328000065684,0.1285655617468584,-0.19969304610437266,-0.2804880541407353,0.4854798178527018,0.7061823407823977,0.5067618902902294,0.7134115247322794,2026-09-25
JPM,JPMorgan Chase,Financials,Diversified Banks,Financials,6021.0,19617,JPM,911917349566.9875,,343.05999755859375,0.22459130617786188,1.0,True,,0.1736982044751974,-0.03240912537793598,,,0.10161204371593335,-0.03330031117759824,0.0713518610331257,,,0.410780648243915,0.15027401930943318,2.884749933394196,,0.6544117647058824,0.022058823529411766,,,0.3161764705882353,0.5984848484848485,0.5298507462686567,,,0.3656716417910448,0.5367647058823529,0.9307692307692308,0.23641851106639838,0.4212121212121212,0.5362173038229376,0.9318658280922432,4,2,1,1,4,0.5314284410484251,0.5831643002028397,0.2319277108433735,6.0,3.0,208.0,False,False,full,87.0,2026-08-06,2026-08-06,0.6839386111533202,0.7168141592920354,2373.0,0.43823127184318494,0.41466498103666244,0.11727328000065684,0.1097520041080815,-0.19969304610437266,-0.14115340489962624,0.4854798178527018,0.35984618979187577,0.5067618902902294,0.33122629582806573,2026-09-25
APP,AppLovin,Communication Services,Advertising,Information Technology,7370.0,1751008,APP,104191678250.0,,310.75,0.7563590616198003,3.0,False,0.7305854750638248,1.3942237408852816,0.5475289966986857,-0.014226041406285618,0.4250836031017044,0.38755519131899896,-0.010306031064420074,0.042325376403081406,0.043408581913306495,0.05053307168148936,0.030357664384775374,-0.5657026649855821,3.5604796183366365,0.9719101123595506,0.9597701149425287,0.9835164835164835,0.2032967032967033,0.09868421052631579,0.19444444444444445,0.5337078651685393,0.7527472527472527,0.6833333333333333,0.777027027027027,0.13736263736263737,0.005555555555555556,0.8125,0.6750503018108652,0.6333333333333333,0.0030181086519114686,0.8123689727463312,7,4,1,1,4,0.5309426791356103,0.5811359026369168,0.34036144578313254,6.0,3.0,209.0,False,False,full,87.0,2026-08-05,2026-08-05,0.6839386111533202,0.6450790413054563,1961.0,0.43823127184318494,0.4625191228964814,0.11727328000065684,0.1285655617468584,-0.19969304610437266,-0.2804880541407353,0.4854798178527018,0.7061823407823977,0.5067618902902294,0.7134115247322794,2026-09-25
CRH,CRH plc,Materials,Construction Materials,Materials,3241.0,849395,CRH,56575795424.52616,,85.04000091552734,0.3215121984940187,2.0,False,0.2391720180352507,0.15968379446640316,0.09255021177756524,-0.027001639568247027,0.3061552124607187,0.08461766449318309,-0.010963606964746186,0.06783819778760353,0.04889016547173302,0.07733978513120571,0.42482831782830915,-0.2047799889494678,1.0856131737096577,0.78,0.5576923076923077,0.4423076923076923,0.21153846153846154,0.3,0.28846153846153844,0.5961538461538461,0.8653846153846154,0.66,0.8541666666666666,0.6730769230769231,0.09615384615384616,0.7884615384615384,0.36519114688128773,0.8737373737373737,0.09959758551307847,0.7851153039832285,7,4,1,1,4,0.5309103525287421,0.579107505070994,0.35040160642570284,6.0,3.0,210.0,False,False,full,87.0,2026-07-30,2026-07-30,0.6839386111533202,0.6831330663106364,2247.0,0.43823127184318494,0.44192256341789055,0.11727328000065684,0.12101828437998696,-0.19969304610437266,-0.19224838745208608,0.4854798178527018,0.4595185362668525,0.5067618902902294,0.511793502447708,2026-09-25
WST,West Pharmaceutical Services,Health Care,Health Care Supplies,Health Care,3841.0,105770,WST,26069997447.095825,,370.44000244140625,0.33154906190228345,2.0,False,0.30021587675399863,0.18891712928901078,0.16244725738396623,-0.023869100186439014,0.04977431066627416,0.031268973891924734,-0.021299123559387012,0.02166858670187286,0.016758728146660032,0.026334227418276786,0.11469889884216715,0.30436525940987447,0.8444700744973432,0.5,0.6071428571428571,0.7978723404255319,0.20212765957446807,0.9166666666666666,0.5425531914893617,0.6276595744680851,0.22340425531914893,0.05434782608695652,0.17857142857142858,0.32978723404255317,0.5851063829787234,0.6847826086956522,0.7474849094567404,0.10202020202020202,0.5865191146881288,0.6844863731656184,7,4,1,1,4,0.5301276498326725,0.577079107505071,0.4407630522088353,6.0,3.0,211.0,False,False,full,87.0,2026-07-23,2026-07-23,0.6839386111533202,0.6831330663106364,2247.0,0.43823127184318494,0.44192256341789055,0.11727328000065684,0.12101828437998696,-0.19969304610437266,-0.19224838745208608,0.4854798178527018,0.4595185362668525,0.5067618902902294,0.511793502447708,2026-09-25
CTAS,Cintas,Industrials,Diversified Support Services,Consumer Discretionary,2320.0,723254,CTAS,79997898404.9747,,199.91000366210938,0.23424816514049934,1.0,False,0.5420948909407606,0.3891073869911926,0.21618859659953235,-0.02624259911065861,0.1357267545117645,0.07164190679902904,-0.006969029365643253,0.02500025675519035,0.023515305245606532,0.032124443284545896,0.06425027535073814,-0.007020568915368619,4.453633634114609,0.6538461538461539,0.5833333333333334,0.7941176470588235,0.22549019607843138,0.7195121951219512,0.38235294117647056,0.35,0.19,0.1326530612244898,0.1625,0.35,0.5,0.90625,0.5945674044265593,0.11616161616161616,0.5,0.9088050314465409,7,4,1,1,4,0.5298835130086791,0.5750507099391481,0.24397590361445784,6.0,3.0,212.0,False,False,full,117.0,2026-07-29,2026-07-29,0.6839386111533202,0.7168141592920354,2373.0,0.43823127184318494,0.41466498103666244,0.11727328000065684,0.1097520041080815,-0.19969304610437266,-0.14115340489962624,0.4854798178527018,0.35984618979187577,0.5067618902902294,0.33122629582806573,2026-09-25
ZBH,Zimmer Biomet,Health Care,Health Care Equipment,Health Care,3842.0,1136869,ZBH,17364759381.18557,,91.04000091552734,0.3309420648169486,2.0,False,0.2607927080683224,0.06389467597176783,0.07646790479783137,-0.04108729789716552,0.328057970505926,-0.002943350346160778,-0.037145099317106856,0.046450398896626104,0.0877063693522955,0.049321104509523345,0.7269838713502582,0.02381283846970139,0.5955441106629723,0.4069767441860465,0.17857142857142858,0.18085106382978725,0.5,0.32142857142857145,0.7127659574468085,0.7978723404255319,0.7340425531914894,0.9021739130434783,0.5833333333333334,0.9680851063829787,0.30851063829787234,0.5760869565217391,0.335010060362173,0.8939393939393939,0.31086519114688127,0.5796645702306079,7,4,1,1,4,0.529869803919764,0.5730223123732252,0.5371485943775101,6.0,3.0,213.0,False,False,full,87.0,2026-08-05,2026-08-05,0.6839386111533202,0.6831330663106364,2247.0,0.43823127184318494,0.44192256341789055,0.11727328000065684,0.12101828437998696,-0.19969304610437266,-0.19224838745208608,0.4854798178527018,0.4595185362668525,0.5067618902902294,0.511793502447708,2026-09-25
ILMN,"Illumina, Inc.",Health Care,Life Sciences Tools & Services,Information Technology,3826.0,1110803,ILMN,40770000000.0,,270.0,0.47875103985416645,3.0,False,0.44857142857142857,0.29069767441860467,0.16466165413533834,-0.0406015037593985,,0.09249219648431084,-0.017566688353936266,0.020235467255334805,0.02283541819965661,,0.06961000735835172,1.2494472163515349,-0.018568288113937337,0.7921348314606742,0.6149425287356322,0.5879120879120879,0.46703296703296704,,0.5944444444444444,0.6573033707865169,0.3021978021978022,0.3388888888888889,,0.34615384615384615,0.85,0.19886363636363635,0.7997987927565392,0.2676767676767677,0.8490945674044266,0.19916142557651992,6,3,1,1,4,0.5289328883535633,0.5709939148073022,0.7961847389558233,6.0,3.0,214.0,False,False,full,89.0,2026-07-31,2026-07-31,0.6839386111533202,0.6450790413054563,1961.0,0.43823127184318494,0.4625191228964814,0.11727328000065684,0.1285655617468584,-0.19969304610437266,-0.2804880541407353,0.4854798178527018,0.7061823407823977,0.5067618902902294,0.7134115247322794,2026-09-25
AMZN,Amazon,Consumer Discretionary,Broadline Retail,Consumer Discretionary,5961.0,1018724,AMZN,2693018889770.91,,249.6699981689453,0.3380516541124692,2.0,False,0.3594176814771345,0.24524310213552808,0.14730731074237308,-0.023840706623868634,0.12167686268640097,0.6061817435536596,0.011383260724122657,0.0502339588161998,-0.00431671684300325,0.03466512628996579,0.2048333199946196,0.18308503141821886,12.675060266275803,0.34615384615384615,0.4166666666666667,0.4803921568627451,0.20588235294117646,0.7682926829268293,0.00980392156862745,0.05,0.49,0.01020408163265306,0.2125,0.67,0.7156862745098039,0.9895833333333334,0.11368209255533199,0.2919191919191919,0.7173038229376257,0.9926624737945493,7,4,1,1,4,0.5288918953016748,0.5689655172413793,0.19377510040160642,6.0,3.0,215.0,False,False,full,87.0,2026-07-31,2026-07-31,0.6839386111533202,0.6831330663106364,2247.0,0.43823127184318494,0.44192256341789055,0.11727328000065684,0.12101828437998696,-0.19969304610437266,-0.19224838745208608,0.4854798178527018,0.4595185362668525,0.5067618902902294,0.511793502447708,2026-09-25
UNH,UnitedHealth Group,Health Care,Managed Health Care,Financials,6324.0,731766,UNH,338025240144.6395,,376.5899963378906,0.35487249962278944,2.0,True,,0.13512194655210358,0.08722843019820681,,,0.0037397957695586292,-0.008920186894037063,0.041777945321353094,0.06986756370587707,,0.30918697063946865,0.1506875764427491,0.5503479418608119,,0.47794117647058826,0.8897058823529411,,,0.9044117647058824,0.29545454545454547,0.1865671641791045,0.53,,0.23134328358208955,0.5514705882352942,0.4846153846153846,0.8340040241448692,0.24141414141414141,0.5523138832997988,0.48742138364779874,4,3,1,1,4,0.528788358126652,0.5669371196754563,0.6194779116465864,6.0,3.0,216.0,False,False,full,87.0,2026-08-10,2026-08-10,0.6839386111533202,0.6831330663106364,2247.0,0.43823127184318494,0.44192256341789055,0.11727328000065684,0.12101828437998696,-0.19969304610437266,-0.19224838745208608,0.4854798178527018,0.4595185362668525,0.5067618902902294,0.511793502447708,2026-09-25
SYY,Sysco,Consumer Staples,Food Distributors,Consumer Staples,5140.0,96021,SYY,37589872976.7345,,78.45999908447266,0.2780368971350706,2.0,False,0.5507271894918477,0.659039759939985,0.09289713702151636,-0.031024403986336584,0.47596577103215126,0.06061851049525657,0.0018478380724904486,0.04674131250955437,0.051556439182422524,0.0627765196965342,0.07092335751307453,0.012636181769759114,0.7437998385187173,0.8166666666666667,0.9423076923076923,0.48333333333333334,0.38333333333333336,0.1896551724137931,0.25,0.29310344827586204,0.7068965517241379,0.5,0.7592592592592593,0.1896551724137931,0.35,0.7708333333333334,0.4396378269617706,0.5545454545454546,0.3501006036217304,0.7683438155136268,7,4,1,1,4,0.5281569251606456,0.5649087221095335,0.35642570281124497,6.0,3.0,217.0,False,False,full,90.0,2026-08-21,2026-08-21,0.6839386111533202,0.6831330663106364,2247.0,0.43823127184318494,0.44192256341789055,0.11727328000065684,0.12101828437998696,-0.19969304610437266,-0.19224838745208608,0.4854798178527018,0.4595185362668525,0.5067618902902294,0.511793502447708,2026-09-25
WRB,W. R. Berkley Corporation,Financials,Property & Casualty Insurance,Financials,6331.0,11544,WRB,24805423374.49035,,66.81999969482422,0.22311945365876568,1.0,True,,0.19607171146760494,0.07887748947706043,,,0.07077340629930706,-0.021263901065681545,0.0777257445233834,0.14280905213829204,,0.39641488280794296,-0.0949377725527798,0.6110644119116886,,0.7279411764705882,0.8161764705882353,,,0.5367647058823529,0.4318181818181818,0.6044776119402985,0.87,,0.3208955223880597,0.11029411764705882,0.5307692307692308,0.817907444668008,0.6494949494949495,0.10764587525150905,0.5293501048218029,4,3,1,1,4,0.5260995935590673,0.5628803245436106,0.5612449799196787,6.0,3.0,218.0,False,False,full,87.0,2026-07-31,2026-07-31,0.6839386111533202,0.7168141592920354,2373.0,0.43823127184318494,0.41466498103666244,0.11727328000065684,0.1097520041080815,-0.19969304610437266,-0.14115340489962624,0.4854798178527018,0.35984618979187577,0.5067618902902294,0.33122629582806573,2026-09-25
IEX,IDEX Corporation,Industrials,Industrial Machinery & Supplies & Components,Industrials,3561.0,832101,IEX,16961473806.665161,,230.0800018310547,0.21933866958635395,1.0,False,0.23125541125541124,0.12961576846307385,0.10341991341991343,-0.028455988455988457,0.2693939393939394,0.007838745800671898,-0.0208187613727705,0.03062823466412794,0.037821005846079066,0.04073691400803142,0.23630022046934512,0.42565006333251487,0.39502588387560506,0.4144736842105263,0.2616279069767442,0.4521276595744681,0.42934782608695654,0.5804597701149425,0.8010752688172043,0.6098901098901099,0.2849462365591398,0.3901098901098901,0.27976190476190477,0.6436170212765957,0.8118279569892473,0.4034090909090909,0.5321931589537223,0.35454545454545455,0.8098591549295775,0.40461215932914046,7,4,1,1,4,0.5253024819394737,0.5608519269776876,0.6656626506024096,6.0,3.0,219.0,False,False,full,87.0,2026-07-29,2026-07-29,0.6839386111533202,0.7168141592920354,2373.0,0.43823127184318494,0.41466498103666244,0.11727328000065684,0.1097520041080815,-0.19969304610437266,-0.14115340489962624,0.4854798178527018,0.35984618979187577,0.5067618902902294,0.33122629582806573,2026-09-25
ALGN,Align Technology,Health Care,Health Care Supplies,Health Care,3842.0,1097149,ALGN,10427229389.84143,,146.77999877929688,0.394127072234502,3.0,False,0.43892005414501195,0.09771591084413696,0.1177540260107352,-0.05330949465226851,,0.03191574206789616,-0.01995569704913347,0.03966326859586709,0.06076101103302138,,0.40590389275634453,0.2760740435108229,-0.5029437775574533,0.8255813953488372,0.32142857142857145,0.5425531914893617,0.6914893617021277,,0.5,0.6063829787234043,0.5425531914893617,0.6413043478260869,,0.7978723404255319,0.5212765957446809,0.11956521739130435,0.7132796780684104,0.7464646464646465,0.5201207243460765,0.12054507337526206,6,3,1,1,4,0.5251025305635989,0.5588235294117647,0.8483935742971888,6.0,3.0,220.0,False,False,full,87.0,2026-08-05,2026-08-05,0.6839386111533202,0.6450790413054563,1961.0,0.43823127184318494,0.4625191228964814,0.11727328000065684,0.1285655617468584,-0.19969304610437266,-0.2804880541407353,0.4854798178527018,0.7061823407823977,0.5067618902902294,0.7134115247322794,2026-09-25
EXR,Extra Space Storage,Real Estate,Self-Storage REITs,Real Estate,6798.0,1289490,EXR,28172796848.78705,,133.35000610351562,0.22656735061095443,1.0,False,0.0845953571978726,0.07224683858184124,0.06409852998734714,-0.031805034393730405,,0.009959203570170327,-0.004636213232669051,0.033998789866020666,0.05459415365309107,,0.4705920775689974,0.03623590486418249,0.22475852352096054,0.39285714285714285,0.4423076923076923,0.46551724137931033,0.42592592592592593,,0.6379310344827587,0.5689655172413793,0.5689655172413793,0.5,,0.6724137931034483,0.43103448275862066,0.5689655172413793,0.47585513078470826,0.6232323232323232,0.4295774647887324,0.5691823899371069,6,3,1,1,4,0.5244618271857178,0.5567951318458418,0.5271084337349398,6.0,3.0,221.0,False,False,full,87.0,2026-07-31,2026-07-31,0.6839386111533202,0.7168141592920354,2373.0,0.43823127184318494,0.41466498103666244,0.11727328000065684,0.1097520041080815,-0.19969304610437266,-0.14115340489962624,0.4854798178527018,0.35984618979187577,0.5067618902902294,0.33122629582806573,2026-09-25
HSY,Hershey Company (The),Consumer Staples,Packaged Foods & Meats,Consumer Staples,2060.0,47111,HSY,33746432578.291992,,166.3699951171875,0.2707862422558912,1.0,False,0.33408520915831413,0.32636602530524755,0.19012245857240065,-0.08355254099104477,0.4015357561111202,0.023986612082586678,0.0022560533460433962,0.04412635310548041,0.0660264457533595,0.056081409318853685,0.1352051061816541,-0.02954443771036297,,0.55,0.8269230769230769,0.8166666666666667,0.7833333333333333,0.43103448275862066,0.45,0.22413793103448276,0.6379310344827587,0.6379310344827587,0.6851851851851852,0.39655172413793105,0.21666666666666667,,0.7152917505030181,0.6393939393939394,0.21730382293762576,,7,4,1,0,3,0.5239965042781944,0.5547667342799188,0.5592369477911646,6.0,3.0,222.0,False,False,composite_from_3_of_4_families,89.0,2026-07-30,2026-07-30,0.6839386111533202,0.7168141592920354,2373.0,0.43823127184318494,0.41466498103666244,0.11727328000065684,0.1097520041080815,-0.19969304610437266,-0.14115340489962624,0.4854798178527018,0.35984618979187577,0.5067618902902294,0.33122629582806573,2026-09-25
PFG,Principal Financial Group,Financials,Life & Health Insurance,Financials,6321.0,1126328,PFG,24791740586.54077,,114.7699966430664,0.22783682301467845,1.0,True,,0.13216761317952147,0.011260743392409782,,,0.06294246737973697,-0.0364796010740388,0.06298871975321409,,,0.476582108414543,0.364095959723844,0.4368446050139332,,0.4632352941176471,0.2426470588235294,,,0.5808823529411765,0.6287878787878788,0.41044776119402987,,,0.48507462686567165,0.8602941176470589,0.3769230769230769,0.4336016096579477,0.42323232323232324,0.858148893360161,0.37840670859538783,4,2,1,1,4,0.523347383711455,0.552738336713996,0.6757028112449799,6.0,3.0,223.0,False,False,full,178.0,2026-04-29,2026-04-29,0.6839386111533202,0.7168141592920354,2373.0,0.43823127184318494,0.41466498103666244,0.11727328000065684,0.1097520041080815,-0.19969304610437266,-0.14115340489962624,0.4854798178527018,0.35984618979187577,0.5067618902902294,0.33122629582806573,2026-09-25
RMD,ResMed,Health Care,Health Care Equipment,Health Care,3841.0,943819,RMD,32024011932.0,,222.0,0.28636660673961817,2.0,False,0.38498307485542527,0.2313139094356252,0.20140966657186354,-0.03151210970393545,0.07354100792442518,0.09683400267983266,-0.014769903206327317,0.04756721310354775,0.05150959859441261,0.06044423529776896,0.20563922515340888,-0.1135782144491223,0.26865457902244744,0.7558139534883721,0.7023809523809523,0.8829787234042553,0.35106382978723405,0.8690476190476191,0.1595744680851064,0.4787234042553192,0.7553191489361702,0.5108695652173914,0.7738095238095238,0.5212765957446809,0.18085106382978725,0.44565217391304346,0.7494969818913481,0.7181818181818181,0.18008048289738432,0.44549266247379454,7,4,1,1,4,0.5233129863610863,0.550709939148073,0.6355421686746988,6.0,3.0,224.0,False,False,full,87.0,2026-08-13,2026-08-13,0.6839386111533202,0.6831330663106364,2247.0,0.43823127184318494,0.44192256341789055,0.11727328000065684,0.12101828437998696,-0.19969304610437266,-0.19224838745208608,0.4854798178527018,0.4595185362668525,0.5067618902902294,0.511793502447708,2026-09-25
LLY,Lilly (Eli),Health Care,Pharmaceuticals,Health Care,2834.0,59478,LLY,1114058395373.1396,,1183.4599609375,0.3548252338759497,2.0,False,0.4669623215703914,0.7884294105493078,0.19737424709909124,-0.00964134857994279,0.3363578220869675,0.40982297324880657,-0.0053881954473949945,0.023976481045280777,,0.02991466198703706,0.03041043462416767,0.525590081661353,0.9476232689053223,0.872093023255814,0.9166666666666666,0.8617021276595744,0.09574468085106383,0.27380952380952384,0.010638297872340425,0.30851063829787234,0.26595744680851063,,0.20238095238095238,0.11702127659574468,0.8404255319148937,0.7282608695652174,0.4255533199195171,0.09797979797979799,0.8400402414486922,0.7285115303983228,7,3,1,1,4,0.5230212224365826,0.5486815415821501,0.37650602409638556,6.0,3.0,225.0,False,False,full,87.0,2026-08-05,2026-08-05,0.6839386111533202,0.6831330663106364,2247.0,0.43823127184318494,0.44192256341789055,0.11727328000065684,0.12101828437998696,-0.19969304610437266,-0.19224838745208608,0.4854798178527018,0.4595185362668525,0.5067618902902294,0.511793502447708,2026-09-25
LVS,Las Vegas Sands,Consumer Discretionary,Casinos & Gaming,Consumer Discretionary,7011.0,1300514,LVS,25253870251.30493,,38.9900016784668,0.3530203049263776,2.0,False,,2.972461273666093,0.18745291074388468,-0.10070822241197448,0.7665879752875584,-0.08883295194508012,-0.056453082424335,0.06838555765173307,0.10703309920824232,0.07937561386328269,0.023006374635585934,-0.16789496251859726,-0.7127205529915968,,0.9880952380952381,0.6764705882352942,0.9313725490196079,0.08536585365853659,0.9509803921568627,0.83,0.87,0.9081632653061225,0.8125,0.21,0.2647058823529412,0.09375,0.9366197183098591,0.798989898989899,0.26458752515090544,0.09119496855345911,6,4,1,1,4,0.5228480277510307,0.5466531440162272,0.856425702811245,6.0,3.0,226.0,False,False,full,87.0,2026-07-24,2026-07-24,0.6839386111533202,0.6831330663106364,2247.0,0.43823127184318494,0.44192256341789055,0.11727328000065684,0.12101828437998696,-0.19969304610437266,-0.19224838745208608,0.4854798178527018,0.4595185362668525,0.5067618902902294,0.511793502447708,2026-09-25
PYPL,PayPal,Financials,Transaction & Payment Processing Services,Industrials,7389.0,1633917,PYPL,48551087142.3117,,55.040000915527344,0.45204660687289705,3.0,False,,0.2526468238114263,0.07933354853127406,-0.016524718794229384,0.1350284309587068,-0.008957354135393891,-0.09298126839890974,0.10419952050035851,0.1133445268459128,0.12025535630768208,0.41243154744004323,-0.20785702149159524,-0.37967083332856744,,0.5988372093023255,0.25,0.2554347826086957,0.8908045977011494,0.8870967741935484,0.9725274725274725,0.9516129032258065,0.9505494505494505,0.9821428571428571,0.8563829787234043,0.16666666666666666,0.10795454545454546,0.8360160965794768,0.9828282828282828,0.16498993963782696,0.1069182389937107,6,4,1,1,4,0.5226881395098244,0.5446247464503042,0.8504016064257028,6.0,3.0,227.0,False,False,full,178.0,2026-05-05,2026-05-05,0.6839386111533202,0.6450790413054563,1961.0,0.43823127184318494,0.4625191228964814,0.11727328000065684,0.1285655617468584,-0.19969304610437266,-0.2804880541407353,0.4854798178527018,0.7061823407823977,0.5067618902902294,0.7134115247322794,2026-09-25
IDXX,Idexx Laboratories,Health Care,Health Care Equipment,Health Care,2835.0,874716,IDXX,40907883063.506836,,519.260009765625,0.316255860756621,2.0,False,0.8259782967084842,0.7067305396648218,0.3984243253489274,-0.0673537003226008,0.13068571187871023,0.03348781101443077,-0.015293827634663582,0.027859080320307896,0.030662354198400608,0.035436689802818964,0.039419663870080536,-0.12866066196427173,1.568870155298194,0.9883720930232558,0.8690476190476191,0.9893617021276596,0.776595744680851,0.7976190476190477,0.4787234042553192,0.5212765957446809,0.30851063829787234,0.18478260869565216,0.32142857142857145,0.1595744680851064,0.13829787234042554,0.8369565217391305,0.9668008048289738,0.1484848484848485,0.13782696177062373,0.8375262054507338,7,4,1,1,4,0.5226597051337949,0.5425963488843814,0.2821285140562249,6.0,3.0,228.0,False,False,full,87.0,2026-08-04,2026-08-04,0.6839386111533202,0.6831330663106364,2247.0,0.43823127184318494,0.44192256341789055,0.11727328000065684,0.12101828437998696,-0.19969304610437266,-0.19224838745208608,0.4854798178527018,0.4595185362668525,0.5067618902902294,0.511793502447708,2026-09-25
KR,Kroger,Consumer Staples,Food Retail,Consumer Staples,5411.0,56873,KR,34691181229.28352,,58.7400016784668,0.28879353433075483,2.0,False,0.5580408559131963,0.17397260273972603,0.1477238285748924,-0.12719484350690025,0.3105008991533814,-0.07648815077439819,-0.10878509462749619,0.029286981993636295,0.09962186000984945,0.03906396842761751,0.16834249492405115,-0.12706909074073536,,0.85,0.5576923076923077,0.75,0.95,0.5344827586206896,0.8833333333333333,0.9827586206896551,0.25862068965517243,0.8793103448275862,0.24074074074074073,0.46551724137931033,0.15,,0.9728370221327968,0.44343434343434346,0.15090543259557343,,7,4,1,0,3,0.5223922660542378,0.5405679513184585,0.5572289156626506,6.0,3.0,229.0,False,False,composite_from_3_of_4_families,41.0,2026-09-18,2026-09-18,0.6839386111533202,0.6831330663106364,2247.0,0.43823127184318494,0.44192256341789055,0.11727328000065684,0.12101828437998696,-0.19969304610437266,-0.19224838745208608,0.4854798178527018,0.4595185362668525,0.5067618902902294,0.511793502447708,2026-09-25
MAR,Marriott International,Consumer Discretionary,"Hotels, Resorts & Cruise Lines",Consumer Discretionary,7011.0,1048286,MAR,91797556046.32178,,352.0299987792969,0.271367691558916,1.0,False,,,0.13273989674203313,-0.04062666904041303,0.000818942495994303,0.027174310584448857,-0.03938567786211544,0.028181578153285248,0.03411855538310375,0.04651999970145228,-0.04929325131179581,0.3231681006472409,0.20674789646574676,,,0.38235294117647056,0.3235294117647059,0.9634146341463414,0.6372549019607843,0.61,0.25,0.23469387755102042,0.2875,0.11,0.8921568627450981,0.34375,0.7173038229376257,0.12626262626262627,0.8943661971830986,0.34276729559748426,5,4,1,1,4,0.5201749854952087,0.5385395537525355,0.6897590361445783,6.0,3.0,230.0,False,False,full,87.0,2026-08-03,2026-08-03,0.6839386111533202,0.7168141592920354,2373.0,0.43823127184318494,0.41466498103666244,0.11727328000065684,0.1097520041080815,-0.19969304610437266,-0.14115340489962624,0.4854798178527018,0.35984618979187577,0.5067618902902294,0.33122629582806573,2026-09-25
INTU,Intuit,Information Technology,Application Software,Information Technology,7372.0,896878,INTU,73701018723.51074,,275.7900085449219,0.5040345405221639,3.0,False,0.1712879899961942,0.24041701769165966,0.2402544446256728,-0.11613113684553907,0.20847605067145109,-0.004653931489799201,-0.041494951668729074,0.061953010678581555,0.11754247295412877,0.07674947581008759,0.2576897894891855,-0.4679586005619053,0.09896826687675636,0.21910112359550563,0.4885057471264368,0.7967032967032966,0.9065934065934066,0.5723684210526315,0.8388888888888889,0.848314606741573,0.8846153846153846,0.95,0.8986486486486487,0.8296703296703297,0.016666666666666666,0.23295454545454544,0.8661971830985915,0.9626262626262626,0.01609657947686117,0.2348008385744235,7,4,1,1,4,0.5199302159440348,0.5365111561866126,0.7620481927710844,6.0,3.0,231.0,False,False,full,56.0,2026-09-09,2026-09-09,0.6839386111533202,0.6450790413054563,1961.0,0.43823127184318494,0.4625191228964814,0.11727328000065684,0.1285655617468584,-0.19969304610437266,-0.2804880541407353,0.4854798178527018,0.7061823407823977,0.5067618902902294,0.7134115247322794,2026-09-25
BR,Broadridge Financial Solutions,Industrials,Data Processing & Outsourced Services,Industrials,7389.0,1383312,BR,18673350345.613678,,163.77000427246094,0.29078313559201713,2.0,False,0.2656255240181995,0.39581059672592855,0.1504253630398086,-0.024739248543928095,0.3638335215140912,0.04684610883557627,-0.026530692742005146,0.060208799127688145,0.06846120146298722,0.06042514938412164,0.15211517737454255,-0.22153834801861128,0.5966440250237568,0.5723684210526315,0.7732558139534884,0.6968085106382979,0.3858695652173913,0.3160919540229885,0.543010752688172,0.7197802197802198,0.7580645161290323,0.8516483516483516,0.6964285714285714,0.4627659574468085,0.13440860215053763,0.4602272727272727,0.6911468812877264,0.7929292929292929,0.13380281690140844,0.4591194968553459,7,4,1,1,4,0.5192496219934435,0.5344827586206896,0.6054216867469879,6.0,3.0,232.0,False,False,full,87.0,2026-08-04,2026-08-04,0.6839386111533202,0.6831330663106364,2247.0,0.43823127184318494,0.44192256341789055,0.11727328000065684,0.12101828437998696,-0.19969304610437266,-0.19224838745208608,0.4854798178527018,0.4595185362668525,0.5067618902902294,0.511793502447708,2026-09-25
AMT,American Tower,Real Estate,Telecom Tower REITs,Real Estate,6798.0,1053507,AMT,78761226344.64111,,169.02999877929688,0.2618137504455307,1.0,False,0.12194925442455858,0.9143210473962954,0.0912305035853024,-0.037502310422890324,0.5875124999802528,-0.007127340030899765,-0.004893050733609905,0.043181145823174484,0.05027600741858463,0.04292908178025898,0.04722755310745726,-0.05941849265659982,0.5139050461402498,0.6785714285714286,0.9423076923076923,0.7758620689655172,0.5370370370370371,0.21428571428571427,0.7068965517241379,0.603448275862069,0.7758620689655172,0.4411764705882353,0.5526315789473685,0.1206896551724138,0.15517241379310345,0.6379310344827587,0.8259557344064387,0.45555555555555555,0.15593561368209255,0.6383647798742138,7,4,1,1,4,0.5189529208795751,0.5324543610547667,0.44477911646586343,6.0,3.0,233.0,False,False,full,87.0,2026-07-28,2026-07-28,0.6839386111533202,0.7168141592920354,2373.0,0.43823127184318494,0.41466498103666244,0.11727328000065684,0.1097520041080815,-0.19969304610437266,-0.14115340489962624,0.4854798178527018,0.35984618979187577,0.5067618902902294,0.33122629582806573,2026-09-25
IBKR,Interactive Brokers,Financials,Investment Banking & Brokerage,Financials,6211.0,1381197,IBKR,40165855014.18823,,89.23999786376953,0.39456843220797344,3.0,True,,0.1907181571815718,0.0643526923807868,,,0.3627717316434771,0.019590679342360584,0.028033761502207547,,,0.14699052212169925,0.4185913363281526,4.211936106918131,,0.6985294117647058,0.6985294117647058,,,0.03676470588235294,0.05303030303030303,0.11194029850746269,,,0.05223880597014925,0.9044117647058824,0.9769230769230769,0.1841046277665996,0.00909090909090909,0.9044265593561368,0.9758909853249476,4,2,1,1,4,0.5183782703846482,0.5304259634888439,0.1817269076305221,6.0,3.0,234.0,False,False,full,87.0,2026-08-06,2026-08-06,0.6839386111533202,0.6450790413054563,1961.0,0.43823127184318494,0.4625191228964814,0.11727328000065684,0.1285655617468584,-0.19969304610437266,-0.2804880541407353,0.4854798178527018,0.7061823407823977,0.5067618902902294,0.7134115247322794,2026-09-25
PODD,Insulet Corporation,Health Care,Health Care Equipment,Health Care,3841.0,1145197,PODD,9441187448.51355,,136.1300048828125,0.4601437180844639,3.0,False,0.6857287289501122,0.26388693573337085,0.16151148462923762,-0.042937032005307886,0.299642981264415,-0.08765709673699984,-0.01475065502329187,0.03975135564743908,0.03110837504303985,0.052340574238891935,0.15063783107324233,-0.5184789350825609,0.8483837018814926,0.9651162790697675,0.7738095238095238,0.776595744680851,0.5638297872340425,0.5357142857142857,0.9468085106382979,0.4574468085106383,0.5638297872340425,0.20652173913043478,0.6547619047619048,0.4148936170212766,0.010638297872340425,0.7065217391304348,0.9164989939637826,0.4414141414141414,0.009054325955734407,0.7033542976939203,7,4,1,1,4,0.5175804397568947,0.5283975659229209,0.38052208835341367,6.0,3.0,235.0,False,False,full,87.0,2026-08-05,2026-08-05,0.6839386111533202,0.6450790413054563,1961.0,0.43823127184318494,0.4625191228964814,0.11727328000065684,0.1285655617468584,-0.19969304610437266,-0.2804880541407353,0.4854798178527018,0.7061823407823977,0.5067618902902294,0.7134115247322794,2026-09-25
EL,Estée Lauder Companies (The),Consumer Staples,Personal Care Products,Consumer Staples,2844.0,1001250,EL,34519338446.04492,,94.47000122070312,0.4915980120511617,3.0,False,0.5749418075093614,0.047819232790331054,0.08971763991498836,-0.08050804574435785,0.34424653375164455,-0.006535290569072982,0.011068068622025473,0.005272406951960367,0.038123557960328805,0.02062164289040091,0.11025703768769865,0.17743135665002296,0.9274268430110699,0.8833333333333333,0.28846153846153844,0.45,0.75,0.46551724137931033,0.5833333333333334,0.05172413793103448,0.08620689655172414,0.25862068965517243,0.09259259259259259,0.25862068965517243,0.65,0.8541666666666666,0.4959758551307847,0.06767676767676768,0.6498993963782697,0.8522012578616353,7,4,1,1,4,0.5164383192618643,0.526369168356998,0.2459839357429719,6.0,3.0,236.0,False,False,full,87.0,2026-08-19,2026-08-19,0.6839386111533202,0.6450790413054563,1961.0,0.43823127184318494,0.4625191228964814,0.11727328000065684,0.1285655617468584,-0.19969304610437266,-0.2804880541407353,0.4854798178527018,0.7061823407823977,0.5067618902902294,0.7134115247322794,2026-09-25
FANG,Diamondback Energy,Energy,Oil & Gas Exploration & Production,Energy,1311.0,1539838,FANG,52272145461.770096,,186.6699981689453,0.3279485230207139,2.0,False,,0.03870712401055409,0.14445014098948988,-0.12355806203537555,0.1575949186818195,-0.02395018139864613,-0.03268470004710411,0.028064660194078113,,0.017208434010285774,0.7250515482996321,0.4347238218310192,1.3051684360590665,,0.025,0.525,0.925,0.7105263157894737,0.925,0.725,0.075,,0.08823529411764706,0.775,0.525,0.475,0.8319919517102615,0.2292929292929293,0.5261569416498993,0.4769392033542977,6,3,1,1,4,0.516095256501847,0.5243407707910751,0.5873493975903614,6.0,3.0,237.0,False,False,full,87.0,2026-08-05,2026-08-05,0.6839386111533202,0.6831330663106364,2247.0,0.43823127184318494,0.44192256341789055,0.11727328000065684,0.12101828437998696,-0.19969304610437266,-0.19224838745208608,0.4854798178527018,0.4595185362668525,0.5067618902902294,0.511793502447708,2026-09-25
ABBV,AbbVie,Health Care,Biotechnology,Health Care,2834.0,1551152,ABBV,467119776645.5232,,264.3399963378906,0.26256918976505195,1.0,False,0.3406061503163971,,0.1443733116234319,-0.09767235318062391,0.5241608999740961,-0.015067574463122013,0.00031645262705071175,0.013508312675847983,0.03898357746865163,0.03174795687972159,-0.012705520718091567,0.14181095288355694,2.810131830965266,0.6162790697674418,,0.6914893617021277,0.8404255319148937,0.15476190476190477,0.7553191489361702,0.24468085106382978,0.13829787234042554,0.25,0.27380952380952384,0.09574468085106383,0.3723404255319149,0.9456521739130435,0.6488933601609658,0.08787878787878788,0.3732394366197183,0.9423480083857443,6,4,1,1,4,0.5130898982613041,0.5223123732251521,0.18775100401606426,6.0,3.0,238.0,False,False,full,87.0,2026-08-03,2026-08-03,0.6839386111533202,0.7168141592920354,2373.0,0.43823127184318494,0.41466498103666244,0.11727328000065684,0.1097520041080815,-0.19969304610437266,-0.14115340489962624,0.4854798178527018,0.35984618979187577,0.5067618902902294,0.33122629582806573,2026-09-25
CHRW,C.H. Robinson,Industrials,Air Freight & Logistics,Industrials,4731.0,1043277,CHRW,17188820765.00348,,147.10000610351562,0.44722227332179565,3.0,False,1.340561984534627,0.3890955894549945,0.11728523937512857,-0.008903901185350028,0.2883571951496242,0.09800896707968243,-0.010499549492111848,0.03684528500579032,0.038906624784964684,0.04453266554644831,0.09469468686961846,0.14266801300157028,0.9130596597545593,0.9868421052631579,0.7616279069767442,0.5053191489361702,0.1793478260869565,0.5,0.2849462365591398,0.41208791208791207,0.42473118279569894,0.41208791208791207,0.3869047619047619,0.2712765957446808,0.5752688172043011,0.5852272727272727,0.56841046277666,0.32222222222222224,0.5764587525150905,0.5849056603773585,7,4,1,1,4,0.5129992744728328,0.5202839756592292,0.46686746987951805,6.0,3.0,239.0,False,False,full,87.0,2026-07-31,2026-07-31,0.6839386111533202,0.6450790413054563,1961.0,0.43823127184318494,0.4625191228964814,0.11727328000065684,0.1285655617468584,-0.19969304610437266,-0.2804880541407353,0.4854798178527018,0.7061823407823977,0.5067618902902294,0.7134115247322794,2026-09-25
F,Ford Motor Company,Consumer Discretionary,Automobile Manufacturers,Consumer Discretionary,3711.0,37996,F,51742410155.296326,,12.710000038146973,0.3839438322397884,3.0,False,0.054072809930815695,-0.16300429872106373,0.066985561228464,-0.08860123073001126,,-0.007397931390775936,0.014958863126402377,-0.1179883190921499,0.1844908262168162,,0.7238356289857969,0.21989397537753774,0.42761724891588754,0.01282051282051282,0.011904761904761904,0.08823529411764706,0.8725490196078431,,0.8137254901960784,0.03,0.01,0.9693877551020408,,0.93,0.7745098039215687,0.46875,0.10160965794768612,0.7101010101010101,0.7716297786720322,0.46855345911949686,6,3,1,1,4,0.5129734764600564,0.5182555780933062,0.5793172690763052,6.0,3.0,240.0,False,False,full,178.0,2026-04-30,2026-04-30,0.6839386111533202,0.6450790413054563,1961.0,0.43823127184318494,0.4625191228964814,0.11727328000065684,0.1285655617468584,-0.19969304610437266,-0.2804880541407353,0.4854798178527018,0.7061823407823977,0.5067618902902294,0.7134115247322794,2026-09-25
IQV,IQVIA,Health Care,Life Sciences Tools & Services,Health Care,8731.0,1478242,IQV,45124752185.05859,,270.3699951171875,0.40942926204754937,3.0,False,,0.2226330171998071,0.09112047177759057,-0.04444818871103622,0.5335467565290649,0.08612107459190388,-0.035260115606936426,0.030692689332011268,0.04689222427908725,0.03738015909203866,0.13786225294905566,0.3751184536389569,0.6191456639946757,,0.6785714285714286,0.39361702127659576,0.5851063829787234,0.10714285714285714,0.26595744680851063,0.776595744680851,0.35106382978723405,0.4673913043478261,0.34523809523809523,0.39361702127659576,0.7127659574468085,0.5978260869565217,0.4014084507042254,0.3383838383838384,0.7112676056338029,0.60062893081761,6,4,1,1,4,0.5129222063848692,0.5162271805273834,0.4568273092369478,6.0,3.0,241.0,False,False,full,178.0,2026-05-05,2026-05-05,0.6839386111533202,0.6450790413054563,1961.0,0.43823127184318494,0.4625191228964814,0.11727328000065684,0.1285655617468584,-0.19969304610437266,-0.2804880541407353,0.4854798178527018,0.7061823407823977,0.5067618902902294,0.7134115247322794,2026-09-25
ETR,Entergy,Utilities,Electric Utilities,Utilities,4911.0,65984,ETR,45128507000.18074,,98.56999969482422,0.20457537743250978,1.0,False,,0.10275290326868891,0.07180909908086815,-0.048295502066245985,0.4492952891491151,0.13785161541112734,0.06281241243307867,0.03949671988911269,-0.06279000100731565,0.040658064269113295,0.38438543956108556,0.16919982902853192,0.012175929489132112,,0.5645161290322581,0.9193548387096774,0.9193548387096774,0.45,0.20967741935483872,0.08064516129032258,0.08064516129032258,0.3275862068965517,0.18333333333333332,0.14516129032258066,0.9516129032258065,0.43548387096774194,0.5865191146881288,0.07373737373737374,0.9557344064386318,0.4329140461215933,6,4,1,1,4,0.512226235246432,0.5141987829614605,0.6034136546184738,6.0,3.0,242.0,False,False,full,178.0,2026-05-01,2026-05-01,0.6839386111533202,0.7168141592920354,2373.0,0.43823127184318494,0.41466498103666244,0.11727328000065684,0.1097520041080815,-0.19969304610437266,-0.14115340489962624,0.4854798178527018,0.35984618979187577,0.5067618902902294,0.33122629582806573,2026-09-25
ZTS,Zoetis,Health Care,Pharmaceuticals,Health Care,2834.0,1555280,ZTS,29359538183.158356,,71.05000305175781,0.3981498391132707,3.0,False,0.4515487165881807,0.8310038119440915,0.1883663858857863,-0.014857067055780328,0.6001193871459839,0.04130119483389727,-0.06760150568069923,0.08910221896816578,0.07888407459108256,0.09555820892927804,0.10722239499686005,-0.4629526571050586,0.18856180831641298,0.8488372093023255,0.9404761904761905,0.8404255319148937,0.13829787234042554,0.05952380952380952,0.39361702127659576,0.9042553191489362,0.9468085106382979,0.8369565217391305,0.9166666666666666,0.2872340425531915,0.05319148936170213,0.40217391304347827,0.7313883299798792,0.8595959595959596,0.05734406438631791,0.39937106918238996,7,4,1,1,4,0.5119248557861367,0.5121703853955375,0.6375502008032129,6.0,3.0,243.0,False,False,full,87.0,2026-08-06,2026-08-06,0.6839386111533202,0.6450790413054563,1961.0,0.43823127184318494,0.4625191228964814,0.11727328000065684,0.1285655617468584,-0.19969304610437266,-0.2804880541407353,0.4854798178527018,0.7061823407823977,0.5067618902902294,0.7134115247322794,2026-09-25
AXP,American Express,Financials,Consumer Finance,Financials,6199.0,4962,AXP,208596464207.60388,,308.8900146484375,0.2705176069675326,1.0,True,,0.3338681446907818,0.05994425751858353,,,0.042790537157086916,-0.029563039838923832,0.0548667018085669,0.07215846182809514,,0.16433643844453238,0.004641272671844332,1.1446970255940923,,0.9191176470588235,0.6691176470588235,,,0.6544117647058824,0.553030303030303,0.291044776119403,0.57,,0.08208955223880597,0.27205882352941174,0.6384615384615384,0.8963782696177063,0.23737373737373738,0.2686116700201207,0.640461215932914,4,3,1,1,4,0.5107062232361196,0.5101419878296146,0.4126506024096386,6.0,3.0,244.0,False,False,full,87.0,2026-07-24,2026-07-24,0.6839386111533202,0.7168141592920354,2373.0,0.43823127184318494,0.41466498103666244,0.11727328000065684,0.1097520041080815,-0.19969304610437266,-0.14115340489962624,0.4854798178527018,0.35984618979187577,0.5067618902902294,0.33122629582806573,2026-09-25
PSX,Phillips 66,Energy,Oil & Gas Refining & Marketing,Energy,2911.0,1534701,PSX,102049599267.0,,255.75,0.3116290222825775,2.0,False,0.24362547365847695,0.22513172094204278,0.1090942427576091,-0.022393350446155726,0.2294096076274294,0.07726949514102865,-0.012628167724598294,0.06950541747294914,,-0.033987727962064354,0.30873222654768584,0.8665031537925785,2.261446040317518,0.59375,0.675,0.225,0.025,0.34210526315789475,0.475,0.525,0.675,,0.029411764705882353,0.275,0.875,0.625,0.2766599597585513,0.26161616161616164,0.8742454728370221,0.6247379454926625,7,3,1,1,4,0.5093148849260993,0.5081135902636917,0.4226907630522088,6.0,3.0,245.0,False,False,full,87.0,2026-08-05,2026-08-05,0.6839386111533202,0.6831330663106364,2247.0,0.43823127184318494,0.44192256341789055,0.11727328000065684,0.12101828437998696,-0.19969304610437266,-0.19224838745208608,0.4854798178527018,0.4595185362668525,0.5067618902902294,0.511793502447708,2026-09-25
FTV,Fortive,Industrials,Industrial Machinery & Supplies & Components,Information Technology,3823.0,1659166,FTV,17099654714.4081,,56.09000015258789,0.26673976753399814,1.0,False,0.23127390129574157,0.08937877069257451,0.09291183605113906,-0.045976813045467496,0.3011973308241469,-0.32402987687459883,-0.1030393761717715,0.03179596366597277,0.05579060021581392,0.0369007434040937,0.3557440253383833,0.20491712116919936,-0.3551868481819136,0.34269662921348315,0.20114942528735633,0.2032967032967033,0.5439560439560439,0.3223684210526316,0.9944444444444445,0.9831460674157303,0.6098901098901099,0.7944444444444444,0.5608108108108109,0.8846153846153846,0.55,0.13068181818181818,0.5442655935613682,0.8131313131313131,0.5492957746478874,0.129979035639413,7,4,1,1,4,0.5091679292449954,0.5060851926977687,0.7941767068273092,6.0,3.0,246.0,False,False,full,175.0,2026-04-30,2026-04-30,0.6839386111533202,0.7168141592920354,2373.0,0.43823127184318494,0.41466498103666244,0.11727328000065684,0.1097520041080815,-0.19969304610437266,-0.14115340489962624,0.4854798178527018,0.35984618979187577,0.5067618902902294,0.33122629582806573,2026-09-25
WDAY,"Workday, Inc.",Information Technology,Application Software,Information Technology,7374.0,1327811,WDAY,46662860398.33069,,189.4499969482422,0.5342944487312348,3.0,False,0.015738222866872674,0.1936532507739938,0.1942990477391688,-0.11540644510310903,0.18849719366841142,-0.11714269806803634,-0.08835961211044485,0.02680932950361425,0.06094782822404391,0.023438415361238307,0.138439862984291,-0.17978648090153948,1.1047412463940727,0.0056179775280898875,0.41954022988505746,0.6758241758241759,0.8956043956043956,0.625,0.9833333333333333,0.9606741573033708,0.489010989010989,0.8166666666666667,0.2905405405405405,0.5769230769230769,0.16111111111111112,0.4602272727272727,0.8480885311871227,0.5666666666666667,0.1619718309859155,0.4591194968553459,7,4,1,1,4,0.5089616314237627,0.5040567951318459,0.5672690763052208,6.0,3.0,247.0,False,False,full,56.0,2026-08-27,2026-08-27,0.6839386111533202,0.6450790413054563,1961.0,0.43823127184318494,0.4625191228964814,0.11727328000065684,0.1285655617468584,-0.19969304610437266,-0.2804880541407353,0.4854798178527018,0.7061823407823977,0.5067618902902294,0.7134115247322794,2026-09-25
NKE,"Nike, Inc.",Consumer Discretionary,"Apparel, Accessories & Luxury Goods",Materials,3021.0,320187,NKE,52967200000.0,,35.75,0.3694951262526832,3.0,False,0.5183806300442593,0.20908173562058527,0.0746680551939599,0.006248372819578235,0.20676907055454308,0.050056043084830026,0.000675401864109082,0.05867782325665695,0.041233064991164345,,0.2806453805373892,-0.42744349574668306,1.833351851247697,0.94,0.7115384615384616,0.28846153846153844,0.057692307692307696,0.7,0.4423076923076923,0.3269230769230769,0.7115384615384616,0.58,,0.4423076923076923,0.019230769230769232,0.9038461538461539,0.48993963782696176,0.6171717171717171,0.02112676056338028,0.9067085953878407,7,3,1,1,4,0.5087366777374749,0.5020283975659229,0.19779116465863453,6.0,3.0,248.0,False,False,full,117.0,2026-07-15,2026-07-15,0.6839386111533202,0.6450790413054563,1961.0,0.43823127184318494,0.4625191228964814,0.11727328000065684,0.1285655617468584,-0.19969304610437266,-0.2804880541407353,0.4854798178527018,0.7061823407823977,0.5067618902902294,0.7134115247322794,2026-09-25
RJF,Raymond James Financial,Financials,Investment Banking & Brokerage,Financials,6211.0,720005,RJF,30752865798.303833,,159.8699951171875,0.25483258723400404,1.0,True,,0.18158910150405544,0.01739231936500525,,,0.1110888404173791,-0.03521980622956378,0.07498488157572576,0.0468899389558528,,0.41293712538167454,0.046368355781491344,2.519190242760325,,0.6838235294117647,0.33088235294117646,,,0.27205882352941174,0.6136363636363636,0.5447761194029851,0.31,,0.3805970149253731,0.34558823529411764,0.9,0.4215291750503018,0.3686868686868687,0.34507042253521125,0.8983228511530398,4,3,1,1,4,0.5084023293563554,0.5,0.20381526104417672,5.0,3.0,249.0,False,False,full,87.0,2026-08-05,2026-08-05,0.6984841662914603,0.7493847415914684,2438.0,0.46090349692330784,0.44052502050861364,0.12613725208952475,0.12269151880453566,-0.20190508970513965,-0.1209380565389314,0.48139042273405114,0.3766984580388913,0.5111811496322978,0.3314191960623462,2026-09-25
KEYS,Keysight Technologies,Information Technology,Electronic Equipment & Instruments,Information Technology,3823.0,1601046,KEYS,61654133362.65854,,362.1499938964844,0.4362528958650935,3.0,False,0.35718479993289154,0.19175163597625933,0.13455247043033303,-0.028856639543662445,0.2111400050331348,0.11923763026945822,-0.009377046277787682,0.020436586020737613,0.023826464178145677,0.021651514025542152,0.10657841804941814,0.8448434460612879,1.0823375224202076,0.6685393258426966,0.40804597701149425,0.45604395604395603,0.35714285714285715,0.5460526315789473,0.55,0.5,0.3131868131868132,0.38333333333333336,0.22297297297297297,0.47802197802197804,0.7833333333333333,0.44886363636363635,0.506036217303823,0.29393939393939394,0.7826961770623743,0.45073375262054505,7,4,1,1,4,0.508351385231534,0.49797160243407707,0.5773092369477911,5.0,3.0,250.0,False,False,full,56.0,2026-09-02,2026-09-02,0.6984841662914603,0.6519865964576352,2089.0,0.46090349692330784,0.48827190043082813,0.12613725208952475,0.13406680289170825,-0.20190508970513965,-0.2918801516578307,0.48139042273405114,0.6393033746898353,0.5111811496322978,0.7108664432742939,2026-09-25
ON,ON Semiconductor,Information Technology,Semiconductors,Information Technology,3674.0,1097864,ON,30054863673.114914,,77.19999694824219,0.6426076311561751,3.0,False,0.1733468791480968,0.0873010375829443,0.12398869863775575,-0.07725563770383609,0.3340650050796805,0.027342262040803922,-0.048077069409342754,0.02096832003146749,0.04992203645701971,0.021817698232922192,0.24018408729158103,0.5025348666492191,0.1711004529879627,0.25280898876404495,0.1896551724137931,0.3791208791208791,0.7637362637362637,0.24342105263157895,0.7722222222222223,0.8707865168539326,0.3241758241758242,0.75,0.25,0.8186813186813187,0.7166666666666667,0.26704545454545453,0.4939637826961771,0.5505050505050505,0.7203219315895373,0.2641509433962264,7,4,1,1,4,0.5072354270467478,0.49594320486815413,0.6977911646586346,5.0,3.0,251.0,False,False,full,84.0,2026-08-03,2026-08-03,0.6984841662914603,0.6519865964576352,2089.0,0.46090349692330784,0.48827190043082813,0.12613725208952475,0.13406680289170825,-0.20190508970513965,-0.2918801516578307,0.48139042273405114,0.6393033746898353,0.5111811496322978,0.7108664432742939,2026-09-25
ITW,Illinois Tool Works,Industrials,Industrial Machinery & Supplies & Components,Industrials,3560.0,49826,ITW,78126338085.9375,,274.32000732421875,0.21371812935410314,1.0,False,0.5291621195586274,1.1032815198618307,0.2018915969443434,-0.008245422577907119,0.5243724990905784,0.027791625124626185,-0.022984562607204162,0.040882499784984934,0.03738815963429586,0.05078177750180536,0.03705536533423024,0.07604931761329792,0.380169461028172,0.9276315789473685,0.9709302325581395,0.8776595744680851,0.15760869565217392,0.1206896551724138,0.6720430107526881,0.6648351648351648,0.553763440860215,0.3791208791208791,0.5178571428571429,0.13297872340425532,0.46774193548387094,0.39204545454545453,0.8158953722334004,0.3464646464646465,0.4688128772635815,0.389937106918239,7,4,1,1,4,0.5052775007199668,0.49391480730223125,0.6255020080321285,5.0,3.0,252.0,False,False,full,87.0,2026-08-06,2026-08-06,0.6984841662914603,0.7493847415914684,2438.0,0.46090349692330784,0.44052502050861364,0.12613725208952475,0.12269151880453566,-0.20190508970513965,-0.1209380565389314,0.48139042273405114,0.3766984580388913,0.5111811496322978,0.3314191960623462,2026-09-25
CIEN,Ciena,Information Technology,Communications Equipment,Information Technology,3661.0,936395,CIEN,50612881177.06833,,356.9100036621094,0.728440339901611,3.0,False,0.33180422245674757,0.2140876974081521,0.13188087390149603,-0.05005139273049202,0.40386971004996725,0.3911199910659273,0.0053355936002339455,0.012929712452262052,0.01609001465755265,0.014429090158808097,0.060394467355178866,1.6278574353313613,2.5623007131800923,0.6123595505617978,0.4540229885057471,0.4230769230769231,0.6318681318681318,0.13815789473684212,0.18333333333333332,0.3202247191011236,0.1813186813186813,0.2388888888888889,0.1554054054054054,0.3021978021978022,0.9055555555555556,0.7556818181818182,0.2323943661971831,0.12424242424242424,0.9064386317907445,0.7547169811320755,7,4,1,1,4,0.5044481008406068,0.4918864097363083,0.28815261044176704,5.0,3.0,253.0,False,False,full,55.0,2026-09-03,2026-09-03,0.6984841662914603,0.6519865964576352,2089.0,0.46090349692330784,0.48827190043082813,0.12613725208952475,0.13406680289170825,-0.20190508970513965,-0.2918801516578307,0.48139042273405114,0.6393033746898353,0.5111811496322978,0.7108664432742939,2026-09-25
XYL,Xylem Inc.,Industrials,Industrial Machinery & Supplies & Components,Industrials,3561.0,1524472,XYL,23962750874.269318,,102.62999725341797,0.2537760570620526,1.0,False,0.20649290739245763,0.09768736205738413,0.07502018221658402,-0.01631876369507554,0.16993426363741207,0.008783665871677115,-0.040766150606133644,0.04248260165710383,0.04006217837998004,0.05153362090781631,0.43488329260184583,-0.243027090624508,1.6110049229221193,0.34868421052631576,0.1569767441860465,0.19680851063829788,0.24456521739130435,0.8333333333333334,0.7903225806451613,0.8406593406593407,0.5752688172043011,0.47802197802197804,0.5297619047619048,0.8776595744680851,0.10215053763440861,0.7670454545454546,0.47183098591549294,0.6777777777777778,0.10160965794768612,0.7651991614255765,7,4,1,1,4,0.5041043957666334,0.4898580121703854,0.2761044176706827,5.0,3.0,254.0,False,False,full,87.0,2026-07-28,2026-07-28,0.6984841662914603,0.7493847415914684,2438.0,0.46090349692330784,0.44052502050861364,0.12613725208952475,0.12269151880453566,-0.20190508970513965,-0.1209380565389314,0.48139042273405114,0.3766984580388913,0.5111811496322978,0.3314191960623462,2026-09-25
YUM,Yum! Brands,Consumer Discretionary,Restaurants,Consumer Discretionary,5812.0,1041061,YUM,37832278746.07483,,138.6300048828125,0.24468335911938835,1.0,False,0.6845196959225984,,0.2399216770329417,0.015434231743837826,1.4138447362358904,0.2551684256180424,-0.016699152818165808,0.05860075241251541,0.04438009170077283,0.05467976368479559,-0.18785545665121653,0.023047450241564738,5.668381211911313,0.8333333333333334,,0.9117647058823529,0.06862745098039216,0.012195121951219513,0.049019607843137254,0.43,0.65,0.41836734693877553,0.3875,0.01,0.5196078431372549,0.96875,0.21026156941649898,0.31616161616161614,0.5181086519114688,0.9675052410901468,6,4,1,1,4,0.5030092696449326,0.48782961460446245,0.1636546184738956,5.0,3.0,255.0,False,False,full,87.0,2026-08-05,2026-08-05,0.6984841662914603,0.7493847415914684,2438.0,0.46090349692330784,0.44052502050861364,0.12613725208952475,0.12269151880453566,-0.20190508970513965,-0.1209380565389314,0.48139042273405114,0.3766984580388913,0.5111811496322978,0.3314191960623462,2026-09-25
WAB,Wabtec,Industrials,Construction Machinery & Heavy Transportation Equipment,Industrials,3743.0,943452,WAB,48646325088.0,,288.0,0.2583701327963811,1.0,False,0.1811656866136285,0.11316211878009631,0.08643203043929436,-0.031563472846765826,0.2841144932549291,0.1342258839684174,-0.011946698130096745,0.026086245933365167,0.03523390506681474,0.036005431922308234,0.23052101016292909,0.4329626618665481,1.9009206311290834,0.26973684210526316,0.19186046511627908,0.324468085106383,0.45108695652173914,0.5344827586206896,0.20967741935483872,0.46703296703296704,0.15591397849462366,0.3131868131868132,0.18452380952380953,0.601063829787234,0.8440860215053764,0.7897727272727273,0.14386317907444668,0.23535353535353534,0.8420523138832998,0.7882599580712788,7,4,1,1,4,0.5023822465956401,0.48580121703853957,0.25,5.0,3.0,256.0,False,False,full,87.0,2026-07-22,2026-07-22,0.6984841662914603,0.7493847415914684,2438.0,0.46090349692330784,0.44052502050861364,0.12613725208952475,0.12269151880453566,-0.20190508970513965,-0.1209380565389314,0.48139042273405114,0.3766984580388913,0.5111811496322978,0.3314191960623462,2026-09-25
KLAC,KLA Corporation,Information Technology,Semiconductor Materials & Equipment,Information Technology,3827.0,319201,KLAC,245526269069.0014,,187.9199981689453,0.608596593060108,3.0,False,0.46371611118492095,0.7607729037988479,0.23079246426559066,0.038308256090635144,0.3279616478479417,0.11722788616278179,-0.00990207740340976,0.019675169660328222,0.015343099596977562,0.0025298577839198847,0.025862079948013546,0.6354206535970024,1.334976055946668,0.8146067415730337,0.8793103448275862,0.7857142857142857,0.07142857142857142,0.26973684210526316,0.5722222222222222,0.5112359550561798,0.29120879120879123,0.21666666666666667,0.060810810810810814,0.12637362637362637,0.7388888888888889,0.5397727272727273,0.6629778672032193,0.06565656565656566,0.7394366197183099,0.5408805031446541,7,4,1,1,4,0.5022378889306872,0.48377281947261663,0.4708835341365462,5.0,3.0,257.0,False,False,full,87.0,2026-08-06,2026-08-06,0.6984841662914603,0.6519865964576352,2089.0,0.46090349692330784,0.48827190043082813,0.12613725208952475,0.13406680289170825,-0.20190508970513965,-0.2918801516578307,0.48139042273405114,0.6393033746898353,0.5111811496322978,0.7108664432742939,2026-09-25
AIG,American International Group,Financials,Multi-line Insurance,Financials,6331.0,5272,AIG,38782985387.28401,,74.16999816894531,0.24027456380099455,1.0,True,,0.0730187656996503,0.02355258650222679,,,-0.015105048472323523,-0.05615607364461461,0.07645105116049551,0.09308205554448189,,1.0470055256064354,-0.010362296683635086,-0.04589216219150115,,0.13970588235294118,0.4338235294117647,,,0.9338235294117647,0.8712121212121212,0.5597014925373134,0.71,,0.9626865671641791,0.22794117647058823,0.17692307692307693,0.7394366197183099,0.8575757575757575,0.2323943661971831,0.17714884696016772,4,3,1,1,4,0.5016388976128545,0.4817444219066937,0.7580321285140562,5.0,3.0,258.0,False,False,full,87.0,2026-08-07,2026-08-07,0.6984841662914603,0.7493847415914684,2438.0,0.46090349692330784,0.44052502050861364,0.12613725208952475,0.12269151880453566,-0.20190508970513965,-0.1209380565389314,0.48139042273405114,0.3766984580388913,0.5111811496322978,0.3314191960623462,2026-09-25
PEG,Public Service Enterprise Group,Utilities,Electric Utilities,Utilities,4931.0,788784,PEG,33404108737.437057,,67.0199966430664,0.18611460317151524,1.0,False,0.10788431129172121,0.11610594956431415,0.06107493241290191,-0.02686480880077534,0.41727169163280226,0.0497822361844924,-0.0013218809112420793,0.06023211143918613,0.008262456638775036,0.050248377333129576,0.5187685184541037,-0.0994631913513836,-1.2588044894378285,0.5,0.8225806451612904,0.6290322580645161,0.3064516129032258,0.7833333333333333,0.9193548387096774,0.9516129032258065,0.8225806451612904,0.8103448275862069,0.65,0.5645161290322581,0.14516129032258066,0.14516129032258066,0.9024144869215291,0.8111111111111111,0.1448692152917505,0.14570230607966456,7,4,1,1,4,0.5010242798510138,0.47971602434077076,0.7761044176706827,5.0,3.0,259.0,False,False,full,87.0,2026-08-04,2026-08-04,0.6984841662914603,0.7493847415914684,2438.0,0.46090349692330784,0.44052502050861364,0.12613725208952475,0.12269151880453566,-0.20190508970513965,-0.1209380565389314,0.48139042273405114,0.3766984580388913,0.5111811496322978,0.3314191960623462,2026-09-25
STE,Steris,Health Care,Health Care Equipment,Health Care,3842.0,1757898,STE,20370697268.187866,,208.92999267578125,0.2535662310303121,1.0,False,0.24987658460707332,0.11171548697739603,0.12001564814038618,-0.04502566108735947,0.17637689663844414,0.031821239788563105,-0.0100567560727568,0.039522456664126744,0.045437816281599444,0.05241025356601628,0.35377777722191306,-0.054616649311738485,0.8239662802327669,0.36046511627906974,0.36904761904761907,0.5638297872340425,0.6063829787234043,0.7261904761904762,0.5212765957446809,0.35106382978723405,0.5212765957446809,0.40217391304347827,0.6785714285714286,0.7340425531914894,0.20212765957446807,0.6630434782608695,0.5120724346076458,0.6272727272727273,0.20020120724346077,0.6614255765199162,7,4,1,1,4,0.5002429864109375,0.4776876267748479,0.35240963855421686,5.0,3.0,260.0,False,False,full,87.0,2026-08-07,2026-08-07,0.6984841662914603,0.7493847415914684,2438.0,0.46090349692330784,0.44052502050861364,0.12613725208952475,0.12269151880453566,-0.20190508970513965,-0.1209380565389314,0.48139042273405114,0.3766984580388913,0.5111811496322978,0.3314191960623462,2026-09-25
EXE,Expand Energy,Energy,Oil & Gas Exploration & Production,Energy,1311.0,895126,EXE,20103788188.967804,,86.83999633789062,0.31222999786077993,2.0,False,0.10420977524081342,0.14327666151468316,0.20174812700677844,-0.10253300035676062,0.13146628612201214,0.009435321233074001,-0.02789001311907091,0.13833213789658344,0.13325846725096982,0.1583513595332056,0.9654896787388295,-0.05522799385818755,-0.3899799768343931,0.15625,0.425,0.825,0.825,0.868421052631579,0.825,0.675,0.975,0.9117647058823529,0.9411764705882353,0.975,0.025,0.125,0.8601609657947686,0.9888888888888889,0.025150905432595575,0.12578616352201258,7,4,1,1,4,0.4999967309095664,0.47565922920892495,0.7781124497991968,5.0,3.0,261.0,False,False,full,87.0,2026-07-28,2026-07-28,0.6984841662914603,0.6865042174320525,2134.0,0.46090349692330784,0.457825679475164,0.12613725208952475,0.1263122925935426,-0.20190508970513965,-0.19027224282903188,0.48139042273405114,0.4830107776661244,0.5111811496322978,0.520618556701031,2026-09-25
LYB,LyondellBasell,Materials,Specialty Chemicals,Materials,2860.0,1489393,LYB,18781426332.11328,,58.13999938964844,0.4339064388101411,3.0,False,0.1154225392958645,-0.032424327616905634,0.08621889681572995,-0.09625311756858651,0.37439823676120876,-0.024609640190088267,0.004320005554884876,-0.018422455988254444,0.08401917788862864,0.03485666700993563,0.5681677105510496,0.4107049418364275,0.7132199171608592,0.3,0.1346153846153846,0.3269230769230769,0.8653846153846154,0.02,0.7884615384615384,0.1346153846153846,0.1346153846153846,0.86,0.3541666666666667,0.7115384615384616,0.6730769230769231,0.6346153846153846,0.176056338028169,0.5141414141414141,0.6750503018108652,0.6341719077568134,7,4,1,1,4,0.49985499043431547,0.473630831643002,0.3785140562248996,5.0,3.0,262.0,False,False,full,87.0,2026-07-31,2026-07-31,0.6984841662914603,0.6519865964576352,2089.0,0.46090349692330784,0.48827190043082813,0.12613725208952475,0.13406680289170825,-0.20190508970513965,-0.2918801516578307,0.48139042273405114,0.6393033746898353,0.5111811496322978,0.7108664432742939,2026-09-25
LH,Labcorp,Health Care,Health Care Services,Health Care,8071.0,920148,LH,25111805187.98828,,309.6400146484375,0.24149751238986014,1.0,False,0.2236149857276215,0.1164544313798392,0.0884078069100975,-0.03432385618622621,0.316123740712162,0.026157398435207257,-0.024067388688327362,0.039913498551646526,0.04600226830974964,0.04854598012047372,0.34273919917620604,0.17057339137481176,0.662256858479114,0.26744186046511625,0.39285714285714285,0.35106382978723405,0.39361702127659576,0.36904761904761907,0.6063829787234043,0.6914893617021277,0.5851063829787234,0.44565217391304346,0.5595238095238095,0.6914893617021277,0.4574468085106383,0.6195652173913043,0.3209255533199195,0.603030303030303,0.4557344064386318,0.6194968553459119,7,4,1,1,4,0.49979677953369156,0.4716024340770791,0.3965863453815261,5.0,3.0,263.0,False,False,full,87.0,2026-08-05,2026-08-05,0.6984841662914603,0.7493847415914684,2438.0,0.46090349692330784,0.44052502050861364,0.12613725208952475,0.12269151880453566,-0.20190508970513965,-0.1209380565389314,0.48139042273405114,0.3766984580388913,0.5111811496322978,0.3314191960623462,2026-09-25
LHX,L3Harris,Industrials,Aerospace & Defense,Industrials,3812.0,202058,LHX,44261352531.66553,,237.69000244140625,0.28793516829200116,2.0,False,0.23342959616190787,0.09425611105522583,0.0766686850808142,-0.033024360706134424,0.21388979458754484,0.041173617846750776,-0.0047044707250492035,0.04233942012186139,0.06344135096167917,0.07774771957990381,0.44919549138892645,-0.11798271900401647,0.9211388221633554,0.4407894736842105,0.13372093023255813,0.2074468085106383,0.4945652173913043,0.7528735632183908,0.5752688172043011,0.29120879120879123,0.5645161290322581,0.7747252747252747,0.8630952380952381,0.898936170212766,0.22043010752688172,0.6193181818181818,0.28269617706237427,0.8797979797979798,0.22032193158953722,0.6163522012578616,7,4,1,1,4,0.49979207242693824,0.4695740365111562,0.3985943775100402,5.0,3.0,264.0,False,False,full,84.0,2026-07-30,2026-07-30,0.6984841662914603,0.6865042174320525,2134.0,0.46090349692330784,0.457825679475164,0.12613725208952475,0.1263122925935426,-0.20190508970513965,-0.19027224282903188,0.48139042273405114,0.4830107776661244,0.5111811496322978,0.520618556701031,2026-09-25
HPQ,HP Inc.,Information Technology,"Technology Hardware, Storage & Peripherals",Information Technology,3570.0,47217,HPQ,28226056641.68809,,31.299999237060547,0.4519474202282178,3.0,False,0.2572810222971051,,0.10214218507253671,-0.048510973501673924,0.20043325091354675,0.14671049330054697,-0.035210031909950756,0.08683465887969731,0.1374970669572033,0.09699835944995569,-0.0032593996805108743,0.14749372721412923,-0.8431914295305999,0.4101123595505618,,0.2802197802197802,0.5989010989010989,0.5986842105263158,0.45,0.8033707865168539,0.9725274725274725,0.9722222222222222,0.9256756756756757,0.038461538461538464,0.5055555555555555,0.07386363636363637,0.5845070422535211,0.8333333333333334,0.506036217303823,0.07337526205450734,6,4,1,1,4,0.4993129637362962,0.46754563894523327,0.7981927710843374,5.0,3.0,265.0,False,False,full,56.0,2026-08-27,2026-08-27,0.6984841662914603,0.6519865964576352,2089.0,0.46090349692330784,0.48827190043082813,0.12613725208952475,0.13406680289170825,-0.20190508970513965,-0.2918801516578307,0.48139042273405114,0.6393033746898353,0.5111811496322978,0.7108664432742939,2026-09-25
DOV,Dover Corporation,Industrials,Industrial Machinery & Supplies & Components,Industrials,3530.0,29905,DOV,25842442230.618286,,191.8800048828125,0.26044175375969697,1.0,False,0.24339823469996383,0.14729353723076988,0.101894040520465,-0.019030589264839987,0.28784269212636926,0.04049240180517333,-0.017896509201812294,0.0439103235628226,0.04553087473311337,0.05066855539130517,0.29811439380416793,0.17615691409740974,0.061498416845337134,0.4934210526315789,0.29651162790697677,0.44148936170212766,0.27717391304347827,0.5114942528735632,0.5967741935483871,0.5439560439560439,0.6290322580645161,0.5769230769230769,0.5059523809523809,0.7606382978723404,0.6397849462365591,0.3125,0.35714285714285715,0.6797979797979798,0.6448692152917505,0.3113207547169811,7,4,1,1,4,0.4982827017373922,0.46551724137931033,0.6556224899598394,5.0,3.0,266.0,False,False,full,87.0,2026-07-23,2026-07-23,0.6984841662914603,0.7493847415914684,2438.0,0.46090349692330784,0.44052502050861364,0.12613725208952475,0.12269151880453566,-0.20190508970513965,-0.1209380565389314,0.48139042273405114,0.3766984580388913,0.5111811496322978,0.3314191960623462,2026-09-25
MSCI,MSCI,Financials,Financial Exchanges & Data,Industrials,7389.0,1408198,MSCI,40083870935.05859,,551.3599853515625,0.30090007410002484,2.0,False,0.3007336010709505,,0.290610620258813,-0.04820901383311022,1.1388487282463187,0.042582396110223186,-0.06030143901198004,0.03388033561429825,0.03986458799323205,0.0402471413744891,-0.0670968131884608,0.020129112367476498,0.9268283616116009,0.6513157894736842,,0.9521276595744681,0.6467391304347826,0.028735632183908046,0.553763440860215,0.9065934065934066,0.3602150537634409,0.44505494505494503,0.25595238095238093,0.05851063829787234,0.3817204301075269,0.6306818181818182,0.8118712273641852,0.1686868686868687,0.3812877263581489,0.6310272536687631,6,4,1,1,4,0.49821826901949146,0.4634888438133874,0.37248995983935745,5.0,3.0,267.0,False,False,full,87.0,2026-07-21,2026-07-21,0.6984841662914603,0.6865042174320525,2134.0,0.46090349692330784,0.457825679475164,0.12613725208952475,0.1263122925935426,-0.20190508970513965,-0.19027224282903188,0.48139042273405114,0.4830107776661244,0.5111811496322978,0.520618556701031,2026-09-25
PGR,Progressive Corporation,Financials,Property & Casualty Insurance,Financials,6331.0,80661,PGR,119471898735.0,,205.5,0.2679821794172006,1.0,True,,0.3406343750910203,0.13079047428457075,,,0.08178905438171102,-0.008250847790949867,0.09788912810317528,0.13351256796697297,,0.2873730171155466,-0.05953100560184832,0.2850680354325007,,0.9338235294117647,0.9632352941176471,,,0.4338235294117647,0.2803030303030303,0.8731343283582089,0.81,,0.1865671641791045,0.15441176470588236,0.3,0.8501006036217303,0.6878787878787879,0.15392354124748492,0.3008385744234801,4,3,1,1,4,0.4981853767928708,0.4614604462474645,0.6596385542168675,5.0,3.0,268.0,False,False,full,87.0,2026-08-03,2026-08-03,0.6984841662914603,0.7493847415914684,2438.0,0.46090349692330784,0.44052502050861364,0.12613725208952475,0.12269151880453566,-0.20190508970513965,-0.1209380565389314,0.48139042273405114,0.3766984580388913,0.5111811496322978,0.3314191960623462,2026-09-25
FERG,Ferguson Enterprises,Industrials,Trading Companies & Distributors,Industrials,5070.0,2011641,FERG,43089659247.24751,,222.74000549316406,0.2968694749808824,2.0,False,0.4887841268196653,0.29930656345750684,0.0988447391597161,-0.0026938817800341917,0.254053774024763,,,0.043072979281416755,0.0372015009634219,0.05479779364760216,0.1439092373513283,0.015091894752949697,,0.8881578947368421,0.6569767441860465,0.42021276595744683,0.10326086956521739,0.603448275862069,,,0.5967741935483871,0.36813186813186816,0.6488095238095238,0.4308510638297872,0.3709677419354839,,0.6146881287726358,0.5060606060606061,0.3682092555331992,,5,4,1,0,3,0.4963193301221471,0.4594320486815416,0.4929718875502008,5.0,3.0,269.0,False,False,composite_from_3_of_4_families,87.0,2026-08-10,2026-08-10,0.6984841662914603,0.6865042174320525,2134.0,0.46090349692330784,0.457825679475164,0.12613725208952475,0.1263122925935426,-0.20190508970513965,-0.19027224282903188,0.48139042273405114,0.4830107776661244,0.5111811496322978,0.520618556701031,2026-09-25
IR,Ingersoll Rand,Industrials,Industrial Machinery & Supplies & Components,Industrials,3560.0,1699150,IR,29518997268.768173,,76.08000183105469,0.3263428144159614,2.0,False,0.1869232333558681,0.09423914004696728,0.07415590768435922,-0.021441016593291232,0.26209045789569146,0.007475455587487856,-0.023784189666028355,0.0324909410461158,0.04130560360497236,0.043356287927042145,0.3447711962346307,-0.06649143484854692,3.4492960936276016,0.29605263157894735,0.12209302325581395,0.18617021276595744,0.33152173913043476,0.5919540229885057,0.8118279569892473,0.6868131868131868,0.3387096774193548,0.510989010989011,0.3630952380952381,0.7925531914893617,0.27419354838709675,0.9147727272727273,0.306841046277666,0.4898989898989899,0.27364185110663986,0.9140461215932913,7,4,1,1,4,0.4961070022191468,0.45740365111561865,0.1716867469879518,5.0,3.0,270.0,False,False,full,87.0,2026-07-31,2026-07-31,0.6984841662914603,0.6865042174320525,2134.0,0.46090349692330784,0.457825679475164,0.12613725208952475,0.1263122925935426,-0.20190508970513965,-0.19027224282903188,0.48139042273405114,0.4830107776661244,0.5111811496322978,0.520618556701031,2026-09-25
NDAQ,"Nasdaq, Inc.",Financials,Financial Exchanges & Data,Financials,6200.0,1120193,NDAQ,52292334856.46356,,93.55000305175781,0.279027780160731,2.0,True,,0.16408074741408074,0.08214769028199408,,,-0.10012177862620542,-0.0258243166122315,0.03761545559973921,0.03730948341387452,,0.22924966025911214,0.12577557608386636,0.5712015287450463,,0.5955882352941176,0.8602941176470589,,,0.9926470588235294,0.49242424242424243,0.1417910447761194,0.23,,0.12686567164179105,0.47794117647058826,0.5153846153846153,0.9285714285714286,0.06363636363636363,0.47585513078470826,0.5125786163522013,4,3,1,1,4,0.4951603848361754,0.4553752535496957,0.46887550200803213,5.0,3.0,271.0,False,False,full,87.0,2026-07-23,2026-07-23,0.6984841662914603,0.6865042174320525,2134.0,0.46090349692330784,0.457825679475164,0.12613725208952475,0.1263122925935426,-0.20190508970513965,-0.19027224282903188,0.48139042273405114,0.4830107776661244,0.5111811496322978,0.520618556701031,2026-09-25
CNP,CenterPoint Energy,Utilities,Multi-Utilities,Utilities,4911.0,1130310,CNP,24099603743.01834,,36.84000015258789,0.17331344947049743,1.0,False,0.1966678512448523,0.09354528779806097,0.04929238873675189,-0.026903861028074502,0.469845517068378,0.07532706919030696,0.002207781987754176,0.044440564725478894,-0.11087319229363175,0.04669292896741213,0.4750700518599513,0.04383064223390121,0.2716072381275553,0.9545454545454546,0.3387096774193548,0.14516129032258066,0.3387096774193548,0.15,0.6612903225806451,0.7903225806451613,0.20967741935483872,0.15517241379310345,0.55,0.3387096774193548,0.7258064516129032,0.5645161290322581,0.4537223340040241,0.23333333333333334,0.7263581488933601,0.5670859538784067,7,4,1,1,4,0.495124942527281,0.45334685598377283,0.4246987951807229,5.0,3.0,272.0,False,False,full,178.0,2026-04-23,2026-04-23,0.6984841662914603,0.7493847415914684,2438.0,0.46090349692330784,0.44052502050861364,0.12613725208952475,0.12269151880453566,-0.20190508970513965,-0.1209380565389314,0.48139042273405114,0.3766984580388913,0.5111811496322978,0.3314191960623462,2026-09-25
PCAR,Paccar,Industrials,Construction Machinery & Heavy Transportation Equipment,Consumer Discretionary,3711.0,75362,PCAR,58589681633.359314,,111.30999755859375,0.2722771903585613,2.0,False,0.1264208130495383,0.12323030514780059,0.09878786087344049,-0.041848472377279726,,-0.0026012137485599274,0.0024025001918097644,0.04274131434389258,0.06308790041104151,,0.346840935698644,0.29363467634936025,0.12815417066298693,0.08974358974358974,0.20238095238095238,0.24509803921568626,0.38235294117647056,,0.7941176470588235,0.15,0.39,0.6632653061224489,,0.81,0.8725490196078431,0.3229166666666667,0.1056338028169014,0.6838383838383838,0.8702213279678068,0.319706498951782,6,3,1,1,4,0.4948500033937185,0.4513184584178499,0.641566265060241,5.0,3.0,273.0,False,False,full,87.0,2026-07-29,2026-07-29,0.6984841662914603,0.6865042174320525,2134.0,0.46090349692330784,0.457825679475164,0.12613725208952475,0.1263122925935426,-0.20190508970513965,-0.19027224282903188,0.48139042273405114,0.4830107776661244,0.5111811496322978,0.520618556701031,2026-09-25
PEP,PepsiCo,Consumer Staples,Soft Drinks & Non-alcoholic Beverages,Consumer Staples,2080.0,77476,PEP,175566007770.04956,,128.6300048828125,0.21092529683396594,1.0,False,0.45333321448626873,0.3728844239297674,0.10773783526014137,-0.0342903493212347,0.474324577275847,0.06496748777825245,-0.003057275358738676,0.046933914512611544,0.04369866409475191,0.05272763771325685,0.12586718967229246,0.028788208009937755,,0.75,0.8653846153846154,0.55,0.45,0.22413793103448276,0.21666666666666667,0.5689655172413793,0.7413793103448276,0.3620689655172414,0.6111111111111112,0.3275862068965517,0.4166666666666667,,0.5643863179074446,0.502020202020202,0.4164989939637827,,7,4,1,0,3,0.4943018379638098,0.44929006085192696,0.49096385542168675,5.0,3.0,274.0,False,False,composite_from_3_of_4_families,104.0,2026-07-09,2026-07-09,0.6984841662914603,0.7493847415914684,2438.0,0.46090349692330784,0.44052502050861364,0.12613725208952475,0.12269151880453566,-0.20190508970513965,-0.1209380565389314,0.48139042273405114,0.3766984580388913,0.5111811496322978,0.3314191960623462,2026-09-25
EFX,Equifax,Industrials,Research & Consulting Services,Industrials,7320.0,33185,EFX,17400688018.26709,,148.11000061035156,0.3935470808146991,3.0,False,,0.15784667366786906,0.1345707656612529,-0.07686658098115474,0.338580179939575,0.005361682846810156,-0.05099044907089312,0.039734061048285814,0.06350323612721409,0.054041388216009456,0.25172567862843725,-0.2541920447408128,0.056646282168563565,,0.3430232558139535,0.6117021276595744,0.8858695652173914,0.3620689655172414,0.8225806451612904,0.8956043956043956,0.532258064516129,0.7857142857142857,0.625,0.675531914893617,0.08064516129032258,0.30113636363636365,0.852112676056338,0.7363636363636363,0.07847082494969819,0.3039832285115304,6,4,1,1,4,0.49273259147030074,0.44726166328600403,0.6475903614457831,5.0,3.0,275.0,False,False,full,87.0,2026-07-21,2026-07-21,0.6984841662914603,0.6519865964576352,2089.0,0.46090349692330784,0.48827190043082813,0.12613725208952475,0.13406680289170825,-0.20190508970513965,-0.2918801516578307,0.48139042273405114,0.6393033746898353,0.5111811496322978,0.7108664432742939,2026-09-25
LIN,Linde plc,Materials,Industrial Gases,Materials,2810.0,1707925,LIN,216609975544.7091,,469.8900146484375,0.1906167329166168,1.0,False,,0.18535861416033367,0.11872233981142967,-0.03672933479722464,0.3170720664636838,0.026383047933269843,-0.016910232057300134,0.03344259645375756,0.022967547951055198,0.03911982879001687,0.1804210535628519,0.041247668736585474,1.1987076301354513,,0.6346153846153846,0.6346153846153846,0.28846153846153844,0.26,0.5961538461538461,0.6730769230769231,0.5192307692307693,0.22,0.3958333333333333,0.17307692307692307,0.3269230769230769,0.8269230769230769,0.5482897384305835,0.26565656565656565,0.32494969818913483,0.8312368972746331,6,4,1,1,4,0.49253322488772927,0.44523326572008115,0.20582329317269077,5.0,3.0,276.0,False,False,full,87.0,2026-07-31,2026-07-31,0.6984841662914603,0.7493847415914684,2438.0,0.46090349692330784,0.44052502050861364,0.12613725208952475,0.12269151880453566,-0.20190508970513965,-0.1209380565389314,0.48139042273405114,0.3766984580388913,0.5111811496322978,0.3314191960623462,2026-09-25
CI,Cigna,Health Care,Health Care Services,Financials,6324.0,1739940,CI,71876057177.3335,,272.010009765625,0.337933978588148,2.0,True,,0.15053965274519004,0.06542442800575496,,,0.035812490520998885,-0.010068588701282133,0.08926477400075473,0.128373763981447,,0.592965191382819,-0.025921370906839214,0.2264653941224224,,0.5220588235294118,0.7279411764705882,,,0.6985294117647058,0.32575757575757575,0.7388059701492538,0.79,,0.6194029850746269,0.19852941176470587,0.2692307692307692,0.6891348088531187,0.8171717171717172,0.19617706237424548,0.2672955974842767,4,3,1,1,4,0.49244479647083955,0.4432048681541582,0.6696787148594378,5.0,3.0,277.0,False,False,full,87.0,2026-07-30,2026-07-30,0.6984841662914603,0.6865042174320525,2134.0,0.46090349692330784,0.457825679475164,0.12613725208952475,0.1263122925935426,-0.20190508970513965,-0.19027224282903188,0.48139042273405114,0.4830107776661244,0.5111811496322978,0.520618556701031,2026-09-25
TXT,Textron,Industrials,Aerospace & Defense,Industrials,3720.0,217346,TXT,13172477343.195099,,76.58999633789062,0.26771759495568614,1.0,True,,0.11633970697789918,0.06815925885077755,,,0.06195830405247138,-0.034894462591585684,0.07113316467263116,0.05762014086075459,,0.611426369555359,-0.04588288226079407,,,0.20348837209302326,0.15425531914893617,,,0.44623655913978494,0.8076923076923077,0.8978494623655914,0.7307692307692307,,0.9414893617021277,0.2849462365591398,,0.25251509054325955,0.9383838383838384,0.28470824949698187,,4,3,1,0,3,0.4918690594746933,0.4411764705882353,0.48493975903614456,5.0,3.0,278.0,False,False,composite_from_3_of_4_families,83.0,2026-07-28,2026-07-28,0.6984841662914603,0.7493847415914684,2438.0,0.46090349692330784,0.44052502050861364,0.12613725208952475,0.12269151880453566,-0.20190508970513965,-0.1209380565389314,0.48139042273405114,0.3766984580388913,0.5111811496322978,0.3314191960623462,2026-09-25
COHR,Coherent Corp.,Information Technology,Electronic Components,Information Technology,3827.0,820318,COHR,57933050704.59662,,295.8299865722656,0.8555460426591256,3.0,False,0.14585035988269196,0.07382935471607957,0.004345062462800245,0.039644255046434256,0.17607923823646224,0.22727721452228078,0.25690221898108656,0.013895315199344897,-0.01766513220956272,0.001624536624087027,0.1882085418839315,1.5791866266602717,3.8551067498865446,0.12921348314606743,0.14367816091954022,0.016483516483516484,0.06043956043956044,0.7171052631578947,0.3388888888888889,0.028089887640449437,0.21428571428571427,0.027777777777777776,0.0472972972972973,0.7087912087912088,0.8944444444444445,0.8920454545454546,0.025150905432595575,0.15252525252525254,0.8963782696177063,0.8930817610062893,7,4,1,1,4,0.4917840471454609,0.43914807302231235,0.1757028112449799,5.0,3.0,279.0,False,False,full,87.0,2026-08-14,2026-08-14,0.6984841662914603,0.6519865964576352,2089.0,0.46090349692330784,0.48827190043082813,0.12613725208952475,0.13406680289170825,-0.20190508970513965,-0.2918801516578307,0.48139042273405114,0.6393033746898353,0.5111811496322978,0.7108664432742939,2026-09-25
MMM,3M,Industrials,Industrial Conglomerates,Health Care,3841.0,66740,MMM,87440737376.20992,,169.5500030517578,0.26159490761967535,1.0,False,0.28410262283816284,1.0152439024390243,0.1402760279463979,-0.05446111556522735,0.3122208223571183,-0.08068124983547864,-0.03174303824310576,0.0342746423455413,0.04557372363929999,0.048474816339658146,0.03376000807608873,0.12773501541778343,0.08053922374920872,0.47674418604651164,0.9880952380952381,0.6702127659574468,0.7127659574468085,0.4166666666666667,0.8829787234042553,0.7553191489361702,0.43617021276595747,0.42391304347826086,0.5357142857142857,0.13829787234042554,0.35106382978723405,0.3804347826086957,0.8983903420523138,0.33434343434343433,0.35311871227364183,0.3805031446540881,7,4,1,1,4,0.49158890833086955,0.43711967545638947,0.5853413654618473,5.0,3.0,280.0,False,False,full,87.0,2026-07-21,2026-07-21,0.6984841662914603,0.7493847415914684,2438.0,0.46090349692330784,0.44052502050861364,0.12613725208952475,0.12269151880453566,-0.20190508970513965,-0.1209380565389314,0.48139042273405114,0.3766984580388913,0.5111811496322978,0.3314191960623462,2026-09-25
WEC,WEC Energy Group,Utilities,Electric Utilities,Utilities,4931.0,783325,WEC,33057418910.9366,,101.44999694824219,0.16071572078358495,1.0,False,0.12627771542964603,0.11607081589240376,0.06775683217568018,-0.03569072462009767,0.42774841517789436,0.08709244646496694,0.012374662474471831,0.05116854417936393,0.026538672071271637,0.04166357835974165,0.4408390152680287,-0.041794700147229635,-0.03598579355657714,0.7727272727272727,0.7903225806451613,0.8548387096774194,0.7580645161290323,0.7166666666666667,0.532258064516129,0.5967741935483871,0.46774193548387094,0.9137931034482759,0.21666666666666667,0.20967741935483872,0.27419354838709675,0.3387096774193548,0.9185110663983903,0.4292929292929293,0.27364185110663986,0.34067085953878407,7,4,1,1,4,0.4905291765841858,0.43509127789046653,0.6154618473895582,5.0,3.0,281.0,False,False,full,87.0,2026-08-04,2026-08-04,0.6984841662914603,0.7493847415914684,2438.0,0.46090349692330784,0.44052502050861364,0.12613725208952475,0.12269151880453566,-0.20190508970513965,-0.1209380565389314,0.48139042273405114,0.3766984580388913,0.5111811496322978,0.3314191960623462,2026-09-25
JCI,Johnson Controls,Industrials,Building Products,Industrials,3585.0,833444,JCI,91639361708.67494,,150.1999969482422,0.3026557258595241,2.0,False,0.2329092141627992,0.26120727918331116,0.0792094696772175,0.012853939615163998,0.24829222506127133,-0.0947199471286615,-0.07283929534518796,0.03853147745861855,0.029092302153689336,0.00960539621799711,0.14751303095032725,0.26466431970919335,0.3677961880086293,0.4276315789473684,0.6104651162790697,0.2393617021276596,0.059782608695652176,0.6379310344827587,0.9731182795698925,0.9615384615384616,0.510752688172043,0.2032967032967033,0.05357142857142857,0.44148936170212766,0.7043010752688172,0.3806818181818182,0.6690140845070423,0.20707070707070707,0.7012072434607646,0.3836477987421384,7,4,1,1,4,0.49023495844516307,0.4330628803245436,0.5692771084337349,5.0,3.0,282.0,False,False,full,178.0,2026-05-06,2026-05-06,0.6984841662914603,0.6865042174320525,2134.0,0.46090349692330784,0.457825679475164,0.12613725208952475,0.1263122925935426,-0.20190508970513965,-0.19027224282903188,0.48139042273405114,0.4830107776661244,0.5111811496322978,0.520618556701031,2026-09-25
PTC,PTC Inc.,Information Technology,Application Software,Information Technology,7372.0,857005,PTC,14986884239.504272,,138.1199951171875,0.36150768328981947,2.0,False,0.3832187751829755,0.35271027277812794,0.1466661098809456,0.04122051524070415,0.21466561307250992,0.04567692713483096,-0.09421644743906943,0.08165900132691493,0.062420179208039536,0.06966639039273051,0.23151863619884544,-0.23288344884401257,-0.1173721611587593,0.6797752808988764,0.7413793103448276,0.489010989010989,0.04945054945054945,0.5197368421052632,0.7166666666666667,0.9719101123595506,0.9505494505494505,0.8277777777777777,0.8851351351351351,0.8076923076923077,0.09444444444444444,0.16477272727272727,0.7414486921529175,0.9505050505050505,0.09356136820925554,0.16561844863731656,7,4,1,1,4,0.487783389876135,0.43103448275862066,0.7178714859437751,5.0,3.0,283.0,False,False,full,87.0,2026-07-31,2026-07-31,0.6984841662914603,0.6865042174320525,2134.0,0.46090349692330784,0.457825679475164,0.12613725208952475,0.1263122925935426,-0.20190508970513965,-0.19027224282903188,0.48139042273405114,0.4830107776661244,0.5111811496322978,0.520618556701031,2026-09-25
BALL,Ball Corporation,Materials,"Metal, Glass & Plastic Containers",Industrials,3411.0,9389,BALL,15043092262.996323,,56.83000183105469,0.2582462053583912,1.0,False,0.09900546991546494,0.1648103028193526,0.07090999502734957,-0.023818995524614618,0.3246146195922427,0.08071797076526233,-0.0273583253020373,0.06295248233832039,0.05497539904307387,0.05417433594466044,0.3819693384540538,0.2623379747792931,0.01766605264037094,0.07236842105263158,0.36627906976744184,0.16489361702127658,0.3641304347826087,0.40804597701149425,0.34946236559139787,0.7307692307692307,0.8118279569892473,0.7087912087912088,0.6369047619047619,0.8138297872340425,0.6935483870967742,0.2556818181818182,0.14788732394366197,0.8535353535353535,0.6921529175050302,0.2557651991614256,7,4,1,1,4,0.4873351985363678,0.4290060851926978,0.6636546184738956,5.0,3.0,284.0,False,False,full,87.0,2026-08-04,2026-08-04,0.6984841662914603,0.7493847415914684,2438.0,0.46090349692330784,0.44052502050861364,0.12613725208952475,0.12269151880453566,-0.20190508970513965,-0.1209380565389314,0.48139042273405114,0.3766984580388913,0.5111811496322978,0.3314191960623462,2026-09-25
SPG,Simon Property Group,Real Estate,Retail REITs,Real Estate,6798.0,1063761,SPG,66365373639.21887,,204.82000732421875,0.18976761558893993,1.0,False,,1.0412083575379487,0.10382820976847067,0.012445684591601365,0.7227433264568527,0.19262796329677423,-0.007563024213995906,0.06957168696284528,0.04848215000628859,0.03498126300490728,0.06681821794761153,0.17119060926941598,-0.07898441410948812,,0.9807692307692307,0.8448275862068966,0.018518518518518517,0.16666666666666666,0.05172413793103448,0.6724137931034483,0.9482758620689655,0.38235294117647056,0.4473684210526316,0.15517241379310345,0.7758620689655172,0.3275862068965517,0.369215291750503,0.4676767676767677,0.7756539235412475,0.330188679245283,6,4,1,1,4,0.4856836655534503,0.42697768762677485,0.6014056224899599,5.0,3.0,285.0,False,False,full,87.0,2026-08-10,2026-08-10,0.6984841662914603,0.7493847415914684,2438.0,0.46090349692330784,0.44052502050861364,0.12613725208952475,0.12269151880453566,-0.20190508970513965,-0.1209380565389314,0.48139042273405114,0.3766984580388913,0.5111811496322978,0.3314191960623462,2026-09-25
TYL,Tyler Technologies,Information Technology,Application Software,Information Technology,7372.0,860731,TYL,13332832146.123413,,325.57000732421875,0.42251257180915114,3.0,False,0.1972840812608281,0.1068789301834467,0.12569664523178162,-0.06985906780955474,,0.07147779433461343,-0.0533850987741844,0.024347115184704678,0.05357196371872696,,0.22780088781685368,-0.2885159027296772,1.2074051280962002,0.29775280898876405,0.23563218390804597,0.3901098901098901,0.7307692307692307,,0.65,0.8932584269662921,0.4230769230769231,0.7833333333333333,,0.7967032967032966,0.05,0.5170454545454546,0.6106639839034205,0.7606060606060606,0.05030181086519115,0.5157232704402516,6,3,1,1,4,0.4843237814537309,0.4249492900608519,0.4307228915662651,5.0,3.0,286.0,False,False,full,87.0,2026-07-29,2026-07-29,0.6984841662914603,0.6519865964576352,2089.0,0.46090349692330784,0.48827190043082813,0.12613725208952475,0.13406680289170825,-0.20190508970513965,-0.2918801516578307,0.48139042273405114,0.6393033746898353,0.5111811496322978,0.7108664432742939,2026-09-25
ECHO,EchoStar,Communication Services,Wireless Telecommunication Services,Communication Services,4899.0,1415404,ECHO,31684658634.613037,,90.11000061035156,0.5214570257201414,3.0,False,0.036991941083258054,-0.40076670610122234,-0.0021640111280550674,-0.14172526552553763,0.442143995604052,-0.34161957478088256,0.2230117737082833,-0.1790422319337474,-0.02288744872913972,-0.3396907387162428,0.44674926636377427,0.1320063089377217,1.5679216370888003,0.07142857142857142,0.041666666666666664,0.041666666666666664,0.9583333333333334,0.125,0.9545454545454546,0.20833333333333334,0.041666666666666664,0.041666666666666664,0.045454545454545456,0.4583333333333333,0.7916666666666666,0.9583333333333334,0.1358148893360161,0.047474747474747475,0.7937625754527163,0.9570230607966457,7,4,1,1,4,0.4835188182650314,0.422920892494929,0.13353413654618473,5.0,3.0,287.0,False,False,full,87.0,2026-08-03,2026-08-03,0.6984841662914603,0.6519865964576352,2089.0,0.46090349692330784,0.48827190043082813,0.12613725208952475,0.13406680289170825,-0.20190508970513965,-0.2918801516578307,0.48139042273405114,0.6393033746898353,0.5111811496322978,0.7108664432742939,2026-09-25
VLTO,Veralto,Industrials,Environmental & Facilities Services,Information Technology,3825.0,1967680,VLTO,23857512549.338104,,97.13999938964844,0.22956977511867582,1.0,False,0.4374754998039984,0.3224625623960067,0.14399581863321573,-0.017378805697112244,0.3478374493662616,0.1516930022573364,-0.009125677198155047,0.04061613707615481,0.043675969900261416,0.051537531268832135,0.1259561320060322,-0.07145958835882549,1.1531761805682945,0.7696629213483146,0.6609195402298851,0.47802197802197804,0.25824175824175827,0.23026315789473684,0.4388888888888889,0.4887640449438202,0.7087912087912088,0.6944444444444444,0.7905405405405406,0.521978021978022,0.25,0.48295454545454547,0.41951710261569414,0.7747474747474747,0.2505030181086519,0.48427672955974843,7,4,1,1,4,0.48226108125789224,0.4208924949290061,0.4508032128514056,5.0,3.0,288.0,False,False,full,175.0,2026-04-29,2026-04-29,0.6984841662914603,0.7493847415914684,2438.0,0.46090349692330784,0.44052502050861364,0.12613725208952475,0.12269151880453566,-0.20190508970513965,-0.1209380565389314,0.48139042273405114,0.3766984580388913,0.5111811496322978,0.3314191960623462,2026-09-25
ELV,Elevance Health,Health Care,Managed Health Care,Financials,6324.0,1156039,ELV,85899756281.90094,,396.0899963378906,0.35573543059185553,2.0,True,,0.11057638749637948,0.059032885683101596,,,0.03690400039364272,-0.036899709485333054,0.05777664820971911,0.07321324613961787,,0.522504392826279,0.23363085132605832,-0.6664465980778131,,0.2867647058823529,0.6544117647058824,,,0.6691176470588235,0.6590909090909091,0.3208955223880597,0.59,,0.5298507462686567,0.7426470588235294,0.038461538461538464,0.6830985915492958,0.4636363636363636,0.7434607645875252,0.03668763102725367,4,3,1,1,4,0.48172083770010954,0.41886409736308317,0.7881526104417671,5.0,3.0,289.0,False,False,full,87.0,2026-07-15,2026-07-15,0.6984841662914603,0.6865042174320525,2134.0,0.46090349692330784,0.457825679475164,0.12613725208952475,0.1263122925935426,-0.20190508970513965,-0.19027224282903188,0.48139042273405114,0.4830107776661244,0.5111811496322978,0.520618556701031,2026-09-25
TT,Trane Technologies,Industrials,Building Products,Information Technology,3822.0,1466258,TT,99987333093.04596,,454.44000244140625,0.28663733993223933,2.0,False,0.1638663189219915,0.34199631214556586,0.16203564382920385,-0.03877854682850169,0.16399588725047648,0.13982992306043207,-0.011200044847241353,0.029493735944089307,0.03546949288766115,,0.08623992393092157,0.05811639988128037,0.8438971768226234,0.17415730337078653,0.7183908045977011,0.5659340659340659,0.44505494505494503,0.743421052631579,0.4722222222222222,0.5449438202247191,0.554945054945055,0.6055555555555555,,0.4340659340659341,0.37222222222222223,0.42613636363636365,0.5824949698189135,0.5424242424242425,0.37122736418511065,0.42557651991614254,7,3,1,1,4,0.4804307740861023,0.41683569979716023,0.49698795180722893,5.0,3.0,290.0,False,False,full,87.0,2026-07-30,2026-07-30,0.6984841662914603,0.6865042174320525,2134.0,0.46090349692330784,0.457825679475164,0.12613725208952475,0.1263122925935426,-0.20190508970513965,-0.19027224282903188,0.48139042273405114,0.4830107776661244,0.5111811496322978,0.520618556701031,2026-09-25
WELL,Welltower,Real Estate,Health Care REITs,Real Estate,6798.0,766704,WELL,163327422849.6521,,231.3699951171875,0.2278793105691605,1.0,False,0.06970727823197416,0.03214071438398353,0.04392599787481675,-0.02298656976297548,0.26678696320214906,0.2613247808639887,0.07945982085905978,0.008618026143078876,,0.008346501120944719,0.26813424369227584,0.34567207399020217,2.6349770616834576,0.17857142857142858,0.17307692307692307,0.08620689655172414,0.24074074074074073,0.7857142857142857,0.017241379310344827,0.05172413793103448,0.08620689655172414,,0.02631578947368421,0.29310344827586204,0.9137931034482759,0.9482758620689655,0.02716297786720322,0.03333333333333333,0.9124748490945674,0.9486373165618449,7,3,1,1,4,0.48040211921423726,0.4148073022312373,0.12951807228915663,5.0,3.0,291.0,False,False,full,178.0,2026-04-29,2026-04-29,0.6984841662914603,0.7493847415914684,2438.0,0.46090349692330784,0.44052502050861364,0.12613725208952475,0.12269151880453566,-0.20190508970513965,-0.1209380565389314,0.48139042273405114,0.3766984580388913,0.5111811496322978,0.3314191960623462,2026-09-25
VST,Vistra Corp.,Utilities,Electric Utilities,Utilities,4911.0,1692819,VST,46472051353.11012,,138.4600067138672,0.48919214307434433,3.0,False,,0.4047792776358993,0.12020280261953384,-0.0681172687369434,0.45994413538952655,0.11684055995386156,-0.00940064327428014,0.047749129538941566,0.04852378869324616,0.05428750018539774,0.1179633745527164,-0.29592650781127117,-0.019918500878494314,,0.9838709677419355,0.9838709677419355,0.9838709677419355,0.31666666666666665,0.3387096774193548,0.9838709677419355,0.27419354838709675,0.9827586206896551,0.85,0.016129032258064516,0.04838709677419355,0.3709677419354839,0.9587525150905433,0.5404040404040404,0.04426559356136821,0.3721174004192872,6,4,1,1,4,0.47888488736880985,0.4127789046653144,0.5411646586345381,5.0,3.0,292.0,False,False,full,87.0,2026-08-10,2026-08-10,0.6984841662914603,0.6519865964576352,2089.0,0.46090349692330784,0.48827190043082813,0.12613725208952475,0.13406680289170825,-0.20190508970513965,-0.2918801516578307,0.48139042273405114,0.6393033746898353,0.5111811496322978,0.7108664432742939,2026-09-25
CMG,Chipotle Mexican Grill,Consumer Discretionary,Restaurants,Consumer Discretionary,5812.0,1058090,CMG,39645545843.45627,,31.329999923706055,0.4310207587906351,3.0,False,,0.6452458438097074,0.26256468858948273,-0.10244371281904342,,-0.04360966486039064,-0.05628148573516745,0.03580240780653248,0.03957531588025721,,0.05548646016089821,-0.029599384742553636,0.0,,0.8214285714285714,0.9313725490196079,0.9509803921568627,,0.8921568627450981,0.81,0.33,0.336734693877551,,0.27,0.4019607843137255,0.2916666666666667,0.9929577464788732,0.22727272727272727,0.3993963782696177,0.29245283018867924,5,3,1,1,4,0.4780199205524744,0.4107505070993915,0.607429718875502,5.0,3.0,293.0,False,False,full,87.0,2026-07-31,2026-07-31,0.6984841662914603,0.6519865964576352,2089.0,0.46090349692330784,0.48827190043082813,0.12613725208952475,0.13406680289170825,-0.20190508970513965,-0.2918801516578307,0.48139042273405114,0.6393033746898353,0.5111811496322978,0.7108664432742939,2026-09-25
VRSK,Verisk Analytics,Industrials,Research & Consulting Services,Information Technology,7374.0,1442145,VRSK,22170206426.063232,,169.2100067138672,0.36130151734405047,2.0,False,0.47212073764787754,,0.3004740779401531,-0.102535664578984,0.9171016005567154,-0.10224322055406965,-0.06335415145213419,0.0410550981126622,0.050847519339050865,0.05281695635813844,-0.052669784735394035,-0.2238680513520095,0.16723861293978357,0.8258426966292135,,0.8956043956043956,0.8626373626373627,0.006578947368421052,0.9722222222222222,0.9157303370786517,0.7197802197802198,0.7611111111111111,0.8040540540540541,0.016483516483516484,0.10555555555555556,0.2556818181818182,0.9406438631790744,0.6111111111111112,0.10362173038229376,0.2557651991614256,6,4,1,1,4,0.47778547595847626,0.40872210953346855,0.6395582329317269,5.0,3.0,294.0,False,False,full,178.0,2026-04-29,2026-04-29,0.6984841662914603,0.6865042174320525,2134.0,0.46090349692330784,0.457825679475164,0.12613725208952475,0.1263122925935426,-0.20190508970513965,-0.19027224282903188,0.48139042273405114,0.4830107776661244,0.5111811496322978,0.520618556701031,2026-09-25
CCI,Crown Castle,Real Estate,Telecom Tower REITs,Real Estate,6798.0,1051470,CCI,28862895423.69565,,67.83999633789062,0.3014932131013737,2.0,False,0.18859241353663073,,0.12197843064336185,-0.08190777240609892,0.7427947192264782,-0.3200151725881907,-0.022997268691681616,0.029865333583002956,0.08335962018643285,0.04527408069853978,-0.11329424688679776,-0.18215913555959473,-0.07114505419228831,0.8928571428571429,,0.9482758620689655,0.9814814814814815,0.11904761904761904,0.9827586206896551,0.8793103448275862,0.39655172413793105,0.8529411764705882,0.7631578947368421,0.05172413793103448,0.05172413793103448,0.3620689655172414,0.9768611670020121,0.5161616161616162,0.05533199195171026,0.36163522012578614,6,4,1,1,4,0.4774974988102812,0.4066937119675456,0.5431726907630522,5.0,3.0,295.0,False,False,full,87.0,2026-08-05,2026-08-05,0.6984841662914603,0.6865042174320525,2134.0,0.46090349692330784,0.457825679475164,0.12613725208952475,0.1263122925935426,-0.20190508970513965,-0.19027224282903188,0.48139042273405114,0.4830107776661244,0.5111811496322978,0.520618556701031,2026-09-25
NFLX,Netflix,Communication Services,Movies & Entertainment,Communication Services,7841.0,1065280,NFLX,296243474270.95105,,71.1449966430664,0.3636642804391912,3.0,False,0.4064758040063376,0.45269363425082976,0.2048031254374967,0.02872192187566215,0.24481091596896593,0.10076856606851603,-0.020079664347289028,0.046075755874763084,0.03764472796386435,0.047622205118962854,0.10178132049728206,-0.32397487566247796,0.5100702567694857,0.9285714285714286,0.9583333333333334,0.9583333333333334,0.041666666666666664,0.7083333333333334,0.13636363636363635,0.4583333333333333,0.4583333333333333,0.20833333333333334,0.3181818181818182,0.041666666666666664,0.20833333333333334,0.7916666666666666,0.7454728370221329,0.15656565656565657,0.2062374245472837,0.7935010482180294,7,4,1,1,4,0.47544424158827564,0.40466531440162273,0.1857429718875502,5.0,3.0,296.0,False,False,full,87.0,2026-07-17,2026-07-17,0.6984841662914603,0.6519865964576352,2089.0,0.46090349692330784,0.48827190043082813,0.12613725208952475,0.13406680289170825,-0.20190508970513965,-0.2918801516578307,0.48139042273405114,0.6393033746898353,0.5111811496322978,0.7108664432742939,2026-09-25
UAL,United Airlines Holdings,Industrials,Passenger Airlines,Industrials,4512.0,100517,UAL,36999303476.89426,,113.98999786376953,0.48047076181026077,3.0,False,,0.20943882134515182,0.10539322919746007,-0.06404237959536001,0.3129279050242997,0.09597864261368794,0.0026308111422526093,0.09451529275906088,0.068758051123549,0.10406544267164948,0.4512787655699284,0.11906733537585001,-0.5877480910550562,,0.4941860465116279,0.4627659574468085,0.8097826086956522,0.4425287356321839,0.2956989247311828,0.17032967032967034,0.9301075268817204,0.8626373626373627,0.9702380952380952,0.9095744680851063,0.532258064516129,0.05113636363636364,0.34305835010060365,0.9787878787878788,0.5311871227364185,0.04821802935010482,6,4,1,1,4,0.4753128452437515,0.4026369168356998,0.7740963855421686,5.0,3.0,297.0,False,False,full,87.0,2026-07-16,2026-07-16,0.6984841662914603,0.6519865964576352,2089.0,0.46090349692330784,0.48827190043082813,0.12613725208952475,0.13406680289170825,-0.20190508970513965,-0.2918801516578307,0.48139042273405114,0.6393033746898353,0.5111811496322978,0.7108664432742939,2026-09-25
SW,Smurfit Westrock,Materials,Paper & Plastic Packaging Products & Materials,Materials,2650.0,2005951,SW,24343108080.244156,,46.40999984741211,0.44314116045732543,3.0,False,0.12428928563527356,0.02755599911288534,0.0729408641401739,-0.06194553217849163,0.29275900975642133,-0.01191360993310886,0.004592509069532458,0.020416456204429553,0.041695579572426554,0.040028067800120845,0.7409078553382121,0.1344059109720639,0.35058237318347807,0.42,0.3269230769230769,0.25,0.6730769230769231,0.38,0.75,0.09615384615384616,0.40384615384615385,0.62,0.4791666666666667,0.7884615384615384,0.4807692307692308,0.5192307692307693,0.28470824949698187,0.6090909090909091,0.48390342052313884,0.5188679245283019,7,4,1,1,4,0.47414262590983297,0.40060851926977686,0.392570281124498,5.0,3.0,298.0,False,False,full,87.0,2026-07-31,2026-07-31,0.6984841662914603,0.6519865964576352,2089.0,0.46090349692330784,0.48827190043082813,0.12613725208952475,0.13406680289170825,-0.20190508970513965,-0.2918801516578307,0.48139042273405114,0.6393033746898353,0.5111811496322978,0.7108664432742939,2026-09-25
IRM,Iron Mountain,Real Estate,Other Specialized REITs,Real Estate,6798.0,1020569,IRM,33158138382.894806,,111.37999725341797,0.32518300807939327,2.0,False,,,0.07539757113521103,-0.05632917797783347,0.7902208937538129,0.08815342223185274,0.007972240225923244,0.012626010397977299,-0.01480553565254591,0.02819692977327636,-0.038630636774855384,0.1606031342800831,1.5518594679309432,,,0.5689655172413793,0.8703703703703703,0.07142857142857142,0.22413793103448276,0.29310344827586204,0.1206896551724138,0.08823529411764706,0.2894736842105263,0.08620689655172414,0.7413793103448276,0.8448275862068966,0.26458752515090544,0.045454545454545456,0.7414486921529175,0.8438155136268344,5,4,1,1,4,0.4738265690963007,0.39858012170385393,0.16566265060240964,4.0,2.0,299.0,False,False,full,87.0,2026-08-05,2026-08-05,0.6773119418798245,0.6660550458715596,2180.0,0.45179355229302254,0.4288990825688073,0.11599298016198878,0.10746450155642961,-0.1984054232796784,-0.19007434247225047,0.4869452812186192,0.4713074350638928,0.5147570758286666,0.5155963302752293,2026-09-25
GE,GE Aerospace,Industrials,Aerospace & Defense,Industrials,3600.0,40545,GE,339376318577.50256,,327.0899963378906,0.3305208817949769,2.0,False,0.11274985901372267,0.5086167800453515,0.07675919543831067,-0.0064853687574409425,0.1344225828686008,0.019288497157820883,-0.021573014243387423,0.02643672969759994,0.02473949872280975,0.06647881386244972,0.0519776986029495,0.1202814048203118,0.7612442447607815,0.125,0.877906976744186,0.21808510638297873,0.1358695652173913,0.9022988505747126,0.7473118279569892,0.6318681318681318,0.1774193548387097,0.15934065934065933,0.7559523809523809,0.19680851063829788,0.553763440860215,0.5170454545454546,0.5724346076458753,0.2515151515151515,0.5543259557344065,0.5157232704402516,7,4,1,1,4,0.4734997463339212,0.39655172413793105,0.39457831325301207,4.0,2.0,300.0,False,False,full,87.0,2026-07-16,2026-07-16,0.6773119418798245,0.6660550458715596,2180.0,0.45179355229302254,0.4288990825688073,0.11599298016198878,0.10746450155642961,-0.1984054232796784,-0.19007434247225047,0.4869452812186192,0.4713074350638928,0.5147570758286666,0.5155963302752293,2026-09-25
JBL,Jabil,Information Technology,Electronic Manufacturing Services,Information Technology,3672.0,898293,JBL,33190261546.548584,,316.739990234375,0.46308934212964553,3.0,False,0.1301062177253453,0.6515495086923658,0.07796297073764642,-0.041773374197069564,0.14181955581678493,0.28148706084898056,-0.02359090044928458,0.025971473553803266,0.039348891486388704,0.040871089249820206,0.039861089920744455,0.407247760121457,0.23340932530191164,0.09550561797752809,0.8448275862068966,0.11538461538461539,0.489010989010989,0.7828947368421053,0.29444444444444445,0.7471910112359551,0.47802197802197804,0.65,0.6148648648648649,0.1813186813186813,0.6722222222222223,0.3125,0.44567404426559354,0.46565656565656566,0.6710261569416499,0.3113207547169811,7,4,1,1,4,0.4734193803951976,0.3945233265720081,0.5753012048192772,4.0,2.0,301.0,False,False,full,117.0,2026-06-30,2026-06-30,0.6773119418798245,0.6347583643122676,2152.0,0.45179355229302254,0.46514869888475835,0.11599298016198878,0.1218086094060693,-0.1984054232796784,-0.27988848361466795,0.4869452812186192,0.6515362083504068,0.5147570758286666,0.7007434944237918,2026-09-25
REG,Regency Centers,Real Estate,Retail REITs,Real Estate,6798.0,910606,REG,13408178546.343765,,73.2300033569336,0.15714506006914575,1.0,False,,0.07927391269339829,0.06280542711737508,-0.020922725233863775,0.38354655553174327,0.038727013464096904,0.008634975703562642,0.04075288810567056,,0.06275387745398313,0.5140769103108033,0.05721732031342963,-0.10154454806331685,,0.5576923076923077,0.43103448275862066,0.2037037037037037,0.5952380952380952,0.43103448275862066,0.1896551724137931,0.7068965517241379,,0.9210526315789473,0.7413793103448276,0.5,0.25862068965517243,0.24849094567404426,0.8858585858585859,0.5,0.2589098532494759,6,3,1,1,4,0.47331484619552655,0.3924949290060852,0.6275100401606426,4.0,2.0,302.0,False,False,full,178.0,2026-05-04,2026-05-04,0.6773119418798245,0.7283516483516483,2275.0,0.45179355229302254,0.4610989010989011,0.11599298016198878,0.11661026436514899,-0.1984054232796784,-0.12756974651947742,0.4869452812186192,0.359421144452918,0.5147570758286666,0.33802197802197803,2026-09-25
OTIS,Otis Worldwide,Industrials,Industrial Machinery & Supplies & Components,Industrials,3600.0,1781335,OTIS,25101337143.028503,,65.94000244140625,0.21831332075331633,1.0,False,0.3387414844030118,,0.16771244173538902,-0.031821441376837574,0.7561850125493008,0.06298237255836114,-0.03008059904845617,0.06039518896390923,0.06820353793285792,0.06994794088556938,-0.22899178506896456,-0.20526416376527,0.49349864853828124,0.7039473684210527,,0.75,0.483695652173913,0.05172413793103448,0.43548387096774194,0.7637362637362637,0.7795698924731183,0.8296703296703297,0.7916666666666666,0.010638297872340425,0.1774193548387097,0.44886363636363635,0.6046277665995976,0.6555555555555556,0.17706237424547283,0.45073375262054505,6,4,1,1,4,0.4719948622552928,0.39046653144016225,0.4427710843373494,4.0,2.0,303.0,False,False,full,87.0,2026-07-23,2026-07-23,0.6773119418798245,0.7283516483516483,2275.0,0.45179355229302254,0.4610989010989011,0.11599298016198878,0.11661026436514899,-0.1984054232796784,-0.12756974651947742,0.4869452812186192,0.359421144452918,0.5147570758286666,0.33802197802197803,2026-09-25
RSG,Republic Services,Industrials,Environmental & Facilities Services,Industrials,4953.0,1060391,RSG,64947774502.775696,,212.10000610351562,0.19210701601099792,1.0,False,0.27113967974060693,0.1816559175531915,0.1291845615631844,-0.06701885719161524,0.4001535879860064,0.0527592298709465,-0.019226578589131016,0.033652946798147634,0.040848204889401066,0.04266898519500349,0.1852565402296546,-0.026207008341149418,0.8649534570884396,0.6118421052631579,0.4476744186046512,0.5585106382978723,0.842391304347826,0.25862068965517243,0.489247311827957,0.5769230769230769,0.34946236559139787,0.5,0.3273809523809524,0.5478723404255319,0.3172043010752688,0.5397727272727273,0.630784708249497,0.39494949494949494,0.31891348088531185,0.5408805031446541,7,4,1,1,4,0.4713820468072394,0.38843813387423937,0.35843373493975905,4.0,2.0,304.0,False,False,full,87.0,2026-08-07,2026-08-07,0.6773119418798245,0.7283516483516483,2275.0,0.45179355229302254,0.4610989010989011,0.11599298016198878,0.11661026436514899,-0.1984054232796784,-0.12756974651947742,0.4869452812186192,0.359421144452918,0.5147570758286666,0.33802197802197803,2026-09-25
L,Loews Corporation,Financials,Multi-line Insurance,Financials,6331.0,60086,L,21428113548.01361,,104.81999969482422,0.16171803875941568,1.0,True,,0.08825529688726132,0.029520337506305314,,,0.030235744318987123,-0.014456573860814559,0.07872834891508147,0.08241509435923763,,0.8920523944942397,0.08117503872605591,0.42672444666685444,,0.18382352941176472,0.4632352941176471,,,0.7573529411764706,0.3409090909090909,0.6194029850746269,0.63,,0.8582089552238806,0.40441176470588236,0.36153846153846153,0.3148893360160966,0.803030303030303,0.4074446680080483,0.35953878406708595,4,3,1,1,4,0.47122577278038347,0.38640973630831643,0.5210843373493976,4.0,2.0,305.0,False,False,full,87.0,2026-08-03,2026-08-03,0.6773119418798245,0.7283516483516483,2275.0,0.45179355229302254,0.4610989010989011,0.11599298016198878,0.11661026436514899,-0.1984054232796784,-0.12756974651947742,0.4869452812186192,0.359421144452918,0.5147570758286666,0.33802197802197803,2026-09-25
LNT,Alliant Energy,Utilities,Electric Utilities,Utilities,4931.0,352541,LNT,16426419159.100517,,63.599998474121094,0.1653907778052221,1.0,False,0.1528231169145206,0.11061708434384263,0.05190827388868738,-0.01882077943013743,0.4610486438560432,0.08586057502953914,0.005452967071905679,0.04998046086904777,-0.011931997966301296,0.03668280869398953,0.45183310666269494,0.039816265118590266,0.20367474563468188,0.8636363636363636,0.6935483870967742,0.1774193548387097,0.14516129032258066,0.2833333333333333,0.5645161290322581,0.6290322580645161,0.3709677419354839,0.6379310344827587,0.08333333333333333,0.27419354838709675,0.6612903225806451,0.5,0.43561368209255535,0.28585858585858587,0.6619718309859155,0.5,7,4,1,1,4,0.47086102473426417,0.3843813387423935,0.4006024096385542,4.0,2.0,306.0,False,False,full,178.0,2026-05-01,2026-05-01,0.6773119418798245,0.7283516483516483,2275.0,0.45179355229302254,0.4610989010989011,0.11599298016198878,0.11661026436514899,-0.1984054232796784,-0.12756974651947742,0.4869452812186192,0.359421144452918,0.5147570758286666,0.33802197802197803,2026-09-25
REGN,Regeneron Pharmaceuticals,Health Care,Biotechnology,Health Care,2834.0,872589,REGN,83532237670.89844,,788.0399780273438,0.33072399819976256,2.0,False,0.14748889304251556,0.13650296108024243,0.11217907243126148,-0.008449435186649605,0.04760535434429412,0.091875287813455,-0.023941068139963217,0.05182071162817734,0.0450173502452464,0.04957288346793571,0.37963067773830084,0.4284551350838248,-0.30076746649967284,0.05813953488372093,0.4642857142857143,0.43617021276595747,0.07446808510638298,0.9404761904761905,0.18085106382978725,0.6702127659574468,0.776595744680851,0.358695652173913,0.6071428571428571,0.7553191489361702,0.7553191489361702,0.18478260869565216,0.2545271629778672,0.6898989898989899,0.755533199195171,0.18343815513626835,7,4,1,1,4,0.4708493768020741,0.38235294117647056,0.6676706827309237,4.0,2.0,307.0,False,False,full,87.0,2026-07-30,2026-07-30,0.6773119418798245,0.6660550458715596,2180.0,0.45179355229302254,0.4288990825688073,0.11599298016198878,0.10746450155642961,-0.1984054232796784,-0.19007434247225047,0.4869452812186192,0.4713074350638928,0.5147570758286666,0.5155963302752293,2026-09-25
FLEX,Flex Ltd.,Information Technology,Electronic Manufacturing Services,Information Technology,3672.0,866374,FLEX,42363133629.77284,,114.68000030517578,0.6582169497049996,3.0,False,0.10881816017144218,0.1769090909090909,0.061989046749742045,-0.023374871021509643,0.20711961266767204,0.31706042232908227,-0.015777972362996495,0.0229680837235368,0.019498085463146346,0.03238558116137289,0.12982986688535703,0.8845954407360437,1.4646434664910588,0.08426966292134831,0.3735632183908046,0.07142857142857142,0.3131868131868132,0.5855263157894737,0.2388888888888889,0.601123595505618,0.3901098901098901,0.2611111111111111,0.4527027027027027,0.5439560439560439,0.8166666666666667,0.5852272727272727,0.1096579476861167,0.3707070707070707,0.8169014084507042,0.5849056603773585,7,4,1,1,4,0.4705430218053125,0.3803245436105477,0.33032128514056225,4.0,2.0,308.0,False,False,full,91.0,2026-07-31,2026-07-31,0.6773119418798245,0.6347583643122676,2152.0,0.45179355229302254,0.46514869888475835,0.11599298016198878,0.1218086094060693,-0.1984054232796784,-0.27988848361466795,0.4869452812186192,0.6515362083504068,0.5147570758286666,0.7007434944237918,2026-09-25
TMO,Thermo Fisher Scientific,Health Care,Life Sciences Tools & Services,Information Technology,3829.0,97745,TMO,249579418050.0,,675.0,0.3037305296687529,2.0,False,0.10009366108823581,0.13225383929079898,0.07963843285560288,-0.01807835721985615,0.37361938254369376,0.11798873851625014,-0.020827813946152407,0.027914962116805046,0.02932132808537094,0.02830443527368349,0.2110710907637682,0.2758117278877872,1.471850635765688,0.03932584269662921,0.25862068965517243,0.12637362637362637,0.2692307692307692,0.17763157894736842,0.5611111111111111,0.7247191011235955,0.510989010989011,0.46111111111111114,0.39864864864864863,0.7857142857142857,0.6055555555555555,0.6079545454545454,0.10362173038229376,0.5565656565656566,0.6046277665995976,0.610062893081761,7,4,1,1,4,0.4687195116573273,0.37829614604462475,0.2921686746987952,4.0,2.0,309.0,False,False,full,90.0,2026-07-31,2026-07-31,0.6773119418798245,0.6660550458715596,2180.0,0.45179355229302254,0.4288990825688073,0.11599298016198878,0.10746450155642961,-0.1984054232796784,-0.19007434247225047,0.4869452812186192,0.4713074350638928,0.5147570758286666,0.5155963302752293,2026-09-25
SOLV,Solventum,Health Care,Health Care Technology,Health Care,3841.0,1964738,SOLV,15235023745.5,,89.5,0.29578467093707667,2.0,False,0.31910412132275506,0.29875,0.014673874885908867,0.08600716141262374,0.3210699992979007,-0.055128035027199096,-0.018248510197932166,0.0941252225106353,-0.00774531119683052,0.10698260549572487,0.31506350631174995,0.24739722683005128,0.007414807927228111,0.5465116279069767,0.7976190476190477,0.031914893617021274,0.010638297872340425,0.34523809523809523,0.7978723404255319,0.5851063829787234,0.9680851063829787,0.03260869565217391,0.9642857142857143,0.648936170212766,0.5,0.29347826086956524,0.341046277665996,0.7343434343434343,0.5,0.29874213836477986,7,4,1,1,4,0.46853296259355254,0.3762677484787018,0.5632530120481928,4.0,2.0,310.0,False,False,full,87.0,2026-08-05,2026-08-05,0.6773119418798245,0.6660550458715596,2180.0,0.45179355229302254,0.4288990825688073,0.11599298016198878,0.10746450155642961,-0.1984054232796784,-0.19007434247225047,0.4869452812186192,0.4713074350638928,0.5147570758286666,0.5155963302752293,2026-09-25
MRSH,Marsh McLennan,Financials,Insurance Brokers,Financials,6411.0,62709,MRSH,81660389850.02686,,171.1199951171875,0.2639634322552953,1.0,True,,0.2578889392859457,0.08508428001742568,,,0.019246861924686165,-0.02931666016993395,0.04873843986428986,0.058375915284690896,,0.18899003578532297,-0.03887297149859914,0.9148225888136381,,0.9044117647058824,0.875,,,0.8308823529411765,0.5378787878787878,0.2462686567164179,0.37,,0.09701492537313433,0.16911764705882354,0.5923076923076923,0.9748490945674044,0.14242424242424243,0.16800804828973842,0.5880503144654088,4,3,1,1,4,0.4683329249366985,0.3742393509127789,0.31224899598393574,4.0,2.0,311.0,False,False,full,87.0,2026-07-21,2026-07-21,0.6773119418798245,0.7283516483516483,2275.0,0.45179355229302254,0.4610989010989011,0.11599298016198878,0.11661026436514899,-0.1984054232796784,-0.12756974651947742,0.4869452812186192,0.359421144452918,0.5147570758286666,0.33802197802197803,2026-09-25
PNR,Pentair,Industrials,Industrial Machinery & Supplies & Components,Industrials,3550.0,77360,PNR,8671753305.400951,,53.65999984741211,0.3353522333760156,2.0,False,0.24326923076923077,0.17618960132279993,0.11118495475113122,-0.01626131221719457,0.27492929864253396,0.04813848707612056,-0.017756696793049698,0.07741225751681614,0.08254386106142857,0.08194643988246121,0.43936904865905135,-0.4474526952830655,0.6473327588543067,0.48026315789473684,0.42441860465116277,0.4734042553191489,0.23369565217391305,0.5459770114942529,0.521505376344086,0.532967032967033,0.9193548387096774,0.9175824175824175,0.875,0.8882978723404256,0.026881720430107527,0.4943181818181818,0.3772635814889336,0.9686868686868687,0.02716297786720322,0.4947589098532495,7,4,1,1,4,0.4669680844740637,0.372210953346856,0.3885542168674699,4.0,2.0,312.0,False,False,full,178.0,2026-04-28,2026-04-28,0.6773119418798245,0.6660550458715596,2180.0,0.45179355229302254,0.4288990825688073,0.11599298016198878,0.10746450155642961,-0.1984054232796784,-0.19007434247225047,0.4869452812186192,0.4713074350638928,0.5147570758286666,0.5155963302752293,2026-09-25
JNJ,Johnson & Johnson,Health Care,Pharmaceuticals,Health Care,2834.0,200406,JNJ,653612700420.1107,,271.2200012207031,0.18868330250046333,1.0,False,0.3307503692909117,0.24757858563509905,0.13731156216272675,-0.03268162398476084,0.2438861837949677,0.03967133601187234,0.0006476351887743093,0.03218572709263212,0.034032386435732705,0.031921538138868034,0.13000206382982574,0.4660832765617131,-0.00542485295012267,0.5930232558139535,0.7261904761904762,0.648936170212766,0.3723404255319149,0.6309523809523809,0.4148936170212766,0.22340425531914893,0.3723404255319149,0.22826086956521738,0.2976190476190476,0.3723404255319149,0.7978723404255319,0.2717391304347826,0.5503018108651911,0.24545454545454545,0.7997987927565392,0.27148846960167716,7,4,1,1,4,0.4667609046694883,0.37018255578093306,0.5933734939759037,4.0,2.0,313.0,False,False,full,89.0,2026-07-23,2026-07-23,0.6773119418798245,0.7283516483516483,2275.0,0.45179355229302254,0.4610989010989011,0.11599298016198878,0.11661026436514899,-0.1984054232796784,-0.12756974651947742,0.4869452812186192,0.359421144452918,0.5147570758286666,0.33802197802197803,2026-09-25
AVGO,Broadcom,Information Technology,Semiconductors,Information Technology,3674.0,1730168,AVGO,1684184341016.2803,,352.80999755859375,0.4664450971891198,3.0,False,0.32568509896464487,0.3838399037014746,0.2160692646214682,-0.012692135978059826,0.3158098943384995,0.1360153603709675,0.010855756122445825,0.022720196992753128,0.02339589499818245,0.024897240280825697,0.05919185778668651,0.1288394378561335,2.436602727402785,0.5898876404494382,0.7873563218390804,0.7197802197802198,0.19230769230769232,0.29605263157894735,0.48333333333333334,0.21910112359550563,0.3791208791208791,0.35,0.31756756756756754,0.29120879120879123,0.46111111111111114,0.7215909090909091,0.40543259557344064,0.2737373737373737,0.46177062374245476,0.7211740041928721,7,4,1,1,4,0.46552864931153537,0.36815415821501013,0.20983935742971888,4.0,2.0,314.0,False,False,full,54.0,2026-09-10,2026-09-10,0.6773119418798245,0.6347583643122676,2152.0,0.45179355229302254,0.46514869888475835,0.11599298016198878,0.1218086094060693,-0.1984054232796784,-0.27988848361466795,0.4869452812186192,0.6515362083504068,0.5147570758286666,0.7007434944237918,2026-09-25
KEY,KeyCorp,Financials,Regional Banks,Financials,6021.0,91576,KEY,21993520149.26358,,20.610000610351562,0.23985826635767274,1.0,True,,0.10253560965754116,0.006852501345933712,,,0.03136405048005653,-0.026800602375977145,0.0922999131663774,0.05451605708693916,,0.9001742270285417,0.19237570849995955,0.17166786091127975,,0.25735294117647056,0.125,,,0.7426470588235294,0.5075757575757576,0.7835820895522388,0.33,,0.8731343283582089,0.6102941176470589,0.2230769230769231,0.2746478873239437,0.7505050505050505,0.6106639839034205,0.22327044025157233,4,3,1,1,4,0.46477184049599674,0.3661257606490872,0.6295180722891566,4.0,2.0,315.0,False,False,full,87.0,2026-08-04,2026-08-04,0.6773119418798245,0.7283516483516483,2275.0,0.45179355229302254,0.4610989010989011,0.11599298016198878,0.11661026436514899,-0.1984054232796784,-0.12756974651947742,0.4869452812186192,0.359421144452918,0.5147570758286666,0.33802197802197803,2026-09-25
GLW,Corning Inc.,Information Technology,Electronic Components,Materials,3357.0,24741,GLW,135014011732.68742,,156.74000549316406,0.7218391086475094,3.0,False,0.18724966622162884,0.15127388535031847,0.11879475664522393,-0.06114212889913825,0.23534409515717927,0.14649504261610713,0.0055679614964656565,0.01407261346890267,,0.01852194960067126,0.09302738166811449,0.8289287911313032,0.29664179482457415,0.66,0.5192307692307693,0.6730769230769231,0.6346153846153846,0.54,0.1346153846153846,0.057692307692307696,0.28846153846153844,,0.1875,0.09615384615384616,0.9038461538461539,0.4807692307692308,0.3812877263581489,0.0898989898989899,0.9004024144869215,0.4811320754716981,7,3,1,1,4,0.4631803015539396,0.3640973630831643,0.3845381526104418,4.0,2.0,316.0,False,False,full,87.0,2026-07-29,2026-07-29,0.6773119418798245,0.6347583643122676,2152.0,0.45179355229302254,0.46514869888475835,0.11599298016198878,0.1218086094060693,-0.1984054232796784,-0.27988848361466795,0.4869452812186192,0.6515362083504068,0.5147570758286666,0.7007434944237918,2026-09-25
APH,Amphenol,Information Technology,Electronic Components,Information Technology,3678.0,820313,APH,207363148767.61945,,84.08999633789062,0.45942931344559124,3.0,False,0.24926238545214321,0.3320121872498644,0.13104542634344046,-0.01625430182160664,0.41983323885320467,0.7455938040547911,0.009879709582644836,0.024803828600056258,0.02273161855428028,0.03552077013660193,0.07470758469896013,0.2881602871870874,2.9551476537957893,0.3651685393258427,0.6724137931034483,0.41208791208791207,0.23626373626373626,0.1118421052631579,0.06111111111111111,0.25280898876404495,0.4340659340659341,0.3277777777777778,0.4797297297297297,0.3901098901098901,0.6166666666666667,0.7784090909090909,0.09758551307847083,0.3606060606060606,0.613682092555332,0.779874213836478,7,4,1,1,4,0.46293697001908535,0.3620689655172414,0.17369477911646586,4.0,2.0,317.0,False,False,full,87.0,2026-07-31,2026-07-31,0.6773119418798245,0.6347583643122676,2152.0,0.45179355229302254,0.46514869888475835,0.11599298016198878,0.1218086094060693,-0.1984054232796784,-0.27988848361466795,0.4869452812186192,0.6515362083504068,0.5147570758286666,0.7007434944237918,2026-09-25
NVR,"NVR, Inc.",Consumer Discretionary,Homebuilding,Consumer Discretionary,1531.0,906163,NVR,16782222596.240234,,6297.60009765625,0.2729497894078672,2.0,False,,0.33655382938644657,0.19496693245006966,0.013660243263103633,,-0.07891770447856239,-0.07141296556799581,0.06800767856908851,0.0623529448497741,,0.20207073172535195,-0.21400160583565442,-1.542769340976449,,0.5357142857142857,0.7549019607843137,0.10784313725490197,,0.9313725490196079,0.89,0.85,0.6224489795918368,,0.65,0.14705882352941177,0.052083333333333336,0.8380281690140845,0.807070707070707,0.14788732394366197,0.05345911949685535,5,3,1,1,4,0.46161132988132725,0.36004056795131845,0.7259036144578314,4.0,2.0,318.0,False,False,full,87.0,2026-08-05,2026-08-05,0.6773119418798245,0.6660550458715596,2180.0,0.45179355229302254,0.4288990825688073,0.11599298016198878,0.10746450155642961,-0.1984054232796784,-0.19007434247225047,0.4869452812186192,0.4713074350638928,0.5147570758286666,0.5155963302752293,2026-09-25
VTRS,Viatris,Health Care,Pharmaceuticals,Health Care,2834.0,1792044,VTRS,20479375017.48947,,17.829999923706055,0.3170953134423058,2.0,False,0.14647335110116821,-0.02880003365964489,0.06650953356579901,-0.07822888547736313,0.3809802366127734,-0.08765343712169538,-0.014822605841403713,-0.0200543229297408,0.09545213163637038,-0.0026499373547418928,0.696329843455748,0.7267999770584437,-0.06901550622947716,0.03488372093023256,0.10714285714285714,0.11702127659574468,0.8191489361702128,0.2261904761904762,0.925531914893617,0.5,0.05319148936170213,0.967391304347826,0.08333333333333333,0.925531914893617,0.925531914893617,0.20652173913043478,0.21830985915492956,0.49797979797979797,0.9265593561368209,0.20230607966457023,7,4,1,1,4,0.4612887732340296,0.3580121703853955,0.6335341365461847,4.0,2.0,319.0,False,False,full,87.0,2026-08-06,2026-08-06,0.6773119418798245,0.6660550458715596,2180.0,0.45179355229302254,0.4288990825688073,0.11599298016198878,0.10746450155642961,-0.1984054232796784,-0.19007434247225047,0.4869452812186192,0.4713074350638928,0.5147570758286666,0.5155963302752293,2026-09-25
PPL,PPL Corporation,Utilities,Electric Utilities,Utilities,4911.0,922224,PPL,24097781176.463562,,32.029998779296875,0.17929707084426763,1.0,False,,0.08116385911179173,0.05772719419488597,-0.03140117484450587,0.43706807187284036,0.10751273649214288,0.017702000310817256,0.05058557014330448,-0.06730910153604584,0.05095744635546164,0.6232524019542987,-0.0596239628562375,0.6089835196064964,,0.04838709677419355,0.5,0.5,0.6166666666666667,0.43548387096774194,0.43548387096774194,0.43548387096774194,0.29310344827586204,0.7166666666666667,0.7580645161290323,0.20967741935483872,0.7580645161290323,0.2947686116700201,0.5828282828282828,0.20925553319919518,0.7578616352201258,6,4,1,1,4,0.46117851572940594,0.35598377281947263,0.17971887550200802,4.0,2.0,320.0,False,False,full,178.0,2026-05-08,2026-05-08,0.6773119418798245,0.7283516483516483,2275.0,0.45179355229302254,0.4610989010989011,0.11599298016198878,0.11661026436514899,-0.1984054232796784,-0.12756974651947742,0.4869452812186192,0.359421144452918,0.5147570758286666,0.33802197802197803,2026-09-25
XYZ,"Block, Inc.",Financials,Transaction & Payment Processing Services,Information Technology,7372.0,1512673,XYZ,46528086625.16785,,76.41999816894531,0.46890113917346415,3.0,False,0.29647865585699623,0.01619906495532854,0.10362148545482688,-0.09450063765641749,0.1460943803005501,0.062354213997024344,-0.01628783961947111,0.007675836809648986,0.08343003724335928,0.02552721924929981,0.47384443675090554,0.13491075761569737,-0.4442898412692116,0.5112359550561798,0.08620689655172414,0.3021978021978022,0.8186813186813187,0.7697368421052632,0.6611111111111111,0.6235955056179775,0.12637362637362637,0.9166666666666666,0.34459459459459457,0.9505494505494505,0.4722222222222222,0.10795454545454546,0.6267605633802817,0.6292929292929293,0.47183098591549294,0.1069182389937107,7,4,1,1,4,0.4587006793956037,0.3539553752535497,0.6837349397590361,4.0,2.0,321.0,False,False,full,87.0,2026-08-05,2026-08-05,0.6773119418798245,0.6347583643122676,2152.0,0.45179355229302254,0.46514869888475835,0.11599298016198878,0.1218086094060693,-0.1984054232796784,-0.27988848361466795,0.4869452812186192,0.6515362083504068,0.5147570758286666,0.7007434944237918,2026-09-25
ISRG,Intuitive Surgical,Health Care,Health Care Equipment,Health Care,3842.0,1035267,ISRG,143141192849.35437,,405.17999267578125,0.36811585877300435,3.0,False,0.3524328674209402,0.1727614979855133,0.17753848806798042,-0.02718833526532098,,0.035381288684335876,-0.014501558436858852,0.021927999463462328,0.022513435411926117,,0.12692642584808492,-0.15734638531875456,6.735509528431738,0.6627906976744186,0.5595238095238095,0.8191489361702128,0.2872340425531915,,0.43617021276595747,0.43617021276595747,0.24468085106382978,0.07608695652173914,,0.35106382978723405,0.09574468085106383,0.9891304347826086,0.6126760563380281,0.13232323232323231,0.09758551307847083,0.9905660377358491,6,3,1,1,4,0.4582877098688951,0.35192697768762676,0.07931726907630522,4.0,2.0,322.0,False,False,full,87.0,2026-07-21,2026-07-21,0.6773119418798245,0.6347583643122676,2152.0,0.45179355229302254,0.46514869888475835,0.11599298016198878,0.1218086094060693,-0.1984054232796784,-0.27988848361466795,0.4869452812186192,0.6515362083504068,0.5147570758286666,0.7007434944237918,2026-09-25
SYK,Stryker Corporation,Health Care,Health Care Equipment,Health Care,3841.0,310764,SYK,104469949189.81421,,272.3599853515625,0.29721659669351624,2.0,False,0.35026079699561863,0.15545272636318158,0.11527227206342583,-0.037471312330481954,0.3013144168579178,0.034512529407955794,0.003310813072681551,0.03569447509948226,0.045008158197309085,0.04794000516165294,0.22961626942514896,-0.11717508755005701,1.4336494941732534,0.6395348837209303,0.5357142857142857,0.5212765957446809,0.43617021276595747,0.5119047619047619,0.4574468085106383,0.1595744680851064,0.4787234042553192,0.33695652173913043,0.5119047619047619,0.5851063829787234,0.1595744680851064,0.8152173913043478,0.3933601609657948,0.4616161616161616,0.15995975855130784,0.8165618448637316,7,4,1,1,4,0.4578744814992489,0.34989858012170383,0.1536144578313253,4.0,2.0,323.0,False,False,full,87.0,2026-07-31,2026-07-31,0.6773119418798245,0.6660550458715596,2180.0,0.45179355229302254,0.4288990825688073,0.11599298016198878,0.10746450155642961,-0.1984054232796784,-0.19007434247225047,0.4869452812186192,0.4713074350638928,0.5147570758286666,0.5155963302752293,2026-09-25
PM,Philip Morris International,Consumer Staples,Tobacco,Consumer Staples,2111.0,1413329,PM,296884681201.605,,190.47999572753906,0.27811560387997647,2.0,False,0.4207350119377188,,0.20893205021165648,-0.04965505119303951,0.7193830469745572,-0.0034303564651271268,0.0013003442538679355,0.03662701610601394,0.04285165522353406,0.04723253614762607,-0.0289102151221186,0.19656806664888604,-0.15239973101906631,0.65,,0.8833333333333333,0.65,0.08620689655172414,0.55,0.3620689655172414,0.5689655172413793,0.29310344827586204,0.42592592592592593,0.05172413793103448,0.6833333333333333,0.2708333333333333,0.596579476861167,0.2777777777777778,0.6841046277665996,0.2693920335429769,6,4,1,1,4,0.45696347898713036,0.34787018255578095,0.5471887550200804,4.0,2.0,324.0,False,False,full,87.0,2026-07-24,2026-07-24,0.6773119418798245,0.6660550458715596,2180.0,0.45179355229302254,0.4288990825688073,0.11599298016198878,0.10746450155642961,-0.1984054232796784,-0.19007434247225047,0.4869452812186192,0.4713074350638928,0.5147570758286666,0.5155963302752293,2026-09-25
WM,Waste Management,Industrials,Environmental & Facilities Services,Industrials,4953.0,823768,WM,82673092238.62036,,206.8300018310547,0.20311263025197612,1.0,False,0.22592106113132793,0.287455919395466,0.14032858896233932,-0.07889580327727655,0.4797700307917573,0.015725471326713647,-0.007733109659336379,0.03450941440251625,0.043218414882646536,0.04320043694025018,0.12005115245179593,0.0034709074490717473,0.5968028795751568,0.40131578947368424,0.6337209302325582,0.6329787234042553,0.907608695652174,0.16666666666666666,0.7580645161290323,0.33516483516483514,0.4032258064516129,0.5439560439560439,0.35119047619047616,0.35638297872340424,0.3387096774193548,0.4715909090909091,0.6428571428571429,0.37272727272727274,0.3380281690140845,0.47379454926624737,7,4,1,1,4,0.4568517834661869,0.345841784989858,0.3644578313253012,4.0,2.0,325.0,False,False,full,87.0,2026-07-29,2026-07-29,0.6773119418798245,0.7283516483516483,2275.0,0.45179355229302254,0.4610989010989011,0.11599298016198878,0.11661026436514899,-0.1984054232796784,-0.12756974651947742,0.4869452812186192,0.359421144452918,0.5147570758286666,0.33802197802197803,2026-09-25
VMC,Vulcan Materials Company,Materials,Construction Materials,Materials,1400.0,1396009,VMC,31789946825.0,,245.0,0.284609223309843,2.0,False,0.1338699326451907,0.13173121294948706,0.10811556477877274,-0.04134253789082883,0.27349771185576593,-0.002345605878375512,-0.01777871680569043,0.03502050525999897,0.03511802036491767,0.04580258481274261,0.26584819554821637,-0.11711290945956632,0.5298326801355884,0.46,0.40384615384615385,0.5192307692307693,0.3269230769230769,0.46,0.7115384615384616,0.7115384615384616,0.5576923076923077,0.46,0.5625,0.36538461538461536,0.25,0.5576923076923077,0.5462776659959758,0.4717171717171717,0.2505030181086519,0.5566037735849056,7,4,1,1,4,0.45627540735167627,0.3438133874239351,0.2961847389558233,4.0,2.0,326.0,False,False,full,178.0,2026-04-29,2026-04-29,0.6773119418798245,0.6660550458715596,2180.0,0.45179355229302254,0.4288990825688073,0.11599298016198878,0.10746450155642961,-0.1984054232796784,-0.19007434247225047,0.4869452812186192,0.4713074350638928,0.5147570758286666,0.5155963302752293,2026-09-25
HWM,Howmet Aerospace,Industrials,Aerospace & Defense,Materials,3350.0,4281,HWM,92713347535.6566,,232.47999572753906,0.33931647024872585,2.0,False,-0.6721002188514075,0.3264131193300768,0.16760999169873972,-0.02641310089804543,0.33967247754886426,0.19961977186311786,-0.010728455980108409,0.020180481556665103,0.019317606877598717,0.025814435738514094,0.06182497075510656,0.250878897278362,2.155386759961102,0.02,0.8653846153846154,0.8269230769230769,0.17307692307692307,0.18,0.057692307692307696,0.5576923076923077,0.36538461538461536,0.18,0.2708333333333333,0.057692307692307696,0.5576923076923077,0.9423076923076923,0.20422535211267606,0.12222222222222222,0.5563380281690141,0.940251572327044,7,4,1,1,4,0.45575929370773915,0.34178498985801214,0.09538152610441768,4.0,2.0,327.0,False,False,full,87.0,2026-08-06,2026-08-06,0.6773119418798245,0.6660550458715596,2180.0,0.45179355229302254,0.4288990825688073,0.11599298016198878,0.10746450155642961,-0.1984054232796784,-0.19007434247225047,0.4869452812186192,0.4713074350638928,0.5147570758286666,0.5155963302752293,2026-09-25
CDW,CDW Corporation,Information Technology,Technology Distributors,Consumer Discretionary,5961.0,1402057,CDW,16931109087.525024,,135.42999267578125,0.4703897045337647,3.0,False,0.29091615086816425,0.44236517751115845,0.05690010895518928,0.005708556459651807,0.33712358300299045,0.13029864336388108,-0.0461108244119931,0.06380562516108136,0.05080588610900878,0.07498332991995608,0.14423744997304155,-0.02896436649703915,0.7211849531171483,0.2948717948717949,0.6785714285714286,0.029411764705882353,0.12745098039215685,0.3780487804878049,0.18627450980392157,0.71,0.77,0.5408163265306123,0.7375,0.55,0.4215686274509804,0.53125,0.13782696177062373,0.7303030303030303,0.4215291750503018,0.5314465408805031,7,4,1,1,4,0.45527642700111476,0.33975659229208927,0.32028112449799195,4.0,2.0,328.0,False,False,full,87.0,2026-08-05,2026-08-05,0.6773119418798245,0.6347583643122676,2152.0,0.45179355229302254,0.46514869888475835,0.11599298016198878,0.1218086094060693,-0.1984054232796784,-0.27988848361466795,0.4869452812186192,0.6515362083504068,0.5147570758286666,0.7007434944237918,2026-09-25
D,Dominion Energy,Utilities,Multi-Utilities,Utilities,4911.0,715957,D,53365354122.42849,,60.68000030517578,0.20157067209387983,1.0,False,,0.1013483377363022,0.042672333822462855,-0.017760461468400546,0.4365480949248596,0.13412079766630014,0.03126773783243442,0.05535426586363619,-0.007120724789499577,0.0437395328343505,0.5461783301040636,0.1139802437781583,-0.16529452319345353,,0.5,0.04838709677419355,0.08064516129032258,0.65,0.24193548387096775,0.20967741935483872,0.6290322580645161,0.7413793103448276,0.38333333333333336,0.5967741935483871,0.8225806451612904,0.27419354838709675,0.08350100603621731,0.6353535353535353,0.8229376257545271,0.27358490566037735,6,4,1,1,4,0.4538442682011643,0.33772819472616633,0.5391566265060241,4.0,2.0,329.0,False,True,full,178.0,2026-05-01,2026-05-01,0.6773119418798245,0.7283516483516483,2275.0,0.45179355229302254,0.4610989010989011,0.11599298016198878,0.11661026436514899,-0.1984054232796784,-0.12756974651947742,0.4869452812186192,0.359421144452918,0.5147570758286666,0.33802197802197803,2026-09-25
MNST,Monster Beverage,Consumer Staples,Soft Drinks & Non-alcoholic Beverages,Consumer Staples,2086.0,865752,MNST,84454722741.7503,,43.11000061035156,0.26116470283229004,1.0,False,0.4498920296449985,0.22721447802832676,0.1966881711247762,-0.009760073784794291,,0.30383012932124664,0.0031724739565051063,0.025193025693851262,0.024840718575503563,,0.11087773064668201,0.36443321451532307,,0.7166666666666667,0.7115384615384616,0.85,0.18333333333333332,,0.08333333333333333,0.1206896551724138,0.1896551724137931,0.1206896551724138,,0.29310344827586204,0.9166666666666666,,0.33903420523138833,0.10606060606060606,0.9154929577464789,,6,3,1,0,3,0.45352925634615776,0.3356997971602434,0.3704819277108434,4.0,2.0,330.0,False,False,composite_from_3_of_4_families,87.0,2026-08-07,2026-08-07,0.6773119418798245,0.7283516483516483,2275.0,0.45179355229302254,0.4610989010989011,0.11599298016198878,0.11661026436514899,-0.1984054232796784,-0.12756974651947742,0.4869452812186192,0.359421144452918,0.5147570758286666,0.33802197802197803,2026-09-25
FE,FirstEnergy,Utilities,Electric Utilities,Utilities,4911.0,1031296,FE,25046069436.192036,,43.29999923706055,0.16309079336537613,1.0,False,,0.08416311047889995,0.05641548219336929,-0.0377040251594427,0.49299857687509885,0.07856587898656464,0.0022089876238089445,0.04252164207694223,-0.06963168430252324,0.04297502574693444,0.5052289754381474,0.04108393266182908,0.27001163621535684,,0.08064516129032258,0.4032258064516129,0.8548387096774194,0.05,0.6290322580645161,0.7580645161290323,0.14516129032258066,0.25862068965517243,0.2833333333333333,0.5,0.6935483870967742,0.532258064516129,0.3873239436619718,0.19696969696969696,0.6921529175050302,0.5335429769392034,6,4,1,1,4,0.45249738376897564,0.33367139959432046,0.3042168674698795,4.0,2.0,331.0,False,False,full,178.0,2026-04-28,2026-04-28,0.6773119418798245,0.7283516483516483,2275.0,0.45179355229302254,0.4610989010989011,0.11599298016198878,0.11661026436514899,-0.1984054232796784,-0.12756974651947742,0.4869452812186192,0.359421144452918,0.5147570758286666,0.33802197802197803,2026-09-25
DHR,Danaher Corporation,Health Care,Life Sciences Tools & Services,Information Technology,3823.0,313616,DHR,157813343124.07773,,224.49000549316406,0.31482927443728914,2.0,False,0.1590503101757121,0.07614917936136627,0.07183301395520045,-0.028484198902205334,0.28752693061374734,0.13167115902964954,-0.018246640580743656,0.025371745637831976,0.034635854559537854,0.02847963997905711,0.3331847545911197,0.08320461321351824,1.8044915398077601,0.1404494382022472,0.16666666666666666,0.08241758241758242,0.34615384615384615,0.34868421052631576,0.5166666666666667,0.6685393258426966,0.45604395604395603,0.5833333333333334,0.41216216216216217,0.8626373626373627,0.40555555555555556,0.6647727272727273,0.11167002012072434,0.6191919191919192,0.40945674044265595,0.6645702306079665,7,4,1,1,4,0.45122222759081654,0.3316430020283976,0.20783132530120482,4.0,2.0,332.0,False,False,full,91.0,2026-07-21,2026-07-21,0.6773119418798245,0.6660550458715596,2180.0,0.45179355229302254,0.4288990825688073,0.11599298016198878,0.10746450155642961,-0.1984054232796784,-0.19007434247225047,0.4869452812186192,0.4713074350638928,0.5147570758286666,0.5155963302752293,2026-09-25
UBER,Uber,Industrials,Passenger Ground Transportation,Industrials,7389.0,1543151,UBER,142203041234.07892,,69.62000274658203,0.35098332275025185,2.0,False,,0.3506735978913457,0.15841704533365755,-0.012841750125378033,0.223704806917828,0.17539566289164377,-0.020551535043412117,0.06736142853817106,0.07113771908259092,0.0442150712511698,0.19209153167853438,-0.22782483838642165,0.31193406839687804,,0.7151162790697675,0.7180851063829787,0.21195652173913043,0.6954022988505747,0.16666666666666666,0.5989010989010989,0.8655913978494624,0.8736263736263736,0.375,0.5691489361702128,0.12365591397849462,0.35795454545454547,0.562374245472837,0.7626262626262627,0.12173038229376258,0.35429769392033544,6,4,1,1,4,0.4502571460782994,0.32961460446247465,0.4528112449799197,4.0,2.0,333.0,False,False,full,87.0,2026-08-05,2026-08-05,0.6773119418798245,0.6660550458715596,2180.0,0.45179355229302254,0.4288990825688073,0.11599298016198878,0.10746450155642961,-0.1984054232796784,-0.19007434247225047,0.4869452812186192,0.4713074350638928,0.5147570758286666,0.5155963302752293,2026-09-25
BSX,Boston Scientific,Health Care,Health Care Equipment,Health Care,3841.0,885725,BSX,63650158128.30148,,43.91999816894531,0.39500145864699315,3.0,False,0.3247301840056617,0.14741275571600482,0.10016365888181175,-0.018887119603680114,0.24139685067232838,0.08799538006208052,-0.02194842054076651,0.057737484211621205,0.056951940208742,0.05608828156127987,0.39167223983556915,-0.5052750118215373,0.5022472023339224,0.5697674418604651,0.5119047619047619,0.4148936170212766,0.18085106382978725,0.6547619047619048,0.22340425531914893,0.648936170212766,0.8191489361702128,0.5760869565217391,0.75,0.776595744680851,0.031914893617021274,0.5543478260869565,0.37525150905432597,0.8373737373737373,0.03319919517102616,0.5545073375262054,7,4,1,1,4,0.4500829447813237,0.3275862068965517,0.2720883534136546,4.0,2.0,334.0,False,False,full,87.0,2026-08-03,2026-08-03,0.6773119418798245,0.6347583643122676,2152.0,0.45179355229302254,0.46514869888475835,0.11599298016198878,0.1218086094060693,-0.1984054232796784,-0.27988848361466795,0.4869452812186192,0.6515362083504068,0.5147570758286666,0.7007434944237918,2026-09-25
EMR,Emerson Electric,Industrials,Electrical Components & Equipment,Industrials,3600.0,32604,EMR,88260691616.82129,,158.22999572753906,0.319064575256348,2.0,False,0.23474222896133434,0.126502772461848,0.0926838514025777,-0.03160538286580743,0.17830742987111448,-0.007267681162828943,-0.008884150675195435,0.02920892588506148,0.03920204948111432,0.03661063050949834,0.2308955394149216,0.18031921511073934,0.03984033412407065,0.45394736842105265,0.25,0.3670212765957447,0.46195652173913043,0.8218390804597702,0.8655913978494624,0.3901098901098901,0.22043010752688172,0.4230769230769231,0.19642857142857142,0.6117021276595744,0.6505376344086021,0.2784090909090909,0.5523138832997988,0.31212121212121213,0.6529175050301811,0.27882599580712786,7,4,1,1,4,0.44904464906457997,0.3255578093306288,0.5150602409638554,4.0,2.0,335.0,False,False,full,87.0,2026-08-04,2026-08-04,0.6773119418798245,0.6660550458715596,2180.0,0.45179355229302254,0.4288990825688073,0.11599298016198878,0.10746450155642961,-0.1984054232796784,-0.19007434247225047,0.4869452812186192,0.4713074350638928,0.5147570758286666,0.5155963302752293,2026-09-25
GRMN,Garmin,Consumer Discretionary,Consumer Electronics,Industrials,3812.0,1121788,GRMN,56726727257.88208,,294.1400146484375,0.33927317984153005,2.0,False,0.4030196747062161,0.18727122268262925,0.1596502075610928,-0.001128789772651532,,0.11900909127876003,0.0016347128900904284,0.030606313530254975,0.025588608230493477,,0.16343308433524706,0.16842855448259741,0.9192774573283452,0.8092105263157895,0.47093023255813954,0.7287234042553191,0.08152173913043478,,0.24193548387096775,0.21428571428571427,0.27419354838709675,0.17032967032967034,,0.5053191489361702,0.6290322580645161,0.6079545454545454,0.29678068410462777,0.24343434343434345,0.6317907444668008,0.610062893081761,6,3,1,1,4,0.4455171662718833,0.3235294117647059,0.22590361445783133,4.0,2.0,336.0,False,False,full,181.0,2026-04-29,2026-04-29,0.6773119418798245,0.6660550458715596,2180.0,0.45179355229302254,0.4288990825688073,0.11599298016198878,0.10746450155642961,-0.1984054232796784,-0.19007434247225047,0.4869452812186192,0.4713074350638928,0.5147570758286666,0.5155963302752293,2026-09-25
DOC,Healthpeak Properties,Real Estate,Health Care REITs,Real Estate,6798.0,765880,DOC,14004298282.352715,,20.309999465942383,0.28328802835483596,2.0,False,0.07762096076733417,0.031013990248255203,0.05678152158902246,-0.04555935905302046,0.46273822481741966,0.09438434121054495,-0.007765161726380865,0.017373023274331902,0.023998132089452985,0.03490986007251723,0.5601673030547651,0.15589933545118506,0.1702366210862847,0.25,0.09615384615384616,0.3275862068965517,0.6851851851851852,0.5,0.15517241379310345,0.7068965517241379,0.1896551724137931,0.2647058823529412,0.39473684210526316,0.7758620689655172,0.7068965517241379,0.5,0.21629778672032193,0.3565656565656566,0.7052313883299799,0.5,7,4,1,1,4,0.4445237079039896,0.32150101419878296,0.30622489959839355,4.0,2.0,337.0,False,False,full,87.0,2026-08-05,2026-08-05,0.6773119418798245,0.6660550458715596,2180.0,0.45179355229302254,0.4288990825688073,0.11599298016198878,0.10746450155642961,-0.1984054232796784,-0.19007434247225047,0.4869452812186192,0.4713074350638928,0.5147570758286666,0.5155963302752293,2026-09-25
CPT,Camden Property Trust,Real Estate,Multi-Family Residential REITs,Real Estate,6798.0,906345,CPT,9864921298.139572,,98.12000274658203,0.19585401017080598,1.0,False,0.10784606306207223,0.08579651794628476,0.08538887149854908,-0.05089159567177943,0.5761689833419344,0.03689942500597332,-0.05908484675360692,0.03306757247637848,,,0.3854185842026985,0.02102352700977539,-0.621008362439789,0.6071428571428571,0.6346153846153846,0.6724137931034483,0.7222222222222222,0.2619047619047619,0.46551724137931033,0.9827586206896551,0.5,,,0.5,0.3275862068965517,0.15517241379310345,0.8078470824949698,0.48484848484848486,0.32696177062374243,0.15618448637316562,7,2,1,1,4,0.44396045608509066,0.31947261663286003,0.6094377510040161,4.0,2.0,338.0,False,False,full,87.0,2026-07-31,2026-07-31,0.6773119418798245,0.7283516483516483,2275.0,0.45179355229302254,0.4610989010989011,0.11599298016198878,0.11661026436514899,-0.1984054232796784,-0.12756974651947742,0.4869452812186192,0.359421144452918,0.5147570758286666,0.33802197802197803,2026-09-25
HAL,Halliburton,Energy,Oil & Gas Equipment & Services,Energy,1389.0,45012,HAL,27293349424.53834,,32.7599983215332,0.34982747637002404,2.0,False,0.733312683908936,0.1455040871934605,0.10647359454855196,-0.044447886015177324,0.2737726498373858,0.017771998266146616,-0.022838009611193755,0.05869561756900774,0.063202209929175,0.07918592432525527,0.40339497467838653,0.5212382309436074,2.3613214325626672e-07,0.96875,0.475,0.175,0.225,0.2894736842105263,0.725,0.625,0.425,0.4411764705882353,0.5,0.425,0.675,0.175,0.5020120724346077,0.42525252525252527,0.6770623742454729,0.1708595387840671,7,4,1,1,4,0.4437966276791682,0.3174442190669371,0.5993975903614458,4.0,2.0,339.0,False,False,full,87.0,2026-07-24,2026-07-24,0.6773119418798245,0.6660550458715596,2180.0,0.45179355229302254,0.4288990825688073,0.11599298016198878,0.10746450155642961,-0.1984054232796784,-0.19007434247225047,0.4869452812186192,0.4713074350638928,0.5147570758286666,0.5155963302752293,2026-09-25
PG,Procter & Gamble,Consumer Staples,Personal Care Products,Consumer Staples,2840.0,80424,PG,339901836432.75055,,146.22999572753906,0.19600689546836073,1.0,False,0.34516009200053743,0.29544659461250944,0.15456722599410375,-0.027742430110416452,0.26980501260660283,0.010300963818862696,-0.007658233585876029,0.047207747296695454,0.044562866029106696,0.05423846697474528,0.1597843676574116,-0.02774160287656313,-0.9178055249349895,0.6166666666666667,0.7884615384615384,0.7833333333333333,0.35,0.7068965517241379,0.48333333333333334,0.6724137931034483,0.7758620689655172,0.39655172413793105,0.6481481481481481,0.43103448275862066,0.25,0.10416666666666667,0.8219315895372233,0.5969696969696969,0.2505030181086519,0.10377358490566038,7,4,1,1,4,0.44329447238030817,0.3154158215010142,0.6495983935742972,4.0,2.0,340.0,False,False,full,87.0,2026-08-04,2026-08-04,0.6773119418798245,0.7283516483516483,2275.0,0.45179355229302254,0.4610989010989011,0.11599298016198878,0.11661026436514899,-0.1984054232796784,-0.12756974651947742,0.4869452812186192,0.359421144452918,0.5147570758286666,0.33802197802197803,2026-09-25
SHW,Sherwin-Williams,Materials,Specialty Chemicals,Consumer Discretionary,5200.0,89800,SHW,79891708975.77817,,329.1000061035156,0.272457077668662,2.0,False,0.4436355810829864,0.6973824162710457,0.14421143243022627,-0.044468932968231706,0.44792107274575715,0.06260152344304437,-0.026370984453597868,0.0336480472687725,0.040219442557852765,0.04810281594191134,0.048249061753938456,-0.012233854673152078,1.402625267465994,0.44871794871794873,0.8452380952380952,0.4411764705882353,0.4411764705882353,0.23170731707317074,0.4215686274509804,0.55,0.27,0.35714285714285715,0.3625,0.25,0.4803921568627451,0.6145833333333334,0.4557344064386318,0.2191919191919192,0.4818913480885312,0.6132075471698113,7,4,1,1,4,0.44250630522222334,0.3133874239350913,0.21987951807228914,4.0,2.0,341.0,False,False,full,87.0,2026-07-28,2026-07-28,0.6773119418798245,0.6660550458715596,2180.0,0.45179355229302254,0.4288990825688073,0.11599298016198878,0.10746450155642961,-0.1984054232796784,-0.19007434247225047,0.4869452812186192,0.4713074350638928,0.5147570758286666,0.5155963302752293,2026-09-25
BDX,Becton Dickinson,Health Care,Health Care Equipment,Health Care,3841.0,10795,BDX,50070143571.02051,,183.82000732421875,0.25966590288917135,1.0,False,0.21509530661725573,0.03854030144167759,0.07797993337407108,-0.059431117068459126,0.26632630935719775,-0.07597173144876324,-0.04968354585721857,0.018793634946647726,0.06397025795336096,0.039476314671563574,0.4876359095189701,0.30267445909421964,-0.6389063670302101,0.19767441860465115,0.13095238095238096,0.24468085106382978,0.7340425531914894,0.6071428571428571,0.8617021276595744,0.8617021276595744,0.18085106382978725,0.6847826086956522,0.39285714285714285,0.8404255319148937,0.5638297872340425,0.09782608695652174,0.5704225352112676,0.5323232323232323,0.562374245472837,0.09958071278825996,7,4,1,1,4,0.4411751814488992,0.31135902636916835,0.643574297188755,4.0,2.0,342.0,False,False,full,87.0,2026-08-06,2026-08-06,0.6773119418798245,0.7283516483516483,2275.0,0.45179355229302254,0.4610989010989011,0.11599298016198878,0.11661026436514899,-0.1984054232796784,-0.12756974651947742,0.4869452812186192,0.359421144452918,0.5147570758286666,0.33802197802197803,2026-09-25
CPAY,Corpay,Financials,Transaction & Payment Processing Services,Industrials,7389.0,1175454,CPAY,26139741996.079468,,398.1099853515625,0.36521090202114515,3.0,False,0.07627286218934291,0.32208790575863017,0.06545043472850766,-0.025031243614736264,0.376398389366106,0.3811526723511647,-0.07016678174473323,0.043642282321344296,0.06267873647129853,0.06535864243021211,0.13549804739967306,0.40352701249582856,-0.5225159715679826,0.046052631578947366,0.6918604651162791,0.11170212765957446,0.3967391304347826,0.28160919540229884,0.06989247311827956,0.9395604395604396,0.6075268817204301,0.7637362637362637,0.7321428571428571,0.4095744680851064,0.8010752688172043,0.08522727272727272,0.1659959758551308,0.702020202020202,0.8018108651911469,0.0859538784067086,7,4,1,1,4,0.4389452303682971,0.3093306288032454,0.6516064257028112,4.0,2.0,343.0,False,False,full,87.0,2026-08-10,2026-08-10,0.6773119418798245,0.6347583643122676,2152.0,0.45179355229302254,0.46514869888475835,0.11599298016198878,0.1218086094060693,-0.1984054232796784,-0.27988848361466795,0.4869452812186192,0.6515362083504068,0.5147570758286666,0.7007434944237918,2026-09-25
BKR,Baker Hughes,Energy,Oil & Gas Equipment & Services,Industrials,3533.0,1701605,BKR,57406343343.57051,,57.83000183105469,0.3309074145290382,2.0,False,0.08422652983656405,0.15551537070524413,0.08430254656024325,-0.025465602432535157,0.2941657164576207,0.3582860092927207,0.006892271917099624,0.0539313222141809,0.05448875190114918,0.053902891857459126,0.34679094400513993,0.3247885928824321,-0.23923063601698455,0.05921052631578947,0.31976744186046513,0.31382978723404253,0.4076086956521739,0.47701149425287354,0.0913978494623656,0.1043956043956044,0.7150537634408602,0.6978021978021978,0.6130952380952381,0.8031914893617021,0.7365591397849462,0.1534090909090909,0.05533199195171026,0.805050505050505,0.7374245472837022,0.1530398322851153,7,4,1,1,4,0.4377117191427582,0.30730223123732253,0.5953815261044176,4.0,2.0,344.0,False,False,full,87.0,2026-07-27,2026-07-27,0.6773119418798245,0.6660550458715596,2180.0,0.45179355229302254,0.4288990825688073,0.11599298016198878,0.10746450155642961,-0.1984054232796784,-0.19007434247225047,0.4869452812186192,0.4713074350638928,0.5147570758286666,0.5155963302752293,2026-09-25
DDOG,Datadog,Information Technology,Application Software,Information Technology,7372.0,1561550,DDOG,99482398801.63574,,268.1300048828125,0.6791474044208996,3.0,False,0.4178814005637498,0.0406634975590544,0.16283610515821098,-0.13930780008413188,,0.2963134713001392,0.03428252839919166,0.0017850795933670234,0.011882594451276573,,0.04389882082264579,0.6646067657730774,1.3518136764176234,0.7584269662921348,0.1206896551724138,0.5769230769230769,0.9615384615384616,,0.2722222222222222,0.10674157303370786,0.07142857142857142,0.15,,0.2032967032967033,0.7611111111111111,0.5511363636363636,0.3953722334004024,0.04141414141414142,0.7635814889336016,0.549266247379455,6,3,1,1,4,0.4374085277819001,0.3052738336713996,0.2359437751004016,4.0,2.0,345.0,False,False,full,87.0,2026-08-06,2026-08-06,0.6773119418798245,0.6347583643122676,2152.0,0.45179355229302254,0.46514869888475835,0.11599298016198878,0.1218086094060693,-0.1984054232796784,-0.27988848361466795,0.4869452812186192,0.6515362083504068,0.5147570758286666,0.7007434944237918,2026-09-25
HUBB,Hubbell Incorporated,Industrials,Industrial Machinery & Supplies & Components,Information Technology,3670.0,48898,HUBB,24657029725.72351,,466.6199951171875,0.3208939532291816,2.0,False,0.25265808950188295,0.24032797325266678,0.12818228257124867,-0.020587571426874323,0.305427848462169,0.2160615998035278,-0.009945516046203084,0.036731918242979854,0.036877921230365,0.046504959271854725,0.15284079396101788,0.0655736163299998,0.7700204639390315,0.37640449438202245,0.47701149425287354,0.4010989010989011,0.29120879120879123,0.3092105263157895,0.3611111111111111,0.5224719101123596,0.6868131868131868,0.6277777777777778,0.6824324324324325,0.6318681318681318,0.38333333333333336,0.39204545454545453,0.22233400402414488,0.7424242424242424,0.386317907444668,0.389937106918239,7,4,1,1,4,0.4352533152028235,0.30324543610547666,0.36244979919678716,4.0,2.0,346.0,False,False,full,178.0,2026-05-01,2026-05-01,0.6773119418798245,0.6660550458715596,2180.0,0.45179355229302254,0.4288990825688073,0.11599298016198878,0.10746450155642961,-0.1984054232796784,-0.19007434247225047,0.4869452812186192,0.4713074350638928,0.5147570758286666,0.5155963302752293,2026-09-25
TDY,Teledyne Technologies,Information Technology,Electronic Equipment & Instruments,Industrials,3812.0,1094285,TDY,28469337704.680298,,614.1500244140625,0.25892428029068165,1.0,False,0.1807936965000916,0.08927966295736593,0.0831980838197953,-0.019403942305175257,0.13265359545561634,0.009593530313441567,-0.011363661083790721,0.0342403469343702,0.040116844720706,0.04110923955900495,0.38351787854218405,0.04591842739170926,0.6936051828307989,0.2565789473684211,0.09883720930232558,0.2925531914893617,0.28804347826086957,0.9137931034482759,0.7795698924731183,0.44505494505494503,0.3709677419354839,0.489010989010989,0.2916666666666667,0.8351063829787234,0.42473118279569894,0.5056818181818182,0.32293762575452717,0.4797979797979798,0.42354124748490946,0.5052410901467506,7,4,1,1,4,0.43287948579604174,0.3012170385395537,0.2580321285140562,4.0,2.0,347.0,False,False,full,89.0,2026-07-24,2026-07-24,0.6773119418798245,0.7283516483516483,2275.0,0.45179355229302254,0.4610989010989011,0.11599298016198878,0.11661026436514899,-0.1984054232796784,-0.12756974651947742,0.4869452812186192,0.359421144452918,0.5147570758286666,0.33802197802197803,2026-09-25
DE,Deere & Company,Industrials,Agricultural & Farm Machinery,Industrials,3523.0,315189,DE,186165567893.9065,,690.4600219726562,0.318832671157411,2.0,True,,0.17409789210432297,0.06732833365859098,,,-0.0019477447897826572,-0.0026041563397589673,0.02617562449989175,0.032342178352934174,,0.15035003688733226,0.4451424930785306,0.2406577443382193,,0.4127906976744186,0.13297872340425532,,,0.8548387096774194,0.2802197802197802,0.16666666666666666,0.2802197802197802,,0.4521276595744681,0.8763440860215054,0.3465909090909091,0.29074446680080485,0.20303030303030303,0.8782696177062375,0.3480083857442348,4,3,1,1,4,0.43001319332039506,0.29918864097363085,0.3865461847389558,3.0,2.0,348.0,False,False,full,54.0,2026-08-27,2026-08-27,0.6809825195901146,0.6841372912801484,2156.0,0.4487643158529234,0.43042671614100186,0.11820791837067912,0.11520343802262178,-0.22464454728835553,-0.20277914453438184,0.5071020501378875,0.4834717165453357,0.5302893309222423,0.5097402597402597,2026-09-25
HII,Huntington Ingalls Industries,Industrials,Aerospace & Defense,Industrials,3730.0,1501585,HII,10403601531.048157,,264.0199890136719,0.3819451938961405,3.0,False,0.25808232140041004,0.12443524096385543,0.02736161488724176,0.024759501655890238,0.21305787730641854,0.04827244172590506,0.004178500595466872,0.06353568983080848,-0.007881885879162324,0.053308480355452235,0.5105924120745154,0.028236287270842153,0.8757353740963785,0.5460526315789473,0.23837209302325582,0.03723404255319149,0.03804347826086957,0.764367816091954,0.510752688172043,0.14835164835164835,0.8225806451612904,0.038461538461538464,0.5892857142857143,0.9308510638297872,0.3924731182795699,0.5625,0.11569416498993963,0.6434343434343435,0.39134808853118713,0.5628930817610063,7,4,1,1,4,0.4283424196791191,0.2971602434077079,0.2178714859437751,3.0,2.0,349.0,False,False,full,87.0,2026-07-30,2026-07-30,0.6809825195901146,0.6295979469632165,2338.0,0.4487643158529234,0.45979469632164244,0.11820791837067912,0.12075445997890832,-0.22464454728835553,-0.3181084935809928,0.5071020501378875,0.6970356175313409,0.5302893309222423,0.7211291702309667,2026-09-25
CCL,Carnival Corporation,Consumer Discretionary,"Hotels, Resorts & Cruise Lines",Industrials,4400.0,815097,CCL,30474692897.75,,22.25,0.4734548869570734,3.0,False,0.19834188557861684,0.23665946946329428,0.1300834801256031,-0.0713218963008348,0.4895841311174083,0.020775921039773326,0.17324336173506372,0.10070651114671576,0.10500515987927352,0.08297136687657436,0.42553341041075593,-0.16036302994741658,-0.19887464923526987,0.3223684210526316,0.5406976744186046,0.5797872340425532,0.8641304347826086,0.14367816091954022,0.7258064516129032,0.016483516483516484,0.9408602150537635,0.9395604395604396,0.8869047619047619,0.8670212765957447,0.1881720430107527,0.17613636363636365,0.37122736418511065,0.9727272727272728,0.19014084507042253,0.1740041928721174,7,4,1,1,4,0.42702491871373083,0.295131845841785,0.535140562248996,3.0,2.0,350.0,False,False,full,117.0,2026-06-26,2026-06-26,0.6809825195901146,0.6295979469632165,2338.0,0.4487643158529234,0.45979469632164244,0.11820791837067912,0.12075445997890832,-0.22464454728835553,-0.3181084935809928,0.5071020501378875,0.6970356175313409,0.5302893309222423,0.7211291702309667,2026-09-25
KMB,Kimberly-Clark,Consumer Staples,Household Products,Materials,2670.0,55785,KMB,32735754811.835068,,98.43000030517578,0.2822968200687372,2.0,False,0.32850059286407246,1.1171428571428572,0.17963781394847472,-0.07426969925622508,0.34892745499622724,0.10631447140897987,0.0024085241706206517,0.05972063302762771,0.05559670184669178,0.06571903888562099,0.05345836716028056,-0.09819240514232441,-0.6078102762112028,0.9,0.9807692307692307,0.8653846153846154,0.75,0.1,0.17307692307692307,0.25,0.75,0.74,0.6875,0.019230769230769232,0.28846153846153844,0.1346153846153846,0.693158953722334,0.5767676767676768,0.29074446680080485,0.13522012578616352,7,4,1,1,4,0.4239728057692448,0.29310344827586204,0.5512048192771084,3.0,2.0,351.0,False,False,full,87.0,2026-08-04,2026-08-04,0.6809825195901146,0.6841372912801484,2156.0,0.4487643158529234,0.43042671614100186,0.11820791837067912,0.11520343802262178,-0.22464454728835553,-0.20277914453438184,0.5071020501378875,0.4834717165453357,0.5302893309222423,0.5097402597402597,2026-09-25
LDOS,Leidos,Industrials,Diversified Support Services,Information Technology,7373.0,1336920,LDOS,15512092031.084366,,123.61000061035156,0.34766722404923756,2.0,False,0.20074206755373591,0.2604087812263437,0.14713408393039917,-0.059109518935516886,0.3858111566018424,0.15373828326813777,-0.02186423486966982,0.08870499203090476,0.13943960593230162,0.09761918807406908,0.3406374839326314,-0.251828206317687,-0.10775541329906338,0.3089887640449438,0.5344827586206896,0.5,0.6978021978021978,0.16447368421052633,0.42777777777777776,0.7359550561797753,0.9835164835164835,0.9944444444444445,0.9391891891891891,0.8736263736263736,0.08333333333333333,0.17613636363636365,0.4476861167002012,0.9868686868686869,0.08450704225352113,0.1740041928721174,7,4,1,1,4,0.42326650967363166,0.29107505070993916,0.5170682730923695,3.0,2.0,352.0,False,False,full,84.0,2026-08-04,2026-08-04,0.6809825195901146,0.6841372912801484,2156.0,0.4487643158529234,0.43042671614100186,0.11820791837067912,0.11520343802262178,-0.22464454728835553,-0.20277914453438184,0.5071020501378875,0.4834717165453357,0.5302893309222423,0.5097402597402597,2026-09-25
TKO,TKO Group Holdings,Communication Services,Movies & Entertainment,Consumer Discretionary,7900.0,1973266,TKO,13859301726.096588,,182.6699981689453,0.3153052777087606,2.0,False,,0.06759734882795061,0.11037672935548931,-0.09626212161327441,0.2846351000429299,0.060098470150481864,-0.6192746079055469,0.016563316430852643,,0.05574590265651997,0.24502908350754618,-0.08520773877308174,0.24258971075064145,,0.10714285714285714,0.30392156862745096,0.8921568627450981,0.45121951219512196,0.4411764705882353,0.99,0.07,,0.4125,0.71,0.3235294117647059,0.40625,0.60261569416499,0.3484848484848485,0.3209255533199195,0.40985324947589097,6,3,1,1,4,0.4204698363614122,0.28904665314401623,0.30220883534136544,3.0,2.0,353.0,False,False,full,87.0,2026-08-03,2026-08-03,0.6809825195901146,0.6841372912801484,2156.0,0.4487643158529234,0.43042671614100186,0.11820791837067912,0.11520343802262178,-0.22464454728835553,-0.20277914453438184,0.5071020501378875,0.4834717165453357,0.5302893309222423,0.5097402597402597,2026-09-25
PLTR,Palantir Technologies,Information Technology,Application Software,Information Technology,7372.0,1321655,PLTR,455757469590.1642,,189.6699981689453,0.5905066454036272,3.0,False,0.4469727613771693,0.30863844118502254,0.29115660110266983,-0.03284641844665149,,0.5855360694072298,0.013091063631001543,0.006619073084447158,0.007368550652652815,,0.021446042362814933,0.02170818305896316,3.0293988719024125,0.7808988764044944,0.6379310344827587,0.8846153846153846,0.4010989010989011,,0.11666666666666667,0.1853932584269663,0.11538461538461539,0.08333333333333333,,0.1043956043956044,0.3388888888888889,0.8011363636363636,0.5201207243460765,0.01919191919191919,0.341046277665996,0.80083857442348,6,3,1,1,4,0.42029937390686795,0.2870182555780933,0.0893574297188755,3.0,2.0,354.0,False,False,full,87.0,2026-08-04,2026-08-04,0.6809825195901146,0.6295979469632165,2338.0,0.4487643158529234,0.45979469632164244,0.11820791837067912,0.12075445997890832,-0.22464454728835553,-0.3181084935809928,0.5071020501378875,0.6970356175313409,0.5302893309222423,0.7211291702309667,2026-09-25
BXP,"BXP, Inc.",Real Estate,Office REITs,Real Estate,6798.0,1037540,BXP,10122542894.0242,,63.400001525878906,0.2738597291788606,2.0,False,0.08252338963073177,0.05756928272628607,0.05102513244984313,-0.03923600301566676,0.029792798238522652,-0.017459025127248173,0.008120200903529717,0.029318522342365337,,0.08735345165803306,0.5092737125414719,-0.053552397161162224,-0.08293414212798102,0.32142857142857145,0.25,0.15517241379310345,0.6111111111111112,0.9285714285714286,0.7758620689655172,0.25862068965517243,0.3620689655172414,,0.9736842105263158,0.7068965517241379,0.1896551724137931,0.29310344827586204,0.41146881287726356,0.7808080808080808,0.1921529175050302,0.2966457023060797,7,3,1,1,4,0.42026887837411364,0.28498985801217036,0.4046184738955823,3.0,2.0,355.0,False,False,full,87.0,2026-08-06,2026-08-06,0.6809825195901146,0.6841372912801484,2156.0,0.4487643158529234,0.43042671614100186,0.11820791837067912,0.11520343802262178,-0.22464454728835553,-0.20277914453438184,0.5071020501378875,0.4834717165453357,0.5302893309222423,0.5097402597402597,2026-09-25
ROL,"Rollins, Inc.",Industrials,Environmental & Facilities Services,Industrials,7340.0,84839,ROL,14448796812.49633,,30.030000686645508,0.2825813632303194,2.0,False,0.3663314189378503,0.37193418844611453,0.19284027217243152,-0.034352410123364645,0.20954970175252435,0.05499679249317624,-0.007210710998613146,0.03680001919191879,0.042852633892982654,0.048656837457394596,0.09894228692894239,-0.37701776700330847,0.4299052010015524,0.7828947368421053,0.75,0.8563829787234043,0.5163043478260869,0.7758620689655172,0.46774193548387094,0.3241758241758242,0.41397849462365593,0.532967032967033,0.4583333333333333,0.30319148936170215,0.03763440860215054,0.42613636363636365,0.829979879275654,0.38484848484848483,0.03722334004024145,0.42557651991614254,7,4,1,1,4,0.41940705602013073,0.2829614604462475,0.28012048192771083,3.0,2.0,356.0,False,False,full,87.0,2026-07-23,2026-07-23,0.6809825195901146,0.6841372912801484,2156.0,0.4487643158529234,0.43042671614100186,0.11820791837067912,0.11520343802262178,-0.22464454728835553,-0.20277914453438184,0.5071020501378875,0.4834717165453357,0.5302893309222423,0.5097402597402597,2026-09-25
EW,Edwards Lifesciences,Health Care,Health Care Equipment,Health Care,3842.0,1099800,EW,49737556527.70996,,86.29000091552734,0.25160713759855624,1.0,False,0.3655486727578225,0.09464117536259183,0.12405621939698999,-0.05158973397465945,0.04317413157761897,0.028053111122643415,-0.01822517458695283,0.020204048412393292,0.028823289684552715,0.03144288568805923,0.21348053143874213,0.16690245489538458,-0.057207634055878614,0.686046511627907,0.2976190476190476,0.6063829787234043,0.6702127659574468,0.9642857142857143,0.5638297872340425,0.5638297872340425,0.20212765957446807,0.16304347826086957,0.2261904761904762,0.5425531914893617,0.43617021276595747,0.25,0.8098591549295775,0.1787878787878788,0.43762575452716296,0.24947589098532494,7,4,1,1,4,0.4189371698074861,0.28093306288032455,0.4327309236947791,3.0,2.0,357.0,False,False,full,87.0,2026-08-04,2026-08-04,0.6809825195901146,0.7338935574229691,2142.0,0.4487643158529234,0.45518207282913165,0.11820791837067912,0.1183778690962689,-0.22464454728835553,-0.1342167813302657,0.5071020501378875,0.37359447044546,0.5302893309222423,0.3426704014939309,2026-09-25
SMCI,Supermicro,Information Technology,"Technology Hardware, Storage & Peripherals",Information Technology,3571.0,1375365,SMCI,28420321409.145416,,43.2599983215332,0.9519203604551318,3.0,False,0.14116497164662686,0.1540426391827536,-0.2274095775497507,0.3018934051020143,,1.1361499922708886,0.10549367632039086,0.07848092102442794,-0.2453133762856217,,0.509475307880953,-0.22236128812638445,3.7518388553284665,0.10674157303370786,0.3390804597701149,0.005494505494505495,0.016483516483516484,,0.022222222222222223,0.06179775280898876,0.9175824175824175,0.005555555555555556,,0.9615384615384616,0.11666666666666667,0.8465909090909091,0.005030181086519115,0.7,0.11468812877263582,0.8469601677148847,6,3,1,1,4,0.4166696193935099,0.2789046653144016,0.07329317269076305,3.0,2.0,358.0,False,False,full,87.0,2026-08-31,2026-08-31,0.6809825195901146,0.6295979469632165,2338.0,0.4487643158529234,0.45979469632164244,0.11820791837067912,0.12075445997890832,-0.22464454728835553,-0.3181084935809928,0.5071020501378875,0.6970356175313409,0.5302893309222423,0.7211291702309667,2026-09-25
RTX,RTX Corporation,Industrials,Aerospace & Defense,Industrials,3724.0,101829,RTX,255265384247.5371,,189.39999389648438,0.2601666678053437,1.0,False,0.049036626583588164,0.11657652500112992,0.08165681833858322,-0.03717839652357851,0.2148794058814062,0.040882140015196855,0.006885341058527894,0.030313550044436387,0.044686826745526737,0.0369668647951333,0.2600313403075154,0.2598655105045453,0.4418970767257796,0.019736842105263157,0.21511627906976744,0.26063829787234044,0.5489130434782609,0.7413793103448276,0.5860215053763441,0.11538461538461539,0.25268817204301075,0.5659340659340659,0.20833333333333334,0.6968085106382979,0.6827956989247311,0.4375,0.15191146881287726,0.39090909090909093,0.6810865191146881,0.4371069182389937,7,4,1,1,4,0.41525349926891253,0.2768762677484787,0.2560240963855422,3.0,2.0,359.0,False,False,full,87.0,2026-07-23,2026-07-23,0.6809825195901146,0.7338935574229691,2142.0,0.4487643158529234,0.45518207282913165,0.11820791837067912,0.1183778690962689,-0.22464454728835553,-0.1342167813302657,0.5071020501378875,0.37359447044546,0.5302893309222423,0.3426704014939309,2026-09-25
BEN,Franklin Resources,Financials,Asset Management & Custody Banks,Financials,6282.0,38777,BEN,16776699800.779152,,33.02000045776367,0.2808405440067266,2.0,True,,0.06924400674720145,0.00766492839996689,,,0.11338096964260491,-0.021414988256590606,0.04844814591975065,0.007349478828623591,,0.6996727687441154,0.533811346997777,0.45239326027925536,,0.125,0.13970588235294118,,,0.2426470588235294,0.44696969696969696,0.23134328358208955,0.07,,0.6791044776119403,0.9632352941176471,0.3923076923076923,0.039235412474849095,0.2636363636363636,0.9647887323943662,0.39308176100628933,4,3,1,1,4,0.4151855673779671,0.2748478701825558,0.29417670682730923,3.0,2.0,360.0,False,False,full,87.0,2026-07-31,2026-07-31,0.6809825195901146,0.6841372912801484,2156.0,0.4487643158529234,0.43042671614100186,0.11820791837067912,0.11520343802262178,-0.22464454728835553,-0.20277914453438184,0.5071020501378875,0.4834717165453357,0.5302893309222423,0.5097402597402597,2026-09-25
GNRC,Generac,Industrials,Heavy Electrical Equipment,Industrials,3621.0,1474735,GNRC,12281583942.525375,,208.13999938964844,0.562351182538983,3.0,False,0.30405458900849963,0.08972509602543488,0.0949616529435907,-0.0502304946630814,0.21843590023892306,0.07113827361596758,0.005631097483192127,0.02102293981039299,0.03087948604795496,0.03174451123091049,0.23430389870447726,0.10740747695275599,1.0273833366448653,0.6644736842105263,0.11046511627906977,0.39893617021276595,0.6684782608695652,0.7183908045977011,0.3924731182795699,0.12637362637362637,0.11290322580645161,0.22527472527472528,0.1488095238095238,0.6329787234042553,0.510752688172043,0.6534090909090909,0.32494969818913483,0.1707070707070707,0.5100603621730382,0.6519916142557652,7,4,1,1,4,0.4144271863312522,0.27281947261663286,0.1495983935742972,3.0,2.0,361.0,False,False,full,87.0,2026-08-04,2026-08-04,0.6809825195901146,0.6295979469632165,2338.0,0.4487643158529234,0.45979469632164244,0.11820791837067912,0.12075445997890832,-0.22464454728835553,-0.3181084935809928,0.5071020501378875,0.6970356175313409,0.5302893309222423,0.7211291702309667,2026-09-25
DVN,Devon Energy,Energy,Oil & Gas Exploration & Production,Energy,1311.0,1090012,DVN,51754999160.7666,,47.04999923706055,0.3500289510535634,2.0,False,0.05243112860225974,0.07856851989364505,0.12064660826879946,-0.07437969898297433,0.18175278236215142,1.2584581076776042,0.7328292375551355,0.06337552030116614,0.0906965525285591,0.03471502636417035,0.8066273920770679,0.409765231730554,1.7568528628500042,0.03125,0.075,0.325,0.575,0.5526315789473685,0.025,0.025,0.525,0.7352941176470589,0.14705882352941177,0.925,0.475,0.525,0.035211267605633804,0.6252525252525253,0.4738430583501006,0.5230607966457023,7,4,1,1,4,0.41434191196349046,0.27079107505070993,0.20180722891566266,3.0,2.0,362.0,False,False,full,87.0,2026-08-05,2026-08-05,0.6809825195901146,0.6841372912801484,2156.0,0.4487643158529234,0.43042671614100186,0.11820791837067912,0.11520343802262178,-0.22464454728835553,-0.20277914453438184,0.5071020501378875,0.4834717165453357,0.5302893309222423,0.5097402597402597,2026-09-25
VRTX,Vertex Pharmaceuticals,Health Care,Biotechnology,Health Care,2834.0,875320,VRTX,133368604218.36108,,526.1900024414062,0.2845860463073754,2.0,False,0.39471544270747866,0.21756330286103745,0.15654206459470596,0.004095057852264316,,0.1408928846305857,-0.011426809006386152,0.033030262450580015,0.028463220577646147,,0.15181908904773886,0.39035849036020465,0.033697174497551906,0.8023255813953488,0.6547619047619048,0.7553191489361702,0.031914893617021274,,0.07446808510638298,0.3723404255319149,0.39361702127659576,0.14130434782608695,,0.43617021276595747,0.7340425531914894,0.31521739130434784,0.34909456740442657,0.25353535353535356,0.7334004024144869,0.31551362683438156,6,3,1,1,4,0.4128859875471621,0.268762677484787,0.34839357429718876,3.0,2.0,363.0,False,False,full,87.0,2026-08-04,2026-08-04,0.6809825195901146,0.6841372912801484,2156.0,0.4487643158529234,0.43042671614100186,0.11820791837067912,0.11520343802262178,-0.22464454728835553,-0.20277914453438184,0.5071020501378875,0.4834717165453357,0.5302893309222423,0.5097402597402597,2026-09-25
MET,MetLife,Financials,Life & Health Insurance,Financials,6311.0,1099219,MET,62086093828.57832,,97.69999694824219,0.23577165713698178,1.0,True,,0.13213804161655918,0.020487982174744394,,,0.0810027474482895,-0.04443303660400655,0.05840277228603721,,,0.441983032074227,0.188379337568358,0.0838491861320251,,0.4485294117647059,0.3602941176470588,,,0.4632352941176471,0.75,0.3358208955223881,,,0.44029850746268656,0.5955882352941176,0.19230769230769232,0.528169014084507,0.33636363636363636,0.5925553319919518,0.19392033542976939,4,2,1,1,4,0.4127520794674661,0.2667342799188641,0.4608433734939759,3.0,2.0,364.0,False,False,full,87.0,2026-08-06,2026-08-06,0.6809825195901146,0.7338935574229691,2142.0,0.4487643158529234,0.45518207282913165,0.11820791837067912,0.1183778690962689,-0.22464454728835553,-0.1342167813302657,0.5071020501378875,0.37359447044546,0.5302893309222423,0.3426704014939309,2026-09-25
MSI,Motorola Solutions,Information Technology,Communications Equipment,Information Technology,3663.0,68505,MSI,75610802669.51514,,456.8800048828125,0.26166302896174176,1.0,False,0.33063091154765617,0.7986526946107785,0.154557738280844,-0.04365450576863112,0.46938987631223367,0.17243480380209597,-0.006663145580498853,0.028223480305154716,0.035404993803607857,0.03631476494358803,0.03533886568667919,0.07079800275346804,0.3069759223932462,0.601123595505618,0.8908045977011494,0.521978021978022,0.521978021978022,0.07236842105263158,0.40555555555555556,0.4550561797752809,0.521978021978022,0.5944444444444444,0.5202702702702703,0.14835164835164835,0.39444444444444443,0.3465909090909091,0.4919517102615694,0.41515151515151516,0.3953722334004024,0.3480083857442348,7,4,1,1,4,0.4126209611394305,0.2647058823529412,0.33634538152610444,3.0,2.0,365.0,False,False,full,83.0,2026-08-05,2026-08-05,0.6809825195901146,0.7338935574229691,2142.0,0.4487643158529234,0.45518207282913165,0.11820791837067912,0.1183778690962689,-0.22464454728835553,-0.1342167813302657,0.5071020501378875,0.37359447044546,0.5302893309222423,0.3426704014939309,2026-09-25
CSGP,CoStar Group,Real Estate,Real Estate Services,Industrials,7389.0,1057352,CSGP,11382000308.748245,,28.09000015258789,0.4503580490054803,3.0,False,0.2759246474011244,0.009278870398386284,0.049018640891606666,-0.041759542361179604,0.09862905611993293,-0.03503345356949106,-0.04355661095835439,0.006466350202383213,0.024600245335153526,0.006926951948661005,0.6968898071372777,-0.6198886019815446,1.5476895525755827,0.625,0.040697674418604654,0.05851063829787234,0.592391304347826,0.9367816091954023,0.9301075268817204,0.8626373626373627,0.04838709677419355,0.14835164835164835,0.02976190476190476,0.9627659574468085,0.005376344086021506,0.7443181818181818,0.7052313883299799,0.198989898989899,0.001006036217303823,0.7442348008385744,7,4,1,1,4,0.41236553109393925,0.26267748478701824,0.10341365461847389,3.0,2.0,366.0,False,False,full,87.0,2026-07-29,2026-07-29,0.6809825195901146,0.6295979469632165,2338.0,0.4487643158529234,0.45979469632164244,0.11820791837067912,0.12075445997890832,-0.22464454728835553,-0.3181084935809928,0.5071020501378875,0.6970356175313409,0.5302893309222423,0.7211291702309667,2026-09-25
PHM,PulteGroup,Consumer Discretionary,Homebuilding,Consumer Discretionary,1531.0,822416,PHM,22466186632.970123,,119.8499984741211,0.32912819090892037,2.0,False,,0.14649511350741767,0.08904895585053871,0.015338503295426483,,0.03840040127790778,-0.04989941741503623,0.08485854903396035,0.06732085977512636,,0.5792585636630372,-0.03792355319802898,-0.5758164615191949,,0.25,0.18627450980392157,0.08823529411764706,,0.5980392156862745,0.79,0.95,0.7040816326530612,,0.85,0.38235294117647056,0.13541666666666666,0.2022132796780684,0.9202020202020202,0.38329979879275655,0.13731656184486374,5,3,1,1,4,0.4107579151294273,0.2606490872210953,0.5070281124497992,3.0,2.0,367.0,False,False,full,87.0,2026-07-22,2026-07-22,0.6809825195901146,0.6841372912801484,2156.0,0.4487643158529234,0.43042671614100186,0.11820791837067912,0.11520343802262178,-0.22464454728835553,-0.20277914453438184,0.5071020501378875,0.4834717165453357,0.5302893309222423,0.5097402597402597,2026-09-25
RVTY,Revvity,Health Care,Health Care Equipment,Information Technology,3826.0,31791,RVTY,16861821123.216934,,151.11000061035156,0.38987176192201484,3.0,False,0.16518823022133627,0.0328623533945942,0.0521037397659639,-0.03238289685878122,0.2660878441459512,-0.02563782330993436,-0.0386497741327021,0.014088276602158554,0.033099212470682524,0.018842920908651372,0.4287056509007066,0.4720564276976482,0.03437055292611007,0.1853932584269663,0.09770114942528736,0.038461538461538464,0.3901098901098901,0.4276315789473684,0.8833333333333333,0.8258426966292135,0.22527472527472528,0.55,0.18243243243243243,0.9395604395604396,0.6944444444444444,0.2215909090909091,0.2665995975855131,0.4575757575757576,0.6951710261569416,0.22012578616352202,7,4,1,1,4,0.4098680418704335,0.25862068965517243,0.428714859437751,3.0,2.0,368.0,False,False,full,82.0,2026-08-11,2026-08-11,0.6809825195901146,0.6295979469632165,2338.0,0.4487643158529234,0.45979469632164244,0.11820791837067912,0.12075445997890832,-0.22464454728835553,-0.3181084935809928,0.5071020501378875,0.6970356175313409,0.5302893309222423,0.7211291702309667,2026-09-25
MCD,McDonald's,Consumer Discretionary,Restaurants,Consumer Discretionary,5812.0,63908,MCD,167357222081.5,,236.5,0.19176675514847366,1.0,False,,,0.18931909212283043,-0.042673564753004004,0.6652703604806408,0.00612878851481824,-0.008356034121839606,0.052504456579237954,0.04637385768879774,0.06203541809068546,-0.006112673162690386,-0.11675077282869151,0.8474694618557376,,,0.7156862745098039,0.4019607843137255,0.13414634146341464,0.7156862745098039,0.37,0.55,0.45918367346938777,0.5125,0.17,0.30392156862745096,0.5520833333333334,0.39738430583501005,0.3787878787878788,0.3028169014084507,0.5524109014675053,5,4,1,1,4,0.40784999687471124,0.2565922920892495,0.17771084337349397,3.0,2.0,369.0,False,False,full,87.0,2026-08-07,2026-08-07,0.6809825195901146,0.7338935574229691,2142.0,0.4487643158529234,0.45518207282913165,0.11820791837067912,0.1183778690962689,-0.22464454728835553,-0.1342167813302657,0.5071020501378875,0.37359447044546,0.5302893309222423,0.3426704014939309,2026-09-25
DHI,D. R. Horton,Consumer Discretionary,Homebuilding,Consumer Discretionary,1531.0,882184,DHI,39580524756.72505,,141.50999450683594,0.35339153642470145,2.0,False,0.20653605869963546,0.1281680975671194,0.09182362720582395,-0.008208417667954852,,0.003170686808129597,-0.061794055845890594,0.07713136747842858,0.08090342459282125,,0.6017984891914014,-0.13674904493606999,-0.4244678242726419,0.21794871794871795,0.2261904761904762,0.20588235294117646,0.14705882352941177,,0.7352941176470589,0.85,0.91,0.8061224489795918,,0.91,0.28431372549019607,0.15625,0.23440643863179075,0.9525252525252526,0.28269617706237427,0.15828092243186584,6,3,1,1,4,0.40697719766282087,0.25456389452332656,0.47289156626506024,3.0,2.0,370.0,False,False,full,87.0,2026-07-23,2026-07-23,0.6809825195901146,0.6841372912801484,2156.0,0.4487643158529234,0.43042671614100186,0.11820791837067912,0.11520343802262178,-0.22464454728835553,-0.20277914453438184,0.5071020501378875,0.4834717165453357,0.5302893309222423,0.5097402597402597,2026-09-25
AOS,A. O. Smith,Industrials,Building Products,Consumer Discretionary,3630.0,91142,AOS,8085640761.961609,,58.650001525878906,0.26830444126061676,1.0,False,0.40290849224859376,0.2716216949888702,0.18995747016051584,-0.052682123748113596,0.17492111400740842,0.12252440940031417,-0.0324313785030621,0.06187512093706043,0.07907845757976502,0.07800426378435392,0.22779889117323926,-0.17656540000915832,-1.5181644018766216,0.3717948717948718,0.4642857142857143,0.7352941176470589,0.5588235294117647,0.5975609756097561,0.2647058823529412,0.57,0.73,0.7653061224489796,0.7875,0.69,0.16666666666666666,0.07291666666666667,0.5362173038229376,0.8555555555555555,0.16498993963782696,0.07023060796645703,7,4,1,1,4,0.4067483517456943,0.2525354969574036,0.5451807228915663,3.0,2.0,371.0,False,False,full,87.0,2026-07-30,2026-07-30,0.6809825195901146,0.7338935574229691,2142.0,0.4487643158529234,0.45518207282913165,0.11820791837067912,0.1183778690962689,-0.22464454728835553,-0.1342167813302657,0.5071020501378875,0.37359447044546,0.5302893309222423,0.3426704014939309,2026-09-25
MRNA,Moderna,Health Care,Biotechnology,Health Care,2836.0,1682852,MRNA,79400035553.71399,,198.8800048828125,1.271963631699292,3.0,False,0.0475321594745005,-0.4660553172607602,-0.09789252805400966,-0.18958124258735518,0.05391843809871362,-0.08734388009991678,0.0261029565719606,-0.03968512076884845,-0.015667499281639945,-0.044353578655037876,0.08515109537232128,4.433217063585451,0.042349581165928234,0.011627906976744186,0.023809523809523808,0.010638297872340425,0.9787234042553191,0.8928571428571429,0.9042553191489362,0.031914893617021274,0.031914893617021274,0.010869565217391304,0.011904761904761904,0.26595744680851063,0.9893617021276596,0.358695652173913,0.27062374245472837,0.007070707070707071,0.9909456740442656,0.35744234800838576,7,4,1,1,4,0.4065206178945217,0.25050709939148075,0.29819277108433734,3.0,2.0,372.0,False,False,full,87.0,2026-07-31,2026-07-31,0.6809825195901146,0.6295979469632165,2338.0,0.4487643158529234,0.45979469632164244,0.11820791837067912,0.12075445997890832,-0.22464454728835553,-0.3181084935809928,0.5071020501378875,0.6970356175313409,0.5302893309222423,0.7211291702309667,2026-09-25
WY,Weyerhaeuser,Real Estate,Timber REITs,Real Estate,6798.0,106535,WY,14421927524.963379,,20.010000228881836,0.2655932272142841,1.0,False,0.06019499788045782,0.04991539763113367,0.03312541633864228,-0.004541876097620057,0.32114091927572214,0.0021240441801189114,-0.0010741346978770938,0.03272794147543732,0.01463049926126541,0.043963078769962693,0.6556682512536763,-0.031826533248697775,0.6835303065177804,0.10714285714285714,0.21153846153846154,0.017241379310344827,0.09259259259259259,0.7380952380952381,0.6724137931034483,0.46551724137931033,0.46551724137931033,0.20588235294117646,0.6578947368421053,0.8448275862068966,0.25862068965517243,0.6724137931034483,0.11971830985915492,0.5686868686868687,0.25855130784708247,0.6698113207547169,7,4,1,1,4,0.40419195178695577,0.2484787018255578,0.11144578313253012,3.0,2.0,373.0,False,False,full,87.0,2026-07-31,2026-07-31,0.6809825195901146,0.7338935574229691,2142.0,0.4487643158529234,0.45518207282913165,0.11820791837067912,0.1183778690962689,-0.22464454728835553,-0.1342167813302657,0.5071020501378875,0.37359447044546,0.5302893309222423,0.3426704014939309,2026-09-25
BX,Blackstone Inc.,Financials,Asset Management & Custody Banks,Financials,6282.0,1393818,BX,88889024625.44437,,118.41999816894531,0.3676329093584726,3.0,True,,0.3903732002831425,0.11219965758188351,,,0.09959924707801493,0.01836060097751635,0.039589094546017556,0.0617200945011784,,0.10141345388797976,-0.12759427356065345,1.5249340080192189,,0.9485294117647058,0.9191176470588235,,,0.33088235294117646,0.06818181818181818,0.17164179104477612,0.41,,0.022388059701492536,0.09558823529411764,0.7307692307692307,0.6790744466800804,0.10808080808080808,0.09557344064386318,0.7327044025157232,4,3,1,1,4,0.40385827448011874,0.24645030425963488,0.09337349397590361,3.0,2.0,374.0,False,False,full,87.0,2026-08-07,2026-08-07,0.6809825195901146,0.6295979469632165,2338.0,0.4487643158529234,0.45979469632164244,0.11820791837067912,0.12075445997890832,-0.22464454728835553,-0.3181084935809928,0.5071020501378875,0.6970356175313409,0.5302893309222423,0.7211291702309667,2026-09-25
CPRT,Copart,Industrials,Diversified Support Services,Consumer Discretionary,5500.0,900075,CPRT,25543138929.64762,,27.59000015258789,0.3110992558491699,2.0,False,0.10444587417851897,0.17701781026875874,0.17467309687724245,-0.013703545100256648,,-0.0023971740929850105,-0.04253096678412338,0.06080697459611034,0.05243043948860812,,0.3435076645891713,-0.26639980469293423,0.23581926326218822,0.0641025641025641,0.2976190476190476,0.6372549019607843,0.18627450980392157,,0.7745098039215687,0.67,0.67,0.5816326530612245,,0.79,0.12745098039215685,0.3854166666666667,0.31891348088531185,0.7787878787878788,0.12977867203219315,0.3867924528301887,6,3,1,1,4,0.4035681211338931,0.24442190669371197,0.2600401606425703,3.0,2.0,375.0,False,False,full,148.0,2026-05-29,2026-05-29,0.6809825195901146,0.6841372912801484,2156.0,0.4487643158529234,0.43042671614100186,0.11820791837067912,0.11520343802262178,-0.22464454728835553,-0.20277914453438184,0.5071020501378875,0.4834717165453357,0.5302893309222423,0.5097402597402597,2026-09-25
NOC,Northrop Grumman,Industrials,Aerospace & Defense,Industrials,3812.0,1133421,NOC,72526014472.76898,,510.5199890136719,0.2727210948876663,2.0,False,0.2681874593700136,0.25139789756206665,0.10003348895849339,-0.011465043437149105,0.29925339321947086,0.026531313825807423,-0.007821851342640684,0.06199154927626822,0.0502716166951232,0.053834436492994235,0.2465873815072911,-0.09981804860513943,-0.1080578525455524,0.5986842105263158,0.5872093023255814,0.4308510638297872,0.20108695652173914,0.46551724137931033,0.6827956989247311,0.34615384615384615,0.8010752688172043,0.6098901098901099,0.6011904761904762,0.6542553191489362,0.25268817204301075,0.1875,0.4154929577464789,0.7565656565656566,0.2545271629778672,0.18763102725366876,7,4,1,1,4,0.40355420113591783,0.24239350912778904,0.4347389558232932,3.0,2.0,376.0,False,False,full,87.0,2026-07-21,2026-07-21,0.6809825195901146,0.6841372912801484,2156.0,0.4487643158529234,0.43042671614100186,0.11820791837067912,0.11520343802262178,-0.22464454728835553,-0.20277914453438184,0.5071020501378875,0.4834717165453357,0.5302893309222423,0.5097402597402597,2026-09-25
ESS,Essex Property Trust,Real Estate,Multi-Family Residential REITs,Real Estate,6798.0,920522,ESS,17455949775.357788,,271.6099853515625,0.1948941583382907,1.0,False,0.10468238377423633,0.07774494169063621,0.08667985910083359,-0.05459486062584052,0.49514470974551533,-0.02148376245781014,-0.002105194610361405,0.0237077904855233,,0.02636634196678609,0.3049431894857119,0.08869664031666957,-1.318517265514705,0.5357142857142857,0.5192307692307693,0.7413793103448276,0.7962962962962963,0.40476190476190477,0.8448275862068966,0.5,0.25862068965517243,,0.23684210526315788,0.3620689655172414,0.5689655172413793,0.05172413793103448,0.8038229376257545,0.18686868686868688,0.5704225352112676,0.051362683438155136,7,3,1,1,4,0.403119210785966,0.24036511156186613,0.5532128514056225,3.0,2.0,377.0,False,False,full,87.0,2026-07-30,2026-07-30,0.6809825195901146,0.7338935574229691,2142.0,0.4487643158529234,0.45518207282913165,0.11820791837067912,0.1183778690962689,-0.22464454728835553,-0.1342167813302657,0.5071020501378875,0.37359447044546,0.5302893309222423,0.3426704014939309,2026-09-25
ORLY,O'Reilly Automotive,Consumer Discretionary,Automotive Retail,Consumer Discretionary,5531.0,898173,ORLY,69663656874.95331,,86.11499786376953,0.2599476535827919,1.0,False,0.5514983625389582,,0.18916654532639843,-0.03675086186094796,0.40338698068377943,0.09914258095716733,-0.046595218262963645,0.03804528959422038,0.03095242335426775,0.04752969408081087,-0.02635125806408839,-0.17632867950399667,2.051919205989437,0.6794871794871795,,0.696078431372549,0.30392156862745096,0.2804878048780488,0.30392156862745096,0.77,0.35,0.19387755102040816,0.3375,0.13,0.18627450980392157,0.7395833333333334,0.5301810865191147,0.15454545454545454,0.1881287726358149,0.7389937106918238,6,4,1,1,4,0.402962256098052,0.2383367139959432,0.08734939759036145,3.0,2.0,378.0,False,False,full,87.0,2026-08-07,2026-08-07,0.6809825195901146,0.7338935574229691,2142.0,0.4487643158529234,0.45518207282913165,0.11820791837067912,0.1183778690962689,-0.22464454728835553,-0.1342167813302657,0.5071020501378875,0.37359447044546,0.5302893309222423,0.3426704014939309,2026-09-25
SBAC,SBA Communications,Real Estate,Telecom Tower REITs,Real Estate,6798.0,1034054,SBAC,17626538828.989563,,166.14999389648438,0.3336949736371773,2.0,False,0.18378608315903502,,0.1093751490335811,-0.025004002616178064,1.0840465938587944,0.09064628644688333,-0.012021930207162579,0.056205759372941644,0.05877796032741565,0.045593734409808684,-0.2626638187404943,0.005959897111651236,-0.2618835541828025,0.8214285714285714,,0.8793103448275862,0.3148148148148148,0.023809523809523808,0.1896551724137931,0.7758620689655172,0.8793103448275862,0.5588235294117647,0.8157894736842105,0.017241379310344827,0.29310344827586204,0.1896551724137931,0.5160965794768612,0.598989898989899,0.2947686116700201,0.1918238993710692,6,4,1,1,4,0.4004197473769624,0.2363083164300203,0.4186746987951807,3.0,2.0,379.0,False,False,full,87.0,2026-08-06,2026-08-06,0.6809825195901146,0.6841372912801484,2156.0,0.4487643158529234,0.43042671614100186,0.11820791837067912,0.11520343802262178,-0.22464454728835553,-0.20277914453438184,0.5071020501378875,0.4834717165453357,0.5302893309222423,0.5097402597402597,2026-09-25
BG,Bunge Global,Consumer Staples,Agricultural Products & Services,Consumer Staples,2070.0,1996862,BG,21147974535.0,,109.0,0.31488899612217564,2.0,False,0.07520598621153522,0.04256777812402618,0.01235917269211367,0.001996805111821086,0.30588952412981335,0.7845461365341335,0.4435337630218026,0.03229623711101182,-0.05489887450349155,0.047387285400188335,0.7587014999212075,0.46696480681404484,-0.5565606569801888,0.016666666666666666,0.21153846153846154,0.016666666666666666,0.08333333333333333,0.5689655172413793,0.016666666666666666,0.017241379310344827,0.39655172413793105,0.017241379310344827,0.46296296296296297,0.9137931034482759,0.9833333333333333,0.1875,0.009054325955734407,0.41919191919191917,0.9839034205231388,0.18763102725366876,7,4,1,1,4,0.3999451732311153,0.23427991886409735,0.4206827309236948,3.0,2.0,380.0,False,False,full,178.0,2026-04-29,2026-04-29,0.6809825195901146,0.6841372912801484,2156.0,0.4487643158529234,0.43042671614100186,0.11820791837067912,0.11520343802262178,-0.22464454728835553,-0.20277914453438184,0.5071020501378875,0.4834717165453357,0.5302893309222423,0.5097402597402597,2026-09-25
OMC,Omnicom Group,Communication Services,Advertising,Communication Services,7311.0,29989,OMC,21703222260.284943,,76.1500015258789,0.3605984458952775,2.0,False,0.037530496530550565,0.006675779635693169,0.06348081745712474,-0.062219927268651665,0.0013489523603664186,0.7772367208869697,0.46075064242160324,0.002902794766806801,0.13778138398702186,0.03651075002203924,0.43482483323543586,0.10673897723371062,-0.040021646129568794,0.21428571428571427,0.2916666666666667,0.2916666666666667,0.5416666666666666,0.9583333333333334,0.045454545454545456,0.08333333333333333,0.2916666666666667,0.7916666666666666,0.22727272727272727,0.375,0.7083333333333334,0.375,0.1398390342052314,0.37676767676767675,0.7072434607645876,0.3752620545073375,7,4,1,1,4,0.3997780565612083,0.23225152129817445,0.2540160642570281,3.0,2.0,381.0,False,False,full,178.0,2026-04-29,2026-04-29,0.6809825195901146,0.6841372912801484,2156.0,0.4487643158529234,0.43042671614100186,0.11820791837067912,0.11520343802262178,-0.22464454728835553,-0.20277914453438184,0.5071020501378875,0.4834717165453357,0.5302893309222423,0.5097402597402597,2026-09-25
GILD,Gilead Sciences,Health Care,Biotechnology,Health Care,2836.0,882095,GILD,187146422462.4472,,150.92999267578125,0.2638983603756103,1.0,False,0.49106600218791785,-0.27390311945219376,0.2745431708601758,-0.34018070580608567,0.5317045500587496,-0.11412214425441036,-0.0006864573279022901,-0.01731264727034864,0.06915975111732174,-0.0118784041986951,0.06320719276572656,0.34339383013480806,-6.529687410745117,0.9186046511627907,0.023809523809523808,0.9680851063829787,0.9787234042553191,0.13095238095238096,0.9680851063829787,0.26595744680851063,0.07446808510638298,0.7717391304347826,0.05952380952380952,0.22340425531914893,0.648936170212766,0.010869565217391304,0.7635814889336016,0.17474747474747473,0.6468812877263581,0.009433962264150943,7,4,1,1,4,0.39866105341789637,0.2302231237322515,0.5833333333333334,3.0,2.0,382.0,False,False,full,87.0,2026-08-06,2026-08-06,0.6809825195901146,0.7338935574229691,2142.0,0.4487643158529234,0.45518207282913165,0.11820791837067912,0.1183778690962689,-0.22464454728835553,-0.1342167813302657,0.5071020501378875,0.37359447044546,0.5302893309222423,0.3426704014939309,2026-09-25
MRK,Merck & Co.,Health Care,Pharmaceuticals,Health Care,2834.0,310158,MRK,367065793289.9559,,148.77999877929688,0.29949126826811595,2.0,False,0.3742084097317453,0.07566832804712278,0.15382659743301336,-0.12938167362598418,0.39353014591454677,0.10448167592726532,-0.012255496339790284,0.008644226887939829,0.04376054727418137,0.01871019855570471,0.11423837569870182,0.8015759059625291,-0.9766306559030001,0.7093023255813954,0.25,0.7340425531914894,0.9468085106382979,0.20238095238095238,0.13829787234042554,0.39361702127659576,0.11702127659574468,0.31521739130434784,0.13095238095238096,0.30851063829787234,0.9468085106382979,0.07608695652173914,0.4517102615694165,0.1202020202020202,0.9426559356136821,0.07861635220125786,7,4,1,1,4,0.3982961423965942,0.2281947261663286,0.5130522088353414,3.0,2.0,383.0,False,False,full,87.0,2026-08-07,2026-08-07,0.6809825195901146,0.6841372912801484,2156.0,0.4487643158529234,0.43042671614100186,0.11820791837067912,0.11520343802262178,-0.22464454728835553,-0.20277914453438184,0.5071020501378875,0.4834717165453357,0.5302893309222423,0.5097402597402597,2026-09-25
META,Meta Platforms,Communication Services,Interactive Media & Services,Information Technology,7370.0,1326801,META,1928759491088.8672,,751.6599731445312,0.4142308882265556,3.0,False,0.41467832410280114,0.260691138920684,0.2895860928624132,-0.1382424059241348,0.18593818062210526,0.5265993540156881,-0.0015564202334630295,0.035306631186844226,0.02124474315709902,0.04522352047731257,0.13543471915854557,-0.21862180142830612,-0.3579634489674441,0.7359550561797753,0.5459770114942529,0.8736263736263736,0.9505494505494505,0.6513157894736842,0.1388888888888889,0.398876404494382,0.6538461538461539,0.29444444444444445,0.6554054054054054,0.5659340659340659,0.12777777777777777,0.11931818181818182,0.7816901408450704,0.5606060606060606,0.1317907444668008,0.11740041928721175,7,4,1,1,4,0.3978718413012859,0.22616632860040567,0.47690763052208834,3.0,2.0,384.0,False,False,full,87.0,2026-07-30,2026-07-30,0.6809825195901146,0.6295979469632165,2338.0,0.4487643158529234,0.45979469632164244,0.11820791837067912,0.12075445997890832,-0.22464454728835553,-0.3181084935809928,0.5071020501378875,0.6970356175313409,0.5302893309222423,0.7211291702309667,2026-09-25
NWSA,News Corp (Class A),Communication Services,Publishing,Communication Services,2711.0,1564708,NWSA,15831892872.810364,,28.489999771118164,0.2696501711972575,1.0,False,,0.06720619282195636,0.07958054554812147,-0.04271744724652599,0.12795934122490993,0.0025799793601650745,-0.024231782265144886,0.036192766373758636,0.051225712965302365,,0.5385332043676547,0.004178882111644855,-2.352474575597845,,0.375,0.375,0.2916666666666667,0.7916666666666666,0.5909090909090909,0.5416666666666666,0.375,0.375,,0.625,0.5416666666666666,0.125,0.4879275653923541,0.4353535353535353,0.5422535211267606,0.12578616352201258,6,3,1,1,4,0.3978301963486657,0.22413793103448276,0.46285140562248994,3.0,2.0,385.0,False,False,full,87.0,2026-08-07,2026-08-07,0.6809825195901146,0.7338935574229691,2142.0,0.4487643158529234,0.45518207282913165,0.11820791837067912,0.1183778690962689,-0.22464454728835553,-0.1342167813302657,0.5071020501378875,0.37359447044546,0.5302893309222423,0.3426704014939309,2026-09-25
NWS,News Corp (Class B),Communication Services,Publishing,Communication Services,2711.0,1564708,NWSA,15831892872.810364,,28.489999771118164,0.2696501711972575,1.0,False,,0.06720619282195636,0.07958054554812147,-0.04271744724652599,0.12795934122490993,0.0025799793601650745,-0.024231782265144886,0.036192766373758636,0.051225712965302365,,0.5385332043676547,0.004178882111644855,-2.352474575597845,,0.375,0.375,0.2916666666666667,0.7916666666666666,0.5909090909090909,0.5416666666666666,0.375,0.375,,0.625,0.5416666666666666,0.125,0.4879275653923541,0.4353535353535353,0.5422535211267606,0.12578616352201258,6,3,1,1,4,0.3978301963486657,0.22413793103448276,0.46285140562248994,3.0,2.0,385.0,False,False,full,87.0,2026-08-07,2026-08-07,0.6809825195901146,0.7338935574229691,2142.0,0.4487643158529234,0.45518207282913165,0.11820791837067912,0.1183778690962689,-0.22464454728835553,-0.1342167813302657,0.5071020501378875,0.37359447044546,0.5302893309222423,0.3426704014939309,2026-09-25
NCLH,Norwegian Cruise Line Holdings,Consumer Discretionary,"Hotels, Resorts & Cruise Lines",Industrials,4400.0,1513761,NCLH,6708734272.410364,,14.609999656677246,0.5410458544732228,3.0,False,0.17954739583311644,0.2956889321091732,0.08786179743133662,-0.056178589529858554,0.6261438689705981,0.11186856232389819,0.01604374205326331,0.11339963234624668,-0.1766941351179949,0.07118839269087139,0.38350989851854744,-0.3447015858872614,1.0640573226474923,0.21710526315789475,0.6453488372093024,0.3351063829787234,0.7554347826086957,0.07471264367816093,0.25268817204301075,0.06043956043956044,0.9731182795698925,0.005494505494505495,0.8035714285714286,0.824468085106383,0.05913978494623656,0.6647727272727273,0.12776659959758552,0.7323232323232324,0.0613682092555332,0.6645702306079665,7,4,1,1,4,0.3965070679460794,0.22210953346855983,0.10542168674698796,3.0,2.0,387.0,False,False,full,87.0,2026-08-03,2026-08-03,0.6809825195901146,0.6295979469632165,2338.0,0.4487643158529234,0.45979469632164244,0.11820791837067912,0.12075445997890832,-0.22464454728835553,-0.3181084935809928,0.5071020501378875,0.6970356175313409,0.5302893309222423,0.7211291702309667,2026-09-25
MDLZ,Mondelez International,Consumer Staples,Packaged Foods & Meats,Consumer Staples,2000.0,1103982,MDLZ,77339898401.5,,60.25,0.23379826371111284,1.0,False,0.15899440398189027,0.10132038834951457,0.05468068951941734,-0.017997244171986164,0.29560473552487276,0.03184528559200306,-0.008623319766531634,0.03373420516349422,0.033294587311612736,0.038001549222089655,0.33294587311612733,0.019904055063222126,0.2882136232931352,0.21666666666666667,0.4423076923076923,0.15,0.25,0.6379310344827587,0.35,0.7068965517241379,0.5,0.1896551724137931,0.2037037037037037,0.603448275862069,0.38333333333333336,0.6458333333333334,0.22635814889336017,0.3242424242424242,0.386317907444668,0.6488469601677149,7,4,1,1,4,0.3964413601870418,0.22008113590263692,0.10943775100401607,3.0,2.0,388.0,False,False,full,178.0,2026-04-28,2026-04-28,0.6809825195901146,0.7338935574229691,2142.0,0.4487643158529234,0.45518207282913165,0.11820791837067912,0.1183778690962689,-0.22464454728835553,-0.1342167813302657,0.5071020501378875,0.37359447044546,0.5302893309222423,0.3426704014939309,2026-09-25
A,Agilent Technologies,Health Care,Life Sciences Tools & Services,Information Technology,3826.0,1090872,A,48714484789.82712,,172.7899932861328,0.3265034538103833,2.0,False,0.2840982315457865,0.19557245687898955,0.11520011455573853,-0.012099949881864394,0.282737882150784,0.14240143955504658,-0.005543459022726571,0.029559996502327997,0.026008691366978868,0.03219692350965559,0.15114600989350072,0.20359975750301307,0.28707547183521437,0.47752808988764045,0.43103448275862066,0.34615384615384615,0.1813186813186813,0.3618421052631579,0.46111111111111114,0.43258426966292135,0.5659340659340659,0.42777777777777776,0.4391891891891892,0.6098901098901099,0.5388888888888889,0.32386363636363635,0.21227364185110664,0.5040404040404041,0.5382293762575453,0.3228511530398323,7,4,1,1,4,0.3943486437972221,0.21805273833671399,0.28413654618473894,3.0,2.0,389.0,False,False,full,56.0,2026-09-01,2026-09-01,0.6809825195901146,0.6841372912801484,2156.0,0.4487643158529234,0.43042671614100186,0.11820791837067912,0.11520343802262178,-0.22464454728835553,-0.20277914453438184,0.5071020501378875,0.4834717165453357,0.5302893309222423,0.5097402597402597,2026-09-25
AKAM,Akamai Technologies,Information Technology,Internet Services & Infrastructure,Industrials,7389.0,1086222,AKAM,16375070780.330627,,113.94000244140625,0.592065650168488,3.0,False,0.16476486424447803,0.08654596793061918,0.09600939932676195,-0.06874518191624727,,0.4306403629034745,0.002309026612504539,0.0250969907558288,0.05838771708690565,,0.2899845175450364,0.4337381162062697,-0.5320505472030903,0.20394736842105263,0.0872093023255814,0.4095744680851064,0.8532608695652174,,0.03763440860215054,0.1813186813186813,0.14516129032258066,0.7417582417582418,,0.7287234042553191,0.8548387096774194,0.07386363636363637,0.08953722334004025,0.5525252525252525,0.8551307847082495,0.07337526205450734,6,3,1,1,4,0.3926421306570124,0.21602434077079108,0.49899598393574296,3.0,2.0,390.0,False,False,full,87.0,2026-08-07,2026-08-07,0.6809825195901146,0.6295979469632165,2338.0,0.4487643158529234,0.45979469632164244,0.11820791837067912,0.12075445997890832,-0.22464454728835553,-0.3181084935809928,0.5071020501378875,0.6970356175313409,0.5302893309222423,0.7211291702309667,2026-09-25
HD,Home Depot (The),Consumer Discretionary,Home Improvement Retail,Consumer Discretionary,5211.0,354950,HD,292522610522.02844,,293.20001220703125,0.2557526902031062,1.0,False,0.5135760257441674,0.8561713907444184,0.1716795875082279,-0.04161486140569005,0.483580779638704,0.09330428090235787,0.00231365269660877,0.04863555666555435,0.051616522815295225,0.06122907678055953,0.056805865264041376,-0.17409699972675785,1.215332667553608,0.5512820512820513,0.8928571428571429,0.5980392156862745,0.3627450980392157,0.18292682926829268,0.3235294117647059,0.19,0.47,0.5612244897959183,0.4875,0.29,0.20588235294117646,0.59375,0.33702213279678067,0.4313131313131313,0.20422535211267606,0.590146750524109,7,4,1,1,4,0.39067684168667427,0.21399594320486814,0.12550200803212852,3.0,2.0,391.0,False,False,full,54.0,2026-08-25,2026-08-25,0.6809825195901146,0.7338935574229691,2142.0,0.4487643158529234,0.45518207282913165,0.11820791837067912,0.1183778690962689,-0.22464454728835553,-0.1342167813302657,0.5071020501378875,0.37359447044546,0.5302893309222423,0.3426704014939309,2026-09-25
TRGP,Targa Resources,Energy,Oil & Gas Storage & Transportation,Energy,4922.0,1389170,TRGP,59577514089.37015,,277.8399963378906,0.29079312940831303,2.0,False,0.2535849427145618,0.6201558867769725,0.15028879435807696,-0.07076601519896476,0.6865835995665455,0.21274795005273717,-0.0035355939034346084,0.03806133966245138,0.012435899874717864,0.048538901438026444,0.06137382628142242,0.790404650058067,1.0017089342602656,0.65625,0.975,0.575,0.525,0.02631578947368421,0.175,0.475,0.175,0.08823529411764706,0.2647058823529412,0.025,0.775,0.275,0.4678068410462777,0.03737373737373737,0.7736418511066399,0.27568134171907754,7,4,1,1,4,0.38862594281143314,0.21196754563894524,0.3102409638554217,3.0,2.0,392.0,False,False,full,87.0,2026-08-06,2026-08-06,0.6809825195901146,0.6841372912801484,2156.0,0.4487643158529234,0.43042671614100186,0.11820791837067912,0.11520343802262178,-0.22464454728835553,-0.20277914453438184,0.5071020501378875,0.4834717165453357,0.5302893309222423,0.5097402597402597,2026-09-25
EQT,EQT Corporation,Energy,Oil & Gas Exploration & Production,Energy,1311.0,33213,EQT,31782468819.015503,,50.810001373291016,0.30486961594771117,2.0,False,0.193248660966234,0.10735295584807494,0.15116210125447596,-0.08553867733569792,0.1368731613394113,0.041699712817395485,0.0023379274649590887,0.08531794730740477,0.11825176393318391,0.10848745622635111,0.7947424142484354,0.007140984089214708,-1.0823178691054716,0.40625,0.125,0.625,0.675,0.8157894736842105,0.575,0.225,0.775,0.8529411764705882,0.7941176470588235,0.875,0.075,0.075,0.4818913480885312,0.9181818181818182,0.07545271629778671,0.07651991614255765,7,4,1,1,4,0.3880114496776734,0.2099391480730223,0.48293172690763053,3.0,2.0,393.0,False,False,full,87.0,2026-07-22,2026-07-22,0.6809825195901146,0.6841372912801484,2156.0,0.4487643158529234,0.43042671614100186,0.11820791837067912,0.11520343802262178,-0.22464454728835553,-0.20277914453438184,0.5071020501378875,0.4834717165453357,0.5302893309222423,0.5097402597402597,2026-09-25
RDDT,Reddit,Communication Services,Interactive Media & Services,Information Technology,7374.0,1713445,RDDT,30272132654.785065,,149.83999633789062,0.7145476435463953,3.0,False,0.698737421303661,0.26511702224792283,0.28215739680278723,-0.04262217095340297,,0.3815827964571108,0.012566446601019576,0.028775475118774214,0.03364972701515246,,0.10853876855883277,-0.3573199094384687,0.29073809657283595,0.949438202247191,0.5689655172413793,0.8516483516483516,0.5,,0.20555555555555555,0.19662921348314608,0.532967032967033,0.5611111111111111,,0.489010989010989,0.03888888888888889,0.3352272727272727,0.6368209255533199,0.5383838383838384,0.039235412474849095,0.33542976939203356,6,3,1,1,4,0.38746748645101026,0.2079107505070994,0.24799196787148595,3.0,2.0,394.0,False,False,full,87.0,2026-07-31,2026-07-31,0.6809825195901146,0.6295979469632165,2338.0,0.4487643158529234,0.45979469632164244,0.11820791837067912,0.12075445997890832,-0.22464454728835553,-0.3181084935809928,0.5071020501378875,0.6970356175313409,0.5302893309222423,0.7211291702309667,2026-09-25
MKC,McCormick & Company,Consumer Staples,Packaged Foods & Meats,Consumer Staples,2090.0,63754,MKC,12905447630.310059,,47.939998626708984,0.2995729187104582,2.0,False,0.17311905614458856,0.23134541711933215,0.07474009382719046,0.02348107373263499,0.29941555249406754,0.24917364143619603,-0.0007423904974016571,0.1254044064460798,0.07902864195153039,0.06304066195752296,0.5420656609825728,-0.1634816054149455,-0.08122671847819371,0.25,0.75,0.31666666666666665,0.05,0.603448275862069,0.15,0.5344827586206896,0.9827586206896551,0.7758620689655172,0.7962962962962963,0.7413793103448276,0.08333333333333333,0.3541666666666667,0.19416498993963782,0.9161616161616162,0.08450704225352113,0.35115303983228513,7,4,1,1,4,0.3864966720467651,0.20588235294117646,0.23393574297188754,3.0,2.0,395.0,False,False,full,117.0,2026-06-25,2026-06-25,0.6809825195901146,0.6841372912801484,2156.0,0.4487643158529234,0.43042671614100186,0.11820791837067912,0.11520343802262178,-0.22464454728835553,-0.20277914453438184,0.5071020501378875,0.4834717165453357,0.5302893309222423,0.5097402597402597,2026-09-25
CRL,Charles River Laboratories,Health Care,Life Sciences Tools & Services,Health Care,8731.0,1100682,CRL,13979851101.65503,,292.8399963378906,0.4570991475494483,3.0,False,0.20816540308238887,-0.08397484748045173,0.07728847492978427,-0.10894718569544266,0.3487201852858648,-0.003756342962048409,-0.029977255741221565,-0.01705726321875987,0.02650993900472411,0.005491750916692172,0.20312347959584667,0.8422598610870955,-0.4242380797161584,0.1744186046511628,0.08333333333333333,0.20212765957446807,0.8829787234042553,0.25,0.7340425531914894,0.7340425531914894,0.09574468085106383,0.11956521739130435,0.10714285714285714,0.5,0.9680851063829787,0.14130434782608695,0.31690140845070425,0.11212121212121212,0.9668008048289738,0.13941299790356393,7,4,1,1,4,0.3838091058261135,0.20385395537525355,0.4106425702811245,3.0,2.0,396.0,False,False,full,90.0,2026-08-05,2026-08-05,0.6809825195901146,0.6295979469632165,2338.0,0.4487643158529234,0.45979469632164244,0.11820791837067912,0.12075445997890832,-0.22464454728835553,-0.3181084935809928,0.5071020501378875,0.6970356175313409,0.5302893309222423,0.7211291702309667,2026-09-25
COR,Cencora,Health Care,Health Care Distributors,Health Care,5122.0,1140859,COR,58568676044.17648,,306.9200134277344,0.32210805679856197,2.0,False,0.1577606915856757,0.8603176444906813,0.05752538856225911,-0.02620535181004056,0.1398862077790955,0.1331673898468304,-0.015735245218612692,0.044815645107295965,0.06932207238110684,0.045078750647795866,0.052091974858689986,0.04331102612753135,0.20117005210021913,0.08139534883720931,0.9642857142857143,0.07446808510638298,0.26595744680851063,0.7738095238095238,0.09574468085106383,0.5425531914893617,0.6702127659574468,0.7934782608695652,0.4642857142857143,0.18085106382978725,0.32978723404255317,0.42391304347826086,0.24446680080482897,0.5363636363636364,0.3329979879275654,0.42033542976939203,7,4,1,1,4,0.38354096371635565,0.20182555780933062,0.1897590361445783,3.0,2.0,397.0,False,False,full,87.0,2026-08-05,2026-08-05,0.6809825195901146,0.6841372912801484,2156.0,0.4487643158529234,0.43042671614100186,0.11820791837067912,0.11520343802262178,-0.22464454728835553,-0.20277914453438184,0.5071020501378875,0.4834717165453357,0.5302893309222423,0.5097402597402597,2026-09-25
WBD,Warner Bros. Discovery,Communication Services,Broadcasting,Communication Services,4841.0,1437107,WBD,77480305802.45169,,30.860000610351562,0.2706575532443675,1.0,False,0.0680528134254689,-0.09644314513673183,0.03519866732477789,-0.06776488976637052,0.32929211911813094,-0.04402960865846828,0.014109145761896036,-0.04087490320539994,0.028136182187487167,-0.011984814809714589,0.423823830583809,0.46082947688548437,-0.2519498523136837,0.35714285714285715,0.125,0.20833333333333334,0.625,0.375,0.7727272727272727,0.2916666666666667,0.125,0.125,0.13636363636363635,0.20833333333333334,0.9583333333333334,0.2916666666666667,0.2283702213279678,0.051515151515151514,0.9587525150905433,0.29245283018867924,7,4,1,1,4,0.38277267953058547,0.1997971602434077,0.2660642570281124,2.0,1.0,398.0,False,True,full,87.0,2026-08-06,2026-08-06,0.6683789092007856,0.7166035694970254,1849.0,0.44311829581507783,0.4229313142239048,0.11112346126937034,0.1041140206503508,-0.23435338232503966,-0.14407538806639858,0.5040383924146027,0.36277110934297524,0.5547665810545399,0.35857220118983235,2026-09-25
CTVA,Corteva,Materials,Fertilizers & Agricultural Chemicals,Consumer Staples,100.0,1755672,CTVA,52388227680.267334,,78.5199966430664,0.2772492081190488,2.0,False,0.21190144565582825,0.04010493262848285,0.02908121607991931,-0.004850871716055905,0.04039191201191105,-0.002801791230632955,-0.017529082609335833,0.01926005220405752,0.012006514208475896,,0.48024148008115275,0.2604386733739572,-0.43866924171262955,0.31666666666666665,0.17307692307692307,0.08333333333333333,0.11666666666666667,0.9827586206896551,0.5166666666666667,0.8103448275862069,0.15517241379310345,0.05172413793103448,,0.7068965517241379,0.7833333333333333,0.22916666666666666,0.3008048289738431,0.21313131313131314,0.7826961770623743,0.23165618448637318,7,3,1,1,4,0.3820721259134759,0.19776876267748478,0.32630522088353414,2.0,1.0,399.0,False,False,full,87.0,2026-07-31,2026-07-31,0.6683789092007856,0.6801505174035748,2126.0,0.44311829581507783,0.43650047036688616,0.11112346126937034,0.11136766487276606,-0.23435338232503966,-0.2064058746522781,0.5040383924146027,0.48104795369608666,0.5547665810545399,0.5079962370649106,2026-09-25
LII,Lennox International,Industrials,Building Products,Industrials,3585.0,1069202,LII,13007183657.036133,,373.7699890136719,0.4220993927344649,3.0,False,0.40657395112633077,0.6536782272015816,0.18857595452745357,-0.0037272579029515225,0.3548582477228784,0.24231637437055054,-0.019300079459311448,0.06100475098395051,0.05079500816017152,0.07162152514160601,0.09332535251344364,-0.27138728125518274,-0.21744241001494302,0.8223684210526315,0.9244186046511628,0.8138297872340425,0.11413043478260869,0.3275862068965517,0.12365591397849462,0.5879120879120879,0.7903225806451613,0.6318681318681318,0.8154761904761905,0.26063829787234044,0.06989247311827956,0.16477272727272727,0.6006036217303823,0.6919191919191919,0.06941649899396378,0.16561844863731656,7,4,1,1,4,0.38188944032021366,0.19574036511156187,0.3744979919678715,2.0,1.0,400.0,False,False,full,178.0,2026-04-29,2026-04-29,0.6683789092007856,0.6250472947408248,2643.0,0.44311829581507783,0.4623533863034431,0.11112346126937034,0.11946421819656039,-0.23435338232503966,-0.32098815293952476,0.5040383924146027,0.6409798796316852,0.5547665810545399,0.729474082482028,2026-09-25
IFF,International Flavors & Fragrances,Materials,Specialty Chemicals,Materials,2860.0,51253,IFF,21863800952.394714,,85.69000244140625,0.34850135274240795,2.0,False,0.1488431263417349,0.020749856897538638,0.04615568100500914,-0.03462669953088972,0.22855211894728472,-0.03702002220435663,-0.0044368916121839685,0.013263933413564884,0.02469835877008634,0.027880696257425813,0.6392301151309753,0.4273017661782763,-0.5094904705808767,0.5,0.25,0.09615384615384616,0.25,0.58,0.8653846153846154,0.4807692307692308,0.25,0.26,0.3125,0.75,0.7115384615384616,0.17307692307692307,0.30482897384305835,0.34040404040404043,0.7092555331991952,0.16876310272536688,7,4,1,1,4,0.3808129125429152,0.19371196754563894,0.36646586345381527,2.0,1.0,401.0,False,False,full,87.0,2026-08-04,2026-08-04,0.6683789092007856,0.6801505174035748,2126.0,0.44311829581507783,0.43650047036688616,0.11112346126937034,0.11136766487276606,-0.23435338232503966,-0.2064058746522781,0.5040383924146027,0.48104795369608666,0.5547665810545399,0.5079962370649106,2026-09-25
SO,Southern Company,Utilities,Electric Utilities,Utilities,4911.0,92122,SO,93430711906.01506,,82.87999725341797,0.1724684486319635,1.0,False,,0.10931549408699139,0.062267959829587785,-0.034483636988874806,0.4745687157312887,0.06023941826627688,0.025700290117584235,0.04669770689951374,-0.03709700942326716,0.04367805729934109,0.427182873658811,-0.04077510166207032,-0.041312137119884865,,0.6612903225806451,0.6935483870967742,0.6612903225806451,0.11666666666666667,0.8548387096774194,0.24193548387096775,0.24193548387096775,0.5689655172413793,0.35,0.1774193548387097,0.3064516129032258,0.3064516129032258,0.6227364185110664,0.27575757575757576,0.30784708249496984,0.30712788259958074,6,4,1,1,4,0.3783672398407982,0.19168356997971603,0.2399598393574297,2.0,1.0,402.0,False,False,full,178.0,2026-04-30,2026-04-30,0.6683789092007856,0.7166035694970254,1849.0,0.44311829581507783,0.4229313142239048,0.11112346126937034,0.1041140206503508,-0.23435338232503966,-0.14407538806639858,0.5040383924146027,0.36277110934297524,0.5547665810545399,0.35857220118983235,2026-09-25
WMT,Walmart,Consumer Staples,Consumer Staples Merchandise Retail,Consumer Discretionary,5331.0,104169,WMT,856685945736.2393,,107.9800033569336,0.2623397806937178,1.0,False,0.631671169117497,0.22471955862293613,0.1460393176235225,-0.07092891117809971,0.17151615778765217,0.08520623105410263,-0.0049047549492170495,0.025769069878959903,0.015768905825098267,0.03604416633454078,0.11467212750359046,0.026129974871406336,-0.28015412716657456,0.782051282051282,0.36904761904761907,0.46078431372549017,0.7352941176470589,0.6219512195121951,0.3627450980392157,0.31,0.21,0.05102040816326531,0.2625,0.51,0.5588235294117647,0.21875,0.5744466800804829,0.15858585858585858,0.5583501006036218,0.2169811320754717,7,4,1,1,4,0.37709094283635874,0.1896551724137931,0.32228915662650603,2.0,1.0,403.0,False,False,full,56.0,2026-08-28,2026-08-28,0.6683789092007856,0.7166035694970254,1849.0,0.44311829581507783,0.4229313142239048,0.11112346126937034,0.1041140206503508,-0.23435338232503966,-0.14407538806639858,0.5040383924146027,0.36277110934297524,0.5547665810545399,0.35857220118983235,2026-09-25
XEL,Xcel Energy,Utilities,Multi-Utilities,Utilities,4931.0,72903,XEL,43599476465.03262,,69.80000305175781,0.18893467611594342,1.0,False,0.08814317673378076,0.09282121627800641,0.054735272184936616,-0.029117191533298916,0.4526702231400218,0.15700120790580985,0.056149237709510524,0.05121621131829178,-0.1764241367936858,0.03441235352413266,0.5517726805571632,-0.04008062474914498,1.1226531509104836,0.22727272727272727,0.3064516129032258,0.27419354838709675,0.43548387096774194,0.4166666666666667,0.08064516129032258,0.11290322580645161,0.5,0.034482758620689655,0.05,0.6290322580645161,0.3387096774193548,0.8870967741935484,0.0613682092555332,0.2111111111111111,0.3380281690140845,0.889937106918239,7,4,1,1,4,0.37511114907474197,0.1876267748478702,0.045180722891566265,2.0,1.0,404.0,False,False,full,87.0,2026-07-30,2026-07-30,0.6683789092007856,0.7166035694970254,1849.0,0.44311829581507783,0.4229313142239048,0.11112346126937034,0.1041140206503508,-0.23435338232503966,-0.14407538806639858,0.5040383924146027,0.36277110934297524,0.5547665810545399,0.35857220118983235,2026-09-25
GPC,Genuine Parts Company,Consumer Discretionary,Distributors,Industrials,5013.0,40987,GPC,17868003318.52292,,129.61000061035156,0.3319413559449005,2.0,False,0.4393659543059829,0.007239485887355138,0.05630850515756429,-0.054752538584205285,0.23644471087946206,0.03069962033798812,-0.008861281704074853,0.0018337807205370859,0.04249797733207344,0.06418272300239011,0.2533026169358328,0.006543578124260208,-0.10108577312643456,0.8618421052631579,0.01744186046511628,0.06914893617021277,0.7445652173913043,0.6724137931034483,0.6505376344086021,0.3791208791208791,0.026881720430107527,0.521978021978022,0.7083333333333334,0.6861702127659575,0.3602150537634409,0.21022727272727273,0.46378269617706236,0.4696969696969697,0.3551307847082495,0.21174004192872117,7,4,1,1,4,0.3750876231277507,0.18559837728194725,0.3142570281124498,2.0,1.0,405.0,False,False,full,87.0,2026-07-21,2026-07-21,0.6683789092007856,0.6801505174035748,2126.0,0.44311829581507783,0.43650047036688616,0.11112346126937034,0.11136766487276606,-0.23435338232503966,-0.2064058746522781,0.5040383924146027,0.48104795369608666,0.5547665810545399,0.5079962370649106,2026-09-25
IBM,IBM,Information Technology,IT Consulting & Other Services,Information Technology,3570.0,51143,IBM,212460721113.60123,,225.50999450683594,0.510095966105369,3.0,False,0.2639399338588682,0.3113026819923372,0.09788361527689203,-0.027370331165885376,0.4075437708334703,0.023649762762055326,0.01139552198321625,0.05047991903531862,0.06490611501137938,0.046274311592795894,0.1621570322242235,-0.1495964011506571,-0.025329150775462606,0.43258426966292135,0.6494252873563219,0.25824175824175827,0.33516483516483514,0.125,0.8055555555555556,0.20786516853932585,0.8406593406593407,0.85,0.668918918918919,0.6648351648351648,0.19444444444444445,0.1875,0.2505030181086519,0.8676767676767677,0.19416498993963782,0.18763102725366876,7,4,1,1,4,0.37499395074468156,0.18356997971602435,0.34236947791164657,2.0,1.0,406.0,False,False,full,87.0,2026-07-23,2026-07-23,0.6683789092007856,0.6250472947408248,2643.0,0.44311829581507783,0.4623533863034431,0.11112346126937034,0.11946421819656039,-0.23435338232503966,-0.32098815293952476,0.5040383924146027,0.6409798796316852,0.5547665810545399,0.729474082482028,2026-09-25
NI,NiSource,Utilities,Multi-Utilities,Utilities,4931.0,1111711,NI,18904258263.89923,,39.41999816894531,0.17756868015717414,1.0,False,0.12470034839493283,0.09453136423453722,0.06134734015917493,-0.03723936969283713,0.46354105626524894,0.10328573653570938,0.018487837728407897,0.04787810171470395,-0.05745795390842053,0.051336665330812103,0.5064784804746485,-0.029655356762445906,-1.678292783356548,0.6818181818181818,0.4032258064516129,0.6612903225806451,0.8225806451612904,0.25,0.46774193548387094,0.4032258064516129,0.3064516129032258,0.39655172413793105,0.7833333333333333,0.532258064516129,0.3709677419354839,0.04838709677419355,0.5905432595573441,0.49393939393939396,0.3682092555331992,0.04507337526205451,7,4,1,1,4,0.37444132107299793,0.1815415821501014,0.45883534136546184,2.0,1.0,407.0,False,False,full,87.0,2026-08-05,2026-08-05,0.6683789092007856,0.7166035694970254,1849.0,0.44311829581507783,0.4229313142239048,0.11112346126937034,0.1041140206503508,-0.23435338232503966,-0.14407538806639858,0.5040383924146027,0.36277110934297524,0.5547665810545399,0.35857220118983235,2026-09-25
TRMB,Trimble Inc.,Information Technology,Application Software,Information Technology,3829.0,864749,TRMB,13489453850.995789,,57.849998474121094,0.32026529337454357,2.0,False,0.3091513675533908,-0.020486029584409485,0.09356266391907081,-0.10582146871487448,0.17086221431247658,-0.06136803235449273,-0.020125491674668816,-0.007761618902923269,0.05731143814565405,0.04361915062577139,0.37887375252206534,-0.26589102870119297,-0.8815691714304723,0.5449438202247191,0.040229885057471264,0.21428571428571427,0.8736263736263736,0.7302631578947368,0.95,0.702247191011236,0.038461538461538464,0.8055555555555556,0.6418918918918919,0.9065934065934066,0.07222222222222222,0.0625,0.7112676056338029,0.6474747474747474,0.07142857142857142,0.0639412997903564,7,4,1,1,4,0.3735280560818695,0.1795131845841785,0.4367469879518072,2.0,1.0,408.0,False,False,full,84.0,2026-08-12,2026-08-12,0.6683789092007856,0.6801505174035748,2126.0,0.44311829581507783,0.43650047036688616,0.11112346126937034,0.11136766487276606,-0.23435338232503966,-0.2064058746522781,0.5040383924146027,0.48104795369608666,0.5547665810545399,0.5079962370649106,2026-09-25
MAA,Mid-America Apartment Communities,Real Estate,Multi-Family Residential REITs,Real Estate,6798.0,912595,MAA,13774141139.110886,,118.3499984741211,0.18899808386957279,1.0,False,,0.07031590946746566,0.08597280654086348,-0.05349167476898999,,0.01545425537868117,-0.005748548959362054,0.028284522139370803,,,0.4022492541671201,-0.034090951985559004,-1.2374777796463212,,0.40384615384615385,0.7068965517241379,0.7592592592592593,,0.5689655172413793,0.6379310344827587,0.3275862068965517,,,0.5344827586206896,0.22413793103448276,0.08620689655172414,0.7877263581488934,0.3929292929292929,0.2243460764587525,0.08909853249475891,5,2,1,1,4,0.37352506500792443,0.17748478701825557,0.4166666666666667,2.0,1.0,409.0,False,False,full,178.0,2026-04-30,2026-04-30,0.6683789092007856,0.7166035694970254,1849.0,0.44311829581507783,0.4229313142239048,0.11112346126937034,0.1041140206503508,-0.23435338232503966,-0.14407538806639858,0.5040383924146027,0.36277110934297524,0.5547665810545399,0.35857220118983235,2026-09-25
TPL,Texas Pacific Land Corporation,Energy,Oil & Gas Exploration & Production,Energy,6792.0,1811074,TPL,23525195635.995667,,341.07000732421875,0.4872033710228193,3.0,False,,0.32373633548951863,0.3243664606227352,-0.033200249102703236,,0.3237856170585991,0.00018423195459971176,0.023014303828852535,0.024907423048309986,,0.07108965323293977,0.2082967252681831,5.089284876032322,,0.875,0.975,0.075,,0.075,0.425,0.025,0.14705882352941177,,0.075,0.175,0.825,0.46177062374245476,0.011111111111111112,0.17404426559356137,0.8291404612159329,5,3,1,1,4,0.369016615415765,0.17545638945233266,0.0572289156626506,2.0,1.0,410.0,False,False,full,87.0,2026-08-05,2026-08-05,0.6683789092007856,0.6250472947408248,2643.0,0.44311829581507783,0.4623533863034431,0.11112346126937034,0.11946421819656039,-0.23435338232503966,-0.32098815293952476,0.5040383924146027,0.6409798796316852,0.5547665810545399,0.729474082482028,2026-09-25
BAX,Baxter International,Health Care,Health Care Equipment,Health Care,3841.0,10456,BAX,12082196930.51031,,23.3700008392334,0.44001325221357546,3.0,False,0.1743216613612248,-0.17128585240090236,0.06664645545955232,-0.12035773836592391,0.0,-0.059631283854414185,0.006570871516501153,-0.08798068812433292,0.06670972213378394,-0.027587048657715458,0.5136483071492098,0.14405409014279646,0.03587063268549668,0.1511627906976744,0.05952380952380952,0.1595744680851064,0.925531914893617,0.9880952380952381,0.8191489361702128,0.09574468085106383,0.010638297872340425,0.7282608695652174,0.03571428571428571,0.8617021276595744,0.39361702127659576,0.33695652173913043,0.3732394366197183,0.36464646464646466,0.3933601609657948,0.3385744234800839,7,4,1,1,4,0.3674551214280154,0.17342799188640973,0.19979919678714858,2.0,1.0,411.0,False,False,full,87.0,2026-07-30,2026-07-30,0.6683789092007856,0.6250472947408248,2643.0,0.44311829581507783,0.4623533863034431,0.11112346126937034,0.11946421819656039,-0.23435338232503966,-0.32098815293952476,0.5040383924146027,0.6409798796316852,0.5547665810545399,0.729474082482028,2026-09-25
WTW,Willis Towers Watson,Financials,Insurance Brokers,Financials,6411.0,1140536,WTW,27303419851.67749,,293.989990234375,0.3093068377777945,2.0,True,,0.2035639958376691,0.06292745181452272,,,0.07307395182245946,-0.047935933401232256,0.05731882703711375,0.06186038266177963,,0.28157644872928467,-0.010407503757489667,-0.08565804655316818,,0.8014705882352942,0.6838235294117647,,,0.5073529411764706,0.7954545454545454,0.30597014925373134,0.43,,0.17164179104477612,0.21323529411764705,0.14615384615384616,0.8943661971830986,0.20909090909090908,0.21428571428571427,0.149895178197065,4,3,1,1,4,0.3669094996891967,0.17139959432048682,0.34437751004016065,2.0,1.0,412.0,False,False,full,87.0,2026-07-30,2026-07-30,0.6683789092007856,0.6801505174035748,2126.0,0.44311829581507783,0.43650047036688616,0.11112346126937034,0.11136766487276606,-0.23435338232503966,-0.2064058746522781,0.5040383924146027,0.48104795369608666,0.5547665810545399,0.5079962370649106,2026-09-25
ECL,Ecolab,Materials,Specialty Chemicals,Consumer Staples,2840.0,31462,ECL,78349038514.88599,,279.489990234375,0.22019886986205423,1.0,False,0.2482674507969392,0.21047188106011636,0.10214187857118989,-0.03142312961539747,0.44009757075550504,0.26082743511964956,-0.011622071477275564,0.027012456567643686,0.023924990472523194,0.03301632501640927,0.12834235353238568,0.04261746232818653,0.12311046012676909,0.4166666666666667,0.6346153846153846,0.5166666666666667,0.4166666666666667,0.3275862068965517,0.11666666666666667,0.7413793103448276,0.22413793103448276,0.08620689655172414,0.12962962962962962,0.3620689655172414,0.5166666666666667,0.4791666666666667,0.3631790744466801,0.10404040404040404,0.5130784708249497,0.4790356394129979,7,4,1,1,4,0.36483339718125796,0.16937119675456389,0.1355421686746988,2.0,1.0,413.0,False,False,full,87.0,2026-08-06,2026-08-06,0.6683789092007856,0.7166035694970254,1849.0,0.44311829581507783,0.4229313142239048,0.11112346126937034,0.1041140206503508,-0.23435338232503966,-0.14407538806639858,0.5040383924146027,0.36277110934297524,0.5547665810545399,0.35857220118983235,2026-09-25
KDP,Keurig Dr Pepper,Consumer Staples,Soft Drinks & Non-alcoholic Beverages,Consumer Staples,2080.0,1418135,KDP,43478392952.32787,,31.950000762939453,0.26924265670389896,1.0,False,0.11325169198461521,0.05700703100031959,0.028840776543900295,-0.012554354649105788,0.2832376539335076,0.6115913772807533,0.001759935888708597,0.032820900293270776,0.04530986235300871,0.04881818588128149,0.5757342509748803,0.27943373403907223,-1.2876073197746198,0.11666666666666667,0.3269230769230769,0.05,0.21666666666666667,0.6724137931034483,0.05,0.3275862068965517,0.46551724137931033,0.43103448275862066,0.5,0.7758620689655172,0.8166666666666667,0.020833333333333332,0.05331991951710262,0.5646464646464646,0.8169014084507042,0.0220125786163522,7,4,1,1,4,0.36422009280765594,0.16734279918864098,0.4387550200803213,2.0,1.0,414.0,False,False,full,87.0,2026-08-10,2026-08-10,0.6683789092007856,0.7166035694970254,1849.0,0.44311829581507783,0.4229313142239048,0.11112346126937034,0.1041140206503508,-0.23435338232503966,-0.14407538806639858,0.5040383924146027,0.36277110934297524,0.5547665810545399,0.35857220118983235,2026-09-25
MCK,McKesson Corporation,Health Care,Health Care Distributors,Health Care,5122.0,927653,MCK,101041873898.18665,,866.6400146484375,0.3013402164463727,2.0,False,0.16931959696592325,,0.0775840597758406,-0.025597192346881015,0.1101437790105287,0.08632288374266706,-0.06266083559213087,0.0454465047295843,0.0634984264688617,0.06150167844435668,-0.04196280053428516,0.14927616617803507,-0.3478073488700491,0.10465116279069768,,0.22340425531914893,0.22340425531914893,0.8214285714285714,0.24468085106382978,0.8829787234042553,0.6914893617021277,0.6630434782608695,0.7976190476190477,0.07446808510638298,0.4148936170212766,0.16304347826086957,0.28672032193158953,0.5888888888888889,0.4134808853118712,0.16247379454926625,6,4,1,1,4,0.362890972670404,0.16531440162271804,0.31626506024096385,2.0,1.0,415.0,False,False,full,87.0,2026-08-05,2026-08-05,0.6683789092007856,0.6801505174035748,2126.0,0.44311829581507783,0.43650047036688616,0.11112346126937034,0.11136766487276606,-0.23435338232503966,-0.2064058746522781,0.5040383924146027,0.48104795369608666,0.5547665810545399,0.5079962370649106,2026-09-25
LYV,Live Nation Entertainment,Communication Services,Movies & Entertainment,Consumer Discretionary,7900.0,1335258,LYV,40262756507.64404,,170.8699951171875,0.31200777135433994,2.0,False,,1.6360986274747966,0.09257010422618556,-0.08779025852542434,0.3265150922119884,0.2172967879122949,0.004952102595710439,0.0033455235479077712,0.03434196065879117,0.019835378161710944,0.0020448177705957448,0.10091803004356703,0.565901784792987,,0.9404761904761905,0.22549019607843138,0.8529411764705882,0.4024390243902439,0.06862745098039216,0.09,0.05,0.25510204081632654,0.0625,0.19,0.6176470588235294,0.4895833333333333,0.3028169014084507,0.03939393939393939,0.6167002012072434,0.4916142557651992,6,4,1,1,4,0.36263132444370816,0.16328600405679514,0.11746987951807229,2.0,1.0,416.0,False,False,full,87.0,2026-07-30,2026-07-30,0.6683789092007856,0.6801505174035748,2126.0,0.44311829581507783,0.43650047036688616,0.11112346126937034,0.11136766487276606,-0.23435338232503966,-0.2064058746522781,0.5040383924146027,0.48104795369608666,0.5547665810545399,0.5079962370649106,2026-09-25
WYNN,Wynn Resorts,Consumer Discretionary,Casinos & Gaming,Consumer Discretionary,7011.0,1174922,WYNN,8353242320.746239,,81.12000274658203,0.33529819386652615,2.0,False,,,0.11088767698122269,-0.07677589160768084,0.8149911450019701,0.03705626916862892,-0.009642945291183036,0.05373781613938607,0.09479839918366666,0.066576235620005,-0.020285655975662162,-0.2817127152722707,0.4216452716220335,,,0.3235294117647059,0.7941176470588235,0.036585365853658534,0.6176470588235294,0.39,0.61,0.8673469387755102,0.5875,0.15,0.10784313725490197,0.4479166666666667,0.30885311871227367,0.5848484848484848,0.1056338028169014,0.44758909853249473,5,4,1,1,4,0.36173112622753867,0.1612576064908722,0.14759036144578314,2.0,1.0,417.0,False,False,full,87.0,2026-08-06,2026-08-06,0.6683789092007856,0.6801505174035748,2126.0,0.44311829581507783,0.43650047036688616,0.11112346126937034,0.11136766487276606,-0.23435338232503966,-0.2064058746522781,0.5040383924146027,0.48104795369608666,0.5547665810545399,0.5079962370649106,2026-09-25
C,Citigroup,Financials,Diversified Banks,Financials,6021.0,831001,C,234898554393.12082,,134.27999877929688,0.29395809108956056,2.0,True,,0.06738863164241536,-0.02545233670605396,,,0.12930901487285085,-0.07172300804658616,0.06090288651184207,-0.31567669793276343,,0.9037560939805303,0.3241812873890926,-0.09236392415470879,,0.08088235294117647,0.022058823529411766,,,0.19852941176470587,0.9166666666666666,0.3805970149253731,0.01,,0.8880597014925373,0.8161764705882353,0.13076923076923078,0.09959758551307847,0.38282828282828285,0.8138832997987927,0.1331236897274633,4,3,1,1,4,0.3573582144669043,0.1592292089249493,0.32429718875502006,2.0,1.0,418.0,False,False,full,268.0,2026-02-20,2026-02-20,0.6683789092007856,0.6801505174035748,2126.0,0.44311829581507783,0.43650047036688616,0.11112346126937034,0.11136766487276606,-0.23435338232503966,-0.2064058746522781,0.5040383924146027,0.48104795369608666,0.5547665810545399,0.5079962370649106,2026-09-25
AON,Aon plc,Financials,Insurance Brokers,Financials,6411.0,315293,AON,58968747326.12256,,277.989990234375,0.27943894824942783,2.0,True,,0.407793290268806,0.0661892889946951,,,-0.012275504536196968,-0.016237157422653192,0.06637414185439441,0.0550800236952154,,0.16276418332102136,-0.0938834966319394,-0.04674402061055847,,0.9779411764705882,0.7426470588235294,,,0.9191176470588235,0.3712121212121212,0.4552238805970149,0.35,,0.06716417910447761,0.125,0.16153846153846155,0.9446680080482898,0.19292929292929292,0.12575452716297786,0.16037735849056603,4,3,1,1,4,0.35593229665778164,0.15720081135902636,0.2901606425702811,2.0,1.0,419.0,False,False,full,87.0,2026-07-29,2026-07-29,0.6683789092007856,0.6801505174035748,2126.0,0.44311829581507783,0.43650047036688616,0.11112346126937034,0.11136766487276606,-0.23435338232503966,-0.2064058746522781,0.5040383924146027,0.48104795369608666,0.5547665810545399,0.5079962370649106,2026-09-25
DLR,Digital Realty,Real Estate,Data Center REITs,Real Estate,6798.0,1297996,DLR,62764638377.181244,,178.61000061035156,0.2703196290311958,1.0,False,,0.058962880903401224,0.052097286259245375,-0.023896513409862097,,0.08383682084531241,0.04339355796488076,0.021953269159612435,,,0.37232355039738363,0.09674424744598253,0.13728479587172093,,0.28846153846153844,0.1896551724137931,0.2777777777777778,,0.25862068965517243,0.08620689655172414,0.22413793103448276,,,0.46551724137931033,0.6379310344827587,0.46551724137931033,0.03118712273641851,0.2898989898989899,0.6388329979879276,0.46226415094339623,5,2,1,1,4,0.35554581539168306,0.15517241379310345,0.11947791164658635,2.0,1.0,420.0,False,False,full,178.0,2026-05-01,2026-05-01,0.6683789092007856,0.7166035694970254,1849.0,0.44311829581507783,0.4229313142239048,0.11112346126937034,0.1041140206503508,-0.23435338232503966,-0.14407538806639858,0.5040383924146027,0.36277110934297524,0.5547665810545399,0.35857220118983235,2026-09-25
HLT,Hilton Worldwide,Consumer Discretionary,"Hotels, Resorts & Cruise Lines",Consumer Discretionary,7011.0,1585689,HLT,70661377220.43793,,313.9599914550781,0.2339061376644484,1.0,False,,,0.12458648393194707,-0.031013705103969755,0.7882206994328923,0.06438631790744465,-0.043065952521281425,0.02241677224969014,0.02871441344357405,0.03512243811191655,-0.08920007291022536,0.22147867345945382,0.4200461703339912,,,0.3431372549019608,0.28431372549019607,0.06097560975609756,0.4019607843137255,0.69,0.13,0.15306122448979592,0.2375,0.03,0.7941176470588235,0.4270833333333333,0.15392354124748492,0.03535353535353535,0.795774647887324,0.42872117400419285,5,4,1,1,4,0.35344322462313427,0.15314401622718052,0.14156626506024098,2.0,1.0,421.0,False,False,full,87.0,2026-07-28,2026-07-28,0.6683789092007856,0.7166035694970254,1849.0,0.44311829581507783,0.4229313142239048,0.11112346126937034,0.1041140206503508,-0.23435338232503966,-0.14407538806639858,0.5040383924146027,0.36277110934297524,0.5547665810545399,0.35857220118983235,2026-09-25
ARE,Alexandria Real Estate Equities,Real Estate,Office REITs,Real Estate,6798.0,1035443,ARE,8700181223.276138,,49.93000030517578,0.48733291722423533,3.0,False,,-0.06588405434083221,0.03694385685748297,-0.06653360947690744,0.3699696923899723,-0.07950862475281162,0.007450450033958278,-0.11778593729270814,,,1.7877760934895788,-0.3572880310451306,0.08599178799529494,,0.019230769230769232,0.05172413793103448,0.9444444444444444,0.6428571428571429,0.9482758620689655,0.3275862068965517,0.017241379310344827,,,0.9827586206896551,0.017241379310344827,0.43103448275862066,0.4778672032193159,0.48484848484848486,0.019114688128772636,0.4308176100628931,6,2,1,1,4,0.3531619965648666,0.1511156186612576,0.13755020080321284,2.0,1.0,422.0,False,False,full,87.0,2026-08-03,2026-08-03,0.6683789092007856,0.6250472947408248,2643.0,0.44311829581507783,0.4623533863034431,0.11112346126937034,0.11946421819656039,-0.23435338232503966,-0.32098815293952476,0.5040383924146027,0.6409798796316852,0.5547665810545399,0.729474082482028,2026-09-25
NSC,Norfolk Southern,Industrials,Rail Transportation,Industrials,4011.0,702165,NSC,70302420749.0,,313.0,0.20482701918780763,1.0,False,,0.16218544268750384,0.08270909977394619,-0.024289703470590843,0.36824608838260714,0.021900124561204937,-2.9031912727961462e-05,0.037495152683451445,0.023199770116354063,0.04701254784001571,0.2311869182716754,0.1611863086708265,-0.08762164425807466,,0.3546511627906977,0.28191489361702127,0.375,0.29310344827586204,0.7150537634408602,0.22527472527472528,0.45698924731182794,0.12637362637362637,0.4226190476190476,0.6223404255319149,0.6182795698924731,0.23295454545454544,0.19014084507042253,0.35858585858585856,0.6187122736418511,0.2348008385744235,6,4,1,1,4,0.35055995396813894,0.14908722109533468,0.22188755020080322,2.0,1.0,423.0,False,True,full,87.0,2026-07-23,2026-07-23,0.6683789092007856,0.7166035694970254,1849.0,0.44311829581507783,0.4229313142239048,0.11112346126937034,0.1041140206503508,-0.23435338232503966,-0.14407538806639858,0.5040383924146027,0.36277110934297524,0.5547665810545399,0.35857220118983235,2026-09-25
MCHP,Microchip Technology,Information Technology,Semiconductors,Information Technology,3674.0,827054,MCHP,42729355220.49481,,78.69000244140625,0.4979582479317726,3.0,False,0.21400807918153172,0.07415904510928538,0.08315171370268057,-0.04994655524244485,0.37212127101350695,-0.038192196001201606,0.006168518481538321,0.011196050058123486,0.025998520086892518,0.016621232502354054,0.15097349273610913,0.17368134333512208,0.8100417459525387,0.3202247191011236,0.15517241379310345,0.1813186813186813,0.6208791208791209,0.19078947368421054,0.9277777777777778,0.28651685393258425,0.13736263736263737,0.4166666666666667,0.16891891891891891,0.5989010989010989,0.5166666666666667,0.4034090909090909,0.2062374245472837,0.2696969696969697,0.5130784708249497,0.40461215932914046,7,4,1,1,4,0.3484062560995859,0.14705882352941177,0.14357429718875503,2.0,1.0,424.0,False,False,full,87.0,2026-08-06,2026-08-06,0.6683789092007856,0.6250472947408248,2643.0,0.44311829581507783,0.4623533863034431,0.11112346126937034,0.11946421819656039,-0.23435338232503966,-0.32098815293952476,0.5040383924146027,0.6409798796316852,0.5547665810545399,0.729474082482028,2026-09-25
DIS,Walt Disney Company (The),Communication Services,Movies & Entertainment,Consumer Discretionary,7990.0,1744489,DIS,183287817282.01514,,106.1500015258789,0.2672184811946064,1.0,False,,0.07815908099461975,0.08297841164403634,-0.0409739181400801,0.22487545179251733,0.04134030476267969,-0.039627115131994906,0.046920739891662525,0.045245778595529924,0.0813674016136397,0.600323587413885,-0.04709741034780679,-1.5962785752805446,,0.15476190476190477,0.16666666666666666,0.3431372549019608,0.524390243902439,0.5784313725490197,0.63,0.45,0.4387755102040816,0.8875,0.89,0.3627450980392157,0.03125,0.24245472837022133,0.7545454545454545,0.3631790744466801,0.03249475890985325,6,4,1,1,4,0.3481685040680523,0.14503042596348883,0.3684738955823293,2.0,1.0,425.0,False,False,full,90.0,2026-08-05,2026-08-05,0.6683789092007856,0.7166035694970254,1849.0,0.44311829581507783,0.4229313142239048,0.11112346126937034,0.1041140206503508,-0.23435338232503966,-0.14407538806639858,0.5040383924146027,0.36277110934297524,0.5547665810545399,0.35857220118983235,2026-09-25
APD,Air Products,Materials,Industrial Gases,Materials,2810.0,2969,APD,62743877107.46338,,281.760009765625,0.26485783594183615,1.0,False,0.09988231105484899,-0.003406848269205837,0.1130110568269478,-0.11418052890796526,0.003132602804755029,-0.029129289879042064,0.0005926211766296152,-0.0007538584190292835,-0.004803655972419156,-0.009583119422684926,0.22127736824775407,0.16495705561505214,-1.3977871462421838,0.26,0.17307692307692307,0.5576923076923077,0.9423076923076923,0.98,0.8269230769230769,0.36538461538461536,0.17307692307692307,0.1,0.14583333333333334,0.3269230769230769,0.5192307692307693,0.057692307692307696,0.7253521126760564,0.07777777777777778,0.5160965794768612,0.059748427672955975,7,4,1,1,4,0.34474372440091283,0.14300202839756593,0.3463855421686747,2.0,1.0,426.0,False,False,full,87.0,2026-07-30,2026-07-30,0.6683789092007856,0.7166035694970254,1849.0,0.44311829581507783,0.4229313142239048,0.11112346126937034,0.1041140206503508,-0.23435338232503966,-0.14407538806639858,0.5040383924146027,0.36277110934297524,0.5547665810545399,0.35857220118983235,2026-09-25
FIS,Fidelity National Information Services,Financials,Transaction & Payment Processing Services,Industrials,7389.0,1136893,FIS,18261146442.279522,,35.40999984741211,0.33216314689548865,2.0,False,0.09944225275472725,0.21025065469509913,0.06747381308665487,0.008978370289756496,0.4800707386750102,0.3216072873280795,-0.012773609588511148,0.1846543430697704,0.1545357521182954,0.04952037290645651,0.8782581121450111,-0.36542086582522837,0.3153663509324278,0.08552631578947369,0.5058139534883721,0.14361702127659576,0.07065217391304347,0.15517241379310345,0.10215053763440861,0.47802197802197804,0.9946236559139785,0.9835164835164835,0.47023809523809523,0.973404255319149,0.04838709677419355,0.3693181818181818,0.029175050301810865,0.9363636363636364,0.04426559356136821,0.3689727463312369,7,4,1,1,4,0.3446942566395131,0.140973630831643,0.15160642570281124,2.0,1.0,427.0,False,False,full,87.0,2026-08-04,2026-08-04,0.6683789092007856,0.6801505174035748,2126.0,0.44311829581507783,0.43650047036688616,0.11112346126937034,0.11136766487276606,-0.23435338232503966,-0.2064058746522781,0.5040383924146027,0.48104795369608666,0.5547665810545399,0.5079962370649106,2026-09-25
CBRE,CBRE Group,Real Estate,Real Estate Services,Real Estate,6500.0,1138118,CBRE,38962357229.61368,,134.5500030517578,0.329938267861313,2.0,False,0.26411998293459354,0.15491783758037628,0.04466541957927209,-0.0019690853598503494,0.2655967969544813,0.10031415881269634,-0.026815362203187587,0.033391203523260235,0.024074518758507378,0.04343116545453942,0.21554137370356605,-0.07457476632436721,-0.10805237178416706,0.9642857142857143,0.8269230769230769,0.1206896551724138,0.05555555555555555,0.8333333333333334,0.1206896551724138,0.9137931034482759,0.5344827586206896,0.3235294117647059,0.6052631578947368,0.25862068965517243,0.1206896551724138,0.22413793103448276,0.6408450704225352,0.3888888888888889,0.11971830985915492,0.22536687631027252,7,4,1,1,4,0.3437047863702129,0.1389452332657201,0.21586345381526104,2.0,1.0,428.0,False,False,full,87.0,2026-07-29,2026-07-29,0.6683789092007856,0.6801505174035748,2126.0,0.44311829581507783,0.43650047036688616,0.11112346126937034,0.11136766487276606,-0.23435338232503966,-0.2064058746522781,0.5040383924146027,0.48104795369608666,0.5547665810545399,0.5079962370649106,2026-09-25
HRL,Hormel Foods,Consumer Staples,Packaged Foods & Meats,Consumer Staples,2011.0,48465,HRL,10861668035.476685,,19.709999084472656,0.2922337292801043,2.0,False,0.14327685781853675,0.04369394362986464,0.0821288632407399,-0.05634563731275035,0.21479987908529136,-0.015167530258819784,0.0006373440005229547,0.03155233605746629,0.0718921805978146,0.044666141702716836,0.7221214986852409,-0.07047265411592607,-1.2285012963598616,0.18333333333333332,0.25,0.35,0.7166666666666667,0.8448275862068966,0.6833333333333333,0.46551724137931033,0.3275862068965517,0.7068965517241379,0.3888888888888889,0.8793103448275862,0.18333333333333332,0.0625,0.5100603621730382,0.6131313131313131,0.18309859154929578,0.0639412997903564,7,4,1,1,4,0.34255789166100087,0.13691683569979715,0.33835341365461846,2.0,1.0,429.0,False,False,full,61.0,2026-08-27,2026-08-27,0.6683789092007856,0.6801505174035748,2126.0,0.44311829581507783,0.43650047036688616,0.11112346126937034,0.11136766487276606,-0.23435338232503966,-0.2064058746522781,0.5040383924146027,0.48104795369608666,0.5547665810545399,0.5079962370649106,2026-09-25
VTR,Ventas,Real Estate,Health Care REITs,Real Estate,6798.0,740260,VTR,44416023347.34433,,86.58999633789062,0.22189182381464553,1.0,True,,0.017934592402050076,0.06074340158193163,,,0.12015016168693027,0.12866638860577106,0.00591523013992897,-0.02536627358980719,,0.3298223905692336,0.3267216895585774,-0.06028661208836009,,0.057692307692307696,0.39655172413793105,,,0.08620689655172414,0.017241379310344827,0.05172413793103448,0.029411764705882353,,0.39655172413793105,0.8793103448275862,0.39655172413793105,0.013078470824949699,0.0595959595959596,0.8802816901408451,0.3972746331236897,4,3,1,1,4,0.337557688421361,0.13488843813387424,0.11546184738955824,2.0,1.0,430.0,False,False,full,87.0,2026-07-30,2026-07-30,0.6683789092007856,0.7166035694970254,1849.0,0.44311829581507783,0.4229313142239048,0.11112346126937034,0.1041140206503508,-0.23435338232503966,-0.14407538806639858,0.5040383924146027,0.36277110934297524,0.5547665810545399,0.35857220118983235,2026-09-25
OKE,Oneok,Energy,Oil & Gas Storage & Transportation,Energy,4923.0,1039684,OKE,55869661854.848,,88.62999725341797,0.2682408683241447,1.0,False,0.15628236735765658,0.15939312028600078,0.08981896161869611,-0.03648485025310362,0.48139287225196575,0.062379889653462195,0.0009744853887285743,0.06543801910773077,0.0520139178137488,0.0688892015889158,0.4105448151734192,0.3871695265508075,1.063825546914286,0.28125,0.575,0.075,0.125,0.13157894736842105,0.525,0.375,0.625,0.3235294117647059,0.4411764705882353,0.475,0.425,0.375,0.09557344064386318,0.45151515151515154,0.4255533199195171,0.3752620545073375,7,4,1,1,4,0.33697599164646735,0.1328600405679513,0.12751004016064257,2.0,1.0,431.0,False,False,full,87.0,2026-08-04,2026-08-04,0.6683789092007856,0.7166035694970254,1849.0,0.44311829581507783,0.4229313142239048,0.11112346126937034,0.1041140206503508,-0.23435338232503966,-0.14407538806639858,0.5040383924146027,0.36277110934297524,0.5547665810545399,0.35857220118983235,2026-09-25
DTE,DTE Energy,Utilities,Multi-Utilities,Utilities,4911.0,936340,DTE,25262958838.601624,,121.44000244140625,0.17216911592324652,1.0,False,,0.1025724255457275,0.05979168178848806,-0.036854903099368515,0.4847027654786964,0.1120573100595299,0.0024703241463939207,0.05003372756435073,,0.04178911628456903,0.4877892601071947,-0.016966776817979312,-1.6184768122753939,,0.532258064516129,0.5967741935483871,0.7903225806451613,0.08333333333333333,0.4032258064516129,0.6935483870967742,0.4032258064516129,,0.25,0.3709677419354839,0.4032258064516129,0.08064516129032258,0.5563380281690141,0.28383838383838383,0.4024144869215292,0.08071278825995808,6,3,1,1,4,0.3308259217972213,0.1308316430020284,0.2700803212851406,2.0,1.0,432.0,False,False,full,178.0,2026-04-30,2026-04-30,0.6683789092007856,0.7166035694970254,1849.0,0.44311829581507783,0.4229313142239048,0.11112346126937034,0.1041140206503508,-0.23435338232503966,-0.14407538806639858,0.5040383924146027,0.36277110934297524,0.5547665810545399,0.35857220118983235,2026-09-25
CLX,Clorox,Consumer Staples,Household Products,Consumer Staples,2842.0,21076,CLX,10133209582.822678,,83.80000305175781,0.3143413224723545,2.0,False,0.4605344934742076,,0.08949658172778123,0.027967681789931635,0.6336233685518956,0.16763425253991282,-0.01891604789171253,0.07460617426501612,0.03750045796389699,0.08330639898723535,-0.006611922851529207,-0.1708633339289145,0.05520383650421514,0.7833333333333333,,0.4166666666666667,0.016666666666666666,0.1206896551724138,0.18333333333333332,0.8448275862068966,0.9482758620689655,0.22413793103448276,0.9814814814814815,0.1206896551724138,0.05,0.4375,0.23038229376257546,0.601010101010101,0.05030181086519115,0.4371069182389937,6,4,1,1,4,0.32970028096921533,0.12880324543610547,0.09136546184738956,2.0,1.0,433.0,False,False,full,178.0,2026-04-30,2026-04-30,0.6683789092007856,0.6801505174035748,2126.0,0.44311829581507783,0.43650047036688616,0.11112346126937034,0.11136766487276606,-0.23435338232503966,-0.2064058746522781,0.5040383924146027,0.48104795369608666,0.5547665810545399,0.5079962370649106,2026-09-25
PKG,Packaging Corporation of America,Materials,Paper & Plastic Packaging Products & Materials,Materials,2650.0,75677,PKG,21132333904.244568,,237.17999267578125,0.28035007572103693,2.0,False,0.17404566292950843,0.14837298097342286,0.14743770142072535,-0.08464436475874904,0.36030139349099,0.21836703092509846,-0.00978546242395828,0.03273183185228147,0.035130998940485415,0.04225248567621992,0.2206050699900983,0.09357927072086891,-0.7970075756186955,0.58,0.4807692307692308,0.7884615384615384,0.8269230769230769,0.06,0.019230769230769232,0.5192307692307693,0.4807692307692308,0.5,0.5208333333333334,0.28846153846153844,0.40384615384615385,0.09615384615384616,0.3993963782696177,0.4171717171717172,0.40543259557344064,0.09329140461215933,7,4,1,1,4,0.32882302390673374,0.12677484787018256,0.2520080321285141,2.0,1.0,434.0,False,False,full,87.0,2026-08-07,2026-08-07,0.6683789092007856,0.6801505174035748,2126.0,0.44311829581507783,0.43650047036688616,0.11112346126937034,0.11136766487276606,-0.23435338232503966,-0.2064058746522781,0.5040383924146027,0.48104795369608666,0.5547665810545399,0.5079962370649106,2026-09-25
ORCL,Oracle Corporation,Information Technology,Application Software,Information Technology,7372.0,1341439,ORCL,414554224055.4199,,137.10000610351562,0.5637071716102933,3.0,False,0.07992508054171517,0.2833523033606901,0.15478518362192054,-0.09239626853613578,,0.6805801085071128,0.06405359582280279,0.04563938539791762,-0.06927923618542252,,0.16106939967176295,-0.4637333625408233,1.7685501326339572,0.028089887640449437,0.603448275862069,0.532967032967033,0.8076923076923077,,0.10555555555555556,0.08426966292134831,0.7967032967032966,0.016666666666666666,,0.6538461538461539,0.027777777777777776,0.6534090909090909,0.1579476861167002,0.47575757575757577,0.029175050301810865,0.6519916142557652,6,3,1,1,4,0.32871798160796306,0.12474645030425964,0.05923694779116466,2.0,1.0,435.0,False,False,full,25.0,2026-09-11,2026-09-11,0.6683789092007856,0.6250472947408248,2643.0,0.44311829581507783,0.4623533863034431,0.11112346126937034,0.11946421819656039,-0.23435338232503966,-0.32098815293952476,0.5040383924146027,0.6409798796316852,0.5547665810545399,0.729474082482028,2026-09-25
COST,Costco,Consumer Staples,Consumer Staples Merchandise Retail,Consumer Discretionary,5331.0,909832,COST,409226725069.33154,,922.7650146484375,0.20087045662817782,1.0,False,0.40898993405067685,0.24169626070607897,0.15428670600485941,-0.06058081684600255,0.06560222145088511,0.14504120187594394,3.873931831543942e-06,0.019790985055113057,0.019150753164208053,0.026292684061740044,0.08188370394021278,0.025676782655220443,,0.3974358974358974,0.39285714285714285,0.5588235294117647,0.5980392156862745,0.8414634146341463,0.16666666666666666,0.23,0.11,0.09183673469387756,0.1125,0.43,0.5392156862745098,,0.3672032193158954,0.07575757575757576,0.540241448692153,,7,4,1,0,3,0.32773408125520803,0.12271805273833672,0.1395582329317269,2.0,1.0,436.0,False,False,composite_from_3_of_4_families,138.0,2026-06-03,2026-06-03,0.6683789092007856,0.7166035694970254,1849.0,0.44311829581507783,0.4229313142239048,0.11112346126937034,0.1041140206503508,-0.23435338232503966,-0.14407538806639858,0.5040383924146027,0.36277110934297524,0.5547665810545399,0.35857220118983235,2026-09-25
FITB,Fifth Third Bancorp,Financials,Regional Banks,Financials,6022.0,35527,FITB,47249101200.59177,,52.099998474121094,0.26524224982057076,1.0,True,,0.06803549678092918,0.01220934106202945,,,0.4294898352786547,0.3701617293153465,0.049651738136568355,0.06393772417330477,,0.7297916600277707,0.23691134646283563,-0.2089333496248293,,0.11029411764705882,0.27205882352941174,,,0.022058823529411766,0.022727272727272728,0.26119402985074625,0.47,,0.753731343283582,0.7573529411764706,0.06923076923076923,0.007042253521126761,0.4777777777777778,0.7575452716297787,0.06813417190775681,4,3,1,1,4,0.32762486870911,0.1206896551724138,0.2680722891566265,2.0,1.0,437.0,False,False,full,87.0,2026-08-04,2026-08-04,0.6683789092007856,0.7166035694970254,1849.0,0.44311829581507783,0.4229313142239048,0.11112346126937034,0.1041140206503508,-0.23435338232503966,-0.14407538806639858,0.5040383924146027,0.36277110934297524,0.5547665810545399,0.35857220118983235,2026-09-25
VICI,Vici Properties,Real Estate,Hotel & Resort REITs,Real Estate,6798.0,1705696,VICI,25886333734.636654,,23.510000228881836,0.18383995053488023,1.0,True,,0.0948113468049792,0.05465523763435024,,,0.04814339455208949,0.032547606577049804,0.10684085387879359,0.10181244771922095,,1.126878348206131,-0.174069462320957,-2.4325639680934485,,0.6730769230769231,0.29310344827586204,,,0.39655172413793105,0.15517241379310345,0.9827586206896551,0.9705882352941176,,0.9482758620689655,0.08620689655172414,0.017241379310344827,0.19617706237424548,0.9949494949494949,0.0875251509054326,0.01781970649895178,4,3,1,1,4,0.3241178536820312,0.11866125760649088,0.30823293172690763,2.0,1.0,438.0,False,False,full,87.0,2026-07-29,2026-07-29,0.6683789092007856,0.7166035694970254,1849.0,0.44311829581507783,0.4229313142239048,0.11112346126937034,0.1041140206503508,-0.23435338232503966,-0.14407538806639858,0.5040383924146027,0.36277110934297524,0.5547665810545399,0.35857220118983235,2026-09-25
PFE,Pfizer,Health Care,Pharmaceuticals,Health Care,2834.0,78003,PFE,163409642231.4806,,28.670000076293945,0.23122040352614454,1.0,False,0.23174945682167344,0.050851038854325625,0.06662821743043092,-0.045090015959747626,0.31372588014776437,-0.02408597976661253,0.0024840319332315453,0.026510063548535495,0.06722369530947886,0.031646810454988114,0.5213278655816571,0.19528899685830048,-0.9781850083336457,0.3372093023255814,0.15476190476190477,0.13829787234042554,0.6276595744680851,0.39285714285714285,0.776595744680851,0.18085106382978725,0.2872340425531915,0.75,0.25,0.8829787234042553,0.4787234042553192,0.05434782608695652,0.18611670020120724,0.5626262626262626,0.4798792756539235,0.057651991614255764,7,4,1,1,4,0.3215685575239123,0.11663286004056796,0.2620481927710843,2.0,1.0,439.0,False,False,full,89.0,2026-08-04,2026-08-04,0.6683789092007856,0.7166035694970254,1849.0,0.44311829581507783,0.4229313142239048,0.11112346126937034,0.1041140206503508,-0.23435338232503966,-0.14407538806639858,0.5040383924146027,0.36277110934297524,0.5547665810545399,0.35857220118983235,2026-09-25
FISV,Fiserv,Financials,Transaction & Payment Processing Services,Industrials,7389.0,798354,FISV,24716516948.656513,,46.47999954223633,0.6956775588017431,3.0,False,0.06375639789333136,0.10411091287540886,0.07208911307271963,-0.037460129070543725,0.344756818238014,-0.007911101298892498,-0.021756084209886506,0.11332502900058702,0.1588411509661923,0.089657597914867,1.0885028847667952,-0.5865197828146236,-1.7062132111821728,0.03289473684210526,0.18023255813953487,0.17553191489361702,0.5597826086956522,0.3505747126436782,0.8763440860215054,0.6538461538461539,0.9623655913978495,0.9945054945054945,0.9464285714285714,0.9946808510638298,0.016129032258064516,0.017045454545454544,0.25855130784708247,0.998989898989899,0.012072434607645875,0.014675052410901468,7,4,1,1,4,0.3210721734638822,0.11460446247464504,0.3002008032128514,2.0,1.0,440.0,False,False,full,87.0,2026-08-07,2026-08-07,0.6683789092007856,0.6250472947408248,2643.0,0.44311829581507783,0.4623533863034431,0.11112346126937034,0.11946421819656039,-0.23435338232503966,-0.32098815293952476,0.5040383924146027,0.6409798796316852,0.5547665810545399,0.729474082482028,2026-09-25
IP,International Paper,Materials,Paper & Plastic Packaging Products & Materials,Materials,2621.0,51434,IP,18545537965.31786,,35.02000045776367,0.4430553014887048,3.0,False,0.19728375455217545,-0.23784157730888966,0.0724788477862052,-0.16661646723802745,0.22493907614796965,-0.1381678308476496,0.0030072989501661596,-0.18538151907102549,0.026529292432502776,-0.10470706273456687,0.7794327685199748,-0.14204499173722585,-0.09504876287368959,0.7,0.019230769230769232,0.21153846153846154,0.9807692307692307,0.62,0.9423076923076923,0.17307692307692307,0.038461538461538464,0.3,0.041666666666666664,0.9038461538461539,0.17307692307692307,0.28846153846153844,0.5784708249496981,0.2474747474747475,0.1720321931589537,0.2840670859538784,7,4,1,1,4,0.32051121288431944,0.11257606490872211,0.14558232931726908,2.0,1.0,441.0,False,False,full,87.0,2026-08-05,2026-08-05,0.6683789092007856,0.6250472947408248,2643.0,0.44311829581507783,0.4623533863034431,0.11112346126937034,0.11946421819656039,-0.23435338232503966,-0.32098815293952476,0.5040383924146027,0.6409798796316852,0.5547665810545399,0.729474082482028,2026-09-25
APTV,Aptiv,Consumer Discretionary,Automotive Parts & Equipment,Consumer Discretionary,3714.0,1521332,APTV,9299897085.583992,,44.790000915527344,0.4418678143699699,3.0,False,0.20426761502556123,0.0251342396892494,0.07507223827517226,-0.06284729939986664,0.29751055790175596,-0.24835017960070171,-0.046502979376667475,0.0236561757593025,0.07354920099710413,0.07161933136555548,0.9411932110053399,-0.4808629356550572,-0.2862901297397885,0.19230769230769232,0.03571428571428571,0.10784313725490197,0.6372549019607843,0.4268292682926829,0.9901960784313726,0.75,0.17,0.7448979591836735,0.6625,0.97,0.00980392156862745,0.19791666666666666,0.35110663983903423,0.7121212121212122,0.007042253521126761,0.1960167714884696,7,4,1,1,4,0.31657171924246064,0.1105476673427992,0.16967871485943775,2.0,1.0,442.0,False,False,full,87.0,2026-08-04,2026-08-04,0.6683789092007856,0.6250472947408248,2643.0,0.44311829581507783,0.4623533863034431,0.11112346126937034,0.11946421819656039,-0.23435338232503966,-0.32098815293952476,0.5040383924146027,0.6409798796316852,0.5547665810545399,0.729474082482028,2026-09-25
BE,Bloom Energy,Industrials,Electrical Components & Equipment,Industrials,3620.0,1664703,BE,82118948163.81519,,288.70001220703125,1.1172187362883526,3.0,False,0.15525810824165776,0.007517344587826612,0.06393533257773389,-0.06245035885257214,0.558796663214519,0.7886340560371536,0.22484422956920302,8.435324800046948e-05,0.0027954449628612345,0.0019950592262846885,0.011221149571494818,1.439399359065903,0.0014028693758651436,0.17763157894736842,0.029069767441860465,0.10106382978723404,0.7989130434782609,0.10919540229885058,0.005376344086021506,0.005494505494505495,0.016129032258064516,0.07142857142857142,0.017857142857142856,0.11170212765957446,0.9946236559139785,0.24431818181818182,0.01710261569416499,0.0030303030303030303,0.9989939637826962,0.24528301886792453,7,4,1,1,4,0.31610247534377217,0.10851926977687627,0.1576305220883534,2.0,1.0,443.0,False,False,full,178.0,2026-04-29,2026-04-29,0.6683789092007856,0.6250472947408248,2643.0,0.44311829581507783,0.4623533863034431,0.11112346126937034,0.11946421819656039,-0.23435338232503966,-0.32098815293952476,0.5040383924146027,0.6409798796316852,0.5547665810545399,0.729474082482028,2026-09-25
MPWR,Monolithic Power Systems,Information Technology,Semiconductors,Information Technology,3674.0,1280452,MPWR,67199615129.5166,,1367.4300537109375,0.5477284794094407,3.0,False,0.38552074204148473,0.20586873213288207,0.17548029781868363,-0.0043512802571461315,,0.21019884501616892,0.026121272863943945,0.011933788585758658,0.008713398118002168,,0.05796795104394851,0.38424866427694226,0.1961727280621987,0.6910112359550562,0.4425287356321839,0.6428571428571429,0.11538461538461539,,0.37222222222222223,0.12921348314606743,0.17032967032967034,0.11666666666666667,,0.2802197802197802,0.65,0.2897727272727273,0.24044265593561368,0.08383838383838384,0.6498993963782697,0.28721174004192873,6,3,1,1,4,0.315348044048549,0.10649087221095335,0.13152610441767068,2.0,1.0,444.0,False,False,full,87.0,2026-08-05,2026-08-05,0.6683789092007856,0.6250472947408248,2643.0,0.44311829581507783,0.4623533863034431,0.11112346126937034,0.11946421819656039,-0.23435338232503966,-0.32098815293952476,0.5040383924146027,0.6409798796316852,0.5547665810545399,0.729474082482028,2026-09-25
MRVL,Marvell Technology,Information Technology,Semiconductors,Information Technology,3674.0,1835632,MRVL,229690799359.13086,,261.93499755859375,0.7734001417208807,3.0,False,0.17906629020199893,0.14245397051522804,0.07985236584817054,0.01595377904233776,0.18011148773707475,0.338492103972059,0.01716738197424883,0.011493277081039756,0.007532299965114922,0.0067670505980897,0.08068063697677805,1.5230278917506292,0.10216019727367834,0.2752808988764045,0.3160919540229885,0.13736263736263737,0.1043956043956044,0.6776315789473685,0.22777777777777777,0.1404494382022472,0.14835164835164835,0.09444444444444444,0.10135135135135136,0.41208791208791207,0.8722222222222222,0.24431818181818182,0.06539235412474849,0.08181818181818182,0.8682092555331992,0.24528301886792453,7,4,1,1,4,0.3151757025860135,0.10446247464503043,0.15562248995983935,2.0,1.0,445.0,False,False,full,55.0,2026-08-28,2026-08-28,0.6683789092007856,0.6250472947408248,2643.0,0.44311829581507783,0.4623533863034431,0.11112346126937034,0.11946421819656039,-0.23435338232503966,-0.32098815293952476,0.5040383924146027,0.6409798796316852,0.5547665810545399,0.729474082482028,2026-09-25
LOW,Lowe's,Consumer Discretionary,Home Improvement Retail,Consumer Discretionary,5211.0,60667,LOW,106196304031.4396,,189.27999877929688,0.27185507220023486,2.0,False,0.5353698036899841,,0.1657629605769403,-0.04688534564521036,0.6720710080349314,0.19880293474063593,0.00040853035939969473,0.06255396607807864,0.0659156649927067,0.0733334119800291,-0.07003068579296566,-0.16873473701991037,0.0,0.6025641025641025,,0.5784313725490197,0.46078431372549017,0.10975609756097561,0.08823529411764706,0.21,0.75,0.6836734693877551,0.6875,0.07,0.24509803921568626,0.2916666666666667,0.1317907444668008,0.5727272727272728,0.24647887323943662,0.29245283018867924,6,4,1,1,4,0.3108624301555474,0.10243407707910751,0.11345381526104417,2.0,1.0,446.0,False,False,full,56.0,2026-08-27,2026-08-27,0.6683789092007856,0.6801505174035748,2126.0,0.44311829581507783,0.43650047036688616,0.11112346126937034,0.11136766487276606,-0.23435338232503966,-0.2064058746522781,0.5040383924146027,0.48104795369608666,0.5547665810545399,0.5079962370649106,2026-09-25
RCL,Royal Caribbean Group,Consumer Discretionary,"Hotels, Resorts & Cruise Lines",Industrials,4400.0,884887,RCL,64910619970.60101,,242.6999969482422,0.4657850813789116,3.0,False,0.2053355434100887,0.4296600234466589,0.15200250873577636,-0.053489830660335094,0.5115133052593853,0.15832079290125067,-0.015372425621160923,0.06775470642541882,-0.006408812613227429,0.058753365042890755,0.15769376420431722,-0.15786204409952753,-0.5803978225966234,0.3355263157894737,0.7965116279069767,0.7074468085106383,0.7228260869565217,0.13218390804597702,0.1774193548387097,0.521978021978022,0.8763440860215054,0.04945054945054945,0.6607142857142857,0.4734042553191489,0.1989247311827957,0.0625,0.4597585513078471,0.5121212121212121,0.1981891348088531,0.0639412997903564,7,4,1,1,4,0.3085025495070672,0.10040567951318459,0.22389558232931728,2.0,1.0,447.0,False,False,full,87.0,2026-07-28,2026-07-28,0.6683789092007856,0.6250472947408248,2643.0,0.44311829581507783,0.4623533863034431,0.11112346126937034,0.11946421819656039,-0.23435338232503966,-0.32098815293952476,0.5040383924146027,0.6409798796316852,0.5547665810545399,0.729474082482028,2026-09-25
SRE,Sempra,Utilities,Multi-Utilities,Utilities,4932.0,1032208,SRE,50942065484.27037,,77.93000030517578,0.2046482384889234,1.0,False,,0.06070287539936102,0.04309448721788615,-0.025854930495604223,0.32094469599534875,0.14653065346934646,0.0023301671566255955,0.03841618869192244,-0.11473818237316642,0.04012424634149529,0.6328561610827224,-0.06574235527410865,0.5500730631315931,,0.016129032258064516,0.11290322580645161,0.20967741935483872,0.9166666666666666,0.11290322580645161,0.7258064516129032,0.04838709677419355,0.1206896551724138,0.15,0.8225806451612904,0.1774193548387097,0.7258064516129032,0.14185110663983905,0.18484848484848485,0.17706237424547283,0.7264150943396226,6,4,1,1,4,0.30754426501835486,0.09837728194726167,0.03313253012048193,1.0,1.0,448.0,False,False,full,178.0,2026-05-07,2026-05-07,0.6496152105024898,0.6975748930099858,1402.0,0.44695940848045873,0.4158345221112696,0.11150429761715452,0.09001980627186446,-0.29010985799673844,-0.13932229828013645,0.565259659628107,0.32340633129483637,0.6144560132790101,0.3559201141226819,2026-09-25
SLB,Schlumberger,Energy,Oil & Gas Equipment & Services,Energy,1389.0,87347,SLB,76492743484.5137,,51.540000915527344,0.36259464881220443,2.0,False,0.41311315997983145,0.11893073559868068,0.11764388100554635,-0.06180220413455305,0.20060505654397465,0.13867415776415348,0.09834932377957739,0.04053979317172499,0.06282948919165118,,0.3408689349111762,0.7821207237169374,-1.6118807366559271,0.90625,0.275,0.275,0.475,0.4473684210526316,0.325,0.125,0.225,0.38235294117647056,,0.325,0.725,0.025,0.25653923541247486,0.22323232323232323,0.7233400402414487,0.02620545073375262,7,3,1,1,4,0.30732926240499986,0.09634888438133875,0.23795180722891565,1.0,1.0,449.0,False,False,full,87.0,2026-07-29,2026-07-29,0.6496152105024898,0.6984126984126984,1827.0,0.44695940848045873,0.4734537493158183,0.11150429761715452,0.13539266798441996,-0.29010985799673844,-0.21387223062655042,0.565259659628107,0.4732281468953413,0.6144560132790101,0.5046524356869184,2026-09-25
SWKS,Skyworks Solutions,Information Technology,Semiconductors,Information Technology,3674.0,4127,SWKS,13443237792.832214,,89.33999633789062,0.5111617966184103,3.0,False,0.2202020202020202,0.050555042434170396,0.09645791245791246,-0.05738720538720539,0.06692255892255893,-0.0375392113654629,0.013779205760482416,0.021579622741976497,0.032298766613464994,0.023240350484467088,0.42685401303096776,-0.10129377736085055,-0.9553742216360069,0.33146067415730335,0.13218390804597702,0.24725274725274726,0.6868131868131868,0.8486842105263158,0.9166666666666666,0.16292134831460675,0.33516483516483514,0.5277777777777778,0.27702702702702703,0.9285714285714286,0.22777777777777777,0.05113636363636364,0.42354124748490946,0.5202020202020202,0.23038229376257546,0.04821802935010482,7,4,1,1,4,0.3055858976999025,0.09432048681541583,0.22791164658634538,1.0,1.0,450.0,False,False,full,84.0,2026-07-28,2026-07-28,0.6496152105024898,0.6037680306152488,3397.0,0.44695940848045873,0.4456873712098911,0.11150429761715452,0.10886273936177959,-0.29010985799673844,-0.3610918669235757,0.565259659628107,0.7358473810478992,0.6144560132790101,0.7801000883132175,2026-09-25
HUM,Humana,Health Care,Managed Health Care,Financials,6324.0,49071,HUM,47776071815.64331,,397.92999267578125,0.48128115893958767,3.0,True,,0.06081808396124865,0.033357452966714905,,,0.08541134891026902,-0.005236198560029881,0.023652007313627745,0.026624206462773886,,0.3888976069798261,0.4890554372417981,-0.1961977714649393,,0.051470588235294115,0.5367647058823529,,,0.3897058823529412,0.26515151515151514,0.06716417910447761,0.19,,0.30597014925373134,0.9338235294117647,0.08461538461538462,0.10764587525150905,0.0797979797979798,0.9346076458752515,0.08280922431865828,4,3,1,1,4,0.3012151813108496,0.0922920892494929,0.19176706827309237,1.0,1.0,451.0,False,False,full,178.0,2026-04-29,2026-04-29,0.6496152105024898,0.6037680306152488,3397.0,0.44695940848045873,0.4456873712098911,0.11150429761715452,0.10886273936177959,-0.29010985799673844,-0.3610918669235757,0.565259659628107,0.7358473810478992,0.6144560132790101,0.7801000883132175,2026-09-25
INTC,Intel,Information Technology,Semiconductors,Information Technology,3674.0,50863,INTC,620412000000.0,,123.0,0.7629420597260319,3.0,False,0.10875868780225154,-0.12895524433985972,0.07378024985304216,-0.12954519633074654,0.23982039033980607,0.051521919800540106,0.1523874800091387,-0.018195972998588036,0.004563096780848855,-0.00012045667157879587,0.14110300896823402,1.6679583955803632,-0.6274231460594977,0.07303370786516854,0.017241379310344827,0.09340659340659341,0.9395604395604396,0.4407894736842105,0.6944444444444444,0.05056179775280899,0.016483516483516484,0.06111111111111111,0.033783783783783786,0.5879120879120879,0.9166666666666666,0.08522727272727272,0.12173038229376258,0.0696969696969697,0.9154929577464789,0.0859538784067086,7,4,1,1,4,0.29821854703597994,0.09026369168356999,0.18373493975903615,1.0,1.0,452.0,False,False,full,90.0,2026-07-24,2026-07-24,0.6496152105024898,0.6037680306152488,3397.0,0.44695940848045873,0.4456873712098911,0.11150429761715452,0.10886273936177959,-0.29010985799673844,-0.3610918669235757,0.565259659628107,0.7358473810478992,0.6144560132790101,0.7801000883132175,2026-09-25
ARES,Ares Management,Financials,Asset Management & Custody Banks,Financials,6282.0,1176948,ARES,9843307238.663025,,122.01000213623047,0.4414739856794597,3.0,True,,0.16036852144605201,0.03078238054166798,,,0.08679490632310549,0.00010621356284712391,0.06464839352981867,0.09079326473623192,,0.4031239606556228,-0.07728527269590468,,,0.5514705882352942,0.49264705882352944,,,0.375,0.2196969696969697,0.4253731343283582,0.69,,0.35074626865671643,0.13970588235294118,,0.27867203219315895,0.47373737373737373,0.14185110663983905,,4,3,1,0,3,0.2980868375234572,0.08823529411764706,0.10140562248995984,1.0,1.0,453.0,False,False,composite_from_3_of_4_families,87.0,2026-08-07,2026-08-07,0.6496152105024898,0.6037680306152488,3397.0,0.44695940848045873,0.4456873712098911,0.11150429761715452,0.10886273936177959,-0.29010985799673844,-0.3610918669235757,0.565259659628107,0.7358473810478992,0.6144560132790101,0.7801000883132175,2026-09-25
CDNS,Cadence Design Systems,Information Technology,Application Software,Information Technology,7372.0,813672,CDNS,89951873426.75781,,326.1300048828125,0.4021262540924362,3.0,False,0.10357045264173953,0.17846157175617694,0.13204622711486208,-0.03525876329953645,,0.34225026809826953,0.010159609144380743,0.01301772776254012,0.015896411553499083,,0.07294415057783749,-0.035529267890914484,1.6525210917570972,0.06179775280898876,0.3850574712643678,0.4340659340659341,0.4340659340659341,,0.21666666666666667,0.24157303370786518,0.19230769230769232,0.22777777777777777,,0.3791208791208791,0.2833333333333333,0.6420454545454546,0.09154929577464789,0.16262626262626262,0.2796780684104628,0.6457023060796646,6,3,1,1,4,0.29488898322275947,0.08620689655172414,0.03714859437751004,1.0,1.0,454.0,False,False,full,178.0,2026-05-01,2026-05-01,0.6496152105024898,0.6037680306152488,3397.0,0.44695940848045873,0.4456873712098911,0.11150429761715452,0.10886273936177959,-0.29010985799673844,-0.3610918669235757,0.565259659628107,0.7358473810478992,0.6144560132790101,0.7801000883132175,2026-09-25
LEN,Lennar,Consumer Discretionary,Homebuilding,Consumer Discretionary,1520.0,920760,LEN,19779748767.39502,,82.1500015258789,0.37220112502113,3.0,False,0.14088679554042993,0.07471375266539312,0.026200382149672765,0.021731049890872663,,-0.019581087703674727,-0.07495600992754126,0.08166731635453132,0.03623772012622982,,1.0930693940683163,-0.3192350634945168,-0.5787180167354573,0.16666666666666666,0.13095238095238096,0.00980392156862745,0.049019607843137254,,0.8529411764705882,0.91,0.93,0.2755102040816326,,0.99,0.06862745098039216,0.11458333333333333,0.14989939637826963,0.8454545454545455,0.06740442655935613,0.11215932914046121,6,3,1,1,4,0.29372942438315813,0.08417849898580122,0.1676706827309237,1.0,1.0,455.0,False,False,full,117.0,2026-06-29,2026-06-29,0.6496152105024898,0.6037680306152488,3397.0,0.44695940848045873,0.4456873712098911,0.11150429761715452,0.10886273936177959,-0.29010985799673844,-0.3610918669235757,0.565259659628107,0.7358473810478992,0.6144560132790101,0.7801000883132175,2026-09-25
NRG,NRG Energy,Utilities,Independent Power Producers & Energy Traders,Utilities,4911.0,1013871,NRG,21098826756.070335,,100.37000274658203,0.490372201623568,3.0,False,0.11767651477215824,0.1748712667353244,0.03893340010015023,-0.017676514772158237,0.585678517776665,0.6580870142809698,0.08674771973493645,0.04023920428446262,0.01649380811659952,0.0454557484926909,0.2301075816266973,-0.31163457427802854,0.8551255951383409,0.5909090909090909,0.8870967741935484,0.016129032258064516,0.04838709677419355,0.016666666666666666,0.04838709677419355,0.04838709677419355,0.11290322580645161,0.8793103448275862,0.45,0.04838709677419355,0.016129032258064516,0.7903225806451613,0.03722334004024145,0.3202020202020202,0.012072434607645875,0.7914046121593291,7,4,1,1,4,0.29022560175230916,0.0821501014198783,0.015060240963855422,1.0,1.0,456.0,False,False,full,87.0,2026-08-04,2026-08-04,0.6496152105024898,0.6037680306152488,3397.0,0.44695940848045873,0.4456873712098911,0.11150429761715452,0.10886273936177959,-0.29010985799673844,-0.3610918669235757,0.565259659628107,0.7358473810478992,0.6144560132790101,0.7801000883132175,2026-09-25
GEHC,GE HealthCare,Health Care,Health Care Equipment,Health Care,3844.0,1932393,GEHC,30309438451.782394,,66.62999725341797,0.3481709903110687,2.0,False,0.22122558922558921,0.17904011998500188,0.0545993265993266,-0.0031515151515151517,0.27315824915824916,0.10537128565473708,-0.006537038804665052,0.06301667393272604,0.05011640193916799,0.0693647277203251,0.35196956937922586,-0.049726060804445193,-1.2438261093173908,0.2441860465116279,0.5833333333333334,0.05319148936170213,0.05319148936170213,0.5833333333333334,0.11702127659574468,0.32978723404255317,0.8617021276595744,0.4891304347826087,0.8214285714285714,0.7127659574468085,0.22340425531914893,0.03260869565217391,0.07746478873239436,0.8252525252525252,0.22233400402414488,0.03459119496855346,7,4,1,1,4,0.2899106282444045,0.08012170385395538,0.19578313253012047,1.0,1.0,457.0,False,False,full,178.0,2026-04-29,2026-04-29,0.6496152105024898,0.6984126984126984,1827.0,0.44695940848045873,0.4734537493158183,0.11150429761715452,0.13539266798441996,-0.29010985799673844,-0.21387223062655042,0.565259659628107,0.4732281468953413,0.6144560132790101,0.5046524356869184,2026-09-25
BRK-B,Berkshire Hathaway,Financials,Multi-Sector Holdings,Financials,6331.0,1067983,BRK-B,1245995084601.0132,brk_class_a_to_b,505.4800109863281,0.14669096383310357,1.0,True,,0.11467689962696047,0.03692112319893339,,,0.08514237504811129,0.0004614753329867938,0.06883494249695554,0.01943426607317156,,0.6002511641043049,0.0025659557027091218,0.4039733700667666,,0.33088235294117646,0.5514705882352942,,,0.40441176470588236,0.20454545454545456,0.4701492537313433,0.13,,0.6343283582089553,0.25735294117647056,0.34615384615384615,0.1881287726358149,0.36666666666666664,0.25653923541247486,0.3448637316561845,4,3,1,1,4,0.2890496015927852,0.07809330628803246,0.071285140562249,1.0,1.0,458.0,False,False,full,87.0,2026-08-10,2026-08-10,0.6496152105024898,0.6975748930099858,1402.0,0.44695940848045873,0.4158345221112696,0.11150429761715452,0.09001980627186446,-0.29010985799673844,-0.13932229828013645,0.565259659628107,0.32340633129483637,0.6144560132790101,0.3559201141226819,2026-09-25
SNPS,Synopsys,Information Technology,Application Software,Information Technology,7372.0,883241,SNPS,81591220272.41162,,425.760009765625,0.4300550943007142,3.0,False,0.14279731057091144,0.03455766478616719,0.061566542513500376,-0.039009591008623494,0.21031103985660893,-0.010449726827077233,0.03169860061395968,0.013194544663085717,0.033676491059039595,0.009115515715542043,0.38181239226463176,-0.10904156288789468,0.48903062335208597,0.11797752808988764,0.10919540229885058,0.06043956043956044,0.45604395604395603,0.5592105263157895,0.8722222222222222,0.11797752808988764,0.2032967032967033,0.5722222222222222,0.12837837837837837,0.9175824175824175,0.21666666666666667,0.35795454545454547,0.11770623742454728,0.43333333333333335,0.21730382293762576,0.35429769392033544,7,4,1,1,4,0.2806602719039604,0.07606490872210954,0.06726907630522089,1.0,1.0,459.0,False,False,full,56.0,2026-08-26,2026-08-26,0.6496152105024898,0.6037680306152488,3397.0,0.44695940848045873,0.4456873712098911,0.11150429761715452,0.10886273936177959,-0.29010985799673844,-0.3610918669235757,0.565259659628107,0.7358473810478992,0.6144560132790101,0.7801000883132175,2026-09-25
MLM,Martin Marietta Materials,Materials,Construction Materials,Materials,1400.0,916076,MLM,29089885094.474426,,484.29998779296875,0.28404548146085945,2.0,False,0.08842994602206054,0.21280097003291182,0.07129781741375264,0.04402722365641868,0.27932410232339827,0.17902600996126172,-0.00398242277804417,0.0844623480643003,0.02784473013108801,0.0395088476562428,0.39690772110313843,-0.17374375398600161,-0.12133380502744197,0.18,0.75,0.17307692307692307,0.019230769230769232,0.42,0.09615384615384616,0.4423076923076923,0.9038461538461539,0.34,0.4375,0.6346153846153846,0.1346153846153846,0.25,0.09356136820925554,0.6212121212121212,0.1358148893360161,0.24947589098532494,7,4,1,1,4,0.27501606743567947,0.07403651115618662,0.08132530120481928,1.0,1.0,460.0,False,False,full,87.0,2026-07-30,2026-07-30,0.6496152105024898,0.6984126984126984,1827.0,0.44695940848045873,0.4734537493158183,0.11150429761715452,0.13539266798441996,-0.29010985799673844,-0.21387223062655042,0.565259659628107,0.4732281468953413,0.6144560132790101,0.5046524356869184,2026-09-25
J,Jacobs Solutions,Industrials,Construction & Engineering,Industrials,1600.0,52988,J,16194632032.592407,,138.3699951171875,0.3345057768061427,2.0,False,0.26718653112962165,0.10366951764885714,0.06265852113754249,-0.03384069180229539,0.3047911127172675,0.02899033018950581,-0.020896200305197232,0.020897541810082427,0.03979985458779347,0.034924988759355256,0.20157846090174034,0.005191148724054351,-0.3491792679845059,0.5855263157894737,0.1686046511627907,0.09042553191489362,0.5054347826086957,0.4540229885057471,0.6612903225806451,0.6208791208791209,0.10215053763440861,0.4340659340659341,0.17261904761904762,0.5904255319148937,0.34946236559139787,0.11931818181818182,0.32696177062374243,0.2595959595959596,0.3470824949698189,0.11740041928721175,7,4,1,1,4,0.26276016111918316,0.0720081135902637,0.10742971887550201,1.0,1.0,461.0,False,False,full,91.0,2026-08-04,2026-08-04,0.6496152105024898,0.6984126984126984,1827.0,0.44695940848045873,0.4734537493158183,0.11150429761715452,0.13539266798441996,-0.29010985799673844,-0.21387223062655042,0.565259659628107,0.4732281468953413,0.6144560132790101,0.5046524356869184,2026-09-25
P,Everpure,Information Technology,"Technology Hardware, Storage & Peripherals",Information Technology,3572.0,1474432,P,41986633626.0,,126.0,0.7034906996843149,3.0,False,0.5693392988940139,0.16438133015930292,0.08194913463676888,-0.03343090550951085,,0.29650093864777594,0.013968806699217406,0.006032515067918058,0.003052614342499515,,0.03669829817091705,0.10905619443859815,0.8157042502404466,0.9044943820224719,0.3505747126436782,0.17032967032967034,0.4230769230769231,,0.2611111111111111,0.15168539325842698,0.09340659340659341,0.03888888888888889,,0.15934065934065933,0.42777777777777776,0.4147727272727273,0.1921529175050302,0.015151515151515152,0.4275653923541248,0.41509433962264153,6,3,1,1,4,0.2624910411583279,0.06997971602434078,0.055220883534136546,1.0,1.0,462.0,False,False,full,54.0,2026-09-04,2026-09-04,0.6496152105024898,0.6037680306152488,3397.0,0.44695940848045873,0.4456873712098911,0.11150429761715452,0.10886273936177959,-0.29010985799673844,-0.3610918669235757,0.565259659628107,0.7358473810478992,0.6144560132790101,0.7801000883132175,2026-09-25
CME,CME Group,Financials,Financial Exchanges & Data,Financials,6200.0,1156375,CME,95551867329.1626,,264.4800109863281,0.2408373239876888,1.0,True,,0.16310462888945867,0.022134144524817056,,,0.08209574947055986,0.0025724632653911783,0.0452696542820971,0.044088097048777156,,0.2775497825556982,0.09254713713534257,0.27049487968340236,,0.5808823529411765,0.3897058823529412,,,0.41911764705882354,0.1590909090909091,0.20149253731343283,0.29,,0.15671641791044777,0.4338235294117647,0.2846153846153846,0.21428571428571427,0.11818181818181818,0.43158953722334004,0.28197064989517817,4,3,1,1,4,0.2615069298965127,0.06795131845841786,0.06526104417670683,1.0,1.0,463.0,False,False,full,87.0,2026-07-24,2026-07-24,0.6496152105024898,0.6975748930099858,1402.0,0.44695940848045873,0.4158345221112696,0.11150429761715452,0.09001980627186446,-0.29010985799673844,-0.13932229828013645,0.565259659628107,0.32340633129483637,0.6144560132790101,0.3559201141226819,2026-09-25
LITE,Lumentum,Information Technology,Communications Equipment,Information Technology,3669.0,1633978,LITE,84466007189.9414,,941.6500244140625,0.9649205591972461,3.0,False,0.17186452275059869,-1.4933784103878205,0.10282586383852206,-1.0518645227505987,0.4426000684228532,0.732168677554697,0.28326180257510725,-0.08210521878233003,0.0035529085603058703,0.006176885822804726,0.05497951370611273,4.6220267470965775,-36.357651523222074,0.2303370786516854,0.005747126436781609,0.29120879120879123,0.989010989010989,0.08552631578947369,0.08333333333333333,0.016853932584269662,0.005494505494505495,0.05,0.07432432432432433,0.23626373626373626,0.9722222222222222,0.005681818181818182,0.043259557344064385,0.013131313131313131,0.9708249496981891,0.0020964360587002098,7,4,1,1,4,0.2573280640580667,0.06592292089249494,0.16164658634538154,1.0,1.0,464.0,False,False,full,90.0,2026-08-17,2026-08-17,0.6496152105024898,0.6037680306152488,3397.0,0.44695940848045873,0.4456873712098911,0.11150429761715452,0.10886273936177959,-0.29010985799673844,-0.3610918669235757,0.565259659628107,0.7358473810478992,0.6144560132790101,0.7801000883132175,2026-09-25
DOW,Dow Inc.,Materials,Commodity Chemicals,Materials,2821.0,1751788,DOW,20195175422.689247,,28.020000457763672,0.4415793547886065,3.0,False,0.04185346269655403,-0.18683192340481344,0.03454332552693208,-0.08220140515222482,0.3018902643024423,0.03967025513487199,0.01963566459159516,-0.14107329797190835,-0.011487892288340728,-0.04860516446593631,0.7550813340728783,0.39670013883843236,-0.2953369978175818,0.1,0.057692307692307696,0.057692307692307696,0.7884615384615384,0.34,0.5576923076923077,0.019230769230769232,0.038461538461538464,0.06,0.041666666666666664,0.8269230769230769,0.5961538461538461,0.21153846153846154,0.06941649899396378,0.14646464646464646,0.5945674044265593,0.2148846960167715,7,4,1,1,4,0.25633331147548527,0.06389452332657201,0.06927710843373494,1.0,1.0,465.0,False,False,full,178.0,2026-04-24,2026-04-24,0.6496152105024898,0.6037680306152488,3397.0,0.44695940848045873,0.4456873712098911,0.11150429761715452,0.10886273936177959,-0.29010985799673844,-0.3610918669235757,0.565259659628107,0.7358473810478992,0.6144560132790101,0.7801000883132175,2026-09-25
CARR,Carrier Global,Industrials,Building Products,Industrials,3585.0,1783180,CARR,46819817557.3544,,56.369998931884766,0.35763508979110886,2.0,False,0.16084010111332223,0.09492065792333888,0.056714892701554345,-0.021486580971333297,0.32633249072231485,0.02027601723049899,-0.031178253805826173,0.02797960496952485,0.036010392350090764,0.03129351398429219,0.2947683421255057,-0.009791577090965342,-0.10759896253299459,0.19078947368421054,0.14534883720930233,0.0797872340425532,0.3423913043478261,0.39655172413793105,0.7365591397849462,0.7747252747252747,0.1881720430107527,0.33516483516483514,0.125,0.75,0.3279569892473118,0.19886363636363635,0.1981891348088531,0.295959595959596,0.33098591549295775,0.19916142557651992,7,4,1,1,4,0.2560740179594817,0.061866125760649086,0.07530120481927711,1.0,1.0,466.0,False,False,full,178.0,2026-04-30,2026-04-30,0.6496152105024898,0.6984126984126984,1827.0,0.44695940848045873,0.4734537493158183,0.11150429761715452,0.13539266798441996,-0.29010985799673844,-0.21387223062655042,0.565259659628107,0.4732281468953413,0.6144560132790101,0.5046524356869184,2026-09-25
NOW,ServiceNow,Information Technology,Systems Software,Information Technology,7372.0,1373715,NOW,140231074951.17188,,135.6199951171875,0.5764451647303335,3.0,False,0.3478494284090191,0.13342921061041865,0.16762458157013832,-0.11488662919219352,0.23795237794479884,0.43603464695478666,-0.005769230769230749,0.011908915342633507,0.03266037860434818,0.011739871700485377,0.08925268528646765,-0.19595120132207022,-0.2625405315412914,0.6348314606741573,0.27011494252873564,0.5989010989010989,0.8846153846153846,0.45394736842105265,0.15,0.4438202247191011,0.15934065934065933,0.5388888888888889,0.14189189189189189,0.44505494505494503,0.1388888888888889,0.14204545454545456,0.4798792756539235,0.2494949494949495,0.1398390342052314,0.14255765199161424,7,4,1,1,4,0.2529427278364297,0.059837728194726165,0.0853413654618474,1.0,1.0,467.0,False,False,full,87.0,2026-07-23,2026-07-23,0.6496152105024898,0.6037680306152488,3397.0,0.44695940848045873,0.4456873712098911,0.11150429761715452,0.10886273936177959,-0.29010985799673844,-0.3610918669235757,0.565259659628107,0.7358473810478992,0.6144560132790101,0.7801000883132175,2026-09-25
PANW,Palo Alto Networks,Information Technology,Systems Software,Information Technology,3577.0,1327567,PANW,306537312011.71875,,374.739990234375,0.47044539360639365,3.0,False,0.16667354519191085,0.011166884911974392,0.09395377631035906,-0.08761865456046224,,1.0554801493043775,0.22290327403199273,0.0010015094018579493,0.013417616188409594,,0.08968565627322066,0.8766821237908822,-0.976837119428441,0.19662921348314608,0.06321839080459771,0.22527472527472528,0.7857142857142857,,0.022222222222222223,0.03932584269662921,0.06043956043956044,0.18333333333333332,,0.45604395604395603,0.7944444444444444,0.03977272727272727,0.03319919517102616,0.13636363636363635,0.7977867203219315,0.039832285115303984,6,3,1,1,4,0.2517954592429745,0.057809330628803245,0.1214859437751004,1.0,1.0,468.0,False,False,full,56.0,2026-09-10,2026-09-10,0.6496152105024898,0.6037680306152488,3397.0,0.44695940848045873,0.4456873712098911,0.11150429761715452,0.10886273936177959,-0.29010985799673844,-0.3610918669235757,0.565259659628107,0.7358473810478992,0.6144560132790101,0.7801000883132175,2026-09-25
BLK,BlackRock,Financials,Asset Management & Custody Banks,Financials,6211.0,2012383,BLK,168374590494.01416,,1086.31005859375,0.2750167601037766,2.0,True,,0.11414090569836668,0.0223909026297086,,,0.20075783436881278,0.0015879308313422325,0.0390557742751201,0.020876071559769945,,0.3421715820122406,0.007213368536807652,0.8161664160888845,,0.3161764705882353,0.40441176470588236,,,0.09558823529411764,0.17424242424242425,0.15671641791044777,0.15,,0.26119402985074625,0.2867647058823529,0.5769230769230769,0.04929577464788732,0.08585858585858586,0.28672032193158953,0.5817610062893082,4,3,1,1,4,0.2509089221818427,0.055780933062880324,0.025100401606425703,1.0,1.0,469.0,False,False,full,87.0,2026-08-06,2026-08-06,0.6496152105024898,0.6984126984126984,1827.0,0.44695940848045873,0.4734537493158183,0.11150429761715452,0.13539266798441996,-0.29010985799673844,-0.21387223062655042,0.565259659628107,0.4732281468953413,0.6144560132790101,0.5046524356869184,2026-09-25
HBAN,Huntington Bancshares,Financials,Regional Banks,Financials,6021.0,49196,HBAN,31704323076.640057,,15.640000343322754,0.2717404925543167,2.0,True,,0.06783463961887198,0.008735965686892899,,,0.36153361705376064,0.39148436062619796,0.06961195779720436,0.06800334436373928,,1.026200746231103,-0.006258713524766701,-0.9059240529554213,,0.09558823529411764,0.18382352941176472,,,0.051470588235294115,0.007575757575757576,0.5,0.49,,0.9477611940298507,0.2426470588235294,0.023076923076923078,0.0030181086519114686,0.7262626262626263,0.24245472837022133,0.02410901467505241,4,3,1,1,4,0.24896111948995286,0.0537525354969574,0.12349397590361445,1.0,1.0,470.0,False,False,full,178.0,2026-04-30,2026-04-30,0.6496152105024898,0.6984126984126984,1827.0,0.44695940848045873,0.4734537493158183,0.11150429761715452,0.13539266798441996,-0.29010985799673844,-0.21387223062655042,0.565259659628107,0.4732281468953413,0.6144560132790101,0.5046524356869184,2026-09-25
ICE,Intercontinental Exchange,Financials,Financial Exchanges & Data,Financials,6200.0,1571949,ICE,86628781918.37799,,154.30999755859375,0.25355185735293373,1.0,True,,0.13664512199248757,0.031644734199154076,,,0.208579850875672,-0.01926652022114106,0.04661268357443397,0.05861793144897862,,0.34112219225064344,-0.03667758037895874,0.5115651287730646,,0.49264705882352944,0.5073529411764706,,,0.08088235294117647,0.4015151515151515,0.21641791044776118,0.39,,0.2462686567164179,0.18382352941176472,0.43846153846153846,0.18209255533199195,0.18282828282828284,0.18611670020120724,0.4412997903563941,4,3,1,1,4,0.24808433217946904,0.05172413793103448,0.0391566265060241,1.0,1.0,471.0,False,False,full,87.0,2026-07-30,2026-07-30,0.6496152105024898,0.6975748930099858,1402.0,0.44695940848045873,0.4158345221112696,0.11150429761715452,0.09001980627186446,-0.29010985799673844,-0.13932229828013645,0.565259659628107,0.32340633129483637,0.6144560132790101,0.3559201141226819,2026-09-25
PSKY,Paramount Skydance Corporation,Communication Services,Movies & Entertainment,Communication Services,4833.0,2041610,PSKY,11155200042.72461,,9.960000038146973,0.49039368393421595,3.0,False,,-0.0011893636904256222,0.01738308076827813,-0.017698317984283174,0.3412668032694603,,0.6470588235294117,-0.0012550200755145366,0.045449655591847854,0.05732411816266476,1.0552029506344007,-0.4153672622687299,-0.008653064165306774,,0.20833333333333334,0.125,0.20833333333333334,0.2916666666666667,,0.08333333333333333,0.20833333333333334,0.2916666666666667,0.4090909090909091,0.7916666666666666,0.125,0.4583333333333333,0.02112676056338028,0.3808080808080808,0.12575452716297786,0.4559748427672956,5,4,1,1,4,0.24591605282543363,0.04969574036511156,0.035140562248995984,1.0,1.0,472.0,False,False,full,87.0,2026-08-04,2026-08-04,0.6496152105024898,0.6037680306152488,3397.0,0.44695940848045873,0.4456873712098911,0.11150429761715452,0.10886273936177959,-0.29010985799673844,-0.3610918669235757,0.565259659628107,0.7358473810478992,0.6144560132790101,0.7801000883132175,2026-09-25
BRO,Brown & Brown,Financials,Insurance Brokers,Financials,6411.0,79282,BRO,20351001810.625023,,60.81999969482422,0.31324970852398476,2.0,True,,0.0955742385786802,0.0508582326764145,,,0.1658215010141988,0.014453990890667123,0.05921084432172196,0.07105301318606635,,0.619527240836739,-0.22307199071444694,0.349291221330389,,0.22794117647058823,0.6102941176470589,,,0.15441176470588236,0.08333333333333333,0.3656716417910448,0.55,,0.6492537313432836,0.03676470588235294,0.33076923076923076,0.06740442655935613,0.5282828282828282,0.035211267605633804,0.33228511530398325,4,3,1,1,4,0.24079590943795032,0.04766734279918864,0.05321285140562249,1.0,1.0,473.0,False,False,full,87.0,2026-07-27,2026-07-27,0.6496152105024898,0.6984126984126984,1827.0,0.44695940848045873,0.4734537493158183,0.11150429761715452,0.13539266798441996,-0.29010985799673844,-0.21387223062655042,0.565259659628107,0.4732281468953413,0.6144560132790101,0.5046524356869184,2026-09-25
TDG,TransDigm Group,Industrials,Aerospace & Defense,Industrials,3728.0,1260221,TDG,61699654505.95093,,1116.199951171875,0.27625005928423474,2.0,False,0.2228078044404575,,0.08215593929879644,-0.0025790535994617628,1.2244897959183674,0.17859030837004397,-0.019055094397481764,0.03450586582773584,0.0312319414983781,0.05025813216579865,-0.15897982052806994,-0.11098467938969481,0.6356784121144756,0.3881578947368421,,0.2712765957446808,0.09239130434782608,0.011494252873563218,0.15591397849462366,0.5659340659340659,0.3924731182795699,0.24725274725274726,0.49404761904761907,0.026595744680851064,0.24193548387096775,0.48295454545454547,0.047283702213279676,0.19090909090909092,0.23943661971830985,0.48427672955974843,6,4,1,1,4,0.24047653560010723,0.04563894523326572,0.029116465863453816,1.0,1.0,474.0,False,False,full,90.0,2026-08-04,2026-08-04,0.6496152105024898,0.6984126984126984,1827.0,0.44695940848045873,0.4734537493158183,0.11150429761715452,0.13539266798441996,-0.29010985799673844,-0.21387223062655042,0.565259659628107,0.4732281468953413,0.6144560132790101,0.5046524356869184,2026-09-25
GPN,Global Payments,Financials,Transaction & Payment Processing Services,Industrials,7389.0,1123360,GPN,22886843985.814133,,86.48999786376953,0.40214674154517815,3.0,False,0.10283634668483727,-0.04042169718131081,0.026075857334092744,-0.04077018410119253,0.35416334408393824,0.3102996567701688,0.09072810917582941,-0.04081707379921083,0.03594724552279654,0.03172516997497734,1.0097812968150883,0.10712494839023101,-0.3213224227657307,0.09868421052631579,0.005813953488372093,0.026595744680851064,0.5706521739130435,0.3390804597701149,0.11290322580645161,0.027472527472527472,0.005376344086021506,0.3241758241758242,0.13690476190476192,0.9840425531914894,0.5,0.13068181818181818,0.015090543259557344,0.3101010101010101,0.5,0.129979035639413,7,4,1,1,4,0.2387926472499951,0.0436105476673428,0.07730923694779117,1.0,1.0,475.0,False,False,full,87.0,2026-08-05,2026-08-05,0.6496152105024898,0.6037680306152488,3397.0,0.44695940848045873,0.4456873712098911,0.11150429761715452,0.10886273936177959,-0.29010985799673844,-0.3610918669235757,0.565259659628107,0.7358473810478992,0.6144560132790101,0.7801000883132175,2026-09-25
APO,Apollo Global Management,Financials,Asset Management & Custody Banks,Financials,6282.0,1858681,APO,71863198460.46576,,121.69000244140625,0.3682660529460018,3.0,True,,0.08926021136818052,0.019174250275276895,,,0.1775664402335837,0.032369857678068215,0.026091240581665696,,,0.29230538648451715,0.041795752837063604,0.6818753238364994,,0.19852941176470587,0.34558823529411764,,,0.125,0.03787878787878788,0.08208955223880597,,,0.20149253731343283,0.3161764705882353,0.5615384615384615,0.019114688128772636,0.043434343434343436,0.31287726358148893,0.5587002096436059,4,2,1,1,4,0.23353162619705273,0.04158215010141988,0.01706827309236948,1.0,1.0,476.0,False,False,full,87.0,2026-08-10,2026-08-10,0.6496152105024898,0.6037680306152488,3397.0,0.44695940848045873,0.4456873712098911,0.11150429761715452,0.10886273936177959,-0.29010985799673844,-0.3610918669235757,0.565259659628107,0.7358473810478992,0.6144560132790101,0.7801000883132175,2026-09-25
KMI,Kinder Morgan,Energy,Oil & Gas Storage & Transportation,Energy,4922.0,1506307,KMI,68474164236.75,,30.75,0.20753368070292105,1.0,False,0.13427938754016905,0.10960766336821473,0.08853393103075802,-0.04172180065350652,0.40243309659474497,0.02336571278550803,0.0021261512046120146,0.050632235364170615,0.04611958444766392,0.053131594600667895,0.4619406509385869,0.18460111050708128,1.2004900959975613,0.21875,0.225,0.025,0.175,0.18421052631578946,0.675,0.275,0.325,0.20588235294117646,0.3235294117647059,0.625,0.125,0.425,0.059356136820925554,0.3181818181818182,0.12575452716297786,0.4224318658280922,7,4,1,1,4,0.23143108699845347,0.03955375253549696,0.03112449799196787,1.0,1.0,477.0,False,False,full,87.0,2026-07-24,2026-07-24,0.6496152105024898,0.6975748930099858,1402.0,0.44695940848045873,0.4158345221112696,0.11150429761715452,0.09001980627186446,-0.29010985799673844,-0.13932229828013645,0.565259659628107,0.32340633129483637,0.6144560132790101,0.3559201141226819,2026-09-25
CMS,CMS Energy,Utilities,Multi-Utilities,Utilities,4931.0,811156,CMS,19739680950.44037,,62.95000076293945,0.17146487680164837,1.0,False,,0.10497237569060773,0.05251191785845251,-0.02742940960762743,0.4653709815425987,0.08504204355553191,0.047577640659153264,0.051976523965910966,-0.011449019898923858,0.0433375847109723,0.495144780938415,-0.041956167429456626,-2.5139439367288143,,0.5967741935483871,0.20967741935483872,0.3709677419354839,0.21666666666666667,0.5967741935483871,0.1774193548387097,0.5645161290322581,0.6724137931034483,0.31666666666666665,0.43548387096774194,0.24193548387096775,0.016129032258064516,0.1619718309859155,0.4818181818181818,0.23943661971830985,0.011530398322851153,6,4,1,1,4,0.2236892577113146,0.037525354969574036,0.09738955823293173,1.0,1.0,478.0,False,False,full,87.0,2026-07-28,2026-07-28,0.6496152105024898,0.6975748930099858,1402.0,0.44695940848045873,0.4158345221112696,0.11150429761715452,0.09001980627186446,-0.29010985799673844,-0.13932229828013645,0.565259659628107,0.32340633129483637,0.6144560132790101,0.3559201141226819,2026-09-25
TSCO,Tractor Supply,Consumer Discretionary,Other Specialty Retail,Consumer Discretionary,5200.0,916365,TSCO,16813965459.503246,,32.27000045776367,0.3286582372077874,2.0,False,0.47220765706056683,0.71462950753639,0.10572594350796645,0.04890501183992101,0.17709732777681894,0.15181902859180418,-0.0168157447580376,0.11184714305078396,0.018257501523918883,0.07157191705878035,0.15651067003427444,-0.3715450031176055,-4.4872972929821895,0.5,0.8690476190476191,0.28431372549019607,0.00980392156862745,0.573170731707317,0.14705882352941177,0.45,0.97,0.07142857142857142,0.6375,0.57,0.029411764705882353,0.010416666666666666,0.2605633802816901,0.5949494949494949,0.03118712273641851,0.007337526205450734,7,4,1,1,4,0.22350938104326357,0.035496957403651115,0.09939759036144578,1.0,1.0,479.0,False,False,full,90.0,2026-08-06,2026-08-06,0.6496152105024898,0.6984126984126984,1827.0,0.44695940848045873,0.4734537493158183,0.11150429761715452,0.13539266798441996,-0.29010985799673844,-0.21387223062655042,0.565259659628107,0.4732281468953413,0.6144560132790101,0.5046524356869184,2026-09-25
WAT,Waters Corporation,Health Care,Life Sciences Tools & Services,Information Technology,3826.0,1000697,WAT,42594486882.46243,,433.5400085449219,0.3579444418858372,2.0,False,0.07581366409438002,0.010933662388943732,0.022203345319381035,-0.015491010464223668,0.19740616540745828,4.245995453654298,0.6505593781883079,0.0039004343557054125,0.010255083039393278,0.0070221465465157935,0.3567363081971129,0.38297591227516947,-3.5743805327305065,0.016853932584269662,0.05172413793103448,0.027472527472527472,0.22527472527472528,0.6118421052631579,0.022222222222222223,0.0056179775280898875,0.08241758241758242,0.1388888888888889,0.11486486486486487,0.8956043956043956,0.6388888888888888,0.017045454545454544,0.011066398390342052,0.21717171717171718,0.6408450704225352,0.014675052410901468,7,4,1,1,4,0.22093955959887399,0.033468559837728194,0.08333333333333333,1.0,1.0,480.0,False,False,full,83.0,2026-08-11,2026-08-11,0.6496152105024898,0.6984126984126984,1827.0,0.44695940848045873,0.4734537493158183,0.11150429761715452,0.13539266798441996,-0.29010985799673844,-0.21387223062655042,0.565259659628107,0.4732281468953413,0.6144560132790101,0.5046524356869184,2026-09-25
GIS,General Mills,Consumer Staples,Packaged Foods & Meats,Consumer Staples,2040.0,40704,GIS,17986875197.812866,,33.63999938964844,0.2857464660983716,2.0,False,0.20315194196885714,-0.12010093417803071,0.06827776199567938,-0.09783506312472336,0.44975457001856417,-0.08305770605410778,0.002382232619002389,-0.049747384699083484,0.08595712056688978,-0.0066218844198867016,0.4142131369714479,-0.1320232324499504,-0.9171194167911719,0.2833333333333333,0.019230769230769232,0.2833333333333333,0.8166666666666667,0.29310344827586204,0.9166666666666666,0.1896551724137931,0.05172413793103448,0.8448275862068966,0.05555555555555555,0.6379310344827587,0.11666666666666667,0.14583333333333334,0.24647887323943662,0.3505050505050505,0.11468812877263582,0.14779874213836477,7,4,1,1,4,0.21486769866387193,0.03144016227180527,0.06124497991967871,1.0,1.0,481.0,False,False,full,26.0,2026-09-23,2026-09-23,0.6496152105024898,0.6984126984126984,1827.0,0.44695940848045873,0.4734537493158183,0.11150429761715452,0.13539266798441996,-0.29010985799673844,-0.21387223062655042,0.565259659628107,0.4732281468953413,0.6144560132790101,0.5046524356869184,2026-09-25
AZO,AutoZone,Consumer Discretionary,Automotive Retail,Consumer Discretionary,5531.0,866787,AZO,46889030181.954346,,2872.159912109375,0.2979933984290264,2.0,False,0.47648945235148027,,0.14903748305820158,-0.029598216486219492,0.43107082684103903,0.12321351598269636,-0.02411177571689016,0.05327998873735444,0.03817694657052063,0.06487045190535583,-0.05938600114343289,-0.3027803044063948,,0.5256410256410257,,0.5,0.2647058823529412,0.25609756097560976,0.24509803921568626,0.51,0.59,0.3163265306122449,0.5375,0.09,0.08823529411764706,,0.20824949698189135,0.3323232323232323,0.08953722334004025,,6,4,1,0,3,0.2100366508817213,0.029411764705882353,0.05120481927710843,1.0,1.0,482.0,False,False,composite_from_3_of_4_families,139.0,2026-06-12,2026-06-12,0.6496152105024898,0.6984126984126984,1827.0,0.44695940848045873,0.4734537493158183,0.11150429761715452,0.13539266798441996,-0.29010985799673844,-0.21387223062655042,0.565259659628107,0.4732281468953413,0.6144560132790101,0.5046524356869184,2026-09-25
ABT,Abbott Laboratories,Health Care,Health Care Equipment,Health Care,2834.0,1800,ABT,176428182528.0869,,101.29000091552734,0.2680710518169727,1.0,False,0.22994865479176665,0.12055089222258504,0.08570212534750836,-0.02886922819186989,0.3083157503916544,0.3558221196346134,0.0011357182354492235,0.03557254804799045,0.04181871566253561,0.037922005503341294,0.2950832415434083,-0.15700442888503008,-0.06527250973924328,0.313953488372093,0.4166666666666667,0.2872340425531915,0.30851063829787234,0.44047619047619047,0.031914893617021274,0.20212765957446807,0.4574468085106383,0.2717391304347826,0.36904761904761907,0.6276595744680851,0.11702127659574468,0.22826086956521738,0.08148893360160966,0.396969696969697,0.11770623742454728,0.22955974842767296,7,4,1,1,4,0.20643115410588175,0.02738336713995943,0.04317269076305221,1.0,1.0,483.0,False,False,full,178.0,2026-04-29,2026-04-29,0.6496152105024898,0.6975748930099858,1402.0,0.44695940848045873,0.4158345221112696,0.11150429761715452,0.09001980627186446,-0.29010985799673844,-0.13932229828013645,0.565259659628107,0.32340633129483637,0.6144560132790101,0.3559201141226819,2026-09-25
TTWO,Take-Two Interactive,Communication Services,Interactive Home Entertainment,Information Technology,7372.0,946581,TTWO,37665340894.41522,,201.44000244140625,0.33147412104901863,2.0,False,0.413406588557181,-0.08879281676089125,0.05518413097680987,-0.09053198296595397,0.27798371615807244,-0.06402180871935725,0.013607785087816682,-0.008506494097535351,0.00896049237802179,-0.004205071849609101,0.09580160206475208,-0.1496361301875515,-0.01437397183295497,0.7247191011235955,0.028735632183908046,0.04945054945054945,0.7967032967032966,0.3881578947368421,0.9611111111111111,0.17415730337078653,0.027472527472527472,0.12777777777777777,0.006756756756756757,0.46703296703296704,0.18333333333333332,0.21022727272727273,0.34507042253521125,0.05757575757575758,0.18309859154929578,0.21174004192872117,7,4,1,1,4,0.19937120339724645,0.02535496957403651,0.04116465863453815,1.0,1.0,484.0,False,False,full,87.0,2026-08-07,2026-08-07,0.6496152105024898,0.6984126984126984,1827.0,0.44695940848045873,0.4734537493158183,0.11150429761715452,0.13539266798441996,-0.29010985799673844,-0.21387223062655042,0.565259659628107,0.4732281468953413,0.6144560132790101,0.5046524356869184,2026-09-25
DASH,DoorDash,Consumer Discretionary,Specialized Consumer Services,Industrials,7389.0,1792789,DASH,84951749468.1549,,193.36000061035156,0.4804697871734248,3.0,False,,0.08476968047575849,0.14467563008026174,-0.1016819181023465,,0.15404129793510335,0.002208145044105825,0.009899737265743516,0.030546751729612867,,0.11678393984951417,-0.14798333095466987,-0.5169640838535116,,0.0755813953488372,0.6861702127659575,0.9619565217391305,,0.1881720430107527,0.19230769230769232,0.05913978494623656,0.21428571428571427,,0.3351063829787234,0.20967741935483872,0.09659090909090909,0.29275653923541245,0.1101010101010101,0.20925553319919518,0.09643605870020965,5,3,1,1,4,0.17713728530895684,0.02332657200811359,0.04718875502008032,1.0,1.0,485.0,False,False,full,87.0,2026-08-05,2026-08-05,0.6496152105024898,0.6037680306152488,3397.0,0.44695940848045873,0.4456873712098911,0.11150429761715452,0.10886273936177959,-0.29010985799673844,-0.3610918669235757,0.565259659628107,0.7358473810478992,0.6144560132790101,0.7801000883132175,2026-09-25
WMB,Williams Companies,Energy,Oil & Gas Storage & Transportation,Energy,4922.0,107263,WMB,84716581723.68762,,69.26000213623047,0.24134712373936248,1.0,False,0.06434581752186108,0.2329795299469295,0.09889457185282957,-0.048193367431116976,0.5080514766540175,0.07960314208866959,0.0016296116813170336,0.03627389039400722,-0.001274838972519616,0.040413998319427144,0.1556956115512383,0.21196741052572543,1.0112769065922964,0.09375,0.725,0.125,0.275,0.07894736842105263,0.425,0.325,0.125,0.029411764705882353,0.20588235294117646,0.125,0.225,0.325,0.08551307847082495,0.029292929292929294,0.22635814889336017,0.3259958071278826,7,4,1,1,4,0.16678999094624924,0.02129817444219067,0.013052208835341365,1.0,1.0,486.0,False,False,full,87.0,2026-08-03,2026-08-03,0.6496152105024898,0.6975748930099858,1402.0,0.44695940848045873,0.4158345221112696,0.11150429761715452,0.09001980627186446,-0.29010985799673844,-0.13932229828013645,0.565259659628107,0.32340633129483637,0.6144560132790101,0.3559201141226819,2026-09-25
BA,Boeing,Industrials,Aerospace & Defense,Industrials,3721.0,12927,BA,156548595650.24292,,198.07000732421875,0.3351878570165088,2.0,False,0.026508711641647073,0.39918032786885244,0.02193886778802677,-0.007258696569602701,0.2748899740760837,0.0693011861784425,0.04524496044439519,0.015554275590182987,-0.0013414364985373417,0.025257711617695498,0.03896553638608469,-0.0372978871494386,0.035162158878462114,0.006578947368421052,0.7848837209302325,0.005319148936170213,0.14673913043478262,0.5574712643678161,0.4032258064516129,0.038461538461538464,0.08064516129032258,0.06043956043956044,0.1130952380952381,0.15425531914893617,0.3064516129032258,0.26704545454545453,0.07142857142857142,0.023232323232323233,0.30784708249496984,0.2641509433962264,7,4,1,1,4,0.16666473013802274,0.019269776876267748,0.02108433734939759,1.0,1.0,487.0,False,False,full,87.0,2026-07-28,2026-07-28,0.6496152105024898,0.6984126984126984,1827.0,0.44695940848045873,0.4734537493158183,0.11150429761715452,0.13539266798441996,-0.29010985799673844,-0.21387223062655042,0.565259659628107,0.4732281468953413,0.6144560132790101,0.5046524356869184,2026-09-25
TSLA,"Tesla, Inc.",Consumer Discretionary,Automobile Manufacturers,Consumer Discretionary,3711.0,1318605,TSLA,1469666022926.6418,,372.1099853515625,0.4650081538881625,3.0,False,0.1315208316501037,0.043795620437956206,0.12580458377097303,-0.10019256147154669,0.051984864399019684,0.15522645780021316,0.22449542061244543,0.0025883431614108126,0.003920618637236883,0.0030491057584261846,0.05910050218554689,-0.17262544702947347,-0.018103969633564785,0.14102564102564102,0.08333333333333333,0.3627450980392157,0.9117647058823529,0.8902439024390244,0.12745098039215685,0.01,0.03,0.030612244897959183,0.0125,0.33,0.22549019607843138,0.2604166666666667,0.15995975855130784,0.01717171717171717,0.2283702213279678,0.2610062893081761,7,4,1,1,4,0.16662699658979224,0.017241379310344827,0.023092369477911646,1.0,1.0,488.0,False,False,full,87.0,2026-07-23,2026-07-23,0.6496152105024898,0.6037680306152488,3397.0,0.44695940848045873,0.4456873712098911,0.11150429761715452,0.10886273936177959,-0.29010985799673844,-0.3610918669235757,0.565259659628107,0.7358473810478992,0.6144560132790101,0.7801000883132175,2026-09-25
ETN,Eaton Corporation,Industrials,Electrical Components & Equipment,Industrials,3590.0,1551182,ETN,170888236267.08984,,439.9800109863281,0.3939788985442232,3.0,False,0.19187981701998896,0.18904907672558507,0.08810807924387248,-0.019953365016642636,0.36686780228191024,0.3869454662157159,-0.002311841767274614,0.0224064574814586,0.023020894158281048,0.019260578653273165,0.11852190907011295,0.08580009750826245,-1.4396315014973897,0.3092105263157895,0.48255813953488375,0.34574468085106386,0.29891304347826086,0.3045977011494253,0.05913978494623656,0.25824175824175827,0.12365591397849462,0.11538461538461539,0.07738095238095238,0.34574468085106386,0.478494623655914,0.028409090909090908,0.0875251509054326,0.06161616161616162,0.4778672032193159,0.029350104821802937,7,4,1,1,4,0.16408965514067825,0.015212981744421906,0.04919678714859438,1.0,1.0,489.0,False,False,full,87.0,2026-07-31,2026-07-31,0.6496152105024898,0.6037680306152488,3397.0,0.44695940848045873,0.4456873712098911,0.11150429761715452,0.10886273936177959,-0.29010985799673844,-0.3610918669235757,0.565259659628107,0.7358473810478992,0.6144560132790101,0.7801000883132175,2026-09-25
HOOD,Robinhood Markets,Financials,Investment Banking & Brokerage,Financials,6211.0,1783879,HOOD,108892801391.60156,,119.4000015258789,0.7255352372244672,3.0,True,,0.21716801173881145,0.004332449160035367,,,0.6008945759257163,0.0033003300330032292,0.019027887734733257,0.002213185783817913,,0.08761828034608592,-0.267984334962728,0.5302117482590969,,0.8308823529411765,0.08088235294117647,,,0.007352941176470588,0.14393939393939395,0.05223880597014925,0.05,,0.007462686567164179,0.022058823529411766,0.45384615384615384,0.06338028169014084,0.00101010101010101,0.023138832997987926,0.45387840670859536,4,3,1,1,4,0.1353519056017063,0.013184584178498986,0.0030120481927710845,1.0,1.0,490.0,False,False,full,87.0,2026-07-30,2026-07-30,0.6496152105024898,0.6037680306152488,3397.0,0.44695940848045873,0.4456873712098911,0.11150429761715452,0.10886273936177959,-0.29010985799673844,-0.3610918669235757,0.565259659628107,0.7358473810478992,0.6144560132790101,0.7801000883132175,2026-09-25
AJG,Arthur J. Gallagher & Co.,Financials,Insurance Brokers,Financials,6411.0,354190,AJG,59230931564.331055,,231.10000610351562,0.31594974813207855,2.0,True,,0.06618880971455074,0.029935947584588306,,,0.021030166119591076,-0.0003900156006240163,0.02650304424631632,0.038302622296864465,,0.40041578569874137,-0.1459695267097102,-0.2773035461743704,,0.0661764705882353,0.47794117647058826,,,0.8161764705882353,0.23484848484848486,0.09701492537313433,0.25,,0.3358208955223881,0.08088235294117647,0.05384615384615385,0.23843058350100604,0.13434343434343435,0.08148893360160966,0.05555555555555555,4,3,1,1,4,0.12745462675040142,0.011156186612576065,0.02710843373493976,1.0,1.0,491.0,False,False,full,87.0,2026-08-05,2026-08-05,0.6496152105024898,0.6984126984126984,1827.0,0.44695940848045873,0.4734537493158183,0.11150429761715452,0.13539266798441996,-0.29010985799673844,-0.21387223062655042,0.565259659628107,0.4732281468953413,0.6144560132790101,0.5046524356869184,2026-09-25
CEG,Constellation Energy,Utilities,Electric Utilities,Utilities,4911.0,1868275,CEG,93278499776.79288,,263.2699890136719,0.4744808189517054,3.0,False,,0.10835913312693499,0.04280785319532228,-0.007541754450245794,0.25139181500819313,0.852501979712659,0.1341262858817256,0.03714682384784742,0.00331266048166951,0.03918776626106409,0.3428121172244205,-0.16034292192202493,-0.5709294344242267,,0.6290322580645161,0.08064516129032258,0.016129032258064516,0.95,0.016129032258064516,0.016129032258064516,0.016129032258064516,0.7758620689655172,0.11666666666666667,0.08064516129032258,0.08064516129032258,0.1774193548387097,0.079476861167002,0.1505050505050505,0.07847082494969819,0.18134171907756813,6,4,1,1,4,0.12244861392482971,0.009127789046653144,0.01104417670682731,1.0,1.0,492.0,False,False,full,87.0,2026-08-06,2026-08-06,0.6496152105024898,0.6037680306152488,3397.0,0.44695940848045873,0.4456873712098911,0.11150429761715452,0.10886273936177959,-0.29010985799673844,-0.3610918669235757,0.565259659628107,0.7358473810478992,0.6144560132790101,0.7801000883132175,2026-09-25
AXON,Axon Enterprise,Industrials,Aerospace & Defense,Industrials,3480.0,1069183,AXON,34941023375.6488,,430.1099853515625,0.6224198071917854,3.0,False,0.2556257006770477,0.05423758149666203,0.035530466744649256,-0.008890469749532058,0.23149053014126023,0.20367640528403008,0.03481299911189728,0.005703839806217448,0.003811908957790416,0.0006603992832865395,0.10516397761151063,-0.210523401713958,-0.08800027735845416,0.5328947368421053,0.05232558139534884,0.047872340425531915,0.16847826086956522,0.6839080459770115,0.14516129032258066,0.04945054945054945,0.03763440860215054,0.08241758241758242,0.005952380952380952,0.324468085106383,0.15591397849462366,0.2215909090909091,0.04124748490945674,0.02727272727272727,0.1579476861167002,0.22012578616352202,7,4,1,1,4,0.11164842111560155,0.007099391480730223,0.009036144578313253,1.0,1.0,493.0,False,False,full,87.0,2026-08-06,2026-08-06,0.6496152105024898,0.6037680306152488,3397.0,0.44695940848045873,0.4456873712098911,0.11150429761715452,0.10886273936177959,-0.29010985799673844,-0.3610918669235757,0.565259659628107,0.7358473810478992,0.6144560132790101,0.7801000883132175,2026-09-25
MOS,Mosaic Company (The),Materials,Fertilizers & Agricultural Chemicals,Materials,2870.0,1285785,MOS,7314778887.220539,,23.010000228881836,0.4500297764566692,3.0,False,0.05459260491787977,-0.05569657795340155,0.01801896861696299,-0.04393138181951,0.19619572495911236,0.01382031532865935,0.001629978979724056,-0.08728903632555549,-0.12947759797013877,-0.014322854308258338,1.5672244064722562,-0.2850058957154,-1.521715697069988,0.14,0.09615384615384616,0.019230769230769232,0.40384615384615385,0.74,0.6346153846153846,0.28846153846153844,0.09615384615384616,0.02,0.10416666666666667,0.9807692307692307,0.057692307692307696,0.019230769230769232,0.12374245472837023,0.20505050505050504,0.059356136820925554,0.019916142557651992,7,4,1,1,4,0.1020163097893632,0.005070993914807302,0.019076305220883535,1.0,1.0,494.0,False,False,full,87.0,2026-08-05,2026-08-05,0.6496152105024898,0.6037680306152488,3397.0,0.44695940848045873,0.4456873712098911,0.11150429761715452,0.10886273936177959,-0.29010985799673844,-0.3610918669235757,0.565259659628107,0.7358473810478992,0.6144560132790101,0.7801000883132175,2026-09-25
KKR,KKR & Co.,Financials,Asset Management & Custody Banks,Financials,6282.0,1404912,KKR,86774431905.05013,,96.66999816894531,0.3855489223274961,3.0,True,,0.10152138670295699,0.0060041030852635065,,,0.08820825499891005,0.007505343250813867,0.03632377568831494,0.026435332962018485,,0.3577943216496367,-0.1495546303295131,,,0.2426470588235294,0.09558823529411764,,,0.3602941176470588,0.11363636363636363,0.12686567164179105,0.17,,0.27611940298507465,0.0661764705882353,,0.023138832997987926,0.09191919191919191,0.06539235412474849,,4,3,1,0,3,0.06015012634730945,0.0030425963488843813,0.007028112449799197,1.0,1.0,495.0,False,False,composite_from_3_of_4_families,87.0,2026-08-06,2026-08-06,0.6496152105024898,0.6037680306152488,3397.0,0.44695940848045873,0.4456873712098911,0.11150429761715452,0.10886273936177959,-0.29010985799673844,-0.3610918669235757,0.565259659628107,0.7358473810478992,0.6144560132790101,0.7801000883132175,2026-09-25
COIN,Coinbase,Financials,Financial Exchanges & Data,Financials,6199.0,1679788,COIN,51466506180.999756,,195.11000061035156,0.7229909151150253,3.0,True,,-0.07551921245689397,0.06476366128468906,,,0.12711889459371295,,-0.01919240440620118,0.03329124370662141,,0.25413936112159696,-0.44259088992078033,-1.6391341682103975,,0.022058823529411766,0.7132352941176471,,,0.21323529411764705,,0.03731343283582089,0.21,,0.1417910447761194,0.007352941176470588,0.007692307692307693,,0.031313131313131314,0.005030181086519115,0.005241090146750524,3,3,1,1,3,0.013861467515466984,0.0010141987829614604,0.001004016064257028,1.0,1.0,496.0,False,False,composite_from_3_of_4_families,87.0,2026-07-30,2026-07-30,0.6496152105024898,0.6037680306152488,3397.0,0.44695940848045873,0.4456873712098911,0.11150429761715452,0.10886273936177959,-0.29010985799673844,-0.3610918669235757,0.565259659628107,0.7358473810478992,0.6144560132790101,0.7801000883132175,2026-09-25
CVNA,Carvana,Consumer Discretionary,Automotive Retail,Consumer Discretionary,5500.0,1690820,CVNA,,,65.05999755859375,0.6266089209311343,3.0,False,0.3335623969213854,0.38927507447864945,0.07696536558548653,0.030786146234194612,0.3554837822979659,0.5537048900277599,,,,,,-0.026349260601549962,,0.32051282051282054,0.6071428571428571,0.12745098039215685,0.029411764705882353,0.35365853658536583,0.029411764705882353,,,,,,0.4411764705882353,,0.04527162977867203,,0.4416498993963783,,6,0,1,0,2,,,0.06325301204819277,,,,False,False,insufficient_families_no_composite,87.0,2026-07-29,2026-07-29,,,,,,,,,,,,,,2026-09-25
ERIE,Erie Indemnity,Financials,Insurance Brokers,Financials,6411.0,922621,ERIE,,implausible_size_set_missing,222.86000061035156,0.37799668423146504,3.0,True,,0.23387766881520292,0.19616920474914928,,,0.13707566042476627,,,,,,-0.17973961682543704,,,0.8602941176470589,0.9926470588235294,,,0.18382352941176472,,,,,,0.051470588235294115,,,,0.05331991951710262,,3,0,1,0,1,,,,,,,False,False,insufficient_families_no_composite,87.0,2026-07-30,2026-07-30,,,,,,,,,,,,,,2026-09-25
FDXF,FedEx Freight,Industrials,Cargo Ground Transportation,Industrials,4513.0,2082247,FDXF,16922462338.569313,,113.18000030517578,,,False,,,0.024259151656013944,0.07088901801278326,0.6194073213248111,0.37076861808044614,,0.038705951113694494,-0.012527727688707226,,-0.029369248402299486,,,,,0.015957446808510637,0.005434782608695652,0.08620689655172414,0.08064516129032258,,0.521505376344086,0.027472527472527472,,0.06914893617021277,,,0.001006036217303823,0.11414141414141414,,,4,3,0,0,2,,,0.0050200803212851405,,,,False,False,insufficient_families_no_composite,117.0,2026-08-05,2026-08-05,,,,,,,,,,,,,,2026-09-25
HONA,Honeywell Aerospace,Industrials,Aerospace & Defense,Industrials,3724.0,2089271,HONA,50325753288.59482,,158.77999877929688,,,False,,,,,0.8183883124257911,,,,,,-0.11320247840763259,,,,,,,0.040229885057471264,,,,,,0.03723404255319149,,,,,,,1,1,0,0,0,,,,,,,False,False,insufficient_families_no_composite,90.0,2026-08-05,2026-08-05,,,,,,,,,,,,,,2026-09-25
Q,Qnity Electronics,Information Technology,Semiconductor Materials & Equipment,Information Technology,3674.0,2058873,Q,26086213737.433044,,124.69000244140625,0.5571582227812654,3.0,False,0.16802735329007049,0.08070513703346646,0.0815714186030284,-0.040681041099713905,0.27890586839718096,,,0.02246397295898504,0.031625900496864603,,0.2783462587972532,,,0.20786516853932585,0.1781609195402299,0.15934065934065933,0.47802197802197804,0.375,,,0.36813186813186816,0.5055555555555555,,0.8406593406593407,,,0.07545271629778671,0.6050505050505051,,,5,3,0,0,2,,,0.15963855421686746,,,,False,False,insufficient_families_no_composite,87.0,2026-08-04,2026-08-04,,,,,,,,,,,,,,2026-09-25
STZ,Constellation Brands,Consumer Staples,Distillers & Vintners,Consumer Staples,2080.0,16918,STZ,,,113.62999725341797,0.30323063357350977,2.0,False,0.21554863017726053,0.22098938902078588,0.12183439098635379,-0.03931483985942186,0.4764549702153451,-0.006917399955980175,,,,,,-0.001729068181868576,,0.35,0.6730769230769231,0.6166666666666667,0.55,0.15517241379310345,0.6166666666666667,,,,,,0.2833333333333333,,0.4859154929577465,,0.2796780684104628,,6,0,1,0,2,,,0.21385542168674698,,,,False,False,insufficient_families_no_composite,117.0,2026-07-01,2026-07-01,,,,,,,,,,,,,,2026-09-25
V,Visa Inc.,Financials,Transaction & Payment Processing Services,Industrials,7389.0,1403161,V,,,367.3800048828125,0.21915971202638285,1.0,False,,0.6235383191722049,0.23941335521678292,-0.005470862397289819,0.2522488400719629,0.02365028593583407,,,,,,0.12017117957004353,,,0.9127906976744186,0.9202127659574468,0.125,0.6149425287356322,0.7043010752688172,,,,,,0.543010752688172,,0.858148893360161,,0.5462776659959758,,5,0,1,0,2,,,0.8985943775100401,,,,False,False,insufficient_families_no_composite,178.0,2026-04-29,2026-04-29,,,,,,,,,,,,,,2026-09-25
