entity_id,ticker_key,ticker_current_yahoo,tickers_at_time,cik,cik_valid_from,cik_valid_to,sec_name,match_method,confidence,cik_first_report,cik_last_report,notes,sic,sic_description,fiscal_year_end,sec_tickers,sec_exchanges,former_names,state_of_incorporation
CIK0000001800,ABT,ABT,ABT,1800,1996-01-02,,ABBOTT LABORATORIES,sec_ticker+wiki_current_cik+wiki_snapshot_cik,high,1994-03-03,2026-07-28,,2834,Pharmaceutical Preparations,1231,ABT,NYSE,,IL
CIK0000002135,ACS,,ACS,2135,2004-04-02,2010-02-08,AFFILIATED COMPUTER SERVICES INC,name,high,1998-05-14,2009-10-22,,7374,Services-Computer Processing & Data Preparation,1231,,,,DE
CIK0000002488,AMD,AMD,AMD,2488,1996-01-02,,ADVANCED MICRO DEVICES INC,sec_ticker+wiki_current_cik+wiki_snapshot_cik,high,1994-03-07,2026-08-05,,3674,Semiconductors & Related Devices,1226,AMD,Nasdaq,,DE
CIK0000002969,APD,APD,APD,2969,1996-01-02,,"Air Products & Chemicals, Inc.",sec_ticker+wiki_current_cik+wiki_snapshot_cik,high,1994-02-14,2026-07-30,,2810,Industrial Inorganic Chemicals,0930,APD,NYSE,AIR PRODUCTS & CHEMICALS INC /DE/ (1994-03-15..2022-04-07),DE
CIK0000003133,ASO,,ASO,3133,1999-03-10,2006-11-06,AMSOUTH BANCORPORATION,analyst_hypothesis,medium,1994-03-22,2006-08-07,,6022,State Commercial Banks,1231,,,,DE
CIK0000003327,ACV,,ACV,3327,1996-01-02,2006-11-17,New Alberto-Culver LLC,analyst_hypothesis,medium,1995-02-14,2006-08-07,,5990,"Retail-Retail Stores, NEC",0930,,,ALBERTO CULVER CO (1994-01-20..2006-11-29),DE
CIK0000003333,ABS,,ABS,3333,1996-01-02,2006-06-02,ALBERTSONS INC /DE/,name,high,1994-01-21,2006-05-31,,5411,Retail-Grocery Stores,0131,,,,DE
CIK0000003370,IKN,,IKN,3370,1996-01-02,2000-06-29,IKON OFFICE SOLUTIONS INC,analyst_hypothesis,medium,1994-02-14,2008-07-31,,5045,Wholesale-Computers & Peripheral Equipment & Software,0930,,,ALCO STANDARD CORP (1994-07-28..1997-02-14),OH
CIK0000003673,AYE,,AYE,3673,2000-12-11,2011-02-28,"ALLEGHENY ENERGY, INC",name,high,1994-03-14,2011-02-23,,4911,Electric Services,1231,,,ALLEGHENY ENERGY INC (1997-10-07..2005-03-23); ALLEGHENY POWER SYSTEM INC (1994-01-06..1997-08-29),MD
CIK0000004127,SWKS,SWKS,SWKS,4127,2015-03-12,,"SKYWORKS SOLUTIONS, INC.",sec_ticker+wiki_current_cik+wiki_snapshot_cik,high,2014-11-25,2026-07-28,,3674,Semiconductors & Related Devices,1002,SWKS,Nasdaq,SKYWORKS SOLUTIONS INC (2002-06-28..2011-06-17); ALPHA INDUSTRIES INC (1995-02-08..2002-06-17),DE
CIK0000004281,HWM,HWM,AA,4281,1996-01-02,,Howmet Aerospace Inc.,wiki_snapshot_cik,high,2017-05-02,2026-08-06,CIK filings start after membership start (predecessor registrant not mapped; fundamentals before cik_first_report will be missing),3350,Rolling Drawing & Extruding of  Nonferrous Metals,1231,HWM,NYSE,Arconic Inc. (2016-11-01..2020-03-26); ALCOA INC. (2014-10-09..2016-10-27); ALCOA INC (1999-02-10..2014-10-03); ALUMINUM CO OF AMERICA (1994-02-08..1999-01-04),DE
CIK0000004285,AL,,AL,4285,1996-01-02,2002-07-22,ALCAN INC,analyst_hypothesis,medium,1997-03-28,2007-11-09,,3330,Primary Smelting & Refining of  Nonferrous Metals,1231,,,ALCAN ALUMINIUM LTD /NEW (1994-09-09..2001-02-26),A6
CIK0000004310,AZA-A,,AZA.A,4310,1996-01-02,2001-06-25,ALZA CORP,analyst_hypothesis,medium,1994-03-31,2001-05-14,,2834,Pharmaceutical Preparations,1231,,,,DE
CIK0000004447,HES,,HES,4447,1996-01-02,2025-07-23,HESS CORP,wiki_snapshot_cik,high,1994-03-29,2025-05-08,,2911,Petroleum Refining,1231,,,AMERADA HESS CORP (1994-05-12..2006-05-02),DE
CIK0000004904,AEP,AEP,AEP,4904,1996-01-02,,AMERICAN ELECTRIC POWER CO INC,sec_ticker+wiki_current_cik+wiki_snapshot_cik,high,1994-05-16,2026-07-30,,4911,Electric Services,1231,AEP,Nasdaq,AMERICAN ELECTRIC POWER COMPANY INC (1994-05-16..2002-01-10),NY
CIK0000004962,AXP,AXP,AXP,4962,1996-01-02,,AMERICAN EXPRESS CO,sec_ticker+wiki_current_cik+wiki_snapshot_cik,high,1994-03-31,2026-07-24,,6199,Finance Services,1231,AXP,NYSE,,NY
CIK0000004977,AFL,AFL,AFL,4977,1999-05-28,,AFLAC INC,sec_ticker+wiki_current_cik+wiki_snapshot_cik,high,1994-03-30,2026-08-07,,6321,Accident & Health Insurance,1231,AFL,NYSE,,GA
CIK0000005103,AGC,,AGC,5103,1996-01-02,2001-08-29,AMERICAN GENERAL CORP /TX/,analyst_hypothesis,medium,1994-03-23,2001-08-14,,6311,Life Insurance,1231,,,,TX
CIK0000005133,AM,,AM,5133,1996-01-02,2004-05-03,AMERICAN GREETINGS CORP,analyst_hypothesis,medium,1994-01-13,2017-01-06,,2771,Greeting Cards,0228,,,,OH
CIK0000005187,WYE,,WYE,5187,1996-01-02,2009-10-16,WYETH,name,high,1994-03-24,2009-08-06,,2834,Pharmaceutical Preparations,1231,,,AMERICAN HOME PRODUCTS CORP (1994-08-17..2002-05-14),DE
CIK0000005272,AIG,AIG,AIG,5272,1996-01-02,,"AMERICAN INTERNATIONAL GROUP, INC.",sec_ticker+wiki_current_cik+wiki_snapshot_cik,high,1994-03-30,2026-08-07,,6331,"Fire, Marine & Casualty Insurance",1231,AIG,NYSE,AMERICAN INTERNATIONAL GROUP INC (1994-08-12..2021-02-10),DE
CIK0000005513,UNM,UNM,UNM,5513,1996-01-02,2021-09-20,Unum Group,sec_ticker+wiki_snapshot_cik,high,1995-08-14,2026-07-29,,6321,Accident & Health Insurance,1231,"UNM,UNMA","NYSE,NYSE",UNUMPROVIDENT CORP (1999-08-05..2007-04-10); PROVIDENT COMPANIES INC /DE/ (1996-12-13..1999-07-01); PROVIDENT COMPANIES INC /TN/ (1996-05-09..1996-12-03); PROVIDENT LIFE & ACCIDENT INSURANCE CO OF AMERICA (1995-08-30..1996-01-09),DE
CIK0000005907,T,,T,5907,1996-01-02,2005-11-21,AT&T CORP,name,high,1994-03-25,2005-11-04,,4813,Telephone Communications (No Radiotelephone),1231,,,AMERICAN TELEPHONE & TELEGRAPH CO (1994-01-21..1994-04-01),NY
CIK0000006201,AAL,AAL,"AAMRQ,AAL",6201,1996-01-02,2024-09-23,American Airlines Group Inc.,sec_ticker+wiki_snapshot_cik,high,1994-03-31,2026-07-23,,4512,"Air Transportation, Scheduled",1231,AAL,Nasdaq,AMR CORP (1994-05-16..2013-12-09),DE
CIK0000006281,ADI,ADI,ADI,6281,1999-10-12,,ANALOG DEVICES INC,sec_ticker+wiki_current_cik+wiki_snapshot_cik,high,1994-03-11,2026-08-19,,3674,Semiconductors & Related Devices,1031,ADI,Nasdaq,,MA
CIK0000006951,AMAT,AMAT,AMAT,6951,1996-01-02,,APPLIED MATERIALS INC /DE,sec_ticker+wiki_current_cik+wiki_snapshot_cik,high,1994-02-28,2026-08-20,,3674,Semiconductors & Related Devices,1026,AMAT,Nasdaq,,DC
CIK0000007084,ADM,ADM,ADM,7084,1996-01-02,,Archer-Daniels-Midland Co,sec_ticker+wiki_current_cik+wiki_snapshot_cik,high,1994-02-09,2026-08-04,,2070,Fats & Oils,1231,ADM,NYSE,Archer-Daniels-Midland Co (2019-06-05..2026-09-11); ARCHER DANIELS MIDLAND CO (1994-08-31..2019-05-07),DE
CIK0000007332,SWN,,SWN,7332,2008-06-06,2017-04-04,SOUTHWESTERN ENERGY CO,wiki_snapshot_cik,high,1994-03-30,2024-08-01,,1311,Crude Petroleum & Natural Gas,1231,,,,DE
CIK0000007974,AFS-A,,AFS.A,7974,1998-04-08,2000-12-01,ASSOCIATES FIRST CAPITAL CORP,analyst_hypothesis,medium,1994-03-29,2000-11-14,,6141,Personal Credit Institutions,1231,,,,DE
CIK0000008670,ADP,ADP,ADP,8670,1996-01-02,,AUTOMATIC DATA PROCESSING INC,sec_ticker+wiki_current_cik+wiki_snapshot_cik,high,1994-02-09,2026-08-05,,7374,Services-Computer Processing & Data Preparation,0630,ADP,Nasdaq,,DE
CIK0000008818,AVY,AVY,AVY,8818,1996-01-02,,Avery Dennison Corp,sec_ticker+wiki_current_cik+wiki_snapshot_cik,high,1994-03-18,2026-08-04,,2670,Converted Paper & Paperboard Prods (No Contaners/Boxes),1231,AVY,NYSE,AVERY DENNISON CORPORATION (1994-05-19..2011-03-17),DE
CIK0000008868,AVP,,AVP,8868,1996-01-02,2015-03-23,AVON PRODUCTS INC,wiki_snapshot_cik,high,1994-03-25,2023-05-15,,2844,"Perfumes, Cosmetics & Other Toilet Preparations",1231,,,,NY
CIK0000009389,BALL,BALL,BLL,9389,1996-01-02,,BALL Corp,wiki_snapshot_cik,high,2018-05-04,2026-08-04,CIK filings start after membership start (predecessor registrant not mapped; fundamentals before cik_first_report will be missing),3411,Metal Cans,1231,BALL,NYSE,,IN
CIK0000009892,BCR,,BCR,9892,1996-01-02,2017-12-29,BARD C R INC /NJ/,wiki_snapshot_cik,high,1994-03-31,2017-10-26,,3841,Surgical & Medical Instruments & Apparatus,1231,,,,NJ
CIK0000010081,BRL,,BRL,10081,2006-02-27,2008-12-23,BARR PHARMACEUTICALS INC,name,high,1995-02-13,2008-11-06,,2834,Pharmaceutical Preparations,1231,,,BARR LABORATORIES INC (1995-02-13..2003-12-31),DE
CIK0000010427,BOL,,BOL,10427,1996-01-02,2007-10-29,BAUSCH & LOMB INC,name,high,1994-03-24,2007-08-08,,3851,Ophthalmic Goods,1026,,,,NY
CIK0000010456,BAX,BAX,BAX,10456,1996-01-02,,BAXTER INTERNATIONAL INC,sec_ticker+wiki_current_cik+wiki_snapshot_cik,high,1994-03-21,2026-07-30,,3841,Surgical & Medical Instruments & Apparatus,1231,BAX,NYSE,,DE
CIK0000010795,BDX,BDX,BDX,10795,1996-01-02,,BECTON DICKINSON & CO,sec_ticker+wiki_current_cik+wiki_snapshot_cik,high,1994-02-11,2026-08-06,,3841,Surgical & Medical Instruments & Apparatus,0930,BDX,NYSE,,NJ
CIK0000011199,BMS,,BMS,11199,1996-01-02,2014-12-05,"Amcor Flexibles North America, Inc.",wiki_snapshot_cik,high,1994-03-24,2019-04-26,,2670,Converted Paper & Paperboard Prods (No Contaners/Boxes),1231,,,BEMIS CO INC (1994-08-10..2020-07-01),MO
CIK0000011544,WRB,WRB,WRB,11544,2019-12-05,,BERKLEY W R CORP,sec_ticker+wiki_current_cik+wiki_snapshot_cik,high,2013-08-06,2026-07-31,,6331,"Fire, Marine & Casualty Insurance",1231,"WRB,WRB-PE,WRB-PF,WRB-PG,WRB-PH","NYSE,NYSE,NYSE,NYSE,NYSE",,DE
CIK0000011860,BHMSQ,,BHMSQ,11860,1996-01-02,2000-12-11,BETHLEHEM STEEL CORP /DE/,analyst_hypothesis,medium,1993-11-12,2003-11-14,,3312,"Steel Works, Blast Furnaces & Rolling Mills (Coke Ovens)",1231,,,,DE
CIK0000012208,BIO,BIO,BIO,12208,2020-06-22,2024-09-23,"BIO-RAD LABORATORIES, INC.",sec_ticker+wiki_snapshot_cik,high,2011-11-03,2026-08-04,,3826,Laboratory Analytical Instruments,1231,"BIO,BIO-B","NYSE,NYSE",BIO RAD LABORATORIES INC (1994-05-12..2018-06-18),DE
CIK0000012355,BDK,,BDK,12355,1996-01-02,2010-03-15,BLACK & DECKER CORP,name,high,1995-03-20,2010-02-19,,3540,Metalworkg Machinery & Equipment,1231,,,,MD
CIK0000012659,HRB,HRB,HRB,12659,1996-01-02,2020-09-21,H&R BLOCK INC,sec_ticker+wiki_snapshot_cik,high,1994-03-14,2026-08-14,,7200,Services-Personal Services,0630,HRB,NYSE,,MO
CIK0000012927,BA,BA,BA,12927,1996-01-02,,BOEING CO,sec_ticker+wiki_current_cik+wiki_snapshot_cik,high,1994-03-17,2026-07-28,,3721,Aircraft,1231,"BA,BA-PA","NYSE,NYSE",,DE
CIK0000012978,OMX,,OMX,12978,1996-01-02,2008-06-23,MAPLEBY HOLDINGS MERGER Corp,name,high,1994-03-14,2013-11-05,,5110,Wholesale-Paper & Paper Products,1229,,,OFFICEMAX INC (2004-11-02..2013-11-06); BOISE CASCADE CORP (1994-01-06..2004-10-19),
CIK0000014195,BGG,,BGG,14195,1996-01-02,2001-04-03,BRIGGS & STRATTON CORP,analyst_hypothesis,medium,1994-02-04,2020-05-08,,3510,Engines & Turbines,0628,,,,WI
CIK0000014272,BMY,BMY,BMY,14272,1996-01-02,,BRISTOL MYERS SQUIBB CO,sec_ticker+wiki_current_cik+wiki_snapshot_cik,high,1994-03-31,2026-07-30,,2834,Pharmaceutical Preparations,1231,"BMY,CELG-RI","NYSE,NYSE",,DE
CIK0000014693,BF-B,BF-B,BF.B,14693,1996-01-02,,BROWN FORMAN CORP,sec_ticker+wiki_current_cik+wiki_snapshot_cik,high,1994-03-04,2026-09-02,,2080,Beverages,0430,"BF-B,BF-A","NYSE,NYSE",,DE
CIK0000014707,CAL,CAL,CAL,14707,1996-01-02,1996-07-22,CALERES INC,name_of_ticker_holder+sec_ticker,medium,1994-04-20,2026-09-10,,3140,"Footwear, (No Rubber)",0130,CAL,NYSE,BROWN SHOE CO INC (2003-06-25..2015-05-27); BROWN SHOE CO INC/ (1999-12-10..2003-06-13); BROWN GROUP INC (1994-09-01..1999-04-26),NY
CIK0000014930,BC,BC,BC,14930,1996-01-02,2008-06-23,BRUNSWICK CORP,sec_ticker,high,1994-03-29,2026-08-05,,3510,Engines & Turbines,1231,"BC,BC-PC","NYSE,NYSE",,DE
CIK0000016732,CPB,CPB,CPB,16732,1996-01-02,2026-06-22,CAMPBELL'S Co,sec_ticker+wiki_snapshot_cik,high,1994-03-11,2026-09-24,,2000,Food and Kindred Products,0803,CPB,Nasdaq,CAMPBELL SOUP CO (1994-12-14..2024-11-12),NJ
CIK0000016918,STZ,STZ,STZ,16918,2005-07-05,,"CONSTELLATION BRANDS, INC.",sec_ticker+wiki_current_cik+wiki_snapshot_cik,high,1994-01-13,2026-07-01,,2080,Beverages,0228,STZ,NYSE,CONSTELLATION BRANDS INC (2000-10-13..2004-05-05); CANANDAIGUA BRANDS INC (1997-12-23..2000-01-14); CANANDAIGUA WINE CO INC (1994-10-19..1997-01-31),DE
CIK0000018230,CAT,CAT,CAT,18230,1996-01-02,,CATERPILLAR INC,sec_ticker+wiki_current_cik+wiki_snapshot_cik,high,1994-03-02,2026-08-05,,3531,Construction Machinery & Equip,1231,CAT,NYSE,,DE
CIK0000018349,SNV,,SNV,18349,1997-12-01,2008-01-02,SYNOVUS FINANCIAL CORP,name,high,1995-05-12,2025-11-04,,6021,National Commercial Banks,1231,,,,X1
CIK0000018532,CTX,,CTX,18532,1996-01-02,2009-08-19,CENTEX LLC,name,high,1994-02-04,2009-08-05,,1531,Operative Builders,,,,CENTEX CORP (1994-08-12..2009-09-08),NV
CIK0000018540,CSR,,CSR,18540,1996-01-02,2000-06-16,CENTRAL & SOUTH WEST CORP,analyst_hypothesis,medium,1994-03-31,2000-05-15,,4911,Electric Services,1231,,,,DE
CIK0000018568,CBSS,,CBSS,18568,2004-12-20,2007-09-07,COMPASS BANCSHARES INC,name,high,2004-08-06,2007-08-07,,6021,National Commercial Banks,1231,,,,DE
CIK0000018926,LUMN,LUMN,CTL,18926,1999-03-25,2023-03-20,"Lumen Technologies, Inc.",wiki_snapshot_cik,high,2015-11-05,2026-08-04,CIK filings start after membership start (predecessor registrant not mapped; fundamentals before cik_first_report will be missing),4813,Telephone Communications (No Radiotelephone),1231,LUMN,NYSE,"CENTURYLINK, INC (2010-11-09..2021-01-20); CENTURYTEL INC (1999-07-09..2010-11-08); CENTURY TELEPHONE ENTERPRISES INC (1994-01-28..1999-05-14)",LA
CIK0000019150,CHA,,CHA,19150,1996-01-02,2000-06-19,CHAMPION INTERNATIONAL CORP,analyst_hypothesis,medium,1994-01-26,2000-05-12,,2621,Paper Mills,1231,,,,NY
CIK0000019617,JPM,JPM,JPM,19617,1996-01-02,,JPMORGAN CHASE & CO,sec_ticker+wiki_current_cik+wiki_snapshot_cik,high,1994-03-25,2026-08-06,,6021,National Commercial Banks,1231,"JPM,JPM-PC,AMJB,JPM-PD,JPM-PJ,JPM-PK,JPM-PL,JPM-PM,VYLD","NYSE,NYSE,NYSE,NYSE,NYSE,NYSE,NYSE,NYSE,NYSE",JPMORGAN CHASE & CO (2009-02-02..2026-09-25); J P MORGAN CHASE & CO (2001-02-08..2011-10-06); CHASE MANHATTAN CORP /DE/ (1996-10-17..2000-11-21); CHEMICAL BANKING CORP (1994-02-02..1996-03-28),DE
CIK0000020171,CB,,CB,20171,1996-01-02,2016-01-15,CHUBB CORP,wiki_snapshot_cik,high,1994-03-29,2015-11-06,,6331,"Fire, Marine & Casualty Insurance",1231,,,,NJ
CIK0000020286,CINF,CINF,CINF,20286,1997-12-18,,CINCINNATI FINANCIAL CORP,sec_ticker+wiki_current_cik+wiki_snapshot_cik,high,1994-03-30,2026-07-27,,6331,"Fire, Marine & Casualty Insurance",1231,CINF,Nasdaq,,OH
CIK0000020388,CIT-A,,CIT.A,20388,2000-07-17,2001-06-04,CIT GROUP INC,analyst_hypothesis,medium,1994-03-23,2002-06-12,,6172,Finance Lessors,0930,,,TYCO CAPITAL CORP (2001-12-04..2002-02-08); CIT GROUP HOLDINGS INC /DE/ (1994-01-18..1997-09-30),NV
CIK0000020520,FTR,,CZN,20520,2001-02-27,2017-03-20,"Frontier Communications Parent, Inc.",wiki_snapshot_cik,high,1994-03-15,2025-10-28,,4813,Telephone Communications (No Radiotelephone),1231,,,FRONTIER COMMUNICATIONS CORP (2008-05-08..2021-05-03); CITIZENS COMMUNICATIONS CO (2000-08-10..2008-07-21); CITIZENS UTILITIES CO (1994-03-31..2000-03-22),
CIK0000021076,CLX,CLX,CLX,21076,1996-01-02,,CLOROX CO /DE/,sec_ticker+wiki_current_cik+wiki_snapshot_cik,high,1994-01-28,2026-08-07,,2842,"Specialty Cleaning, Polishing and Sanitation Preparations",0630,CLX,NYSE,CLOROX CO /DE/ (1994-03-28..2026-08-07),DE
CIK0000021267,CGP,,CGP,21267,1996-01-02,2001-01-30,EL PASO CGP CO LLC,analyst_hypothesis,medium,1994-03-30,2005-11-30,,4922,Natural Gas Transmission,1231,,,EL PASO CGP CO (2001-04-26..2005-12-13); COASTAL CORP (1994-02-09..2001-02-02),DE
CIK0000021344,KO,KO,KO,21344,1996-01-02,,COCA COLA CO,sec_ticker+wiki_current_cik+wiki_snapshot_cik,high,1994-03-14,2026-07-29,,2080,Beverages,1231,KO,NYSE,,DE
CIK0000021665,CL,CL,CL,21665,1996-01-02,,COLGATE PALMOLIVE CO,sec_ticker+wiki_current_cik+wiki_snapshot_cik,high,1994-03-25,2026-07-31,,2844,"Perfumes, Cosmetics & Other Toilet Preparations",1231,CL,NYSE,COLGATE PALMOLIVE CO (1994-05-18..2026-09-18),DE
CIK0000023082,CSC,,CSC,23082,1996-01-02,2015-12-01,COMPUTER SCIENCES CORP,wiki_snapshot_cik,high,1994-01-25,2017-05-26,,7373,Services-Computer Integrated Systems Design,0331,,,,NV
CIK0000023217,CAG,CAG,CAG,23217,1996-01-02,2026-06-30,CONAGRA BRANDS INC.,sec_ticker+wiki_snapshot_cik,high,1994-01-12,2026-07-15,,2000,Food and Kindred Products,0530,CAG,NYSE,CONAGRA FOODS INC /DE/ (2000-10-11..2016-10-21); CONAGRA INC /DE/ (1994-04-22..2000-06-30),DE
CIK0000023666,SLE,,SLE,23666,1996-01-02,2012-06-29,Hillshire Brands Co,name,high,1994-02-11,2014-08-22,,2000,Food and Kindred Products,0630,,,Sara Lee Corp (2006-11-14..2012-06-18); LEE SARA CORP (1994-01-13..2006-11-28),MD
CIK0000023738,CNG,,CNG,23738,1996-01-02,2000-01-31,CONSOLIDATED NATURAL GAS CO/VA,analyst_hypothesis,medium,1994-03-30,2007-05-03,,4923,Natural Gas Transmisison & Distribution,1231,,,CONSOLIDATED NATURAL GAS CO (1994-01-31..2000-02-14),DE
CIK0000024491,CTB,,CTB,24491,1996-01-02,2006-07-18,COOPER TIRE & RUBBER CO,analyst_hypothesis,medium,1994-03-22,2021-05-03,,3011,Tires & Inner Tubes,1231,,,,OH
CIK0000024545,TAP,TAP,TAP,24545,1996-01-02,2026-09-21,MOLSON COORS BEVERAGE CO,sec_ticker+wiki_snapshot_cik,high,1994-03-28,2026-08-06,,2082,Malt Beverages,1231,"TAP-A,TAP","NYSE,NYSE",MOLSON COORS BREWING CO (2005-02-07..2019-11-26); COORS ADOLPH CO (1994-03-28..2005-02-08),DE
CIK0000024741,GLW,GLW,GLW,24741,1996-01-02,,CORNING INC /NY,sec_ticker+wiki_current_cik+wiki_snapshot_cik,high,1994-03-18,2026-07-29,,3357,Drawing & Insulating of  Nonferrous Wire,1231,GLW,NYSE,,NY
CIK0000025191,CFC,,CFC,25191,1997-06-18,2008-07-01,COUNTRYWIDE FINANCIAL CORP,name,high,1994-01-14,2008-08-11,,6035,"Savings Institution, Federally Chartered",1231,,,COUNTRYWIDE CREDIT INDUSTRIES INC (1994-02-24..2002-11-12),DE
CIK0000025350,BFO,,BFO,25350,1996-01-02,2000-10-03,BESTFOODS,analyst_hypothesis,medium,1994-03-30,2000-08-10,,2030,"Canned, Frozen & Preservd Fruit, Veg & Food Specialties",1231,,,CPC INTERNATIONAL INC (1994-06-28..1997-03-24),DE
CIK0000025445,CXT,CXT,CR,25445,1996-01-02,2004-12-20,"Crane NXT, Co.",analyst_hypothesis+name_of_ticker_holder,medium,1994-03-30,2026-08-05,,3490,Miscellaneous Fabricated Metal Products,1231,CXT,NYSE,"Crane Holdings, Co. (2022-06-01..2023-03-20); CRANE CO /DE/ (1994-01-12..2022-05-27)",DE
CIK0000025890,CCK,,CCK,25890,1996-01-02,2000-12-11,CROWN CORK & SEAL CO INC,analyst_hypothesis,medium,1994-03-31,2002-11-13,,3411,Metal Cans,1231,,,,PA
CIK0000026172,CMI,CMI,CMI,26172,1996-01-02,,CUMMINS INC,sec_ticker+wiki_current_cik+wiki_snapshot_cik,high,1994-03-10,2026-08-04,,3510,Engines & Turbines,1231,CMI,NYSE,CUMMINS ENGINE CO INC (1994-03-10..2001-08-29),IN
CIK0000026780,DAN,DAN,DCNAQ,26780,1996-01-02,2006-03-03,DANA Inc,analyst_hypothesis,medium,1994-03-14,2026-08-06,,3714,Motor Vehicle Parts & Accessories,1231,DAN,NYSE,DANA HOLDING CORP (2008-01-31..2016-07-21); DANA CORP (1994-09-23..2007-12-31),DE
CIK0000027419,TGT,TGT,TGT,27419,1996-01-02,,TARGET CORP,sec_ticker+wiki_current_cik+wiki_snapshot_cik,high,1994-04-21,2026-08-28,,5331,Retail-Variety Stores,0201,TGT,NYSE,DAYTON HUDSON CORP (1994-12-09..1999-04-12),MN
CIK0000027904,DAL,DAL,"DALRQ,DAL",27904,1996-01-02,,"DELTA AIR LINES, INC.",sec_ticker+wiki_current_cik+wiki_snapshot_cik,high,1994-02-14,2026-07-10,,4512,"Air Transportation, Scheduled",1231,DAL,NYSE,DELTA AIR LINES INC /DE/ (1994-02-14..2019-08-08),DE
CIK0000027996,DLX,DLX,DLX,27996,1996-01-02,2004-12-20,DELUXE CORP,name_of_ticker_holder+sec_ticker,medium,1994-03-31,2026-08-06,,2780,"Blankbooks, Looseleaf Binders & Bookbindg & Relatd Work",1231,DLX,NYSE,,MN
CIK0000028412,CMA,,CMA,28412,1996-01-02,2024-06-24,COMERICA INC,wiki_snapshot_cik,high,1994-03-30,2025-10-28,,6021,National Commercial Banks,1231,,,COMERICA INC /NEW/ (1994-02-10..2025-08-25),DE
CIK0000028917,DDS,DDS,DDS,28917,1996-01-02,2008-10-22,"DILLARD'S, INC.",sec_ticker,high,1994-04-29,2026-09-04,,5311,Retail-Department Stores,0130,"DDS,DDT","NYSE,NYSE",DILLARDS INC (1998-10-27..2017-01-12); DILLARD DEPARTMENT STORES INC (1994-09-12..1998-02-12),TX
CIK0000029534,DG,DG,DG,29534,1998-07-16,,DOLLAR GENERAL CORP,sec_ticker+wiki_current_cik+wiki_snapshot_cik,high,1994-04-27,2026-08-27,,5331,Retail-Variety Stores,0129,DG,NYSE,,TN
CIK0000029669,RRD,,RRD,29669,1996-01-02,2012-12-12,RR Donnelley & Sons Co,name,high,1994-03-28,2022-02-24,,2750,Commercial Printing,1231,,,DONNELLEY R R & SONS CO (1994-09-22..2006-03-23),DE
CIK0000029905,DOV,DOV,DOV,29905,1996-01-02,,DOVER Corp,sec_ticker+wiki_current_cik+wiki_snapshot_cik,high,1994-03-30,2026-07-23,,3530,"Construction, Mining & Materials Handling Machinery & Equip",1231,DOV,NYSE,,NY
CIK0000029915,DOW,,DOW,29915,1996-01-02,2017-09-01,DOW CHEMICAL CO /DE/,wiki_snapshot_cik,high,1995-03-23,2026-07-24,,2821,"Plastic Materials, Synth Resins & Nonvulcan Elastomers",1231,,,,DE
CIK0000029924,DJ,,DJ,29924,1996-01-02,2007-12-14,DOW JONES & CO INC,name,high,1994-03-22,2007-11-09,,2711,Newspapers: Publishing or  Publishing & Printing,1231,,,,DE
CIK0000029989,OMC,OMC,OMC,29989,1997-12-24,,OMNICOM GROUP INC.,sec_ticker+wiki_current_cik+wiki_snapshot_cik,high,1994-03-30,2026-07-29,,7311,Services-Advertising Agencies,1231,OMC,NYSE,OMNICOM GROUP INC (1994-05-13..2013-02-19),NY
CIK0000030554,CTA-PB,CTA-PB,DD,30554,1996-01-02,2017-09-01,"EIDP, Inc.",wiki_snapshot_cik,high,1994-03-21,2026-07-31,,2820,"Plastic Material, Synth Resin/Rubber, Cellulos (No Glass)",1231,"CTA-PB,CTA-PA","NYSE,NYSE",DUPONT E I DE NEMOURS & CO (1994-01-06..2022-11-04),DE
CIK0000030625,FLS,FLS,FLS,30625,2008-10-02,2021-03-22,FLOWSERVE CORP,sec_ticker+wiki_snapshot_cik,high,1994-05-13,2026-07-29,,3561,Pumps & Pumping Equipment,1231,FLS,NYSE,DURCO INTERNATIONAL INC (1997-07-23..1997-05-15); DURIRON CO INC (1994-05-13..1997-03-14),NY
CIK0000031235,KODK,KODK,EK,31235,1996-01-02,2010-12-20,EASTMAN KODAK CO,name,high,1994-03-11,2026-08-04,,3861,Photographic Equipment & Supplies,1231,KODK,NYSE,,NJ
CIK0000031462,ECL,ECL,ECL,31462,1996-01-02,,ECOLAB INC.,sec_ticker+wiki_current_cik+wiki_snapshot_cik,high,1995-03-14,2026-08-06,,2840,"Soap, Detergents, Cleang Preparations, Perfumes, Cosmetics",1231,ECL,NYSE,ECOLAB INC (1994-02-10..2015-09-10),DE
CIK0000031791,RVTY,RVTY,PKI,31791,1996-01-02,,"REVVITY, INC.",wiki_snapshot_cik,high,2012-05-08,2026-08-11,CIK filings start after membership start (predecessor registrant not mapped; fundamentals before cik_first_report will be missing),3826,Laboratory Analytical Instruments,1229,RVTY,NYSE,PERKINELMER INC (1999-11-05..2023-04-14); EG&G INC (1994-03-17..1999-07-26),MA
CIK0000032604,EMR,EMR,EMR,32604,1996-01-02,,EMERSON ELECTRIC CO,sec_ticker+wiki_current_cik+wiki_snapshot_cik,high,1994-02-14,2026-08-04,,3600,Electronic & Other Electrical Equipment (No Computer Equip),0930,EMR,NYSE,,MO
CIK0000033185,EFX,EFX,EFX,33185,1997-06-19,,EQUIFAX INC,sec_ticker+wiki_current_cik+wiki_snapshot_cik,high,1995-03-30,2026-07-21,,7320,"Services-Consumer Credit Reporting, Collection Agencies",1231,EFX,NYSE,EQUIFAX INC (1994-02-14..2026-09-08),GA
CIK0000033213,EQT,EQT,EQT,33213,2008-12-19,,EQT Corp,sec_ticker+wiki_current_cik+wiki_snapshot_cik,high,1994-03-24,2026-07-22,,1311,Crude Petroleum & Natural Gas,1231,EQT,NYSE,EQUITABLE RESOURCES INC /PA/ (1994-05-18..2009-02-04),PA
CIK0000034088,XOM,XOM,XOM,34088,1996-01-02,,EXXON MOBIL CORP,wiki_snapshot_cik,high,1994-03-11,2026-08-03,,2911,Petroleum Refining,1231,,,EXXON CORP (1994-05-11..1999-11-30),NJ
CIK0000034408,FDO,,FDO,34408,2001-08-06,2015-07-07,FAMILY DOLLAR STORES INC,wiki_snapshot_cik,high,1999-01-12,2015-07-01,,5331,Retail-Variety Stores,0831,,,,DE
CIK0000034903,FRT,FRT,FRT,34903,2016-02-01,,FEDERAL REALTY INVESTMENT TRUST,sec_ticker+wiki_current_cik+wiki_snapshot_cik,high,2006-11-06,2026-07-31,,6798,Real Estate Investment Trusts,1231,"FRT,FRT-PC","NYSE,NYSE",,MD
CIK0000035527,FITB,FITB,FITB,35527,1996-03-08,,FIFTH THIRD BANCORP,sec_ticker+wiki_current_cik+wiki_snapshot_cik,high,1994-02-17,2026-08-04,,6022,State Commercial Banks,1231,"FITB,FITB-PA,FITB-PI,FITB-PK,FITB-PM","NYSE,NYSE,NYSE,NYSE,NYSE",,OH
CIK0000036104,USB,USB,USB,36104,1999-01-04,,US BANCORP \DE\,name_of_ticker_holder+sec_ticker+wiki_current_cik+wiki_snapshot_cik,high,1994-03-01,2026-08-06,,6021,National Commercial Banks,1231,"USB,USB-PA,USB-PH,USB-PP,USB-PQ,USB-PR,USB-PS","NYSE,NYSE,NYSE,NYSE,NYSE,NYSE,NYSE",FIRST BANK SYSTEM INC (1994-08-15..1997-03-28),DE
CIK0000036270,MTB,MTB,MTB,36270,2004-02-27,,M&T BANK CORP,sec_ticker+wiki_current_cik+wiki_snapshot_cik,high,1994-03-18,2026-08-04,,6022,State Commercial Banks,1231,"MTB,MTB-PH,MTB-PJ,MTB-PK,MTB-PL","NYSE,NYSE,NYSE,NYSE,NYSE",FIRST EMPIRE STATE CORP (1994-03-10..1998-05-18),NY
CIK0000036966,FHN,FHN,FHN,36966,2002-05-06,2013-06-24,FIRST HORIZON CORP,sec_ticker,high,1994-03-08,2026-08-06,,6021,National Commercial Banks,1231,"FHN,FHN-PE,FHN-PF,FHN-PH","NYSE,NYSE,NYSE,NYSE",FIRST HORIZON NATIONAL CORP (2004-04-22..2020-11-25); FIRST TENNESSEE NATIONAL CORP (1994-01-31..2004-04-22),TN
CIK0000036995,WB,,WB,36995,1996-01-02,2009-01-02,WACHOVIA CORP NEW,analyst_hypothesis+name,high,1994-03-08,2008-10-30,,6021,National Commercial Banks,1231,,,FIRST UNION CORP (1994-02-11..2001-09-07),NC
CIK0000037748,MEE,,MEE,37748,1996-01-02,2011-06-02,"Alpha Appalachia Holdings, Inc.",analyst_hypothesis+name,high,1994-01-28,2011-05-10,,1221,Bituminous Coal & Lignite Surface Mining,1231,,,MASSEY ENERGY CO (2000-12-15..2011-06-14); FLUOR CORP/DE/ (1994-06-14..2000-09-21),DE
CIK0000037785,FMC,FMC,FMC,37785,1996-01-02,2025-03-24,FMC CORP,sec_ticker+wiki_snapshot_cik,high,1994-03-31,2026-07-30,,2800,Chemicals & Allied Products,1231,FMC,NYSE,,DE
CIK0000037996,F,F,F,37996,1996-01-02,,FORD MOTOR CO,sec_ticker+wiki_current_cik+wiki_snapshot_cik,high,1994-03-21,2026-07-29,,3711,Motor Vehicles & Passenger Car Bodies,1231,"F,F-PB,F-PC,F-PD","NYSE,NYSE,NYSE,NYSE",,DE
CIK0000038074,FRX,,FRX,38074,2000-11-22,2014-07-01,"Forest Laboratories, LLC",wiki_snapshot_cik,high,1994-02-14,2014-06-30,,2834,Pharmaceutical Preparations,0913,,,Tango Merger Sub 2 LLC (2014-07-01..2014-07-01); FOREST LABORATORIES INC (1994-10-17..2014-06-30),DE
CIK0000038321,FWLT,,FWLT,38321,1996-01-02,2000-01-31,FOSTER WHEELER CORP,analyst_hypothesis,medium,1994-03-25,2001-05-14,,1600,Heavy Construction Other Than Bldg Const - Contractors,1225,,,,NY
CIK0000038777,BEN,BEN,BEN,38777,1998-04-29,,FRANKLIN TEMPLETON INC,sec_ticker+wiki_current_cik+wiki_snapshot_cik,high,1996-05-14,2026-07-31,,6282,Investment Advice,0930,BEN,NYSE,FRANKLIN RESOURCES INC (1994-11-10..2026-08-14),DE
CIK0000039899,TGNA,,GCI,39899,1996-01-02,2017-06-02,TEGNA INC,wiki_snapshot_cik,high,1994-03-22,2026-03-02,,4833,Television Broadcasting Stations,1231,,,GANNETT CO INC /DE/ (1994-06-29..2015-06-26),DE
CIK0000039911,GAP,GAP,GPS,39911,1996-01-02,2022-02-02,GAP INC,wiki_snapshot_cik,high,1994-04-22,2026-08-28,,5651,Retail-Family Clothing Stores,0201,GAP,NYSE,,DE
CIK0000040493,H,,H,40493,1996-01-02,2001-06-29,HARCOURT GENERAL INC,analyst_hypothesis,medium,1994-01-28,2001-06-14,,5311,Retail-Department Stores,1031,,,,DE
CIK0000040533,GD,GD,GD,40533,1996-01-02,,GENERAL DYNAMICS CORP,sec_ticker+wiki_current_cik+wiki_snapshot_cik,high,1994-03-29,2026-07-29,,3730,Ship & Boat Building & Repairing,1231,GD,NYSE,,DE
CIK0000040545,GE,GE,GE,40545,1996-01-02,,GENERAL ELECTRIC CO,sec_ticker+wiki_current_cik+wiki_snapshot_cik,high,1994-03-11,2026-07-16,,3600,Electronic & Other Electrical Equipment (No Computer Equip),1231,GE,NYSE,,NY
CIK0000040704,GIS,GIS,GIS,40704,1996-01-02,,GENERAL MILLS INC,sec_ticker+wiki_current_cik+wiki_snapshot_cik,high,1994-01-11,2026-09-23,,2040,Grain Mill Products,0530,GIS,NYSE,,DE
CIK0000040730,GM,,GM,40730,1996-01-02,2009-06-03,Motors Liquidation Co,analyst_hypothesis+name,high,1994-03-29,2021-02-12,,3711,Motor Vehicles & Passenger Car Bodies,0331,,,GENERAL MOTORS CORP (1994-02-14..2009-07-13),DE
CIK0000040779,GPU,,GPU,40779,1996-01-02,2001-11-07,GPU INC /PA/,analyst_hypothesis,medium,1994-03-10,2001-08-07,,4911,Electric Services,1231,,,GENERAL PUBLIC UTILITIES CORP /PA/ (1994-01-11..1997-03-14),PA
CIK0000040858,GTE,,GTE,40858,1996-01-02,2000-07-03,GTE CORP,analyst_hypothesis,medium,1994-03-15,2000-05-12,,4813,Telephone Communications (No Radiotelephone),1231,,,,NY
CIK0000040987,GPC,GPC,GPC,40987,1996-01-02,,GENUINE PARTS CO,sec_ticker+wiki_current_cik+wiki_snapshot_cik,high,1994-03-24,2026-07-21,,5013,Wholesale-Motor Vehicle Supplies & New Parts,1231,GPC,NYSE,,GA
CIK0000041077,GP,,GP,41077,1996-01-02,2005-12-20,GEORGIA PACIFIC CORP,analyst_hypothesis,medium,1994-03-24,2005-10-27,,2600,Papers & Allied Products,0101,,,,GA
CIK0000041499,G,,G,41499,1996-01-02,2005-10-03,GILLETTE CO,analyst_hypothesis,medium,1994-03-24,2005-08-04,,3420,"Cutlery, Handtools & General Hardware",1231,,,,DE
CIK0000042246,MIR,,MIR,42246,1997-08-07,2000-06-01,MIRAGE RESORTS INC,analyst_hypothesis,medium,1994-03-31,2000-05-04,,7990,Services-Miscellaneous Amusement & Recreation,1231,,,,NV
CIK0000042293,GDW,,GDW,42293,1996-01-02,2006-10-02,GOLDEN WEST FINANCIAL CORP /DE/,analyst_hypothesis,medium,1994-03-24,2006-08-03,,6035,"Savings Institution, Federally Chartered",1231,,,,DE
CIK0000042542,GR,,GR,42542,1996-01-02,2012-07-27,GOODRICH CORP,name,high,1995-02-22,2012-04-26,,3760,Guided Missiles & Space Vehicles & Parts,1231,,,GOODRICH B F CO (1994-02-10..2001-01-31),NY
CIK0000042582,GT,GT,GT,42582,1996-01-02,2019-02-27,GOODYEAR TIRE & RUBBER CO /OH/,sec_ticker+wiki_snapshot_cik,high,1995-03-27,2026-08-06,,3011,Tires & Inner Tubes,1231,GT,Nasdaq,,OH
CIK0000043300,GAPTQ,,GAPTQ,43300,1996-01-02,2000-08-30,GREAT ATLANTIC & PACIFIC TEA CO INC,analyst_hypothesis,medium,1994-01-18,2012-01-17,,5411,Retail-Grocery Stores,0228,,,,MD
CIK0000043350,TEN,,TEN,43350,1996-01-02,1999-11-05,Gas Natural Inc.,name_of_ticker_holder,low,1995-05-15,2017-08-09,,4924,Natural Gas Distribution,1231,,,Energy Inc. (2009-08-04..2010-07-02); ENERGY WEST INC (1995-05-15..2009-07-29),OH
CIK0000043362,GLK,,GLK,43362,1996-01-02,2005-07-05,GREAT LAKES CHEMICAL CORP,name,high,1994-03-30,2005-05-06,,2890,Miscellaneous Chemical Products,1231,,,,DE
CIK0000045012,HAL,HAL,HAL,45012,1996-01-02,,HALLIBURTON CO,sec_ticker+wiki_current_cik+wiki_snapshot_cik,high,1994-03-11,2026-07-24,,1389,"Oil & Gas Field Services, NEC",1231,HAL,NYSE,,DE
CIK0000046080,HAS,HAS,HAS,46080,1996-01-02,,"HASBRO, INC.",sec_ticker+wiki_current_cik+wiki_snapshot_cik,high,1994-03-28,2026-07-30,,3944,"Games, Toys & Children's Vehicles (No Dolls & Bicycles)",1227,HAS,Nasdaq,HASBRO INC (1994-11-09..2019-07-02),RI
CIK0000046640,HNZ,,HNZ,46640,1996-01-02,2013-06-07,Kraft Heinz Foods Co,name,high,1994-03-14,2014-03-07,,2030,"Canned, Frozen & Preservd Fruit, Veg & Food Specialties",1231,,,HEINZ H J CO (1994-02-04..2015-07-02),PA
CIK0000046765,HP,HP,HP,46765,1996-01-02,2020-05-22,"Helmerich & Payne, Inc.",sec_ticker+wiki_snapshot_cik,high,1994-02-14,2026-08-06,,1381,Drilling Oil & Gas Wells,0930,HP,NYSE,HELMERICH & PAYNE INC (1994-01-26..2015-08-07),DE
CIK0000046989,HPC,,HPC,46989,1996-01-02,2008-11-14,HERCULES INC,name,high,1994-03-29,2008-10-28,,2890,Miscellaneous Chemical Products,0619,,,,DE
CIK0000047111,HSY,HSY,HSY,47111,1996-01-02,,HERSHEY CO,sec_ticker+wiki_current_cik+wiki_snapshot_cik,high,1994-03-11,2026-07-30,,2060,Sugar & Confectionery Products,1231,HSY,NYSE,HERSHEY FOODS CORP (1994-07-29..2005-04-20),DE
CIK0000047217,HPQ,HPQ,HPQ,47217,1996-01-02,,HP INC,sec_ticker+wiki_current_cik+wiki_snapshot_cik,high,1994-01-28,2026-08-27,,3570,Computer & office Equipment,1031,HPQ,NYSE,HEWLETT PACKARD CO (1994-01-26..2015-10-23),DE
CIK0000047580,HLT,,HLT,47580,1996-01-02,2007-10-25,HILTON HOTELS CORP,name,high,1994-03-29,2007-08-07,,7011,Hotels & Motels,1231,,,,DE
CIK0000048039,HFC,,HFC,48039,2018-06-18,2021-06-04,HollyFrontier Corp,wiki_snapshot_cik,high,2010-05-07,2022-04-28,,2911,Petroleum Refining,1231,,,HOLLY CORP (1994-12-14..2011-06-29),DE
CIK0000048465,HRL,HRL,HRL,48465,2009-03-04,,HORMEL FOODS CORP /DE/,sec_ticker+wiki_current_cik+wiki_snapshot_cik,high,1994-03-15,2026-08-27,,2011,Meat Packing Plants,1025,HRL,NYSE,HORMEL GEO A & CO (1994-06-14..1995-03-14),DE
CIK0000048898,HUBB,HUBB,HUBB,48898,2023-10-18,,HUBBELL INC,sec_ticker+wiki_current_cik+wiki_snapshot_cik,high,2016-02-18,2026-07-29,,3670,Electronic Components & Accessories,1231,HUBB,NYSE,,CT
CIK0000049071,HUM,HUM,HUM,49071,1996-01-02,,HUMANA INC,sec_ticker+wiki_current_cik+wiki_snapshot_cik,high,1994-03-29,2026-07-29,,6324,Hospital & Medical Service Plans,1231,HUM,NYSE,,DE
CIK0000049196,HBAN,HBAN,HBAN,49196,1997-08-06,,HUNTINGTON BANCSHARES INC /MD/,sec_ticker+wiki_current_cik+wiki_snapshot_cik,high,1995-03-01,2026-07-28,,6021,National Commercial Banks,1231,"HBAN,HBANL,HBANM,HBANP,HBANZ","Nasdaq,Nasdaq,Nasdaq,Nasdaq,Nasdaq",HUNTINGTON BANCSHARES INC /MD/ (2021-03-26..2026-09-24); HUNTINGTON BANCSHARES INC/MD (1994-02-14..2021-03-12),MD
CIK0000049826,ITW,ITW,ITW,49826,1996-01-02,,ILLINOIS TOOL WORKS INC,sec_ticker+wiki_current_cik+wiki_snapshot_cik,high,1994-03-30,2026-08-06,,3560,General Industrial Machinery & Equipment,1231,ITW,NYSE,,DE
CIK0000049996,INCLF,,INCLF,49996,1996-01-02,2002-07-22,INCO LTD,analyst_hypothesis,medium,2001-10-25,2006-10-23,CIK filings start after membership start (predecessor registrant not mapped; fundamentals before cik_first_report will be missing),3330,Primary Smelting & Refining of  Nonferrous Metals,1231,,,,
CIK0000050104,ANDV,,ANDV,50104,2007-09-27,2018-10-01,ANDEAVOR LLC,wiki_snapshot_cik,high,1994-03-30,2018-08-07,,2911,Petroleum Refining,1231,,,ANDEAVOR (2017-08-08..2018-10-11); TESORO CORP /NEW/ (2004-11-09..2017-08-01); TESORO PETROLEUM CORP /NEW/ (1994-11-28..2004-11-05),
CIK0000050341,FBF,,FBF,50341,1996-01-02,2004-04-01,FLEETBOSTON FINANCIAL CORP,analyst_hypothesis,medium,1994-03-30,2004-03-02,,6021,National Commercial Banks,1231,,,FLEET BOSTON CORP (1999-11-22..2000-03-28); FLEET FINANCIAL GROUP INC (1995-10-24..1999-07-09); FLEET FINANCIAL GROUP INC /RI/ (1994-02-14..1995-02-14),RI
CIK0000050863,INTC,INTC,INTC,50863,1996-01-02,,INTEL CORP,sec_ticker+wiki_current_cik+wiki_snapshot_cik,high,1994-03-25,2026-07-24,,3674,Semiconductors & Related Devices,1227,INTC,Nasdaq,,DE
CIK0000051143,IBM,IBM,IBM,51143,1996-01-02,,INTERNATIONAL BUSINESS MACHINES CORP,sec_ticker+wiki_current_cik+wiki_snapshot_cik,high,1994-03-28,2026-07-23,,3570,Computer & office Equipment,1231,IBM,NYSE,,NY
CIK0000051253,IFF,IFF,IFF,51253,1996-01-02,,INTERNATIONAL FLAVORS & FRAGRANCES INC,sec_ticker+wiki_current_cik+wiki_snapshot_cik,high,1994-05-13,2026-08-04,,2860,Industrial Organic Chemicals,1231,IFF,NYSE,,NY
CIK0000051396,MKG,,MKG,51396,1996-01-02,2000-10-18,MALLINCKRODT INC /MO,analyst_hypothesis,medium,1994-02-11,2000-08-28,,2835,In Vitro & In Vivo Diagnostic Substances,0630,,,MALLINCKRODT GROUP INC (1994-08-11..1997-02-26); IMCERA GROUP INC (1994-02-11..1994-01-11),NY
CIK0000051434,IP,IP,IP,51434,1996-01-02,,INTERNATIONAL PAPER CO /NEW/,sec_ticker+wiki_current_cik+wiki_snapshot_cik,high,1994-03-31,2026-08-05,,2621,Paper Mills,1231,"IP,INPAP","NYSE,OTC",,NY
CIK0000051644,IPG,,IPG,51644,1996-01-02,2025-11-28,"INTERPUBLIC GROUP OF COMPANIES, INC.",wiki_snapshot_cik,high,1994-03-30,2025-11-10,,7311,Services-Advertising Agencies,1231,,,INTERPUBLIC GROUP OF COMPANIES INC (1994-02-09..2004-05-20),DE
CIK0000052988,J,J,JEC,52988,2007-10-26,,JACOBS SOLUTIONS INC.,wiki_snapshot_cik,high,2015-07-31,2026-08-04,CIK filings start after membership start (predecessor registrant not mapped; fundamentals before cik_first_report will be missing),1600,Heavy Construction Other Than Bldg Const - Contractors,1002,J,NYSE,JACOBS ENGINEERING GROUP INC /DE/ (1994-05-12..2022-08-19),DE
CIK0000053117,FJ,,FJ,53117,1996-01-02,2000-11-24,FORT JAMES CORP,analyst_hypothesis,medium,1994-03-28,2000-11-03,,2621,Paper Mills,1231,,,JAMES RIVER CORP OF VIRGINIA (1994-02-07..1997-07-07),VA
CIK0000053347,JP,,JP,53347,1996-01-02,2006-04-03,JEFFERSON PILOT CORP,analyst_hypothesis,medium,1994-03-31,2006-05-01,,6311,Life Insurance,1231,,,,NC
CIK0000053669,JCI,,JCI,53669,1996-01-02,2016-09-06,JOHNSON CONTROLS INC,wiki_snapshot_cik,high,1995-02-13,2016-11-23,,7380,Services-Miscellaneous Business Services,0930,,,,WI
CIK0000054050,JOS,,JOS,54050,1996-01-02,2000-05-10,JOSTENS INC,analyst_hypothesis,medium,1994-02-14,2004-08-17,,3911,"Jewelry, Precious Metal",0102,,,,MN
CIK0000054480,KSU,,KSU,54480,1999-04-05,2021-12-14,KANSAS CITY SOUTHERN,wiki_snapshot_cik,high,1994-03-22,2023-02-28,,4011,"Railroads, Line-Haul Operating",1231,,,KANSAS CITY SOUTHERN INDUSTRIES INC (1994-11-14..2002-05-02),DE
CIK0000054502,KMI,,KMI,54502,2000-12-12,2007-05-31,"KINDER MORGAN KANSAS, INC.",name,high,1994-03-23,2010-11-05,,4923,Natural Gas Transmisison & Distribution,1231,,,"KINDER MORGAN, INC. (2009-07-16..2010-12-23); KNIGHT INC. (2006-10-13..2009-06-05); KINDER MORGAN INC (1999-11-19..2007-06-15); K N ENERGY INC (1994-07-22..1999-06-21)",KS
CIK0000055067,K,,K,55067,1996-01-02,2025-12-11,KELLANOVA,wiki_snapshot_cik,high,1994-03-29,2025-10-30,,2040,Grain Mill Products,1228,,,KELLOGG CO (1994-04-29..2023-09-28),DE
CIK0000055785,KMB,KMB,KMB,55785,1996-01-02,,KIMBERLY CLARK CORP,sec_ticker+wiki_current_cik+wiki_snapshot_cik,high,1994-03-24,2026-08-04,,2670,Converted Paper & Paperboard Prods (No Contaners/Boxes),1231,KMB,Nasdaq,,DE
CIK0000056824,KM,,KM,56824,1996-01-02,2002-01-17,KMART CORP,analyst_hypothesis,medium,1994-04-26,2003-03-24,,5331,Retail-Variety Stores,0129,,,,MI
CIK0000056873,KR,KR,KR,56873,1996-01-02,,KROGER CO,sec_ticker+wiki_current_cik+wiki_snapshot_cik,high,1994-03-11,2026-09-18,,5411,Retail-Grocery Stores,0130,KR,NYSE,,OH
CIK0000058492,LEG,,LEG,58492,1999-10-18,2021-12-20,LEGGETT & PLATT INC,wiki_snapshot_cik,high,1994-03-29,2026-08-06,,2510,Household Furniture,1231,LEG,NYSE,,MO
CIK0000059478,LLY,LLY,LLY,59478,1996-01-02,,ELI LILLY & Co,sec_ticker+wiki_current_cik+wiki_snapshot_cik,high,1994-03-25,2026-08-05,,2834,Pharmaceutical Preparations,1231,LLY,NYSE,LILLY ELI & CO (1994-10-26..2019-10-25); LILLY ELI & CO ET AL (1994-07-27..1994-10-14),IN
CIK0000059558,LNC,LNC,LNC,59558,1996-01-02,2023-09-18,LINCOLN NATIONAL CORP,sec_ticker+wiki_snapshot_cik,high,1994-03-30,2026-07-30,,6311,Life Insurance,1231,"LNC,LNC-PD","NYSE,NYSE",LINCOLN NATIONAL CORP ET AL (1994-08-01..1994-08-16),IN
CIK0000060086,L,L,LTR,60086,1996-01-02,,LOEWS CORP,sec_ticker+wiki_current_cik+wiki_snapshot_cik,high,1994-03-25,2026-08-03,,6331,"Fire, Marine & Casualty Insurance",1231,L,NYSE,,DE
CIK0000060519,LPX,LPX,LPX,60519,1996-01-02,2006-11-10,LOUISIANA-PACIFIC CORP,name_of_ticker_holder+sec_ticker,medium,1994-03-30,2026-08-05,,2400,Lumber & Wood Products (No Furniture),1231,LPX,NYSE,LOUISIANA PACIFIC CORP (1994-02-14..2004-07-28),DE
CIK0000060667,LOW,LOW,LOW,60667,1996-01-02,,LOWES COMPANIES INC,sec_ticker+wiki_current_cik+wiki_snapshot_cik,high,1994-05-03,2026-08-27,,5211,Retail-Lumber & Other Building Materials Dealers,0131,LOW,NYSE,,NC
CIK0000061478,ADCT,,ADCT,61478,1999-08-02,2007-07-02,ADC TELECOMMUNICATIONS INC,name,high,1994-01-12,2010-11-23,,3661,Telephone & Telegraph Apparatus,1031,,,,MN
CIK0000061986,MTW,MTW,MTW,61986,2007-11-16,2009-09-01,MANITOWOC CO INC,sec_ticker,high,1994-02-14,2026-08-07,,3531,Construction Machinery & Equip,1231,MTW,NYSE,,WI
CIK0000062709,MRSH,MRSH,MMC,62709,1996-01-02,,"MARSH & MCLENNAN COMPANIES, INC.",wiki_snapshot_cik,high,2018-04-27,2026-07-21,CIK filings start after membership start (predecessor registrant not mapped; fundamentals before cik_first_report will be missing),6411,"Insurance Agents, Brokers & Service",1231,MRSH,NYSE,MARSH & MCLENNAN COMPANIES INC (1994-05-13..2005-01-31),DE
CIK0000062996,MAS,MAS,MAS,62996,1996-01-02,,MASCO CORP /DE/,sec_ticker+wiki_current_cik+wiki_snapshot_cik,high,1994-03-25,2026-07-29,,3430,"Heating Equip, Except Elec & Warm Air; & Plumbing Fixtures",1231,MAS,NYSE,,DE
CIK0000063276,MAT,MAT,MAT,63276,1996-01-02,2019-06-07,MATTEL INC /DE/,sec_ticker+wiki_snapshot_cik,high,1994-03-25,2026-08-06,,3942,Dolls & Stuffed Toys,1231,MAT,Nasdaq,,DE
CIK0000063416,MAY,,MAY,63416,1996-01-02,2005-08-29,MAY DEPARTMENT STORES CO,analyst_hypothesis,medium,1994-04-20,2005-08-30,,5311,Retail-Department Stores,0201,,,,DE
CIK0000063541,MYG,,MYG,63541,1996-01-02,2006-04-03,MAYTAG CORP,analyst_hypothesis,medium,1994-03-31,2006-02-10,,3630,Household Appliances,1231,,,,DE
CIK0000063754,MKC,MKC,MKC,63754,2003-03-21,,MCCORMICK & CO INC,sec_ticker+wiki_current_cik+wiki_snapshot_cik,high,1994-02-22,2026-06-25,,2090,Miscellaneous Food Preparations & Kindred Products,1130,"MKC,MKC-V","NYSE,NYSE",MCCORMICK & CO INC (1994-04-08..2026-09-24),MD
CIK0000063908,MCD,MCD,MCD,63908,1996-01-02,,MCDONALDS CORP,sec_ticker+wiki_current_cik+wiki_snapshot_cik,high,1994-03-29,2026-08-07,,5812,Retail-Eating  Places,1231,MCD,NYSE,,DE
CIK0000064040,SPGI,SPGI,MHP,64040,1996-01-02,,S&P Global Inc.,sec_ticker+wiki_current_cik+wiki_snapshot_cik,high,1994-03-30,2026-07-28,,7320,"Services-Consumer Credit Reporting, Collection Agencies",1231,SPGI,NYSE,MCGRAW HILL FINANCIAL INC (2013-05-03..2016-05-03); MCGRAW-HILL COMPANIES INC (1995-08-11..2013-04-30); MCGRAW HILL INC (1994-06-29..1995-02-24),NY
CIK0000064394,MEA,,MEA,64394,1996-01-02,2002-01-30,MEAD CORP,analyst_hypothesis,medium,1994-03-14,2001-12-21,,2631,Paperboard Mills,1231,,,,OH
CIK0000064782,MEL,,MEL,64782,1996-01-02,2007-07-02,MELLON FINANCIAL CORP,name,high,1994-03-31,2007-05-04,,6021,National Commercial Banks,1231,,,MELLON BANK CORP (1994-02-10..1999-06-09),PA
CIK0000064803,CVS,CVS,CVS,64803,1996-01-02,,CVS HEALTH Corp,sec_ticker+wiki_current_cik+wiki_snapshot_cik,high,1994-03-31,2026-08-05,,5912,Retail-Drug Stores and Proprietary Stores,1231,CVS,NYSE,CVS CAREMARK CORP (2006-12-27..2014-09-03); CVS/CAREMARK CORP (2007-03-23..2007-05-08); CVS CORP (1997-02-07..2007-03-22); MELVILLE CORP (1994-03-31..1997-01-10),DE
CIK0000065011,MDP,,MDP,65011,1996-01-02,2011-01-04,"Hawkeye Acquisition, Inc.",name,high,1994-02-10,2021-11-12,,2721,Periodicals: Publishing or  Publishing & Printing,0630,,,MEREDITH CORP (1994-02-10..2021-11-22),IA
CIK0000065100,MER,,MER,65100,1996-01-02,2009-01-02,"MERRILL LYNCH & CO., INC.",name,high,1994-03-30,2013-08-02,,6211,"Security Brokers, Dealers & Flotation Companies",1231,,,MERRILL LYNCH & CO INC (1994-02-15..2008-12-31),DE
CIK0000065873,AT,,AT,65873,1996-01-02,2007-11-19,ALLTEL CORP,name,high,1994-02-18,2008-11-04,,4812,Radiotelephone Communications,1231,,,,DE
CIK0000065984,ETR,ETR,ETR,65984,1996-01-02,,ENTERGY CORP /DE/,sec_ticker+wiki_current_cik+wiki_snapshot_cik,high,1994-05-16,2026-07-31,,4911,Electric Services,1231,ETR,NYSE,ENTERGY CORP/FL (1994-02-14..1994-02-09),DE
CIK0000066479,MIL,,MIL,66479,1996-01-02,2010-07-15,MILLIPORE CORP /MA,name,high,1994-03-28,2010-05-12,,3826,Laboratory Analytical Instruments,1231,,,MILLIPORE CORP (1994-06-29..2001-03-13),MA
CIK0000066740,MMM,MMM,MMM,66740,1996-01-02,,3M CO,sec_ticker+wiki_current_cik+wiki_snapshot_cik,high,1993-08-13,2026-07-21,,3841,Surgical & Medical Instruments & Apparatus,1231,MMM,NYSE,MINNESOTA MINING & MANUFACTURING CO (1993-08-13..2002-02-06),DE
CIK0000067472,MOLX,,MOLX,67472,1999-12-01,2013-12-09,MOLEX INC,name,high,1994-02-11,2013-10-24,,3678,Electronic Connectors,0630,,,,DE
CIK0000067686,PHA,,PHA,67686,1996-01-02,2003-04-16,PHARMACIA CORP /DE/,analyst_hypothesis,medium,1994-03-15,2003-03-25,,2800,Chemicals & Allied Products,1231,,,MONSANTO CO (1994-03-14..2000-02-11),DE
CIK0000068100,JPM,,JPM,68100,1996-01-02,2001-01-02,MORGAN J P & CO INC,analyst_hypothesis,medium,1995-01-17,2000-11-14,,6022,State Commercial Banks,1231,,,,DE
CIK0000068505,MSI,MSI,MOT,68505,1996-01-02,,"Motorola Solutions, Inc.",sec_ticker+wiki_current_cik+wiki_snapshot_cik,high,1994-03-28,2026-08-05,,3663,Radio & Tv Broadcasting & Communications Equipment,1231,MSI,NYSE,MOTOROLA INC (1994-08-10..2011-01-03),DE
CIK0000068622,CTGG,CTGG,"USW,Q",68622,1996-01-02,2011-04-01,QWEST CORP,name,high,1994-03-30,2026-05-05,,4813,Telephone Communications (No Radiotelephone),1231,,,U S WEST COMMUNICATIONS INC (1994-03-22..2000-10-11),CO
CIK0000069970,NCC,,NCC,69970,1996-01-02,2009-01-02,NATIONAL CITY CORP,name,high,1994-01-31,2008-11-06,,6021,National Commercial Banks,1231,,,,DE
CIK0000070318,THC,THC,THC,70318,1996-01-02,2016-04-18,TENET HEALTHCARE CORP,sec_ticker+wiki_snapshot_cik,high,1994-01-14,2026-07-29,,8062,"Services-General Medical & Surgical Hospitals, NEC",1231,THC,NYSE,NATIONAL MEDICAL ENTERPRISES INC /NV/ (1994-08-26..1995-03-27),NV
CIK0000070530,NSM,,NSM,70530,1996-01-02,2011-09-26,NATIONAL SEMICONDUCTOR CORP,name,high,1994-03-18,2011-07-27,,3674,Semiconductors & Related Devices,0531,,,,DE
CIK0000070538,NSI,,NSI,70538,1996-01-02,2001-12-03,NATIONAL SERVICE INDUSTRIES INC,analyst_hypothesis,medium,1994-01-13,2003-04-10,,7200,Services-Personal Services,0831,,,,DE
CIK0000070858,BAC,BAC,BAC,70858,1996-01-02,,BANK OF AMERICA CORP /DE/,sec_ticker+wiki_current_cik+wiki_snapshot_cik,high,1994-03-30,2026-07-31,,6021,National Commercial Banks,1231,"BAC,BML-PG,BML-PL,BAC-PB,BAC-PK,BAC-PE,BAC-PL,BAC-PM,BAC-PN,BAC-PO,BAC-PP,BAC-PQ,BAC-PS,BACRP,BML-PH,BML-PJ,MER-PK","NYSE,NYSE,NYSE,NYSE,NYSE,NYSE,NYSE,NYSE,NYSE,NYSE,NYSE,NYSE,NYSE,OTC,NYSE,NYSE,NYSE",BANKAMERICA CORP/DE/ (1998-10-30..1999-04-23); NATIONSBANK CORP (1994-05-13..1998-09-28),DE
CIK0000070866,VYX,VYX,NCR,70866,2000-01-04,2007-10-01,NCR Voyix Corp,name,high,1997-03-19,2026-08-05,,3578,Calculating & Accounting Machines (No Electronic Computers),1231,"VYX,NCRRP","NYSE,OTC",NCR CORP (1996-09-26..2023-10-18),MD
CIK0000071691,NYT,NYT,NYT,71691,1996-01-02,2010-12-20,NEW YORK TIMES CO,sec_ticker,high,1994-03-21,2026-08-05,,2711,Newspapers: Publishing or  Publishing & Printing,1231,NYT,NYSE,,NY
CIK0000072020,GAS,,GAS,72020,1996-01-02,2011-12-12,NICOR INC,name,high,1994-03-24,2011-11-01,,4924,Natural Gas Distribution,1231,,,,IL
CIK0000072207,NBL,,NBL,72207,2007-10-08,2020-10-12,NOBLE ENERGY INC,wiki_snapshot_cik,high,1994-03-30,2020-08-03,,1311,Crude Petroleum & Natural Gas,1231,,,NOBLE AFFILIATES INC (1994-05-12..2002-03-29),DE
CIK0000072331,NDSN,NDSN,NDSN,72331,2022-02-15,,NORDSON CORP,sec_ticker+wiki_current_cik+wiki_snapshot_cik,high,2015-12-15,2026-08-20,,3569,"General Industrial Machinery & Equipment, NEC",1031,NDSN,Nasdaq,,OH
CIK0000072333,JWN,,JWN,72333,1996-01-02,2020-06-22,NORDSTROM INC,wiki_snapshot_cik,high,1994-03-31,2025-03-21,,5651,Retail-Family Clothing Stores,0201,,,,WA
CIK0000072741,ES,ES,ES,72741,2009-03-17,,EVERSOURCE ENERGY,sec_ticker+wiki_current_cik+wiki_snapshot_cik,high,1994-03-25,2026-08-03,,4911,Electric Services,1231,ES,NYSE,NORTHEAST UTILITIES (1994-07-28..2015-04-29); NORTHEAST UTILITIES SYSTEM (1996-11-27..2004-11-30),MA
CIK0000072903,XEL,XEL,XEL,72903,1996-01-02,,XCEL ENERGY INC,sec_ticker+wiki_current_cik+wiki_snapshot_cik,high,1994-01-25,2026-07-30,,4931,Electric & Other Services Combined,1231,"XEL,XELLL","Nasdaq,Nasdaq",NORTHERN STATES POWER CO /MN/ (1994-01-25..2000-02-14),MN
CIK0000072911,NRTLQ,,NRTLQ,72911,1996-01-02,2002-07-22,NORTEL NETWORKS CORP,analyst_hypothesis,medium,2000-11-07,2012-08-10,CIK filings start after membership start (predecessor registrant not mapped; fundamentals before cik_first_report will be missing),3661,Telephone & Telegraph Apparatus,1231,,,NORTHERN TELECOM LTD (1999-02-16..1999-02-16),
CIK0000072971,WFC,WFC,WFC,72971,1996-01-02,,WELLS FARGO & COMPANY/MN,sec_ticker+wiki_current_cik+wiki_snapshot_cik,high,1996-03-07,2026-07-28,,6021,National Commercial Banks,1231,"WFC,WFC-PY,WFC-PL,WFC-PC,WFCNP,WFC-PA,WFC-PD,WFC-PZ","NYSE,NYSE,NYSE,NYSE,OTC,NYSE,NYSE,NYSE",WELLS FARGO & CO/MN (1998-11-30..2012-04-10); NORWEST CORP (1994-09-12..1998-10-21),DE
CIK0000073124,NTRS,NTRS,NTRS,73124,1998-01-30,,NORTHERN TRUST CORP,sec_ticker+wiki_current_cik+wiki_snapshot_cik,high,1994-03-15,2026-07-30,,6022,State Commercial Banks,1231,"NTRS,NTRSO","Nasdaq,Nasdaq",,DE
CIK0000073309,NUE,NUE,NUE,73309,1996-01-02,,NUCOR CORP,sec_ticker+wiki_current_cik+wiki_snapshot_cik,high,1994-03-24,2026-08-12,,3312,"Steel Works, Blast Furnaces & Rolling Mills (Coke Ovens)",1231,NUE,NYSE,,DE
CIK0000074091,TOS,,TOS,74091,1999-09-20,2001-09-17,TOSCO CORP,analyst_hypothesis,medium,1994-03-22,2001-08-13,,2911,Petroleum Refining,1231,,,,NV
CIK0000074208,UDR,UDR,UDR,74208,2016-03-07,,"UDR, Inc.",sec_ticker+wiki_current_cik+wiki_snapshot_cik,high,2014-07-29,2026-07-28,,6798,Real Estate Investment Trusts,1231,UDR,NYSE,UNITED DOMINION REALTY TRUST INC (1994-05-26..2007-03-14),MD
CIK0000075234,OWENQ,,OWENQ,75234,1996-01-02,2000-10-02,"OWENS CORNING SALES, LLC",analyst_hypothesis,medium,1994-03-29,2006-10-25,,3290,"Abrasive, Asbestos & Misc Nonmetallic Mineral Prods",1231,,,"OWENS CORNING SALES, INC. (2006-11-02..2007-02-14); OWENS CORNING (1996-12-26..2006-11-02); OWENS CORNING FIBERGLAS CORP (1994-03-29..1996-02-12)",DE
CIK0000075362,PCAR,PCAR,PCAR,75362,1996-01-02,,PACCAR INC,sec_ticker+wiki_current_cik+wiki_snapshot_cik,high,1994-03-24,2026-07-29,,3711,Motor Vehicles & Passenger Car Bodies,1231,PCAR,Nasdaq,,DE
CIK0000075677,PKG,PKG,PKG,75677,2017-07-26,,PACKAGING CORP OF AMERICA,sec_ticker+wiki_current_cik+wiki_snapshot_cik,high,2012-08-07,2026-08-07,,2650,Paperboard Containers & Boxes,1231,PKG,NYSE,,
CIK0000075754,PWJ,,PWJ,75754,1999-06-04,2000-11-06,PAINE WEBBER GROUP INC,analyst_hypothesis,medium,1994-03-29,2000-11-02,,6211,"Security Brokers, Dealers & Flotation Companies",1231,,,,DE
CIK0000075829,PLL,,PLL,75829,1996-01-02,2015-08-31,PALL CORP,wiki_snapshot_cik,high,1994-03-11,2015-05-21,,3569,"General Industrial Machinery & Equipment, NEC",0731,,,,NY
CIK0000076334,PH,PH,PH,76334,1996-01-02,,Parker-Hannifin Corp,sec_ticker+wiki_current_cik+wiki_snapshot_cik,high,1994-02-11,2026-08-21,,3490,Miscellaneous Fabricated Metal Products,0630,PH,NYSE,PARKER HANNIFIN CORP (1994-02-11..2024-12-11),OH
CIK0000077360,PNR,PNR,PNR,77360,2012-10-01,,PENTAIR plc,sec_ticker+wiki_current_cik+wiki_snapshot_cik,high,2003-05-12,2026-07-28,,3550,Special Industry Machinery (No Metalworking Machinery),1231,PNR,NYSE,PENTAIR LTD (2012-10-09..2014-06-03); PENTAIR INC (1994-01-05..2012-10-02),L2
CIK0000077385,PGL,,PGL,77385,1996-01-02,2007-02-22,PEOPLES ENERGY CORP,analyst_hypothesis,medium,1994-02-11,2007-01-29,,4924,Natural Gas Distribution,1231,,,,IL
CIK0000077449,PBY,,PBY,77449,1996-01-02,2000-04-03,PEP BOYS MANNY MOE & JACK,analyst_hypothesis,medium,1994-04-22,2015-12-08,,5531,Retail-Auto & Home Supply Stores,0202,,,,PA
CIK0000077476,PEP,PEP,PEP,77476,1996-01-02,,PEPSICO INC,sec_ticker+wiki_current_cik+wiki_snapshot_cik,high,1995-03-28,2026-07-09,,2080,Beverages,1226,PEP,Nasdaq,,NC
CIK0000077551,ABI,,ABI,77551,1996-01-02,2008-11-24,APPLIED BIOSYSTEMS INC.,analyst_hypothesis+name,high,1994-02-14,2008-11-06,,3826,Laboratory Analytical Instruments,0630,,,APPLERA CORP (2000-12-11..2008-07-01); PE CORP (1999-02-11..2000-11-14); PERKIN ELMER CORP (1994-02-14..1999-01-07),DE
CIK0000078003,PFE,PFE,PFE,78003,1996-01-02,,PFIZER INC,sec_ticker+wiki_current_cik+wiki_snapshot_cik,high,1994-03-25,2026-08-04,,2834,Pharmaceutical Preparations,1231,PFE,NYSE,PFIZER INC (1994-03-18..2026-09-16),DE
CIK0000078066,PD,,PD,78066,1996-01-02,2007-03-20,PHELPS DODGE CORP,analyst_hypothesis,medium,1994-03-22,2007-03-19,,3330,Primary Smelting & Refining of  Nonferrous Metals,1231,,,,NY
CIK0000078239,PVH,PVH,PVH,78239,2013-02-14,2022-09-19,PVH CORP. /DE/,sec_ticker+wiki_snapshot_cik,high,1994-04-29,2026-09-02,,2320,"Men's & Boys' Furnishgs, Work Clothg, & Allied Garments",0131,PVH,NYSE,PHILLIPS VAN HEUSEN CORP /DE/ (1994-06-17..2011-06-23),DE
CIK0000078814,PBI,PBI,PBI,78814,1996-01-02,2017-03-01,PITNEY BOWES INC /DE/,sec_ticker+wiki_snapshot_cik,high,1994-03-30,2026-07-30,,3579,"Office Machines, NEC",1231,"PBI,PBI-PB","NYSE,NYSE",,DE
CIK0000078890,BCO,BCO,BCO,78890,1996-01-02,1996-01-22,BRINKS CO,name_of_ticker_holder+sec_ticker,medium,1994-03-30,2026-08-05,,4731,Arrangement of  Transportation of  Freight & Cargo,1231,BCO,NYSE,PITTSTON CO (1994-01-28..2003-05-05),VA
CIK0000079282,BRO,BRO,BRO,79282,2021-09-20,,"BROWN & BROWN, INC.",sec_ticker+wiki_current_cik+wiki_snapshot_cik,high,2011-03-01,2026-07-27,,6411,"Insurance Agents, Brokers & Service",0119,BRO,NYSE,"BROWN & BROWN, INC (2017-11-13..2017-11-13); BROWN & BROWN INC (1999-08-09..2017-11-03); POE & BROWN INC (1994-02-14..1999-03-15)",FL
CIK0000079326,PRD,,PRD,79326,1996-01-02,2000-12-12,PRIMARY PDC INC,analyst_hypothesis,medium,1994-03-30,2001-08-09,,3861,Photographic Equipment & Supplies,1231,,,POLAROID CORP (1994-02-16..2003-02-20),DE
CIK0000079716,PCH,,PCH,79716,1996-01-02,2001-07-09,POTLATCH CORP (OLD),analyst_hypothesis,medium,1994-03-23,2005-11-09,,2621,Paper Mills,1231,,,POTLATCH CORP (1994-03-23..2006-02-06),DE
CIK0000079879,PPG,PPG,PPG,79879,1996-01-02,,PPG INDUSTRIES INC,sec_ticker+wiki_current_cik+wiki_snapshot_cik,high,1994-02-17,2026-07-29,,2851,"Paints, Varnishes, Lacquers, Enamels & Allied Prods",1231,PPG,NYSE,,PA
CIK0000079958,PCP,,PCP,79958,2007-06-01,2016-02-01,PRECISION CASTPARTS CORP,wiki_snapshot_cik,high,2004-11-05,2016-04-08,,3320,Iron & Steel Foundries,0103,,,,OR
CIK0000080424,PG,PG,PG,80424,1996-01-02,,PROCTER & GAMBLE Co,sec_ticker+wiki_current_cik+wiki_snapshot_cik,high,1994-02-09,2026-08-04,,2840,"Soap, Detergents, Cleang Preparations, Perfumes, Cosmetics",0630,PG,NYSE,,OH
CIK0000080661,PGR,PGR,PGR,80661,1997-08-04,,PROGRESSIVE CORP/OH/,sec_ticker+wiki_current_cik+wiki_snapshot_cik,high,1994-03-29,2026-08-03,,6331,"Fire, Marine & Casualty Insurance",1231,PGR,NYSE,,OH
CIK0000081371,OAT,,OAT,81371,1996-01-02,2001-08-03,QUAKER OATS CO,analyst_hypothesis,medium,1994-02-11,2001-04-27,,2040,Grain Mill Products,1231,,,,NJ
CIK0000081870,RAL,,RAL,81870,1996-01-02,2001-12-13,RALSTON PURINA CO,analyst_hypothesis,medium,1994-02-14,2001-08-09,,2040,Grain Mill Products,0930,,,,MO
CIK0000083246,RNB,,RNB,83246,1996-01-02,2000-01-03,HSBC USA INC /MD/,analyst_hypothesis,medium,1994-03-29,2026-08-04,,6021,National Commercial Banks,1231,,,HSBC USA INC /MD/ (2000-12-21..2026-09-25); REPUBLIC NEW YORK CORP (1994-03-29..2000-01-04),MD
CIK0000083604,RLM,,RLM,83604,1996-01-02,2000-05-04,REYNOLDS METALS CO,analyst_hypothesis,medium,1994-03-15,2000-04-28,,3334,Primary Production of  Aluminum,1231,,,,DE
CIK0000084129,RAD,,RAD,84129,1996-01-02,2000-07-27,"NEW RITE AID, LLC",name,high,1994-01-05,2024-07-25,,5912,Retail-Drug Stores and Proprietary Stores,0302,,,RITE AID CORP (1994-09-09..2024-09-05),DE
CIK0000084792,ROH,,ROH,84792,1996-01-02,2009-04-02,ROHM & HAAS CO,name,high,1994-03-25,2009-02-27,,2821,"Plastic Materials, Synth Resins & Nonvulcan Elastomers",1231,,,,DE
CIK0000084839,ROL,ROL,ROL,84839,2018-10-01,,ROLLINS INC,sec_ticker+wiki_current_cik+wiki_snapshot_cik,high,2013-02-27,2026-07-23,,7340,Services-To Dwellings & Other Buildings,1231,ROL,NYSE,,DE
CIK0000085408,RDC,,RDC,85408,1996-01-02,2014-08-19,ROWAN COMPANIES PLC,wiki_snapshot_cik,high,1994-03-31,2019-02-27,,1381,Drilling Oil & Gas Wells,1231,,,ROWAN COMPANIES INC (1994-02-10..2012-05-02),X0
CIK0000085486,RDS-A,,RDS.A,85486,1996-01-02,2002-07-22,ROYAL DUTCH PETROLEUM CO,analyst_hypothesis,medium,2002-04-12,2005-05-04,CIK filings start after membership start (predecessor registrant not mapped; fundamentals before cik_first_report will be missing),2911,Petroleum Refining,1231,,,,
CIK0000085812,RML,,RML,85812,1996-01-02,2000-12-12,RUSSELL CORP,analyst_hypothesis,medium,1994-03-30,2006-05-16,,2253,Knit Outerwear Mills,1231,,,,AL
CIK0000085961,R,R,R,85961,1996-01-02,2017-06-19,RYDER SYSTEM INC,sec_ticker+wiki_snapshot_cik,high,1994-03-30,2026-07-23,,7510,Services-Auto Rental & Leasing (No Drivers),1231,R,NYSE,,FL
CIK0000086104,SAF,,SAF,86104,1996-01-02,2008-09-23,SAFECO CORP,name,high,1994-03-21,2008-07-29,,6331,"Fire, Marine & Casualty Insurance",1231,,,,WA
CIK0000086144,SWY,,SWY,86144,1998-11-13,2015-01-27,SAFEWAY INC,wiki_snapshot_cik,high,1994-03-25,2015-03-04,,5411,Retail-Grocery Stores,1228,,,,DE
CIK0000086312,TRV,TRV,TRV,86312,1996-01-02,,"TRAVELERS COMPANIES, INC.",sec_ticker+wiki_current_cik+wiki_snapshot_cik,high,1994-03-18,2026-07-17,,6331,"Fire, Marine & Casualty Insurance",1231,TRV,NYSE,ST PAUL TRAVELERS COMPANIES INC (2004-04-01..2007-02-23); ST PAUL COMPANIES INC /MN/ (1994-01-10..2004-03-31); ST PAUL FIRE & MARINE INSURANCE CO/MD (1999-02-19..1999-02-19),MN
CIK0000087347,SLB,SLB,SLB,87347,1996-01-02,,SLB LIMITED/NV,sec_ticker+wiki_current_cik+wiki_snapshot_cik,high,1996-05-15,2026-07-29,,1389,"Oil & Gas Field Services, NEC",1231,SLB,NYSE,SCHLUMBERGER LIMITED/NV (2015-10-19..2025-09-12); SCHLUMBERGER LTD /NV/ (2002-10-02..2016-10-03); SCHLUMBERGER LTD /NY/ (1996-11-13..2002-08-09),P8
CIK0000087777,SFA,,SFA,87777,1996-01-02,2006-02-27,SCIENTIFIC ATLANTA INC,analyst_hypothesis,medium,1994-02-11,2006-02-08,,3663,Radio & Tv Broadcasting & Communications Equipment,0630,,,,GA
CIK0000088188,VO,,VO,88188,1996-01-02,2000-12-11,SEAGRAM CO LTD,analyst_hypothesis,medium,1996-06-14,2000-11-13,,2080,Beverages,0630,,,,CA
CIK0000089089,SCI,SCI,SCI,89089,1996-01-02,2000-03-16,SERVICE CORP INTERNATIONAL,name_of_ticker_holder+sec_ticker,medium,1994-03-31,2026-07-30,,7200,Services-Personal Services,1231,SCI,NYSE,SERVICE CORPORATION INTERNATIONAL (1994-11-07..2017-01-19),TX
CIK0000089415,SMS,,SMS,89415,1996-01-02,2000-06-08,SHARED MEDICAL SYSTEMS CORP,name,high,1994-03-30,2000-05-15,,7373,Services-Computer Integrated Systems Design,1231,,,,DE
CIK0000089800,SHW,SHW,SHW,89800,1996-01-02,,SHERWIN WILLIAMS CO,sec_ticker+wiki_current_cik+wiki_snapshot_cik,high,1994-03-15,2026-07-28,,5200,"Retail-Building Materials, Hardware, Garden Supply",1231,SHW,NYSE,,OH
CIK0000090185,SIAL,,SIAL,90185,1996-01-02,2015-11-18,SIGMA ALDRICH CORP,wiki_snapshot_cik,high,1994-03-31,2015-11-03,,5160,Wholesale-Chemicals & Allied Products,1231,,,,DE
CIK0000091142,AOS,AOS,AOS,91142,2017-07-26,,SMITH A O CORP,sec_ticker+wiki_current_cik+wiki_snapshot_cik,high,2015-02-17,2026-07-30,,3630,Household Appliances,1231,AOS,NYSE,,DE
CIK0000091419,SJM,SJM,SJM,91419,2008-11-06,,J M SMUCKER Co,sec_ticker+wiki_current_cik+wiki_snapshot_cik,high,1994-03-14,2026-08-26,,2033,"Canned, Fruits, Veg, Preserves, Jams & Jellies",0430,SJM,NYSE,SMUCKER J M CO (1994-03-14..2014-10-06),OH
CIK0000091440,SNA,SNA,SNA,91440,1996-01-02,,Snap-on Inc,sec_ticker+wiki_current_cik+wiki_snapshot_cik,high,1994-03-18,2026-07-23,,3420,"Cutlery, Handtools & General Hardware",0102,SNA,NYSE,SNAP ON INC (1994-09-23..2008-08-21); SNAP ON TOOLS CORP (1994-03-03..1994-03-03),DE
CIK0000091576,KEY,KEY,KEY,91576,1996-01-02,,KEYCORP /NEW/,sec_ticker+wiki_current_cik+wiki_snapshot_cik,high,1994-03-31,2026-08-04,,6021,National Commercial Banks,1231,"KEY,KEY-PK,KEY-PI,KEY-PJ,KEY-PL","NYSE,NYSE,NYSE,NYSE,NYSE",KEYCORP/NEW (1994-08-17..1995-02-14); SOCIETY CORP (1994-02-15..1994-04-12),OH
CIK0000092081,SOTR,,SOTR,92081,1999-03-01,2004-11-01,SOUTHTRUST CORP,analyst_hypothesis,medium,1994-03-10,2004-08-09,,6021,National Commercial Banks,1231,,,,DE
CIK0000092122,SO,SO,SO,92122,1996-01-02,,SOUTHERN CO,sec_ticker+wiki_current_cik+wiki_snapshot_cik,high,1994-03-28,2026-07-30,,4911,Electric Services,1231,"SO,SOJC,SOJD,SOJE,SOJF,SOMN","NYSE,NYSE,NYSE,NYSE,NYSE,NYSE",SOUTHERN CO (1994-01-28..2026-09-04),DE
CIK0000092230,TFC,TFC,BBT,92230,1997-12-04,,TRUIST FINANCIAL CORP,wiki_snapshot_cik,high,2007-05-04,2026-07-31,CIK filings start after membership start (predecessor registrant not mapped; fundamentals before cik_first_report will be missing),6021,National Commercial Banks,1231,"TFC,TFC-PI,TFC-PO,TFC-PR","NYSE,NYSE,NYSE,NYSE",BB&T CORP (1997-06-06..2019-12-06); SOUTHERN NATIONAL CORP /NC/ (1994-05-19..1997-05-14),NC
CIK0000092380,LUV,LUV,LUV,92380,1996-01-02,,SOUTHWEST AIRLINES CO,sec_ticker+wiki_current_cik+wiki_snapshot_cik,high,1995-03-30,2026-07-23,,4512,"Air Transportation, Scheduled",1231,LUV,NYSE,,TX
CIK0000093102,SMI,,SMI,93102,1996-01-02,2000-12-12,SPRINGS INDUSTRIES INC,analyst_hypothesis,medium,1994-03-30,2001-08-14,,2211,"Broadwoven Fabric Mills, Cotton",0102,,,,SC
CIK0000093410,CVX,CVX,CVX,93410,1996-01-02,,CHEVRON CORP,sec_ticker+wiki_current_cik+wiki_snapshot_cik,high,1994-03-30,2026-08-06,,2911,Petroleum Refining,1231,CVX,NYSE,CHEVRONTEXACO CORP (2001-11-01..2005-05-04),DE
CIK0000093556,SWK,SWK,SWK,93556,1996-01-02,,"STANLEY BLACK & DECKER, INC.",sec_ticker+wiki_current_cik+wiki_snapshot_cik,high,1994-03-31,2026-07-29,,3420,"Cutlery, Handtools & General Hardware",0102,SWK,NYSE,STANLEY WORKS (1994-03-11..2010-03-12),CT
CIK0000093751,STT,STT,STT,93751,1997-08-18,,STATE STREET CORP,sec_ticker+wiki_current_cik+wiki_snapshot_cik,high,1994-03-30,2026-07-30,,6022,State Commercial Banks,1231,"STT,STT-PG","NYSE,NYSE",STATE STREET CORP (2009-02-24..2026-09-22); STATE STREET Corp (2009-02-24..2026-09-22); STATE STREET BOSTON CORP (1994-03-14..1997-03-03),MA
CIK0000095304,SUN,,SUN,95304,1996-01-02,2012-10-05,SUNOCO INC,name,high,1994-01-14,2012-08-02,,2911,Petroleum Refining,1231,,,SUN CO INC (1994-06-23..1998-11-05),PA
CIK0000095521,SVU,,SVU,95521,1996-01-02,2012-05-01,SUPERVALU INC,name,high,1994-01-18,2018-10-15,,5141,"Wholesale-Groceries, General Line",0223,,,,DE
CIK0000096021,SYY,SYY,SYY,96021,1996-01-02,,SYSCO CORP,sec_ticker+wiki_current_cik+wiki_snapshot_cik,high,1994-02-11,2026-08-21,,5140,Wholesale-Groceries & Related Products,0627,SYY,NYSE,,DE
CIK0000096223,JEF,JEF,JEF,96223,2007-08-27,2019-09-26,Jefferies Financial Group Inc.,sec_ticker+wiki_snapshot_cik,high,1994-03-23,2026-07-09,,6211,"Security Brokers, Dealers & Flotation Companies",1130,JEF,NYSE,Jefferies Financial Group Inc. (2018-05-23..2026-09-25); LEUCADIA NATIONAL CORP (1994-06-01..2018-05-15),NY
CIK0000096289,RSH,,RSH,96289,1996-01-02,2011-07-01,RS Legacy Corp,name,high,1994-03-30,2014-12-12,,5731,"Retail-Radio, Tv & Consumer Electronics Stores",1231,,,RADIOSHACK CORP (2000-05-19..2015-06-12); TANDY CORP /DE/ (1994-05-13..2000-03-30),DE
CIK0000096879,TEK,,TEK,96879,1996-01-02,2007-11-16,TEKTRONIX INC,name,high,1994-01-10,2007-10-10,,3825,Instruments For Meas & Testing of  Electricity & Elec Signals,1231,,,,OR
CIK0000096943,TFX,TFX,TFX,96943,2019-01-18,2025-03-24,TELEFLEX INC,sec_ticker+wiki_snapshot_cik,high,2012-05-01,2026-08-06,,3841,Surgical & Medical Instruments & Apparatus,1231,TFX,NYSE,,DE
CIK0000097210,TER,TER,TER,97210,1999-11-15,,"TERADYNE, INC",sec_ticker+wiki_current_cik+wiki_snapshot_cik,high,1994-03-31,2026-07-31,,3825,Instruments For Meas & Testing of  Electricity & Elec Signals,1231,TER,Nasdaq,TERADYNE INC (1994-05-06..2006-10-11),MA
CIK0000097216,TEX,TEX,TEX,97216,2006-12-20,2008-11-06,TEREX CORP,sec_ticker,high,2003-08-13,2026-07-30,,3537,"Industrial Trucks, Tractors, Trailors & Stackers",1231,TEX,NYSE,,DE
CIK0000097349,TX,,TX,97349,1996-01-02,2001-10-10,TEXACO INC,analyst_hypothesis,medium,1994-03-28,2001-08-09,,2911,Petroleum Refining,1231,,,,DE
CIK0000097476,TXN,TXN,TXN,97476,1996-01-02,,TEXAS INSTRUMENTS INC,sec_ticker+wiki_current_cik+wiki_snapshot_cik,high,1994-03-21,2026-07-24,,3674,Semiconductors & Related Devices,1231,TXN,Nasdaq,,DE
CIK0000097745,TMO,TMO,TMO,97745,1997-01-02,,THERMO FISHER SCIENTIFIC INC.,sec_ticker+wiki_current_cik+wiki_snapshot_cik,high,1994-03-09,2026-07-31,,3829,"Measuring & Controlling Devices, NEC",1231,TMO,NYSE,THERMO ELECTRON CORP (1994-02-18..2006-11-03),DE
CIK0000097854,TNB,,TNB,97854,1996-01-02,2004-08-03,THOMAS & BETTS CORP,analyst_hypothesis,medium,1994-03-25,2012-05-07,,3640,Electric Lighting & Wiring Equipment,1209,,,,TN
CIK0000098246,TIF,,TIF,98246,2000-06-21,2021-01-07,TIFFANY & CO,wiki_snapshot_cik,high,1994-04-07,2020-11-24,,5944,Retail-Jewelry Stores,0131,,,,DE
CIK0000098362,TKR,TKR,TKR,98362,1996-01-02,2001-08-07,TIMKEN CO,name_of_ticker_holder+sec_ticker,medium,1994-03-30,2026-08-04,,3562,Ball & Roller Bearings,1231,TKR,NYSE,,OH
CIK0000100030,TRW,,TRW,100030,1996-01-02,2002-12-12,NORTHROP GRUMMAN SPACE & MISSION SYSTEMS CORP,analyst_hypothesis,medium,1995-03-24,2002-11-06,,3714,Motor Vehicle Parts & Accessories,1231,,,TRW INC (1994-02-14..2002-12-23),OH
CIK0000100493,TSN,TSN,TSN,100493,2005-08-11,,"TYSON FOODS, INC.",sec_ticker+wiki_current_cik+wiki_snapshot_cik,high,1994-02-15,2026-08-03,,2015,Poultry Slaughtering and Processing,1003,TSN,NYSE,TYSON FOODS INC (1994-04-15..2019-02-07),DE
CIK0000100517,UAL,UAL,"UAWGQ,UAL",100517,1996-01-02,,"United Airlines Holdings, Inc.",sec_ticker+wiki_current_cik+wiki_snapshot_cik,high,1995-03-08,2026-07-16,,4512,"Air Transportation, Scheduled",1231,UAL,Nasdaq,"United Continental Holdings, Inc. (2010-07-22..2019-06-27); UAL CORP /DE/ (1994-08-08..2010-09-30)",DE
CIK0000100790,UK,,UK,100790,1996-01-02,2001-02-07,UNION CARBIDE CORP /NEW/,analyst_hypothesis,medium,1994-05-12,2026-07-24,,2860,Industrial Organic Chemicals,1231,,,UNION CARBIDE CHEMICALS & PLASTICS CO INC (1994-05-02..1994-05-02),NY
CIK0000100885,UNP,UNP,UNP,100885,1996-01-02,,UNION PACIFIC CORP,sec_ticker+wiki_current_cik+wiki_snapshot_cik,high,1994-03-29,2026-07-23,,4011,"Railroads, Line-Haul Operating",1231,UNP,NYSE,,UT
CIK0000100893,UPC,,UPC,100893,1998-10-01,2004-07-01,UNION PLANTERS CORP,analyst_hypothesis,medium,1994-03-28,2004-05-10,,6021,National Commercial Banks,1231,,,,TN
CIK0000101320,SUB,,SUB,101320,1998-01-28,2001-03-01,SUMMIT BANCORP/NJ/,analyst_hypothesis,medium,1994-03-30,2000-11-14,,6021,National Commercial Banks,1231,,,SUMMIT BANCORP     /NJ/ (1996-05-15..1996-06-05); UJB FINANCIAL CORP /NJ/ (1994-05-16..1996-02-13),NJ
CIK0000101778,MRO,,MRO,101778,1996-01-02,2024-11-26,MARATHON OIL CORP,wiki_snapshot_cik,high,1994-03-15,2024-11-06,,1311,Crude Petroleum & Natural Gas,1231,,,USX CORP (1994-08-29..2002-01-09),DE
CIK0000101829,RTX,RTX,UTX,101829,1996-01-02,,RTX Corp,wiki_snapshot_cik,high,2017-10-27,2026-07-23,CIK filings start after membership start (predecessor registrant not mapped; fundamentals before cik_first_report will be missing),3724,Aircraft Engines & Engine Parts,1231,RTX,NYSE,RAYTHEON TECHNOLOGIES CORP (2020-04-07..2023-06-29); UNITED TECHNOLOGIES CORP /DE/ (1994-01-24..2020-04-06),DE
CIK0000101830,S,,S,101830,1996-01-02,2013-07-09,SPRINT LLC,name,high,1994-03-15,2020-01-27,,4813,Telephone Communications (No Radiotelephone),0331,,,SPRINT CORP (2013-06-27..2021-04-23); SPRINT Corp (2013-06-27..2021-04-23); SPRINT NEXTEL CORP (2005-04-22..2013-07-10),
CIK0000101830.PCS,PCS,,PCS,101830,1998-11-24,2004-04-23,SPRINT LLC,analyst_hypothesis,medium,1994-03-15,2020-01-27,,4813,Telephone Communications (No Radiotelephone),0331,,,SPRINT CORP (2013-06-27..2021-04-23); SPRINT Corp (2013-06-27..2021-04-23); SPRINT NEXTEL CORP (2005-04-22..2013-07-10),
CIK0000103379,VFC,VFC,VFC,103379,1996-01-02,2024-04-01,V F CORP,sec_ticker+wiki_snapshot_cik,high,1994-03-24,2026-07-29,,2320,"Men's & Boys' Furnishgs, Work Clothg, & Allied Garments",0328,VFC,NYSE,V F CORP/NC (2002-03-20..2002-02-15); V F CORP /PA/ (1994-04-29..2001-01-10),PA
CIK0000104169,WMT,WMT,WMT,104169,1996-01-02,,Walmart Inc.,sec_ticker+wiki_current_cik+wiki_snapshot_cik,high,1995-04-27,2026-08-28,,5331,Retail-Variety Stores,0131,WMT,Nasdaq,Walmart Inc. (2018-01-31..2026-09-18); WAL MART STORES INC (1994-02-14..2018-01-30),DE
CIK0000104599,CC,,CC,104599,1996-01-02,2008-03-31,CIRCUIT CITY STORES INC,analyst_hypothesis,medium,1994-01-14,2008-09-30,,5731,"Retail-Radio, Tv & Consumer Electronics Stores",0228,,,,VA
CIK0000104669,WLA,,WLA,104669,1996-01-02,2000-06-20,WARNER LAMBERT CO,analyst_hypothesis,medium,1994-03-23,2000-05-10,,2834,Pharmaceutical Preparations,1231,,,,DE
CIK0000104889,GHC,GHC,GHC,104889,2007-12-31,2014-09-22,Graham Holdings Co,sec_ticker+wiki_snapshot_cik,high,2003-03-17,2026-07-30,,8200,Services-Educational Services,1231,GHC,NYSE,WASHINGTON POST CO (1994-06-24..2013-11-18),DE
CIK0000105634,EME,EME,EME,105634,2025-09-22,,"EMCOR Group, Inc.",sec_ticker+wiki_current_cik+wiki_snapshot_cik,high,2016-07-28,2026-07-30,,1731,Electrical Work,1231,EME,NYSE,EMCOR GROUP INC (1994-12-22..2019-07-31); JWP INC/DE/ (1994-01-07..1994-11-21),DE
CIK0000105668,WEN,,WEN,105668,1996-01-02,2008-09-30,WENDYS INTERNATIONAL INC,name,high,1994-03-24,2008-08-06,,5812,Retail-Eating  Places,1231,,,,OH
CIK0000105770,WST,WST,WST,105770,2020-05-22,,WEST PHARMACEUTICAL SERVICES INC,sec_ticker+wiki_current_cik+wiki_snapshot_cik,high,2014-11-03,2026-07-23,,3841,Surgical & Medical Instruments & Apparatus,1231,WST,NYSE,WEST CO INC (1994-04-05..1999-02-11),PA
CIK0000106040,WDC,WDC,WDC,106040,2009-07-01,,WESTERN DIGITAL CORP,sec_ticker+wiki_current_cik+wiki_snapshot_cik,high,2001-05-14,2026-08-14,,3572,Computer Storage Devices,0703,WDC,Nasdaq,,DE
CIK0000106413,CBS,,CBS,106413,1996-01-02,2000-05-04,CBS CORP,analyst_hypothesis,medium,1994-03-07,2000-04-28,,4833,Television Broadcasting Stations,1231,,,WESTINGHOUSE ELECTRIC CORP (1994-03-09..1997-02-11),PA
CIK0000106535,WY,WY,WY,106535,1996-01-02,,WEYERHAEUSER CO,sec_ticker+wiki_current_cik+wiki_snapshot_cik,high,1994-03-11,2026-07-31,,6798,Real Estate Investment Trusts,1231,WY,NYSE,,WA
CIK0000106640,WHR,WHR,WHR,106640,1996-01-02,2024-03-18,WHIRLPOOL CORP /DE/,sec_ticker+wiki_snapshot_cik,high,1995-03-17,2026-08-04,,3630,Household Appliances,1231,"WHR,WHR-PA","NYSE,NYSE",,DE
CIK0000107189,WLL,,WLL,107189,1996-01-02,2002-02-11,WILLAMETTE INDUSTRIES INC,analyst_hypothesis,medium,1994-03-21,2002-02-28,,2621,Paper Mills,1231,,,,OR
CIK0000107263,WMB,WMB,WMB,107263,1996-01-02,,"WILLIAMS COMPANIES, INC.",sec_ticker+wiki_current_cik+wiki_snapshot_cik,high,1994-03-29,2026-08-03,,4922,Natural Gas Transmission,1231,WMB,NYSE,WILLIAMS COMPANIES INC (1994-12-16..2019-06-14),DE
CIK0000107681,WNDXQ,,WNDXQ,107681,1996-01-02,2004-12-03,WINN DIXIE STORES INC,analyst_hypothesis,medium,1994-02-03,2012-02-21,,5411,Retail-Grocery Stores,0630,,,,FL
CIK0000108516,WOR,WOR,WOR,108516,1996-01-02,2004-12-20,"WORTHINGTON ENTERPRISES, INC.",name_of_ticker_holder+sec_ticker,medium,1994-01-13,2026-07-30,,3310,"Steel Works, Blast Furnaces & Rolling & Finishing Mills",0531,WOR,NYSE,WORTHINGTON INDUSTRIES INC (1994-02-11..2023-11-20),OH
CIK0000108601,WWY,,WWY,108601,1996-01-02,2008-10-07,WRIGLEY WM JR CO,name,high,1994-03-29,2008-08-05,,2060,Sugar & Confectionery Products,1231,,,WRIGLEY WILLIAM JR CO (1994-03-29..2002-06-25),DE
CIK0000108772,XRX,,XRX,108772,1996-01-02,2021-03-22,XEROX CORP,wiki_snapshot_cik,high,1995-03-30,2026-08-06,,3577,"Computer Peripheral Equipment, NEC",1231,,,,CT
CIK0000109198,TJX,TJX,TJX,109198,1996-01-02,,TJX COMPANIES INC /DE/,sec_ticker+wiki_current_cik+wiki_snapshot_cik,high,1994-04-22,2026-08-28,,5651,Retail-Family Clothing Stores,0201,TJX,NYSE,TJX COMPANIES INC /DE/ (1994-04-22..2026-09-17),DE
CIK0000109380,ZION,ZION,ZION,109380,2001-06-25,2024-03-18,"ZIONS BANCORPORATION, NATIONAL ASSOCIATION /UT/",sec_ticker+wiki_snapshot_cik,high,1994-03-29,2026-08-06,,6021,National Commercial Banks,1231,"ZION,ZIONP","Nasdaq,Nasdaq",ZIONS BANCORPORATION /UT/ (1994-03-29..2018-09-17),UT
CIK0000109758,CEN,,CEN,109758,1996-01-02,2001-04-02,ARBITRON INC,analyst_hypothesis,medium,1994-03-10,2013-08-01,,8700,"Services-Engineering, Accounting, Research, Management",1231,,,CERIDIAN CORP (1994-05-12..2001-03-09),DE
CIK0000110390,UN,,UN,110390,1996-01-02,2002-07-22,UNILEVER N V,analyst_hypothesis,medium,2002-03-28,2020-03-09,CIK filings start after membership start (predecessor registrant not mapped; fundamentals before cik_first_report will be missing),2840,"Soap, Detergents, Cleang Preparations, Perfumes, Cosmetics",1231,,,,
CIK0000200406,JNJ,JNJ,JNJ,200406,1996-01-02,,JOHNSON & JOHNSON,sec_ticker+wiki_current_cik+wiki_snapshot_cik,high,1994-04-01,2026-07-23,,2834,Pharmaceutical Preparations,0103,JNJ,NYSE,JOHNSON & JOHNSON ET AL (1995-10-06..1996-01-23),NJ
CIK0000202058,LHX,LHX,HRS,202058,1996-01-02,,"L3HARRIS TECHNOLOGIES, INC. /DE/",wiki_snapshot_cik,high,1994-02-11,2026-07-30,,3812,"Search, Detection, Navigation, Guidance, Aeronautical Sys",0102,LHX,NYSE,HARRIS CORP /DE/ (1994-09-09..2019-06-25),DE
CIK0000203077,STJ,,STJ,203077,1996-01-02,2017-01-05,"ST JUDE MEDICAL, LLC",wiki_snapshot_cik,high,1994-03-25,2016-11-07,,3845,Electromedical & Electrotherapeutic Apparatus,1231,,,ST JUDE MEDICAL INC (1994-01-04..2017-01-04),DE
CIK0000203527,VAR,,VAR,203527,2007-02-12,2021-04-20,VARIAN MEDICAL SYSTEMS INC,wiki_snapshot_cik,high,1994-02-10,2021-02-09,,3845,Electromedical & Electrotherapeutic Apparatus,1001,,,VARIAN ASSOCIATES INC /DE/ (1994-10-20..1999-04-19),DE
CIK0000205520,KRI,,KRI,205520,1996-01-02,2006-06-28,KNIGHT RIDDER INC,analyst_hypothesis,medium,1994-03-23,2006-05-03,,2711,Newspapers: Publishing or  Publishing & Printing,1226,,,,FL
CIK0000216228,ITT,ITT,ITT,216228,1996-01-02,2011-11-01,ITT INC.,sec_ticker,high,1994-03-25,2026-08-06,,3561,Pumps & Pumping Equipment,1231,ITT,NYSE,ITT CORP (2010-03-09..2016-05-16); ITT Corp (2010-03-09..2016-05-16); ITT INDUSTRIES INC (1995-12-21..2006-06-29),
CIK0000217346,TXT,TXT,TXT,217346,1996-01-02,,TEXTRON INC,sec_ticker+wiki_current_cik+wiki_snapshot_cik,high,1994-03-30,2026-07-28,,3720,Aircraft & Parts,0102,TXT,NYSE,,DE
CIK0000277135,GWW,GWW,GWW,277135,1996-01-02,,"W.W. GRAINGER, INC.",sec_ticker+wiki_current_cik+wiki_snapshot_cik,high,1994-03-28,2026-08-04,,5000,Wholesale-Durable Goods,1231,GWW,NYSE,GRAINGER W W INC (1994-03-24..2019-10-15),IL
CIK0000277948,CSX,CSX,CSX,277948,1996-01-02,,CSX CORP,sec_ticker+wiki_current_cik+wiki_snapshot_cik,high,1994-03-04,2026-07-22,,4011,"Railroads, Line-Haul Operating",1231,CSX,Nasdaq,,VA
CIK0000278352,SBL,,SBL,278352,2000-12-11,2007-01-10,SYMBOL TECHNOLOGIES INC,name,high,1995-03-07,2006-10-31,,3577,"Computer Peripheral Equipment, NEC",1231,,,,DE
CIK0000310158,MRK,MRK,MRK,310158,1996-01-02,,"Merck & Co., Inc.",sec_ticker+wiki_current_cik+wiki_snapshot_cik,high,1995-08-11,2026-08-07,,2834,Pharmaceutical Preparations,1231,MRK,NYSE,Merck & Co. Inc. (2009-11-04..2014-12-09); SCHERING PLOUGH CORP (1994-12-29..2009-10-29),NJ
CIK0000310158.SGP,SGP,,SGP,310158,1996-01-02,2009-11-04,"Merck & Co., Inc.",name,high,1995-08-11,2026-08-07,,2834,Pharmaceutical Preparations,1231,MRK,NYSE,Merck & Co. Inc. (2009-11-04..2014-12-09); SCHERING PLOUGH CORP (1994-12-29..2009-10-29),NJ
CIK0000310522,FNMA,FNMA,FNM,310522,1996-01-02,2008-09-11,FEDERAL NATIONAL MORTGAGE ASSOCIATION FANNIE MAE,name_of_ticker_holder+sec_ticker,medium,2003-03-31,2026-07-29,CIK filings start after membership start (predecessor registrant not mapped; fundamentals before cik_first_report will be missing),6111,Federal & Federally-Sponsored Credit Agencies,1231,"FNMA,FNMFN,FNMAM,FNMAN,FNMAI,FNMAT,FNMAK,FNMAL,FNMFM,FNMAO,FNMAG,FNMFO,FNMAH,FNMAJ,FNMAP,FNMAS","OTC,OTC,OTC,OTC,OTC,OTC,OTC,OTC,OTC,OTC,OTC,OTC,OTC,OTC,OTC,OTC",FEDERAL NATIONAL MORTGAGE ASSOCIATION (1995-01-10..2003-02-13),
CIK0000310569,BUD,,BUD,310569,1996-01-02,2008-11-18,"ANHEUSER-BUSCH COMPANIES, LLC",name,high,1994-03-24,2008-11-06,,2082,Malt Beverages,1231,,,"ANHEUSER-BUSCH COMPANIES, INC. (2004-05-07..2011-07-12); ANHEUSER BUSCH COMPANIES INC (1994-02-11..2004-05-10)",DE
CIK0000310764,SYK,SYK,SYK,310764,2000-12-12,,STRYKER CORP,sec_ticker+wiki_current_cik+wiki_snapshot_cik,high,1994-03-24,2026-07-31,,3841,Surgical & Medical Instruments & Apparatus,1231,SYK,NYSE,,MI
CIK0000311259,EFU,,EFU,311259,1996-01-02,2000-11-02,EASTERN ENTERPRISES,analyst_hypothesis,medium,1994-03-14,2000-11-03,,4924,Natural Gas Distribution,1231,,,,MA
CIK0000313616,DHR,DHR,DHR,313616,1998-11-18,,DANAHER CORP /DE/,sec_ticker+wiki_current_cik+wiki_snapshot_cik,high,1994-03-23,2026-07-21,,3823,"Industrial Instruments For Measurement, Display, and Control",1231,DHR,NYSE,,DE
CIK0000313927,CHD,CHD,CHD,313927,2015-12-29,,CHURCH & DWIGHT CO INC /DE/,sec_ticker+wiki_current_cik+wiki_snapshot_cik,high,2014-08-01,2026-07-31,,2840,"Soap, Detergents, Cleang Preparations, Perfumes, Cosmetics",1231,CHD,NYSE,,DE
CIK0000314132,FLTWQ,,FLTWQ,314132,1996-01-02,2000-01-31,FLEETWOOD ENTERPRISES INC/DE/,analyst_hypothesis,medium,1994-03-03,2009-04-20,,3716,Motor Homes,0426,,,,DE
CIK0000314808,VAL,VAL,ESV,314808,2007-01-04,2016-03-30,Valaris Ltd,wiki_snapshot_cik,high,1995-03-17,2026-08-06,,1381,Drilling Oil & Gas Wells,1231,"VAL,VAL-WT","NYSE,NYSE",Valaris plc (2019-08-05..2021-04-30); Ensco Rowan plc (2019-04-11..2019-08-01); Ensco plc (2010-03-18..2019-03-29); Ensco International plc (2009-12-23..2010-03-31); ENSCO INTERNATIONAL INC (1995-12-04..2009-12-23); ENERGY SERVICE COMPANY INC (1993-12-31..1995-03-28),
CIK0000315189,DE,DE,DE,315189,1996-01-02,,DEERE & CO,sec_ticker+wiki_current_cik+wiki_snapshot_cik,high,1994-01-28,2026-08-27,,3523,Farm Machinery & Equipment,1101,DE,NYSE,,DE
CIK0000315213,RHI,RHI,RHI,315213,2000-12-05,2024-06-24,ROBERT HALF INC.,sec_ticker+wiki_snapshot_cik,high,1994-03-22,2026-08-04,,7363,Services-Help Supply Services,1231,RHI,NYSE,ROBERT HALF INTERNATIONAL INC. (2019-07-23..2023-05-19); HALF ROBERT INTERNATIONAL INC /DE/ (1994-05-09..2019-05-29),DE
CIK0000315293,AON,AON,AOC,315293,1996-04-23,,Aon plc,sec_ticker+wiki_current_cik+wiki_snapshot_cik,high,1995-03-31,2026-07-29,,6411,"Insurance Agents, Brokers & Service",1231,AON,NYSE,AON CORP (1995-11-14..2012-04-02),L2
CIK0000315852,RRC,RRC,RRC,315852,2007-12-21,2018-06-18,RANGE RESOURCES CORP,sec_ticker+wiki_snapshot_cik,high,1995-05-11,2026-07-21,,1311,Crude Petroleum & Natural Gas,1231,RRC,NYSE,LOMAK PETROLEUM INC (1994-03-28..1998-07-16),DE
CIK0000316206,HOT,,HOT,316206,2000-11-17,2016-09-23,"STARWOOD HOTELS & RESORTS WORLDWIDE, LLC",wiki_snapshot_cik,high,1994-05-17,2016-07-29,,7011,Hotels & Motels,1231,,,"STARWOOD HOTEL & RESORTS WORLDWIDE, INC (2012-01-04..2016-09-23); STARWOOD HOTEL & RESORTS WORLDWIDE INC (1998-04-10..2011-12-12); STARWOOD LODGING CORP (1995-05-08..1998-01-26); HOTEL INVESTORS CORP (1994-11-04..1995-02-13)",MD
CIK0000316709,SCHW,SCHW,SCHW,316709,1997-06-02,,SCHWAB CHARLES CORP,sec_ticker+wiki_current_cik+wiki_snapshot_cik,high,1994-03-30,2026-08-07,,6211,"Security Brokers, Dealers & Flotation Companies",1231,"SCHW,SCHW-PD,SCHW-PJ","NYSE,NYSE,NYSE",,DE
CIK0000317093,ANDW,,ANDW,317093,1996-01-02,2006-10-02,ANDREW CORP,analyst_hypothesis,medium,1994-02-14,2007-11-21,,3357,Drawing & Insulating of  Nonferrous Wire,0930,,,,DE
CIK0000317745,GRN,,GRN,317745,1996-01-02,1998-12-22,GENERAL RE CORP,name,high,1995-03-10,1998-11-16,,6331,"Fire, Marine & Casualty Insurance",1231,,,,DE
CIK0000317771,TLAB,,TLAB,317771,1996-01-02,2011-12-21,TELLABS INC,name,high,1995-03-27,2013-10-31,,3661,Telephone & Telegraph Apparatus,1229,,,,DE
CIK0000318154,AMGN,AMGN,AMGN,318154,1996-01-02,,AMGEN INC,sec_ticker+wiki_current_cik+wiki_snapshot_cik,high,1994-05-12,2026-08-05,,2836,"Biological Products, (No Diagnostic Substances)",1231,AMGN,Nasdaq,,DE
CIK0000319201,KLAC,KLAC,KLAC,319201,1997-09-15,,KLA CORP,sec_ticker+wiki_current_cik+wiki_snapshot_cik,high,1994-02-14,2026-08-06,,3827,Optical Instruments & Lenses,0630,KLAC,Nasdaq,KLA TENCOR CORP (1997-09-10..2019-07-03); KLA INSTRUMENTS CORP (1994-01-26..1997-02-11),DE
CIK0000319256,S,,S,319256,1996-01-02,2005-03-28,SEARS ROEBUCK & CO,analyst_hypothesis,medium,1995-03-24,2005-02-24,,5311,Retail-Department Stores,0128,,,,NY
CIK0000320187,NKE,NKE,NKE,320187,1996-01-02,,"NIKE, Inc.",sec_ticker+wiki_current_cik+wiki_snapshot_cik,high,1995-01-17,2026-07-15,,3021,Rubber & Plastics Footwear,0531,NKE,NYSE,NIKE INC (1995-01-20..2019-08-05),OR
CIK0000320193,AAPL,AAPL,AAPL,320193,1996-01-02,,Apple Inc.,sec_ticker+wiki_current_cik+wiki_snapshot_cik,high,1994-01-26,2026-07-31,,3571,Electronic Computers,0926,AAPL,Nasdaq,APPLE INC (2007-01-10..2019-08-05); APPLE COMPUTER INC (1994-01-26..2007-01-04); APPLE COMPUTER INC/ FA (1997-07-28..1997-07-28),CA
CIK0000320335,GL,GL,TMK,320335,1996-01-02,,GLOBE LIFE INC.,wiki_snapshot_cik,high,2018-05-07,2026-08-05,CIK filings start after membership start (predecessor registrant not mapped; fundamentals before cik_first_report will be missing),6311,Life Insurance,1231,"GL,GL-PD","NYSE,NYSE",TORCHMARK CORP (1994-02-22..2019-08-02),DE
CIK0000350563,TE,,TE,350563,2001-10-10,2016-07-01,TECO ENERGY INC,wiki_snapshot_cik,high,1995-03-29,2016-11-08,,4911,Electric Services,1231,,,,FL
CIK0000350698,AN,AN,AN,350698,2003-02-24,2017-08-08,"AUTONATION, INC.",sec_ticker+wiki_snapshot_cik,high,1995-08-14,2026-07-31,,5500,Retail-Auto Dealers & Gasoline Stations,1231,AN,NYSE,AUTONATION INC /FL (1999-06-04..2009-08-06); REPUBLIC INDUSTRIES INC (1995-12-22..1999-02-16); REPUBLIC WASTE INDUSTRIES INC (1995-10-31..1995-09-21),DE
CIK0000351346,BMET,,BMET,351346,1996-01-02,2007-07-12,BIOMET INC,name,high,1994-04-12,2015-04-14,,3842,"Orthopedic, Prosthetic & Surgical Appliances & Supplies",0531,,,,IN
CIK0000352363,LIZ,,LIZ,352363,1996-01-02,2008-12-02,Kate Spade & Co,analyst_hypothesis+name,high,1994-03-24,2017-05-01,,2330,"Women's, Misses':  and Juniors Outerwear",0630,,,"Fifth & Pacific Companies, Inc. (2012-04-02..2014-02-25); CLAIBORNE LIZ INC (1994-09-12..2012-05-10)",DE
CIK0000352510,NFB,,NFB,352510,2002-07-17,2006-12-01,NORTH FORK BANCORPORATION INC,analyst_hypothesis,medium,1994-03-18,2006-11-09,,6022,State Commercial Banks,1231,,,,DE
CIK0000352541,LNT,LNT,LNT,352541,2016-07-01,,ALLIANT ENERGY CORP,sec_ticker+wiki_current_cik+wiki_snapshot_cik,high,2014-02-25,2026-07-31,,4931,Electric & Other Services Combined,1231,LNT,Nasdaq,ALLIANT ENERGY CORP (1999-12-15..2026-08-21); INTERSTATE ENERGY CORP (1998-05-27..1999-05-13); WPL HOLDINGS INC (1994-11-14..1998-02-23),WI
CIK0000352915,UHS,UHS,UHS,352915,2014-09-22,,UNIVERSAL HEALTH SERVICES INC,sec_ticker+wiki_current_cik+wiki_snapshot_cik,high,2010-11-05,2026-08-07,,8062,"Services-General Medical & Surgical Hospitals, NEC",1231,UHS,NYSE,,DE
CIK0000352947,EC,,EC,352947,1996-01-02,2006-06-06,ENGELHARD CORP,analyst_hypothesis,medium,1994-03-28,2006-05-09,,2810,Industrial Inorganic Chemicals,1231,,,,DE
CIK0000353944,IGT,,IGT,353944,2001-09-04,2014-06-20,INTERNATIONAL GAME TECHNOLOGY,wiki_snapshot_cik,high,1993-12-23,2015-02-09,,3990,Miscellaneous Manufacturing Industries,0927,,,,NV
CIK0000354190,AJG,AJG,AJG,354190,2016-05-31,,Arthur J. Gallagher & Co.,sec_ticker+wiki_current_cik+wiki_snapshot_cik,high,1995-03-14,2026-08-05,,6411,"Insurance Agents, Brokers & Service",1231,AJG,NYSE,GALLAGHER ARTHUR J & CO (1994-01-25..2019-08-14),DE
CIK0000354908,FLIR,,FLIR,354908,2009-01-02,2021-05-14,"Teledyne FLIR, LLC",wiki_snapshot_cik,high,1996-05-15,2021-05-06,,3812,"Search, Detection, Navigation, Guidance, Aeronautical Sys",1231,,,FLIR SYSTEMS INC (1996-08-14..2021-05-14),DE
CIK0000354950,HD,HD,HD,354950,1996-01-02,,"HOME DEPOT, INC.",sec_ticker+wiki_current_cik+wiki_snapshot_cik,high,1994-04-22,2026-08-25,,5211,Retail-Lumber & Other Building Materials Dealers,0131,HD,NYSE,HOME DEPOT INC (1994-06-06..2019-07-01),DE
CIK0000354952,SEG,,SEG,354952,1996-08-16,2000-11-22,VERITAS SOFTWARE TECHNOLOGY CORP,analyst_hypothesis,medium,1994-01-20,2000-11-03,,3572,Computer Storage Devices,0628,,,SEAGATE TECHNOLOGY INC (1994-08-04..2000-11-08),DE
CIK0000354964,HI,,HI,354964,1996-01-02,2003-03-31,HSBC Finance Corp,analyst_hypothesis,medium,1994-03-28,2017-10-30,,6141,Personal Credit Institutions,1231,,,HOUSEHOLD INTERNATIONAL INC (1994-02-01..2004-12-15),DE
CIK0000356028,CA,,CA,356028,1996-01-02,2018-11-06,"CA, INC.",wiki_snapshot_cik,high,1994-02-08,2018-11-07,,7372,Services-Prepackaged Software,0331,,,COMPUTER ASSOCIATES INTERNATIONAL INC (1994-06-22..2006-02-01),DE
CIK0000357261,FPC,,FPC,357261,1999-06-22,2000-12-01,FLORIDA PROGRESS CORP,analyst_hypothesis,medium,1994-03-25,2005-08-05,,4911,Electric Services,1231,,,FLORIDA PROGRESS CORP / (1995-10-24..1996-02-28),FL
CIK0000701985,BBWI,BBWI,LTD,701985,1996-01-02,2024-10-01,"Bath & Body Works, Inc.",wiki_snapshot_cik,high,2014-03-21,2026-08-26,CIK filings start after membership start (predecessor registrant not mapped; fundamentals before cik_first_report will be missing),5990,"Retail-Retail Stores, NEC",0130,BBWI,NYSE,"L Brands, Inc. (2013-04-02..2021-07-30); LIMITED BRANDS INC (2002-06-17..2013-03-22); LIMITED INC (1994-06-13..2002-06-12)",DE
CIK0000702165,NSC,NSC,NSC,702165,1996-01-02,,NORFOLK SOUTHERN CORP,sec_ticker+wiki_current_cik+wiki_snapshot_cik,high,1994-03-28,2026-07-23,,4011,"Railroads, Line-Haul Operating",1231,NSC,NYSE,,VA
CIK0000703360,LSI,,LSI,703360,1996-01-02,2014-05-07,LSI CORP,name,high,1994-03-07,2014-05-01,,3674,Semiconductors & Related Devices,1231,,,LSI LOGIC CORP (1994-02-14..2007-04-05),DE
CIK0000704051,LM,,LM,704051,2006-04-24,2016-12-02,"LEGG MASON, INC.",wiki_snapshot_cik,high,1994-02-14,2020-07-31,,6282,Investment Advice,0331,,,LEGG MASON INC (1994-02-14..2011-06-01),MD
CIK0000706539,CHIR,,CHIR,706539,2000-11-24,2006-04-20,CHIRON CORP,analyst_hypothesis,medium,1995-03-17,2006-03-16,,2834,Pharmaceutical Preparations,1231,,,,DE
CIK0000707549,LRCX,LRCX,LRCX,707549,2012-06-05,,LAM RESEARCH CORP,sec_ticker+wiki_current_cik+wiki_snapshot_cik,high,1995-05-15,2026-08-07,,3559,"Special Industry Machinery, NEC",0628,LRCX,Nasdaq,,DE
CIK0000708819,MDR,,MDR,708819,1996-01-02,2003-08-20,MCDERMOTT INTERNATIONAL INC,analyst_hypothesis,medium,1994-02-01,2020-05-08,,3443,Fabricated Plate Work (Boiler Shops),1231,,,,R1
CIK0000709519,JAVA,,SUNW,709519,1996-01-02,2010-01-27,"SUN MICROSYSTEMS, INC.",name,high,1994-02-08,2009-11-06,,3571,Electronic Computers,0630,,,SUN MICROSYSTEMS INC (1994-04-01..2005-02-14),DE
CIK0000709804,SXCL,,SXCL,709804,1999-10-01,2001-05-14,Steel Excel Inc.,analyst_hypothesis,medium,1995-02-08,2016-04-21,,1389,"Oil & Gas Field Services, NEC",1231,,,ADPT Corp (2009-09-15..2011-09-29); ADAPTEC INC (1994-12-09..2010-06-22),DE
CIK0000710976,NMK,,NMK,710976,1996-01-02,2002-02-01,NIAGARA CORP,analyst_hypothesis,medium,1996-08-14,2004-04-27,,3317,Steel Pipe & Tubes,1231,,,,DE
CIK0000711065,AMCC,,AMCC,711065,2001-01-02,2006-05-18,APPLIED MICRO CIRCUITS CORP,analyst_hypothesis,medium,1998-02-17,2016-11-02,,3674,Semiconductors & Related Devices,0331,,,,DE
CIK0000711404,COO,COO,"CBE,COO",711404,1996-01-02,,"COOPER COMPANIES, INC.",sec_ticker+wiki_current_cik+wiki_snapshot_cik,high,1994-01-28,2026-09-09,,3851,Ophthalmic Goods,1031,COO,Nasdaq,COOPER COMPANIES INC (1994-08-01..2019-06-26),DE
CIK0000712515,EA,,ERTS,712515,2002-07-22,2026-08-05,ELECTRONIC ARTS INC.,wiki_snapshot_cik,high,1995-02-13,2026-08-03,,7372,Services-Prepackaged Software,0331,EA,Nasdaq,ELECTRONIC ARTS INC (1994-09-08..2007-09-05),DE
CIK0000713676,PNC,PNC,PNC,713676,1996-01-02,,"PNC FINANCIAL SERVICES GROUP, INC.",sec_ticker+wiki_current_cik+wiki_snapshot_cik,high,1994-03-17,2026-08-05,,6021,National Commercial Banks,1231,PNC,NYSE,PNC FINANCIAL SERVICES GROUP INC (2000-06-27..2011-11-10); PNC BANK CORP (1994-02-14..2000-02-11),PA
CIK0000714154,CPQ,,CPQ,714154,1996-01-02,2002-05-06,COMPAQ COMPUTER CORP,analyst_hypothesis,medium,1994-02-24,2002-04-24,,3570,Computer & office Equipment,1231,,,,DE
CIK0000714655,BGEN,,BGEN,714655,2000-01-31,2003-11-13,BIOGEN IDEC MA INC,analyst_hypothesis,medium,1994-03-30,2003-10-28,,2836,"Biological Products, (No Diagnostic Substances)",1231,,,BIOGEN INC (1994-04-21..2005-04-25),MA
CIK0000715096,CBH,,CBH,715096,2006-06-06,2008-03-31,COMMERCE BANCORP INC /NJ/,name,high,1995-03-30,2008-03-14,,6021,National Commercial Banks,1231,,,,NJ
CIK0000715957,D,D,D,715957,1996-01-02,,"DOMINION ENERGY, INC",sec_ticker+wiki_current_cik+wiki_snapshot_cik,high,1995-03-08,2026-07-31,,4911,Electric Services,1231,D,NYSE,DOMINION ENERGY INC /VA/ (2017-05-15..2019-10-03); DOMINION RESOURCES INC /VA/ (1995-02-21..2017-05-15),VA
CIK0000716039,UCL,,UCL,716039,1996-01-02,2005-08-11,UNOCAL CORP,analyst_hypothesis,medium,1994-03-31,2005-08-04,,1311,Crude Petroleum & Natural Gas,0901,,,UNOCAL CORP/DE (1994-02-11..1994-02-14),DE
CIK0000716823,MZIAQ,,MZIAQ,716823,1996-01-02,2000-06-29,MI 2009 Inc.,analyst_hypothesis,medium,1994-03-29,2008-11-06,,3559,"Special Industry Machinery, NEC",1231,,,MILACRON INC (1998-11-16..2009-08-31); CINCINNATI MILACRON INC /DE/ (1994-01-24..1998-06-16),DE
CIK0000717423,MUR,MUR,MUR,717423,2005-08-15,2017-07-26,MURPHY OIL CORP,sec_ticker+wiki_snapshot_cik,high,1994-03-29,2026-08-05,,1311,Crude Petroleum & Natural Gas,1231,MUR,NYSE,MURPHY OIL CORP /DE (1994-02-14..2019-07-12),DE
CIK0000718877,ATVI,,ATVI,718877,2015-08-31,2023-10-18,"Activision Blizzard, Inc.",wiki_snapshot_cik,high,2012-05-09,2023-07-31,,7372,Services-Prepackaged Software,1231,,,ACTIVISION INC /NY (1995-08-15..2008-07-07),DE
CIK0000719241,CNC,,CNC,719241,1997-01-15,2002-07-25,CONSECO INC,analyst_hypothesis,medium,1994-03-31,2003-08-14,,6321,Accident & Health Insurance,1231,,,CONSECO INC ET AL (1995-09-26..1997-01-15),IN
CIK0000719529,IMNX,,IMNX,719529,2001-09-21,2002-07-16,IMMUNEX CORP /DE/,analyst_hypothesis,medium,1995-03-20,2002-05-09,,2836,"Biological Products, (No Diagnostic Substances)",1231,,,,WA
CIK0000719739,SIVB,,SIVB,719739,2018-03-19,2023-03-15,SVB FINANCIAL GROUP,wiki_snapshot_cik,high,2016-05-10,2023-02-24,,6022,State Commercial Banks,1231,,,SILICON VALLEY BANCSHARES (1995-04-13..2005-05-24),DE
CIK0000719955,WSM,WSM,WSM,719955,2025-03-24,,WILLIAMS SONOMA INC,sec_ticker+wiki_current_cik+wiki_snapshot_cik,high,2015-06-12,2026-08-28,,5700,"Retail-Home Furniture, Furnishings & Equipment Stores",0131,WSM,NYSE,,DE
CIK0000720005,RJF,RJF,RJF,720005,2017-03-20,,RAYMOND JAMES FINANCIAL INC,sec_ticker+wiki_current_cik+wiki_snapshot_cik,high,2005-08-03,2026-08-05,,6211,"Security Brokers, Dealers & Flotation Companies",0930,RJF,NYSE,,FL
CIK0000721083,SII,,SII,721083,2006-10-02,2010-08-27,SMITH INTERNATIONAL INC,name,high,1994-03-22,2010-08-06,,3533,Oil & Gas Field Machinery & Equipment,1231,,,,DE
CIK0000721371,CAH,CAH,CAH,721371,1997-05-27,,CARDINAL HEALTH INC,sec_ticker+wiki_current_cik+wiki_snapshot_cik,high,1994-02-09,2026-08-11,,5122,"Wholesale-Drugs, Proprietaries & Druggists' Sundries",0630,CAH,NYSE,CARDINAL HEALTH INC (1994-08-19..2026-09-21); CARDINAL DISTRIBUTION INC (1994-02-16..1994-02-17),OH
CIK0000721683,TSS,,TSS,721683,2008-01-02,2019-09-23,TOTAL SYSTEM SERVICES INC,wiki_snapshot_cik,high,1995-05-15,2019-07-31,,7389,"Services-Business Services, NEC",1231,,,,GA
CIK0000722056,RATL,,RATL,722056,2002-02-01,2003-02-21,RATIONAL SOFTWARE CORP,analyst_hypothesis,medium,1996-07-23,2003-02-11,,7372,Services-Prepackaged Software,0331,,,,DE
CIK0000723125,MU,MU,MU,723125,1996-01-02,,MICRON TECHNOLOGY INC,sec_ticker+wiki_current_cik+wiki_snapshot_cik,high,1994-03-22,2026-06-25,,3674,Semiconductors & Related Devices,0903,MU,Nasdaq,,DE
CIK0000723254,CTAS,CTAS,CTAS,723254,2001-03-01,,CINTAS CORP,sec_ticker+wiki_current_cik+wiki_snapshot_cik,high,1994-01-12,2026-07-29,,2320,"Men's & Boys' Furnishgs, Work Clothg, & Allied Garments",0531,CTAS,Nasdaq,,WA
CIK0000723527,WCOEQ,,WCOEQ,723527,1996-04-01,2002-05-15,MCI INC,analyst_hypothesis,medium,1995-03-30,2006-01-05,,4813,Telephone Communications (No Radiotelephone),1231,,,WORLDCOM INC (2002-04-04..2004-04-20); WORLDCOM INC/GA// (2000-11-06..2002-05-28); MCI WORLDCOM INC (1998-12-23..2000-04-12); WORLDCOM INC /GA/ (1997-10-09..1998-08-07); WORLDCOM INC /MS/ (1995-08-14..1997-01-15); LDDS COMMUNICATIONS INC /GA/ (1994-11-28..1995-05-15),DE
CIK0000723531,PAYX,PAYX,PAYX,723531,1998-10-01,,PAYCHEX INC,sec_ticker+wiki_current_cik+wiki_snapshot_cik,high,1995-03-24,2026-09-24,,8700,"Services-Engineering, Accounting, Research, Management",0531,PAYX,Nasdaq,,DE
CIK0000723612,CAR,CAR,CAR,723612,1996-01-02,2006-08-01,"AVIS BUDGET GROUP, INC.",name_of_ticker_holder+sec_ticker,medium,1995-09-05,2026-07-29,,7510,Services-Auto Rental & Leasing (No Drivers),1231,CAR,Nasdaq,CENDANT CORP (1997-12-23..2006-08-30); CUC INTERNATIONAL INC /DE/ (1995-02-09..1997-12-17),DE
CIK0000726513,TRB,,TRB,726513,1996-01-02,2007-12-21,TRIBUNE MEDIA CO,name,high,1994-03-23,2019-08-09,,4833,Television Broadcasting Stations,1231,,,TRIBUNE CO (1994-03-28..2014-07-21),DE
CIK0000726728,O,O,O,726728,2015-04-07,,REALTY INCOME CORP,sec_ticker+wiki_current_cik+wiki_snapshot_cik,high,1995-11-14,2026-08-06,,6798,Real Estate Investment Trusts,1231,O,NYSE,,MD
CIK0000726958,CASY,CASY,CASY,726958,2026-04-09,,CASEYS GENERAL STORES INC,sec_ticker+wiki_current_cik+wiki_snapshot_cik,high,2011-06-28,2026-09-08,,5500,Retail-Auto Dealers & Gasoline Stations,0430,CASY,Nasdaq,,IA
CIK0000728535,JBHT,JBHT,JBHT,728535,2015-07-01,,HUNT J B TRANSPORT SERVICES INC,sec_ticker+wiki_current_cik+wiki_snapshot_cik,high,1994-03-31,2026-07-24,,4213,Trucking (No Local),1231,JBHT,Nasdaq,,AR
CIK0000730464,CVSA,CVSA,DV,730464,2009-06-09,2012-10-01,Covista Inc.,name,high,1996-09-24,2026-08-06,,8200,Services-Educational Services,0630,CVSA,NYSE,Adtalem Global Education Inc. (2017-05-30..2026-01-28); Adtalem Global Education (2017-05-24..2017-05-24); DEVRY EDUCATION GROUP INC. (2013-11-07..2017-05-15); DEVRY EDUCATION GROUP (2013-11-05..2013-11-05); DEVRY INC (1995-02-10..2013-11-05),DE
CIK0000731766,UNH,UNH,UNH,731766,1996-01-02,,UNITEDHEALTH GROUP INC,sec_ticker+wiki_current_cik+wiki_snapshot_cik,high,1995-03-28,2026-08-10,,6324,Hospital & Medical Service Plans,1231,UNH,NYSE,UNITED HEALTHCARE CORP (1995-04-04..2000-02-14),DE
CIK0000731802,ATO,ATO,ATO,731802,2019-02-15,,ATMOS ENERGY CORP,sec_ticker+wiki_current_cik+wiki_snapshot_cik,high,2015-02-03,2026-08-05,,4924,Natural Gas Distribution,0930,ATO,NYSE,,TX
CIK0000731939,TIN,,TIN,731939,1996-01-02,2007-12-31,TEMPLE INLAND INC,name,high,1994-03-21,2011-11-07,,2631,Paperboard Mills,1231,,,,DE
CIK0000732485,GENZ,,GENZ,732485,2001-12-14,2011-04-04,GENZYME CORP,name,high,1995-05-12,2011-03-24,,2836,"Biological Products, (No Diagnostic Substances)",1231,,,,MA
CIK0000732712,VZ,VZ,VZ,732712,1996-01-02,,VERIZON COMMUNICATIONS INC,sec_ticker+wiki_current_cik+wiki_snapshot_cik,high,1994-03-31,2026-07-31,,4813,Telephone Communications (No Radiotelephone),1231,VZ,NYSE,BELL ATLANTIC CORP (1994-06-30..2000-09-13),DE
CIK0000732713,BLS,,BLS,732713,1996-01-02,2007-01-03,BELLSOUTH CORP,analyst_hypothesis,medium,1994-03-30,2006-11-01,,4813,Telephone Communications (No Radiotelephone),1231,,,,GA
CIK0000732717,T,T,T,732717,1996-01-02,,AT&T INC.,sec_ticker+wiki_current_cik+wiki_snapshot_cik,high,1994-03-18,2026-07-22,,4813,Telephone Communications (No Radiotelephone),1231,"T,TBB,T-PA,T-PC","NYSE,NYSE,NYSE,NYSE",SBC COMMUNICATIONS INC (1995-05-26..2005-11-18); SOUTHWESTERN BELL CORP (1994-06-24..1995-04-26),DE
CIK0000732718,UMG,,UMG,732718,1996-01-02,2000-06-15,COMCAST MO GROUP INC,analyst_hypothesis,medium,1994-03-17,2000-05-12,,4813,Telephone Communications (No Radiotelephone),1231,,,MEDIAONE GROUP INC (1998-10-26..2002-10-04); MEDIA ONE GROUP INC (1998-07-31..1998-07-22); US WEST INC (1994-01-27..1998-04-20),DE
CIK0000736260,JHF,,JHF,736260,2001-06-29,2004-04-29,HANCOCK JOHN FINANCIAL SERVICES INC,analyst_hypothesis,medium,2000-03-24,2005-05-10,,6311,Life Insurance,1231,,,,
CIK0000738076,COMS,,COMS,738076,1996-01-02,2000-07-28,3COM CORP,analyst_hypothesis,medium,1994-01-14,2010-04-06,,3576,Computer Communications Equipment,0529,,,,DE
CIK0000739708,CCU,,CCU,739708,1997-09-02,2008-07-31,"iHeartCommunications, Inc.",name,high,1995-03-30,2018-05-03,,4832,Radio Broadcasting Stations,1231,,,CLEAR CHANNEL COMMUNICATIONS INC (1994-02-14..2014-09-10),TX
CIK0000740112,CE,,CE,740112,2001-04-02,2004-02-27,CONCORD EFS INC,analyst_hypothesis,medium,1995-05-11,2003-11-07,,6099,"Functions Related To Depository Banking, NEC",1231,,,,DE
CIK0000740260,VTR,VTR,VTR,740260,2009-03-04,,"Ventas, Inc.",sec_ticker+wiki_current_cik+wiki_snapshot_cik,high,2005-07-28,2026-07-30,,6798,Real Estate Investment Trusts,1231,VTR,NYSE,VENTAS INC (1998-11-19..2019-06-25); VENCOR INC (1994-12-08..1998-02-10),DE
CIK0000743316,MXIM,,MXIM,743316,2000-05-10,2021-08-30,MAXIM INTEGRATED PRODUCTS INC,wiki_snapshot_cik,high,1995-02-14,2021-09-07,,3674,Semiconductors & Related Devices,0626,,,,DE
CIK0000743872,HM,,HM,743872,1996-01-02,2001-12-17,HOMESTAKE MINING CO /DE/,analyst_hypothesis,medium,1994-03-30,2001-11-14,,1040,Gold and Silver Ores,1231,,,,DE
CIK0000743988,XLNX,,XLNX,743988,1999-11-08,2022-02-15,XILINX INC,wiki_snapshot_cik,high,1996-06-27,2022-01-27,,3674,Semiconductors & Related Devices,0402,,,"XILINX, INCORPORATED (1994-12-09..1994-12-09)",DE
CIK0000745732,ROST,ROST,ROST,745732,2009-12-21,,"ROSS STORES, INC.",sec_ticker+wiki_current_cik+wiki_snapshot_cik,high,1994-04-28,2026-09-01,,5651,Retail-Family Clothing Stores,0201,ROST,Nasdaq,ROSS STORES INC (1994-02-14..2019-07-15),DE
CIK0000746515,EXPD,EXPD,EXPD,746515,2007-10-10,,EXPEDITORS INTERNATIONAL OF WASHINGTON INC,sec_ticker+wiki_current_cik+wiki_snapshot_cik,high,1995-05-11,2026-08-05,,4731,Arrangement of  Transportation of  Freight & Cargo,1231,EXPD,NYSE,,WA
CIK0000746838,UIS,UIS,UIS,746838,1996-01-02,2008-11-11,UNISYS CORP,sec_ticker,high,1994-03-29,2026-07-30,,7373,Services-Computer Integrated Systems Design,1231,UIS,NYSE,,DE
CIK0000746969,OK,,OK,746969,1999-12-02,2001-04-02,OLD KENT FINANCIAL CORP /MI/,analyst_hypothesis,medium,1994-03-29,2000-11-14,,6022,State Commercial Banks,1231,,,,MI
CIK0000749251,IT,IT,IT,749251,2017-04-05,,GARTNER INC,sec_ticker+wiki_current_cik+wiki_snapshot_cik,high,2010-08-09,2026-08-04,,8741,Services-Management Services,1231,IT,NYSE,GARTNER GROUP INC (1996-06-11..2001-02-08),DE
CIK0000750556,STI,,STI,750556,1996-01-02,2019-12-09,SUNTRUST BANKS INC,wiki_snapshot_cik,high,1995-02-22,2019-10-31,,6021,National Commercial Banks,1231,,,,GA
CIK0000751652,STR,,STR,751652,2006-12-01,2010-07-01,DOMINION QUESTAR CORP,name,high,1994-03-25,2016-08-04,,4923,Natural Gas Transmisison & Distribution,1231,,,QUESTAR CORP (1994-02-28..2016-09-19),UT
CIK0000753308,NEE,NEE,FPL,753308,1996-01-02,,NEXTERA ENERGY INC,sec_ticker+wiki_current_cik+wiki_snapshot_cik,high,1994-03-22,2026-07-24,,4911,Electric Services,1231,"NEE,NEE-PN,NEE-PS,NEE-PT,NEE-PU,NEE-PV,NEE-PW","NYSE,NYSE,NYSE,NYSE,NYSE,NYSE,NYSE",FPL GROUP INC (1994-02-28..2010-05-21),FL
CIK0000754737,SCG,,SCG,754737,2009-01-02,2019-01-02,SCANA CORP,wiki_snapshot_cik,high,2005-02-28,2019-02-28,,4931,Electric & Other Services Combined,1231,,,,SC
CIK0000756894,B,B,ABX,756894,1996-01-02,2002-07-22,BARRICK MINING CORP,analyst_hypothesis,medium,2002-04-29,2026-02-27,CIK filings start after membership start (predecessor registrant not mapped; fundamentals before cik_first_report will be missing),1040,Gold and Silver Ores,1231,B,NYSE,BARRICK GOLD CORP (2001-11-09..2025-04-29),A1
CIK0000758004,NOVL,,NOVL,758004,1996-01-02,2011-04-28,NOVELL INC,name,high,1994-01-27,2011-08-23,,7372,Services-Prepackaged Software,1031,,,,DE
CIK0000759944,CFG,CFG,CFG,759944,2016-02-01,,CITIZENS FINANCIAL GROUP INC/RI,sec_ticker+wiki_current_cik+wiki_snapshot_cik,high,2014-11-14,2026-08-03,,6022,State Commercial Banks,1231,"CFG,CFG-PE,CFG-PH,CFG-PI","NYSE,NYSE,NYSE,NYSE",CITIZENS FINANCIAL GROUP INC/DE (1999-07-01..2000-02-08),DE
CIK0000764065,CLF,CLF,CLF,764065,2009-12-21,2014-04-02,CLEVELAND-CLIFFS INC.,sec_ticker,high,2004-04-29,2026-07-23,,1000,Metal Mining,1231,CLF,NYSE,CLIFFS NATURAL RESOURCES INC. (2008-09-03..2017-08-14); CLEVELAND CLIFFS INC (1994-03-25..2008-10-15),OH
CIK0000764180,MO,MO,MO,764180,1996-01-02,,"ALTRIA GROUP, INC.",sec_ticker+wiki_current_cik+wiki_snapshot_cik,high,1994-03-16,2026-07-30,,2111,Cigarettes,1231,MO,NYSE,ALTRIA GROUP INC (2003-01-29..2006-02-07); PHILIP MORRIS COMPANIES INC (1994-04-13..2003-01-02),VA
CIK0000764478,BBY,BBY,BBY,764478,1999-06-30,,BEST BUY CO INC,sec_ticker+wiki_current_cik+wiki_snapshot_cik,high,1994-01-06,2026-09-04,,5731,"Retail-Radio, Tv & Consumer Electronics Stores",0130,BBY,NYSE,,MN
CIK0000764622,PNW,PNW,PNW,764622,1999-10-04,,PINNACLE WEST CAPITAL CORP,sec_ticker+wiki_current_cik+wiki_snapshot_cik,high,1994-03-31,2026-08-04,,4911,Electric Services,1231,PNW,NYSE,,AZ
CIK0000764762,LDG,,LDG,764762,1996-01-02,2001-07-02,LONGS DRUG STORES CORP,analyst_hypothesis,medium,1994-04-15,2008-08-27,,5912,Retail-Drug Stores and Proprietary Stores,0128,,,,MD
CIK0000765880,DOC,DOC,HCP,765880,2008-03-31,,"HEALTHPEAK PROPERTIES, INC.",wiki_snapshot_cik,high,2014-08-05,2026-08-05,CIK filings start after membership start (predecessor registrant not mapped; fundamentals before cik_first_report will be missing),6798,Real Estate Investment Trusts,1231,DOC,NYSE,"HCP, INC. (2007-09-20..2019-10-01); HEALTH CARE PROPERTY INVESTORS INC (1994-03-28..2007-09-10)",MD
CIK0000766421,ALK,ALK,ALK,766421,2016-05-13,2023-12-18,"ALASKA AIR GROUP, INC.",sec_ticker+wiki_snapshot_cik,high,1994-02-08,2026-08-04,,4512,"Air Transportation, Scheduled",1231,ALK,NYSE,ALASKA AIR GROUP INC (1994-02-15..2012-05-18),DE
CIK0000766704,WELL,WELL,WELL,766704,2009-01-30,,WELLTOWER INC.,sec_ticker+wiki_current_cik+wiki_snapshot_cik,high,1994-04-29,2026-07-28,,6798,Real Estate Investment Trusts,1231,WELL,NYSE,HEALTH CARE REIT INC /DE/ (1994-04-29..2015-09-25),DE
CIK0000767920,PMCS,,PMCS,767920,2001-08-03,2007-07-02,PMC SIERRA INC,name,high,1996-05-15,2015-11-03,,3674,Semiconductors & Related Devices,1226,,,SIERRA SEMICONDUCTOR CORP (1995-08-10..1997-03-28); SIERRA SEMICONDUCTOR CORPORATION (1995-04-19..1995-04-19),DE
CIK0000768251,ALTR,,ALTR,768251,2000-04-18,2015-12-28,ALTERA CORP,wiki_snapshot_cik,high,1995-03-30,2015-10-22,,3674,Semiconductors & Related Devices,1231,,,,DE
CIK0000768835,BIG,,BIG,768835,1998-01-20,2013-02-14,FORMER BL STORES INC,name,high,1994-04-21,2024-09-12,,5331,Retail-Variety Stores,0131,,,BIG LOTS INC (2001-06-29..2025-09-12); CONSOLIDATED STORES CORP /DE/ (1994-12-06..2001-03-13),OH
CIK0000769397,ADSK,ADSK,ADSK,769397,1996-01-02,,"Autodesk, Inc.",sec_ticker+wiki_current_cik+wiki_snapshot_cik,high,1994-06-14,2026-08-28,,7372,Services-Prepackaged Software,0131,ADSK,Nasdaq,AUTODESK INC (1994-09-14..2019-09-25),DE
CIK0000770949,RBK,,RBK,770949,1996-01-02,2006-02-01,REEBOK INTERNATIONAL LTD,analyst_hypothesis,medium,1994-02-15,2005-12-16,,3021,Rubber & Plastics Footwear,1231,,,,MA
CIK0000773840,HON,HON,HON,773840,1996-01-02,,HONEYWELL INTERNATIONAL INC,sec_ticker+wiki_current_cik+wiki_snapshot_cik,high,1994-03-15,2026-07-24,,3724,Aircraft Engines & Engine Parts,1231,HON,Nasdaq,ALLIEDSIGNAL INC (1994-11-07..1999-11-12); ALLIED SIGNAL INC (1994-06-23..1994-08-15),DE
CIK0000773910,APC,,APC,773910,1997-07-28,2019-08-09,ANADARKO PETROLEUM CORP,wiki_snapshot_cik,high,1994-03-18,2019-07-30,,1311,Crude Petroleum & Natural Gas,1231,,,,DE
CIK0000774203,WB,,WB,774203,1996-01-02,2001-09-04,WACHOVIA CORP/ NC,analyst_hypothesis,medium,1994-03-28,2001-08-13,,6021,National Commercial Banks,1231,,,,NC
CIK0000775483,ARC,,ARC,775483,1996-01-02,2000-04-18,ATLANTIC RICHFIELD CO /DE,analyst_hypothesis,medium,1994-03-02,2001-03-30,,2911,Petroleum Refining,1231,,,,DE
CIK0000777001,BSC,,BSC,777001,1998-07-01,2008-06-02,BEAR STEARNS COMPANIES INC,name,high,1996-05-13,2008-04-14,,6211,"Security Brokers, Dealers & Flotation Companies",1130,,,,DE
CIK0000779152,JKHY,JKHY,JKHY,779152,2018-11-13,,JACK HENRY & ASSOCIATES INC,sec_ticker+wiki_current_cik+wiki_snapshot_cik,high,2007-08-30,2026-08-28,,7373,Services-Computer Integrated Systems Design,0630,JKHY,Nasdaq,HENRY JACK & ASSOCIATES INC (1995-11-14..2023-03-16),DE
CIK0000783280,DRE,,DRE,783280,2017-07-26,2022-10-03,DUKE REALTY CORP,wiki_snapshot_cik,high,2013-02-22,2022-08-08,,6798,Real Estate Investment Trusts,1231,,,DUKE WEEKS REALTY CORP (1999-11-12..2001-04-18); DUKE REALTY INVESTMENTS INC (1994-08-26..1999-05-04),IN
CIK0000783325,WEC,WEC,WEC,783325,2008-10-31,,"WEC ENERGY GROUP, INC.",sec_ticker+wiki_current_cik+wiki_snapshot_cik,high,1995-03-30,2026-08-04,,4931,Electric & Other Services Combined,1231,WEC,NYSE,WISCONSIN ENERGY CORP (1995-02-28..2015-06-29),WI
CIK0000785161,EHC,EHC,EHC,785161,1997-01-08,2003-03-21,Encompass Health Corp,name_of_ticker_holder+sec_ticker,medium,1995-03-08,2026-08-07,,8060,Services-Hospitals,1231,EHC,NYSE,HEALTHSOUTH CORP (1995-03-08..2017-12-12); HEALTHSOUTH REHABILITATION CORP (1994-02-10..1994-06-22),DE
CIK0000788784,PEG,PEG,PEG,788784,1996-01-02,,PUBLIC SERVICE ENTERPRISE GROUP INC,sec_ticker+wiki_current_cik+wiki_snapshot_cik,high,1994-02-25,2026-08-04,,4931,Electric & Other Services Combined,1231,PEG,NYSE,,NJ
CIK0000789019,MSFT,MSFT,MSFT,789019,1996-01-02,,MICROSOFT CORP,sec_ticker+wiki_current_cik+wiki_snapshot_cik,high,1994-02-14,2026-07-29,,7372,Services-Prepackaged Software,0630,MSFT,Nasdaq,,WA
CIK0000789073,BEAM,,FO,789073,1996-01-02,2014-05-01,Beam Suntory Inc.,name,high,1994-03-28,2014-04-29,,2080,Beverages,1231,,,BEAM INC (2011-10-06..2014-04-30); FORTUNE BRANDS INC (1997-12-02..2011-10-05); AMERICAN BRANDS INC /DE/ (1994-02-22..1997-01-24),DE
CIK0000789388,SDS,,SDS,789388,2002-07-22,2005-08-12,SUNGARD DATA SYSTEMS INC,analyst_hypothesis,medium,1994-03-28,2015-11-06,,7374,Services-Computer Processing & Data Preparation,1231,,,,DE
CIK0000789570,MGM,MGM,MGM,789570,2017-07-26,,MGM Resorts International,sec_ticker+wiki_current_cik+wiki_snapshot_cik,high,2004-05-10,2026-07-29,,7011,Hotels & Motels,1231,MGM,NYSE,MGM MIRAGE (2000-10-16..2010-05-19); MGM GRAND INC (1994-03-11..2000-05-19),DE
CIK0000789933,NC,NC,NC,789933,1996-01-02,2000-06-05,NACCO INDUSTRIES INC,name_of_ticker_holder+sec_ticker,medium,1994-03-31,2026-08-05,,1221,Bituminous Coal & Lignite Surface Mining,1231,NC,NYSE,,DE
CIK0000790070,EMC,,EMC,790070,1996-03-28,2016-09-07,EMC CORP,wiki_snapshot_cik,high,1994-03-24,2016-08-08,,3572,Computer Storage Devices,1231,,,,MA
CIK0000791519,SPLS,,SPLS,791519,1998-10-07,2017-09-13,STAPLES INC,wiki_snapshot_cik,high,1995-06-12,2017-08-24,,5940,Retail-Miscellaneous Shopping Goods Stores,0129,,,,DE
CIK0000791907,LLTC,,LLTC,791907,2000-04-03,2017-03-13,LINEAR TECHNOLOGY CORP /CA/,wiki_snapshot_cik,high,1995-02-14,2017-01-31,,3674,Semiconductors & Related Devices,0703,,,,DE
CIK0000792985,HMA,,HMA,792985,2001-11-07,2007-03-02,"HEALTH MANAGEMENT ASSOCIATES, INC",analyst_hypothesis,medium,1996-08-13,2013-11-13,,8062,"Services-General Medical & Surgical Hospitals, NEC",1231,,,HEALTH MANAGEMENT ASSOCIATES INC (1994-02-14..2012-08-22); HEALTH MANAGEMENT ASSOCIATES (1994-01-21..1994-01-21),DE
CIK0000793952,HOG,HOG,HOG,793952,2000-01-31,2020-06-22,"HARLEY-DAVIDSON, INC.",sec_ticker+wiki_snapshot_cik,high,1994-03-30,2026-08-05,,3751,"Motorcycles, Bicycles & Parts",1231,HOG,NYSE,HARLEY DAVIDSON INC (1994-06-27..2019-06-14),WI
CIK0000794323,LVLT,,LVLT,794323,2014-11-05,2017-10-13,"Level 3 Parent, LLC",wiki_snapshot_cik,high,2011-08-04,2026-02-20,,4813,Telephone Communications (No Radiotelephone),1231,,,LEVEL 3 COMMUNICATIONS INC (1998-05-05..2017-11-03); KIEWIT PETER SONS INC (1994-04-25..1998-03-31),DE
CIK0000794367,M,M,FD,794367,1996-01-02,2020-04-06,"Macy's, Inc.",sec_ticker+wiki_snapshot_cik,high,1995-04-20,2026-09-10,,5311,Retail-Department Stores,0201,M,NYSE,FEDERATED DEPARTMENT STORES INC /DE/ (1995-05-31..2007-05-31),DE
CIK0000795266,KBH,KBH,KBH,795266,1996-01-02,2009-12-21,KB HOME,sec_ticker,high,1995-02-28,2026-07-09,,1531,Operative Builders,1130,KBH,NYSE,KAUFMAN & BROAD HOME CORP (1994-02-11..2001-01-05),DE
CIK0000796343,ADBE,ADBE,ADBE,796343,1997-05-06,,ADOBE INC.,sec_ticker+wiki_current_cik+wiki_snapshot_cik,high,1995-02-17,2026-09-22,,7372,Services-Prepackaged Software,1127,ADBE,Nasdaq,ADOBE SYSTEMS INC (1994-09-09..2018-10-03),DE
CIK0000797468,OXY,OXY,OXY,797468,1996-01-02,,OCCIDENTAL PETROLEUM CORP /DE/,sec_ticker+wiki_current_cik+wiki_snapshot_cik,high,1995-03-17,2026-08-05,,1311,Crude Petroleum & Natural Gas,1231,"OXY,OXY-WT","NYSE,NYSE",,DE
CIK0000798354,FISV,FISV,FISV,798354,2001-04-02,,FISERV INC,sec_ticker+wiki_snapshot_cik,high,2019-07-26,2026-08-07,CIK filings start after membership start (predecessor registrant not mapped; fundamentals before cik_first_report will be missing),7389,"Services-Business Services, NEC",1231,FISV,Nasdaq,,WI
CIK0000800240,ODP,,ODP,800240,1999-06-24,2010-12-20,ODP Corp,name,high,1994-03-25,2025-11-05,,5940,Retail-Miscellaneous Shopping Goods Stores,1228,,,OFFICE DEPOT INC (1994-05-09..2020-07-01),DE
CIK0000800459,HAR,,HAR,800459,2006-02-01,2017-03-13,HARMAN INTERNATIONAL INDUSTRIES INC /DE/,wiki_snapshot_cik,high,1994-02-11,2017-01-26,,3651,Household Audio & Video Equipment,0630,,,,DE
CIK0000801898,JOY,,"HPH,JOY",801898,1996-01-02,2015-10-08,JOY GLOBAL INC,wiki_snapshot_cik,high,1995-01-30,2017-03-03,,3532,Mining Machinery & Equip (No Oil & Gas Field Mach & Equip),1028,,,HARNISCHFEGER INDUSTRIES INC (1994-02-25..2001-06-07),DE
CIK0000802301,SGID,,SGID,802301,1996-01-02,2000-06-21,"Graphics Properties Holdings, Inc.",analyst_hypothesis,medium,1994-02-11,2009-02-09,,3571,Electronic Computers,1231,,,SILICON GRAPHICS INC (2003-05-21..2009-06-04); SILICON GRAPHICS INC /CA/ (1994-10-13..2003-05-19),DE
CIK0000803014,CMVT,,CMVT,803014,1999-10-27,2007-02-01,COMVERSE TECHNOLOGY INC/NY/,analyst_hypothesis,medium,1995-03-31,2012-12-14,,3661,Telephone & Telegraph Apparatus,0131,,,,NY
CIK0000804212,ARG,,ARG,804212,2009-09-09,2016-05-23,AIRGAS INC,wiki_snapshot_cik,high,1995-02-07,2016-05-10,,5084,Wholesale-Industrial Machinery & Equipment,0331,,,,DE
CIK0000804328,QCOM,QCOM,QCOM,804328,1999-07-22,,QUALCOMM INC/DE,sec_ticker+wiki_current_cik+wiki_snapshot_cik,high,1996-05-13,2026-07-29,,3663,Radio & Tv Broadcasting & Communications Equipment,0927,QCOM,Nasdaq,,DE
CIK0000804753,CERN,,CERN,804753,2010-04-30,2022-06-08,CERNER Corp,wiki_snapshot_cik,high,1995-03-30,2022-05-03,,7373,Services-Computer Integrated Systems Design,1231,,,CERNER CORP /MO/ (1994-02-14..2019-07-17),DE
CIK0000806085,LEH,,LEH,806085,1998-01-12,2008-09-17,LEHMAN BROTHERS HOLDINGS INC. PLAN TRUST,analyst_hypothesis,medium,1994-03-31,2008-07-10,,6211,"Security Brokers, Dealers & Flotation Companies",1231,,,LEHMAN BROTHERS HOLDINGS INC (1994-01-06..2012-03-12),
CIK0000808362,BHGE,,BHI,808362,1996-01-02,2019-10-18,Baker Hughes Holdings LLC,wiki_snapshot_cik,high,1994-02-14,2023-10-26,,3533,Oil & Gas Field Machinery & Equipment,1231,,,BAKER HUGHES a GE Co LLC (2017-04-28..2020-04-13); BAKER HUGHES INC (1994-02-14..2017-06-30),DE
CIK0000808450,NAV,,NAV,808450,1996-01-02,2006-12-20,NAVISTAR INTERNATIONAL CORP,analyst_hypothesis,medium,1994-01-27,2021-06-08,,3711,Motor Vehicles & Passenger Car Bodies,1031,,,INTERNATIONAL TRUCK & ENGINE CORP (2000-07-26..2000-09-14); NAVISTAR INTERNATIONAL CORP /DE/NEW (1994-01-27..2000-09-14),DE
CIK0000811156,CMS,CMS,CMS,811156,1999-05-03,,CMS ENERGY CORP,sec_ticker+wiki_current_cik+wiki_snapshot_cik,high,1997-08-14,2026-07-28,,4931,Electric & Other Services Combined,1231,"CMS,CMSA,CMSC,CMSD,CMS-PC","NYSE,NYSE,NYSE,NYSE,NYSE",,MI
CIK0000811669,UST,,UST,811669,1996-01-02,2009-01-06,UST INC,name,high,1994-03-16,2008-11-03,,2100,Tobacco Products,1231,,,,DE
CIK0000811830,SNUS-PH,SNUS-PH,SOV,811830,2004-07-01,2009-01-30,"Santander Holdings USA, Inc.",name,high,1995-05-11,2026-07-31,,6021,National Commercial Banks,1231,"SNUS-PH,SNUS-PI","NYSE,NYSE",SOVEREIGN BANCORP INC (1995-04-28..2010-02-05),VA
CIK0000812074,OI,OI,OI,812074,1997-08-04,2016-12-02,"O-I Glass, Inc. /DE/",sec_ticker+wiki_snapshot_cik,high,1994-03-30,2026-07-29,,3221,Glass Containers,1231,OI,NYSE,OWENS ILLINOIS INC /DE/ (1994-01-07..2019-12-19),DE
CIK0000813672,CDNS,CDNS,CDNS,813672,2017-09-18,,CADENCE DESIGN SYSTEMS INC,sec_ticker+wiki_current_cik+wiki_snapshot_cik,high,1994-05-16,2026-07-29,,7372,Services-Prepackaged Software,1231,CDNS,Nasdaq,,DE
CIK0000813828,PARA,,CBS,813828,1996-01-02,2025-08-08,Paramount Global,wiki_snapshot_cik,high,2018-08-02,2025-07-31,CIK filings start after membership start (predecessor registrant not mapped; fundamentals before cik_first_report will be missing),4833,Television Broadcasting Stations,1231,,,ViacomCBS Inc. (2019-12-04..2022-02-15); CBS CORP (2006-01-09..2019-12-04); VIACOM INC (1994-01-11..2006-01-05),DE
CIK0000814453,NWL,NWL,NWL,814453,1996-01-02,2023-09-18,NEWELL BRANDS INC.,sec_ticker+wiki_snapshot_cik,high,1995-03-29,2026-07-31,,3089,"Plastics Products, NEC",1231,NWL,Nasdaq,"NEWELL BRANDS, INC. (2019-10-17..2019-10-25); NEWELL BRANDS INC (2016-02-11..2019-10-09); NEWELL RUBBERMAID INC (1999-09-29..2016-04-15); NEWELL CO (1995-08-10..1999-03-23)",DE
CIK0000814547,FICO,FICO,FICO,814547,2023-03-20,,FAIR ISAAC CORP,sec_ticker+wiki_current_cik+wiki_snapshot_cik,high,2015-01-29,2026-07-29,,7389,"Services-Business Services, NEC",0930,FICO,NYSE,FAIR ISAAC & COMPANY INC (1995-06-28..2003-04-01),DE
CIK0000814585,MBI,MBI,MBI,814585,1996-12-03,2009-12-21,MBIA INC,sec_ticker,high,1994-05-13,2026-08-06,,6351,Surety Insurance,1231,MBI,NYSE,,CT
CIK0000815094,ABMD,,ABMD,815094,2018-05-31,2022-12-22,ABIOMED INC,wiki_snapshot_cik,high,2011-06-02,2022-11-03,,3841,Surgical & Medical Instruments & Apparatus,0331,,,,DE
CIK0000815097,CCL,CCL,CCL,815097,1998-12-22,,Carnival Corp Ltd.,sec_ticker+wiki_current_cik+wiki_snapshot_cik,high,1995-02-24,2026-06-26,,4400,Water Transportation,1130,CCL,NYSE,CARNIVAL CORP (1995-03-21..2026-04-29); CARNIVAL CRUISE LINES INC (1994-01-21..1994-01-21),D0
CIK0000815556,FAST,FAST,FAST,815556,2008-09-15,,FASTENAL CO,sec_ticker+wiki_current_cik+wiki_snapshot_cik,high,1995-03-20,2026-07-16,,5200,"Retail-Building Materials, Hardware, Garden Supply",1231,FAST,Nasdaq,FASTENAL COMPANY (1995-03-20..2002-03-04),MN
CIK0000816284,CELG,,CELG,816284,2006-11-06,2019-11-21,CELGENE CORP /DE/,wiki_snapshot_cik,high,1995-05-09,2019-10-31,,2834,Pharmaceutical Preparations,1231,,,,DE
CIK0000816761,TDC,TDC,TDC,816761,2007-10-01,2017-06-19,TERADATA CORP /DE/,sec_ticker+wiki_snapshot_cik,high,2007-11-13,2026-08-05,,7372,Services-Prepackaged Software,1231,TDC,NYSE,TERADATA CORP /DE/ (2007-05-10..2026-09-17),
CIK0000817473,ACAS,,ACAS,817473,2007-07-09,2009-03-04,"AMERICAN CAPITAL, LTD",name,high,1997-11-14,2016-11-03,,,,,,,AMERICAN CAPITAL STRATEGIES LTD (1997-08-12..2008-06-16),
CIK0000818479,XRAY,XRAY,XRAY,818479,2008-11-14,2024-04-02,DENTSPLY SIRONA Inc.,sec_ticker+wiki_snapshot_cik,high,1995-05-12,2026-08-06,,3843,Dental Equipment & Supplies,1231,XRAY,Nasdaq,DENTSPLY INTERNATIONAL INC /DE/ (1995-02-13..2016-02-29),DE
CIK0000819692,CF,,CF,819692,2000-06-19,2004-09-01,CHARTER ONE FINANCIAL INC,analyst_hypothesis,medium,1995-05-12,2004-08-10,,6021,National Commercial Banks,1231,,,,DE
CIK0000819975,ONE,,ONE,819975,1996-01-02,2004-07-01,"CHASE BANK USA, NATIONAL ASSOCIATION",analyst_hypothesis,medium,1996-03-29,2008-03-31,,6189,Asset-Backed Securities,1231,,,"CHASE MANHATTAN BANK USA, NATIONAL ASSOCIATION (2004-10-15..2005-02-15); BANK ONE  DELAWARE  NATIONAL ASSOCIATION (2002-10-21..2004-09-17); FIRST USA BANK NATIONAL ASSOCIATION (1999-10-15..2002-10-15); FCC NATIONAL BANK (1995-12-12..1999-06-09)",
CIK0000819996,PDG,,PDG,819996,1996-01-02,2002-07-22,PLACER DOME INC,analyst_hypothesis,medium,2002-02-22,2005-03-04,CIK filings start after membership start (predecessor registrant not mapped; fundamentals before cik_first_report will be missing),1040,Gold and Silver Ores,1231,,,,
CIK0000820027,AMP,AMP,AMP,820027,2005-10-03,,AMERIPRISE FINANCIAL INC,sec_ticker+wiki_current_cik+wiki_snapshot_cik,high,2005-11-14,2026-08-04,,6282,Investment Advice,1231,AMP,NYSE,AMERICAN EXPRESS FINANCIAL CORP (2003-05-14..2005-07-26); AMERICAN EXPRESS FINANCIAL ADVISORS (1995-10-25..2003-03-10); IDS FINANCIAL CORP/MN/ (1994-02-14..1995-02-06),DE
CIK0000820313,APH,APH,APH,820313,2008-09-30,,AMPHENOL CORP /DE/,sec_ticker+wiki_current_cik+wiki_snapshot_cik,high,1996-05-15,2026-07-31,,3678,Electronic Connectors,1231,APH,NYSE,,DE
CIK0000820318,COHR,COHR,COHR,820318,2026-03-23,,COHERENT CORP.,sec_ticker+wiki_current_cik+wiki_snapshot_cik,high,2018-08-28,2026-08-14,,3827,Optical Instruments & Lenses,0630,COHR,NYSE,II-VI INC (1995-10-04..2022-09-01),PA
CIK0000821189,EOG,EOG,EOG,821189,2000-11-02,,EOG RESOURCES INC,sec_ticker+wiki_current_cik+wiki_snapshot_cik,high,1994-03-23,2026-08-04,,1311,Crude Petroleum & Natural Gas,1231,EOG,NYSE,ENRON OIL & GAS CO (1994-02-08..1999-08-10),DE
CIK0000822416,PHM,PHM,PHM,822416,1996-01-02,,PULTEGROUP INC/MI/,sec_ticker+wiki_current_cik+wiki_snapshot_cik,high,1996-05-14,2026-07-22,,1531,Operative Builders,1231,PHM,NYSE,PULTE HOMES INC/MI/ (2001-12-20..2010-03-23); PULTE CORP (1994-02-14..2001-05-02),MI
CIK0000823768,WM,WM,WMI,823768,1998-07-17,,WASTE MANAGEMENT INC,sec_ticker+wiki_current_cik+wiki_snapshot_cik,high,1995-05-12,2026-07-29,,4953,Refuse Systems,1231,WM,NYSE,USA WASTE SERVICES INC (1994-08-05..1998-07-10),DE
CIK0000824169,NXTL,,NXTL,824169,1998-04-01,2005-08-15,NEXTEL COMMUNICATIONS INC,analyst_hypothesis,medium,1996-05-13,2005-07-29,,4812,Radiotelephone Communications,1231,,,"NEXTEL COMMUNICATIONS INC/DE/ (1995-01-03..1995-02-15); NEXTEL COMMUNICATIONS, INC (1994-02-14..1994-02-14)",DE
CIK0000826083,DELL,,DELL,826083,1996-09-06,2013-10-29,DELL INC,name,high,1994-04-01,2013-08-28,,3571,Electronic Computers,0129,,,DELL COMPUTER CORP (1994-02-14..2003-07-22),DE
CIK0000827052,EIX,EIX,EIX,827052,1996-01-02,,EDISON INTERNATIONAL,sec_ticker+wiki_current_cik+wiki_snapshot_cik,high,1994-03-21,2026-07-30,,4911,Electric Services,1231,EIX,NYSE,SCECORP (1994-02-14..1996-01-12),CA
CIK0000827054,MCHP,MCHP,MCHP,827054,2007-09-07,,MICROCHIP TECHNOLOGY INC,sec_ticker+wiki_current_cik+wiki_snapshot_cik,high,2004-11-03,2026-08-06,,3674,Semiconductors & Related Devices,0331,"MCHP,MCHPP","Nasdaq,Nasdaq",,DE
CIK0000829224,SBUX,SBUX,SBUX,829224,2000-06-08,,STARBUCKS CORP,sec_ticker+wiki_current_cik+wiki_snapshot_cik,high,1996-05-15,2026-07-29,,5810,Retail-Eating & Drinking Places,0928,SBUX,Nasdaq,,WA
CIK0000831001,C,C,C,831001,1996-01-02,,CITIGROUP INC,sec_ticker+wiki_current_cik+wiki_snapshot_cik,high,1994-03-31,2026-08-06,,6021,National Commercial Banks,1231,"C,C-PN,C-PR","NYSE,NYSE,NYSE",CITIGROUP INC (1994-02-01..2026-09-25); TRAVELERS GROUP INC (1995-11-13..1998-09-10); TRAVELERS INC (1994-02-10..1995-01-30),DE
CIK0000831259,FCX,FCX,FCX,831259,1996-01-02,,FREEPORT-MCMORAN INC,sec_ticker+wiki_current_cik+wiki_snapshot_cik,high,1994-03-31,2026-08-06,,1000,Metal Mining,1231,FCX,NYSE,FREEPORT MCMORAN COPPER & GOLD INC (1994-01-12..2014-07-02),DE
CIK0000832101,IEX,IEX,IEX,832101,2019-08-09,,IDEX CORP /DE/,sec_ticker+wiki_current_cik+wiki_snapshot_cik,high,2010-11-04,2026-07-29,,3561,Pumps & Pumping Equipment,1231,IEX,NYSE,,DE
CIK0000832428,SSP,SSP,SSP,832428,2005-12-20,2008-07-01,E.W. SCRIPPS Co,sec_ticker,high,1998-11-16,2026-08-07,,4833,Television Broadcasting Stations,1231,SSP,Nasdaq,SCRIPPS E W CO /DE (1994-03-28..2015-03-16),OH
CIK0000832988,SIG,SIG,SIG,832988,2015-07-29,2018-03-19,SIGNET JEWELERS LTD,sec_ticker+wiki_snapshot_cik,high,1997-09-15,2026-09-09,,5944,Retail-Jewelry Stores,0201,SIG,NYSE,SIGNET GROUP PLC (1997-09-11..2008-09-11),
CIK0000833320,BR,,BR,833320,1996-01-02,2006-04-03,BURLINGTON RESOURCES INC,analyst_hypothesis,medium,1994-02-14,2006-02-28,,1311,Crude Petroleum & Natural Gas,1231,,,,DE
CIK0000833444,JCI,JCI,TYC,833444,1996-01-02,,Johnson Controls International plc,sec_ticker+wiki_current_cik+wiki_snapshot_cik,high,1996-05-10,2026-07-29,,3585,Air-Cond & Warm Air Heatg Equip & Comm & Indl Refrig Equip,0930,JCI,NYSE,TYCO INTERNATIONAL plc (2014-11-17..2016-09-07); TYCO INTERNATIONAL LTD (2010-03-08..2014-11-14); TYCO INTERNATIONAL LTD /BER/ (1997-08-05..2010-04-07); ADT LIMITED (1995-02-15..1997-07-08),L2
CIK0000834285,FRC,,FRC,834285,2019-01-02,2023-05-04,REPUBLIC FIRST BANCORP INC,name,high,2005-11-10,2023-03-15,,6022,State Commercial Banks,1231,,,FIRST REPUBLIC BANCORP INC /DE/ (1996-08-14..1997-03-28); EXECUFIRST BANCORP INC (1995-12-07..1996-02-02),PA
CIK0000835541,SLR,,SLR,835541,1998-12-31,2007-10-02,SOLECTRON CORP,name,high,1995-04-07,2007-07-11,,3672,Printed Circuit Boards,0825,,,,DE
CIK0000835729,BMC,,BMC,835729,1998-10-01,2013-09-11,BMC SOFTWARE INC,name,high,1995-02-14,2013-08-05,,7372,Services-Prepackaged Software,0331,,,,DE
CIK0000835910,APCC,,APCC,835910,2000-06-01,2007-02-15,AMERICAN POWER CONVERSION CORP,analyst_hypothesis,medium,1995-05-03,2006-11-03,,3620,Electrical Industrial Apparatus,1231,,,AMERICAN POWER CONVERSION CORPORATION (1995-02-09..2006-10-30),MA
CIK0000836102,TT,,ASD,836102,2002-05-13,2008-06-06,TRANE INC.,name,high,1994-03-30,2008-05-09,,3585,Air-Cond & Warm Air Heatg Equip & Comm & Indl Refrig Equip,1231,,,AMERICAN STANDARD COMPANIES INC (1994-12-20..2007-11-13); ASI HOLDING CORP (1994-03-30..1994-05-17),DE
CIK0000836106,NVLS,,NVLS,836106,2000-06-19,2012-06-05,NOVELLUS SYSTEMS INC,name,high,1995-05-15,2012-05-07,,3559,"Special Industry Machinery, NEC",1231,,,,CA
CIK0000842023,TECH,TECH,TECH,842023,2021-08-30,,BIO-TECHNE Corp,sec_ticker+wiki_current_cik+wiki_snapshot_cik,high,2007-11-08,2026-08-24,,2836,"Biological Products, (No Diagnostic Substances)",0630,TECH,Nasdaq,TECHNE CORP /MN/ (1995-09-20..2014-10-28),MN
CIK0000846909,ETS,,ETS,846909,1996-01-02,2001-08-06,ENTERASYS NETWORKS INC /DE/,analyst_hypothesis,medium,1995-07-10,2005-11-09,,3576,Computer Communications Equipment,0101,,,CABLETRON SYSTEMS INC (1994-02-14..2001-01-16),DE
CIK0000847903,NGH,,NGH,847903,1998-09-16,2000-12-12,RJR ACQUISITION CORP,analyst_hypothesis,medium,1994-02-24,2000-11-14,,2052,Cookies & Crackers,1231,,,NABISCO GROUP HOLDINGS CORP (1999-06-14..2001-02-13); RJR NABISCO HOLDINGS CORP (1994-02-24..1999-04-08),DE
CIK0000848865,AW,,AW,848865,1999-08-02,2008-12-05,"Allied Waste Industries, LLC",name,high,1996-06-03,2008-10-30,,4953,Refuse Systems,1231,,,ALLIED WASTE INDUSTRIES INC (1995-01-10..2011-05-03),DE
CIK0000849213,PCL,,PCL,849213,2002-01-17,2016-02-22,PLUM CREEK TIMBER CO INC,wiki_snapshot_cik,high,1994-03-14,2016-02-18,,6798,Real Estate Investment Trusts,1231,,,PLUM CREEK TIMBER CO L P (1994-08-15..1999-04-12),DE
CIK0000849395,CRH,CRH,CRH,849395,2025-12-22,,CRH PUBLIC LTD CO,sec_ticker+wiki_current_cik+wiki_snapshot_cik,high,2016-03-16,2026-07-30,,3241,"Cement, Hydraulic",1231,CRH,NYSE,,L2
CIK0000849399,GEN,GEN,SYMC,849399,2003-03-31,,Gen Digital Inc.,wiki_snapshot_cik,high,2014-05-16,2026-08-07,CIK filings start after membership start (predecessor registrant not mapped; fundamentals before cik_first_report will be missing),7372,Services-Prepackaged Software,0328,"GEN,GENVR","Nasdaq,Nasdaq",NortonLifeLock Inc. (2019-11-04..2022-10-12); SYMANTEC CORP (1995-05-09..2019-10-24),DE
CIK0000850209,FL,,FL,850209,1996-01-02,2019-08-09,"FOOT LOCKER, INC.",wiki_snapshot_cik,high,1996-06-11,2025-09-02,,5661,Retail-Shoe Stores,0201,,,FOOT LOCKER INC (2001-11-02..2016-04-04); VENATOR GROUP INC (1998-07-07..2001-10-19); WOOLWORTH CORPORATION (1995-02-08..1998-04-07),NY
CIK0000850693,AGN,,AGN,850693,1996-01-02,2015-03-17,ALLERGAN INC,wiki_snapshot_cik,high,1994-03-28,2015-02-19,,2834,Pharmaceutical Preparations,1231,,,,DE
CIK0000851968,MHK,MHK,MHK,851968,2013-12-23,2025-12-22,MOHAWK INDUSTRIES INC,sec_ticker+wiki_snapshot_cik,high,1996-05-07,2026-07-31,,2273,Carpets & Rugs,1231,MHK,NYSE,MOHAWK INDUSTRIES INC. (1995-02-08..1995-02-08),DE
CIK0000857005,PTC,PTC,PTC,857005,1997-04-03,,PTC INC.,sec_ticker+wiki_current_cik+wiki_snapshot_cik,high,1995-05-15,2026-07-31,,7372,Services-Prepackaged Software,0930,PTC,Nasdaq,PARAMETRIC TECHNOLOGY CORP (1995-12-07..2013-01-24),MA
CIK0000858339,HET,,HET,858339,1996-01-02,2008-01-29,"CAESARS HOLDINGS, INC.",name,high,1994-03-28,2020-05-11,,7011,Hotels & Motels,1231,,,CAESARS ENTERTAINMENT Corp (2009-10-14..2020-07-17); HARRAHS ENTERTAINMENT INC (1995-09-20..2010-11-22); PROMUS COMPANIES INC (1994-02-09..1995-04-25),DE
CIK0000858470,CTRA,,COG,858470,2008-06-23,2026-05-07,Coterra Energy Inc.,wiki_snapshot_cik,high,2014-02-28,2026-05-06,CIK filings start after membership start (predecessor registrant not mapped; fundamentals before cik_first_report will be missing),1311,Crude Petroleum & Natural Gas,1231,,,CABOT OIL & GAS CORP (1994-05-12..2021-09-29),DE
CIK0000858877,CSCO,CSCO,CSCO,858877,1996-01-02,,"CISCO SYSTEMS, INC.",sec_ticker+wiki_current_cik+wiki_snapshot_cik,high,1995-03-13,2026-09-02,,3576,Computer Communications Equipment,0725,CSCO,Nasdaq,"CISCO SYSTEMS, INC. (2011-10-18..2026-09-18); CISCO SYSTEMS INC (1995-02-13..2011-11-22)",DE
CIK0000859014,CPWR,,CPWR,859014,1999-01-04,2012-01-03,COMPUWARE CORP,name,high,1996-08-13,2014-11-06,,7372,Services-Prepackaged Software,0331,,,COMPUWARE CORPORATION (1994-05-06..2004-10-26),MI
CIK0000859737,HOLX,,HOLX,859737,2016-03-30,2026-04-09,HOLOGIC INC,wiki_snapshot_cik,high,2015-01-29,2026-01-29,,3844,X-Ray Apparatus & Tubes & Related Irradiation Apparatus,0928,,,HOLOGIC INC (1995-05-08..2026-04-30),DE
CIK0000860730,HCA,HCA,HCA,860730,1996-01-02,,"HCA Healthcare, Inc.",sec_ticker+wiki_current_cik+wiki_snapshot_cik,high,1994-03-31,2026-07-28,,8062,"Services-General Medical & Surgical Hospitals, NEC",1231,HCA,NYSE,"HCA Holdings, Inc. (2010-06-03..2017-05-05); HCA INC/TN (2001-08-07..2010-11-24); HCA THE HEALTHCARE CO (2001-05-30..2001-05-21); HCA-THE HEALTHCARE CO (2000-09-18..2001-02-14); COLUMBIA HCA HEALTHCARE CORP (2000-05-26..2000-05-19); COLUMBIA HCA HEALTHCARE CORP/ (1994-05-16..2000-02-16); COLUMBIA HEALTHCARE CORP (1994-02-14..1994-03-01)",
CIK0000860731,TYL,TYL,TYL,860731,2020-06-22,,TYLER TECHNOLOGIES INC,sec_ticker+wiki_current_cik+wiki_snapshot_cik,high,2016-10-26,2026-07-29,,7372,Services-Prepackaged Software,1231,TYL,NYSE,TYLER CORP /NEW/ (1996-08-14..1999-03-31),DE
CIK0000861878,SRCL,,SRCL,861878,2008-11-19,2018-12-03,STERICYCLE INC,wiki_snapshot_cik,high,1996-11-13,2024-11-01,,4955,Hazardous Waste Management,1231,,,,DE
CIK0000863157,PETM,,PETM,863157,2012-10-05,2015-03-12,PETSMART INC,wiki_snapshot_cik,high,2007-06-04,2014-11-26,,5990,"Retail-Retail Stores, NEC",0202,,,,DE
CIK0000864328,BJS,,BJS,864328,2002-05-15,2010-04-29,BJ SERVICES CO LLC,name,high,1995-05-15,2010-02-09,,1389,"Oil & Gas Field Services, NEC",1231,,,BJ SERVICES CO (1994-02-14..2010-04-29),
CIK0000864749,TRMB,TRMB,TRMB,864749,2021-01-21,,TRIMBLE INC.,sec_ticker+wiki_current_cik+wiki_snapshot_cik,high,2018-05-09,2026-08-12,,3829,"Measuring & Controlling Devices, NEC",0102,TRMB,Nasdaq,TRIMBLE NAVIGATION LTD /CA/ (1996-06-26..2016-09-06),DE
CIK0000865436,WFM,,WFMI,865436,2006-01-03,2017-08-28,WHOLE FOODS MARKET INC,wiki_snapshot_cik,high,1996-05-17,2017-11-17,,5411,Retail-Grocery Stores,0928,,,,TX
CIK0000865752,MNST,MNST,MNST,865752,2012-06-29,,Monster Beverage Corp,sec_ticker+wiki_current_cik+wiki_snapshot_cik,high,1996-05-10,2026-08-07,,2086,Bottled & Canned Soft Drinks & Carbonated Waters,1231,MNST,Nasdaq,HANSEN NATURAL CORP (1996-11-13..2011-12-21),
CIK0000866374,FLEX,FLEX,FLEX,866374,2026-06-22,,FLEX LTD.,sec_ticker+wiki_current_cik+wiki_snapshot_cik,high,2018-08-02,2026-07-31,,3672,Printed Circuit Boards,0331,FLEX,Nasdaq,FLEXTRONICS INTERNATIONAL LTD. (2006-07-05..2016-09-06); FLEXTRONICS INTERNATIONAL LTD (1996-12-13..2006-05-31),U0
CIK0000866787,AZO,AZO,AZO,866787,1997-01-02,,AUTOZONE INC,sec_ticker+wiki_current_cik+wiki_snapshot_cik,high,1996-05-20,2026-06-12,,5531,Retail-Auto & Home Supply Stores,0829,AZO,NYSE,AUTOZONE INC (1996-06-10..2026-09-22),NV
CIK0000867058,MERQ,,MERQ,867058,2000-06-29,2006-01-04,MERCURY INTERACTIVE CORP,analyst_hypothesis,medium,1996-05-15,2006-10-05,,7372,Services-Prepackaged Software,1231,,,MERCURY INTERACTIVE CORPORATION (1995-04-06..2004-05-03),DE
CIK0000868809,XTO,,XTO,868809,2004-12-29,2010-06-28,XTO ENERGY INC,name,high,1996-05-14,2010-05-06,,1311,Crude Petroleum & Natural Gas,1231,,,CROSS TIMBERS OIL CO (1995-05-09..2001-02-13),DE
CIK0000870517,KRB,,KRB,870517,1996-01-02,2006-01-03,MBNA CORP,analyst_hypothesis,medium,1996-05-15,2005-11-09,,6021,National Commercial Banks,1231,,,,MD
CIK0000872589,REGN,REGN,REGN,872589,2013-05-01,,"REGENERON PHARMACEUTICALS, INC.",sec_ticker+wiki_current_cik+wiki_snapshot_cik,high,1996-08-13,2026-07-30,,2834,Pharmaceutical Preparations,1231,REGN,Nasdaq,REGENERON PHARMACEUTICALS INC (1995-07-26..2019-06-19),NY
CIK0000873364,CEPH,,CEPH,873364,2008-11-17,2011-10-14,CEPHALON INC,name,high,2003-08-14,2011-08-03,,2834,Pharmaceutical Preparations,1231,,,,DE
CIK0000873591,MEDI,,MEDI,873591,2000-06-16,2007-06-01,MEDIMMUNE INC /DE,analyst_hypothesis+name,high,1996-08-14,2007-04-30,,2836,"Biological Products, (No Diagnostic Substances)",1231,,,,DE
CIK0000874016,JNY,,JNY,874016,2001-12-17,2009-03-04,JONES GROUP INC,name,high,1996-08-14,2014-04-01,,2330,"Women's, Misses':  and Juniors Outerwear",1231,,,JONES APPAREL GROUP INC (1996-02-13..2010-10-18),PA
CIK0000874501,OSG,OSG,ABK,874501,2000-12-11,2008-06-11,OCTAVE SPECIALTY GROUP INC,name,high,1996-05-15,2026-08-06,,6351,Surety Insurance,1231,OSG,NYSE,AMBAC FINANCIAL GROUP INC (1998-02-13..2025-11-10); AMBAC INC /DE/ (1994-06-10..1998-01-02),DE
CIK0000874716,IDXX,IDXX,IDXX,874716,2017-01-05,,IDEXX LABORATORIES INC /DE,sec_ticker+wiki_current_cik+wiki_snapshot_cik,high,2015-02-17,2026-08-04,,2835,In Vitro & In Vivo Diagnostic Substances,1231,IDXX,Nasdaq,,DE
CIK0000874761,AES,AES,AES,874761,1998-10-02,,AES CORP,sec_ticker+wiki_current_cik+wiki_snapshot_cik,high,1996-05-06,2026-08-04,,4991,Cogeneration Services & Small Power Producers,1231,AES,NYSE,AES CORPORATION (1996-10-09..2005-01-11),DE
CIK0000874766,HIG,HIG,HIG,874766,1996-01-02,,"HARTFORD INSURANCE GROUP, INC.",sec_ticker+wiki_current_cik+wiki_snapshot_cik,high,1996-05-15,2026-07-23,,6331,"Fire, Marine & Casualty Insurance",1231,"HIG,HIG-PG","NYSE,NYSE","HARTFORD INSURANCE GROUP, INC. (2025-02-06..2026-09-25); HARTFORD FINANCIAL SERVICES GROUP, INC. (2019-06-07..2025-01-30); HARTFORD FINANCIAL SERVICES GROUP INC/DE (1997-11-14..2019-05-23); ITT HARTFORD GROUP INC /DE (1996-10-29..1998-02-13)",DE
CIK0000875045,BIIB,BIIB,BIIB,875045,2003-11-13,,BIOGEN INC.,sec_ticker+wiki_current_cik+wiki_snapshot_cik,high,1996-06-06,2026-07-29,,2836,"Biological Products, (No Diagnostic Substances)",1231,BIIB,Nasdaq,BIOGEN IDEC INC. (2007-01-17..2015-03-20); BIOGEN IDEC INC (2003-11-12..2007-04-25); IDEC PHARMACEUTICALS CORP / DE (1997-10-01..2003-11-12); IDEC PHARMACEUTICALS CORP / CA (1996-07-10..1997-02-14),DE
CIK0000875159,XL,,XL,875159,2001-09-04,2018-09-12,XL GROUP LTD,wiki_snapshot_cik,high,1996-04-09,2018-08-03,,6331,"Fire, Marine & Casualty Insurance",1231,,,XL GROUP PLC (2010-07-01..2016-07-13); XL CAPITAL LTD (1999-05-21..2010-07-01); EXEL LTD (1996-02-13..1999-02-19),D0
CIK0000875320,VRTX,VRTX,VRTX,875320,2013-09-23,,VERTEX PHARMACEUTICALS INC / MA,sec_ticker+wiki_current_cik+wiki_snapshot_cik,high,2007-03-01,2026-08-04,,2834,Pharmaceutical Preparations,1231,VRTX,Nasdaq,,MA
CIK0000875570,PSFT,,PSFT,875570,1998-10-02,2004-12-29,PEOPLESOFT INC,analyst_hypothesis,medium,1996-05-15,2004-11-12,,7372,Services-Prepackaged Software,1231,,,,DE
CIK0000876437,MTG,MTG,MTG,876437,1996-07-19,2008-10-31,MGIC INVESTMENT CORP,sec_ticker,high,1996-05-10,2026-07-29,,6351,Surety Insurance,1231,MTG,NYSE,,WI
CIK0000877212,ZBRA,ZBRA,ZBRA,877212,2019-12-23,,ZEBRA TECHNOLOGIES CORP,sec_ticker+wiki_current_cik+wiki_snapshot_cik,high,2015-08-13,2026-08-04,,3560,General Industrial Machinery & Equipment,1231,ZBRA,Nasdaq,ZEBRA TECHNOLOGIES CORP/DE (1995-09-08..2009-05-05),
CIK0000877890,CTXS,,CTXS,877890,1999-12-01,2022-10-03,CITRIX SYSTEMS INC,wiki_snapshot_cik,high,1996-08-13,2022-07-26,,7372,Services-Prepackaged Software,1231,,,,DE
CIK0000878736,HCR,,HCR,878736,1998-09-28,2007-11-09,MANOR CARE INC,name,high,1996-08-13,2007-11-09,,8051,Services-Skilled Nursing Care Facilities,1231,,,HCR MANOR CARE INC (1998-11-16..1999-05-10); HEALTH CARE & RETIREMENT CORP / DE (1994-02-01..1998-06-16),DE
CIK0000878927,ODFL,ODFL,ODFL,878927,2019-12-09,,"OLD DOMINION FREIGHT LINE, INC.",sec_ticker+wiki_current_cik+wiki_snapshot_cik,high,2012-02-29,2026-08-05,,4213,Trucking (No Local),1231,ODFL,Nasdaq,OLD DOMINION FREIGHT LINE INC/VA (1996-02-09..2019-08-21),VA
CIK0000879101,KIM,KIM,KIM,879101,2006-04-03,,KIMCO REALTY CORP,sec_ticker+wiki_current_cik+wiki_snapshot_cik,high,1996-05-06,2026-08-04,,6798,Real Estate Investment Trusts,1231,"KIM,KIM-PL,KIM-PM,KIM-PN","NYSE,NYSE,NYSE,NYSE",,MD
CIK0000879169,INCY,INCY,INCY,879169,2017-02-28,,INCYTE CORP,sec_ticker+wiki_current_cik+wiki_snapshot_cik,high,1996-05-15,2026-07-28,,8731,Services-Commercial Physical & Biological Research,1231,INCY,Nasdaq,INCYTE INC (2003-03-28..2003-03-28); INCYTE GENOMICS INC (2000-08-03..2003-02-25); INCYTE PHARMACEUTICALS INC (1994-06-07..2000-04-18),DE
CIK0000880430,FSH,,FSH,880430,2004-08-03,2006-11-10,FISHER SCIENTIFIC INTERNATIONAL INC,analyst_hypothesis,medium,1996-05-14,2006-10-24,,5040,Wholesale-Professional & Commercial Equipment & Supplies,1231,,,,DE
CIK0000880446,VTSS,,VTSS,880446,2000-12-12,2002-08-21,VITESSE SEMICONDUCTOR CORP,analyst_hypothesis,medium,1996-06-24,2015-02-03,,3674,Semiconductors & Related Devices,0930,,,,DE
CIK0000882095,GILD,GILD,GILD,882095,2004-07-01,,"GILEAD SCIENCES, INC.",sec_ticker+wiki_current_cik+wiki_snapshot_cik,high,2003-08-14,2026-08-06,,2836,"Biological Products, (No Diagnostic Substances)",1231,GILD,Nasdaq,GILEAD SCIENCES INC (1994-02-14..2022-02-17),DE
CIK0000882184,DHI,DHI,DHI,882184,2005-07-05,,HORTON D R INC /DE/,sec_ticker+wiki_current_cik+wiki_snapshot_cik,high,1996-07-24,2026-07-23,,1531,Operative Builders,0930,DHI,NYSE,,DE
CIK0000882835,ROP,ROP,ROP,882835,2009-12-23,,ROPER TECHNOLOGIES INC,sec_ticker+wiki_current_cik+wiki_snapshot_cik,high,1996-06-14,2026-07-31,,3823,"Industrial Instruments For Measurement, Display, and Control",1231,ROP,Nasdaq,ROPER TECHNOLOGIES INC (2015-04-27..2026-09-17); ROPER INDUSTRIES INC (2008-06-04..2015-04-24); ROPER INDUSTRIES INC /DE/ (1994-03-09..2008-05-14),DE
CIK0000883241,SNPS,SNPS,SNPS,883241,2017-03-16,,SYNOPSYS INC,sec_ticker+wiki_current_cik+wiki_snapshot_cik,high,2015-08-24,2026-08-26,,7372,Services-Prepackaged Software,1031,SNPS,Nasdaq,,DE
CIK0000883569,FOSL,FOSL,FOSL,883569,2012-04-04,2016-01-05,"Fossil Group, Inc.",sec_ticker+wiki_snapshot_cik,high,2011-08-11,2026-08-13,,3873,"Watches, Clocks, Clockwork Operated Devices/Parts",1231,FOSL,Nasdaq,FOSSIL INC (1995-02-09..2013-05-24); FOSSIL INCORPORATED (1994-02-14..1994-02-14),DE
CIK0000883980,FDC,,FDC,883980,1996-01-02,2007-09-25,FIRST DATA CORP,name,high,1996-05-13,2019-07-25,,7389,"Services-Business Services, NEC",1231,,,FIRST DATA CORPORATION (1995-02-14..1995-10-03),DE
CIK0000884887,RCL,RCL,RCL,884887,2014-12-05,,ROYAL CARIBBEAN CRUISES LTD,sec_ticker+wiki_current_cik+wiki_snapshot_cik,high,1999-04-02,2026-07-28,,4400,Water Transportation,1231,RCL,NYSE,,
CIK0000884905,PX,,PX,884905,1996-01-02,2018-10-31,LINDE INC,wiki_snapshot_cik,high,1996-08-07,2018-11-09,,2810,Industrial Inorganic Chemicals,1231,,,PRAXAIR INC (1995-02-14..2022-02-03),DE
CIK0000885639,KSS,KSS,KSS,885639,1998-08-14,2020-09-21,KOHLS Corp,sec_ticker+wiki_snapshot_cik,high,1996-06-18,2026-09-03,,5311,Retail-Department Stores,0129,KSS,NYSE,KOHLS CORPORATION (1995-04-04..2010-12-09),WI
CIK0000885725,BSX,BSX,BSX,885725,1996-01-02,,BOSTON SCIENTIFIC CORP,sec_ticker+wiki_current_cik+wiki_snapshot_cik,high,1996-05-15,2026-08-03,,3841,Surgical & Medical Instruments & Apparatus,1231,BSX,NYSE,,DE
CIK0000886158,BBBY,,BBBY,886158,1999-10-01,2017-07-26,"20230930-DK-Butterfly-1, Inc.",wiki_snapshot_cik,high,1996-05-24,2023-06-14,,5700,"Retail-Home Furniture, Furnishings & Equipment Stores",0228,,,BED BATH & BEYOND INC (1995-03-08..2023-09-20),NY
CIK0000886982,GS,GS,GS,886982,2002-07-22,,GOLDMAN SACHS GROUP INC,sec_ticker+wiki_current_cik+wiki_snapshot_cik,high,1999-07-09,2026-08-03,,6211,"Security Brokers, Dealers & Flotation Companies",1231,"GS,GSCE,GS-PA,GS-PC,GS-PD","NYSE,OTC,NYSE,NYSE,NYSE",GOLDMAN SACHS GROUP INC/ (2001-02-07..2008-03-04),DE
CIK0000889872,CG,,CG,889872,1996-01-02,2000-11-02,COLUMBIA ENERGY CORP.,analyst_hypothesis,medium,1996-05-15,2001-11-14,,2836,"Biological Products, (No Diagnostic Substances)",1231,,,GALAGEN INC (1996-06-07..2002-01-29),NV
CIK0000890801,MFE,,MFE,890801,2008-12-23,2011-03-01,"McAfee, Inc.",name,high,1996-05-08,2011-02-28,,7372,Services-Prepackaged Software,1231,,,NETWORKS ASSOCIATES INC/ (1998-08-14..2004-06-28); NETWORK ASSOCIATES INC (1998-02-10..1998-06-02); MCAFEE ASSOCIATES INC (1996-02-23..1998-02-04),DE
CIK0000891024,PDCO,,PDCO,891024,2005-10-11,2018-03-19,"PATTERSON COMPANIES, INC.",wiki_snapshot_cik,high,1996-07-26,2025-02-26,,5047,"Wholesale-Medical, Dental & Hospital Equipment & Supplies",0426,,,PATTERSON DENTAL CO (1996-12-13..2004-07-01),MN
CIK0000891103,MTCH,MTCH,"IACI,MTCH",891103,2006-12-01,2026-03-23,"Match Group, Inc.",sec_ticker+wiki_snapshot_cik,high,2004-02-11,2026-08-05,,7370,"Services-Computer Programming, Data Processing, Etc.",1231,MTCH,Nasdaq,IAC/INTERACTIVECORP (2004-07-14..2020-07-01); INTERACTIVECORP (2003-05-09..2004-07-12); USA INTERACTIVE (2002-05-10..2003-06-20); USA NETWORKS INC (1998-09-25..2002-05-06); HSN INC (1997-07-28..1998-02-04); SILVER KING COMMUNICATIONS INC (1995-12-08..1996-12-24),DE
CIK0000894315,SITC,SITC,DDR,894315,2007-03-23,2009-03-30,SITE Centers Corp.,analyst_hypothesis+name,high,1996-05-15,2026-08-03,,6798,Real Estate Investment Trusts,1231,SITC,NYSE,DDR CORP (2011-04-14..2018-10-12); DEVELOPERS DIVERSIFIED REALTY CORP (1995-02-09..2011-09-07); DEVELOPERS DIVERSIFIED REALTY (1994-02-14..1994-02-14),OH
CIK0000895126,EXE,EXE,"CHK,EXE",895126,2006-03-03,,EXPAND ENERGY Corp,sec_ticker+wiki_current_cik+wiki_snapshot_cik,high,1996-05-15,2026-07-28,,1311,Crude Petroleum & Natural Gas,1231,EXE,Nasdaq,CHESAPEAKE ENERGY CORP (1995-12-11..2024-09-26),OK
CIK0000895421,MS,MS,MS,895421,1996-01-02,,MORGAN STANLEY,sec_ticker+wiki_current_cik+wiki_snapshot_cik,high,1996-05-15,2026-08-04,,6211,"Security Brokers, Dealers & Flotation Companies",1231,"MS,MS-PK,MS-PE,MS-PA,MS-PF,MS-PI,MS-PL,MS-PO,MS-PP,MS-PQ","NYSE,NYSE,NYSE,NYSE,NYSE,NYSE,NYSE,NYSE,NYSE,NYSE",MORGAN STANLEY (1999-11-23..2026-09-25); MORGAN STANLEY (1999-11-23..2026-09-25); MORGAN STANLEY DEAN WITTER & CO (1993-11-08..2002-07-12); MORGAN STANLEY DEAN WITTER DISCOVER & CO (1997-06-19..1998-03-18); DEAN WITTER DISCOVER & CO (1996-08-14..1997-05-08),DE
CIK0000895648,GGP,,GGP,895648,2007-07-02,2008-11-13,"GGP, Inc. (fka General Growth Properties Inc. & predecessor to General Growth Properties, Inc.)",same_norgate_key,high,1996-05-15,2010-10-29,,6798,Real Estate Investment Trusts,1231,,,GENERAL GROWTH PROPERTIES INC (1996-12-13..2011-03-01),DE
CIK0000895812,GTW,,GTW,895812,1998-04-27,2006-08-01,GATEWAY INC,analyst_hypothesis,medium,1996-08-08,2007-08-03,,3571,Electronic Computers,1231,,,GATEWAY 2000 INC (1995-02-08..2000-05-15),DE
CIK0000896159,CB,CB,ACE,896159,2002-01-30,,Chubb Ltd,sec_ticker+wiki_current_cik+wiki_snapshot_cik,high,1996-05-15,2026-07-28,,6331,"Fire, Marine & Casualty Insurance",1231,CB,NYSE,ACE LTD (2009-12-17..2016-01-15); ACE Ltd (2009-12-17..2016-01-15),V8
CIK0000896878,INTU,INTU,INTU,896878,2000-12-11,,INTUIT INC.,sec_ticker+wiki_current_cik+wiki_snapshot_cik,high,1996-06-12,2026-09-09,,7372,Services-Prepackaged Software,0731,INTU,Nasdaq,INTUIT INC (1996-10-17..2023-03-08),DE
CIK0000897723,SANM,SANM,SANM,897723,2000-06-21,2007-07-02,SANMINA CORP,sec_ticker,high,1996-05-09,2026-07-27,,3672,Printed Circuit Boards,1003,SANM,Nasdaq,SANMINA-SCI CORP (2002-02-14..2012-10-30); SANMINA CORP/DE (1994-02-14..2002-01-10),DE
CIK0000898173,ORLY,ORLY,ORLY,898173,2009-03-27,,O REILLY AUTOMOTIVE INC,sec_ticker+wiki_current_cik+wiki_snapshot_cik,high,1996-05-14,2026-08-07,,5531,Retail-Auto & Home Supply Stores,1231,ORLY,Nasdaq,OREILLY AUTOMOTIVE INC (1996-08-13..1998-04-10),
CIK0000898293,JBL,JBL,JBL,898293,2001-01-30,,JABIL INC,sec_ticker+wiki_current_cik+wiki_snapshot_cik,high,1999-04-14,2026-06-30,,3672,Printed Circuit Boards,0831,JBL,NYSE,JABIL CIRCUIT INC (1996-07-15..2017-06-05),DE
CIK0000899051,ALL,ALL,ALL,899051,1996-01-02,,ALLSTATE CORP,sec_ticker+wiki_current_cik+wiki_snapshot_cik,high,1996-05-14,2026-08-05,,6331,"Fire, Marine & Casualty Insurance",1231,"ALL,ALL-PH,ALL-PB,ALL-PI,ALL-PJ","NYSE,NYSE,NYSE,NYSE,NYSE",,DE
CIK0000899652,CIN,,CIN,899652,1996-01-02,2006-04-03,CINERGY CORP,analyst_hypothesis,medium,1995-03-29,2006-08-14,,4931,Electric & Other Services Combined,1231,,,,DE
CIK0000899689,VNO,VNO,VNO,899689,2005-08-12,2023-01-04,VORNADO REALTY TRUST,sec_ticker+wiki_snapshot_cik,high,1995-03-23,2026-08-03,,6798,Real Estate Investment Trusts,1231,"VNO,VNORP,VNO-PL,VNO-PM,VNO-PN,VNO-PO","NYSE,OTC,NYSE,NYSE,NYSE,NYSE",,MD
CIK0000899866,ALXN,,ALXN,899866,2012-05-25,2021-07-21,"ALEXION PHARMACEUTICALS, INC.",wiki_snapshot_cik,high,1996-06-13,2021-04-30,,2834,Pharmaceutical Preparations,1231,,,ALEXION PHARMACEUTICALS INC (1996-10-29..2018-06-29),DE
CIK0000899881,PLD,,PLD,899881,2003-07-17,2011-06-03,PROLOGIS,name,high,1996-05-09,2011-05-10,,6798,Real Estate Investment Trusts,1231,,,PROLOGIS TRUST (1998-12-16..2003-03-27); SECURITY CAPITAL INDUSTRIAL TRUST (1996-11-19..1998-03-17),MD
CIK0000900075,CPRT,CPRT,CPRT,900075,2018-07-02,,COPART INC,sec_ticker+wiki_current_cik+wiki_snapshot_cik,high,2007-12-10,2026-05-29,,5500,Retail-Auto Dealers & Gasoline Stations,0731,CPRT,Nasdaq,,DE
CIK0000906107,VMRK,VMRK,EQR,906107,2001-12-03,,VIVMARK RESIDENTIAL,wiki_snapshot_cik,high,2016-02-25,2026-07-30,CIK filings start after membership start (predecessor registrant not mapped; fundamentals before cik_first_report will be missing),6798,Real Estate Investment Trusts,1231,VMRK,NYSE,EQUITY RESIDENTIAL (2002-11-13..2026-08-12); EQUITY RESIDENTIAL PROPERTIES TRUST (1994-02-10..2002-10-30),
CIK0000906163,NVR,NVR,NVR,906163,2019-09-26,,NVR INC,sec_ticker+wiki_current_cik+wiki_snapshot_cik,high,2009-07-29,2026-08-05,,1531,Operative Builders,1231,NVR,NYSE,,VA
CIK0000906345,CPT,CPT,CPT,906345,2022-04-04,,CAMDEN PROPERTY TRUST,sec_ticker+wiki_current_cik+wiki_snapshot_cik,high,2011-02-24,2026-07-31,,6798,Real Estate Investment Trusts,1231,CPT,NYSE,,TX
CIK0000906709,NKTR,NKTR,NKTR,906709,2018-03-19,2019-10-03,NEKTAR THERAPEUTICS,sec_ticker+wiki_snapshot_cik,high,2015-08-06,2026-08-14,,2834,Pharmaceutical Preparations,1231,NKTR,Nasdaq,INHALE THERAPEUTIC SYSTEMS INC (1998-10-15..2003-01-10); INHALE THERAPEUTIC SYSTEMS (1996-07-11..1998-05-14),DE
CIK0000908255,BWA,BWA,BWA,908255,2011-12-19,2025-03-24,BORGWARNER INC,sec_ticker+wiki_snapshot_cik,high,1996-05-15,2026-08-05,,3714,Motor Vehicle Parts & Accessories,1231,BWA,NYSE,BORG WARNER AUTOMOTIVE INC (1995-02-15..2000-02-15),DE
CIK0000909832,COST,COST,COST,909832,1996-01-02,,COSTCO WHOLESALE CORP /NEW,sec_ticker+wiki_current_cik+wiki_snapshot_cik,high,1994-01-05,2026-06-03,,5331,Retail-Variety Stores,0830,COST,Nasdaq,COSTCO COMPANIES INC (1997-12-18..1999-06-29); PRICE/COSTCO INC (1994-01-05..1997-01-06),WA
CIK0000909954,GMCR,,GMCR,909954,2014-03-24,2016-03-03,"KEURIG GREEN MOUNTAIN, INC.",wiki_snapshot_cik,high,2008-12-11,2016-02-01,,2090,Miscellaneous Food Preparations & Kindred Products,0926,,,GREEN MOUNTAIN COFFEE ROASTERS INC (2003-03-04..2014-03-06); GREEN MOUNTAIN COFFEE INC (1996-05-28..2003-02-14),DE
CIK0000910521,DECK,DECK,DECK,910521,2024-03-18,,DECKERS OUTDOOR CORP,name_of_ticker_holder+sec_ticker+wiki_current_cik+wiki_snapshot_cik,high,2017-07-28,2026-07-30,,3021,Rubber & Plastics Footwear,0331,DECK,NYSE,,DE
CIK0000910606,REG,REG,REG,910606,2017-03-02,,REGENCY CENTERS CORP,sec_ticker+wiki_current_cik+wiki_snapshot_cik,high,1996-05-08,2026-08-03,,6798,Real Estate Investment Trusts,1231,"REG,REGCO,REGCP","Nasdaq,Nasdaq,Nasdaq",REGENCY REALTY CORP (1994-02-11..2001-02-12),FL
CIK0000912093,VIAV,VIAV,JDSU,912093,2000-07-27,2013-12-23,VIAVI SOLUTIONS INC.,sec_ticker,high,1996-09-26,2026-08-13,,3674,Semiconductors & Related Devices,0627,VIAV,Nasdaq,JDS UNIPHASE CORP /CA/ (1999-11-15..2015-07-16); UNIPHASE CORP /CA/ (1996-02-14..1999-07-12),DE
CIK0000912242,MAC,MAC,MAC,912242,2013-05-09,2019-12-23,MACERICH CO,sec_ticker+wiki_snapshot_cik,high,2012-11-05,2026-08-05,,6798,Real Estate Investment Trusts,1231,MAC,NYSE,,MD
CIK0000912595,MAA,MAA,MAA,912595,2016-12-02,,MID AMERICA APARTMENT COMMUNITIES INC.,sec_ticker+wiki_current_cik+wiki_snapshot_cik,high,1996-05-14,2026-07-30,,6798,Real Estate Investment Trusts,1231,"MAA,MAA-PI","NYSE,NYSE",MID AMERICA APARTMENT COMMUNITIES INC (1995-02-03..2018-05-03),TN
CIK0000912615,URBN,URBN,URBN,912615,2010-02-08,2017-03-20,URBAN OUTFITTERS INC,sec_ticker+wiki_snapshot_cik,high,1996-06-14,2026-09-09,,5651,Retail-Family Clothing Stores,0131,URBN,Nasdaq,,PA
CIK0000912750,NFX,,NFX,912750,2010-12-20,2019-02-15,NEWFIELD EXPLORATION CO /DE/,wiki_snapshot_cik,high,2010-07-23,2018-10-31,,1311,Crude Petroleum & Natural Gas,1231,,,,DE
CIK0000914208,IVZ,IVZ,IVZ,914208,2008-08-21,,Invesco Ltd.,sec_ticker+wiki_current_cik+wiki_snapshot_cik,high,2007-11-09,2026-08-04,,6282,Investment Advice,1231,IVZ,NYSE,Invesco Asset Management Deutschland GMBH (2021-11-08..2021-11-08); Invesco Ltd (2008-05-09..2008-05-16); INVESCO PLC/LONDON/ (2007-05-31..2007-12-04); AMVESCAP PLC/LONDON/ (1999-12-23..2007-05-24); AMVESCAP /LONDON/ (1999-10-28..1999-12-17); INVESCO PLC /LONDON (1994-01-07..1994-01-07),D0
CIK0000915389,EMN,EMN,EMN,915389,1996-01-02,2025-11-04,EASTMAN CHEMICAL CO,sec_ticker+wiki_snapshot_cik,high,1996-08-06,2026-07-31,,2821,"Plastic Materials, Synth Resins & Nonvulcan Elastomers",1231,EMN,NYSE,,DE
CIK0000915912,AVB,,AVB,915912,2007-01-10,2026-08-18,AVALONBAY COMMUNITIES INC,wiki_snapshot_cik,high,1996-08-13,2026-07-30,,6798,Real Estate Investment Trusts,1231,,,AVALON BAY COMMUNITIES INC (1998-08-03..1998-10-06); BAY APARTMENT COMMUNITIES INC (1995-02-13..1998-06-02),MD
CIK0000915913,ALB,ALB,ALB,915913,2016-07-01,,ALBEMARLE CORP,sec_ticker+wiki_current_cik+wiki_snapshot_cik,high,2014-07-31,2026-08-05,,2821,"Plastic Materials, Synth Resins & Nonvulcan Elastomers",1231,"ALB,ALB-PA","NYSE,NYSE",,VA
CIK0000916076,MLM,MLM,MLM,916076,2014-07-02,,MARTIN MARIETTA MATERIALS INC,sec_ticker+wiki_current_cik+wiki_snapshot_cik,high,1996-05-14,2026-07-30,,1400,Mining & Quarrying of  Nonmetallic Minerals (No Fuels),1231,MLM,NYSE,,NC
CIK0000916365,TSCO,TSCO,TSCO,916365,2014-01-24,,TRACTOR SUPPLY CO /DE/,sec_ticker+wiki_current_cik+wiki_snapshot_cik,high,1996-08-02,2026-08-06,,5200,"Retail-Building Materials, Hardware, Garden Supply",1228,TSCO,Nasdaq,,DE
CIK0000916457,CPNLQ,,CPNLQ,916457,2000-12-01,2005-12-02,CALPINE CORP,analyst_hypothesis,medium,1996-05-15,2020-08-13,,4911,Electric Services,1231,,,,DE
CIK0000916863,TEG,,TEG,916863,2007-02-22,2015-06-30,"INTEGRYS HOLDING, INC.",wiki_snapshot_cik,high,2004-08-06,2015-08-05,,4931,Electric & Other Services Combined,1231,,,"INTEGRYS ENERGY GROUP, INC. (2007-02-23..2015-06-29); WPS RESOURCES CORP (1994-02-08..2007-02-21)",WI
CIK0000918040,UCM,,UCM,918040,1996-01-02,2000-10-23,UNICOM CORP,analyst_hypothesis,medium,1994-11-10,2000-08-11,,4911,Electric Services,1231,,,CECO HOLDING CO (1994-02-04..1994-03-14),IL
CIK0000918160,AKS,,AKS,918160,2008-07-01,2011-12-19,Cleveland-Cliffs Steel Holding Corp,name,high,1996-07-29,2020-03-10,,3312,"Steel Works, Blast Furnaces & Rolling Mills (Coke Ovens)",1231,,,AK STEEL HOLDING CORP (1995-02-14..2021-03-22),DE
CIK0000918386,QLGC,,QLGC,918386,2000-12-12,2011-01-18,QLOGIC CORP,name,high,1996-06-17,2016-08-08,,3576,Computer Communications Equipment,0330,,,Q LOGIC CORP (1996-11-12..1997-07-21),DE
CIK0000919623,QTRN,,QTRN,919623,1999-11-16,2003-09-26,QUINTILES TRANSNATIONAL CORP,name,high,1996-05-16,2005-11-14,,8731,Services-Commercial Physical & Biological Research,1231,,,,NC
CIK0000920148,LH,LH,LH,920148,2004-11-01,,LABCORP HOLDINGS INC.,sec_ticker+wiki_current_cik+wiki_snapshot_cik,high,1994-08-15,2026-08-05,,8071,Services-Medical Laboratories,1231,LH,NYSE,LABORATORY CORP OF AMERICA HOLDINGS (1995-09-26..2024-05-16); NATIONAL HEALTH LABORATORIES HOLDINGS INC (1994-07-08..1995-02-13),
CIK0000920448,BVSN,,BVSN,920448,2000-11-06,2001-09-04,BROADVISION INC,analyst_hypothesis,medium,1996-08-14,2019-11-19,,7372,Services-Prepackaged Software,1231,,,,DE
CIK0000920522,ESS,ESS,ESS,920522,2014-04-02,,"ESSEX PROPERTY TRUST, INC.",sec_ticker+wiki_current_cik+wiki_snapshot_cik,high,2013-02-25,2026-07-30,,6798,Real Estate Investment Trusts,1231,ESS,NYSE,ESSEX PORTFOLIO LP (2018-12-11..2018-12-11); ESSEX PROPERTY TRUST INC (1996-08-14..2018-12-10),MD
CIK0000920760,LEN,LEN,LEN,920760,2005-10-04,,LENNAR CORP /NEW/,sec_ticker+wiki_current_cik+wiki_snapshot_cik,high,1996-08-01,2026-06-29,,1520,General Bldg Contractors - Residential Bldgs,1130,"LEN,LEN-B","NYSE,NYSE",PACIFIC GREYSTONE CORP /DE/ (1996-06-27..1997-09-26),DE
CIK0000921738,PENN,PENN,PENN,921738,2021-03-22,2022-09-19,"PENN Entertainment, Inc.",sec_ticker+wiki_snapshot_cik,high,2014-05-01,2026-08-06,,7011,Hotels & Motels,1231,PENN,Nasdaq,PENN NATIONAL GAMING INC (1996-06-24..2022-06-15),PA
CIK0000921847,HCBK,,HCBK,921847,2007-02-15,2015-11-02,HUDSON CITY BANCORP INC,wiki_snapshot_cik,high,2004-03-15,2015-08-07,,6036,"Savings Institutions, Not Federally Chartered",1231,,,,DE
CIK0000922224,PPL,PPL,PPL,922224,1996-01-02,,PPL Corp,sec_ticker+wiki_current_cik+wiki_snapshot_cik,high,1995-08-11,2026-08-07,,4911,Electric Services,1231,"PPL,PPLC","NYSE,NYSE",PP&L RESOURCES INC (1995-04-27..2000-02-07),
CIK0000922621,ERIE,ERIE,ERIE,922621,2024-09-23,,ERIE INDEMNITY CO,sec_ticker+wiki_current_cik+wiki_snapshot_cik,high,2021-04-29,2026-07-30,,6411,"Insurance Agents, Brokers & Service",1231,ERIE,Nasdaq,,PA
CIK0000922864,AIV,AIV,AIV,922864,2003-03-14,2020-12-21,APARTMENT INVESTMENT & MANAGEMENT CO,sec_ticker+wiki_snapshot_cik,high,1996-05-14,2026-08-07,,6798,Real Estate Investment Trusts,1231,AIV,NYSE,,MD
CIK0000925260,TMC,,TMC,925260,1996-01-02,2000-06-13,TIMES MIRROR CO /NEW/,name,high,1995-03-29,2000-05-10,,2711,Newspapers: Publishing or  Publishing & Printing,1231,,,,DE
CIK0000925260.TMC-A,TMC-A,,TMC.A,925260,1996-01-02,2000-06-13,TIMES MIRROR CO /NEW/,analyst_hypothesis,medium,1995-03-29,2000-05-10,,2711,Newspapers: Publishing or  Publishing & Printing,1231,,,,DE
CIK0000927066,DVA,DVA,DVA,927066,2008-07-31,,DAVITA INC.,sec_ticker+wiki_current_cik+wiki_snapshot_cik,high,2003-05-08,2026-08-04,,8090,"Services-Misc Health & Allied Services, NEC",1231,DVA,NYSE,DAVITA HEALTHCARE PARTNERS INC. (2012-08-02..2016-08-12); DAVITA INC (2000-11-17..2012-11-02); TOTAL RENAL CARE HOLDINGS INC (1996-08-14..2000-01-28),DE
CIK0000927628,COF,COF,COF,927628,1998-07-01,,CAPITAL ONE FINANCIAL CORP,sec_ticker+wiki_current_cik+wiki_snapshot_cik,high,1996-08-14,2026-07-28,,6021,National Commercial Banks,1231,"COF,COF-PI,COF-PJ,COF-PK,COF-PL,COF-PN","NYSE,NYSE,NYSE,NYSE,NYSE,NYSE",,DE
CIK0000927653,MCK,MCK,MCK,927653,1999-01-13,,MCKESSON CORP,sec_ticker+wiki_current_cik+wiki_snapshot_cik,high,1995-02-13,2026-08-05,,5122,"Wholesale-Drugs, Proprietaries & Druggists' Sundries",0331,MCK,NYSE,MCKESSON HBOC INC (1999-09-10..2001-08-13),DE
CIK0000929887,APOL,,APOL,929887,2002-05-15,2013-07-01,APOLLO EDUCATION GROUP INC,name,high,1995-06-28,2017-01-09,,8200,Services-Educational Services,0831,,,APOLLO GROUP INC (1995-06-28..2013-11-15),AZ
CIK0000929987,GDT,,GDT,929987,1996-12-19,2006-04-24,GUIDANT CORP,analyst_hypothesis,medium,1996-08-02,2006-02-22,,3841,Surgical & Medical Instruments & Apparatus,1217,,,,IN
CIK0000931336,DF,,DF,931336,2006-04-03,2013-05-24,DEAN FOODS CO,name,high,1996-05-15,2020-03-20,,2020,Dairy Products,1231,,,DEAN FOODS CO/ (2001-12-21..2006-10-03); SUIZA FOODS CORP (1996-10-01..2001-08-10),DE
CIK0000933136,WM,,WM,933136,1997-07-02,2008-09-30,"Maverick Merger Sub 2, LLC",analyst_hypothesis+name,high,1996-05-15,2025-07-23,,6199,Finance Services,1231,,,"Mr. Cooper Group Inc. (2018-10-10..2025-10-01); WMIH CORP. (2015-05-13..2018-09-14); WMI HOLDINGS CORP. (2012-01-25..2015-05-08); WASHINGTON MUTUAL, INC (2006-09-19..2012-03-20); WASHINGTON MUTUAL INC (1995-03-29..2006-10-12)",DE
CIK0000934612,BNI,,BNI,934612,1996-01-02,2010-02-16,"BURLINGTON NORTHERN SANTA FE, LLC",name,high,1995-11-13,2026-08-10,,4011,"Railroads, Line-Haul Operating",1231,,,BURLINGTON NORTHERN SANTA FE CORP (1995-12-08..2010-02-11); BURLINGTON NORTHERN SANTE FE CORP (1995-09-22..1995-09-22); BNSF CORP (1994-12-23..1995-09-12),
CIK0000935703,DLTR,DLTR,DLTR,935703,2011-12-19,,"DOLLAR TREE, INC.",sec_ticker+wiki_current_cik+wiki_snapshot_cik,high,1996-05-15,2026-08-27,,5331,Retail-Variety Stores,0130,DLTR,Nasdaq,DOLLAR TREE INC (2008-02-01..2019-07-12); DOLLAR TREE STORES INC (1996-12-09..2008-03-28),VA
CIK0000936340,DTE,DTE,DTE,936340,1996-01-02,,DTE ENERGY CO,sec_ticker+wiki_current_cik+wiki_snapshot_cik,high,1996-03-26,2026-07-28,,4911,Electric Services,1231,"DTE,DTW,DTB,DTG,DTK","NYSE,NYSE,NYSE,NYSE,NYSE",DTE HOLDINGS INC (1995-03-09..1995-02-01),MI
CIK0000936395,CIEN,CIEN,CIEN,936395,2001-08-30,,CIENA CORP,sec_ticker+wiki_current_cik+wiki_snapshot_cik,high,1997-03-17,2026-09-03,,3661,Telephone & Telegraph Apparatus,1031,CIEN,NYSE,,MD
CIK0000936468,LMT,LMT,LMT,936468,1996-01-02,,LOCKHEED MARTIN CORP,sec_ticker+wiki_current_cik+wiki_snapshot_cik,high,1995-05-10,2026-07-23,,3760,Guided Missiles & Space Vehicles & Parts,1231,LMT,NYSE,LOCKHEED MARTIN CORP (1995-03-09..2026-08-28),MD
CIK0000940944,DRI,DRI,DRI,940944,1996-01-02,,DARDEN RESTAURANTS INC,sec_ticker+wiki_current_cik+wiki_snapshot_cik,high,1996-08-16,2026-07-24,,5812,Retail-Eating  Places,0531,DRI,NYSE,,FL
CIK0000941548,CAM,,CAM,941548,2008-01-29,2016-04-04,CAMERON INTERNATIONAL CORP,wiki_snapshot_cik,high,1996-05-13,2016-04-01,,3533,Oil & Gas Field Machinery & Equipment,1231,,,COOPER CAMERON CORP (1995-08-10..2006-05-17),DE
CIK0000943452,WAB,WAB,WAB,943452,2019-02-27,,WESTINGHOUSE AIR BRAKE TECHNOLOGIES CORP,sec_ticker+wiki_current_cik+wiki_snapshot_cik,high,2018-07-31,2026-07-22,,3743,Railroad Equipment,1231,WAB,NYSE,WABTEC CORP (2000-01-14..2000-01-14); WESTINGHOUSE AIR BRAKE CO /DE/ (1996-08-07..1999-11-19),DE
CIK0000943819,RMD,RMD,RMD,943819,2017-07-26,,RESMED INC,sec_ticker+wiki_current_cik+wiki_snapshot_cik,high,1996-05-14,2026-08-13,,3841,Surgical & Medical Instruments & Apparatus,0630,"RMD,RSMDF","NYSE,OTC",,DE
CIK0000945436,WFR,,SUNEQ,945436,2007-05-31,2011-12-19,"SUNEDISON, INC.",name,high,2006-08-10,2015-11-09,,3674,Semiconductors & Related Devices,1231,,,MEMC ELECTRONIC MATERIALS INC (1996-08-12..2013-05-24),DE
CIK0000945764,DNR,,DNR,945764,2009-04-02,2015-03-23,DENBURY INC,wiki_snapshot_cik,high,1996-08-14,2023-11-21,,1311,Crude Petroleum & Natural Gas,1231,,,DENBURY RESOURCES INC (1996-09-04..2020-09-15),DE
CIK0000945841,POOL,POOL,POOL,945841,2020-10-07,2026-06-22,POOL CORP,sec_ticker+wiki_snapshot_cik,high,2012-05-01,2026-07-29,,5090,Wholesale-Misc Durable Goods,1231,POOL,Nasdaq,SCP POOL CORP (1996-08-26..2006-05-11),DE
CIK0000946581,TTWO,TTWO,TTWO,946581,2018-03-19,,TAKE TWO INTERACTIVE SOFTWARE INC,sec_ticker+wiki_current_cik+wiki_snapshot_cik,high,2015-02-06,2026-08-07,,7372,Services-Prepackaged Software,0331,TTWO,Nasdaq,,DE
CIK0000947484,ACGL,ACGL,ACGL,947484,2022-11-01,,ARCH CAPITAL GROUP LTD.,sec_ticker+wiki_current_cik+wiki_snapshot_cik,high,2014-08-08,2026-08-04,,6331,"Fire, Marine & Casualty Insurance",1231,"ACGL,ACGLN,ACGLO","Nasdaq,Nasdaq,Nasdaq",ARCH CAPITAL GROUP LTD (2000-05-15..2005-03-10); RISK CAPITAL HOLDINGS INC (1996-11-07..2000-03-16),
CIK0000949039,DO,,DO,949039,2009-02-26,2016-10-03,"DIAMOND OFFSHORE DRILLING, INC.",wiki_snapshot_cik,high,1996-07-29,2024-08-07,,1381,Drilling Oil & Gas Wells,1231,,,DIAMOND OFFSHORE DRILLING INC (1996-05-23..2017-01-30),DE
CIK0000949061,UPR,,UPR,949061,1996-10-16,2000-07-17,UNION PACIFIC RESOURCES GROUP INC,analyst_hypothesis,medium,1996-05-14,2000-05-15,,1311,Crude Petroleum & Natural Gas,1231,,,,UT
CIK0000949573,PNU,,PNU,949573,1996-01-02,2000-04-03,PHARMACIA & UPJOHN INC,analyst_hypothesis,medium,1996-04-01,2000-03-20,,2834,Pharmaceutical Preparations,1231,,,,DE
CIK0001000180,SNDK,,SNDK,1000180,2006-04-20,2016-05-12,SANDISK CORP,wiki_snapshot_cik,high,1996-08-14,2016-05-02,,3572,Computer Storage Devices,1229,,,,DE
CIK0001000228,HSIC,HSIC,HSIC,1000228,2015-03-18,,HENRY SCHEIN INC,sec_ticker+wiki_current_cik+wiki_snapshot_cik,high,1996-05-13,2026-08-04,,5047,"Wholesale-Medical, Dental & Hospital Equipment & Supplies",1226,HSIC,Nasdaq,SCHEIN HENRY INC (1996-05-13..2006-06-19),DE
CIK0001000697,WAT,WAT,WAT,1000697,2002-01-02,,WATERS CORP /DE/,sec_ticker+wiki_current_cik+wiki_snapshot_cik,high,1996-08-13,2026-08-11,,3826,Laboratory Analytical Instruments,1231,WAT,NYSE,,DE
CIK0001000736,CMX,,CMX,1000736,2004-03-25,2007-03-23,CAREMARK RX INC,analyst_hypothesis,medium,1996-05-15,2007-02-27,,5912,Retail-Drug Stores and Proprietary Stores,1231,,,MEDPARTNERS INC (1996-10-04..1999-09-14); MEDPARTNERS INC /DE/ (1996-09-12..1996-09-12); MEDPARTNERS MULLIKIN INC (1996-05-15..1996-09-04),DE
CIK0001001082,DISH,,DISH,1001082,2017-03-13,2023-06-20,DISH Network CORP,wiki_snapshot_cik,high,2013-08-06,2025-11-14,,4841,Cable & Other Pay Television Services,1231,,,ECHOSTAR COMMUNICATIONS CORP (1996-08-13..2008-01-14),NV
CIK0001001250,EL,EL,EL,1001250,2006-01-05,,ESTEE LAUDER COMPANIES INC,sec_ticker+wiki_current_cik+wiki_snapshot_cik,high,1996-10-30,2026-08-19,,2844,"Perfumes, Cosmetics & Other Toilet Preparations",0630,EL,NYSE,,DE
CIK0001001288,LXK,,LXK,1001288,1999-08-13,2012-10-01,LEXMARK INTERNATIONAL INC /KY/,name,high,1996-08-08,2016-11-04,,3570,Computer & office Equipment,1231,,,LEXMARK INTERNATIONAL GROUP INC (1996-11-06..2000-03-23),DE
CIK0001002047,NTAP,NTAP,NTAP,1002047,1999-06-25,,"NetApp, Inc.",sec_ticker+wiki_current_cik+wiki_snapshot_cik,high,1996-07-25,2026-09-02,,3572,Computer Storage Devices,0424,NTAP,Nasdaq,NETWORK APPLIANCE INC (1996-10-29..2008-05-12),CA
CIK0001002910,AEE,AEE,AEE,1002910,1996-01-02,,AMEREN CORP,sec_ticker+wiki_current_cik+wiki_snapshot_cik,high,1998-03-30,2026-08-03,CIK filings start after membership start (predecessor registrant not mapped; fundamentals before cik_first_report will be missing),4931,Electric & Other Services Combined,1231,AEE,NYSE,,MO
CIK0001004155,GAS,,GAS,1004155,2011-12-13,2016-07-01,SOUTHERN CO GAS,wiki_snapshot_cik,high,2011-08-03,2026-07-30,,4924,Natural Gas Distribution,1231,,,AGL RESOURCES INC (1996-04-22..2016-07-11),GA
CIK0001004434,AMG,AMG,AMG,1004434,2014-07-01,2019-12-23,"AFFILIATED MANAGERS GROUP, INC.",sec_ticker+wiki_snapshot_cik,high,2013-05-07,2026-08-07,,6282,Investment Advice,1231,"AMG,MGR,MGRB,MGRD,MGRE","NYSE,NYSE,NYSE,NYSE,NYSE",AFFILIATED MANAGERS GROUP INC (1997-10-20..2013-09-20),DE
CIK0001004440,CEG,,CEG,1004440,1996-01-02,2012-03-13,CONSTELLATION ENERGY GROUP INC,name,high,1997-05-14,2012-04-27,,4911,Electric Services,1231,,,CONSTELLATION ENERGY CORP (1996-01-26..1998-01-29); RH ACQUISITION CORP (1995-12-07..1995-12-07),MD
CIK0001004858,NCE,,NCE,1004858,1998-11-03,2000-08-21,NEW CENTURY ENERGIES INC,analyst_hypothesis,medium,1996-03-27,2000-08-07,,4931,Electric & Other Services Combined,1231,,,,DE
CIK0001004980,PCG,PCG,PCG,1004980,1996-01-02,,PG&E Corp,sec_ticker+wiki_current_cik+wiki_snapshot_cik,high,1997-03-04,2026-07-23,,4931,Electric & Other Services Combined,1231,"PCG,PCG-PE,PCG-PD,PCG-PC,PCG-PH,PCG-PG,PCG-PI,PCG-PA,PCG-PB,PCG-PX","NYSE,NYSE,NYSE,NYSE,NYSE,NYSE,NYSE,NYSE,NYSE,NYSE",PG&E CORP (2012-08-09..2026-09-25); PG&E Corp (2012-08-09..2026-09-25); PG&E PARENT CO INC (1996-12-06..1996-02-21),CA
CIK0001005414,TOY,,TOY,1005414,1996-01-02,2005-07-22,TOYS R US INC,analyst_hypothesis,medium,1996-04-25,2017-12-19,,5945,"Retail-Hobby, Toy & Game Shops",0130,,,TOYS R US INC / (1996-01-02..1996-01-02),DE
CIK0001006240,LU,,LU,1006240,1996-10-01,2006-12-01,ALCATEL-LUCENT USA INC.,analyst_hypothesis,medium,1996-05-17,2006-12-14,,3661,Telephone & Telegraph Apparatus,0930,,,LUCENT TECHNOLOGIES INC (1996-02-26..2008-06-18),DE
CIK0001006835,SEBL,,SEBL,1006835,2000-05-05,2006-02-01,SIEBEL SYSTEMS INC,analyst_hypothesis,medium,1996-08-14,2005-11-07,,7372,Services-Prepackaged Software,1231,,,,DE
CIK0001007456,EDS,,EDS,1007456,1998-08-11,2008-08-26,ELECTRONIC DATA SYSTEMS CORP /DE/,name,high,1996-05-29,2008-08-01,,7370,"Services-Computer Programming, Data Processing, Etc.",1231,,,ELECTRONIC DATA SYSTEMS HOLDING CORP (1996-05-29..1996-06-07),DE
CIK0001008654,TUP,,TUP,1008654,1996-05-31,2004-03-25,TUPPERWARE BRANDS CORP,analyst_hypothesis,medium,1996-05-30,2024-03-29,,3089,"Plastics Products, NEC",1230,,,TUPPERWARE CORP (1996-03-04..2005-12-05),DE
CIK0001008817,SAPE,,SAPE,1008817,2000-05-05,2002-05-13,SAPIENT CORP,analyst_hypothesis,medium,1996-05-17,2014-11-06,,7373,Services-Computer Integrated Systems Design,1231,,,,DE
CIK0001010775,MIR,,MIR,1010775,2001-04-03,2003-07-17,MIRANT CORP,analyst_hypothesis,medium,2000-11-14,2010-11-05,,4911,Electric Services,1231,,,SOUTHERN ENERGY INC (1998-07-29..2001-01-30); SEI HOLDINGS INC (1996-10-28..1997-06-17),DE
CIK0001011006,YHOO,,YHOO,1011006,1999-12-08,2017-06-19,ALTABA INC.,wiki_snapshot_cik,high,1996-08-14,2017-05-09,,,,1231,,,YAHOO INC (1996-08-14..2017-06-15),DE
CIK0001011657,TIE,,TIE,1011657,2007-10-29,2012-12-24,TITANIUM METALS CORP,name,high,1998-11-16,2012-11-13,,3341,Secondary Smelting & Refining of  Nonferrous Metals,1231,,,,DE
CIK0001012100,GRA,,GRA,1012100,1998-03-24,2000-12-11,SEALED AIR CORP/DE,name,high,1996-11-14,2026-03-02,,2820,"Plastic Material, Synth Resin/Rubber, Cellulos (No Glass)",1231,,,WR GRACE & CO/DE (1996-11-19..1998-03-30); GRACE HOLDING INC (1996-08-09..1996-10-07); GRACE HOLDINGING INC (1996-08-02..1996-08-02),DE
CIK0001012100.SEE,SEE,,SEE,1012100,1998-04-01,2023-12-18,SEALED AIR CORP/DE,wiki_snapshot_cik,high,1996-11-14,2026-03-02,,2820,"Plastic Material, Synth Resin/Rubber, Cellulos (No Glass)",1231,,,WR GRACE & CO/DE (1996-11-19..1998-03-30); GRACE HOLDING INC (1996-08-09..1996-10-07); GRACE HOLDINGING INC (1996-08-02..1996-08-02),DE
CIK0001013220,WLP,,WLP,1013220,1999-06-09,2004-12-01,WELLPOINT HEALTH NETWORKS INC /DE/,name,high,1996-08-14,2004-11-09,,6324,Hospital & Medical Service Plans,1231,,,WELLPOINT HEALTH NETWORKS INC /CA/ (1996-08-14..1997-08-05); BLUE CROSS OF CALIFORNIA /CA/ (1996-05-10..1996-05-20),DE
CIK0001013237,FDS,FDS,FDS,1013237,2021-12-20,,FACTSET RESEARCH SYSTEMS INC,sec_ticker+wiki_current_cik+wiki_snapshot_cik,high,2014-10-30,2026-07-01,,7370,"Services-Computer Programming, Data Processing, Etc.",0831,FDS,NYSE,,DE
CIK0001013462,ANSS,,ANSS,1013462,2017-06-19,2025-07-18,ANSYS INC,wiki_snapshot_cik,high,2014-02-27,2025-04-30,,7372,Services-Prepackaged Software,1231,,,,DE
CIK0001013871,NRG,NRG,NRG,1013871,2010-01-29,,"NRG ENERGY, INC.",sec_ticker+wiki_current_cik+wiki_snapshot_cik,high,2004-03-16,2026-08-04,,4911,Electric Services,1231,NRG,NYSE,"NRG ENERGY, INC. (2004-12-02..2026-09-09); NRG ENERGY INC (1996-05-10..2004-11-09)",DE
CIK0001014473,VRSN,VRSN,VRSN,1014473,2006-02-01,,VERISIGN INC/CA,sec_ticker+wiki_current_cik+wiki_snapshot_cik,high,1998-05-11,2026-07-23,,7371,Services-Computer Programming Services,1231,VRSN,Nasdaq,,DE
CIK0001015780,ETFC,,ETFC,1015780,2004-04-01,2020-10-07,E TRADE FINANCIAL CORP,wiki_snapshot_cik,high,1996-12-24,2020-08-05,,6035,"Savings Institution, Federally Chartered",1231,,,E TRADE GROUP INC (1996-06-07..2003-10-01),DE
CIK0001017008,UVN,,UVN,1017008,2001-02-07,2007-03-29,UNIVISION COMMUNICATIONS INC,analyst_hypothesis,medium,1996-11-14,2009-05-15,,4833,Television Broadcasting Stations,1231,,,,DE
CIK0001018724,AMZN,AMZN,AMZN,1018724,2005-11-21,,AMAZON COM INC,sec_ticker+wiki_current_cik+wiki_snapshot_cik,high,2000-03-29,2026-07-31,,5961,Retail-Catalog & Mail-Order Houses,1231,AMZN,Nasdaq,,DE
CIK0001018840,ANF,ANF,ANF,1018840,2007-03-29,2013-12-23,ABERCROMBIE & FITCH CO /DE/,sec_ticker,high,1996-12-13,2026-09-04,,5651,Retail-Family Clothing Stores,0130,ANF,NYSE,ABERCROMBIE & FITCH CO /DE/ (1996-09-26..2026-09-09),OH
CIK0001018963,ATI,ATI,ATI,1018963,1996-01-02,2015-07-02,ATI INC,sec_ticker+wiki_snapshot_cik,high,1996-11-14,2026-08-06,,3317,Steel Pipe & Tubes,1228,ATI,NYSE,ALLEGHENY TECHNOLOGIES INC (1999-12-13..2022-06-22); ALLEGHENY TELEDYNE INC (1996-07-17..1999-08-25),DE
CIK0001020265,TSG,,TSG,1020265,2000-03-16,2007-04-02,SABRE HOLDINGS CORP,name,high,1996-11-21,2007-02-23,,4700,Transportation Services,1231,,,SABRE HOLDING CORP (1999-10-06..2000-02-09); SABRE GROUP HOLDINGS INC (1996-08-08..1999-03-31),DE
CIK0001020416,MWW,,MNST,1020416,2001-06-04,2011-12-19,"MONSTER WORLDWIDE, INC.",name,high,1997-03-28,2016-10-31,,7363,Services-Help Supply Services,1231,,,MONSTER WORLDWIDE INC (2003-05-01..2011-10-31); TMP WORLDWIDE INC (1996-12-27..2003-04-30); TMP WORLDWIDE INC /FA/ (1996-09-23..1996-09-23),DE
CIK0001020569,IRM,IRM,IRM,1020569,2009-01-06,,IRON MOUNTAIN INC,sec_ticker+wiki_current_cik+wiki_snapshot_cik,high,1996-12-05,2026-08-05,,6798,Real Estate Investment Trusts,1231,IRM,NYSE,IRON MOUNTAIN INC/PA (2000-02-14..2005-06-09); PIERCE LEAHY CORP (1996-11-13..1999-02-16),DE
CIK0001021387,TWX,,TWX,1021387,1996-01-02,2001-01-12,HISTORIC TW INC,analyst_hypothesis,medium,1997-03-25,2000-11-13,,7812,Services-Motion Picture & Video Tape Production,1231,,,TIME WARNER INC/ (1996-10-22..2002-02-11); TW INC (1996-10-15..1996-10-11),DE
CIK0001021860,NOV,NOV,NOV,1021860,2005-03-14,2021-09-20,NOV Inc.,sec_ticker+wiki_snapshot_cik,high,1996-12-12,2026-07-29,,3533,Oil & Gas Field Machinery & Equipment,1231,NOV,NYSE,NATIONAL OILWELL VARCO INC (2005-03-11..2020-12-22); NATIONAL OILWELL INC (1996-10-04..2005-03-08),DE
CIK0001022079,DGX,DGX,DGX,1022079,2002-12-12,,QUEST DIAGNOSTICS INC,sec_ticker+wiki_current_cik+wiki_snapshot_cik,high,1997-03-19,2026-07-23,,8071,Services-Medical Laboratories,1231,DGX,NYSE,CORNING CLINICAL LABORATORIES INC (1996-12-13..1997-03-19),DE
CIK0001022671,STLD,STLD,STLD,1022671,2022-12-22,,STEEL DYNAMICS INC,sec_ticker+wiki_current_cik+wiki_snapshot_cik,high,2019-05-10,2026-07-28,,3312,"Steel Works, Blast Furnaces & Rolling Mills (Coke Ovens)",1231,STLD,Nasdaq,STEEL DYNAMICS INC (1996-11-20..2026-09-18),IN
CIK0001023291,TXU,,TXU,1023291,1996-01-02,2007-10-10,Energy Future Holdings Corp /TX/,name,high,1997-11-14,2016-11-01,CIK filings start after membership start (predecessor registrant not mapped; fundamentals before cik_first_report will be missing),4911,Electric Services,1231,,,TXU CORP /TX/ (2000-05-23..2007-10-05); TEXAS UTILITIES CO /TX/ (1997-10-20..2000-01-19); TEXAS UTILITIES CO /DE/ (1997-08-05..1997-08-05); TUC HOLDING CO (1996-11-06..1997-08-05),
CIK0001024305,COTY,COTY,COTY,1024305,2016-10-03,2020-09-21,COTY INC.,sec_ticker+wiki_snapshot_cik,high,2014-11-06,2026-08-20,,2844,"Perfumes, Cosmetics & Other Toilet Preparations",0630,COTY,NYSE,COTY INC / (2007-03-23..2013-06-13),
CIK0001024401,ENRNQ,,ENRNQ,1024401,1996-01-02,2001-11-30,ENRON CORP/OR/,analyst_hypothesis,medium,1996-11-25,2001-11-19,,6200,"Security & Commodity Brokers, Dealers, Exchanges & Services",1231,,,ENRON OREGON CORP (1996-11-25..1997-05-16),OR
CIK0001024478,ROK,ROK,ROK,1024478,1996-01-02,,"ROCKWELL AUTOMATION, INC",sec_ticker+wiki_current_cik+wiki_snapshot_cik,high,1996-12-19,2026-08-04,,3829,"Measuring & Controlling Devices, NEC",0930,ROK,NYSE,ROCKWELL AUTOMATION INC (2006-11-09..2019-06-19); ROCKWELL  AUTOMATION INC (2002-06-28..2006-11-07); ROCKWELL INTERNATIONAL CORP (1997-06-30..2002-05-07); NEW ROCKWELL INTERNATIONAL CORP (1996-11-27..1997-01-03),DE
CIK0001026214,FMCC,FMCC,FRE,1026214,1996-01-02,2008-09-11,FEDERAL HOME LOAN MORTGAGE CORP,sec_ticker,high,2008-08-06,2026-07-30,CIK filings start after membership start (predecessor registrant not mapped; fundamentals before cik_first_report will be missing),6111,Federal & Federally-Sponsored Credit Agencies,1231,"FMCC,FREJO,FMCCG,FMCCJ,FMCCL,FMCKL,FMCCS,FMCCO,FMCKN,FREJN,FMCCN,FMCKO,FMCKJ,FMCKM,FREGP,FMCCH,FMCCK,FMCCP,FMCCM,FMCKP,FMCCI,FMCCT,FMCKI,FMCKK,FREJP","OTC,OTC,OTC,OTC,OTC,OTC,OTC,OTC,OTC,OTC,OTC,OTC,OTC,OTC,OTC,OTC,OTC,OTC,OTC,OTC,OTC,OTC,OTC,OTC,OTC",,
CIK0001030048,YNR,,YNR,1030048,2000-01-06,2000-10-03,YOUNG & RUBICAM INC.,analyst_hypothesis,medium,1998-06-25,2000-08-03,,7311,Services-Advertising Agencies,1231,,,YOUNG & RUBICAM INC (1998-05-27..2001-02-22),DE
CIK0001031296,FE,FE,FE,1031296,1996-01-02,,FIRSTENERGY CORP,sec_ticker+wiki_current_cik+wiki_snapshot_cik,high,1998-03-30,2026-07-28,CIK filings start after membership start (predecessor registrant not mapped; fundamentals before cik_first_report will be missing),4911,Electric Services,1231,FE,NYSE,,OH
CIK0001032033,SLM,SLM,SLM,1032033,1998-07-01,2014-05-01,SLM Corp,sec_ticker,high,1997-08-06,2026-07-23,,6141,Personal Credit Institutions,1231,"SLM,SLMBP","Nasdaq,Nasdaq",USA EDUCATION INC (2000-11-07..2002-05-15); SLM HOLDING CORP (1997-04-01..2000-06-14),DE
CIK0001032208,SRE,SRE,SRE,1032208,1998-06-29,,SEMPRA,sec_ticker+wiki_current_cik+wiki_snapshot_cik,high,1998-08-14,2026-08-06,,4932,Gas & Other Services Combined,1231,"SRE,SREA","NYSE,NYSE",SEMPRA ENERGY (1998-08-14..2023-05-15); MINERAL ENERGY CO (1997-03-26..1998-06-05),CA
CIK0001034054,SBAC,SBAC,SBAC,1034054,2017-09-01,,SBA COMMUNICATIONS CORP,sec_ticker+wiki_current_cik+wiki_snapshot_cik,high,2014-05-09,2026-08-06,,6798,Real Estate Investment Trusts,1231,SBAC,Nasdaq,,FL
CIK0001035002,VLO,VLO,VLO,1035002,2004-04-29,,VALERO ENERGY CORP/TX,sec_ticker+wiki_current_cik+wiki_snapshot_cik,high,1997-06-27,2026-07-30,,2911,Petroleum Refining,1231,VLO,NYSE,VALERO REFINING & MARKETING CO (1997-05-13..1997-07-21),DE
CIK0001035267,ISRG,ISRG,ISRG,1035267,2008-06-02,,INTUITIVE SURGICAL INC,sec_ticker+wiki_current_cik+wiki_snapshot_cik,high,2000-08-14,2026-07-21,,3842,"Orthopedic, Prosthetic & Surgical Appliances & Supplies",1231,ISRG,Nasdaq,,DE
CIK0001035443,ARE,ARE,ARE,1035443,2017-03-20,,"ALEXANDRIA REAL ESTATE EQUITIES, INC.",sec_ticker+wiki_current_cik+wiki_snapshot_cik,high,1997-08-14,2026-08-03,,6798,Real Estate Investment Trusts,1231,ARE,NYSE,"ALEXANDRIA REAL ESTATE EQUITIES, INC. (2019-08-12..2026-09-24); ALEXANDRIA REAL ESTATE EQUITIES INC (1997-05-22..2019-08-09)",MD
CIK0001035713,PVN,,PVN,1035713,1997-06-11,2005-10-03,PROVIDIAN FINANCIAL CORP,analyst_hypothesis,medium,1997-08-14,2005-08-09,,6021,National Commercial Banks,1231,,,PROVIDIAN BANCORP INC (1997-04-17..1997-04-17),DE
CIK0001035983,FIX,FIX,FIX,1035983,2025-12-22,,COMFORT SYSTEMS USA INC,sec_ticker+wiki_current_cik+wiki_snapshot_cik,high,2013-05-01,2026-07-23,,1731,Electrical Work,1231,FIX,NYSE,COMFORT SYSTEMS USA INC (1997-06-02..2026-08-27),
CIK0001037038,RL,RL,RL,1037038,2007-02-02,,RALPH LAUREN CORP,sec_ticker+wiki_current_cik+wiki_snapshot_cik,high,1997-08-12,2026-08-06,,2320,"Men's & Boys' Furnishgs, Work Clothg, & Allied Garments",0328,RL,NYSE,POLO RALPH LAUREN CORP (1997-06-12..2011-08-11),DE
CIK0001037540,BXP,BXP,BXP,1037540,2006-04-03,,"BXP, Inc.",sec_ticker+wiki_current_cik+wiki_snapshot_cik,high,2000-03-24,2026-08-06,,6798,Real Estate Investment Trusts,1231,BXP,NYSE,BOSTON PROPERTIES INC (1997-12-16..2024-06-20),DE
CIK0001037646,MTD,MTD,MTD,1037646,2016-09-06,,METTLER TOLEDO INTERNATIONAL INC/,sec_ticker+wiki_current_cik+wiki_snapshot_cik,high,2014-02-07,2026-07-31,,3826,Laboratory Analytical Instruments,1231,MTD,NYSE,MT INVESTORS INC/ (1997-12-16..1998-02-13); METTLER TOLEDO INTERNATIONAL INC (1997-11-17..1997-11-17); MT INVESTORS INC (1997-10-21..1997-11-10),DE
CIK0001037868,AME,AME,AME,1037868,2013-09-23,,AMETEK INC/,sec_ticker+wiki_current_cik+wiki_snapshot_cik,high,2000-08-08,2026-08-04,,3823,"Industrial Instruments For Measurement, Display, and Control",1231,AME,NYSE,,DE
CIK0001038339,EOP,,EOP,1038339,2001-10-10,2007-02-12,EQUITY OFFICE PROPERTIES TRUST,analyst_hypothesis,medium,1997-08-21,2006-11-07,,6798,Real Estate Investment Trusts,1231,,,,MD
CIK0001038357,PXD,,PXD,1038357,2008-09-24,2024-05-08,PIONEER NATURAL RESOURCES CO,wiki_snapshot_cik,high,1997-08-14,2024-05-02,,1311,Crude Petroleum & Natural Gas,1231,,,,DE
CIK0001039101,LLL,,LLL,1039101,2004-12-01,2019-07-01,"L3 TECHNOLOGIES, INC.",wiki_snapshot_cik,high,1997-11-14,2019-05-01,,3663,Radio & Tv Broadcasting & Communications Equipment,1231,,,L 3 COMMUNICATIONS CORP (1997-09-12..2016-12-07),DE
CIK0001039684,OKE,OKE,OKE,1039684,1996-01-02,,ONEOK INC /NEW/,sec_ticker+wiki_current_cik+wiki_snapshot_cik,high,1998-01-14,2026-08-04,CIK filings start after membership start (predecessor registrant not mapped; fundamentals before cik_first_report will be missing),4923,Natural Gas Transmisison & Distribution,1231,OKE,NYSE,ONEOK INC /NEW/ (1997-11-28..2026-09-24); WAI INC (1997-11-21..1997-11-28),OK
CIK0001040971,SLG,SLG,SLG,1040971,2015-03-23,2021-03-22,SL GREEN REALTY CORP,sec_ticker+wiki_snapshot_cik,high,2012-11-07,2026-08-06,,6798,Real Estate Investment Trusts,1231,"SLG,SLG-PI","NYSE,NYSE",,MD
CIK0001041061,YUM,YUM,YUM,1041061,1997-10-07,,YUM BRANDS INC,sec_ticker+wiki_current_cik+wiki_snapshot_cik,high,1997-10-21,2026-08-05,,5812,Retail-Eating  Places,1231,YUM,NYSE,TRICON GLOBAL RESTAURANTS INC (1997-08-20..2002-05-03),NC
CIK0001042825,PWER,,PWER,1042825,2000-10-23,2005-03-14,POWER ONE INC,analyst_hypothesis,medium,1997-11-12,2013-05-10,,3679,"Electronic Components, NEC",1230,,,,DE
CIK0001043277,CHRW,CHRW,CHRW,1043277,2007-03-02,,"C. H. ROBINSON WORLDWIDE, INC.",sec_ticker+wiki_current_cik+wiki_snapshot_cik,high,1997-11-14,2026-07-31,,4731,Arrangement of  Transportation of  Freight & Cargo,1231,CHRW,Nasdaq,C H ROBINSON WORLDWIDE INC (1997-10-09..2019-07-02),DE
CIK0001043604,JNPR,,JNPR,1043604,2006-06-02,2025-07-09,JUNIPER NETWORKS INC,wiki_snapshot_cik,high,1999-07-30,2025-05-09,,3576,Computer Communications Equipment,1231,,,JUNIPER NETWORKS INC (1999-06-04..2025-07-14),DE
CIK0001045609,PLD,PLD,PLD,1045609,2011-06-03,,"Prologis, Inc.",sec_ticker+wiki_current_cik+wiki_snapshot_cik,high,1998-03-31,2026-07-29,,6798,Real Estate Investment Trusts,1231,"PLD,PLDGP","NYSE,OTC",AMB PROPERTY CORP (1997-10-28..2011-06-03),MD
CIK0001045810,NVDA,NVDA,NVDA,1045810,2001-11-30,,NVIDIA CORP,sec_ticker+wiki_current_cik+wiki_snapshot_cik,high,1999-04-29,2026-08-26,,3674,Semiconductors & Related Devices,0131,NVDA,Nasdaq,NVIDIA CORP/CA (1998-05-07..2002-06-04),DE
CIK0001047122,RTN,,RTN,1047122,1996-01-02,2020-04-06,RAYTHEON CO/,wiki_snapshot_cik,high,1998-03-30,2020-04-01,CIK filings start after membership start (predecessor registrant not mapped; fundamentals before cik_first_report will be missing),3812,"Search, Detection, Navigation, Guidance, Aeronautical Sys",1231,,,HE HOLDINGS INC (1997-10-08..1997-11-12),DE
CIK0001047699,KG,,KG,1047699,2000-10-03,2010-12-20,KING PHARMACEUTICALS INC,name,high,1998-08-14,2010-11-05,,2834,Pharmaceutical Preparations,1231,,,,TN
CIK0001047862,ED,ED,ED,1047862,1996-01-02,,CONSOLIDATED EDISON INC,sec_ticker+wiki_current_cik+wiki_snapshot_cik,high,1998-03-27,2026-08-06,CIK filings start after membership start (predecessor registrant not mapped; fundamentals before cik_first_report will be missing),4931,Electric & Other Services Combined,1231,ED,NYSE,,NY
CIK0001048286,MAR,MAR,MAR,1048286,1998-05-21,,MARRIOTT INTERNATIONAL INC /MD/,sec_ticker+wiki_current_cik+wiki_snapshot_cik,high,1998-03-06,2026-08-03,,7011,Hotels & Motels,1231,MAR,Nasdaq,MARRIOTT INTERNATIONAL INC /MD/ (1998-04-09..2026-09-25); NEW MARRIOTT MI INC (1998-03-16..1998-03-20),DE
CIK0001048695,FFIV,FFIV,FFIV,1048695,2010-12-20,,"F5, INC.",sec_ticker+wiki_current_cik+wiki_snapshot_cik,high,1999-08-11,2026-08-06,,3576,Computer Communications Equipment,0930,FFIV,Nasdaq,"F5 NETWORKS, INC. (2019-07-03..2021-11-12); F5 NETWORKS INC (1999-06-03..2019-05-31)",WA
CIK0001048911,FDX,FDX,FDX,1048911,1996-01-02,,FEDEX CORP,sec_ticker+wiki_current_cik+wiki_snapshot_cik,high,1998-04-10,2026-07-20,CIK filings start after membership start (predecessor registrant not mapped; fundamentals before cik_first_report will be missing),4513,Air Courier Services,0531,FDX,NYSE,FDX CORP (1997-11-04..2000-02-10),DE
CIK0001050915,PWR,PWR,PWR,1050915,2009-07-01,,"QUANTA SERVICES, INC.",sec_ticker+wiki_current_cik+wiki_snapshot_cik,high,1998-03-31,2026-07-30,,1731,Electrical Work,1231,PWR,NYSE,QUANTA SERVICES INC (1997-12-22..2019-05-31),DE
CIK0001051470,CCI,CCI,CCI,1051470,2012-03-13,,CROWN CASTLE INC.,sec_ticker+wiki_current_cik+wiki_snapshot_cik,high,1998-05-15,2026-08-05,,6798,Real Estate Investment Trusts,1231,CCI,NYSE,CROWN CASTLE INTERNATIONAL CORP (1998-01-08..2022-07-25),DE
CIK0001053112,CVC,,CVC,1053112,2010-12-20,2016-06-21,CABLEVISION SYSTEMS CORP /NY,wiki_snapshot_cik,high,2006-09-21,2016-05-05,,4841,Cable & Other Pay Television Services,1231,,,CABLEVISIONS SYSTEM CORP /NY (1998-03-12..1998-03-16); CSC PARENT CORP (1998-03-04..1998-03-04),DE
CIK0001053507,AMT,AMT,AMT,1053507,2007-11-19,,AMERICAN TOWER CORP /MA/,sec_ticker+wiki_current_cik+wiki_snapshot_cik,high,1998-04-09,2026-07-28,,6798,Real Estate Investment Trusts,1231,AMT,NYSE,AMERICAN TOWER SYSTEMS CORP (1998-02-13..1998-05-08),DE
CIK0001054374,BRCM,,BRCM,1054374,2000-07-03,2016-02-01,BROADCOM CORP,wiki_snapshot_cik,high,1998-05-15,2015-10-26,,3674,Semiconductors & Related Devices,1030,,,,CA
CIK0001054833,CVH,,CVH,1054833,2005-08-30,2013-05-07,COVENTRY HEALTH CARE INC,name,high,1998-05-12,2013-05-01,,6324,Hospital & Medical Service Plans,1231,,,,DE
CIK0001056288,FHI,FHI,FII,1056288,2003-04-16,2013-01-02,"FEDERATED HERMES, INC.",name,high,2000-05-15,2026-07-31,,6282,Investment Advice,1231,FHI,NYSE,FEDERATED INVESTORS INC /PA/ (1998-04-24..2020-01-30),PA
CIK0001057352,CSGP,CSGP,CSGP,1057352,2022-09-19,,"COSTAR GROUP, INC.",sec_ticker+wiki_current_cik+wiki_snapshot_cik,high,2011-07-28,2026-07-29,,7389,"Services-Business Services, NEC",1231,CSGP,Nasdaq,"COSTAR GROUP, INC. (2019-07-23..2026-08-21); COSTAR GROUP INC (1999-12-10..2019-06-25); REALTY INFORMATION GROUP INC (1998-07-17..1999-05-05)",DE
CIK0001058083,RX,,RX,1058083,1996-11-04,2010-02-26,IMS HEALTH INC,name,high,1998-08-14,2010-02-17,CIK filings start after membership start (predecessor registrant not mapped; fundamentals before cik_first_report will be missing),7374,Services-Computer Processing & Data Preparation,1231,,,,DE
CIK0001058090,CMG,CMG,CMG,1058090,2011-04-28,,CHIPOTLE MEXICAN GRILL INC,sec_ticker+wiki_current_cik+wiki_snapshot_cik,high,2006-03-17,2026-07-31,,5812,Retail-Eating  Places,1231,CMG,NYSE,,
CIK0001058290,CTSH,CTSH,CTSH,1058290,2006-11-17,,COGNIZANT TECHNOLOGY SOLUTIONS CORP,sec_ticker+wiki_current_cik+wiki_snapshot_cik,high,1998-08-12,2026-07-29,,7371,Services-Computer Programming Services,1231,CTSH,Nasdaq,,
CIK0001059556,MCO,MCO,MCO,1059556,1996-01-02,,MOODYS CORP /DE/,sec_ticker+wiki_current_cik+wiki_snapshot_cik,high,1998-08-14,2026-07-23,CIK filings start after membership start (predecessor registrant not mapped; fundamentals before cik_first_report will be missing),7320,"Services-Consumer Credit Reporting, Collection Agencies",1231,MCO,NYSE,DUN & BRADSTREET CORP /DE/ (1998-09-29..2000-02-04); NEW DUN & BRADSTREET CORP (1998-04-16..1998-06-26),DE
CIK0001060391,RSG,RSG,RSG,1060391,2008-12-05,,"REPUBLIC SERVICES, INC.",sec_ticker+wiki_current_cik+wiki_snapshot_cik,high,2007-11-07,2026-08-07,,4953,Refuse Systems,1231,RSG,NYSE,REPUBLIC SERVICES INC (1998-07-08..2009-01-07),DE
CIK0001061322,GX,,GX,1061322,1999-09-29,2001-10-10,GLOBAL CROSSING LTD,analyst_hypothesis,medium,1998-11-16,2011-08-04,,4813,Telephone Communications (No Radiotelephone),1231,,,,
CIK0001062047,CVG,,CVG,1062047,2000-06-13,2009-12-21,CONCENTRIX CVG Corp,name,high,1998-09-25,2018-08-07,,7373,Services-Computer Integrated Systems Design,1231,,,CONVERGYS CORP (1998-08-06..2018-10-10),DE
CIK0001062379,KSE,,KSE,1062379,2000-08-21,2007-08-27,KEYSPAN CORP,name,high,1998-08-13,2007-08-03,,4924,Natural Gas Distribution,1231,,,MARKETSPAN CORP (1998-05-28..1999-01-06),NY
CIK0001063761,SPG,SPG,SPG,1063761,2002-06-26,,SIMON PROPERTY GROUP INC.,sec_ticker+wiki_current_cik+wiki_snapshot_cik,high,1998-09-22,2026-08-10,,6798,Real Estate Investment Trusts,1231,"SPG,SPG-PJ","NYSE,NYSE",SIMON PROPERTY GROUP INC /DE/ (1998-09-28..2025-11-03); CORPORATE PROPERTY INVESTORS INC (1998-09-17..1998-09-25),IN
CIK0001064728,BTU,BTU,BTU,1064728,2006-11-20,2014-09-22,PEABODY ENERGY CORP,wiki_snapshot_cik,high,1998-11-13,2026-08-06,,1221,Bituminous Coal & Lignite Surface Mining,1231,BTU,NYSE,P&L COAL HOLDINGS CORP (1998-10-22..2001-02-12),DE
CIK0001065088,EBAY,EBAY,EBAY,1065088,2002-07-22,,EBAY INC,sec_ticker+wiki_current_cik+wiki_snapshot_cik,high,1998-11-13,2026-08-06,,7389,"Services-Business Services, NEC",1231,EBAY,Nasdaq,,DE
CIK0001065280,NFLX,NFLX,NFLX,1065280,2010-12-20,,NETFLIX INC,sec_ticker+wiki_current_cik+wiki_snapshot_cik,high,2008-11-03,2026-07-17,,7841,Services-Video Tape Rental,1231,NFLX,Nasdaq,NETFLIX COM INC (2000-04-18..2002-03-06),DE
CIK0001065696,LKQ,LKQ,LKQ,1065696,2016-05-23,2025-12-22,LKQ CORP,sec_ticker+wiki_snapshot_cik,high,2016-02-25,2026-07-30,,5010,Wholesale-Motor Vehicles & Motor Vehicle Parts & Supplies,1231,LKQ,Nasdaq,LKQ CORP (2003-07-28..2026-09-02),DE
CIK0001065865,JNS,,JNS,1065865,2000-07-13,2011-11-23,JANUS CAPITAL GROUP INC,name,high,2000-08-14,2017-04-20,,6282,Investment Advice,1231,,,STILWELL FINANCIAL INC (1999-11-29..2003-01-10),DE
CIK0001066107,EP,,EP,1066107,1999-10-26,2012-05-25,EL PASO LLC,name,high,1998-11-12,2012-05-04,,4922,Natural Gas Transmission,1231,,,EL PASO CORP/DE (2001-04-26..2017-08-07); EL PASO ENERGY CORP/DE (1998-09-04..2001-02-06),DE
CIK0001066806,COC-B,,COC.B,1066806,1999-08-09,2002-09-03,CONOCOPHILLIPS HOLDING CO,analyst_hypothesis,medium,1998-11-18,2002-08-09,,2911,Petroleum Refining,1231,,,CONOCO INC /DE (1998-10-16..2002-11-13),DE
CIK0001067701,URI,URI,URI,1067701,2014-09-22,,"UNITED RENTALS, INC.",sec_ticker+wiki_current_cik+wiki_snapshot_cik,high,1998-08-14,2026-07-22,,7359,"Services-Equipment Rental & Leasing, NEC",1231,URI,NYSE,UNITED RENTALS INC /DE (1998-11-16..2019-07-01),DE
CIK0001067983,BRK-B,BRK-B,BRK.B,1067983,2010-02-16,,BERKSHIRE HATHAWAY INC,sec_ticker+wiki_current_cik+wiki_snapshot_cik,high,1999-03-30,2026-08-10,,6331,"Fire, Marine & Casualty Insurance",1231,"BRK-B,BRK-A","NYSE,NYSE",NBH INC (1998-08-10..1999-01-05),DE
CIK0001069183,AXON,AXON,AXON,1069183,2023-05-04,,"AXON ENTERPRISE, INC.",sec_ticker+wiki_current_cik+wiki_snapshot_cik,high,2016-03-07,2026-08-06,,3480,"Ordnance & Accessories, (No Vehicles/Guided Missiles)",1231,AXON,Nasdaq,TASER INTERNATIONAL INC (2001-05-07..2017-03-23),DE
CIK0001069202,LII,LII,LII,1069202,2024-12-23,,LENNOX INTERNATIONAL INC,sec_ticker+wiki_current_cik+wiki_snapshot_cik,high,2017-02-21,2026-07-29,,3585,Air-Cond & Warm Air Heatg Equip & Comm & Indl Refrig Equip,1231,LII,NYSE,,DE
CIK0001069353,CNXT,,CNXT,1069353,2000-01-31,2002-06-26,CONEXANT SYSTEMS INC,analyst_hypothesis,medium,1999-02-10,2012-09-12,,3674,Semiconductors & Related Devices,1001,,,ROCKWELL SEMICONDUCTOR SYSTMES INC (1998-09-28..1998-09-28),DE
CIK0001070412,CNX,CNX,CNX,1070412,2006-06-28,2016-03-04,CNX Resources Corp,sec_ticker+wiki_snapshot_cik,high,1999-05-17,2026-07-30,,1311,Crude Petroleum & Natural Gas,1231,CNX,NYSE,CONSOL ENERGY INC (2005-01-27..2017-11-17); CONSOL Energy Inc (2005-01-27..2017-11-17),DE
CIK0001070750,HST,HST,HST,1070750,2007-03-20,,"HOST HOTELS & RESORTS, INC.",sec_ticker+wiki_current_cik+wiki_snapshot_cik,high,1999-03-26,2026-08-07,,6798,Real Estate Investment Trusts,1231,HST,Nasdaq,HOST MARRIOTT CORP/ (1998-12-31..2006-04-14); HMC MERGER CORP (1998-10-02..1998-11-10),MD
CIK0001071739,CNC,CNC,CNC,1071739,2016-03-30,,CENTENE CORP,sec_ticker+wiki_current_cik+wiki_snapshot_cik,high,2005-07-25,2026-07-28,,6324,Hospital & Medical Service Plans,1231,CNC,NYSE,,DE
CIK0001072342,DPHIQ,,DPHIQ,1072342,1999-05-28,2005-10-11,DELPHI CORP,analyst_hypothesis,medium,1999-03-17,2009-08-12,,3714,Motor Vehicle Parts & Accessories,1231,,,DELPHI AUTOMOTIVE SYSTEMS CORP (1998-11-16..2002-03-18),DE
CIK0001073431,LIFE,,LIFE,1073431,2008-11-24,2014-01-24,Life Technologies Corp,name,high,2005-05-06,2013-11-05,,2836,"Biological Products, (No Diagnostic Substances)",1231,,,INVITROGEN CORP (1998-12-10..2008-11-18),DE
CIK0001075531,BKNG,BKNG,BKNG,1075531,2009-11-06,,Booking Holdings Inc.,sec_ticker+wiki_current_cik+wiki_snapshot_cik,high,1999-05-17,2026-08-04,,4700,Transportation Services,1231,BKNG,Nasdaq,Priceline Group Inc. (2014-04-01..2018-02-16); PRICELINE COM INC (1998-12-23..2014-03-19),DE
CIK0001076405,PBG,,PBG,1076405,2001-05-14,2010-03-01,PEPSI BOTTLING GROUP INC,name,high,1999-05-12,2010-02-22,,2080,Beverages,1226,,,,DE
CIK0001084408,VRTS,,VRTS,1084408,2000-04-03,2005-07-05,VERITAS SOFTWARE CORP /DE/,analyst_hypothesis,medium,1999-08-16,2005-05-10,,7372,Services-Prepackaged Software,1231,,,VERITAS HOLDING CORP (1999-04-22..1999-04-19),DE
CIK0001086222,AKAM,AKAM,AKAM,1086222,2007-07-12,,AKAMAI TECHNOLOGIES INC,sec_ticker+wiki_current_cik+wiki_snapshot_cik,high,2000-03-03,2026-08-07,,7389,"Services-Business Services, NEC",1231,AKAM,Nasdaq,,DE
CIK0001087423,RHT,,RHT,1087423,2009-07-27,2019-07-15,RED HAT INC,wiki_snapshot_cik,high,1999-10-14,2019-06-28,,7370,"Services-Computer Programming, Data Processing, Etc.",0228,,,,DE
CIK0001089976,PTV,,PTV,1089976,1999-11-05,2010-11-17,PACTIV LLC,name,high,1999-11-18,2010-11-09,,2673,"Plastics, Foil & Coated Paper Bags",1231,,,PACTIV CORP (1999-11-12..2011-11-03); TENNECO PACKAGING INC (1999-07-15..1999-10-04),DE
CIK0001090012,DVN,DVN,DVN,1090012,2000-08-30,,DEVON ENERGY CORP/DE,sec_ticker+wiki_current_cik+wiki_snapshot_cik,high,1999-11-10,2026-08-05,,1311,Crude Petroleum & Natural Gas,1231,DVN,NYSE,DEVON ENERGY CORP (1999-11-12..2000-05-31); DEVON DELAWARE CORP (1999-08-19..1999-08-16),DE
CIK0001090727,UPS,UPS,UPS,1090727,2002-07-22,,UNITED PARCEL SERVICE INC,sec_ticker+wiki_current_cik+wiki_snapshot_cik,high,2000-03-30,2026-08-05,,4210,Trucking & Courier Services (No Air),1231,UPS,NYSE,,DE
CIK0001090872,A,A,A,1090872,2000-06-05,,"AGILENT TECHNOLOGIES, INC.",sec_ticker+wiki_current_cik+wiki_snapshot_cik,high,2000-01-25,2026-09-01,,3826,Laboratory Analytical Instruments,1031,A,NYSE,AGILENT TECHNOLOGIES INC (1999-11-12..2019-09-16),DE
CIK0001091667,CHTR,CHTR,CHTR,1091667,2016-09-08,,"CHARTER COMMUNICATIONS, INC. /MO/",sec_ticker+wiki_current_cik+wiki_snapshot_cik,high,1999-12-22,2026-07-24,,4841,Cable & Other Pay Television Services,1231,"CHTR,CHTRP","Nasdaq,Nasdaq",CHARTER COMMUNICATIONS INC /MO/ (1999-12-02..2009-12-15),
CIK0001093557,DXCM,DXCM,DXCM,1093557,2020-05-12,,DEXCOM INC,sec_ticker+wiki_current_cik+wiki_snapshot_cik,high,2019-02-21,2026-07-30,,3841,Surgical & Medical Instruments & Apparatus,1231,DXCM,Nasdaq,,DE
CIK0001094093,PGN,,PGN,1094093,1996-01-02,2012-07-02,PROGRESS ENERGY INC,name,high,2000-03-29,2026-08-04,CIK filings start after membership start (predecessor registrant not mapped; fundamentals before cik_first_report will be missing),4911,Electric Services,1231,,,CP&L ENERGY INC (2000-07-14..2000-12-04); CP&L HOLDINGS INC (1999-08-31..1999-12-03),NC
CIK0001094285,TDY,TDY,TDY,1094285,2020-06-22,,TELEDYNE TECHNOLOGIES INC,sec_ticker+wiki_current_cik+wiki_snapshot_cik,high,2014-04-29,2026-07-24,,3812,"Search, Detection, Navigation, Guidance, Aeronautical Sys",0103,TDY,NYSE,,DE
CIK0001095073,EG,EG,RE,1095073,2017-06-19,,"EVEREST GROUP, LTD.",wiki_snapshot_cik,high,2012-02-29,2026-08-03,,6331,"Fire, Marine & Casualty Insurance",1231,EG,NYSE,EVEREST RE GROUP LTD (2000-04-10..2023-07-06); EVEREST REINSURANCE GROUP LTD (1999-12-22..2000-03-08),D0
CIK0001097149,ALGN,ALGN,ALGN,1097149,2017-06-19,,ALIGN TECHNOLOGY INC,sec_ticker+wiki_current_cik+wiki_snapshot_cik,high,2013-08-02,2026-08-05,,3842,"Orthopedic, Prosthetic & Surgical Appliances & Supplies",1231,ALGN,Nasdaq,,DE
CIK0001097864,ON,ON,ON,1097864,2022-06-21,,ON SEMICONDUCTOR CORP,sec_ticker+wiki_current_cik+wiki_snapshot_cik,high,2016-11-07,2026-08-03,,3674,Semiconductors & Related Devices,1231,ON,Nasdaq,SCG HOLDING CORP (1999-11-05..2000-05-23),DE
CIK0001099219,MET,MET,MET,1099219,2000-12-11,,METLIFE INC,sec_ticker+wiki_current_cik+wiki_snapshot_cik,high,2000-05-19,2026-08-06,,6311,Life Insurance,1231,"MET,MET-PA,MET-PE,MET-PF","NYSE,NYSE,NYSE,NYSE",,DE
CIK0001099800,EW,EW,EW,1099800,2011-04-01,,Edwards Lifesciences Corp,sec_ticker+wiki_current_cik+wiki_snapshot_cik,high,2000-05-15,2026-08-04,,3842,"Orthopedic, Prosthetic & Surgical Appliances & Supplies",1231,EW,NYSE,CVG CONTROLLED INC (1999-12-08..2000-01-21),DE
CIK0001100389,PALM,,PALM,1100389,2000-07-28,2002-08-14,PALM INC,analyst_hypothesis,medium,2000-04-10,2010-04-02,,3575,Computer Terminals,0602,,,PALMONE INC (2003-10-29..2005-07-13),DE
CIK0001100682,CRL,CRL,CRL,1100682,2021-05-14,,"CHARLES RIVER LABORATORIES INTERNATIONAL, INC.",sec_ticker+wiki_current_cik+wiki_snapshot_cik,high,2016-05-04,2026-08-05,,8731,Services-Commercial Physical & Biological Research,1227,CRL,NYSE,CHARLES RIVER LABORATORIES INTERNATIONAL INC (2000-06-23..2019-05-30); CHARLES RIVER LABORATORIES HOLDINGS INC (1999-12-08..2000-01-28),
CIK0001101215,BFH,BFH,ADS,1101215,2013-12-23,2020-06-22,"BREAD FINANCIAL HOLDINGS, INC.",wiki_snapshot_cik,high,2001-08-10,2026-07-28,,6141,Personal Credit Institutions,1231,"BFH,BFH-PA,BFH-PB","NYSE,NYSE,NYSE",ALLIANCE DATA SYSTEMS CORP (2000-06-09..2022-03-23),DE
CIK0001101239,EQIX,EQIX,EQIX,1101239,2015-03-23,,EQUINIX INC,sec_ticker+wiki_current_cik+wiki_snapshot_cik,high,2001-03-27,2026-07-29,,6798,Real Estate Investment Trusts,1231,EQIX,Nasdaq,,DE
CIK0001103982,MDLZ,MDLZ,MDLZ,1103982,2007-04-02,,"Mondelez International, Inc.",sec_ticker+wiki_current_cik+wiki_snapshot_cik,high,2001-08-13,2026-07-28,,2000,Food and Kindred Products,1231,MDLZ,Nasdaq,KRAFT FOODS INC (2000-01-24..2012-09-28),IL
CIK0001105705,TWX,,TWX,1105705,1999-01-04,2018-06-15,"WARNER MEDIA, LLC",wiki_snapshot_cik,high,2001-05-15,2018-04-27,CIK filings start after membership start (predecessor registrant not mapped; fundamentals before cik_first_report will be missing),4841,Cable & Other Pay Television Services,1231,,,TIME WARNER LLC (2018-06-15..2018-06-18); TIME WARNER INC. (2007-12-11..2018-06-11); TIME WARNER INC (2003-10-01..2007-11-09); AOL TIME WARNER INC (2000-04-25..2003-10-14),
CIK0001108524,CRM,CRM,CRM,1108524,2008-09-15,,"Salesforce, Inc.",sec_ticker+wiki_current_cik+wiki_snapshot_cik,high,2006-03-15,2026-08-27,,7372,Services-Prepackaged Software,0131,CRM,NYSE,"SALESFORCE.COM, INC. (2019-06-14..2022-03-31); SALESFORCE COM INC (2003-12-18..2019-08-05)",DE
CIK0001108827,QEP,,QEP,1108827,2010-07-01,2015-07-01,"QEP RESOURCES, INC.",wiki_snapshot_cik,high,2000-08-14,2021-02-24,,1311,Crude Petroleum & Natural Gas,1231,,,QUESTAR MARKET RESOURCES INC (2000-04-12..2010-05-24),DE
CIK0001109304,ACKH,,ACKH,1109304,1996-01-02,2000-11-17,ARMSTRONG HOLDINGS INC /PA/,analyst_hypothesis,medium,2000-08-11,2007-10-22,CIK filings start after membership start (predecessor registrant not mapped; fundamentals before cik_first_report will be missing),3089,"Plastics Products, NEC",1231,,,,PA
CIK0001109357,EXC,EXC,EXC,1109357,1996-01-02,,EXELON CORP,sec_ticker+wiki_current_cik+wiki_snapshot_cik,high,2000-11-13,2026-07-30,CIK filings start after membership start (predecessor registrant not mapped; fundamentals before cik_first_report will be missing),4931,Electric & Other Services Combined,1231,EXC,Nasdaq,,PA
CIK0001110783,MON,,MON,1110783,2002-08-14,2018-06-07,MONSANTO CO /NEW/,wiki_snapshot_cik,high,2000-11-30,2018-04-05,,2870,Agricultural Chemicals,0831,,,,DE
CIK0001110803,ILMN,ILMN,ILMN,1110803,2015-11-19,,"ILLUMINA, INC.",sec_ticker+wiki_current_cik+wiki_snapshot_cik,high,2008-07-25,2026-07-31,,3826,Laboratory Analytical Instruments,0103,ILMN,Nasdaq,ILLUMINA INC (2000-04-14..2019-08-19),DE
CIK0001111335,VC,VC,VSTNQ,1111335,2000-06-29,2006-01-03,VISTEON CORP,analyst_hypothesis,medium,2000-07-24,2026-07-23,,3714,Motor Vehicle Parts & Accessories,1231,VC,Nasdaq,,DE
CIK0001111711,NI,NI,NI,1111711,2000-11-02,,NISOURCE INC.,sec_ticker+wiki_current_cik+wiki_snapshot_cik,high,2001-03-30,2026-08-05,,4931,Electric & Other Services Combined,1231,NI,NYSE,NISOURCE INC/DE (2000-11-03..2019-06-26); NEW NISOURCE INC (2000-06-02..2000-11-02),DE
CIK0001111928,IPGP,IPGP,IPGP,1111928,2018-03-07,2022-06-21,IPG PHOTONICS CORP,sec_ticker+wiki_snapshot_cik,high,2015-03-02,2026-08-04,,3674,Semiconductors & Related Devices,1231,IPGP,Nasdaq,,DE
CIK0001113169,TROW,TROW,TROW,1113169,1999-10-13,,PRICE T ROWE GROUP INC,sec_ticker+wiki_current_cik+wiki_snapshot_cik,high,2001-03-26,2026-07-31,CIK filings start after membership start (predecessor registrant not mapped; fundamentals before cik_first_report will be missing),6282,Investment Advice,1231,TROW,Nasdaq,,MD
CIK0001115222,DNB,,DNB,1115222,2008-12-02,2017-04-05,DUN & BRADSTREET CORP/NW,wiki_snapshot_cik,high,2000-11-14,2018-11-06,,7320,"Services-Consumer Credit Reporting, Collection Agencies",1231,,,NEW D&B CORP (2000-09-19..2000-09-14),DE
CIK0001116132,TPR,TPR,COH,1116132,2004-09-01,,"TAPESTRY, INC.",sec_ticker+wiki_current_cik+wiki_snapshot_cik,high,2000-11-14,2026-08-13,,3100,Leather & Leather Products,0627,TPR,NYSE,COACH INC (2000-10-04..2017-10-11),MD
CIK0001116521,AV,,AV,1116521,2000-10-02,2007-10-26,AVAYA INC,name,high,2000-12-28,2016-08-12,,3661,Telephone & Telegraph Apparatus,0930,,,LUCENT EN CORP (2000-06-20..2000-06-20),DE
CIK0001120193,NDAQ,NDAQ,NDAQ,1120193,2008-10-22,,"NASDAQ, INC.",sec_ticker+wiki_current_cik+wiki_snapshot_cik,high,2001-08-20,2026-07-23,,6200,"Security & Commodity Brokers, Dealers, Exchanges & Services",1231,NDAQ,Nasdaq,"NASDAQ OMX GROUP, INC. (2007-11-06..2015-08-10); NASDAQ STOCK MARKET INC (2001-05-14..2008-02-27)",DE
CIK0001121788,GRMN,GRMN,GRMN,1121788,2012-12-12,,GARMIN LTD,sec_ticker+wiki_current_cik+wiki_snapshot_cik,high,2001-03-30,2026-07-29,,3812,"Search, Detection, Navigation, Guidance, Aeronautical Sys",1226,GRMN,NYSE,,V8
CIK0001122304,AET,,AET,1122304,1996-01-02,2018-11-29,AETNA INC /PA/,wiki_snapshot_cik,high,2001-02-26,2018-10-30,CIK filings start after membership start (predecessor registrant not mapped; fundamentals before cik_first_report will be missing),6324,Hospital & Medical Service Plans,1231,,,AETNA U S HEALTHCARE INC (2000-09-01..2000-12-01),PA
CIK0001123360,GPN,GPN,GPN,1123360,2016-04-25,,GLOBAL PAYMENTS INC,sec_ticker+wiki_current_cik+wiki_snapshot_cik,high,2001-01-03,2026-08-05,,7389,"Services-Business Services, NEC",1231,GPN,NYSE,,GA
CIK0001124198,FLR,FLR,FLR,1124198,2000-12-22,2019-06-03,FLUOR CORP,sec_ticker+wiki_snapshot_cik,high,2001-01-29,2026-08-07,,1600,Heavy Construction Other Than Bldg Const - Contractors,1231,FLR,NYSE,,DE
CIK0001126328,PFG,PFG,PFG,1126328,2002-07-22,,PRINCIPAL FINANCIAL GROUP INC,sec_ticker+wiki_current_cik+wiki_snapshot_cik,high,2001-11-19,2026-07-29,,6321,Accident & Health Insurance,1231,PFG,Nasdaq,,DE
CIK0001130310,CNP,CNP,CNP,1130310,1996-01-02,,CENTERPOINT ENERGY INC,sec_ticker+wiki_current_cik+wiki_snapshot_cik,high,2002-04-01,2026-07-28,CIK filings start after membership start (predecessor registrant not mapped; fundamentals before cik_first_report will be missing),4911,Electric Services,1231,CNP,NYSE,CENTERPOINT ENERGY INC (2001-12-18..2026-09-14); RELIANT ENERGY REGCO INC (2001-09-17..2001-09-17),TX
CIK0001133421,NOC,NOC,NOC,1133421,1996-01-02,,NORTHROP GRUMMAN CORP /DE/,sec_ticker+wiki_current_cik+wiki_snapshot_cik,high,2001-05-10,2026-07-21,CIK filings start after membership start (predecessor registrant not mapped; fundamentals before cik_first_report will be missing),3812,"Search, Detection, Navigation, Guidance, Aeronautical Sys",1231,NOC,NYSE,NNG INC (2001-02-01..2001-04-02),
CIK0001135152,FTI,,FTI,1135152,2009-06-05,2017-01-17,FMC TECHNOLOGIES INC,wiki_snapshot_cik,high,2001-08-14,2016-10-27,,3533,Oil & Gas Field Machinery & Equipment,1231,,,,DE
CIK0001135971,POM,,POM,1135971,2007-11-09,2016-03-24,PEPCO HOLDINGS LLC,wiki_snapshot_cik,high,2001-08-08,2026-07-30,,4931,Electric & Other Services Combined,1231,,,PEPCO HOLDINGS INC (2002-03-27..2016-03-24); NEW RC INC (2001-07-20..2002-01-09),DE
CIK0001136869,ZBH,ZBH,ZMH,1136869,2001-08-07,,"ZIMMER BIOMET HOLDINGS, INC.",sec_ticker+wiki_current_cik+wiki_snapshot_cik,high,2001-08-21,2026-08-05,,3842,"Orthopedic, Prosthetic & Surgical Appliances & Supplies",1231,ZBH,NYSE,ZIMMER HOLDINGS INC (2001-03-26..2015-06-08),DE
CIK0001136893,FIS,FIS,FIS,1136893,2006-11-10,,"Fidelity National Information Services, Inc.",sec_ticker+wiki_current_cik+wiki_snapshot_cik,high,2001-08-14,2026-08-04,,7389,"Services-Business Services, NEC",1231,FIS,NYSE,CERTEGY INC (2001-07-20..2006-02-01); EQUIFAX PS INC (2001-04-03..2001-05-18),
CIK0001137411,COL,,COL,1137411,2001-07-02,2018-11-27,ROCKWELL COLLINS INC,wiki_snapshot_cik,high,2001-08-13,2018-11-27,,3728,"Aircraft Parts & Auxiliary Equipment, NEC",0930,,,NEW ROCKWELL COLLINS INC (2001-06-15..2001-06-15),DE
CIK0001137774,PRU,PRU,PRU,1137774,2002-07-22,,PRUDENTIAL FINANCIAL INC,sec_ticker+wiki_current_cik+wiki_snapshot_cik,high,2002-03-26,2026-08-05,,6311,Life Insurance,1231,"PRU,PFH,PRH,PRS","NYSE,NYSE,NYSE,NYSE",,NJ
CIK0001137789,STX,STX,STX,1137789,2012-07-02,,Seagate Technology Holdings plc,sec_ticker+wiki_current_cik+wiki_snapshot_cik,high,2003-02-10,2026-08-04,,3572,Computer Storage Devices,0627,STX,Nasdaq,Seagate Technology plc (2010-07-09..2021-05-19); SEAGATE TECHNOLOGY (2008-10-31..2010-07-06); Seagate Technology (2008-10-31..2010-07-06); SEAGATE TECHNOLOGY HOLDINGS (2001-04-20..2002-12-12),
CIK0001138118,CBRE,CBRE,CBG,1138118,2006-11-10,,"CBRE GROUP, INC.",sec_ticker+wiki_current_cik+wiki_snapshot_cik,high,2001-08-27,2026-07-29,,6500,Real Estate,1231,CBRE,NYSE,CB RICHARD ELLIS GROUP INC (2004-02-18..2011-09-09); CB RICHARD ELLIS SERVICES INC (2004-02-17..2004-02-17); CBRE HOLDING INC (2001-07-16..2003-12-05),DE
CIK0001138234,AWE,,AWE,1138234,2001-07-09,2004-10-27,"NEW CINGULAR WIRELESS SERVICES, INC.",analyst_hypothesis,medium,2001-08-14,2004-08-06,,4812,Radiotelephone Communications,1231,,,AT&T WIRELESS SERVICES INC (2001-08-21..2004-10-28),DE
CIK0001140536,WTW,WTW,WLTW,1140536,2016-01-05,,WILLIS TOWERS WATSON PLC,wiki_snapshot_cik,high,2006-11-08,2026-07-30,,6411,"Insurance Agents, Brokers & Service",1231,WTW,Nasdaq,WILLIS GROUP HOLDINGS PLC (2010-01-19..2016-01-05); WILLIS GROUP HOLDINGS LTD (2001-07-31..2010-01-04),L2
CIK0001140859,COR,COR,ABC,1140859,2001-08-30,,"Cencora, Inc.",wiki_snapshot_cik,high,2018-11-20,2026-08-05,CIK filings start after membership start (predecessor registrant not mapped; fundamentals before cik_first_report will be missing),5122,"Wholesale-Drugs, Proprietaries & Druggists' Sundries",0930,COR,NYSE,AMERISOURCEBERGEN CORP (2001-10-19..2023-08-15); AMERISOURCE BERGEN CORP (2001-06-05..2001-10-09),DE
CIK0001141185,KMG,,KMG,55458,1996-01-02,2001-11-14,KERR MCGEE CHEMICAL WORLDWIDE LLC,analyst_hypothesis,medium,1994-03-30,2001-07-27,,1311,Crude Petroleum & Natural Gas,1231,,,KERR MCGEE OPERATING CORP (2001-08-30..2004-06-10); KERR MCGEE CORP (1994-11-14..2001-07-27),
CIK0001141185,KMG,,KMG,1141185,2001-11-14,2006-08-11,KERR MCGEE CORP /DE,analyst_hypothesis,medium,2001-11-14,2006-08-04,,1311,Crude Petroleum & Natural Gas,1231,,,KERR MCGEE HOLDCO INC (2001-06-29..2001-08-01),DE
CIK0001141391,MA,MA,MA,1141391,2008-07-18,,Mastercard Inc,sec_ticker+wiki_current_cik+wiki_snapshot_cik,high,2002-05-14,2026-07-30,,7389,"Services-Business Services, NEC",1231,MA,NYSE,,DE
CIK0001141982,CBE,,CBE,1141982,2011-11-23,2012-12-03,Cooper Industries plc,name,high,2003-08-13,2012-11-05,,3670,Electronic Components & Accessories,1231,,,COOPER INDUSTRIES LTD (2001-06-11..2009-09-09),
CIK0001144215,AYI,AYI,AYI,1144215,2016-05-03,2018-06-18,ACUITY INC. (DE),sec_ticker+wiki_snapshot_cik,high,2012-01-09,2026-06-25,,3640,Electric Lighting & Wiring Equipment,0831,AYI,NYSE,ACUITY BRANDS INC (2001-11-30..2025-04-17); L&C SPINCO INC (2001-07-13..2001-10-29),DE
CIK0001145197,PODD,PODD,PODD,1145197,2023-03-15,,INSULET CORP,sec_ticker+wiki_current_cik+wiki_snapshot_cik,high,2015-08-12,2026-08-05,,3841,Surgical & Medical Instruments & Apparatus,1231,PODD,Nasdaq,,DE
CIK0001156039,ELV,ELV,WLP,1156039,2002-07-25,,"Elevance Health, Inc.",wiki_snapshot_cik,high,2013-10-23,2026-07-15,CIK filings start after membership start (predecessor registrant not mapped; fundamentals before cik_first_report will be missing),6324,Hospital & Medical Service Plans,1231,ELV,NYSE,"Anthem, Inc. (2014-12-02..2022-06-24); WELLPOINT, INC (2010-01-06..2014-11-12); WELLPOINT INC (2004-11-30..2009-12-21); ANTHEM INC (2001-12-17..2004-11-30)",IN
CIK0001156375,CME,CME,CME,1156375,2006-08-11,,CME GROUP INC.,sec_ticker+wiki_current_cik+wiki_snapshot_cik,high,2005-08-04,2026-07-24,,6200,"Security & Commodity Brokers, Dealers, Exchanges & Services",1231,CME,Nasdaq,CHICAGO MERCANTILE EXCHANGE HOLDINGS INC (2001-08-07..2007-07-13),DE
CIK0001156826,ASN,,ASN,1156826,2004-12-20,2007-10-08,ARCHSTONE SMITH TRUST,name,high,2001-11-14,2007-08-14,,6798,Real Estate Investment Trusts,1231,,,,MD
CIK0001158449,AAP,AAP,AAP,1158449,2015-07-09,2023-08-25,ADVANCE AUTO PARTS INC,sec_ticker+wiki_snapshot_cik,high,2002-03-28,2026-08-20,,5531,Retail-Auto & Home Supply Stores,0102,AAP,NYSE,,DE
CIK0001159297,MWV,,MWV,1159297,1996-01-02,2015-07-02,MEADWESTVACO Corp,wiki_snapshot_cik,high,2002-03-18,2015-05-11,CIK filings start after membership start (predecessor registrant not mapped; fundamentals before cik_first_report will be missing),2621,Paper Mills,1231,,,MW HOLDING CORP (2001-10-05..2002-01-25),DE
CIK0001163165,COP,COP,COP,1163165,1996-01-02,,CONOCOPHILLIPS,sec_ticker+wiki_current_cik+wiki_snapshot_cik,high,2002-11-14,2026-08-06,CIK filings start after membership start (predecessor registrant not mapped; fundamentals before cik_first_report will be missing),2911,Petroleum Refining,1231,COP,NYSE,CORVETTEPORSCHE CORP (2001-12-07..2001-12-07),DE
CIK0001163302,X,,X,1163302,1996-01-02,2014-07-02,UNITED STATES STEEL CORP,wiki_snapshot_cik,high,2002-03-19,2025-05-02,CIK filings start after membership start (predecessor registrant not mapped; fundamentals before cik_first_report will be missing),3312,"Steel Works, Blast Furnaces & Rolling Mills (Coke Ovens)",1231,,,UNITED STATES STEEL LLC (2001-12-13..2002-01-04),DE
CIK0001163739,NBR,NBR,NBR,1163739,2000-10-18,2015-03-23,NABORS INDUSTRIES LTD,sec_ticker+wiki_snapshot_cik,high,2002-06-27,2026-07-31,CIK filings start after membership start (predecessor registrant not mapped; fundamentals before cik_first_report will be missing),1381,Drilling Oil & Gas Wells,1231,NBR,NYSE,,D0
CIK0001164727,NEM,NEM,NEM,1164727,1996-01-02,,NEWMONT Corp /DE/,sec_ticker+wiki_current_cik+wiki_snapshot_cik,high,2002-03-27,2026-07-23,CIK filings start after membership start (predecessor registrant not mapped; fundamentals before cik_first_report will be missing),1040,Gold and Silver Ores,1231,"NEM,NEMCL","NYSE,OTC",NEWMONT GOLDCORP CORP /DE/ (2019-04-22..2020-01-03); NEWMONT MINING CORP /DE/ (2002-03-12..2019-04-16); DELTA HOLDCO CORP (2002-02-15..2002-02-05),DE
CIK0001166126,JCP,,JCP,77182,1996-01-02,2002-04-25,J C PENNEY CORP INC,name,high,1994-04-13,2001-12-07,,5311,Retail-Department Stores,0126,,,PENNEY J C CO INC (1994-02-28..2002-01-28),DE
CIK0001166126,JCP,,JCP,1166126,2002-04-25,2013-12-02,"Old COPPER Company, Inc.",name,high,2002-04-25,2020-12-10,,5311,Retail-Department Stores,0201,,,J C PENNEY CO INC (2002-01-28..2020-12-16),DE
CIK0001166691,CMCSA,CMCSA,CMCSA,1166691,1996-01-02,,COMCAST CORP,sec_ticker+wiki_current_cik+wiki_snapshot_cik,high,2003-03-20,2026-07-23,CIK filings start after membership start (predecessor registrant not mapped; fundamentals before cik_first_report will be missing),4841,Cable & Other Pay Television Services,1231,"CMCSA,CCZ","Nasdaq,NYSE",AT&T COMCAST CORP (2002-04-10..2002-11-18),PA
CIK0001166691.CMCSK,CCZ,CCZ,CMCSK,1166691,2015-09-21,2015-12-14,COMCAST CORP,wiki_snapshot_cik,high,2007-02-26,2026-07-23,,4841,Cable & Other Pay Television Services,1231,"CMCSA,CCZ","Nasdaq,NYSE",AT&T COMCAST CORP (2002-04-10..2002-11-18),PA
CIK0001168054,XEC,,XEC,1168054,2014-06-20,2020-03-03,CIMAREX ENERGY CO,wiki_snapshot_cik,high,2010-08-04,2021-08-06,,1311,Crude Petroleum & Natural Gas,1231,,,HELMERICH & PAYNE EXPLORATION & PRODUCTION CO (2002-02-26..2002-04-24),DE
CIK0001170010,KMX,KMX,KMX,1170010,2010-06-28,2025-10-31,CARMAX INC,sec_ticker+wiki_snapshot_cik,high,2002-10-15,2026-06-24,,5500,Retail-Auto Dealers & Gasoline Stations,0228,KMX,NYSE,,VA
CIK0001170565,WFT,,WFT,1170565,2005-07-22,2009-02-26,WEATHERFORD INTERNATIONAL LTD,name,high,2002-08-14,2009-02-24,,1381,Drilling Oil & Gas Wells,1231,,,,D0
CIK0001170650,MHS,,MHS,1170650,2003-08-20,2012-04-02,MEDCO HEALTH SOLUTIONS INC,name,high,2003-09-22,2012-04-02,,5912,Retail-Drug Stores and Proprietary Stores,1231,,,MERCK MEDCO MANAGED CARE LLC (2002-04-17..2002-05-22),DE
CIK0001171825,CIT,,CIT,1171825,2004-10-27,2009-07-27,CIT GROUP INC,name,high,2002-08-14,2021-11-05,,6021,National Commercial Banks,1231,,,CIT GROUP INC DEL (2002-04-25..2002-08-08),DE
CIK0001174922,WYNN,WYNN,WYNN,1174922,2008-11-14,,WYNN RESORTS LTD,sec_ticker+wiki_current_cik+wiki_snapshot_cik,high,2002-12-09,2026-08-06,,7011,Hotels & Motels,1231,WYNN,Nasdaq,,
CIK0001175454,CPAY,CPAY,FLT,1175454,2018-06-20,,"CORPAY, INC.",wiki_snapshot_cik,high,2013-08-07,2026-08-10,,7389,"Services-Business Services, NEC",1231,CPAY,NYSE,FLEETCOR TECHNOLOGIES INC (2002-06-03..2024-03-14),DE
CIK0001176948,ARES,ARES,ARES,1176948,2025-12-11,,Ares Management Corp,sec_ticker+wiki_current_cik+wiki_snapshot_cik,high,2017-11-06,2026-08-07,,6282,Investment Advice,1231,"ARES,ARES-PB","NYSE,NYSE",ARES MANAGEMENT LP (2002-07-01..2018-11-26),DE
CIK0001179929,MOH,MOH,MOH,1179929,2022-03-02,2026-03-23,"MOLINA HEALTHCARE, INC.",sec_ticker+wiki_snapshot_cik,high,2017-05-04,2026-07-23,,6324,Hospital & Medical Service Plans,1231,MOH,NYSE,MOLINA HEALTHCARE INC (2002-12-30..2019-07-03),DE
CIK0001260221,TDG,TDG,TDG,1260221,2016-06-03,,TransDigm Group INC,sec_ticker+wiki_current_cik+wiki_snapshot_cik,high,2006-05-15,2026-08-04,,3728,"Aircraft Parts & Auxiliary Equipment, NEC",0930,TDG,NYSE,TD HOLDING CORP (2003-08-15..2005-12-20),DE
CIK0001262039,FTNT,FTNT,FTNT,1262039,2018-10-11,,"Fortinet, Inc.",sec_ticker+wiki_current_cik+wiki_snapshot_cik,high,2018-02-26,2026-07-30,,3577,"Computer Peripheral Equipment, NEC",1231,FTNT,Nasdaq,FORTINET INC (2003-08-29..2019-05-08),DE
CIK0001267238,AIZ,AIZ,AIZ,1267238,2007-04-10,,"ASSURANT, INC.",sec_ticker+wiki_current_cik+wiki_snapshot_cik,high,2004-03-30,2026-08-06,,6399,"Insurance Carriers, NEC",1231,"AIZ,AIZN","NYSE,NYSE",ASSURANT INC (2003-10-24..2019-08-22),DE
CIK0001272547,FSL,,FSL,1272547,2004-12-03,2006-12-04,FREESCALE SEMICONDUCTOR INC,analyst_hypothesis,medium,2004-08-11,2010-04-23,,3674,Semiconductors & Related Devices,1231,,,SPS SPINCO INC (2003-12-17..2003-12-17),DE
CIK0001274057,HSP,,HSP,1274057,2004-05-03,2015-09-03,HOSPIRA INC,wiki_snapshot_cik,high,2004-05-27,2015-07-29,,2834,Pharmaceutical Preparations,1231,,,,DE
CIK0001274494,FSLR,FSLR,FSLR,1274494,2009-10-16,,"FIRST SOLAR, INC.",sec_ticker+wiki_current_cik+wiki_snapshot_cik,high,2007-03-16,2026-07-30,,3674,Semiconductors & Related Devices,1231,FSLR,Nasdaq,FIRST SOLAR HOLDINGS LLC (2003-12-23..2003-12-23),DE
CIK0001275283,RAI,,RAI,1275283,2002-09-04,2017-07-25,REYNOLDS AMERICAN INC,wiki_snapshot_cik,high,2004-07-19,2017-08-01,CIK filings start after membership start (predecessor registrant not mapped; fundamentals before cik_first_report will be missing),2111,Cigarettes,1231,,,,
CIK0001276520,GNW,GNW,GNW,1276520,2005-12-02,2015-11-18,GENWORTH FINANCIAL INC,sec_ticker+wiki_snapshot_cik,high,2004-07-30,2026-08-06,,6311,Life Insurance,1231,GNW,NYSE,,DE
CIK0001278021,MKTX,MKTX,MKTX,1278021,2019-07-01,2025-09-22,MARKETAXESS HOLDINGS INC,sec_ticker+wiki_snapshot_cik,high,2012-02-17,2026-08-07,,6211,"Security Brokers, Dealers & Flotation Companies",1231,MKTX,Nasdaq,MARKETAXESS HOLDINGS INC (2004-05-07..2026-09-18); MARKETAXESS HOLDING INC (2004-02-11..2004-04-01),
CIK0001279363,WCG,,WCG,1279363,2018-09-17,2020-01-28,"WELLCARE HEALTH PLANS, INC.",wiki_snapshot_cik,high,2010-11-04,2019-10-30,,6324,Hospital & Medical Service Plans,1231,,,WELLCARE GROUP INC (2004-02-13..2004-07-08),DE
CIK0001280452,MPWR,MPWR,MPWR,1280452,2021-02-12,,"MONOLITHIC POWER SYSTEMS, INC.",sec_ticker+wiki_current_cik+wiki_snapshot_cik,high,2020-02-28,2026-08-05,,3674,Semiconductors & Related Devices,1231,MPWR,Nasdaq,MONOLITHIC POWER SYSTEMS INC (2004-07-13..2026-07-15),DE
CIK0001281761,RF,RF,RF,1281761,1998-08-28,,REGIONS FINANCIAL CORP,sec_ticker+wiki_current_cik+wiki_snapshot_cik,high,2004-08-06,2026-08-06,CIK filings start after membership start (predecessor registrant not mapped; fundamentals before cik_first_report will be missing),6021,National Commercial Banks,1231,"RF,RF-PC,RF-PE,RF-PF","NYSE,NYSE,NYSE,NYSE",NEW REGIONS FINANCIAL CORP (2004-02-27..2004-04-29),DE
CIK0001282266,WIN,,WIN,1282266,2006-07-18,2015-04-07,"WINDSTREAM HOLDINGS, INC.",wiki_snapshot_cik,high,2005-03-31,2020-07-30,,4813,Telephone Communications (No Radiotelephone),1231,,,WINDSTREAM CORP (2006-03-28..2013-08-28); VALOR COMMUNICATIONS GROUP INC (2004-04-08..2006-06-30),
CIK0001283699,TMUS,TMUS,TMUS,1283699,2009-06-30,,"T-Mobile US, Inc.",sec_ticker+wiki_current_cik+wiki_snapshot_cik,high,2007-03-30,2026-07-23,,4812,Radiotelephone Communications,1231,"TMUS,TMUSI,TMUSL,TMUSZ","Nasdaq,Nasdaq,Nasdaq,Nasdaq",METROPCS COMMUNICATIONS INC (2004-03-23..2013-04-29),DE
CIK0001285785,MOS,MOS,MOS,1285785,2011-09-26,,MOSAIC CO,sec_ticker+wiki_current_cik+wiki_snapshot_cik,high,2004-10-21,2026-08-05,,2870,Agricultural Chemicals,1231,MOS,NYSE,GLOBAL NUTRITION SOLUTIONS INC (2004-04-08..2004-06-18),
CIK0001286681,DPZ,DPZ,DPZ,1286681,2020-05-12,,DOMINOS PIZZA INC,sec_ticker+wiki_current_cik+wiki_snapshot_cik,high,2015-10-08,2026-07-20,,5140,Wholesale-Groceries & Related Products,0102,DPZ,Nasdaq,,DE
CIK0001288784,SBNY,,SBNY,1288784,2021-12-20,2023-03-15,Signature Bank Corp,analyst_hypothesis+name+wiki_snapshot_cik,medium,,,,6022,State Commercial Banks,1231,,,,CO
CIK0001289490,EXR,EXR,EXR,1289490,2016-01-19,,Extra Space Storage Inc.,sec_ticker+wiki_current_cik+wiki_snapshot_cik,high,2015-03-02,2026-07-31,,6798,Real Estate Investment Trusts,1231,EXR,NYSE,,MD
CIK0001297996,DLR,DLR,DLR,1297996,2016-05-18,,"DIGITAL REALTY TRUST, INC.",sec_ticker+wiki_current_cik+wiki_snapshot_cik,high,2004-12-13,2026-07-31,,6798,Real Estate Investment Trusts,1231,"DLR,DLR-PK,DLR-PJ,DLR-PL","NYSE,NYSE,NYSE,NYSE",,MD
CIK0001300514,LVS,LVS,LVS,1300514,2019-10-03,,LAS VEGAS SANDS CORP,sec_ticker+wiki_current_cik+wiki_snapshot_cik,high,2009-05-11,2026-07-24,,7011,Hotels & Motels,1231,LVS,NYSE,,NV
CIK0001301063,ANR,,ANR,1301063,2011-06-02,2012-10-02,"Alpha Natural Resources, Inc.",name,high,2008-02-29,2015-08-03,,1221,Bituminous Coal & Lignite Surface Mining,1231,,,"Foundation Coal Holdings, Inc. (2004-08-20..2009-07-30)",DE
CIK0001305014,ASH,,ASH,7694,1996-01-02,2005-08-08,ASHLAND INC,name+name_of_ticker_holder,high,1994-02-10,2005-05-09,,5160,Wholesale-Chemicals & Allied Products,0930,,,ASHLAND OIL INC (1994-01-21..1995-01-12),KY
CIK0001305014,ASH,,ASH,1305014,2005-08-08,2008-11-14,ASHLAND LLC,name+name_of_ticker_holder,high,2005-08-08,2016-08-08,,5160,Wholesale-Chemicals & Allied Products,0930,,,ASHLAND INC. (2005-06-30..2016-09-20); New EXM Inc. (2004-10-12..2005-06-30),KY
CIK0001306830,CE,CE,CE,1306830,2018-12-24,2025-03-24,Celanese Corp,sec_ticker+wiki_snapshot_cik,high,2017-04-18,2026-08-05,,2820,"Plastic Material, Synth Resin/Rubber, Cellulos (No Glass)",1231,CE,NYSE,,DE
CIK0001308161,FOXA,,NWS.A,1308161,2004-12-20,2019-03-19,"TWENTY-FIRST CENTURY FOX, INC.",wiki_snapshot_cik,high,2005-02-04,2019-02-06,,4841,Cable & Other Pay Television Services,0630,,,NEWS CORP (2004-11-12..2013-06-24),
CIK0001308161.FOX,FOX,,FOX,1308161,2015-09-21,2019-03-19,"TWENTY-FIRST CENTURY FOX, INC.",wiki_snapshot_cik,high,2012-11-09,2019-02-06,,4841,Cable & Other Pay Television Services,0630,,,NEWS CORP (2004-11-12..2013-06-24),
CIK0001310067,SHLD,,SHLD,1310067,2005-03-28,2012-09-05,SEARS HOLDINGS CORP,name,high,2005-06-07,2018-12-13,,5311,Retail-Department Stores,0202,,,,DE
CIK0001316835,BLDR,BLDR,BLDR,1316835,2023-12-18,2026-09-21,"Builders FirstSource, Inc.",sec_ticker+wiki_snapshot_cik,high,2017-03-01,2026-07-30,,5211,Retail-Lumber & Other Building Materials Dealers,1231,BLDR,NYSE,,DE
CIK0001318605,TSLA,TSLA,TSLA,1318605,2020-12-21,,"Tesla, Inc.",sec_ticker+wiki_current_cik+wiki_snapshot_cik,high,2018-05-07,2026-07-23,,3711,Motor Vehicles & Passenger Car Bodies,1231,TSLA,Nasdaq,TESLA MOTORS INC (2005-02-17..2017-01-27),TX
CIK0001321655,PLTR,PLTR,PLTR,1321655,2024-09-23,,Palantir Technologies Inc.,sec_ticker+wiki_current_cik+wiki_snapshot_cik,high,2020-11-13,2026-08-04,,7372,Services-Prepackaged Software,1231,PLTR,Nasdaq,Palantir Technologies Inc (2005-03-22..2011-09-07),
CIK0001324404,CF,CF,CF,1324404,2008-08-27,,"CF Industries Holdings, Inc.",sec_ticker+wiki_current_cik+wiki_snapshot_cik,high,2005-10-09,2026-08-06,,2870,Agricultural Chemicals,1231,CF,NYSE,,DE
CIK0001324424,EXPE,EXPE,EXPE,1324424,2007-10-02,,"Expedia Group, Inc.",sec_ticker+wiki_current_cik+wiki_snapshot_cik,high,2005-08-12,2026-08-06,,4700,Transportation Services,1231,EXPE,Nasdaq,"Expedia, Inc. (2005-04-25..2018-03-20)",DE
CIK0001326160,DUK,DUK,DUK,1326160,1996-01-02,,Duke Energy CORP,sec_ticker+wiki_current_cik+wiki_snapshot_cik,high,2006-05-10,2026-08-04,CIK filings start after membership start (predecessor registrant not mapped; fundamentals before cik_first_report will be missing),4931,Electric & Other Services Combined,1231,"DUK,DUKB,DUK-PA,DUKU","NYSE,NYSE,NYSE,NYSE",Duke Energy Holding Corp. (2005-07-01..2006-04-03); Deer Holding Corp. (2005-05-09..2005-06-22),DE
CIK0001326380,GME,GME,GME,1326380,2007-12-14,2016-04-25,GameStop Corp.,sec_ticker+wiki_snapshot_cik,high,2005-12-08,2026-09-09,,5734,Retail-Computer & Computer Software Stores,0130,"GME,GME-WT","NYSE,NYSE",GSC Holdings Corp. (2005-05-23..2005-10-11),DE
CIK0001326801,META,META,FB,1326801,2013-12-23,,"Meta Platforms, Inc.",wiki_snapshot_cik,high,2017-07-27,2026-07-30,CIK filings start after membership start (predecessor registrant not mapped; fundamentals before cik_first_report will be missing),7370,"Services-Computer Programming, Data Processing, Etc.",1231,META,Nasdaq,Facebook Inc (2005-05-06..2021-10-27),DE
CIK0001327567,PANW,PANW,PANW,1327567,2023-06-20,,Palo Alto Networks Inc,sec_ticker+wiki_current_cik+wiki_snapshot_cik,high,2019-09-09,2026-09-10,,3577,"Computer Peripheral Equipment, NEC",0731,PANW,Nasdaq,Palo Alto Networks Inc (2005-05-16..2026-09-24),DE
CIK0001327811,WDAY,WDAY,WDAY,1327811,2024-12-23,,"Workday, Inc.",sec_ticker+wiki_current_cik+wiki_snapshot_cik,high,2019-05-30,2026-08-27,,7374,Services-Computer Processing & Data Preparation,0131,WDAY,Nasdaq,Workday Inc (2007-01-10..2007-09-05); North Tahoe Power Tools Inc (2005-05-17..2006-12-18),DE
CIK0001335258,LYV,LYV,LYV,1335258,2019-12-23,,"Live Nation Entertainment, Inc.",sec_ticker+wiki_current_cik+wiki_snapshot_cik,high,2012-11-05,2026-07-30,,7900,Services-Amusement & Recreation Services,1231,LYV,NYSE,"Live Nation, Inc. (2005-09-09..2010-01-26); CCE Spinco, Inc. (2005-08-10..2006-01-10)",DE
CIK0001336917,UAA,UAA,UA,1336917,2014-05-01,2022-06-21,"Under Armour, Inc.",sec_ticker+wiki_snapshot_cik,high,2006-03-15,2026-08-07,,2300,Apparel & Other Finishd Prods of  Fabrics & Similar Matl,0331,"UAA,UA","NYSE,NYSE",,MD
CIK0001336917.UA,UA,UA,UA,1336917,2016-04-08,2022-06-21,"Under Armour, Inc.",sec_ticker+wiki_snapshot_cik,high,2006-03-15,2026-08-07,,2300,Apparel & Other Finishd Prods of  Fabrics & Similar Matl,0331,"UAA,UA","NYSE,NYSE",,MD
CIK0001336920,LDOS,LDOS,LDOS,1336920,2009-12-21,,"Leidos Holdings, Inc.",sec_ticker+wiki_current_cik+wiki_snapshot_cik,high,2006-04-26,2026-08-04,,7373,Services-Computer Integrated Systems Design,0101,LDOS,NYSE,"SAIC, Inc. (2005-09-01..2013-09-27)",
CIK0001339947,VIAB,,VIA.B,1339947,2006-01-03,2019-12-05,Viacom Inc.,wiki_snapshot_cik,high,2006-03-16,2019-11-14,,4841,Cable & Other Pay Television Services,0930,,,New Viacom Corp. (2005-10-05..2006-01-06),DE
CIK0001341439,ORCL,ORCL,ORCL,1341439,1996-01-02,,ORACLE CORP,sec_ticker+wiki_current_cik+wiki_snapshot_cik,high,2006-04-10,2026-09-11,CIK filings start after membership start (predecessor registrant not mapped; fundamentals before cik_first_report will be missing),7372,Services-Prepackaged Software,0531,"ORCL,ORCL-PD","NYSE,NYSE",Ozark Holding Inc. (2005-10-19..2006-02-01),
CIK0001350031,EQ,,EQ,1350031,2006-05-18,2009-07-01,Embarq CORP,name,high,2006-06-09,2009-05-07,,4813,Telephone Communications (No Radiotelephone),1231,,,LTD Holding CO (2006-01-23..2006-01-23),DE
CIK0001352010,EPAM,EPAM,EPAM,1352010,2021-12-14,2026-06-02,"EPAM Systems, Inc.",sec_ticker+wiki_snapshot_cik,high,2014-05-07,2026-08-06,,7371,Services-Computer Programming Services,1231,EPAM,NYSE,EPAM SYSTEMS INC (2006-01-31..2007-12-12),DE
CIK0001355001,H,,H,1355001,2006-08-01,2007-04-10,Anywhere Real Estate Group LLC,name,high,2006-08-16,2025-11-05,,6531,Real Estate Agents & Managers (For Others),1231,,,REALOGY GROUP LLC (2012-10-16..2022-05-04); REALOGY CORP (2006-04-03..2012-10-09),DE
CIK0001358071,CXO,,CXO,1358071,2016-02-22,2021-01-21,CONCHO RESOURCES INC,wiki_snapshot_cik,high,2008-11-13,2020-10-27,,1311,Crude Petroleum & Natural Gas,1231,,,CONCO RESOURCES INC (2006-03-14..2006-03-14),DE
CIK0001359841,HBI,,HBI,1359841,2015-03-23,2021-12-20,Hanesbrands Inc.,wiki_snapshot_cik,high,2006-09-28,2025-11-06,,5600,Retail-Apparel & Accessory Stores,0103,,,Hanesbrands Inc. (2006-05-24..2026-02-12),MD
CIK0001361658,TNL,TNL,WYN,1361658,2006-08-01,2018-05-31,Travel & Leisure Co.,wiki_snapshot_cik,high,2006-08-18,2026-07-22,,7011,Hotels & Motels,1231,TNL,NYSE,"Travel & Leisure Co. (2021-02-17..2026-08-27); Wyndham Destinations, Inc. (2018-05-31..2021-02-16); WYNDHAM WORLDWIDE CORP (2006-05-11..2018-05-23)",DE
CIK0001365135,WU,WU,WU,1365135,2006-10-02,2021-12-20,Western Union CO,sec_ticker+wiki_snapshot_cik,high,2006-11-08,2026-07-30,,7389,"Services-Business Services, NEC",1231,WU,NYSE,,DE
CIK0001368007,NYX,,NYX,1368007,2007-10-25,2013-11-13,NYSE Euronext,name,high,2007-05-01,2013-11-05,,6200,"Security & Commodity Brokers, Dealers, Exchanges & Services",1231,,,"NYSE Euronext, Inc. (2006-09-21..2007-04-04)",DE
CIK0001370637,ETSY,ETSY,ETSY,1370637,2020-09-21,2024-09-23,ETSY INC,sec_ticker+wiki_snapshot_cik,high,2019-02-28,2026-08-05,,7389,"Services-Business Services, NEC",1231,ETSY,NYSE,,DE
CIK0001373715,NOW,NOW,NOW,1373715,2019-11-21,,"ServiceNow, Inc.",sec_ticker+wiki_current_cik+wiki_snapshot_cik,high,2012-08-10,2026-07-23,,7372,Services-Prepackaged Software,1231,NOW,NYSE,SERVICE-NOW.COM (2006-08-22..2012-05-01),DE
CIK0001373835,SE,,SE,1373835,2007-01-03,2017-02-27,Spectra Energy Corp.,wiki_snapshot_cik,high,2007-04-02,2017-02-24,,4923,Natural Gas Transmisison & Distribution,1231,,,"Gas SpinCo, Inc. (2006-09-07..2006-10-23)",DE
CIK0001374310,CBOE,CBOE,CBOE,1374310,2017-03-01,,"Cboe Global Markets, Inc.",sec_ticker+wiki_current_cik+wiki_snapshot_cik,high,2015-08-06,2026-07-31,,6200,"Security & Commodity Brokers, Dealers, Exchanges & Services",1231,CBOE,CBOE,"CBOE Holdings, Inc. (2007-01-25..2017-10-13)",DE
CIK0001375365,SMCI,SMCI,SMCI,1375365,2024-03-18,,"Super Micro Computer, Inc.",name_of_ticker_holder+sec_ticker+wiki_current_cik+wiki_snapshot_cik,high,2017-02-07,2026-08-31,,3571,Electronic Computers,0630,"SMCI,SMCIP","Nasdaq,Nasdaq",,CA
CIK0001377013,TWC,,TWC,1377013,2009-03-30,2016-05-18,"SPECTRUM MANAGEMENT HOLDING COMPANY, LLC",wiki_snapshot_cik,high,2007-02-23,2016-04-28,,4841,Cable & Other Pay Television Services,,,,TIME WARNER CABLE INC. (2006-10-18..2016-06-01),DE
CIK0001378946,PBCT,,PBCT,1378946,2008-11-13,2022-04-04,"People's United Financial, Inc.",wiki_snapshot_cik,high,2007-04-13,2022-03-31,,6035,"Savings Institution, Federally Chartered",1231,,,,DE
CIK0001379895,DYN,,DYN,879215,2000-10-03,2007-05-09,DYNEGY ILLINOIS INC.,name,high,1996-05-15,2007-04-30,,4911,Electric Services,1231,,,DYNEGY INC /IL/ (2000-03-01..2007-04-10); DYNEGY INC (1998-11-16..2000-02-02); NGC CORP (1996-09-10..1998-06-01),IL
CIK0001379895,DYN,,DYN,1379895,2007-05-09,2009-12-21,DYNEGY INC.,name,high,2007-05-09,2018-04-27,,4911,Electric Services,1231,,,"Dynegy Acquisition, Inc. (2006-12-08..2007-04-02)",DE
CIK0001381197,IBKR,IBKR,IBKR,1381197,2025-08-28,,"Interactive Brokers Group, Inc.",sec_ticker+wiki_current_cik+wiki_snapshot_cik,high,2017-11-08,2026-08-06,,6211,"Security Brokers, Dealers & Flotation Companies",1231,IBKR,Nasdaq,,DE
CIK0001383312,BR,BR,BR,1383312,2018-06-18,,"BROADRIDGE FINANCIAL SOLUTIONS, INC.",sec_ticker+wiki_current_cik+wiki_snapshot_cik,high,2007-05-15,2026-08-04,,7389,"Services-Business Services, NEC",0630,BR,NYSE,"BROADRIDGE FINANCIAL SOLUTIONS, INC. (2007-02-25..2026-08-14); BROADRIDGE FINANCIAL SOLUTIONS, LLC (2007-02-09..2007-03-21); BSG LLC (2006-12-19..2006-12-19)",DE
CIK0001385157,TEL,TEL,TEL,1385157,2007-07-02,,TE Connectivity plc,sec_ticker+wiki_current_cik+wiki_snapshot_cik,high,2007-08-13,2026-07-24,,5065,"Wholesale-Electronic Parts & Equipment, NEC",0925,TEL,NYSE,TE Connectivity Ltd. (2008-02-29..2024-09-23); Tyco Electronics Ltd. (2007-01-18..2011-03-10),
CIK0001385187,COV,,COV,1385187,2007-07-02,2015-01-27,Covidien plc,wiki_snapshot_cik,high,2007-08-10,2015-01-23,,3841,Surgical & Medical Instruments & Apparatus,0930,,,Covidien Ltd. (2007-03-26..2009-06-18); Tyco Healthcare Ltd. (2007-01-18..2007-01-18),
CIK0001389170,TRGP,TRGP,TRGP,1389170,2022-10-12,,Targa Resources Corp.,sec_ticker+wiki_current_cik+wiki_snapshot_cik,high,2016-05-10,2026-08-06,,4922,Natural Gas Transmission,1231,TRGP,NYSE,Targa Resources Corp. (2010-10-12..2026-09-17); Targa Resources Investments Inc. (2007-02-08..2010-11-12),
CIK0001390777,BNY,BNY,BK,1390777,1996-01-02,,Bank of New York Mellon Corp,wiki_snapshot_cik,high,2022-02-25,2026-07-31,CIK filings start after membership start (predecessor registrant not mapped; fundamentals before cik_first_report will be missing),6022,State Commercial Banks,1231,"BNY,BNY-PK","NYSE,NYSE",,DE
CIK0001393052,VEEV,VEEV,VEEV,1393052,2026-05-07,,VEEVA SYSTEMS INC,sec_ticker+wiki_current_cik+wiki_snapshot_cik,high,2019-12-05,2026-08-27,,7372,Services-Prepackaged Software,0131,VEEV,NYSE,VERTICALS ONDEMAND INC (2007-03-07..2007-03-07),DE
CIK0001393311,PSA,PSA,PSA,1393311,2005-08-19,,Public Storage,sec_ticker+wiki_current_cik+wiki_snapshot_cik,high,2007-08-09,2026-07-29,CIK filings start after membership start (predecessor registrant not mapped; fundamentals before cik_first_report will be missing),6798,Real Estate Investment Trusts,1231,"PSA,PSA-PH,PSA-PU,PSA-PF,PSA-PG,PSA-PI,PSA-PJ,PSA-PK,PSA-PL,PSA-PM,PSA-PN,PSA-PO,PSA-PP,PSA-PQ,PSA-PR,PSA-PS,PSA-PT","NYSE,NYSE,NYSE,NYSE,NYSE,NYSE,NYSE,NYSE,NYSE,NYSE,NYSE,NYSE,NYSE,NYSE,NYSE,NYSE,NYSE",,MD
CIK0001393612,DFS,,DFS,1393612,2007-07-02,2025-05-19,Discover Financial Services,wiki_snapshot_cik,high,2007-07-12,2025-04-30,,6141,Personal Credit Institutions,1231,,,,DE
CIK0001393818,BX,BX,BX,1393818,2023-09-18,,Blackstone Inc.,sec_ticker+wiki_current_cik+wiki_snapshot_cik,high,2017-05-09,2026-08-07,,6282,Investment Advice,1231,BX,NYSE,Blackstone Inc (2021-08-06..2022-04-07); Blackstone Group Inc (2019-07-01..2021-08-05); Blackstone Group L.P. (2007-03-22..2019-06-28),DE
CIK0001396009,VMC,VMC,VMC,1396009,1999-07-01,,Vulcan Materials CO,sec_ticker+wiki_current_cik+wiki_snapshot_cik,high,2008-02-29,2026-07-29,CIK filings start after membership start (predecessor registrant not mapped; fundamentals before cik_first_report will be missing),1400,Mining & Quarrying of  Nonmetallic Minerals (No Fuels),1231,VMC,NYSE,"Virginia Holdco, Inc. (2007-04-12..2007-11-16)",NJ
CIK0001397187,LULU,LULU,LULU,1397187,2023-10-18,,lululemon athletica inc.,sec_ticker+wiki_current_cik+wiki_snapshot_cik,high,2013-03-21,2026-09-03,,2300,Apparel & Other Finishd Prods of  Fabrics & Similar Matl,0131,LULU,Nasdaq,Lululemon Corp. (2007-04-30..2007-06-19),DE
CIK0001399315,MI,,MI,62741,2002-02-11,2007-11-09,MARSHALL & ILSLEY CORP/WI/,name,high,1994-03-30,2007-08-08,,6021,National Commercial Banks,1231,,,,WI
CIK0001399315,MI,,MI,1399315,2007-11-09,2011-07-06,MARSHALL & ILSLEY CORP,name,high,2007-11-09,2011-05-10,,6022,State Commercial Banks,1231,,,NEW M&I CORP (2007-05-22..2007-11-15),WI
CIK0001402057,CDW,CDW,CDW,1402057,2019-09-23,,CDW Corp,sec_ticker+wiki_current_cik+wiki_snapshot_cik,high,2018-08-03,2026-08-05,,5961,Retail-Catalog & Mail-Order Houses,1231,CDW,Nasdaq,"VH Holdings, Inc. (2007-06-08..2007-06-08)",DE
CIK0001403161,V,V,V,1403161,2009-12-21,,VISA INC.,sec_ticker+wiki_current_cik+wiki_snapshot_cik,high,2007-12-21,2026-07-29,,7389,"Services-Business Services, NEC",0930,V,NYSE,,DE
CIK0001403568,ULTA,ULTA,ULTA,1403568,2016-04-18,,"Ulta Beauty, Inc.",sec_ticker+wiki_current_cik+wiki_snapshot_cik,high,2008-06-17,2026-08-27,,5990,"Retail-Retail Stores, NEC",0130,ULTA,Nasdaq,"Ulta Salon, Cosmetics & Fragrance, Inc. (2007-07-06..2016-12-01)",
CIK0001404912,KKR,KKR,KKR,1404912,2024-06-24,,KKR & Co. Inc.,sec_ticker+wiki_current_cik+wiki_snapshot_cik,high,2015-08-07,2026-08-06,,6282,Investment Advice,1231,"KKR,KKR-PD,KKRS,KKRT","NYSE,NYSE,NYSE,NYSE",KKR & Co. L.P. (2007-07-03..2018-06-29),
CIK0001408198,MSCI,MSCI,MSCI,1408198,2018-04-04,,MSCI Inc.,sec_ticker+wiki_current_cik+wiki_snapshot_cik,high,2014-05-02,2026-07-21,,7389,"Services-Business Services, NEC",1231,MSCI,NYSE,,DE
CIK0001410636,AWK,AWK,AWK,1410636,2016-03-04,,"American Water Works Company, Inc.",sec_ticker+wiki_current_cik+wiki_snapshot_cik,high,2015-05-06,2026-07-29,,4941,Water Supply,1231,AWK,NYSE,,DE
CIK0001413329,PM,PM,PM,1413329,2008-03-31,,Philip Morris International Inc.,sec_ticker+wiki_current_cik+wiki_snapshot_cik,high,2008-05-08,2026-07-24,,2111,Cigarettes,1231,PM,NYSE,,VA
CIK0001413447,NXPI,NXPI,NXPI,1413447,2021-03-22,,NXP Semiconductors N.V.,sec_ticker+wiki_current_cik+wiki_snapshot_cik,high,2013-03-01,2026-07-28,,3674,Semiconductors & Related Devices,1231,NXPI,Nasdaq,KASLION Acquisition B.V. (2007-09-26..2010-04-16),
CIK0001415404,ECHO,ECHO,SATS,1415404,2026-03-23,,EchoStar CORP,wiki_snapshot_cik,high,2011-08-09,2026-08-03,,4899,"Communications Services, NEC",1231,ECHO,Nasdaq,EchoStar Holding CORP (2007-11-06..2008-01-11),NV
CIK0001418091,TWTR,,TWTR,1418091,2018-06-07,2022-11-01,"TWITTER, INC.",wiki_snapshot_cik,high,2015-11-06,2022-07-26,,7370,"Services-Computer Programming, Data Processing, Etc.",1231,,,Twitter Inc (2007-11-30..2010-01-08),DE
CIK0001418135,KDP,KDP,KDP,1418135,2008-10-07,,Keurig Dr Pepper Inc.,sec_ticker+wiki_current_cik+wiki_snapshot_cik,high,2008-06-05,2026-08-10,,2080,Beverages,1231,KDP,Nasdaq,"Dr Pepper Snapple Group, Inc. (2007-12-17..2018-07-02); CSAB Inc. (2007-11-13..2007-11-13)",DE
CIK0001419612,SEDG,SEDG,SEDG,1419612,2021-12-20,2023-12-18,"SOLAREDGE TECHNOLOGIES, INC.",sec_ticker+wiki_snapshot_cik,high,2015-05-08,2026-08-05,,3674,Semiconductors & Related Devices,1231,SEDG,Nasdaq,SolarEdge Technologies Inc (2007-11-21..2019-08-08),DE
CIK0001424847,LO,,LO,1424847,2008-06-11,2015-06-12,"LORILLARD, LLC",wiki_snapshot_cik,high,2008-08-07,2015-04-21,,2111,Cigarettes,1231,,,"LORILLARD, INC. (2008-02-05..2015-06-12)",DE
CIK0001430602,SNI,,SNI,1430602,2008-07-01,2018-03-07,"Scripps Networks Interactive, Inc.",wiki_snapshot_cik,high,2008-08-14,2018-03-06,,4841,Cable & Other Pay Television Services,1231,,,,OH
CIK0001437107,WBD,WBD,DISCA,1437107,2010-03-01,,"Warner Bros. Discovery, Inc.",wiki_snapshot_cik,high,2020-05-06,2026-08-06,CIK filings start after membership start (predecessor registrant not mapped; fundamentals before cik_first_report will be missing),4841,Cable & Other Pay Television Services,1231,WBD,Nasdaq,"Discovery, Inc. (2018-03-06..2022-04-08); Discovery Communications, Inc. (2008-06-11..2018-03-05)",DE
CIK0001437107.DISCK,DISCK,,DISCK,1437107,2014-08-07,2022-04-11,"Warner Bros. Discovery, Inc.",wiki_snapshot_cik,high,2008-11-07,2026-08-06,,4841,Cable & Other Pay Television Services,1231,WBD,Nasdaq,"Discovery, Inc. (2018-03-06..2022-04-08); Discovery Communications, Inc. (2008-06-11..2018-03-05)",DE
CIK0001442145,VRSK,VRSK,VRSK,1442145,2015-10-08,,"Verisk Analytics, Inc.",sec_ticker+wiki_current_cik+wiki_snapshot_cik,high,2009-11-16,2026-07-29,,7374,Services-Computer Processing & Data Preparation,1231,VRSK,Nasdaq,,DE
CIK0001451505,RIG,RIG,RIG,1451505,1999-12-31,2017-07-26,Transocean Ltd.,sec_ticker+wiki_snapshot_cik,high,2009-02-26,2026-08-07,CIK filings start after membership start (predecessor registrant not mapped; fundamentals before cik_first_report will be missing),1381,Drilling Oil & Gas Wells,1231,RIG,NYSE,,V8
CIK0001452575,MJN,,MJN,1452575,2009-12-21,2017-06-15,Mead Johnson Nutrition Co,wiki_snapshot_cik,high,2009-03-27,2017-04-27,,2000,Food and Kindred Products,1231,,,,DE
CIK0001457543,CFN,,CFN,1457543,2009-09-01,2015-03-17,CAREFUSION Corp,wiki_snapshot_cik,high,2009-09-15,2015-02-06,,3841,Surgical & Medical Instruments & Apparatus,0630,,,,
CIK0001458891,NE,,NE,1458891,2001-01-16,2015-07-20,Noble Corp,wiki_snapshot_cik,high,2009-05-11,2022-08-09,CIK filings start after membership start (predecessor registrant not mapped; fundamentals before cik_first_report will be missing),1381,Drilling Oil & Gas Wells,1231,,,Noble Holding Corp plc (2020-11-06..2021-02-05); Noble Corp plc (2013-11-20..2020-11-05); Noble Corp / Switzerland (2009-03-27..2013-11-15),X0
CIK0001463101,ENPH,ENPH,ENPH,1463101,2021-01-07,2025-09-22,"Enphase Energy, Inc.",sec_ticker+wiki_snapshot_cik,high,2012-05-14,2026-07-28,,3674,Semiconductors & Related Devices,1231,ENPH,Nasdaq,,DE
CIK0001465112,DTV,,DTV,1465112,2006-12-04,2015-07-27,DIRECTV,wiki_snapshot_cik,high,2010-02-26,2015-10-20,CIK filings start after membership start (predecessor registrant not mapped; fundamentals before cik_first_report will be missing),4899,"Communications Services, NEC",1231,,,,DE
CIK0001466258,TT,TT,IR,1466258,1996-01-02,,Trane Technologies plc,wiki_snapshot_cik,high,2009-08-06,2026-07-30,CIK filings start after membership start (predecessor registrant not mapped; fundamentals before cik_first_report will be missing),3822,Auto Controls For Regulating Residential & Comml Environments,1231,TT,NYSE,Ingersoll-Rand plc (2009-07-01..2020-02-24),L2
CIK0001467373,ACN,ACN,ACN,1467373,2011-07-06,,Accenture plc,sec_ticker+wiki_current_cik+wiki_snapshot_cik,high,2009-10-19,2026-06-18,,7389,"Services-Business Services, NEC",0831,ACN,NYSE,Accenture plc (2009-09-01..2026-09-08),L2
CIK0001467858,GM,GM,GM,1467858,2013-06-07,,General Motors Co,sec_ticker+wiki_current_cik+wiki_snapshot_cik,high,2010-04-07,2026-07-21,,3711,Motor Vehicles & Passenger Car Bodies,1231,GM,NYSE,,
CIK0001474432,P,P,P,1474432,2026-09-21,,"Everpure, Inc.",sec_ticker+wiki_current_cik+wiki_snapshot_cik,high,2016-03-25,2026-09-04,,3572,Computer Storage Devices,0131,P,NYSE,"PURE Storage, Inc. (2015-05-15..2026-01-09); Pure Storage, Inc. (2015-05-15..2026-01-09); Os76, Inc. (2009-11-03..2009-11-06)",DE
CIK0001474735,GNRC,GNRC,GNRC,1474735,2021-03-22,,GENERAC HOLDINGS INC.,sec_ticker+wiki_current_cik+wiki_snapshot_cik,high,2014-03-03,2026-08-04,,3621,Motors & Generators,1231,GNRC,NYSE,,DE
CIK0001478242,IQV,IQV,Q,1478242,2017-08-29,,IQVIA HOLDINGS INC.,sec_ticker+wiki_current_cik+wiki_snapshot_cik,high,2014-02-13,2026-07-28,,8731,Services-Commercial Physical & Biological Research,1231,IQV,NYSE,"Quintiles IMS Holdings, Inc. (2016-10-03..2017-11-03); Quintiles Transnational Holdings Inc. (2009-12-18..2016-09-22)",DE
CIK0001489393,LYB,LYB,LYB,1489393,2012-09-05,,LyondellBasell Industries N.V.,sec_ticker+wiki_current_cik+wiki_snapshot_cik,high,2010-11-10,2026-07-31,,2860,Industrial Organic Chemicals,1231,LYB,NYSE,,P7
CIK0001491675,CCE,,CCE,1491675,1998-10-08,2016-05-31,"COCA-COLA EUROPEAN PARTNERS US, LLC",wiki_snapshot_cik,high,2010-10-28,2016-04-28,CIK filings start after membership start (predecessor registrant not mapped; fundamentals before cik_first_report will be missing),2086,Bottled & Canned Soft Drinks & Carbonated Waters,1231,,,"COCA-COLA ENTERPRISES, INC. (2010-06-22..2016-05-26); International CCE Inc. (2010-05-25..2010-10-01)",DE
CIK0001492633,NLSN,,NLSN,1492633,2013-07-09,2022-10-12,Nielsen Holdings plc,wiki_snapshot_cik,high,2011-03-01,2022-10-27,,7389,"Services-Business Services, NEC",1231,,,Nielsen N.V. (2014-03-28..2015-08-28); Nielsen Holdings N.V. (2010-06-30..2014-05-05); Nielsen Holdings B.V. (2010-06-03..2011-01-21),X0
CIK0001495569,MMI,,MMI,1495569,2011-01-04,2012-05-22,"Motorola Mobility Holdings, Inc",name,high,2011-02-18,2012-05-01,,3663,Radio & Tv Broadcasting & Communications Equipment,1231,,,Motorola SpinCo Holdings Corp (2010-07-01..2010-09-16),
CIK0001496048,GGP,,GGP,1496048,2013-12-10,2018-08-28,Brookfield Property REIT Inc.,wiki_snapshot_cik,high,2011-03-08,2021-08-06,,6798,Real Estate Investment Trusts,1231,,,"GGP Inc. (2017-01-30..2018-08-15); General Growth Properties, Inc. (2010-08-20..2017-01-24); New GGP, Inc. (2010-07-15..2010-11-09)",DE
CIK0001501585,HII,HII,HII,1501585,2018-01-03,,"HUNTINGTON INGALLS INDUSTRIES, INC.",sec_ticker+wiki_current_cik+wiki_snapshot_cik,high,2011-05-11,2026-07-30,,3730,Ship & Boat Building & Repairing,1231,HII,NYSE,"HUNTINGTON INGALLS INDUSTRIES, INC. (2010-12-09..2026-09-14); New Ships, Inc. (2010-10-15..2010-11-24)",DE
CIK0001506307,KMI,KMI,KMI,1506307,2012-05-25,,"KINDER MORGAN, INC.",sec_ticker+wiki_current_cik+wiki_snapshot_cik,high,2011-03-02,2026-07-24,,4922,Natural Gas Transmission,1231,"KMI,EP-PC","NYSE,NYSE",Kinder Morgan Holdco LLC (2010-11-23..2011-02-11),DE
CIK0001510295,MPC,MPC,MPC,1510295,2011-07-01,,Marathon Petroleum Corp,sec_ticker+wiki_current_cik+wiki_snapshot_cik,high,2011-08-09,2026-08-04,,2911,Petroleum Refining,1231,MPC,NYSE,,DE
CIK0001512673,XYZ,XYZ,XYZ,1512673,2025-07-23,,"Block, Inc.",sec_ticker+wiki_current_cik+wiki_snapshot_cik,high,2021-08-02,2026-08-05,,7372,Services-Prepackaged Software,1231,"XYZ,BSQKZ","NYSE,OTC","Square, Inc. (2011-03-02..2021-12-08)",DE
CIK0001513761,NCLH,NCLH,NCLH,1513761,2017-10-13,,Norwegian Cruise Line Holdings Ltd.,sec_ticker+wiki_current_cik+wiki_snapshot_cik,high,2014-02-21,2026-08-03,,4400,Water Transportation,1231,NCLH,NYSE,,D0
CIK0001518832,WPX,,WPX,1518832,2012-01-03,2014-03-24,"WPX ENERGY, INC.",name,high,2012-02-28,2020-11-03,,1311,Crude Petroleum & Natural Gas,1231,,,,DE
CIK0001519751,FBIN,FBIN,FBHS,1519751,2016-06-24,2022-12-19,"Fortune Brands Innovations, Inc.",wiki_snapshot_cik,high,2015-02-25,2026-08-05,,2430,"Millwood, Veneer, Plywood, & Structural Wood Members",1227,FBIN,NYSE,"Fortune Brands Home & Security, Inc. (2011-06-02..2022-12-14); Fortune Brands Home & Security LLC (2011-05-06..2011-08-22)",DE
CIK0001521332,APTV,APTV,DLPH,1521332,2012-12-24,,Aptiv PLC,sec_ticker+wiki_current_cik+wiki_snapshot_cik,high,2012-02-17,2026-08-04,,3714,Motor Vehicle Parts & Accessories,1231,APTV,NYSE,Delphi Automotive PLC (2011-05-25..2017-11-29),Y9
CIK0001524472,XYL,XYL,XYL,1524472,2011-11-01,,Xylem Inc.,sec_ticker+wiki_current_cik+wiki_snapshot_cik,high,2011-11-21,2026-07-28,,3561,Pumps & Pumping Equipment,1231,XYL,NYSE,"ITT WCO, Inc. (2011-07-11..2011-07-11)",IN
CIK0001526520,TRIP,TRIP,TRIP,1526520,2011-12-21,2019-12-23,"TripAdvisor, Inc.",sec_ticker+wiki_snapshot_cik,high,2011-12-06,2026-08-06,,7370,"Services-Computer Programming, Data Processing, Etc.",1231,TRIP,Nasdaq,,DE
CIK0001530721,CPRI,CPRI,KORS,1530721,2013-11-13,2020-05-12,Capri Holdings Ltd,wiki_snapshot_cik,high,2012-06-12,2026-08-05,,3100,Leather & Leather Products,0329,CPRI,NYSE,Michael Kors Holdings Ltd (2011-12-02..2018-12-21),D8
CIK0001532063,ESRX,,ESRX,1532063,2003-09-26,2018-12-21,Express Scripts Holding Co.,wiki_snapshot_cik,high,2012-05-10,2018-10-31,CIK filings start after membership start (predecessor registrant not mapped; fundamentals before cik_first_report will be missing),5912,Retail-Drug Stores and Proprietary Stores,1231,,,"Aristotle Holding, Inc. (2011-10-06..2011-11-18)",DE
CIK0001534701,PSX,PSX,PSX,1534701,2012-05-01,,Phillips 66,sec_ticker+wiki_current_cik+wiki_snapshot_cik,high,2012-05-16,2026-08-05,,2911,Petroleum Refining,1231,PSX,NYSE,,DE
CIK0001535527,CRWD,CRWD,CRWD,1535527,2024-06-24,,"CrowdStrike Holdings, Inc.",sec_ticker+wiki_current_cik+wiki_snapshot_cik,high,2020-12-03,2026-08-27,,7372,Services-Prepackaged Software,0131,CRWD,Nasdaq,,DE
CIK0001539838,FANG,FANG,FANG,1539838,2018-12-03,,"Diamondback Energy, Inc.",sec_ticker+wiki_current_cik+wiki_snapshot_cik,high,2016-11-08,2026-08-05,,1311,Crude Petroleum & Natural Gas,1231,FANG,Nasdaq,"Diamondback Energy, Inc. (2012-02-14..2026-09-24)",DE
CIK0001543151,UBER,UBER,UBER,1543151,2023-12-18,,"Uber Technologies, Inc",sec_ticker+wiki_current_cik+wiki_snapshot_cik,high,2020-11-06,2026-08-05,,7389,"Services-Business Services, NEC",1231,UBER,NYSE,,DE
CIK0001545158,KRFT,,KRFT,1545158,2012-10-02,2015-07-06,"Kraft Foods Group, Inc.",wiki_snapshot_cik,high,2012-11-09,2015-04-28,,2000,Food and Kindred Products,1228,,,,
CIK0001546640,ADT,,ADT,1546640,2012-10-02,2016-05-02,ADT Corp,wiki_snapshot_cik,high,2012-11-27,2016-06-14,,7381,"Services-Detective, Guard & Armored Car Services",0925,,,,DE
CIK0001551152,ABBV,ABBV,ABBV,1551152,2013-01-02,,AbbVie Inc.,sec_ticker+wiki_current_cik+wiki_snapshot_cik,high,2013-03-15,2026-08-03,,2834,Pharmaceutical Preparations,1231,ABBV,NYSE,,DE
CIK0001551182,ETN,ETN,ETN,1551182,1996-01-02,,Eaton Corp plc,sec_ticker+wiki_current_cik+wiki_snapshot_cik,high,2012-11-14,2026-07-31,CIK filings start after membership start (predecessor registrant not mapped; fundamentals before cik_first_report will be missing),3590,Misc Industrial & Commercial Machinery & Equipment,1231,ETN,NYSE,Eaton Corp Ltd (2012-06-22..2012-11-16),
CIK0001555280,ZTS,ZTS,ZTS,1555280,2013-06-24,,Zoetis Inc.,sec_ticker+wiki_current_cik+wiki_snapshot_cik,high,2013-03-28,2026-08-06,,2834,Pharmaceutical Preparations,1231,ZTS,NYSE,,
CIK0001559720,ABNB,ABNB,ABNB,1559720,2023-09-18,,"Airbnb, Inc.",sec_ticker+wiki_current_cik+wiki_snapshot_cik,high,2023-08-03,2026-08-06,,7340,Services-To Dwellings & Other Buildings,1231,ABNB,Nasdaq,"Airbnb, Inc. (2012-10-24..2026-09-17)",DE
CIK0001561550,DDOG,DDOG,DDOG,1561550,2025-07-09,,"Datadog, Inc.",sec_ticker+wiki_current_cik+wiki_snapshot_cik,high,2023-08-09,2026-08-06,,7372,Services-Prepackaged Software,1231,DDOG,Nasdaq,,NV
CIK0001564708,NWSA,NWSA,NWSA,1564708,2013-07-01,,NEWS CORP,sec_ticker+wiki_current_cik+wiki_snapshot_cik,high,2013-09-20,2026-08-07,,2711,Newspapers: Publishing or  Publishing & Printing,0630,"NWSA,NWS,NWSLL","Nasdaq,Nasdaq,OTC",New Newscorp Inc (2013-06-12..2013-06-28); New Newscorp LLC (2012-12-21..2013-05-24),DE
CIK0001564708.NWS,NWS,NWS,NWS,1564708,2015-09-21,,NEWS CORP,sec_ticker+wiki_current_cik+wiki_snapshot_cik,high,2013-09-20,2026-08-07,,2711,Newspapers: Publishing or  Publishing & Printing,0630,"NWSA,NWS,NWSLL","Nasdaq,Nasdaq,OTC",New Newscorp Inc (2013-06-12..2013-06-28); New Newscorp LLC (2012-12-21..2013-05-24),DE
CIK0001567892,MNK,,MNK,1567892,2014-08-19,2017-07-26,Keenova Therapeutics plc,wiki_snapshot_cik,high,2013-08-12,2026-08-11,,2834,Pharmaceutical Preparations,1231,,,Mallinckrodt plc (2013-02-01..2025-11-10),L2
CIK0001571949,ICE,ICE,ICE,1571949,2007-09-26,,"Intercontinental Exchange, Inc.",sec_ticker+wiki_current_cik+wiki_snapshot_cik,high,2013-08-07,2026-07-30,CIK filings start after membership start (predecessor registrant not mapped; fundamentals before cik_first_report will be missing),6200,"Security & Commodity Brokers, Dealers, Exchanges & Services",1231,ICE,NYSE,"IntercontinentalExchange Group, Inc. (2013-03-20..2014-05-29)",DE
CIK0001571996,DELL,DELL,DELL,1571996,2024-09-23,,Dell Technologies Inc.,sec_ticker+wiki_current_cik+wiki_snapshot_cik,high,2024-03-25,2026-09-08,,3571,Electronic Computers,0129,DELL,NYSE,Dell Technologies Inc (2016-01-14..2020-01-29); Denali Holding Inc. (2013-07-24..2016-07-21),TX
CIK0001578845,ACT,,WPI,884629,1999-04-12,2013-10-31,Allergan Finance LLC,wiki_snapshot_cik,high,1995-11-13,2013-10-31,,2834,Pharmaceutical Preparations,1231,,,"Actavis, Inc. (2013-01-25..2015-03-05); WATSON PHARMACEUTICALS INC (1995-02-14..2013-01-14)",NV
CIK0001578845,AGN,,ACT,1578845,2013-10-31,2020-05-12,Allergan plc,wiki_snapshot_cik,high,2013-10-31,2020-05-07,,2834,Pharmaceutical Preparations,1231,,,Actavis plc (2013-09-30..2015-06-15); Actavis Ltd (2013-06-18..2013-07-31),L2
CIK0001579241,ALLE,ALLE,ALLE,1579241,2013-12-02,,Allegion plc,sec_ticker+wiki_current_cik+wiki_snapshot_cik,high,2014-03-10,2026-07-23,,7381,"Services-Detective, Guard & Armored Car Services",1231,ALLE,NYSE,,L2
CIK0001585364,PRGO,PRGO,PRGO,1585364,2011-12-19,2021-09-20,PERRIGO Co plc,sec_ticker+wiki_snapshot_cik,high,2013-11-04,2026-08-05,CIK filings start after membership start (predecessor registrant not mapped; fundamentals before cik_first_report will be missing),2834,Pharmaceutical Preparations,1231,PRGO,NYSE,PERRIGO Co Ltd (2013-08-28..2013-11-12),L2
CIK0001585689,HLT,HLT,HLT,1585689,2017-06-19,,Hilton Worldwide Holdings Inc.,sec_ticker+wiki_current_cik+wiki_snapshot_cik,high,2015-04-29,2026-07-28,,7011,Hotels & Motels,1231,HLT,NYSE,,DE
CIK0001590895,CZR,CZR,CZR,1590895,2021-03-22,2025-09-22,"Caesars Entertainment, Inc.",sec_ticker+wiki_snapshot_cik,high,2015-03-16,2026-07-28,,7011,Hotels & Motels,1231,CZR,Nasdaq,"Eldorado Resorts, Inc. (2014-09-19..2020-07-17); Eclair Holdings Co (2013-11-04..2014-09-19)",DE
CIK0001590955,PAYC,PAYC,PAYC,1590955,2020-01-28,2026-03-23,"Paycom Software, Inc.",sec_ticker+wiki_snapshot_cik,high,2015-08-07,2026-08-06,,7372,Services-Prepackaged Software,1231,PAYC,NYSE,,DE
CIK0001593034,ENDP,,ENDP,1593034,2015-01-27,2017-03-02,Endo International plc,name,high,2014-05-09,2024-03-06,,2834,Pharmaceutical Preparations,1231,,,Endo International Ltd (2013-12-11..2014-01-27),
CIK0001593538,NAVI,NAVI,NAVI,1593538,2014-05-01,2018-06-05,NAVIENT CORP,sec_ticker+wiki_snapshot_cik,high,2014-05-09,2026-08-07,,6211,"Security Brokers, Dealers & Flotation Companies",1231,"NAVI,JSM","Nasdaq,Nasdaq",New Corp (2013-12-06..2014-02-28),DE
CIK0001596532,ANET,ANET,ANET,1596532,2018-08-28,,"Arista Networks, Inc.",sec_ticker+wiki_current_cik+wiki_snapshot_cik,high,2014-08-08,2026-08-05,,3576,Computer Communications Equipment,1231,ANET,NYSE,,DE
CIK0001596783,CTLT,,CTLT,1596783,2020-09-21,2024-12-23,"Catalent, Inc.",wiki_snapshot_cik,high,2015-11-03,2024-11-05,,2834,Pharmaceutical Preparations,0630,,,PTS Holdings Corp. (2014-01-24..2014-01-24),DE
CIK0001598014,INFO,,INFO,1598014,2017-06-02,2022-03-02,IHS Markit Ltd.,wiki_snapshot_cik,high,2015-03-10,2022-01-24,,7370,"Services-Computer Programming, Data Processing, Etc.",1130,,,Markit Ltd. (2014-01-27..2016-07-11),D0
CIK0001601046,KEYS,KEYS,KEYS,1601046,2018-11-06,,"Keysight Technologies, Inc.",sec_ticker+wiki_current_cik+wiki_snapshot_cik,high,2015-12-21,2026-09-02,,3823,"Industrial Instruments For Measurement, Display, and Control",1031,KEYS,NYSE,,DE
CIK0001601712,SYF,SYF,SYF,1601712,2015-11-18,,Synchrony Financial,sec_ticker+wiki_current_cik+wiki_snapshot_cik,high,2014-09-05,2026-07-23,,6199,Finance Services,1231,"SYF,SYF-PA,SYF-PB","NYSE,NYSE,NYSE",Synchrony Financial (2014-03-13..2026-09-14),NY
CIK0001604778,QRVO,QRVO,QRVO,1604778,2015-06-12,2024-12-23,"Qorvo, Inc.",sec_ticker+wiki_snapshot_cik,high,2014-09-12,2026-07-28,,3674,Semiconductors & Related Devices,0403,QRVO,Nasdaq,"Rocky Holding, Inc. (2014-04-14..2014-10-08)",DE
CIK0001609711,GDDY,GDDY,GDDY,1609711,2024-06-24,,GoDaddy Inc.,sec_ticker+wiki_current_cik+wiki_snapshot_cik,high,2017-11-08,2026-07-31,,7373,Services-Computer Integrated Systems Design,1231,GDDY,NYSE,,DE
CIK0001613103,MDT,MDT,MDT,64670,1996-01-02,2015-02-27,MEDTRONIC INC,wiki_snapshot_cik,high,1994-03-04,2015-02-27,,3845,Electromedical & Electrotherapeutic Apparatus,0425,,,,MN
CIK0001613103,MDT,MDT,MDT,1613103,2015-02-27,,Medtronic plc,sec_ticker+wiki_current_cik+wiki_snapshot_cik,high,2015-02-27,2026-09-03,,3845,Electromedical & Electrotherapeutic Apparatus,0424,MDT,NYSE,Medtronic Ltd (2015-01-15..2015-01-15); Medtronic Holdings Ltd (2014-07-14..2014-11-21),
CIK0001618921,WBA,,WBA,1618921,1996-01-02,2025-08-28,"Walgreens Boots Alliance, Inc.",wiki_snapshot_cik,high,2014-12-30,2025-06-26,CIK filings start after membership start (predecessor registrant not mapped; fundamentals before cik_first_report will be missing),5912,Retail-Drug Stores and Proprietary Stores,0831,,,,DE
CIK0001620546,BXLT,,BXLT,1620546,2015-07-01,2016-06-03,Baxalta Inc,wiki_snapshot_cik,high,2015-08-13,2016-05-09,,2834,Pharmaceutical Preparations,1231,,,,DE
CIK0001623613,MYL,,MYL,69499,2004-04-23,2015-05-08,MYLAN INC.,wiki_snapshot_cik,high,1994-02-07,2015-04-30,,2834,Pharmaceutical Preparations,1231,,,MYLAN LABORATORIES INC (1994-11-09..2007-10-05),PA
CIK0001623613,MYL,,MYL,1623613,2015-05-08,2020-11-17,Mylan II B.V.,wiki_snapshot_cik,high,2015-05-08,2020-11-06,,2834,Pharmaceutical Preparations,1231,,,Mylan N.V. (2015-02-27..2020-11-06); New Moon B.V. (2014-11-05..2014-12-24),P7
CIK0001629995,CPGX,,CPGX,1629995,2015-07-02,2016-07-01,"Columbia Pipeline Group, Inc.",wiki_snapshot_cik,high,2015-08-03,2017-02-17,,4922,Natural Gas Transmission,1231,,,,DE
CIK0001633917,PYPL,PYPL,PYPL,1633917,2015-07-20,,"PayPal Holdings, Inc.",sec_ticker+wiki_current_cik+wiki_snapshot_cik,high,2015-07-29,2026-07-28,,7389,"Services-Business Services, NEC",1231,PYPL,Nasdaq,,
CIK0001633978,LITE,LITE,LITE,1633978,2026-03-23,,Lumentum Holdings Inc.,sec_ticker+wiki_current_cik+wiki_snapshot_cik,high,2018-02-06,2026-08-17,,3669,"Communications Equipment, NEC",0627,LITE,Nasdaq,,DE
CIK0001637459,KHC,KHC,KHC,1637459,2015-07-06,,Kraft Heinz Co,sec_ticker+wiki_current_cik+wiki_snapshot_cik,high,2015-08-10,2026-08-05,,2030,"Canned, Frozen & Preservd Fruit, Veg & Food Specialties",1226,KHC,Nasdaq,H.J. Heinz Holding Corp (2015-03-25..2015-07-01),DE
CIK0001645590,HPE,HPE,HPE,1645590,2015-11-02,,Hewlett Packard Enterprise Co,sec_ticker+wiki_current_cik+wiki_snapshot_cik,high,2015-12-17,2026-09-03,,3570,Computer & office Equipment,1031,"HPE,HPE-PC","NYSE,NYSE",,DE
CIK0001646383,CSRA,,CSRA,1646383,2015-11-30,2018-04-04,CSRA Inc.,wiki_snapshot_cik,high,2015-12-04,2018-02-07,,7373,Services-Computer Integrated Systems Design,1231,,,Computer Sciences Government Services Inc. (2015-07-10..2015-11-06),NV
CIK0001650132,FCPT,FCPT,FCPT,1650132,2015-11-10,2015-11-17,"Four Corners Property Trust, Inc.",name_of_ticker_holder+sec_ticker,medium,2015-12-04,2026-07-30,,6798,Real Estate Investment Trusts,1231,FCPT,NYSE,,MD
CIK0001652044,GOOGL,GOOGL,GOOG,1288776,2006-04-03,2015-10-29,GOOGLE INC.,wiki_snapshot_cik,high,2006-03-16,2016-03-29,,7370,"Services-Computer Programming, Data Processing, Etc.",1231,,,,DE
CIK0001652044,GOOGL,GOOGL,GOOGL,1652044,2015-10-29,,Alphabet Inc.,sec_ticker+wiki_current_cik+wiki_snapshot_cik,high,2015-10-29,2026-07-23,,7370,"Services-Computer Programming, Data Processing, Etc.",1231,"GOOGL,GOOG,GOOGM,GOOGN","Nasdaq,Nasdaq,Nasdaq,Nasdaq",,DE
CIK0001652044.GOOG,GOOG,GOOG,GOOG,1288776,2014-04-03,2015-10-29,GOOGLE INC.,wiki_snapshot_cik,high,2012-10-30,2016-03-29,,7370,"Services-Computer Programming, Data Processing, Etc.",1231,,,,DE
CIK0001652044.GOOG,GOOG,GOOG,GOOG,1652044,2015-10-29,,Alphabet Inc.,sec_ticker+wiki_current_cik+wiki_snapshot_cik,high,2015-10-29,2026-07-23,,7370,"Services-Computer Programming, Data Processing, Etc.",1231,"GOOGL,GOOG,GOOGM,GOOGN","Nasdaq,Nasdaq,Nasdaq,Nasdaq",,DE
CIK0001659166,FTV,FTV,FTV,1659166,2016-07-05,,Fortive Corp,sec_ticker+wiki_current_cik+wiki_snapshot_cik,high,2016-08-02,2026-07-29,,3823,"Industrial Instruments For Measurement, Display, and Control",1231,FTV,NYSE,,DE
CIK0001664703,BE,BE,BE,1664703,2026-09-21,,Bloom Energy Corp,sec_ticker+wiki_current_cik+wiki_snapshot_cik,high,2018-09-07,2026-07-29,,3620,Electrical Industrial Apparatus,1231,BE,NYSE,,DE
CIK0001666700,DD,DD,DWDP,1666700,2017-09-01,,"DuPont de Nemours, Inc.",wiki_snapshot_cik,high,2018-11-02,2026-08-04,CIK filings start after membership start (predecessor registrant not mapped; fundamentals before cik_first_report will be missing),2821,"Plastic Materials, Synth Resins & Nonvulcan Elastomers",1231,DD,NYSE,DowDuPont Inc. (2016-03-01..2019-05-31),DE
CIK0001671933,TTD,TTD,TTD,1671933,2025-07-18,2026-09-21,"Trade Desk, Inc.",sec_ticker+wiki_snapshot_cik,high,2017-08-11,2026-08-06,,7370,"Services-Computer Programming, Data Processing, Etc.",1231,TTD,Nasdaq,,NV
CIK0001674101,VRT,VRT,VRT,1674101,2026-03-23,,Vertiv Holdings Co,sec_ticker+wiki_current_cik+wiki_snapshot_cik,high,2018-08-07,2026-07-29,,3679,"Electronic Components, NEC",1231,VRT,NYSE,GS Acquisition Holdings Corp (2018-04-23..2020-02-06),DE
CIK0001678531,EVHC,,EVHC,1678531,2016-12-02,2018-10-11,Envision Healthcare Corp,name,high,2017-03-01,2018-08-07,,8011,Services-Offices & Clinics of  Doctors of  Medicine,1231,,,New Amethyst Corp. (2016-08-04..2016-11-29),
CIK0001679273,LW,LW,LW,1679273,2018-12-03,2026-03-23,"Lamb Weston Holdings, Inc.",sec_ticker+wiki_snapshot_cik,high,2017-01-10,2026-07-24,,2030,"Canned, Frozen & Preservd Fruit, Veg & Food Specialties",0531,LW,NYSE,,DE
CIK0001679788,COIN,COIN,COIN,1679788,2025-05-19,,"Coinbase Global, Inc.",sec_ticker+wiki_current_cik+wiki_snapshot_cik,high,2022-05-10,2026-07-30,,6199,Finance Services,1231,COIN,Nasdaq,,TX
CIK0001681459,FTI,FTI,FTI,1681459,2017-01-17,2021-02-12,TechnipFMC plc,sec_ticker+wiki_snapshot_cik,high,2017-01-13,2026-07-30,,3533,Oil & Gas Field Machinery & Equipment,1231,FTI,NYSE,TechnipFMC Ltd (2016-08-10..2016-12-21),X0
CIK0001682852,MRNA,MRNA,MRNA,1682852,2021-07-21,,"Moderna, Inc.",sec_ticker+wiki_current_cik+wiki_snapshot_cik,high,2019-03-13,2026-07-31,,2836,"Biological Products, (No Diagnostic Substances)",1231,MRNA,Nasdaq,"Moderna Therapeutics, Inc. (2016-08-24..2016-08-24)",DE
CIK0001685040,BHF,BHF,BHF,1685040,2017-08-07,2019-04-02,"Brighthouse Financial, Inc.",sec_ticker+wiki_snapshot_cik,high,2017-08-15,2026-08-06,,6311,Life Insurance,1231,"BHF,BHFAL,BHFAM,BHFAN,BHFAO,BHFAP","Nasdaq,Nasdaq,Nasdaq,Nasdaq,Nasdaq,Nasdaq",,DE
CIK0001687229,INVH,INVH,INVH,1687229,2022-09-19,,Invitation Homes Inc.,sec_ticker+wiki_current_cik+wiki_snapshot_cik,high,2017-03-30,2026-07-30,,6510,Real Estate Operators (No Developers) & Lessors,1231,INVH,NYSE,,
CIK0001688568,DXC,DXC,DXC,1688568,2017-04-04,2023-10-02,DXC Technology Co,sec_ticker+wiki_snapshot_cik,high,2017-03-31,2026-07-31,,7374,Services-Computer Processing & Data Preparation,0331,DXC,NYSE,"Everett SpinCo, Inc. (2016-11-02..2017-03-31)",NV
CIK0001690820,CVNA,CVNA,CVNA,1690820,2025-12-22,,CARVANA CO.,sec_ticker+wiki_current_cik+wiki_snapshot_cik,high,2023-05-04,2026-07-29,,5500,Retail-Auto Dealers & Gasoline Stations,1231,CVNA,NYSE,,DE
CIK0001692819,VST,VST,VST,1692819,2024-05-08,,Vistra Corp.,sec_ticker+wiki_current_cik+wiki_snapshot_cik,high,2017-05-18,2026-08-10,,4911,Electric Services,1231,VST,NYSE,Vistra Energy Corp. (2017-12-27..2020-06-29); Vistra Energy Corp (2016-05-04..2018-01-29),DE
CIK0001699150,IR,IR,IR,1699150,2020-03-03,,Ingersoll Rand Inc.,sec_ticker+wiki_current_cik+wiki_snapshot_cik+R1_ticker_reuse_split,high,2017-08-04,2026-07-31,,3560,General Industrial Machinery & Equipment,1231,IR,NYSE,"GARDNER DENVER HOLDINGS, INC. (2017-02-28..2020-02-26)",DE
CIK0001701605,BKR,BKR,BKR,1701605,2019-10-18,,Baker Hughes Co,sec_ticker+wiki_current_cik+wiki_snapshot_cik,high,2017-07-28,2026-07-27,,3533,Oil & Gas Field Machinery & Equipment,1231,BKR,Nasdaq,"Baker Hughes a GE Co (2017-04-26..2019-10-10); Bear Newco, Inc. (2017-03-29..2017-05-30)",DE
CIK0001705696,VICI,VICI,VICI,1705696,2022-06-08,,VICI PROPERTIES INC.,sec_ticker+wiki_current_cik+wiki_snapshot_cik,high,2017-11-13,2026-07-29,,6798,Real Estate Investment Trusts,1231,VICI,NYSE,,MD
CIK0001707925,LIN,LIN,LIN,1707925,2018-10-31,,LINDE PLC,sec_ticker+wiki_current_cik+wiki_snapshot_cik,high,2017-10-30,2026-07-31,,2810,Industrial Inorganic Chemicals,1231,LIN,Nasdaq,ZAMALIGHT PLC (2017-06-01..2017-07-12),L2
CIK0001711269,EVRG,EVRG,EVRG,1711269,2018-06-05,,"Evergy, Inc.",sec_ticker+wiki_current_cik+wiki_snapshot_cik,high,2018-08-08,2026-08-06,,4931,Electric & Other Services Combined,1231,EVRG,Nasdaq,"Monarch Energy Holding, Inc. (2017-07-10..2017-11-16)",
CIK0001713445,RDDT,RDDT,RDDT,1713445,2026-08-18,,"Reddit, Inc.",sec_ticker+wiki_current_cik+wiki_snapshot_cik,high,2024-05-08,2026-07-31,,7374,Services-Computer Processing & Data Preparation,1231,RDDT,NYSE,"Reddit, Inc. (2017-07-31..2026-09-21)",DE
CIK0001725057,DAY,,CDAY,1725057,2021-09-20,2026-02-09,"Dayforce, Inc.",wiki_snapshot_cik,high,2018-05-24,2025-10-29,,7372,Services-Prepackaged Software,1231,,,Ceridian HCM Holding Inc. (2018-01-12..2024-01-26),DE
CIK0001730168,AVGO,AVGO,AVGO,1730168,2014-05-08,,Broadcom Inc.,sec_ticker+wiki_current_cik+wiki_snapshot_cik,high,2018-06-14,2026-09-10,CIK filings start after membership start (predecessor registrant not mapped; fundamentals before cik_first_report will be missing),3674,Semiconductors & Related Devices,1101,AVGO,Nasdaq,Broadcom Ltd (2018-02-06..2018-03-09),
CIK0001732845,WRK,,WRK,1636023,2015-07-02,2018-11-16,WRKCo Inc.,wiki_snapshot_cik,high,2015-08-10,2018-08-03,,2650,Paperboard Containers & Boxes,0930,,,"WestRock Co (2015-04-07..2018-11-01); Rome-Milan Holdings, Inc. (2015-03-10..2015-05-18)",DE
CIK0001732845,WRK,,WRK,1732845,2018-11-16,2024-07-08,WestRock Co,wiki_snapshot_cik,high,2018-11-16,2024-05-03,,2650,Paperboard Containers & Boxes,0930,,,"Whiskey Holdco, Inc. (2018-03-28..2018-08-01)",DE
CIK0001739940,CI,CI,CI,701221,1996-01-02,2019-02-28,Cigna Holding Co,wiki_snapshot_cik,high,1994-03-25,2018-11-01,,6324,Hospital & Medical Service Plans,1231,,,CIGNA CORP (1994-12-23..2018-12-19),DE
CIK0001739940,CI,CI,CI,1739940,2019-02-28,,Cigna Group,sec_ticker+wiki_current_cik+wiki_snapshot_cik,high,2019-02-28,2026-07-30,,6324,Hospital & Medical Service Plans,1231,CI,NYSE,"Cigna Corp (2018-12-26..2023-02-09); Halfmoon Parent, Inc. (2018-05-16..2018-12-20)",DE
CIK0001744489,DIS,DIS,DIS,1001039,1996-01-02,2019-05-08,TWDC Enterprises 18 Corp.,wiki_snapshot_cik,high,1996-02-14,2019-02-05,,7990,Services-Miscellaneous Amusement & Recreation,0928,,,WALT DISNEY CO/ (1996-10-15..2019-03-18); DC HOLDCO INC (1995-09-20..1996-01-18),DE
CIK0001744489,DIS,DIS,DIS,1744489,2019-05-08,,Walt Disney Co,sec_ticker+wiki_current_cik+wiki_snapshot_cik,high,2019-05-08,2026-08-05,,7990,Services-Miscellaneous Amusement & Recreation,1003,DIS,NYSE,TWDC Holdco 613 Corp (2018-06-25..2018-06-28); TWDC Holdco 613 Corp. (2018-06-27..2018-06-27),DE
CIK0001748790,AMCR,AMCR,AMCR,1748790,2019-06-07,,Amcor plc,sec_ticker+wiki_current_cik+wiki_snapshot_cik,high,2019-05-09,2026-08-14,,3990,Miscellaneous Manufacturing Industries,0630,"AMCR,AMCCF","NYSE,OTC",ARCTIC JERSEY Ltd (2018-08-06..2018-10-12),Y9
CIK0001751008,APP,APP,APP,1751008,2025-09-22,,AppLovin Corp,sec_ticker+wiki_current_cik+wiki_snapshot_cik,high,2021-05-14,2026-08-05,,7370,"Services-Computer Programming, Data Processing, Etc.",1231,APP,Nasdaq,,DE
CIK0001751788,DOW,DOW,DOW,1751788,2019-04-02,,DOW INC.,sec_ticker+wiki_current_cik+wiki_snapshot_cik,high,2019-05-03,2026-07-24,,2821,"Plastic Materials, Synth Resins & Nonvulcan Elastomers",1231,DOW,NYSE,Dow Holdings Inc. (2018-09-07..2019-02-12),DE
CIK0001754301,FOXA,FOXA,FOXA,1754301,2019-03-19,,Fox Corp,sec_ticker+wiki_current_cik+wiki_snapshot_cik,high,2019-03-18,2026-08-06,,4833,Television Broadcasting Stations,0630,"FOXA,FOX","Nasdaq,Nasdaq","NEW FOX, INC. (2018-10-09..2018-10-09)",DE
CIK0001754301.FOX,FOX,FOX,FOX,1754301,2019-03-19,,Fox Corp,sec_ticker+wiki_current_cik+wiki_snapshot_cik,high,2019-03-18,2026-08-06,,4833,Television Broadcasting Stations,0630,"FOXA,FOX","Nasdaq,Nasdaq","NEW FOX, INC. (2018-10-09..2018-10-09)",DE
CIK0001755672,CTVA,CTVA,CTVA,1755672,2019-06-03,,"Corteva, Inc.",sec_ticker+wiki_current_cik+wiki_snapshot_cik,high,2019-05-31,2026-07-31,,0100,Agricultural Production-Crops,1231,CTVA,NYSE,,DE
CIK0001757898,STE,STE,STE,1757898,2019-12-23,,STERIS plc,sec_ticker+wiki_current_cik+wiki_snapshot_cik,high,2019-05-30,2026-08-07,,3842,"Orthopedic, Prosthetic & Surgical Appliances & Supplies",0331,STE,NYSE,STERIS Ltd (2018-11-06..2019-03-28),L2
CIK0001781335,OTIS,OTIS,OTIS,1781335,2020-04-03,,Otis Worldwide Corp,sec_ticker+wiki_current_cik+wiki_snapshot_cik,high,2020-05-08,2026-07-23,,3600,Electronic & Other Electrical Equipment (No Computer Equip),1231,OTIS,NYSE,,DE
CIK0001783180,CARR,CARR,CARR,1783180,2020-04-03,,CARRIER GLOBAL Corp,sec_ticker+wiki_current_cik+wiki_snapshot_cik,high,2020-05-11,2026-07-28,,3585,Air-Cond & Warm Air Heatg Equip & Comm & Indl Refrig Equip,1231,CARR,NYSE,,DE
CIK0001783879,HOOD,HOOD,HOOD,1783879,2025-09-22,,"Robinhood Markets, Inc.",sec_ticker+wiki_current_cik+wiki_snapshot_cik,high,2022-05-06,2026-07-30,,6211,"Security Brokers, Dealers & Flotation Companies",1231,HOOD,Nasdaq,,DE
CIK0001786842,VNT,VNT,VNT,1786842,2020-10-12,2021-03-22,Vontier Corp,sec_ticker+wiki_snapshot_cik,high,2020-10-30,2026-08-06,,3824,Totalizing Fluid Meters & Counting Devices,1231,VNT,NYSE,TTF Holdings Corp. (2019-09-06..2019-11-15),DE
CIK0001792044,VTRS,VTRS,VTRS,1792044,2020-11-17,,Viatris Inc,sec_ticker+wiki_current_cik+wiki_snapshot_cik,high,2020-05-07,2026-08-06,,2834,Pharmaceutical Preparations,1231,VTRS,Nasdaq,Upjohn Inc (2019-10-25..2020-11-10),DE
CIK0001792789,DASH,DASH,DASH,1792789,2025-03-24,,"DoorDash, Inc.",sec_ticker+wiki_current_cik+wiki_snapshot_cik,high,2022-05-06,2026-08-05,,7389,"Services-Business Services, NEC",1231,DASH,Nasdaq,"DoorDash, Inc. (2021-02-25..2026-09-21); DoorDash Inc (2020-02-13..2021-02-24)",NV
CIK0001811074,TPL,TPL,TPL,1811074,2024-11-26,,Texas Pacific Land Corp,sec_ticker+wiki_current_cik+wiki_snapshot_cik,high,2023-08-02,2026-08-05,,6792,Oil Royalty Traders,1231,TPL,NYSE,,DE
CIK0001821825,OGN,OGN,OGN,1821825,2021-06-04,2023-10-18,Organon & Co.,sec_ticker+wiki_snapshot_cik,high,2021-06-21,2026-07-31,,2834,Pharmaceutical Preparations,1231,OGN,NYSE,,
CIK0001835632,MRVL,MRVL,MRVL,1835632,2026-06-22,,"Marvell Technology, Inc.",sec_ticker+wiki_current_cik+wiki_snapshot_cik,high,2021-06-09,2026-08-28,,3674,Semiconductors & Related Devices,0130,MRVL,Nasdaq,,DE
CIK0001841666,APA,APA,APA,6769,1997-07-28,2021-05-07,APACHE CORP,wiki_snapshot_cik,high,1994-03-21,2024-11-07,,1311,Crude Petroleum & Natural Gas,1231,,,,DE
CIK0001841666,APA,APA,APA,1841666,2021-05-07,,APA Corp,sec_ticker+wiki_current_cik+wiki_snapshot_cik,high,2021-05-07,2026-08-06,,1311,Crude Petroleum & Natural Gas,1231,APA,Nasdaq,,DE
CIK0001858681,APO,APO,APO,1858681,2024-12-23,,"Apollo Global Management, Inc.",sec_ticker+wiki_current_cik+wiki_snapshot_cik,high,2022-05-10,2026-08-10,,6282,Investment Advice,1231,"APO,APOS","NYSE,NYSE","Tango Holdings, Inc. (2021-05-07..2021-11-05)",DE
CIK0001868275,CEG,CEG,CEG,1868275,2022-02-02,,Constellation Energy Corp,sec_ticker+wiki_current_cik+wiki_snapshot_cik,high,2022-02-25,2026-08-06,,4911,Electric Services,1231,CEG,Nasdaq,"Constellation Newholdco, Inc. (2021-07-26..2021-11-12)",PA
CIK0001932393,GEHC,GEHC,GEHC,1932393,2023-01-04,,GE HealthCare Technologies Inc.,sec_ticker+wiki_current_cik+wiki_snapshot_cik,high,2023-02-15,2026-07-29,,3844,X-Ray Apparatus & Tubes & Related Irradiation Apparatus,1231,GEHC,Nasdaq,GE Healthcare Holding LLC (2022-07-29..2022-12-14),DE
CIK0001944048,KVUE,KVUE,KVUE,1944048,2023-08-25,,Kenvue Inc.,sec_ticker+wiki_current_cik+wiki_snapshot_cik,high,2023-06-02,2026-08-06,,2844,"Perfumes, Cosmetics & Other Toilet Preparations",0103,KVUE,NYSE,"JNTL, Inc. (2022-08-30..2022-08-30)",DE
CIK0001964738,SOLV,SOLV,SOLV,1964738,2024-04-01,,Solventum Corp,sec_ticker+wiki_current_cik+wiki_snapshot_cik,high,2024-05-10,2026-08-05,,3841,Surgical & Medical Instruments & Apparatus,1231,SOLV,NYSE,3M Health Care Co (2023-02-14..2024-02-09),DE
CIK0001967680,VLTO,VLTO,VLTO,1967680,2023-10-02,,Veralto Corp,sec_ticker+wiki_current_cik+wiki_snapshot_cik,high,2023-10-26,2026-07-29,,3825,Instruments For Meas & Testing of  Electricity & Elec Signals,1231,VLTO,NYSE,,X1
CIK0001973266,TKO,TKO,TKO,1973266,2025-03-24,,"TKO Group Holdings, Inc.",sec_ticker+wiki_current_cik+wiki_snapshot_cik,high,2023-11-07,2026-08-03,,7900,Services-Amusement & Recreation Services,1231,TKO,NYSE,New Whale Inc. (2023-05-12..2023-09-07),DE
CIK0001996810,GEV,GEV,GEV,1996810,2024-04-02,,GE Vernova Inc.,sec_ticker+wiki_current_cik+wiki_snapshot_cik,high,2024-04-30,2026-07-22,,3600,Electronic & Other Electrical Equipment (No Computer Equip),1231,GEV,NYSE,GE Vernova LLC (2023-10-27..2024-03-13),DE
CIK0001996862,BG,BG,BG,1996862,2023-03-15,,Bunge Global SA,sec_ticker+wiki_current_cik+wiki_snapshot_cik,high,2024-02-22,2026-07-29,,2070,Fats & Oils,1231,BG,NYSE,,V8
CIK0002005951,SW,SW,SW,2005951,2024-07-08,,Smurfit Westrock plc,sec_ticker+wiki_current_cik+wiki_snapshot_cik,high,2024-06-07,2026-07-31,,2650,Paperboard Containers & Boxes,1231,SW,NYSE,Smurfit WestRock Ltd (2024-02-14..2024-06-20),L2
CIK0002011286,AMTM,AMTM,AMTM,2011286,2024-09-30,2024-12-23,"Amentum Holdings, Inc.",sec_ticker+wiki_snapshot_cik,high,2024-12-17,2026-08-11,,7389,"Services-Business Services, NEC",1002,AMTM,NYSE,Amazon Holdco Inc. (2024-03-07..2024-09-18),DE
CIK0002011641,FERG,FERG,FERG,2011641,2026-08-05,,Ferguson Enterprises Inc. /DE/,sec_ticker+wiki_current_cik+wiki_snapshot_cik,high,2024-09-25,2026-08-10,,5070,Wholesale-Hardware & Plumbing & Heating Equipment & Supplies,1231,FERG,NYSE,,DE
CIK0002012383,BLK,BLK,BLK,1364742,2011-04-04,2024-11-06,"BlackRock Finance, Inc.",wiki_snapshot_cik,high,2010-05-10,2024-08-06,,6211,"Security Brokers, Dealers & Flotation Companies",1231,,,"BlackRock Inc. (2006-09-05..2024-09-26); BlackRock, Inc. (2006-10-03..2006-10-05); New BlackRock, Inc. (2006-06-09..2006-09-29)",DE
CIK0002012383,BLK,BLK,BLK,2012383,2024-11-06,,"BlackRock, Inc.",sec_ticker+wiki_current_cik+wiki_snapshot_cik,high,2024-11-06,2026-08-06,,6211,"Security Brokers, Dealers & Flotation Companies",1231,BLK,NYSE,"BlackRock, Inc. (2024-10-01..2026-09-04); BlackRock Funding, Inc. /DE (2024-02-20..2024-10-01)",DE
CIK0002023554,SNDK,SNDK,SNDK,2023554,2025-11-28,,Sandisk Corp,sec_ticker+wiki_current_cik+wiki_snapshot_cik,high,2025-03-07,2026-08-17,,3572,Computer Storage Devices,0628,SNDK,Nasdaq,,DE
CIK0002041610,PSKY,PSKY,PSKY,2041610,2025-08-08,,Paramount Skydance Corp,sec_ticker+wiki_current_cik+wiki_snapshot_cik,high,2025-05-14,2026-08-04,,4833,Television Broadcasting Stations,1231,PSKY,Nasdaq,"New Pluto Global, Inc. (2024-11-04..2025-08-01)",DE
CIK0002058873,Q,Q,Q,2058873,2025-11-03,,"Qnity Electronics, Inc.",sec_ticker+wiki_current_cik+wiki_snapshot_cik,high,2025-11-18,2026-08-04,,3674,Semiconductors & Related Devices,1231,Q,NYSE,"Novus SpinCo 1, Inc. (2025-04-24..2025-04-24)",DE
CIK0002064953,SOLS,SOLS,SOLS,2064953,2025-10-30,2025-12-22,Solstice Advanced Materials Inc.,sec_ticker+wiki_snapshot_cik,high,2025-11-13,2026-07-30,,2800,Chemicals & Allied Products,1231,SOLS,Nasdaq,"Solstice Advanced Materials, LLC (2025-05-01..2025-08-21)",DE
CIK0002082247,FDXF,FDXF,FDXF,2082247,2026-06-01,,"FedEx Freight Holding Company, Inc.",sec_ticker+wiki_current_cik+wiki_snapshot_cik,high,2026-08-05,2026-08-05,,4513,Air Courier Services,0531,FDXF,NYSE,,DE
CIK0002089271,HONA,HONA,HONA,2089271,2026-06-29,,Honeywell Aerospace Inc.,sec_ticker+wiki_current_cik+wiki_snapshot_cik,high,2026-08-05,2026-08-05,,3724,Aircraft Engines & Engine Parts,1231,HONA,Nasdaq,Honeywell Aerospace LLC (2025-10-01..2026-01-28),DE
NG:AAL-199702,AAL,,AAL,,1996-01-02,1997-01-15,,none,none,,,no verified CIK (removed before 2000 or unresolved Norgate symbol),,,,,,,
NG:AHM-199810,AHM,,AHM,,1996-01-02,1998-10-01,,none,none,,,no verified CIK (removed before 2000 or unresolved Norgate symbol),,,,,,,
NG:AIT-199910,AIT,,AIT,,1996-01-02,1999-10-11,,none,none,,,no verified CIK (removed before 2000 or unresolved Norgate symbol),,,,,,,
NG:AMH-199709,AMH,,AMH,,1996-01-02,1997-09-15,,none,none,,,no verified CIK (removed before 2000 or unresolved Norgate symbol),,,,,,,
NG:AMP-199904,AMP,,AMP,,1996-01-02,1999-04-05,,none,none,,,no verified CIK (removed before 2000 or unresolved Norgate symbol),,,,,,,
NG:AN-199812,AN,,AN,,1996-01-02,1999-01-04,,none,none,,,no verified CIK (removed before 2000 or unresolved Norgate symbol),,,,,,,
NG:ANV-199904,ANV,,ANV,,1996-01-02,1999-04-12,,none,none,,,no verified CIK (removed before 2000 or unresolved Norgate symbol),,,,,,,
NG:AR-199911,AR,,AR,,1996-01-02,1999-10-27,,none,none,,,no verified CIK (removed before 2000 or unresolved Norgate symbol),,,,,,,
NG:AS-199909,AS,,AS,,1996-01-02,1998-11-24,,none,none,,,no verified CIK (removed before 2000 or unresolved Norgate symbol),,,,,,,
NG:ASC-199906,ASC,,ASC,,1996-01-02,1999-06-24,,none,none,,,no verified CIK (removed before 2000 or unresolved Norgate symbol),,,,,,,
NG:ASND-199906,ASND,,ASND,,1998-06-12,1999-06-25,,none,none,,,no verified CIK (removed before 2000 or unresolved Norgate symbol),,,,,,,
NG:ATI-199906,ATI,,ATI,,1996-01-02,1999-06-30,,none,none,,,no verified CIK (removed before 2000 or unresolved Norgate symbol),,,,,,,
NG:BAC-199809,BAC,,BAC,,1996-01-02,1998-10-01,,none,none,,,no verified CIK (removed before 2000 or unresolved Norgate symbol),,,,,,,
NG:BAY-199808,BAY,,BAY,,1996-02-12,1998-08-31,,none,none,,,no verified CIK (removed before 2000 or unresolved Norgate symbol),,,,,,,
NG:BBI-199801,BBI,,BBI,,1996-01-02,1998-01-12,,none,none,,,no verified CIK (removed before 2000 or unresolved Norgate symbol),,,,,,,
NG:BEV-200603,BEV,,BEV,,1996-01-02,1997-12-04,,none,none,,,no verified CIK (removed before 2000 or unresolved Norgate symbol),,,,,,,
NG:BFI-199907,BFI,,BFI,,1996-01-02,1999-08-02,,none,none,,,no verified CIK (removed before 2000 or unresolved Norgate symbol),,,,,,,
NG:BKB-199909,BKB,,BKB,,1996-01-02,1999-10-01,,none,none,,,no verified CIK (removed before 2000 or unresolved Norgate symbol),,,,,,,
NG:BLY-199612,BLY,,BLY,,1996-01-02,1996-12-19,,none,none,,,no verified CIK (removed before 2000 or unresolved Norgate symbol),,,,,,,
NG:BMGCA-200101,BMGCA,,BMGCA,,1996-07-22,1999-08-09,,none,none,,,no verified CIK (removed before 2000 or unresolved Norgate symbol),,,,,,,
NG:BNL-199806,BNL,,BNL,,1996-01-02,1998-07-01,,none,none,,,no verified CIK (removed before 2000 or unresolved Norgate symbol),,,,,,,
NG:BOAT-199701,BOAT,,BOAT,,1996-01-02,1997-01-07,,none,none,,,no verified CIK (removed before 2000 or unresolved Norgate symbol),,,,,,,
NG:BT-199906,BT,,BT,,1996-01-02,1999-06-04,,none,none,,,no verified CIK (removed before 2000 or unresolved Norgate symbol),,,,,,,
NG:C-199811,C,,C,,1996-01-02,1998-11-13,,none,none,,,no verified CIK (removed before 2000 or unresolved Norgate symbol),,,,,,,
NG:CBB-199801,CBB,,CBB,,1996-01-02,1998-01-28,,none,none,,,no verified CIK (removed before 2000 or unresolved Norgate symbol),,,,,,,
NG:CCB-199602,CCB,,CCB,,1996-01-02,1996-02-12,,none,none,,,no verified CIK (removed before 2000 or unresolved Norgate symbol),,,,,,,
NG:CCI-199810,CCI,,CCI,,1996-01-02,1998-10-08,,none,none,,,no verified CIK (removed before 2000 or unresolved Norgate symbol),,,,,,,
NG:CFL-199804,CFL,,CFL,,1996-01-02,1998-04-28,,none,none,,,no verified CIK (removed before 2000 or unresolved Norgate symbol),,,,,,,
NG:CHRS-201206,CHRS,,CHRS,,1996-01-02,1998-04-08,,none,none,,,no verified CIK (removed before 2000 or unresolved Norgate symbol),,,,,,,
NG:CMB-199603,CMB,,CMB,,1996-01-02,1996-04-01,,none,none,,,no verified CIK (removed before 2000 or unresolved Norgate symbol),,,,,,,
NG:CNW-201510,CNW,,CNW,,1996-01-02,1996-12-03,,none,none,,,no verified CIK (removed before 2000 or unresolved Norgate symbol),,,,,,,
NG:COV-200203,COV,,COV,,1996-01-02,1996-08-16,,none,none,,,no verified CIK (removed before 2000 or unresolved Norgate symbol),,,,,,,
NG:CRR-199706,CRR,,CRR,,1996-01-02,1997-05-27,,none,none,,,no verified CIK (removed before 2000 or unresolved Norgate symbol),,,,,,,
NG:CSE-199911,CSE,,CSE,,1996-01-22,1999-11-15,,none,none,,,no verified CIK (removed before 2000 or unresolved Norgate symbol),,,,,,,
NG:CYM-199912,CYM,,CYM,,1996-01-02,1999-10-18,,none,none,,,no verified CIK (removed before 2000 or unresolved Norgate symbol),,,,,,,
NG:CYR-199606,CYR,,CYR,,1996-01-02,1996-03-28,,none,none,,,no verified CIK (removed before 2000 or unresolved Norgate symbol),,,,,,,
NG:DEC-199806,DEC,,DEC,,1996-01-02,1998-06-12,,none,none,,,no verified CIK (removed before 2000 or unresolved Norgate symbol),,,,,,,
NG:DGN-199910,DGN,,DGN,,1996-01-02,1999-10-13,,none,none,,,no verified CIK (removed before 2000 or unresolved Norgate symbol),,,,,,,
NG:DI-199809,DI,,DI,,1996-01-02,1998-09-30,,none,none,,,no verified CIK (removed before 2000 or unresolved Norgate symbol),,,,,,,
NG:DIGI-199809,DIGI,,DIGI,,1996-01-02,1998-08-28,,none,none,,,no verified CIK (removed before 2000 or unresolved Norgate symbol),,,,,,,
NG:DWD-199705,DWD,,DWD,,1996-01-02,1997-06-02,,none,none,,,no verified CIK (removed before 2000 or unresolved Norgate symbol),,,,,,,
NG:ECH-199807,ECH,,ECH,,1996-01-02,1998-07-10,,none,none,,,no verified CIK (removed before 2000 or unresolved Norgate symbol),,,,,,,
NG:ECO-200301,ECO,,ECO,,1996-01-02,1998-01-20,,none,none,,,no verified CIK (removed before 2000 or unresolved Norgate symbol),,,,,,,
NG:ENS-199708,ENS,,ENS,,1996-01-02,1997-08-06,,none,none,,,no verified CIK (removed before 2000 or unresolved Norgate symbol),,,,,,,
NG:FBO-199603,FBO,,FBO,,1996-01-02,1996-03-13,,none,none,,,no verified CIK (removed before 2000 or unresolved Norgate symbol),,,,,,,
NG:FCN-199810,FCN,,FCN,,1996-01-02,1998-10-02,,none,none,,,no verified CIK (removed before 2000 or unresolved Norgate symbol),,,,,,,
NG:FG-199804,FG,,FG,,1996-01-02,1998-04-27,,none,none,,,no verified CIK (removed before 2000 or unresolved Norgate symbol),,,,,,,
NG:FLMIQ-200408,FLMIQ,,FLMIQ,,1996-01-02,1997-12-24,,none,none,,,no verified CIK (removed before 2000 or unresolved Norgate symbol),,,,,,,
NG:FMY-199905,FMY,,FMY,,1998-07-10,1999-05-28,,none,none,,,no verified CIK (removed before 2000 or unresolved Norgate symbol),,,,,,,
NG:FRO-199909,FRO,,FRO,,1997-01-02,1999-09-29,,none,none,,,no verified CIK (removed before 2000 or unresolved Norgate symbol),,,,,,,
NG:FTL.A-200004,FTL-A,,FTL.A,,1996-01-02,1999-10-01,,none,none,,,no verified CIK (removed before 2000 or unresolved Norgate symbol),,,,,,,
NG:GFS.A-199810,GFS-A,,GFS.A,,1996-01-02,1998-07-16,,none,none,,,no verified CIK (removed before 2000 or unresolved Norgate symbol),,,,,,,
NG:GIDL-199709,GIDL,,GIDL,,1996-01-02,1997-07-17,,none,none,,,no verified CIK (removed before 2000 or unresolved Norgate symbol),,,,,,,
NG:GLD-199705,GLD,,GLD,,1996-01-02,1997-05-06,,none,none,,,no verified CIK (removed before 2000 or unresolved Norgate symbol),,,,,,,
NG:GNT-199806,GNT,,GNT,,1996-03-13,1998-07-01,,none,none,,,no verified CIK (removed before 2000 or unresolved Norgate symbol),,,,,,,
NG:GRA-199609,GRA,,GRA,,1996-01-02,1996-09-30,,none,none,,,no verified CIK (removed before 2000 or unresolved Norgate symbol),,,,,,,
NG:GRA-199803,GRA,,GRA,,1996-09-17,1998-04-01,,none,none,,,no verified CIK (removed before 2000 or unresolved Norgate symbol),,,,,,,
NG:GSX-199810,GSX,,GSX,,1996-01-02,1998-10-07,,none,none,,,no verified CIK (removed before 2000 or unresolved Norgate symbol),,,,,,,
NG:GWF-199707,GWF,,GWF,,1996-01-02,1997-07-02,,none,none,,,no verified CIK (removed before 2000 or unresolved Norgate symbol),,,,,,,
NG:HBOC-199901,HBOC,,HBOC,,1997-10-23,1999-01-13,,none,none,,,no verified CIK (removed before 2000 or unresolved Norgate symbol),,,,,,,
NG:HDLM-201301,HDLM,,HDLM,,1996-01-02,1996-03-08,,none,none,,,no verified CIK (removed before 2000 or unresolved Norgate symbol),,,,,,,
NG:HFS-199712,HFS,,HFS,,1996-08-16,1997-12-18,,none,none,,,no verified CIK (removed before 2000 or unresolved Norgate symbol),,,,,,,
NG:HON-199912,HON,,HON,,1996-01-02,1999-12-02,,none,none,,,no verified CIK (removed before 2000 or unresolved Norgate symbol),,,,,,,
NG:I-199603,I,,I,,1996-01-02,1996-04-01,,none,none,,,no verified CIK (removed before 2000 or unresolved Norgate symbol),,,,,,,
NG:INGR-200611,INGR,,INGR,,1996-01-02,1997-07-28,,none,none,,,no verified CIK (removed before 2000 or unresolved Norgate symbol),,,,,,,
NG:ITT-199802,ITT,,ITT,,1996-01-02,1998-02-23,,none,none,,,no verified CIK (removed before 2000 or unresolved Norgate symbol),,,,,,,
NG:JH-200705,JH,,JH,,1996-01-02,1998-04-01,,none,none,,,no verified CIK (removed before 2000 or unresolved Norgate symbol),,,,,,,
NG:KWP-199911,KWP,,KWP,,1996-01-02,1999-11-16,,none,none,,,no verified CIK (removed before 2000 or unresolved Norgate symbol),,,,,,,
NG:LDW.B-200012,LDW-B,,LDW.B,,1996-01-02,1999-12-08,,none,none,,,no verified CIK (removed before 2000 or unresolved Norgate symbol),,,,,,,
NG:LLX-199710,LLX,,LLX,,1996-01-02,1997-10-23,,none,none,,,no verified CIK (removed before 2000 or unresolved Norgate symbol),,,,,,,
NG:LOR-199604,LOR,,LOR,,1996-01-02,1996-04-23,,none,none,,,no verified CIK (removed before 2000 or unresolved Norgate symbol),,,,,,,
NG:LUB,LUB,,LUB,,1996-01-02,1997-01-02,,none,none,,,no verified CIK (removed before 2000 or unresolved Norgate symbol),,,,,,,
NG:MCIC-199809,MCIC,,MCIC,,1996-01-02,1998-09-15,,none,none,,,no verified CIK (removed before 2000 or unresolved Norgate symbol),,,,,,,
NG:MD-199707,MD,,MD,,1996-01-02,1997-08-01,,none,none,,,no verified CIK (removed before 2000 or unresolved Norgate symbol),,,,,,,
NG:MII-199906,MII,,MII,,1996-01-02,1999-06-22,,none,none,,,no verified CIK (removed before 2000 or unresolved Norgate symbol),,,,,,,
NG:MNR-199809,MNR,,MNR,,1996-01-02,1998-09-28,,none,none,,,no verified CIK (removed before 2000 or unresolved Norgate symbol),,,,,,,
NG:MOB-199911,MOB,,MOB,,1996-01-02,1999-12-01,,none,none,,,no verified CIK (removed before 2000 or unresolved Norgate symbol),,,,,,,
NG:MST-199808,MST,,MST,,1996-01-02,1998-08-14,,none,none,,,no verified CIK (removed before 2000 or unresolved Norgate symbol),,,,,,,
NG:MTL-199909,MTL,,MTL,,1998-02-23,1999-09-20,,none,none,,,no verified CIK (removed before 2000 or unresolved Norgate symbol),,,,,,,
NG:MWI-200402,MWI,,MWI,,1996-01-02,1999-05-28,,none,none,,,no verified CIK (removed before 2000 or unresolved Norgate symbol),,,,,,,
NG:NAE-199708,NAE,,NAE,,1996-01-02,1997-08-07,,none,none,,,no verified CIK (removed before 2000 or unresolved Norgate symbol),,,,,,,
NG:NLC-199912,NLC,,NLC,,1996-01-02,1999-08-02,,none,none,,,no verified CIK (removed before 2000 or unresolved Norgate symbol),,,,,,,
NG:NLV-200001,NLV,,NLV,,1996-04-01,2000-01-06,,none,none,,,no verified CIK (removed before 2000 or unresolved Norgate symbol),,,,,,,
NG:NYN-199708,NYN,,NYN,,1996-01-02,1997-08-15,,none,none,,,no verified CIK (removed before 2000 or unresolved Norgate symbol),,,,,,,
NG:OM-199709,OM,,OM,,1996-01-02,1996-10-01,,none,none,,,no verified CIK (removed before 2000 or unresolved Norgate symbol),,,,,,,
NG:ORX-199902,ORX,,ORX,,1996-01-02,1999-03-01,,none,none,,,no verified CIK (removed before 2000 or unresolved Norgate symbol),,,,,,,
NG:PAC-199703,PAC,,PAC,,1996-01-02,1997-04-01,,none,none,,,no verified CIK (removed before 2000 or unresolved Norgate symbol),,,,,,,
NG:PAS-201002,PAS,,PAS,,1996-01-02,1998-01-30,,none,none,,,no verified CIK (removed before 2000 or unresolved Norgate symbol),,,,,,,
NG:PEL-199706,PEL,,PEL,,1996-01-02,1997-06-19,,none,none,,,no verified CIK (removed before 2000 or unresolved Norgate symbol),,,,,,,
NG:PET-199806,PET,,PET,,1996-01-02,1998-06-29,,none,none,,,no verified CIK (removed before 2000 or unresolved Norgate symbol),,,,,,,
NG:PHB-199910,PHB,,PHB,,1996-01-02,1999-10-04,,none,none,,,no verified CIK (removed before 2000 or unresolved Norgate symbol),,,,,,,
NG:PMI-199911,PMI,,PMI,,1996-01-02,1996-05-31,,none,none,,,no verified CIK (removed before 2000 or unresolved Norgate symbol),,,,,,,
NG:PPW-199911,PPW,,PPW,,1996-01-02,1999-11-30,,none,none,,,no verified CIK (removed before 2000 or unresolved Norgate symbol),,,,,,,
NG:PVN-199706,PVN,,PVN,,1996-01-02,1997-06-11,,none,none,,,no verified CIK (removed before 2000 or unresolved Norgate symbol),,,,,,,
NG:PVT-199906,PVT,,PVT,,1998-08-31,1999-07-01,,none,none,,,no verified CIK (removed before 2000 or unresolved Norgate symbol),,,,,,,
NG:PZE-199908,PZE,,PZE,,1996-01-02,1998-12-31,,none,none,,,no verified CIK (removed before 2000 or unresolved Norgate symbol),,,,,,,
NG:RBD-199903,RBD,,RBD,,1996-01-02,1999-03-25,,none,none,,,no verified CIK (removed before 2000 or unresolved Norgate symbol),,,,,,,
NG:RYAN-200610,RYAN,,RYAN,,1996-01-02,1997-01-02,,none,none,,,no verified CIK (removed before 2000 or unresolved Norgate symbol),,,,,,,
NG:RYC-199908,RYC,,RYC,,1996-01-02,1999-08-13,,none,none,,,no verified CIK (removed before 2000 or unresolved Norgate symbol),,,,,,,
NG:RYI-200710,RYI,,RYI,,1996-01-02,1998-07-01,,none,none,,,no verified CIK (removed before 2000 or unresolved Norgate symbol),,,,,,,
NG:SAI-199812,SAI,,SAI,,1997-07-17,1999-01-04,,none,none,,,no verified CIK (removed before 2000 or unresolved Norgate symbol),,,,,,,
NG:SB-199711,SB,,SB,,1996-01-02,1997-11-28,,none,none,,,no verified CIK (removed before 2000 or unresolved Norgate symbol),,,,,,,
NG:SFS-200008,SFS,,SFS,,1996-01-02,1997-07-28,,none,none,,,no verified CIK (removed before 2000 or unresolved Norgate symbol),,,,,,,
NG:SHN-200007,SHN,,SHN,,1996-01-02,1997-01-02,,none,none,,,no verified CIK (removed before 2000 or unresolved Norgate symbol),,,,,,,
NG:SK-199805,SK,,SK,,1996-01-02,1998-04-01,,none,none,,,no verified CIK (removed before 2000 or unresolved Norgate symbol),,,,,,,
NG:SNT-199910,SNT,,SNT,,1996-01-02,1999-10-26,,none,none,,,no verified CIK (removed before 2000 or unresolved Norgate symbol),,,,,,,
NG:SRR-200708,SRR,,SRR,,1996-01-02,1997-10-07,,none,none,,,no verified CIK (removed before 2000 or unresolved Norgate symbol),,,,,,,
NG:STO-199811,STO,,STO,,1996-01-02,1998-11-18,,none,none,,,no verified CIK (removed before 2000 or unresolved Norgate symbol),,,,,,,
NG:TA-199907,TA,,TA,,1996-01-02,1999-07-22,,none,none,,,no verified CIK (removed before 2000 or unresolved Norgate symbol),,,,,,,
NG:TCOMA-199903,TCOMA,,TCOMA,,1996-01-02,1999-03-10,,none,none,,,no verified CIK (removed before 2000 or unresolved Norgate symbol),,,,,,,
NG:TDM-199708,TDM,,TDM,,1996-01-02,1997-09-02,,none,none,,,no verified CIK (removed before 2000 or unresolved Norgate symbol),,,,,,,
NG:THY-199708,THY,,THY,,1996-01-02,1996-10-16,,none,none,,,no verified CIK (removed before 2000 or unresolved Norgate symbol),,,,,,,
NG:UCC-199904,UCC,,UCC,,1996-01-02,1999-05-03,,none,none,,,no verified CIK (removed before 2000 or unresolved Norgate symbol),,,,,,,
NG:USB-200102,USB,,USB,,1996-01-02,2001-02-26,,none,none,,,no verified CIK (removed before 2000 or unresolved Norgate symbol),,,,,,,
NG:USBC-199708,USBC,,USBC,,1996-01-02,1997-08-04,,none,none,,,no verified CIK (removed before 2000 or unresolved Norgate symbol),,,,,,,
NG:USH-199706,USH,,USH,,1996-01-02,1997-06-18,,none,none,,,no verified CIK (removed before 2000 or unresolved Norgate symbol),,,,,,,
NG:USHC-199607,USHC,,USHC,,1996-01-02,1996-07-19,,none,none,,,no verified CIK (removed before 2000 or unresolved Norgate symbol),,,,,,,
NG:USS-199810,USS,,USS,,1996-01-02,1998-10-02,,none,none,,,no verified CIK (removed before 2000 or unresolved Norgate symbol),,,,,,,
NG:VAT-199609,VAT,,VAT,,1996-01-02,1996-09-06,,none,none,,,no verified CIK (removed before 2000 or unresolved Norgate symbol),,,,,,,
NG:WAI-199808,WAI,,WAI,,1996-01-02,1998-08-11,,none,none,,,no verified CIK (removed before 2000 or unresolved Norgate symbol),,,,,,,
NG:WFC-199811,WFC,,WFC,,1996-01-02,1998-11-03,,none,none,,,no verified CIK (removed before 2000 or unresolved Norgate symbol),,,,,,,
NG:WMX-199807,WMX,,WMX,,1996-01-02,1998-07-17,,none,none,,,no verified CIK (removed before 2000 or unresolved Norgate symbol),,,,,,,
NG:YRCW,YRCW,,YRCW,,1996-01-02,1996-11-04,,none,none,,,no verified CIK (removed before 2000 or unresolved Norgate symbol),,,,,,,
