entity_id,cik,ticker_at_time,ticker_current_yahoo,name,start_date,end_date,removal_reason,source,ticker_history,ticker_at_time_basis,norgate_keys,start_boundary,end_boundary,cik_confidence,cik_method,cik_first_report,cik_last_report
CIK0000001800,1800,ABT,ABT,Abbott Laboratories,1996-01-02,,,fja_orig(norgate),ABT:2007-03..2026-09,"wikipedia_first_observed(2007+),backfilled",ABT,index_add,current,high,sec_ticker+wiki_current_cik+wiki_snapshot_cik,1994-03-03,2026-07-28
CIK0000002135,2135,ACS,,Affiliated Computer Services,2004-04-02,2010-02-08,,fja_orig(norgate),ACS:2007-03..2010-01,"wikipedia_first_observed(2007+),backfilled",ACS-201002,index_add,index_remove,high,name,1998-05-14,2009-10-22
CIK0000002488,2488,AMD,AMD,Advanced Micro Devices,1996-01-02,2013-09-23,Market capitalization changes.,fja_orig(norgate),AMD:2007-03..2013-08,"wikipedia_first_observed(2007+),backfilled",AMD,index_add,index_remove,high,same_norgate_key+sec_ticker,1994-03-07,2026-08-05
CIK0000002488,2488,AMD,AMD,Advanced Micro Devices,2017-03-20,,,fja_orig(norgate),AMD:2017-03..2026-09,wikipedia_snapshot,AMD,index_add,current,high,sec_ticker+wiki_current_cik+wiki_snapshot_cik,2003-08-12,2026-08-05
CIK0000002969,2969,APD,APD,Air Products,1996-01-02,,,fja_orig(norgate),APD:2007-03..2026-09,"wikipedia_first_observed(2007+),backfilled",APD,index_add,current,high,sec_ticker+wiki_current_cik+wiki_snapshot_cik,1994-02-14,2026-07-30
CIK0000003133,3133,ASO,,AMSOUTH BANCORPORATION,1999-03-10,2006-11-06,,fja_orig(norgate),,norgate_symbol(last_or_2019_ticker),ASO-200611,index_add,index_remove,medium,analyst_hypothesis,1994-03-22,2006-08-07
CIK0000003327,3327,ACV,,New Alberto-Culver LLC,1996-01-02,2006-11-17,,fja_orig(norgate),,norgate_symbol(last_or_2019_ticker),ACV-201105,index_add,index_remove,medium,analyst_hypothesis,1995-02-14,2006-08-07
CIK0000003333,3333,ABS,,ALBERTSONS INC /DE/,1996-01-02,2006-06-02,Albertsons was acquired by SuperValu and CVS Corp.,fja_orig(norgate),,norgate_symbol(last_or_2019_ticker),ABS-200606,index_add,index_remove,high,name,1994-01-21,2006-05-31
CIK0000003370,3370,IKN,,IKON OFFICE SOLUTIONS INC,1996-01-02,2000-06-29,,fja_orig(norgate),,norgate_symbol(last_or_2019_ticker),IKN-200810,index_add,index_remove,medium,analyst_hypothesis,1994-02-14,2008-07-31
CIK0000003673,3673,AYE,,Allegheny Energy Inc,2000-12-11,2011-02-28,Alleghany was acquired by First Energy.,fja_orig(norgate),AYE:2007-03..2011-01,"wikipedia_first_observed(2007+),backfilled",AYE-201102,index_add,index_remove,high,name,1994-03-14,2011-02-23
CIK0000004127,4127,SWKS,SWKS,Skyworks Solutions,2015-03-12,,,fja_orig(norgate),SWKS:2015-03..2026-09,wikipedia_snapshot,SWKS,index_add,current,high,sec_ticker+wiki_current_cik+wiki_snapshot_cik,2014-11-25,2026-07-28
CIK0000004281,4281,AA,HWM,Howmet Aerospace,1996-01-02,,,fja_orig(norgate)+fja_updated,AA:2007-03..2016-10;ARNC:2016-11..2020-03;HWM:2020-04..2026-09,"wikipedia_first_observed(2007+),backfilled","ARNC,HWM",index_add,current,high,wiki_snapshot_cik,2017-05-02,2026-08-06
CIK0000004285,4285,AL,,ALCAN INC,1996-01-02,2002-07-22,,fja_orig(norgate),,norgate_symbol(last_or_2019_ticker),AL-200711,index_add,index_remove,medium,analyst_hypothesis,1997-03-28,2007-11-09
CIK0000004310,4310,AZA.A,,ALZA CORP,1996-01-02,2001-06-25,,fja_orig(norgate),,norgate_symbol(last_or_2019_ticker),AZA.A-200106,index_add,index_remove,medium,analyst_hypothesis,1994-03-31,2001-05-14
CIK0000004447,4447,HES,,Hess Corporation,1996-01-02,2025-07-23,Chevron acquired Hess.,fja_orig(norgate)+fja_updated,HES:2007-03..2025-06,"wikipedia_first_observed(2007+),backfilled",HES,index_add,index_remove,high,wiki_snapshot_cik,1994-03-29,2025-05-08
CIK0000004904,4904,AEP,AEP,American Electric Power,1996-01-02,,,fja_orig(norgate),AEP:2007-03..2026-09,"wikipedia_first_observed(2007+),backfilled",AEP,index_add,current,high,sec_ticker+wiki_current_cik+wiki_snapshot_cik,1994-05-16,2026-07-30
CIK0000004962,4962,AXP,AXP,American Express,1996-01-02,,,fja_orig(norgate),AXP:2007-03..2026-09,"wikipedia_first_observed(2007+),backfilled",AXP,index_add,current,high,sec_ticker+wiki_current_cik+wiki_snapshot_cik,1994-03-31,2026-07-24
CIK0000004977,4977,AFL,AFL,Aflac,1999-05-28,,,fja_orig(norgate),AFL:2007-03..2026-09,"wikipedia_first_observed(2007+),backfilled",AFL,index_add,current,high,sec_ticker+wiki_current_cik+wiki_snapshot_cik,1994-03-30,2026-08-07
CIK0000005103,5103,AGC,,AMERICAN GENERAL CORP /TX/,1996-01-02,2001-08-29,,fja_orig(norgate),,norgate_symbol(last_or_2019_ticker),AGC-200108,index_add,index_remove,medium,analyst_hypothesis,1994-03-23,2001-08-14
CIK0000005133,5133,AM,,AMERICAN GREETINGS CORP,1996-01-02,2004-05-03,,fja_orig(norgate),,norgate_symbol(last_or_2019_ticker),AM-201308,index_add,index_remove,medium,analyst_hypothesis,1994-01-13,2017-01-06
CIK0000005187,5187,WYE,,Wyeth,1996-01-02,2009-10-16,,fja_orig(norgate),WYE:2007-03..2009-09,"wikipedia_first_observed(2007+),backfilled",WYE-200910,index_add,index_remove,high,name,1994-03-24,2009-08-06
CIK0000005272,5272,AIG,AIG,American International Group,1996-01-02,,,fja_orig(norgate),AIG:2007-03..2026-09,"wikipedia_first_observed(2007+),backfilled",AIG,index_add,current,high,sec_ticker+wiki_current_cik+wiki_snapshot_cik,1994-03-30,2026-08-07
CIK0000005513,5513,UNM,UNM,Unum Group,1996-01-02,2021-09-20,Market capitalization changes.,fja_orig(norgate)+fja_updated,UNM:2007-03..2021-08,"wikipedia_first_observed(2007+),backfilled",UNM,index_add,index_remove,high,sec_ticker+wiki_snapshot_cik,1995-08-14,2026-07-29
CIK0000005907,5907,T,,AT&T CORP,1996-01-02,2005-11-21,AT&T Corp. was acquired by SBC Communications,fja_orig(norgate),,norgate_symbol(last_or_2019_ticker),T-200511,index_add,index_remove,high,name,1994-03-25,2005-11-04
CIK0000006201,6201,AAMRQ,AAL,American Airlines Group Inc.,1996-01-02,2003-03-14,,fja_orig(norgate),,norgate_symbol(last_or_2019_ticker),AAMRQ-201312,index_add,index_remove,medium,analyst_hypothesis,1994-03-31,2026-07-23
CIK0000006201,6201,AAL,AAL,American Airlines Group,2015-03-23,2024-09-23,Market capitalization changes.,fja_orig(norgate)+fja_updated,AAL:2015-03..2024-08,wikipedia_snapshot,AAL,index_add,index_remove,high,sec_ticker+wiki_snapshot_cik,2005-02-25,2026-07-23
CIK0000006281,6281,ADI,ADI,Analog Devices,1999-10-12,,,fja_orig(norgate),ADI:2007-03..2026-09,"wikipedia_first_observed(2007+),backfilled",ADI,index_add,current,high,sec_ticker+wiki_current_cik+wiki_snapshot_cik,1994-03-11,2026-08-19
CIK0000006951,6951,AMAT,AMAT,Applied Materials,1996-01-02,,,fja_orig(norgate),AMAT:2007-03..2026-09,"wikipedia_first_observed(2007+),backfilled",AMAT,index_add,current,high,sec_ticker+wiki_current_cik+wiki_snapshot_cik,1994-02-28,2026-08-20
CIK0000007084,7084,ADM,ADM,Archer Daniels Midland,1996-01-02,,,fja_orig(norgate),ADM:2007-03..2026-09,"wikipedia_first_observed(2007+),backfilled",ADM,index_add,current,high,sec_ticker+wiki_current_cik+wiki_snapshot_cik,1994-02-09,2026-08-04
CIK0000007332,7332,SWN,,Southwestern Energy,2008-06-06,2017-04-04,"HPE completed the corporate spin-off of Everett, merged with CSC to form DXC Technology.",fja_orig(norgate),SWN:2008-08..2017-03,norgate_symbol(last_or_2019_ticker),SWN,index_add,index_remove,high,wiki_snapshot_cik,1994-03-30,2024-08-01
CIK0000007974,7974,AFS.A,,ASSOCIATES FIRST CAPITAL CORP,1998-04-08,2000-12-01,,fja_orig(norgate),,norgate_symbol(last_or_2019_ticker),AFS.A-200011,index_add,index_remove,medium,analyst_hypothesis,1994-03-29,2000-11-14
CIK0000008670,8670,ADP,ADP,Automatic Data Processing,1996-01-02,,,fja_orig(norgate),ADP:2007-03..2026-09,"wikipedia_first_observed(2007+),backfilled",ADP,index_add,current,high,sec_ticker+wiki_current_cik+wiki_snapshot_cik,1994-02-09,2026-08-05
CIK0000008818,8818,AVY,AVY,Avery Dennison,1996-01-02,,,fja_orig(norgate),AVY:2007-03..2026-09,"wikipedia_first_observed(2007+),backfilled",AVY,index_add,current,high,sec_ticker+wiki_current_cik+wiki_snapshot_cik,1994-03-18,2026-08-04
CIK0000008868,8868,AVP,,Avon Products,1996-01-02,2015-03-23,Market capitalization changes.,fja_orig(norgate),AVP:2007-03..2015-02,"wikipedia_first_observed(2007+),backfilled",AVP,index_add,index_remove,high,wiki_snapshot_cik,1994-03-25,2023-05-15
CIK0000009389,9389,BLL,BALL,Ball Corporation,1996-01-02,,,fja_orig(norgate)+fja_updated,BLL:2007-03..2022-04;BALL:2022-05..2026-09,"wikipedia_first_observed(2007+),backfilled","BLL,BALL",index_add,current,high,wiki_snapshot_cik,2018-05-04,2026-08-04
CIK0000009892,9892,BCR,,Bard (C.R.) Inc.,1996-01-02,2017-12-29,Becton Dickinson acquired CR Bard.,fja_orig(norgate),BCR:2007-03..2017-11,"wikipedia_first_observed(2007+),backfilled",BCR-201712,index_add,index_remove,high,wiki_snapshot_cik,1994-03-31,2017-10-26
CIK0000010081,10081,BRL,,Barr Pharmaceuticals Inc.,2006-02-27,2008-12-23,,fja_orig(norgate),BRL:2007-03..2008-11,"wikipedia_first_observed(2007+),backfilled",BRL-200812,index_add,index_remove,high,name,1995-02-13,2008-11-06
CIK0000010427,10427,BOL,,Bausch & Lomb,1996-01-02,2007-10-29,,fja_orig(norgate),BOL:2007-03..2007-09,"wikipedia_first_observed(2007+),backfilled",BOL-200710,index_add,index_remove,high,name,1994-03-24,2007-08-08
CIK0000010456,10456,BAX,BAX,Baxter International,1996-01-02,,,fja_orig(norgate),BAX:2007-03..2026-09,"wikipedia_first_observed(2007+),backfilled",BAX,index_add,current,high,sec_ticker+wiki_current_cik+wiki_snapshot_cik,1994-03-21,2026-07-30
CIK0000010795,10795,BDX,BDX,Becton Dickinson,1996-01-02,,,fja_orig(norgate),BDX:2007-03..2026-09,"wikipedia_first_observed(2007+),backfilled",BDX,index_add,current,high,sec_ticker+wiki_current_cik+wiki_snapshot_cik,1994-02-11,2026-08-06
CIK0000011199,11199,BMS,,Bemis Company,1996-01-02,2014-12-05,Market capitalization changes.,fja_orig(norgate),BMS:2007-03..2014-11,"wikipedia_first_observed(2007+),backfilled",BMS,index_add,index_remove,high,wiki_snapshot_cik,1994-03-24,2019-04-26
CIK0000011544,11544,WRB,WRB,W. R. Berkley Corporation,2019-12-05,,,fja_updated,WRB:2019-12..2026-09,wikipedia_snapshot,WRB,index_add,current,high,sec_ticker+wiki_current_cik+wiki_snapshot_cik,2013-08-06,2026-07-31
CIK0000011860,11860,BHMSQ,,BETHLEHEM STEEL CORP /DE/,1996-01-02,2000-12-11,Market capitalization changes.,fja_orig(norgate),,norgate_symbol(last_or_2019_ticker),BHMSQ-200401,index_add,index_remove,medium,analyst_hypothesis,1993-11-12,2003-11-14
CIK0000012208,12208,BIO,BIO,Bio-Rad Laboratories,2020-06-22,2024-09-23,Market capitalization changes.,fja_updated,BIO:2020-06..2024-08,wikipedia_snapshot,BIO,index_add,index_remove,high,sec_ticker+wiki_snapshot_cik,2011-11-03,2026-08-04
CIK0000012355,12355,BDK,,Black & Decker Corp.,1996-01-02,2010-03-15,,fja_orig(norgate),BDK:2007-03..2010-02,"wikipedia_first_observed(2007+),backfilled",BDK-201003,index_add,index_remove,high,name,1995-03-20,2010-02-19
CIK0000012659,12659,HRB,HRB,H&R Block,1996-01-02,2020-09-21,Market capitalization changes.,fja_orig(norgate)+fja_updated,HRB:2007-03..2020-08,"wikipedia_first_observed(2007+),backfilled",HRB,index_add,index_remove,high,sec_ticker+wiki_snapshot_cik,1994-03-14,2026-08-14
CIK0000012927,12927,BA,BA,Boeing,1996-01-02,,,fja_orig(norgate),BA:2007-03..2026-09,"wikipedia_first_observed(2007+),backfilled",BA,index_add,current,high,sec_ticker+wiki_current_cik+wiki_snapshot_cik,1994-03-17,2026-07-28
CIK0000012978,12978,OMX,,OfficeMax Inc.,1996-01-02,2008-06-23,Market capitalization changes.,fja_orig(norgate),OMX:2007-03..2008-05,"wikipedia_first_observed(2007+),backfilled",OMX-201311,index_add,index_remove,high,name,1994-03-14,2013-11-05
CIK0000014195,14195,BGG,,BRIGGS & STRATTON CORP,1996-01-02,2001-04-03,,fja_orig(norgate),,norgate_symbol(last_or_2019_ticker),BGG,index_add,index_remove,medium,analyst_hypothesis,1994-02-04,2020-05-08
CIK0000014272,14272,BMY,BMY,Bristol Myers Squibb,1996-01-02,,,fja_orig(norgate),BMY:2007-03..2026-09,"wikipedia_first_observed(2007+),backfilled",BMY,index_add,current,high,sec_ticker+wiki_current_cik+wiki_snapshot_cik,1994-03-31,2026-07-30
CIK0000014693,14693,BF.B,BF-B,Brown–Forman,1996-01-02,,,fja_orig(norgate),BF.B:2007-03..2009-06;BFB:2009-07..2009-09;BF.B:2009-10..2010-06;BFB:2010-07..2010-08;BF.B:2010-09..2010-09;BFB:2010-10..2011-07;BF.B:2011-08..2012-01;BFB:2012-02..2012-07;BF.B:2012-08..2015-04;BF-B:2015-05..2017-01;BF.B:2017-02..2018-10;BF-B:2018-11..2018-11;BF.B:2018-12..2018-12;BF-B:2019-01..2019-02;BF.B:2019-03..2026-09,"wikipedia_first_observed(2007+),backfilled",BF.B,index_add,current,high,sec_ticker+wiki_current_cik+wiki_snapshot_cik,1994-03-04,2026-09-02
CIK0000014707,14707,CAL,CAL,CALERES INC,1996-01-02,1996-07-22,,fja_orig(norgate),,norgate_symbol(last_or_2019_ticker),CAL,index_add,index_remove,medium,name_of_ticker_holder+sec_ticker,1994-04-20,2026-09-10
CIK0000014930,14930,BC,BC,Brunswick Corp.,1996-01-02,2008-06-23,Market capitalization changes.,fja_orig(norgate),BC:2007-03..2008-05,"wikipedia_first_observed(2007+),backfilled",BC,index_add,index_remove,high,sec_ticker,1994-03-29,2026-08-05
CIK0000016732,16732,CPB,CPB,Campbell's Company (The),1996-01-02,2026-06-22,Market capitalization changes.,fja_orig(norgate)+fja_updated,CPB:2007-03..2026-05,"wikipedia_first_observed(2007+),backfilled",CPB,index_add,index_remove,high,sec_ticker+wiki_snapshot_cik,1994-03-11,2026-09-24
CIK0000016918,16918,STZ,STZ,Constellation Brands,2005-07-05,,,fja_orig(norgate),STZ:2007-03..2026-09,"wikipedia_first_observed(2007+),backfilled",STZ,index_add,current,high,sec_ticker+wiki_current_cik+wiki_snapshot_cik,1994-01-13,2026-07-01
CIK0000018230,18230,CAT,CAT,Caterpillar Inc.,1996-01-02,,,fja_orig(norgate),CAT:2007-03..2026-09,"wikipedia_first_observed(2007+),backfilled",CAT,index_add,current,high,sec_ticker+wiki_current_cik+wiki_snapshot_cik,1994-03-02,2026-08-05
CIK0000018349,18349,SNV,,Synovus Financial,1997-12-01,2008-01-02,,fja_orig(norgate),SNV:2007-03..2007-12,"wikipedia_first_observed(2007+),backfilled",SNV,index_add,index_remove,high,name,1995-05-12,2025-11-04
CIK0000018532,18532,CTX,,Centex Corp.,1996-01-02,2009-08-19,Centex was acquired by Pulte Homes.,fja_orig(norgate),CTX:2007-03..2009-07,"wikipedia_first_observed(2007+),backfilled",CTX-200908,index_add,index_remove,high,name,1994-02-04,2009-08-05
CIK0000018540,18540,CSR,,CENTRAL & SOUTH WEST CORP,1996-01-02,2000-06-16,,fja_orig(norgate),,norgate_symbol(last_or_2019_ticker),CSR-200006,index_add,index_remove,medium,analyst_hypothesis,1994-03-31,2000-05-15
CIK0000018568,18568,CBSS,,Compass Bancshares,2004-12-20,2007-09-07,,fja_orig(norgate),CBSS:2007-03..2007-07,"wikipedia_first_observed(2007+),backfilled",CBSS-200709,index_add,index_remove,high,name,2004-08-06,2007-08-07
CIK0000018926,18926,CTL,LUMN,Lumen Technologies,1999-03-25,2023-03-20,Market capitalization changes.,fja_orig(norgate)+fja_updated,CTL:2007-03..2020-08;LUMN:2020-09..2023-02,"wikipedia_first_observed(2007+),backfilled","CTL,LUMN",index_add,index_remove,high,wiki_snapshot_cik,2015-11-05,2026-08-04
CIK0000019150,19150,CHA,,CHAMPION INTERNATIONAL CORP,1996-01-02,2000-06-19,,fja_orig(norgate),,norgate_symbol(last_or_2019_ticker),CHA-200006,index_add,index_remove,medium,analyst_hypothesis,1994-01-26,2000-05-12
CIK0000019617,19617,JPM,JPM,JPMorgan Chase,1996-01-02,,,fja_orig(norgate),JPM:2007-03..2026-09,"wikipedia_first_observed(2007+),backfilled",JPM,index_add,current,high,sec_ticker+wiki_current_cik+wiki_snapshot_cik,1994-03-25,2026-08-06
CIK0000020171,20171,CB,,Chubb Corp.,1996-01-02,2016-01-15,ACE Ltd acquired Chubb and retained the CB ticker.,fja_orig(norgate),CB:2007-03..2015-12,"wikipedia_first_observed(2007+),backfilled",CB-201601,index_add,index_remove,high,wiki_snapshot_cik,1994-03-29,2015-11-06
CIK0000020286,20286,CINF,CINF,Cincinnati Financial,1997-12-18,,,fja_orig(norgate),CINF:2007-03..2026-09,"wikipedia_first_observed(2007+),backfilled",CINF,index_add,current,high,sec_ticker+wiki_current_cik+wiki_snapshot_cik,1994-03-30,2026-07-27
CIK0000020388,20388,CIT.A,,CIT GROUP INC,2000-07-17,2001-06-04,,fja_orig(norgate),,norgate_symbol(last_or_2019_ticker),CIT.A-200106,index_add,index_remove,medium,analyst_hypothesis,1994-03-23,2002-06-12
CIK0000020520,20520,CZN,,Frontier Communications,2001-02-27,2017-03-20,Market capitalization changes.,fja_orig(norgate),CZN:2007-03..2008-07;FTR:2008-08..2017-02,"wikipedia_first_observed(2007+),backfilled",FTR,index_add,index_remove,high,wiki_snapshot_cik,1994-03-15,2025-10-28
CIK0000021076,21076,CLX,CLX,Clorox,1996-01-02,,,fja_orig(norgate),CLX:2007-03..2026-09,"wikipedia_first_observed(2007+),backfilled",CLX,index_add,current,high,sec_ticker+wiki_current_cik+wiki_snapshot_cik,1994-01-28,2026-08-07
CIK0000021267,21267,CGP,,EL PASO CGP CO LLC,1996-01-02,2001-01-30,,fja_orig(norgate),,norgate_symbol(last_or_2019_ticker),CGP-200101,index_add,index_remove,medium,analyst_hypothesis,1994-03-30,2005-11-30
CIK0000021344,21344,KO,KO,Coca-Cola Company (The),1996-01-02,,,fja_orig(norgate),KO:2007-03..2026-09,"wikipedia_first_observed(2007+),backfilled",KO,index_add,current,high,sec_ticker+wiki_current_cik+wiki_snapshot_cik,1994-03-14,2026-07-29
CIK0000021665,21665,CL,CL,Colgate-Palmolive,1996-01-02,,,fja_orig(norgate),CL:2007-03..2026-09,"wikipedia_first_observed(2007+),backfilled",CL,index_add,current,high,sec_ticker+wiki_current_cik+wiki_snapshot_cik,1994-03-25,2026-07-31
CIK0000023082,23082,CSC,,Computer Sciences Corp.,1996-01-02,2015-12-01,CSC completed the corporate spin-off off CSRA.,fja_orig(norgate),CSC:2007-03..2015-11,"wikipedia_first_observed(2007+),backfilled",DXC,index_add,index_remove,high,wiki_snapshot_cik,1994-01-25,2017-05-26
CIK0000023217,23217,CAG,CAG,Conagra Brands,1996-01-02,2026-06-30,Market capitalization changes.,fja_orig(norgate)+fja_updated,CAG:2007-03..2026-05,"wikipedia_first_observed(2007+),backfilled",CAG,index_add,index_remove,high,sec_ticker+wiki_snapshot_cik,1994-01-12,2026-07-15
CIK0000023666,23666,SLE,,Sara Lee Corp.,1996-01-02,2012-06-29,Split up of Sara Lee.,fja_orig(norgate),SLE:2007-03..2012-05,"wikipedia_first_observed(2007+),backfilled",HSH-201408,index_add,index_remove,high,name,1994-02-11,2014-08-22
CIK0000023738,23738,CNG,,CONSOLIDATED NATURAL GAS CO/VA,1996-01-02,2000-01-31,,fja_orig(norgate),,norgate_symbol(last_or_2019_ticker),CNG-200001,index_add,index_remove,medium,analyst_hypothesis,1994-03-30,2007-05-03
CIK0000024491,24491,CTB,,COOPER TIRE & RUBBER CO,1996-01-02,2006-07-18,,fja_orig(norgate),,norgate_symbol(last_or_2019_ticker),CTB,index_add,index_remove,medium,analyst_hypothesis,1994-03-22,2021-05-03
CIK0000024545,24545,TAP,TAP,Molson Coors Beverage Company,1996-01-02,2026-09-21,Market capitalization changes.,fja_orig(norgate)+wikipedia_changes,TAP:2007-03..2026-08,"wikipedia_first_observed(2007+),backfilled",TAP,index_add,index_remove,high,sec_ticker+wiki_snapshot_cik,1994-03-28,2026-08-06
CIK0000024741,24741,GLW,GLW,Corning Inc.,1996-01-02,,,fja_orig(norgate),GLW:2007-03..2026-09,"wikipedia_first_observed(2007+),backfilled",GLW,index_add,current,high,sec_ticker+wiki_current_cik+wiki_snapshot_cik,1994-03-18,2026-07-29
CIK0000025191,25191,CFC,,Countrywide Financial Corp.,1997-06-18,2008-07-01,Market capitalization changes.,fja_orig(norgate),CFC:2007-03..2008-06,"wikipedia_first_observed(2007+),backfilled",CFC-200806,index_add,index_remove,high,name,1994-01-14,2008-08-11
CIK0000025350,25350,BFO,,BESTFOODS,1996-01-02,2000-10-03,,fja_orig(norgate),,norgate_symbol(last_or_2019_ticker),BFO-200010,index_add,index_remove,medium,analyst_hypothesis,1994-03-30,2000-08-10
CIK0000025445,25445,CR,CXT,"Crane NXT, Co.",1996-01-02,2004-12-20,,fja_orig(norgate),,norgate_symbol(last_or_2019_ticker),CR,index_add,index_remove,medium,analyst_hypothesis+name_of_ticker_holder,1994-03-30,2026-08-05
CIK0000025890,25890,CCK,,CROWN CORK & SEAL CO INC,1996-01-02,2000-12-11,Market capitalization changes.,fja_orig(norgate),,norgate_symbol(last_or_2019_ticker),CCK,index_add,index_remove,medium,analyst_hypothesis,1994-03-31,2002-11-13
CIK0000026172,26172,CMI,CMI,Cummins,1996-01-02,,,fja_orig(norgate),CMI:2007-03..2026-09,"wikipedia_first_observed(2007+),backfilled",CMI,index_add,current,high,sec_ticker+wiki_current_cik+wiki_snapshot_cik,1994-03-10,2026-08-04
CIK0000026780,26780,DCNAQ,DAN,DANA Inc,1996-01-02,2006-03-03,,fja_orig(norgate),,norgate_symbol(last_or_2019_ticker),DCNAQ-200801,index_add,index_remove,medium,analyst_hypothesis,1994-03-14,2026-08-06
CIK0000027419,27419,TGT,TGT,Target Corporation,1996-01-02,,,fja_orig(norgate),TGT:2007-03..2026-09,"wikipedia_first_observed(2007+),backfilled",TGT,index_add,current,high,sec_ticker+wiki_current_cik+wiki_snapshot_cik,1994-04-21,2026-08-28
CIK0000027904,27904,DALRQ,DAL,"DELTA AIR LINES, INC.",1996-01-02,2005-08-19,,fja_orig(norgate),,norgate_symbol(last_or_2019_ticker),DALRQ-200704,index_add,index_remove,medium,analyst_hypothesis,1994-02-14,2026-07-10
CIK0000027904,27904,DAL,DAL,Delta Air Lines,2013-09-11,,,fja_orig(norgate),DAL:2013-09..2026-09,wikipedia_snapshot,DAL,index_add,current,high,sec_ticker+wiki_current_cik+wiki_snapshot_cik,1994-02-14,2026-07-10
CIK0000027996,27996,DLX,DLX,DELUXE CORP,1996-01-02,2004-12-20,,fja_orig(norgate),,norgate_symbol(last_or_2019_ticker),DLX,index_add,index_remove,medium,name_of_ticker_holder+sec_ticker,1994-03-31,2026-08-06
CIK0000028412,28412,CMA,,Comerica,1996-01-02,2024-06-24,Market capitalization changes.,fja_orig(norgate)+fja_updated,CMA:2007-03..2024-05,"wikipedia_first_observed(2007+),backfilled",CMA,index_add,index_remove,high,wiki_snapshot_cik,1994-03-30,2025-10-28
CIK0000028917,28917,DDS,DDS,Dillard Inc.,1996-01-02,2008-10-22,,fja_orig(norgate),DDS:2007-03..2008-09,"wikipedia_first_observed(2007+),backfilled",DDS,index_add,index_remove,high,sec_ticker,1994-04-29,2026-09-04
CIK0000029534,29534,DG,DG,Dollar General,1998-07-16,2007-07-09,,fja_orig(norgate),DG:2007-03..2007-06,"wikipedia_first_observed(2007+),backfilled",DG-200707,index_add,index_remove,high,name,1994-04-27,2026-08-27
CIK0000029534,29534,DG,DG,Dollar General,2012-12-03,,,fja_orig(norgate),DG:2012-12..2026-09,wikipedia_snapshot,DG,index_add,current,high,sec_ticker+wiki_current_cik+wiki_snapshot_cik,1994-04-27,2026-08-27
CIK0000029669,29669,RRD,,Donnelley (R.R.) & Sons,1996-01-02,2012-12-12,Market capitalization changes.,fja_orig(norgate),RRD:2007-03..2012-11,"wikipedia_first_observed(2007+),backfilled",RRD,index_add,index_remove,high,name,1994-03-28,2022-02-24
CIK0000029905,29905,DOV,DOV,Dover Corporation,1996-01-02,,,fja_orig(norgate),DOV:2007-03..2026-09,"wikipedia_first_observed(2007+),backfilled",DOV,index_add,current,high,sec_ticker+wiki_current_cik+wiki_snapshot_cik,1994-03-30,2026-07-23
CIK0000029915,29915,DOW,,Dow Chemical,1996-01-02,2017-09-01,The Dow Chemical Company renamed to DowDuPont Inc.,fja_orig(norgate),DOW:2007-03..2017-08,"wikipedia_first_observed(2007+),backfilled",DOW-201708,index_add,index_remove,high,wiki_snapshot_cik,1995-03-23,2026-07-24
CIK0000029924,29924,DJ,,Dow Jones & Co.,1996-01-02,2007-12-14,Dow Jones was acquired by News Corporation.,fja_orig(norgate),DJ:2007-03..2007-11,"wikipedia_first_observed(2007+),backfilled",DJ-200712,index_add,index_remove,high,name,1994-03-22,2007-11-09
CIK0000029989,29989,OMC,OMC,Omnicom Group,1997-12-24,,,fja_orig(norgate),OMC:2007-03..2026-09,"wikipedia_first_observed(2007+),backfilled",OMC,index_add,current,high,sec_ticker+wiki_current_cik+wiki_snapshot_cik,1994-03-30,2026-07-29
CIK0000030554,30554,DD,CTA-PB,Du Pont (E.I.),1996-01-02,2017-09-01,The Dow Chemical Company acquired DuPont.,fja_orig(norgate),DD:2007-03..2017-08,"wikipedia_first_observed(2007+),backfilled",DD-201708,index_add,index_remove,high,wiki_snapshot_cik,1994-03-21,2026-07-31
CIK0000030625,30625,FLS,FLS,Flowserve Corporation,2008-10-02,2021-03-22,Market capitalization changes.,fja_orig(norgate)+fja_updated,FLS:2008-10..2021-02,wikipedia_snapshot,FLS,index_add,index_remove,high,sec_ticker+wiki_snapshot_cik,1994-05-13,2026-07-29
CIK0000031235,31235,EK,KODK,Eastman Kodak,1996-01-02,2010-12-20,Market capitalization changes.,fja_orig(norgate),EK:2007-03..2010-11,"wikipedia_first_observed(2007+),backfilled",EKDKQ-201309,index_add,index_remove,high,name,1994-03-11,2026-08-04
CIK0000031462,31462,ECL,ECL,Ecolab,1996-01-02,,,fja_orig(norgate),ECL:2007-03..2026-09,"wikipedia_first_observed(2007+),backfilled",ECL,index_add,current,high,sec_ticker+wiki_current_cik+wiki_snapshot_cik,1995-03-14,2026-08-06
CIK0000031791,31791,PKI,RVTY,Revvity,1996-01-02,,,fja_orig(norgate)+fja_updated,PKI:2007-03..2023-04;RVTY:2023-05..2026-09,"wikipedia_first_observed(2007+),backfilled","PKI,RVTY",index_add,current,high,wiki_snapshot_cik,2012-05-08,2026-08-11
CIK0000032604,32604,EMR,EMR,Emerson Electric,1996-01-02,,,fja_orig(norgate),EMR:2007-03..2026-09,"wikipedia_first_observed(2007+),backfilled",EMR,index_add,current,high,sec_ticker+wiki_current_cik+wiki_snapshot_cik,1994-02-14,2026-08-04
CIK0000033185,33185,EFX,EFX,Equifax,1997-06-19,,,fja_orig(norgate),EFX:2007-03..2026-09,"wikipedia_first_observed(2007+),backfilled",EFX,index_add,current,high,sec_ticker+wiki_current_cik+wiki_snapshot_cik,1995-03-30,2026-07-21
CIK0000033213,33213,EQT,EQT,EQT Corporation,2008-12-19,2018-11-13,EQT completed the corporate spin-off of ETRN.,fja_orig(norgate),EQT:2009-03..2018-10,norgate_symbol(last_or_2019_ticker),EQT,index_add,index_remove,high,sec_ticker+wiki_snapshot_cik,1994-03-24,2026-07-22
CIK0000033213,33213,EQT,EQT,EQT Corporation,2022-10-03,,,fja_updated,EQT:2022-10..2026-09,wikipedia_snapshot,EQT,index_add,current,high,sec_ticker+wiki_current_cik+wiki_snapshot_cik,2018-07-26,2026-07-22
CIK0000034088,34088,XOM,XOM,ExxonMobil,1996-01-02,,,fja_orig(norgate),XOM:2007-03..2026-09,"wikipedia_first_observed(2007+),backfilled",XOM,index_add,current,high,wiki_snapshot_cik,1994-03-11,2026-08-03
CIK0000034408,34408,FDO,,Family Dollar Stores,2001-08-06,2015-07-07,Family Dollar was acquired.,fja_orig(norgate),FDO:2007-03..2015-06,"wikipedia_first_observed(2007+),backfilled",FDO-201507,index_add,index_remove,high,wiki_snapshot_cik,1999-01-12,2015-07-01
CIK0000034903,34903,FRT,FRT,Federal Realty Investment Trust,2016-02-01,,,fja_orig(norgate),FRT:2016-02..2026-09,wikipedia_snapshot,FRT,index_add,current,high,sec_ticker+wiki_current_cik+wiki_snapshot_cik,2006-11-06,2026-07-31
CIK0000035527,35527,FITB,FITB,Fifth Third Bancorp,1996-03-08,,,fja_orig(norgate),FITB:2007-03..2026-09,"wikipedia_first_observed(2007+),backfilled",FITB,index_add,current,high,sec_ticker+wiki_current_cik+wiki_snapshot_cik,1994-02-17,2026-08-04
CIK0000036104,36104,USB,USB,U.S. Bancorp,1999-01-04,,,fja_orig(norgate),USB:2007-03..2026-09,"wikipedia_first_observed(2007+),backfilled",USB,index_add,current,high,name_of_ticker_holder+sec_ticker+wiki_current_cik+wiki_snapshot_cik,1994-03-01,2026-08-06
CIK0000036270,36270,MTB,MTB,M&T Bank,2004-02-27,,,fja_orig(norgate),MTB:2007-03..2026-09,"wikipedia_first_observed(2007+),backfilled",MTB,index_add,current,high,sec_ticker+wiki_current_cik+wiki_snapshot_cik,1994-03-18,2026-08-04
CIK0000036966,36966,FHN,FHN,First Horizon National,2002-05-06,2013-06-24,Pfizer completed the corporate spin-off of Zoetis.,fja_orig(norgate),FHN:2007-03..2013-05,"wikipedia_first_observed(2007+),backfilled",FHN,index_add,index_remove,high,sec_ticker,1994-03-08,2026-08-06
CIK0000036995,36995,WB,,Wachovia Corp. (New),1996-01-02,2009-01-02,Wachovia Bank was acquired by Wells Fargo.,fja_orig(norgate),WB:2007-03..2008-12,"wikipedia_first_observed(2007+),backfilled",WB-200812,index_add,index_remove,high,analyst_hypothesis+name,1994-03-08,2008-10-30
CIK0000037748,37748,MEE,,"Alpha Appalachia Holdings, Inc.",1996-01-02,2000-12-22,,fja_orig(norgate),,norgate_symbol(last_or_2019_ticker),MEE-201106,index_add,index_remove,medium,analyst_hypothesis,1994-01-28,2011-05-10
CIK0000037748,37748,MEE,,Massey Energy Company,2008-06-23,2011-06-02,Alpha Natural Resources acquired Massey Energy.,fja_orig(norgate),MEE:2008-08..2011-05,norgate_symbol(last_or_2019_ticker),MEE-201106,index_add,index_remove,high,analyst_hypothesis+name,2006-03-16,2011-05-10
CIK0000037785,37785,FMC,FMC,FMC CORP,1996-01-02,2002-01-02,,fja_orig(norgate),,norgate_symbol(last_or_2019_ticker),FMC,index_add,index_remove,medium,name_of_ticker_holder+same_norgate_key+sec_ticker,1994-03-31,2026-07-30
CIK0000037785,37785,FMC,FMC,FMC Corporation,2009-08-19,2025-03-24,Market capitalization changes.,fja_orig(norgate)+fja_updated,FMC:2009-10..2025-02,norgate_symbol(last_or_2019_ticker),FMC,index_add,index_remove,high,sec_ticker+wiki_snapshot_cik,1994-03-31,2026-07-30
CIK0000037996,37996,F,F,Ford Motor Company,1996-01-02,,,fja_orig(norgate),F:2007-03..2026-09,"wikipedia_first_observed(2007+),backfilled",F,index_add,current,high,sec_ticker+wiki_current_cik+wiki_snapshot_cik,1994-03-21,2026-07-29
CIK0000038074,38074,FRX,,Forest Laboratories,2000-11-22,2014-07-01,Actavis acquired Forest Laboratories.,fja_orig(norgate),FRX:2007-03..2014-05,"wikipedia_first_observed(2007+),backfilled",FRX-201406,index_add,index_remove,high,wiki_snapshot_cik,1994-02-14,2014-06-30
CIK0000038321,38321,FWLT,,FOSTER WHEELER CORP,1996-01-02,2000-01-31,,fja_orig(norgate),,norgate_symbol(last_or_2019_ticker),FWLT-201412,index_add,index_remove,medium,analyst_hypothesis,1994-03-25,2001-05-14
CIK0000038777,38777,BEN,BEN,Franklin Resources,1998-04-29,,,fja_orig(norgate),BEN:2007-03..2026-09,"wikipedia_first_observed(2007+),backfilled",BEN,index_add,current,high,sec_ticker+wiki_current_cik+wiki_snapshot_cik,1996-05-14,2026-07-31
CIK0000039899,39899,GCI,,"Tegna, Inc.",1996-01-02,2017-06-02,TGNA completed the corporate spin-off of Cars.com.,fja_orig(norgate),GCI:2007-03..2015-05;TGNA:2015-06..2017-05,"wikipedia_first_observed(2007+),backfilled",TGNA,index_add,index_remove,high,wiki_snapshot_cik,1994-03-22,2026-03-02
CIK0000039911,39911,GPS,GAP,Gap,1996-01-02,2022-02-02,Market capitalization changes.,fja_orig(norgate)+fja_updated,GPS:2007-03..2022-01,"wikipedia_first_observed(2007+),backfilled",GPS,index_add,index_remove,high,wiki_snapshot_cik,1994-04-22,2026-08-28
CIK0000040493,40493,H,,HARCOURT GENERAL INC,1996-01-02,2001-06-29,,fja_orig(norgate),,norgate_symbol(last_or_2019_ticker),H-200107,index_add,index_remove,medium,analyst_hypothesis,1994-01-28,2001-06-14
CIK0000040533,40533,GD,GD,General Dynamics,1996-01-02,,,fja_orig(norgate),GD:2007-03..2026-09,"wikipedia_first_observed(2007+),backfilled",GD,index_add,current,high,sec_ticker+wiki_current_cik+wiki_snapshot_cik,1994-03-29,2026-07-29
CIK0000040545,40545,GE,GE,GE Aerospace,1996-01-02,,,fja_orig(norgate),GE:2007-03..2026-09,"wikipedia_first_observed(2007+),backfilled",GE,index_add,current,high,sec_ticker+wiki_current_cik+wiki_snapshot_cik,1994-03-11,2026-07-16
CIK0000040704,40704,GIS,GIS,General Mills,1996-01-02,,,fja_orig(norgate),GIS:2007-03..2026-09,"wikipedia_first_observed(2007+),backfilled",GIS,index_add,current,high,sec_ticker+wiki_current_cik+wiki_snapshot_cik,1994-01-11,2026-09-23
CIK0000040730,40730,GM,,General Motors,1996-01-02,2009-06-03,,fja_orig(norgate),GM:2007-03..2009-05,"wikipedia_first_observed(2007+),backfilled",MTLQQ-201103,index_add,index_remove,high,analyst_hypothesis+name,1994-03-29,2021-02-12
CIK0000040779,40779,GPU,,GPU INC /PA/,1996-01-02,2001-11-07,,fja_orig(norgate),,norgate_symbol(last_or_2019_ticker),GPU-200111,index_add,index_remove,medium,analyst_hypothesis,1994-03-10,2001-08-07
CIK0000040858,40858,GTE,,GTE CORP,1996-01-02,2000-07-03,,fja_orig(norgate),,norgate_symbol(last_or_2019_ticker),GTE-200006,index_add,index_remove,medium,analyst_hypothesis,1994-03-15,2000-05-12
CIK0000040987,40987,GPC,GPC,Genuine Parts Company,1996-01-02,,,fja_orig(norgate),GPC:2007-03..2026-09,"wikipedia_first_observed(2007+),backfilled",GPC,index_add,current,high,sec_ticker+wiki_current_cik+wiki_snapshot_cik,1994-03-24,2026-07-21
CIK0000041077,41077,GP,,GEORGIA PACIFIC CORP,1996-01-02,2005-12-20,,fja_orig(norgate),,norgate_symbol(last_or_2019_ticker),GP-200512,index_add,index_remove,medium,analyst_hypothesis,1994-03-24,2005-10-27
CIK0000041499,41499,G,,GILLETTE CO,1996-01-02,2005-10-03,,fja_orig(norgate),,norgate_symbol(last_or_2019_ticker),G-200509,index_add,index_remove,medium,analyst_hypothesis,1994-03-24,2005-08-04
CIK0000042246,42246,MIR,,MIRAGE RESORTS INC,1997-08-07,2000-06-01,,fja_orig(norgate),,norgate_symbol(last_or_2019_ticker),MIR-200005,index_add,index_remove,medium,analyst_hypothesis,1994-03-31,2000-05-04
CIK0000042293,42293,GDW,,GOLDEN WEST FINANCIAL CORP /DE/,1996-01-02,2006-10-02,,fja_orig(norgate),,norgate_symbol(last_or_2019_ticker),GDW-200609,index_add,index_remove,medium,analyst_hypothesis,1994-03-24,2006-08-03
CIK0000042542,42542,GR,,Goodrich Corporation,1996-01-02,2012-07-27,Goodrich was acquired by United Technologies.,fja_orig(norgate),GR:2007-03..2012-06,"wikipedia_first_observed(2007+),backfilled",GR-201207,index_add,index_remove,high,name,1995-02-22,2012-04-26
CIK0000042582,42582,GT,GT,Goodyear Tire & Rubber,1996-01-02,2019-02-27,Wabtec acquired GE transportation business,fja_orig(norgate)+fja_updated,GT:2007-03..2019-01,"wikipedia_first_observed(2007+),backfilled",GT,index_add,index_remove,high,sec_ticker+wiki_snapshot_cik,1995-03-27,2026-08-06
CIK0000043300,43300,GAPTQ,,GREAT ATLANTIC & PACIFIC TEA CO INC,1996-01-02,2000-08-30,,fja_orig(norgate),,norgate_symbol(last_or_2019_ticker),GAPTQ-201203,index_add,index_remove,medium,analyst_hypothesis,1994-01-18,2012-01-17
CIK0000043350,43350,TEN,,Gas Natural Inc.,1996-01-02,1999-11-05,,fja_orig(norgate),,norgate_symbol(last_or_2019_ticker),TEN,index_add,index_remove,low,name_of_ticker_holder,1995-05-15,2017-08-09
CIK0000043362,43362,GLK,,GREAT LAKES CHEMICAL CORP,1996-01-02,2005-07-05,Great Lakes Chemical was acquired by Crompton Corp.,fja_orig(norgate),,norgate_symbol(last_or_2019_ticker),GLK-200507,index_add,index_remove,high,name,1994-03-30,2005-05-06
CIK0000045012,45012,HAL,HAL,Halliburton,1996-01-02,,,fja_orig(norgate),HAL:2007-03..2026-09,"wikipedia_first_observed(2007+),backfilled",HAL,index_add,current,high,sec_ticker+wiki_current_cik+wiki_snapshot_cik,1994-03-11,2026-07-24
CIK0000046080,46080,HAS,HAS,Hasbro,1996-01-02,,,fja_orig(norgate),HAS:2007-03..2026-09,"wikipedia_first_observed(2007+),backfilled",HAS,index_add,current,high,sec_ticker+wiki_current_cik+wiki_snapshot_cik,1994-03-28,2026-07-30
CIK0000046640,46640,HNZ,,Heinz (H.J.),1996-01-02,2013-06-07,HNZ was acquired by a consortium.,fja_orig(norgate),HNZ:2007-03..2013-05,"wikipedia_first_observed(2007+),backfilled",HNZ-201306,index_add,index_remove,high,name,1994-03-14,2014-03-07
CIK0000046765,46765,HP,HP,"Helmerich & Payne, Inc.",1996-01-02,1999-12-31,,fja_orig(norgate),,norgate_symbol(last_or_2019_ticker),HP,index_add,index_remove,medium,name_of_ticker_holder+same_norgate_key+sec_ticker,1994-02-14,2026-08-06
CIK0000046765,46765,HP,HP,Helmerich & Payne,2010-03-01,2020-05-22,Market capitalization changes.,fja_orig(norgate)+fja_updated,HP:2010-04..2020-04,norgate_symbol(last_or_2019_ticker),HP,index_add,index_remove,high,sec_ticker+wiki_snapshot_cik,1994-02-14,2026-08-06
CIK0000046989,46989,HPC,,Hercules Inc.,1996-01-02,2008-11-14,,fja_orig(norgate),HPC:2007-03..2008-10,"wikipedia_first_observed(2007+),backfilled",HPC-200811,index_add,index_remove,high,name,1994-03-29,2008-10-28
CIK0000047111,47111,HSY,HSY,Hershey Company (The),1996-01-02,,,fja_orig(norgate),HSY:2007-03..2026-09,"wikipedia_first_observed(2007+),backfilled",HSY,index_add,current,high,sec_ticker+wiki_current_cik+wiki_snapshot_cik,1994-03-11,2026-07-30
CIK0000047217,47217,HPQ,HPQ,HP Inc.,1996-01-02,,,fja_orig(norgate),HPQ:2007-03..2026-09,"wikipedia_first_observed(2007+),backfilled",HPQ,index_add,current,high,sec_ticker+wiki_current_cik+wiki_snapshot_cik,1994-01-28,2026-08-27
CIK0000047580,47580,HLT,,Hilton Hotels,1996-01-02,2007-10-25,,fja_orig(norgate),HLT:2007-03..2007-09,"wikipedia_first_observed(2007+),backfilled",HLT-200710,index_add,index_remove,high,name,1994-03-29,2007-08-07
CIK0000048039,48039,HFC,,HollyFrontier Corp,2018-06-18,2021-06-04,Market capitalization changes.,fja_orig(norgate)+fja_updated,HFC:2018-06..2021-05,wikipedia_snapshot,HFC,index_add,index_remove,high,wiki_snapshot_cik,2010-05-07,2022-04-28
CIK0000048465,48465,HRL,HRL,Hormel Foods,2009-03-04,,,fja_orig(norgate),HRL:2009-04..2026-09,norgate_symbol(last_or_2019_ticker),HRL,index_add,current,high,sec_ticker+wiki_current_cik+wiki_snapshot_cik,1994-03-15,2026-08-27
CIK0000048898,48898,HUBB,HUBB,Hubbell Incorporated,2023-10-18,,,fja_updated,HUBB:2023-10..2026-09,wikipedia_snapshot,HUBB,index_add,current,high,sec_ticker+wiki_current_cik+wiki_snapshot_cik,2016-02-18,2026-07-29
CIK0000049071,49071,HUM,HUM,Humana,1996-01-02,,,fja_orig(norgate),HUM:2007-03..2026-09,"wikipedia_first_observed(2007+),backfilled",HUM,index_add,current,high,sec_ticker+wiki_current_cik+wiki_snapshot_cik,1994-03-29,2026-07-29
CIK0000049196,49196,HBAN,HBAN,Huntington Bancshares,1997-08-06,,,fja_orig(norgate),HBAN:2007-03..2026-09,"wikipedia_first_observed(2007+),backfilled",HBAN,index_add,current,high,sec_ticker+wiki_current_cik+wiki_snapshot_cik,1995-03-01,2026-07-28
CIK0000049826,49826,ITW,ITW,Illinois Tool Works,1996-01-02,,,fja_orig(norgate),ITW:2007-03..2026-09,"wikipedia_first_observed(2007+),backfilled",ITW,index_add,current,high,sec_ticker+wiki_current_cik+wiki_snapshot_cik,1994-03-30,2026-08-06
CIK0000049996,49996,INCLF,,INCO LTD,1996-01-02,2002-07-22,,fja_orig(norgate),,norgate_symbol(last_or_2019_ticker),INCLF-200701,index_add,index_remove,medium,analyst_hypothesis,2001-10-25,2006-10-23
CIK0000050104,50104,ANDV,,Andeavor,2007-09-27,2018-10-01,ANDV was acquired by Marathon Petroleum.,fja_orig(norgate),TSO:2008-01..2017-07;ANDV:2017-08..2018-09,norgate_symbol(last_or_2019_ticker),ANDV-201809,index_add,index_remove,high,wiki_snapshot_cik,1994-03-30,2018-08-07
CIK0000050341,50341,FBF,,FLEETBOSTON FINANCIAL CORP,1996-01-02,2004-04-01,,fja_orig(norgate),,norgate_symbol(last_or_2019_ticker),FBF-200403,index_add,index_remove,medium,analyst_hypothesis,1994-03-30,2004-03-02
CIK0000050863,50863,INTC,INTC,Intel,1996-01-02,,,fja_orig(norgate),INTC:2007-03..2026-09,"wikipedia_first_observed(2007+),backfilled",INTC,index_add,current,high,sec_ticker+wiki_current_cik+wiki_snapshot_cik,1994-03-25,2026-07-24
CIK0000051143,51143,IBM,IBM,IBM,1996-01-02,,,fja_orig(norgate),IBM:2007-03..2026-09,"wikipedia_first_observed(2007+),backfilled",IBM,index_add,current,high,sec_ticker+wiki_current_cik+wiki_snapshot_cik,1994-03-28,2026-07-23
CIK0000051253,51253,IFF,IFF,International Flavors & Fragrances,1996-01-02,,,fja_orig(norgate),IFF:2007-03..2026-09,"wikipedia_first_observed(2007+),backfilled",IFF,index_add,current,high,sec_ticker+wiki_current_cik+wiki_snapshot_cik,1994-05-13,2026-08-04
CIK0000051396,51396,MKG,,MALLINCKRODT INC /MO,1996-01-02,2000-10-18,,fja_orig(norgate),,norgate_symbol(last_or_2019_ticker),MKG-200010,index_add,index_remove,medium,analyst_hypothesis,1994-02-11,2000-08-28
CIK0000051434,51434,IP,IP,International Paper,1996-01-02,,,fja_orig(norgate),IP:2007-03..2026-09,"wikipedia_first_observed(2007+),backfilled",IP,index_add,current,high,sec_ticker+wiki_current_cik+wiki_snapshot_cik,1994-03-31,2026-08-05
CIK0000051644,51644,IPG,,Interpublic Group of Companies (The),1996-01-02,2025-11-28,Omnicom Group acquired (The) Interpublic Group.,fja_orig(norgate)+fja_updated,IPG:2007-03..2025-10,"wikipedia_first_observed(2007+),backfilled",IPG,index_add,index_remove,high,wiki_snapshot_cik,1994-03-30,2025-11-10
CIK0000052988,52988,JEC,J,Jacobs Solutions,2007-10-26,,,fja_orig(norgate)+fja_updated,JEC:2008-01..2019-11;J:2019-12..2026-09,norgate_symbol(last_or_2019_ticker),"JEC,J",index_add,current,high,wiki_snapshot_cik,2015-07-31,2026-08-04
CIK0000053117,53117,FJ,,FORT JAMES CORP,1996-01-02,2000-11-24,,fja_orig(norgate),,norgate_symbol(last_or_2019_ticker),FJ-200011,index_add,index_remove,medium,analyst_hypothesis,1994-03-28,2000-11-03
CIK0000053347,53347,JP,,JEFFERSON PILOT CORP,1996-01-02,2006-04-03,,fja_orig(norgate),,norgate_symbol(last_or_2019_ticker),JP-200603,index_add,index_remove,medium,analyst_hypothesis,1994-03-31,2006-05-01
CIK0000053669,53669,JCI,,Johnson Controls,1996-01-02,2016-09-06,,fja_orig(norgate),JCI:2007-03..2016-08,"wikipedia_first_observed(2007+),backfilled",JCI-201609,index_add,index_remove,high,wiki_snapshot_cik,1995-02-13,2016-11-23
CIK0000054050,54050,JOS,,JOSTENS INC,1996-01-02,2000-05-10,,fja_orig(norgate),,norgate_symbol(last_or_2019_ticker),JOS-200005,index_add,index_remove,medium,analyst_hypothesis,1994-02-14,2004-08-17
CIK0000054480,54480,KSU,,KANSAS CITY SOUTHERN,1999-04-05,2000-07-13,,fja_orig(norgate),,norgate_symbol(last_or_2019_ticker),KSU,index_add,index_remove,medium,analyst_hypothesis+same_norgate_key,1994-03-22,2023-02-28
CIK0000054480,54480,KSU,,Kansas City Southern,2013-05-24,2021-12-14,Canadian Pacific acquired Kansas City Southern.,fja_orig(norgate)+fja_updated,KSU:2013-05..2021-11,wikipedia_snapshot,KSU,index_add,index_remove,high,wiki_snapshot_cik,1994-03-22,2023-02-28
CIK0000054502,54502,KMI,,Kinder Morgan,2000-12-12,2007-05-31,,fja_orig(norgate),KMI:2007-03..2007-04,"wikipedia_first_observed(2007+),backfilled",KMI-200705,index_add,index_remove,high,name,1994-03-23,2010-11-05
CIK0000055067,55067,K,,Kellanova,1996-01-02,2025-12-11,Mars Inc. acquired Kellanova.,fja_orig(norgate)+fja_updated,K:2007-03..2025-11,"wikipedia_first_observed(2007+),backfilled",K,index_add,index_remove,high,wiki_snapshot_cik,1994-03-29,2025-10-30
CIK0000055785,55785,KMB,KMB,Kimberly-Clark,1996-01-02,,,fja_orig(norgate),KMB:2007-03..2026-09,"wikipedia_first_observed(2007+),backfilled",KMB,index_add,current,high,sec_ticker+wiki_current_cik+wiki_snapshot_cik,1994-03-24,2026-08-04
CIK0000056824,56824,KM,,KMART CORP,1996-01-02,2002-01-17,,fja_orig(norgate),,norgate_symbol(last_or_2019_ticker),KM-200212,index_add,index_remove,medium,analyst_hypothesis,1994-04-26,2003-03-24
CIK0000056873,56873,KR,KR,Kroger,1996-01-02,,,fja_orig(norgate),KR:2007-03..2026-09,"wikipedia_first_observed(2007+),backfilled",KR,index_add,current,high,sec_ticker+wiki_current_cik+wiki_snapshot_cik,1994-03-11,2026-09-18
CIK0000058492,58492,LEG,,Leggett & Platt,1999-10-18,2021-12-20,Market capitalization changes.,fja_orig(norgate)+fja_updated,LEG:2007-03..2021-11,"wikipedia_first_observed(2007+),backfilled",LEG,index_add,index_remove,high,wiki_snapshot_cik,1994-03-29,2026-08-06
CIK0000059478,59478,LLY,LLY,Lilly (Eli),1996-01-02,,,fja_orig(norgate),LLY:2007-03..2026-09,"wikipedia_first_observed(2007+),backfilled",LLY,index_add,current,high,sec_ticker+wiki_current_cik+wiki_snapshot_cik,1994-03-25,2026-08-05
CIK0000059558,59558,LNC,LNC,Lincoln Financial,1996-01-02,2023-09-18,Market capitalization changes.,fja_orig(norgate)+fja_updated,LNC:2007-03..2023-08,"wikipedia_first_observed(2007+),backfilled",LNC,index_add,index_remove,high,sec_ticker+wiki_snapshot_cik,1994-03-30,2026-07-30
CIK0000060086,60086,LTR,L,Loews Corporation,1996-01-02,,,fja_orig(norgate),LTR:2007-03..2008-07;L:2008-08..2026-09,"wikipedia_first_observed(2007+),backfilled",L,index_add,current,high,sec_ticker+wiki_current_cik+wiki_snapshot_cik,1994-03-25,2026-08-03
CIK0000060519,60519,LPX,LPX,LOUISIANA-PACIFIC CORP,1996-01-02,2006-11-10,,fja_orig(norgate),,norgate_symbol(last_or_2019_ticker),LPX,index_add,index_remove,medium,name_of_ticker_holder+sec_ticker,1994-03-30,2026-08-05
CIK0000060667,60667,LOW,LOW,Lowe's,1996-01-02,,,fja_orig(norgate),LOW:2007-03..2026-09,"wikipedia_first_observed(2007+),backfilled",LOW,index_add,current,high,sec_ticker+wiki_current_cik+wiki_snapshot_cik,1994-05-03,2026-08-27
CIK0000061478,61478,ADCT,,ADC Telecommunications,1999-08-02,2007-07-02,Discover Financial Services was listed on New York Stock Exchange.,fja_orig(norgate),ADCT:2007-03..2007-06,"wikipedia_first_observed(2007+),backfilled",ADCT-201012,index_add,index_remove,high,name,1994-01-12,2010-11-23
CIK0000061986,61986,MTW,MTW,Manitowoc Co.,2007-11-16,2009-09-01,,fja_orig(norgate),MTW:2008-01..2009-08,norgate_symbol(last_or_2019_ticker),MTW,index_add,index_remove,high,sec_ticker,1994-02-14,2026-08-07
CIK0000062709,62709,MMC,MRSH,Marsh McLennan,1996-01-02,,,fja_orig(norgate)+fja_updated,MMC:2007-03..2025-12;MRSH:2026-01..2026-09,"wikipedia_first_observed(2007+),backfilled","MMC,MRSH",index_add,current,high,wiki_snapshot_cik,2018-04-27,2026-07-21
CIK0000062996,62996,MAS,MAS,Masco,1996-01-02,,,fja_orig(norgate),MAS:2007-03..2026-09,"wikipedia_first_observed(2007+),backfilled",MAS,index_add,current,high,sec_ticker+wiki_current_cik+wiki_snapshot_cik,1994-03-25,2026-07-29
CIK0000063276,63276,MAT,MAT,Mattel Inc.,1996-01-02,2019-06-07,Merger of Bemis and Amcor; Bemis was the surviving entity.,fja_orig(norgate)+fja_updated,MAT:2007-03..2019-05,"wikipedia_first_observed(2007+),backfilled",MAT,index_add,index_remove,high,sec_ticker+wiki_snapshot_cik,1994-03-25,2026-08-06
CIK0000063416,63416,MAY,,MAY DEPARTMENT STORES CO,1996-01-02,2005-08-29,,fja_orig(norgate),,norgate_symbol(last_or_2019_ticker),MAY-200508,index_add,index_remove,medium,analyst_hypothesis,1994-04-20,2005-08-30
CIK0000063541,63541,MYG,,MAYTAG CORP,1996-01-02,2006-04-03,,fja_orig(norgate),,norgate_symbol(last_or_2019_ticker),MYG-200603,index_add,index_remove,medium,analyst_hypothesis,1994-03-31,2006-02-10
CIK0000063754,63754,MKC,MKC,McCormick & Company,2003-03-21,,,fja_orig(norgate),MKC:2007-03..2026-09,"wikipedia_first_observed(2007+),backfilled",MKC,index_add,current,high,sec_ticker+wiki_current_cik+wiki_snapshot_cik,1994-02-22,2026-06-25
CIK0000063908,63908,MCD,MCD,McDonald's,1996-01-02,,,fja_orig(norgate),MCD:2007-03..2026-09,"wikipedia_first_observed(2007+),backfilled",MCD,index_add,current,high,sec_ticker+wiki_current_cik+wiki_snapshot_cik,1994-03-29,2026-08-07
CIK0000064040,64040,MHP,SPGI,S&P Global,1996-01-02,,,fja_orig(norgate),MHP:2007-03..2013-04;MHFI:2013-05..2016-04;SPGI:2016-05..2026-09,"wikipedia_first_observed(2007+),backfilled",SPGI,index_add,current,high,sec_ticker+wiki_current_cik+wiki_snapshot_cik,1994-03-30,2026-07-28
CIK0000064394,64394,MEA,,MEAD CORP,1996-01-02,2002-01-30,,fja_orig(norgate),,norgate_symbol(last_or_2019_ticker),MEA-200201,index_add,index_remove,medium,analyst_hypothesis,1994-03-14,2001-12-21
CIK0000064782,64782,MEL,,Mellon Bank Corp.,1996-01-02,2007-07-02,,fja_orig(norgate),MEL:2007-03..2007-06,"wikipedia_first_observed(2007+),backfilled",MEL-200706,index_add,index_remove,high,name,1994-03-31,2007-05-04
CIK0000064803,64803,CVS,CVS,CVS Health,1996-01-02,,,fja_orig(norgate),CVS:2007-03..2026-09,"wikipedia_first_observed(2007+),backfilled",CVS,index_add,current,high,sec_ticker+wiki_current_cik+wiki_snapshot_cik,1994-03-31,2026-08-05
CIK0000065011,65011,MDP,,Meredith Corp.,1996-01-02,2011-01-04,Motorola completed the corporate spin-off of Motorola Mobility.,fja_orig(norgate),MDP:2007-03..2010-12,"wikipedia_first_observed(2007+),backfilled",MDP,index_add,index_remove,high,name,1994-02-10,2021-11-12
CIK0000065100,65100,MER,,Merrill Lynch,1996-01-02,2009-01-02,,fja_orig(norgate),MER:2007-03..2008-12,"wikipedia_first_observed(2007+),backfilled",MER-200812,index_add,index_remove,high,name,1994-03-30,2013-08-02
CIK0000065873,65873,AT,,ALLTEL Corp.,1996-01-02,2007-11-19,,fja_orig(norgate),AT:2007-03..2007-10,"wikipedia_first_observed(2007+),backfilled",AT-200711,index_add,index_remove,high,name,1994-02-18,2008-11-04
CIK0000065984,65984,ETR,ETR,Entergy,1996-01-02,,,fja_orig(norgate),ETR:2007-03..2026-09,"wikipedia_first_observed(2007+),backfilled",ETR,index_add,current,high,sec_ticker+wiki_current_cik+wiki_snapshot_cik,1994-05-16,2026-07-31
CIK0000066479,66479,MIL,,Millipore Corp.,1996-01-02,2010-07-15,Millipore was acquired by Merck KGaA.,fja_orig(norgate),MIL:2007-03..2010-06,"wikipedia_first_observed(2007+),backfilled",MIL-201007,index_add,index_remove,high,name,1994-03-28,2010-05-12
CIK0000066740,66740,MMM,MMM,3M,1996-01-02,,,fja_orig(norgate),MMM:2007-03..2026-09,"wikipedia_first_observed(2007+),backfilled",MMM,index_add,current,high,sec_ticker+wiki_current_cik+wiki_snapshot_cik,1993-08-13,2026-07-21
CIK0000067472,67472,MOLX,,Molex Inc.,1999-12-01,2013-12-09,MOLX was acquired by Koch Industries.,fja_orig(norgate),MOLX:2007-03..2013-11,"wikipedia_first_observed(2007+),backfilled",MOLX-201312,index_add,index_remove,high,name,1994-02-11,2013-10-24
CIK0000067686,67686,PHA,,PHARMACIA CORP /DE/,1996-01-02,2003-04-16,,fja_orig(norgate),,norgate_symbol(last_or_2019_ticker),PHA-200304,index_add,index_remove,medium,analyst_hypothesis,1994-03-15,2003-03-25
CIK0000068100,68100,JPM,,MORGAN J P & CO INC,1996-01-02,2001-01-02,,fja_orig(norgate),,norgate_symbol(last_or_2019_ticker),JPM-200012,index_add,index_remove,medium,analyst_hypothesis,1995-01-17,2000-11-14
CIK0000068505,68505,MOT,MSI,Motorola Solutions,1996-01-02,,,fja_orig(norgate),MOT:2007-03..2011-02;MSI:2011-03..2026-09,"wikipedia_first_observed(2007+),backfilled",MSI,index_add,current,high,sec_ticker+wiki_current_cik+wiki_snapshot_cik,1994-03-28,2026-08-05
CIK0000068622,68622,USW,CTGG,QWEST CORP,1996-01-02,2000-07-03,,fja_orig(norgate),,norgate_symbol(last_or_2019_ticker),USW-200006,index_add,index_remove,medium,analyst_hypothesis,1994-03-30,2026-05-05
CIK0000068622,68622,Q,CTGG,Qwest Communications Int,2000-07-06,2011-04-01,Qwest was acquired by CenturyLink.,fja_orig(norgate),Q:2007-03..2011-03,"wikipedia_first_observed(2007+),backfilled",Q-201103,index_add,index_remove,high,name,1994-03-30,2026-05-05
CIK0000069970,69970,NCC,,National City Corp.,1996-01-02,2009-01-02,,fja_orig(norgate),NCC:2007-03..2008-12,"wikipedia_first_observed(2007+),backfilled",NCC-200812,index_add,index_remove,high,name,1994-01-31,2008-11-06
CIK0000070318,70318,THC,THC,Tenet Healthcare Corp.,1996-01-02,2016-04-18,,fja_orig(norgate),THC:2007-03..2016-03,"wikipedia_first_observed(2007+),backfilled",THC,index_add,index_remove,high,sec_ticker+wiki_snapshot_cik,1994-01-14,2026-07-29
CIK0000070530,70530,NSM,,National Semiconductor,1996-01-02,2011-09-26,National Semi was acquired by Texas Instruments.,fja_orig(norgate),NSM:2007-03..2011-08,"wikipedia_first_observed(2007+),backfilled",NSM-201109,index_add,index_remove,high,name,1994-03-18,2011-07-27
CIK0000070538,70538,NSI,,NATIONAL SERVICE INDUSTRIES INC,1996-01-02,2001-12-03,,fja_orig(norgate),,norgate_symbol(last_or_2019_ticker),NSI-200306,index_add,index_remove,medium,analyst_hypothesis,1994-01-13,2003-04-10
CIK0000070858,70858,BAC,BAC,Bank of America,1996-01-02,,,fja_orig(norgate),BAC:2007-03..2026-09,"wikipedia_first_observed(2007+),backfilled",BAC,index_add,current,high,sec_ticker+wiki_current_cik+wiki_snapshot_cik,1994-03-30,2026-07-31
CIK0000070866,70866,NCR,VYX,NCR Corp.,2000-01-04,2007-10-01,NCR Corporation completed the corporate spin-off of Teradata.,fja_orig(norgate),NCR:2007-03..2007-09,"wikipedia_first_observed(2007+),backfilled",NCR,index_add,index_remove,high,name,1997-03-19,2026-08-05
CIK0000071691,71691,NYT,NYT,New York Times Cl. A,1996-01-02,2010-12-20,Market capitalization changes.,fja_orig(norgate),NYT:2007-03..2010-11,"wikipedia_first_observed(2007+),backfilled",NYT,index_add,index_remove,high,sec_ticker,1994-03-21,2026-08-05
CIK0000072020,72020,GAS,,NICOR Inc.,1996-01-02,2011-12-12,"Nicor was acquired by AGL, which retained the GAS ticker.",fja_orig(norgate),GAS:2007-03..2011-11,"wikipedia_first_observed(2007+),backfilled",GAS-201112,index_add,index_remove,high,name,1994-03-24,2011-11-01
CIK0000072207,72207,NBL,,Noble Energy,2007-10-08,2020-10-12,Chevron acquired Noble Energy.,fja_orig(norgate)+fja_updated,NBL:2008-01..2020-09,norgate_symbol(last_or_2019_ticker),NBL,index_add,index_remove,high,wiki_snapshot_cik,1994-03-30,2020-08-03
CIK0000072331,72331,NDSN,NDSN,Nordson Corporation,2022-02-15,,,fja_updated,NDSN:2022-02..2026-09,wikipedia_snapshot,NDSN,index_add,current,high,sec_ticker+wiki_current_cik+wiki_snapshot_cik,2015-12-15,2026-08-20
CIK0000072333,72333,JWN,,Nordstrom,1996-01-02,2020-06-22,Market capitalization changes.,fja_orig(norgate)+fja_updated,JWN:2007-03..2020-05,"wikipedia_first_observed(2007+),backfilled",JWN,index_add,index_remove,high,wiki_snapshot_cik,1994-03-31,2025-03-21
CIK0000072741,72741,ES,ES,Eversource Energy,2009-03-17,,,fja_orig(norgate),NU:2009-04..2015-01;ES:2015-02..2026-09,norgate_symbol(last_or_2019_ticker),ES,index_add,current,high,sec_ticker+wiki_current_cik+wiki_snapshot_cik,1994-03-25,2026-08-03
CIK0000072903,72903,XEL,XEL,Xcel Energy,1996-01-02,,,fja_orig(norgate),XEL:2007-03..2026-09,"wikipedia_first_observed(2007+),backfilled",XEL,index_add,current,high,sec_ticker+wiki_current_cik+wiki_snapshot_cik,1994-01-25,2026-07-30
CIK0000072911,72911,NRTLQ,,NORTEL NETWORKS CORP,1996-01-02,2002-07-22,,fja_orig(norgate),,norgate_symbol(last_or_2019_ticker),NRTLQ-201510,index_add,index_remove,medium,analyst_hypothesis,2000-11-07,2012-08-10
CIK0000072971,72971,WFC,WFC,Wells Fargo,1996-01-02,,,fja_orig(norgate),WFC:2007-03..2026-09,"wikipedia_first_observed(2007+),backfilled",WFC,index_add,current,high,sec_ticker+wiki_current_cik+wiki_snapshot_cik,1996-03-07,2026-07-28
CIK0000073124,73124,NTRS,NTRS,Northern Trust,1998-01-30,,,fja_orig(norgate),NTRS:2007-03..2026-09,"wikipedia_first_observed(2007+),backfilled",NTRS,index_add,current,high,sec_ticker+wiki_current_cik+wiki_snapshot_cik,1994-03-15,2026-07-30
CIK0000073309,73309,NUE,NUE,Nucor,1996-01-02,,,fja_orig(norgate),NUE:2007-03..2026-09,"wikipedia_first_observed(2007+),backfilled",NUE,index_add,current,high,sec_ticker+wiki_current_cik+wiki_snapshot_cik,1994-03-24,2026-08-12
CIK0000074091,74091,TOS,,TOSCO CORP,1999-09-20,2001-09-17,,fja_orig(norgate),,norgate_symbol(last_or_2019_ticker),TOS-200109,index_add,index_remove,medium,analyst_hypothesis,1994-03-22,2001-08-13
CIK0000074208,74208,UDR,UDR,"UDR, Inc.",2016-03-07,,,fja_orig(norgate),UDR:2016-03..2026-09,wikipedia_snapshot,UDR,index_add,current,high,sec_ticker+wiki_current_cik+wiki_snapshot_cik,2014-07-29,2026-07-28
CIK0000075234,75234,OWENQ,,"OWENS CORNING SALES, LLC",1996-01-02,2000-10-02,,fja_orig(norgate),,norgate_symbol(last_or_2019_ticker),OWENQ-200610,index_add,index_remove,medium,analyst_hypothesis,1994-03-29,2006-10-25
CIK0000075362,75362,PCAR,PCAR,Paccar,1996-01-02,,,fja_orig(norgate),PCAR:2007-03..2026-09,"wikipedia_first_observed(2007+),backfilled",PCAR,index_add,current,high,sec_ticker+wiki_current_cik+wiki_snapshot_cik,1994-03-24,2026-07-29
CIK0000075677,75677,PKG,PKG,Packaging Corporation of America,2017-07-26,,,fja_orig(norgate),PKG:2017-07..2026-09,wikipedia_snapshot,PKG,index_add,current,high,sec_ticker+wiki_current_cik+wiki_snapshot_cik,2012-08-07,2026-08-07
CIK0000075754,75754,PWJ,,PAINE WEBBER GROUP INC,1999-06-04,2000-11-06,,fja_orig(norgate),,norgate_symbol(last_or_2019_ticker),PWJ-200011,index_add,index_remove,medium,analyst_hypothesis,1994-03-29,2000-11-02
CIK0000075829,75829,PLL,,Pall Corp.,1996-01-02,2015-08-31,Pall was acquired.,fja_orig(norgate),PLL:2007-03..2015-07,"wikipedia_first_observed(2007+),backfilled",PLL-201508,index_add,index_remove,high,wiki_snapshot_cik,1994-03-11,2015-05-21
CIK0000076334,76334,PH,PH,Parker Hannifin,1996-01-02,,,fja_orig(norgate),PH:2007-03..2026-09,"wikipedia_first_observed(2007+),backfilled",PH,index_add,current,high,sec_ticker+wiki_current_cik+wiki_snapshot_cik,1994-02-11,2026-08-21
CIK0000077360,77360,PNR,PNR,Pentair,2012-10-01,,,fja_orig(norgate),PNR:2012-10..2026-09,wikipedia_snapshot,PNR,index_add,current,high,sec_ticker+wiki_current_cik+wiki_snapshot_cik,2003-05-12,2026-07-28
CIK0000077385,77385,PGL,,PEOPLES ENERGY CORP,1996-01-02,2007-02-22,,fja_orig(norgate),,norgate_symbol(last_or_2019_ticker),PGL-200702,index_add,index_remove,medium,analyst_hypothesis,1994-02-11,2007-01-29
CIK0000077449,77449,PBY,,PEP BOYS MANNY MOE & JACK,1996-01-02,2000-04-03,,fja_orig(norgate),,norgate_symbol(last_or_2019_ticker),PBY-201602,index_add,index_remove,medium,analyst_hypothesis,1994-04-22,2015-12-08
CIK0000077476,77476,PEP,PEP,PepsiCo,1996-01-02,,,fja_orig(norgate),PEP:2007-03..2026-09,"wikipedia_first_observed(2007+),backfilled",PEP,index_add,current,high,sec_ticker+wiki_current_cik+wiki_snapshot_cik,1995-03-28,2026-07-09
CIK0000077551,77551,ABI,,Applera Corp-Applied Biosystems Group,1996-01-02,2008-11-24,,fja_orig(norgate),ABI:2007-03..2008-10,"wikipedia_first_observed(2007+),backfilled",ABI-200811,index_add,index_remove,high,analyst_hypothesis+name,1994-02-14,2008-11-06
CIK0000078003,78003,PFE,PFE,Pfizer,1996-01-02,,,fja_orig(norgate),PFE:2007-03..2026-09,"wikipedia_first_observed(2007+),backfilled",PFE,index_add,current,high,sec_ticker+wiki_current_cik+wiki_snapshot_cik,1994-03-25,2026-08-04
CIK0000078066,78066,PD,,PHELPS DODGE CORP,1996-01-02,2007-03-20,,fja_orig(norgate),,norgate_symbol(last_or_2019_ticker),PD-200703,index_add,index_remove,medium,analyst_hypothesis,1994-03-22,2007-03-19
CIK0000078239,78239,PVH,PVH,PVH,2013-02-14,2022-09-19,Market capitalization changes.,fja_orig(norgate)+fja_updated,PVH:2013-02..2022-08,wikipedia_snapshot,PVH,index_add,index_remove,high,sec_ticker+wiki_snapshot_cik,1994-04-29,2026-09-02
CIK0000078814,78814,PBI,PBI,Pitney-Bowes,1996-01-02,2017-03-01,CBOE acquired BATS.,fja_orig(norgate),PBI:2007-03..2017-01,"wikipedia_first_observed(2007+),backfilled",PBI,index_add,index_remove,high,sec_ticker+wiki_snapshot_cik,1994-03-30,2026-07-30
CIK0000078890,78890,BCO,BCO,BRINKS CO,1996-01-02,1996-01-22,,fja_orig(norgate),,norgate_symbol(last_or_2019_ticker),BCO,index_add,index_remove,medium,name_of_ticker_holder+sec_ticker,1994-03-30,2026-08-05
CIK0000079282,79282,BRO,BRO,Brown & Brown,2021-09-20,,,fja_updated,BRO:2021-09..2026-09,wikipedia_snapshot,BRO,index_add,current,high,sec_ticker+wiki_current_cik+wiki_snapshot_cik,2011-03-01,2026-07-27
CIK0000079326,79326,PRD,,PRIMARY PDC INC,1996-01-02,2000-12-12,,fja_orig(norgate),,norgate_symbol(last_or_2019_ticker),PRD-200110,index_add,index_remove,medium,analyst_hypothesis,1994-03-30,2001-08-09
CIK0000079716,79716,PCH,,POTLATCH CORP (OLD),1996-01-02,2001-07-09,,fja_orig(norgate),,norgate_symbol(last_or_2019_ticker),PCH,index_add,index_remove,medium,analyst_hypothesis,1994-03-23,2005-11-09
CIK0000079879,79879,PPG,PPG,PPG Industries,1996-01-02,,,fja_orig(norgate),PPG:2007-03..2026-09,"wikipedia_first_observed(2007+),backfilled",PPG,index_add,current,high,sec_ticker+wiki_current_cik+wiki_snapshot_cik,1994-02-17,2026-07-29
CIK0000079958,79958,PCP,,Precision Castparts,2007-06-01,2016-02-01,,fja_orig(norgate),PCP:2007-06..2015-12,wikipedia_snapshot,PCP-201601,index_add,index_remove,high,wiki_snapshot_cik,2004-11-05,2016-04-08
CIK0000080424,80424,PG,PG,Procter & Gamble,1996-01-02,,,fja_orig(norgate),PG:2007-03..2026-09,"wikipedia_first_observed(2007+),backfilled",PG,index_add,current,high,sec_ticker+wiki_current_cik+wiki_snapshot_cik,1994-02-09,2026-08-04
CIK0000080661,80661,PGR,PGR,Progressive Corporation,1997-08-04,,,fja_orig(norgate),PGR:2007-03..2026-09,"wikipedia_first_observed(2007+),backfilled",PGR,index_add,current,high,sec_ticker+wiki_current_cik+wiki_snapshot_cik,1994-03-29,2026-08-03
CIK0000081371,81371,OAT,,QUAKER OATS CO,1996-01-02,2001-08-03,,fja_orig(norgate),,norgate_symbol(last_or_2019_ticker),OAT-200108,index_add,index_remove,medium,analyst_hypothesis,1994-02-11,2001-04-27
CIK0000081870,81870,RAL,,RALSTON PURINA CO,1996-01-02,2001-12-13,,fja_orig(norgate),,norgate_symbol(last_or_2019_ticker),RAL-200112,index_add,index_remove,medium,analyst_hypothesis,1994-02-14,2001-08-09
CIK0000083246,83246,RNB,,HSBC USA INC /MD/,1996-01-02,2000-01-03,,fja_orig(norgate),,norgate_symbol(last_or_2019_ticker),RNB-199912,index_add,index_remove,medium,analyst_hypothesis,1994-03-29,2026-08-04
CIK0000083604,83604,RLM,,REYNOLDS METALS CO,1996-01-02,2000-05-04,,fja_orig(norgate),,norgate_symbol(last_or_2019_ticker),RLM-200005,index_add,index_remove,medium,analyst_hypothesis,1994-03-15,2000-04-28
CIK0000084129,84129,RAD,,"NEW RITE AID, LLC",1996-01-02,2000-07-27,Market capitalization changes.,fja_orig(norgate),,norgate_symbol(last_or_2019_ticker),RAD,index_add,index_remove,high,name,1994-01-05,2024-07-25
CIK0000084792,84792,ROH,,Rohm & Haas,1996-01-02,2009-04-02,,fja_orig(norgate),ROH:2007-03..2009-03,"wikipedia_first_observed(2007+),backfilled",ROH-200904,index_add,index_remove,high,name,1994-03-25,2009-02-27
CIK0000084839,84839,ROL,ROL,"Rollins, Inc.",2018-10-01,,,fja_orig(norgate),ROL:2018-10..2026-09,wikipedia_snapshot,ROL,index_add,current,high,sec_ticker+wiki_current_cik+wiki_snapshot_cik,2013-02-27,2026-07-23
CIK0000085408,85408,RDC,,Rowan Cos.,1996-01-02,2014-08-19,Market capitalization changes.,fja_orig(norgate),RDC:2007-03..2014-07,"wikipedia_first_observed(2007+),backfilled",RDC,index_add,index_remove,high,wiki_snapshot_cik,1994-03-31,2019-02-27
CIK0000085486,85486,RDS.A,,ROYAL DUTCH PETROLEUM CO,1996-01-02,2002-07-22,,fja_orig(norgate),,norgate_symbol(last_or_2019_ticker),RDS.A,index_add,index_remove,medium,analyst_hypothesis,2002-04-12,2005-05-04
CIK0000085812,85812,RML,,RUSSELL CORP,1996-01-02,2000-12-12,,fja_orig(norgate),,norgate_symbol(last_or_2019_ticker),RML-200608,index_add,index_remove,medium,analyst_hypothesis,1994-03-30,2006-05-16
CIK0000085961,85961,R,R,Ryder System,1996-01-02,2017-06-19,Market capitalization changes.,fja_orig(norgate),R:2007-03..2017-05,"wikipedia_first_observed(2007+),backfilled",R,index_add,index_remove,high,sec_ticker+wiki_snapshot_cik,1994-03-30,2026-07-23
CIK0000086104,86104,SAF,,SAFECO Corp.,1996-01-02,2008-09-23,,fja_orig(norgate),SAF:2007-03..2008-08,"wikipedia_first_observed(2007+),backfilled",SAF-200809,index_add,index_remove,high,name,1994-03-21,2008-07-29
CIK0000086144,86144,SWY,,Safeway Inc.,1998-11-13,2015-01-27,Safeway was acquired by a private equity consortium.,fja_orig(norgate),SWY:2007-03..2014-12,"wikipedia_first_observed(2007+),backfilled",SWY-201501,index_add,index_remove,high,wiki_snapshot_cik,1994-03-25,2015-03-04
CIK0000086312,86312,TRV,TRV,Travelers Companies (The),1996-01-02,,,fja_orig(norgate),TRV:2007-03..2026-09,"wikipedia_first_observed(2007+),backfilled",TRV,index_add,current,high,sec_ticker+wiki_current_cik+wiki_snapshot_cik,1994-03-18,2026-07-17
CIK0000087347,87347,SLB,SLB,Schlumberger,1996-01-02,,,fja_orig(norgate),SLB:2007-03..2026-09,"wikipedia_first_observed(2007+),backfilled",SLB,index_add,current,high,sec_ticker+wiki_current_cik+wiki_snapshot_cik,1996-05-15,2026-07-29
CIK0000087777,87777,SFA,,SCIENTIFIC ATLANTA INC,1996-01-02,2006-02-27,,fja_orig(norgate),,norgate_symbol(last_or_2019_ticker),SFA-200602,index_add,index_remove,medium,analyst_hypothesis,1994-02-11,2006-02-08
CIK0000088188,88188,VO,,SEAGRAM CO LTD,1996-01-02,2000-12-11,,fja_orig(norgate),,norgate_symbol(last_or_2019_ticker),VO-200012,index_add,index_remove,medium,analyst_hypothesis,1996-06-14,2000-11-13
CIK0000089089,89089,SCI,SCI,SERVICE CORP INTERNATIONAL,1996-01-02,2000-03-16,,fja_orig(norgate),,norgate_symbol(last_or_2019_ticker),SCI,index_add,index_remove,medium,name_of_ticker_holder+sec_ticker,1994-03-31,2026-07-30
CIK0000089415,89415,SMS,,SHARED MEDICAL SYSTEMS CORP,1996-01-02,2000-06-08,Siemens AG acquired Shared Medical Systems.,fja_orig(norgate),,norgate_symbol(last_or_2019_ticker),SMS-200007,index_add,index_remove,high,name,1994-03-30,2000-05-15
CIK0000089800,89800,SHW,SHW,Sherwin-Williams,1996-01-02,,,fja_orig(norgate),SHW:2007-03..2026-09,"wikipedia_first_observed(2007+),backfilled",SHW,index_add,current,high,sec_ticker+wiki_current_cik+wiki_snapshot_cik,1994-03-15,2026-07-28
CIK0000090185,90185,SIAL,,Sigma-Aldrich,1996-01-02,2015-11-18,Sigma-Aldrich was acquired by Merck KGaA.,fja_orig(norgate),SIAL:2007-03..2015-10,"wikipedia_first_observed(2007+),backfilled",SIAL-201511,index_add,index_remove,high,wiki_snapshot_cik,1994-03-31,2015-11-03
CIK0000091142,91142,AOS,AOS,A. O. Smith,2017-07-26,,,fja_orig(norgate),AOS:2017-07..2026-09,wikipedia_snapshot,AOS,index_add,current,high,sec_ticker+wiki_current_cik+wiki_snapshot_cik,2015-02-17,2026-07-30
CIK0000091419,91419,SJM,SJM,J.M. Smucker Company (The),2008-11-06,,,fja_orig(norgate),SJM:2008-11..2026-09,wikipedia_snapshot,SJM,index_add,current,high,sec_ticker+wiki_current_cik+wiki_snapshot_cik,1994-03-14,2026-08-26
CIK0000091440,91440,SNA,SNA,Snap-on,1996-01-02,,,fja_orig(norgate),SNA:2007-03..2026-09,"wikipedia_first_observed(2007+),backfilled",SNA,index_add,current,high,sec_ticker+wiki_current_cik+wiki_snapshot_cik,1994-03-18,2026-07-23
CIK0000091576,91576,KEY,KEY,KeyCorp,1996-01-02,,,fja_orig(norgate),KEY:2007-03..2026-09,"wikipedia_first_observed(2007+),backfilled",KEY,index_add,current,high,sec_ticker+wiki_current_cik+wiki_snapshot_cik,1994-03-31,2026-08-04
CIK0000092081,92081,SOTR,,SOUTHTRUST CORP,1999-03-01,2004-11-01,,fja_orig(norgate),,norgate_symbol(last_or_2019_ticker),SOTR-200410,index_add,index_remove,medium,analyst_hypothesis,1994-03-10,2004-08-09
CIK0000092122,92122,SO,SO,Southern Company,1996-01-02,,,fja_orig(norgate),SO:2007-03..2026-09,"wikipedia_first_observed(2007+),backfilled",SO,index_add,current,high,sec_ticker+wiki_current_cik+wiki_snapshot_cik,1994-03-28,2026-07-30
CIK0000092230,92230,BBT,TFC,Truist Financial,1997-12-04,,,fja_orig(norgate)+fja_updated,BBT:2007-03..2019-11;TFC:2019-12..2026-09,"wikipedia_first_observed(2007+),backfilled","BBT,TFC",index_add,current,high,wiki_snapshot_cik,2007-05-04,2026-07-31
CIK0000092380,92380,LUV,LUV,Southwest Airlines,1996-01-02,,,fja_orig(norgate),LUV:2007-03..2026-09,"wikipedia_first_observed(2007+),backfilled",LUV,index_add,current,high,sec_ticker+wiki_current_cik+wiki_snapshot_cik,1995-03-30,2026-07-23
CIK0000093102,93102,SMI,,SPRINGS INDUSTRIES INC,1996-01-02,2000-12-12,,fja_orig(norgate),,norgate_symbol(last_or_2019_ticker),SMI-200109,index_add,index_remove,medium,analyst_hypothesis,1994-03-30,2001-08-14
CIK0000093410,93410,CVX,CVX,Chevron Corporation,1996-01-02,,,fja_orig(norgate),CVX:2007-03..2026-09,"wikipedia_first_observed(2007+),backfilled",CVX,index_add,current,high,sec_ticker+wiki_current_cik+wiki_snapshot_cik,1994-03-30,2026-08-06
CIK0000093556,93556,SWK,SWK,Stanley Black & Decker,1996-01-02,,,fja_orig(norgate),SWK:2007-03..2026-09,"wikipedia_first_observed(2007+),backfilled",SWK,index_add,current,high,sec_ticker+wiki_current_cik+wiki_snapshot_cik,1994-03-31,2026-07-29
CIK0000093751,93751,STT,STT,State Street Corporation,1997-08-18,,,fja_orig(norgate),STT:2007-03..2026-09,"wikipedia_first_observed(2007+),backfilled",STT,index_add,current,high,sec_ticker+wiki_current_cik+wiki_snapshot_cik,1994-03-30,2026-07-30
CIK0000095304,95304,SUN,,Sunoco Inc.,1996-01-02,2012-10-05,Sunoco was acquired by Energy Transfer Partners (ETP),fja_orig(norgate),SUN:2007-03..2012-09,"wikipedia_first_observed(2007+),backfilled",SUN-201210,index_add,index_remove,high,name,1994-01-14,2012-08-02
CIK0000095521,95521,SVU,,Supervalu Inc.,1996-01-02,2012-05-01,,fja_orig(norgate),SVU:2007-03..2012-04,"wikipedia_first_observed(2007+),backfilled",SVU,index_add,index_remove,high,name,1994-01-18,2018-10-15
CIK0000096021,96021,SYY,SYY,Sysco,1996-01-02,,,fja_orig(norgate),SYY:2007-03..2026-09,"wikipedia_first_observed(2007+),backfilled",SYY,index_add,current,high,sec_ticker+wiki_current_cik+wiki_snapshot_cik,1994-02-11,2026-08-21
CIK0000096223,96223,JEF,JEF,Jefferies Financial Group,2007-08-27,2019-09-26,SPB completed the corporate spin-off of Jefferies Financial Group.,fja_orig(norgate)+fja_updated,LUK:2008-01..2018-04;JEF:2018-05..2019-08,norgate_symbol(last_or_2019_ticker),JEF,index_add,index_remove,high,sec_ticker+wiki_snapshot_cik,1994-03-23,2026-07-09
CIK0000096289,96289,RSH,,RadioShack Corp,1996-01-02,2011-07-01,Market capitalization changes.,fja_orig(norgate),RSH:2007-03..2011-06,"wikipedia_first_observed(2007+),backfilled",RSHCQ-201510,index_add,index_remove,high,name,1994-03-30,2014-12-12
CIK0000096879,96879,TEK,,"Tektronix, Inc.",1996-01-02,2007-11-16,,fja_orig(norgate),TEK:2007-03..2007-10,"wikipedia_first_observed(2007+),backfilled",TEK-200711,index_add,index_remove,high,name,1994-01-10,2007-10-10
CIK0000096943,96943,TFX,TFX,Teleflex,2019-01-18,2025-03-24,Market capitalization changes.,fja_updated,TFX:2019-01..2025-02,wikipedia_snapshot,TFX,index_add,index_remove,high,sec_ticker+wiki_snapshot_cik,2012-05-01,2026-08-06
CIK0000097210,97210,TER,TER,Teradyne Inc.,1999-11-15,2013-12-23,Market capitalization changes.,fja_orig(norgate),TER:2007-03..2013-11,"wikipedia_first_observed(2007+),backfilled",TER,index_add,index_remove,high,same_norgate_key+sec_ticker,1994-03-31,2026-07-31
CIK0000097210,97210,TER,TER,Teradyne,2020-09-21,,,fja_updated,TER:2020-09..2026-09,wikipedia_snapshot,TER,index_add,current,high,sec_ticker+wiki_current_cik+wiki_snapshot_cik,2015-02-27,2026-07-31
CIK0000097216,97216,TEX,TEX,Terex Corp.,2006-12-20,2008-11-06,,fja_orig(norgate),TEX:2007-03..2008-10,"wikipedia_first_observed(2007+),backfilled",TEX,index_add,index_remove,high,sec_ticker,2003-08-13,2026-07-30
CIK0000097349,97349,TX,,TEXACO INC,1996-01-02,2001-10-10,,fja_orig(norgate),,norgate_symbol(last_or_2019_ticker),TX-200110,index_add,index_remove,medium,analyst_hypothesis,1994-03-28,2001-08-09
CIK0000097476,97476,TXN,TXN,Texas Instruments,1996-01-02,,,fja_orig(norgate),TXN:2007-03..2026-09,"wikipedia_first_observed(2007+),backfilled",TXN,index_add,current,high,sec_ticker+wiki_current_cik+wiki_snapshot_cik,1994-03-21,2026-07-24
CIK0000097745,97745,TMO,TMO,Thermo Fisher Scientific,1997-01-02,,,fja_orig(norgate),TMO:2007-03..2026-09,"wikipedia_first_observed(2007+),backfilled",TMO,index_add,current,high,sec_ticker+wiki_current_cik+wiki_snapshot_cik,1994-03-09,2026-07-31
CIK0000097854,97854,TNB,,THOMAS & BETTS CORP,1996-01-02,2004-08-03,,fja_orig(norgate),,norgate_symbol(last_or_2019_ticker),TNB-201205,index_add,index_remove,medium,analyst_hypothesis,1994-03-25,2012-05-07
CIK0000098246,98246,TIF,,Tiffany & Co.,2000-06-21,2021-01-07,LVMH Moet Hennessy-Louis Vuitton SE acquired Tiffany & Co.,fja_orig(norgate)+fja_updated,TIF:2007-03..2020-12,"wikipedia_first_observed(2007+),backfilled",TIF,index_add,index_remove,high,wiki_snapshot_cik,1994-04-07,2020-11-24
CIK0000098362,98362,TKR,TKR,TIMKEN CO,1996-01-02,2001-08-07,,fja_orig(norgate),,norgate_symbol(last_or_2019_ticker),TKR,index_add,index_remove,medium,name_of_ticker_holder+sec_ticker,1994-03-30,2026-08-04
CIK0000100030,100030,TRW,,NORTHROP GRUMMAN SPACE & MISSION SYSTEMS CORP,1996-01-02,2002-12-12,,fja_orig(norgate),,norgate_symbol(last_or_2019_ticker),TRW-200212,index_add,index_remove,medium,analyst_hypothesis,1995-03-24,2002-11-06
CIK0000100493,100493,TSN,TSN,Tyson Foods,2005-08-11,,,fja_orig(norgate),TSN:2007-03..2026-09,"wikipedia_first_observed(2007+),backfilled",TSN,index_add,current,high,sec_ticker+wiki_current_cik+wiki_snapshot_cik,1994-02-15,2026-08-03
CIK0000100517,100517,UAWGQ,UAL,"United Airlines Holdings, Inc.",1996-01-02,2002-05-15,,fja_orig(norgate),,norgate_symbol(last_or_2019_ticker),UAWGQ-200303,index_add,index_remove,medium,analyst_hypothesis,1995-03-08,2026-07-16
CIK0000100517,100517,UAL,UAL,United Airlines Holdings,2015-09-03,,,fja_orig(norgate),UAL:2015-09..2026-09,wikipedia_snapshot,UAL,index_add,current,high,sec_ticker+wiki_current_cik+wiki_snapshot_cik,1996-05-07,2026-07-16
CIK0000100790,100790,UK,,UNION CARBIDE CORP /NEW/,1996-01-02,2001-02-07,,fja_orig(norgate),,norgate_symbol(last_or_2019_ticker),UK-200102,index_add,index_remove,medium,analyst_hypothesis,1994-05-12,2026-07-24
CIK0000100885,100885,UNP,UNP,Union Pacific Corporation,1996-01-02,,,fja_orig(norgate),UNP:2007-03..2026-09,"wikipedia_first_observed(2007+),backfilled",UNP,index_add,current,high,sec_ticker+wiki_current_cik+wiki_snapshot_cik,1994-03-29,2026-07-23
CIK0000100893,100893,UPC,,UNION PLANTERS CORP,1998-10-01,2004-07-01,,fja_orig(norgate),,norgate_symbol(last_or_2019_ticker),UPC-200406,index_add,index_remove,medium,analyst_hypothesis,1994-03-28,2004-05-10
CIK0000101320,101320,SUB,,SUMMIT BANCORP/NJ/,1998-01-28,2001-03-01,,fja_orig(norgate),,norgate_symbol(last_or_2019_ticker),SUB-200102,index_add,index_remove,medium,analyst_hypothesis,1994-03-30,2000-11-14
CIK0000101778,101778,MRO,,Marathon Oil,1996-01-02,2024-11-26,ConocoPhillips acquired Marathon Oil.,fja_orig(norgate)+fja_updated,MRO:2007-03..2024-10,"wikipedia_first_observed(2007+),backfilled",MRO,index_add,index_remove,high,wiki_snapshot_cik,1994-03-15,2024-11-06
CIK0000101829,101829,UTX,RTX,RTX Corporation,1996-01-02,,,fja_orig(norgate)+fja_updated,UTX:2007-03..2020-03;RTX:2020-04..2026-09,"wikipedia_first_observed(2007+),backfilled","UTX,RTX",index_add,current,high,wiki_snapshot_cik,2017-10-27,2026-07-23
CIK0000101830,101830,S,,Sprint Nextel Corp.,1996-01-02,2013-07-09,Softbank consortium purchase resulted in public float below 50%.,fja_orig(norgate),S:2007-03..2013-06,"wikipedia_first_observed(2007+),backfilled",S,index_add,index_remove,high,name,1994-03-15,2020-01-27
CIK0000101830.PCS,101830,PCS,,SPRINT LLC,1998-11-24,2004-04-23,,fja_orig(norgate),,norgate_symbol(last_or_2019_ticker),PCS-200404,index_add,index_remove,medium,analyst_hypothesis,1994-03-15,2020-01-27
CIK0000103379,103379,VFC,VFC,VF Corporation,1996-01-02,2024-04-01,Market capitalization changes.,fja_orig(norgate)+fja_updated,VFC:2007-03..2024-03,"wikipedia_first_observed(2007+),backfilled",VFC,index_add,index_remove,high,sec_ticker+wiki_snapshot_cik,1994-03-24,2026-07-29
CIK0000104169,104169,WMT,WMT,Walmart,1996-01-02,,,fja_orig(norgate),WMT:2007-03..2026-09,"wikipedia_first_observed(2007+),backfilled",WMT,index_add,current,high,sec_ticker+wiki_current_cik+wiki_snapshot_cik,1995-04-27,2026-08-28
CIK0000104599,104599,CC,,Circuit City Group,1996-01-02,2008-03-31,,fja_orig(norgate),CC:2007-03..2008-02,"wikipedia_first_observed(2007+),backfilled",CCTYQ-201009,index_add,index_remove,medium,analyst_hypothesis,1994-01-14,2008-09-30
CIK0000104669,104669,WLA,,WARNER LAMBERT CO,1996-01-02,2000-06-20,,fja_orig(norgate),,norgate_symbol(last_or_2019_ticker),WLA-200006,index_add,index_remove,medium,analyst_hypothesis,1994-03-23,2000-05-10
CIK0000104889,104889,GHC,GHC,Graham Holdings Company,2007-12-31,2014-09-22,Market capitalization changes.,fja_orig(norgate),WPO:2008-01..2013-11;GHC:2013-12..2014-08,norgate_symbol(last_or_2019_ticker),GHC,index_add,index_remove,high,sec_ticker+wiki_snapshot_cik,2003-03-17,2026-07-30
CIK0000105634,105634,EME,EME,Emcor,2025-09-22,,,fja_updated,EME:2025-09..2026-09,wikipedia_snapshot,EME,index_add,current,high,sec_ticker+wiki_current_cik+wiki_snapshot_cik,2016-07-28,2026-07-30
CIK0000105668,105668,WEN,,Wendy's International,1996-01-02,2008-09-30,,fja_orig(norgate),WEN:2007-03..2008-08,"wikipedia_first_observed(2007+),backfilled",WEN-200809,index_add,index_remove,high,name,1994-03-24,2008-08-06
CIK0000105770,105770,WST,WST,West Pharmaceutical Services,2020-05-22,,,fja_updated,WST:2020-05..2026-09,wikipedia_snapshot,WST,index_add,current,high,sec_ticker+wiki_current_cik+wiki_snapshot_cik,2014-11-03,2026-07-23
CIK0000106040,106040,WDC,WDC,Western Digital,2009-07-01,,,fja_orig(norgate),WDC:2009-07..2026-09,wikipedia_snapshot,WDC,index_add,current,high,sec_ticker+wiki_current_cik+wiki_snapshot_cik,2001-05-14,2026-08-14
CIK0000106413,106413,CBS,,CBS CORP,1996-01-02,2000-05-04,,fja_orig(norgate),,norgate_symbol(last_or_2019_ticker),CBS-200005,index_add,index_remove,medium,analyst_hypothesis,1994-03-07,2000-04-28
CIK0000106535,106535,WY,WY,Weyerhaeuser,1996-01-02,,,fja_orig(norgate),WY:2007-03..2026-09,"wikipedia_first_observed(2007+),backfilled",WY,index_add,current,high,sec_ticker+wiki_current_cik+wiki_snapshot_cik,1994-03-11,2026-07-31
CIK0000106640,106640,WHR,WHR,Whirlpool Corporation,1996-01-02,2024-03-18,Market capitalization changes.,fja_orig(norgate)+fja_updated,WHR:2007-03..2024-02,"wikipedia_first_observed(2007+),backfilled",WHR,index_add,index_remove,high,sec_ticker+wiki_snapshot_cik,1995-03-17,2026-08-04
CIK0000107189,107189,WLL,,WILLAMETTE INDUSTRIES INC,1996-01-02,2002-02-11,,fja_orig(norgate),,norgate_symbol(last_or_2019_ticker),WLL-200203,index_add,index_remove,medium,analyst_hypothesis,1994-03-21,2002-02-28
CIK0000107263,107263,WMB,WMB,Williams Companies,1996-01-02,,,fja_orig(norgate),WMB:2007-03..2026-09,"wikipedia_first_observed(2007+),backfilled",WMB,index_add,current,high,sec_ticker+wiki_current_cik+wiki_snapshot_cik,1994-03-29,2026-08-03
CIK0000107681,107681,WNDXQ,,WINN DIXIE STORES INC,1996-01-02,2004-12-03,,fja_orig(norgate),,norgate_symbol(last_or_2019_ticker),WNDXQ-200611,index_add,index_remove,medium,analyst_hypothesis,1994-02-03,2012-02-21
CIK0000108516,108516,WOR,WOR,"WORTHINGTON ENTERPRISES, INC.",1996-01-02,2004-12-20,,fja_orig(norgate),,norgate_symbol(last_or_2019_ticker),WOR,index_add,index_remove,medium,name_of_ticker_holder+sec_ticker,1994-01-13,2026-07-30
CIK0000108601,108601,WWY,,Wrigley (Wm) Jr.,1996-01-02,2008-10-07,,fja_orig(norgate),WWY:2007-03..2008-09,"wikipedia_first_observed(2007+),backfilled",WWY-200810,index_add,index_remove,high,name,1994-03-29,2008-08-05
CIK0000108772,108772,XRX,,Xerox,1996-01-02,2021-03-22,Market capitalization changes.,fja_orig(norgate)+fja_updated,XRX:2007-03..2021-02,"wikipedia_first_observed(2007+),backfilled",XRX,index_add,index_remove,high,wiki_snapshot_cik,1995-03-30,2026-08-06
CIK0000109198,109198,TJX,TJX,TJX Companies,1996-01-02,,,fja_orig(norgate),TJX:2007-03..2026-09,"wikipedia_first_observed(2007+),backfilled",TJX,index_add,current,high,sec_ticker+wiki_current_cik+wiki_snapshot_cik,1994-04-22,2026-08-28
CIK0000109380,109380,ZION,ZION,Zions Bancorporation,2001-06-25,2024-03-18,Market capitalization changes.,fja_orig(norgate)+fja_updated,ZION:2007-03..2024-02,"wikipedia_first_observed(2007+),backfilled",ZION,index_add,index_remove,high,sec_ticker+wiki_snapshot_cik,1994-03-29,2026-08-06
CIK0000109758,109758,CEN,,ARBITRON INC,1996-01-02,2001-04-02,,fja_orig(norgate),,norgate_symbol(last_or_2019_ticker),CEN-200711,index_add,index_remove,medium,analyst_hypothesis,1994-03-10,2013-08-01
CIK0000110390,110390,UN,,UNILEVER N V,1996-01-02,2002-07-22,,fja_orig(norgate),,norgate_symbol(last_or_2019_ticker),UN,index_add,index_remove,medium,analyst_hypothesis,2002-03-28,2020-03-09
CIK0000200406,200406,JNJ,JNJ,Johnson & Johnson,1996-01-02,,,fja_orig(norgate),JNJ:2007-03..2026-09,"wikipedia_first_observed(2007+),backfilled",JNJ,index_add,current,high,sec_ticker+wiki_current_cik+wiki_snapshot_cik,1994-04-01,2026-07-23
CIK0000202058,202058,HRS,LHX,"L3HARRIS TECHNOLOGIES, INC. /DE/",1996-01-02,1999-11-08,,fja_orig(norgate),,norgate_symbol(last_or_2019_ticker),HRS,index_add,index_remove,low,same_norgate_key,1994-02-11,2026-07-30
CIK0000202058,202058,HRS,LHX,L3Harris,2008-09-22,,,fja_orig(norgate)+fja_updated,HRS:2008-09..2019-05;LHX:2019-06..2026-09,wikipedia_snapshot,"HRS,LHX",index_add,current,high,wiki_snapshot_cik,2018-08-27,2026-07-30
CIK0000203077,203077,STJ,,St Jude Medical,1996-01-02,2017-01-05,Abbott Laboratories acquired St. Jude Medical.,fja_orig(norgate),STJ:2007-03..2016-12,"wikipedia_first_observed(2007+),backfilled",STJ-201701,index_add,index_remove,high,wiki_snapshot_cik,1994-03-25,2016-11-07
CIK0000203527,203527,VAR,,Varian Medical Systems,2007-02-12,2021-04-20,Siemens Healthineers acquired Varian Medical Systems.,fja_orig(norgate)+fja_updated,VAR:2007-03..2021-03,"wikipedia_first_observed(2007+),backfilled",VAR,index_add,index_remove,high,wiki_snapshot_cik,1994-02-10,2021-02-09
CIK0000205520,205520,KRI,,KNIGHT RIDDER INC,1996-01-02,2006-06-28,,fja_orig(norgate),,norgate_symbol(last_or_2019_ticker),KRI-200606,index_add,index_remove,medium,analyst_hypothesis,1994-03-23,2006-05-03
CIK0000216228,216228,ITT,ITT,ITT Corporation,1996-01-02,2011-11-01,ITT Corp. completed the corporate spin-off of Xylem.,fja_orig(norgate),ITT:2007-03..2011-10,"wikipedia_first_observed(2007+),backfilled",ITT,index_add,index_remove,high,sec_ticker,1994-03-25,2026-08-06
CIK0000217346,217346,TXT,TXT,Textron,1996-01-02,,,fja_orig(norgate),TXT:2007-03..2026-09,"wikipedia_first_observed(2007+),backfilled",TXT,index_add,current,high,sec_ticker+wiki_current_cik+wiki_snapshot_cik,1994-03-30,2026-07-28
CIK0000277135,277135,GWW,GWW,W. W. Grainger,1996-01-02,,,fja_orig(norgate),GWW:2007-03..2026-09,"wikipedia_first_observed(2007+),backfilled",GWW,index_add,current,high,sec_ticker+wiki_current_cik+wiki_snapshot_cik,1994-03-28,2026-08-04
CIK0000277948,277948,CSX,CSX,CSX Corporation,1996-01-02,,,fja_orig(norgate),CSX:2007-03..2026-09,"wikipedia_first_observed(2007+),backfilled",CSX,index_add,current,high,sec_ticker+wiki_current_cik+wiki_snapshot_cik,1994-03-04,2026-07-22
CIK0000278352,278352,SBL,,SYMBOL TECHNOLOGIES INC,2000-12-11,2007-01-10,Symbol Technologies was acquired by Motorola.,fja_orig(norgate),,norgate_symbol(last_or_2019_ticker),SBL-200701,index_add,index_remove,high,name,1995-03-07,2006-10-31
CIK0000310158,310158,MRK,MRK,Merck & Co.,1996-01-02,,,fja_orig(norgate),MRK:2007-03..2026-09,"wikipedia_first_observed(2007+),backfilled",MRK,index_add,current,high,sec_ticker+wiki_current_cik+wiki_snapshot_cik,1995-08-11,2026-08-07
CIK0000310158.SGP,310158,SGP,,Schering-Plough,1996-01-02,2009-11-04,Schering-Plough was acquired by Merck & Co.,fja_orig(norgate),SGP:2007-03..2009-10,"wikipedia_first_observed(2007+),backfilled",SGP-200911,index_add,index_remove,high,name,1995-08-11,2026-08-07
CIK0000310522,310522,FNM,FNMA,Fannie Mae,1996-01-02,2008-09-11,Market capitalization changes.,fja_orig(norgate),FNM:2007-03..2008-08,"wikipedia_first_observed(2007+),backfilled",FNMA,index_add,index_remove,medium,name_of_ticker_holder+sec_ticker,2003-03-31,2026-07-29
CIK0000310569,310569,BUD,,Anheuser-Busch,1996-01-02,2008-11-18,,fja_orig(norgate),BUD:2007-03..2008-10,"wikipedia_first_observed(2007+),backfilled",BUD-200811,index_add,index_remove,high,name,1994-03-24,2008-11-06
CIK0000310764,310764,SYK,SYK,Stryker Corporation,2000-12-12,,,fja_orig(norgate),SYK:2007-03..2026-09,"wikipedia_first_observed(2007+),backfilled",SYK,index_add,current,high,sec_ticker+wiki_current_cik+wiki_snapshot_cik,1994-03-24,2026-07-31
CIK0000311259,311259,EFU,,EASTERN ENTERPRISES,1996-01-02,2000-11-02,,fja_orig(norgate),,norgate_symbol(last_or_2019_ticker),EFU-200011,index_add,index_remove,medium,analyst_hypothesis,1994-03-14,2000-11-03
CIK0000313616,313616,DHR,DHR,Danaher Corporation,1998-11-18,,,fja_orig(norgate),DHR:2007-03..2026-09,"wikipedia_first_observed(2007+),backfilled",DHR,index_add,current,high,sec_ticker+wiki_current_cik+wiki_snapshot_cik,1994-03-23,2026-07-21
CIK0000313927,313927,CHD,CHD,Church & Dwight,2015-12-29,,,fja_orig(norgate),CHD:2015-12..2026-09,wikipedia_snapshot,CHD,index_add,current,high,sec_ticker+wiki_current_cik+wiki_snapshot_cik,2014-08-01,2026-07-31
CIK0000314132,314132,FLTWQ,,FLEETWOOD ENTERPRISES INC/DE/,1996-01-02,2000-01-31,,fja_orig(norgate),,norgate_symbol(last_or_2019_ticker),FLTWQ-200907,index_add,index_remove,medium,analyst_hypothesis,1994-03-03,2009-04-20
CIK0000314808,314808,ESV,VAL,ENSCO Int'l,2007-01-04,2009-12-23,,fja_orig(norgate),ESV:2007-03..2009-11,"wikipedia_first_observed(2007+),backfilled",ESV,index_add,index_remove,high,same_norgate_key,1995-03-17,2026-08-06
CIK0000314808,314808,ESV,VAL,Ensco plc,2012-07-31,2016-03-30,Centene acquired Health Net.,fja_orig(norgate),ESV:2012-08..2016-02,norgate_symbol(last_or_2019_ticker),ESV,index_add,index_remove,high,wiki_snapshot_cik,1995-03-17,2026-08-06
CIK0000315189,315189,DE,DE,Deere & Company,1996-01-02,,,fja_orig(norgate),DE:2007-03..2026-09,"wikipedia_first_observed(2007+),backfilled",DE,index_add,current,high,sec_ticker+wiki_current_cik+wiki_snapshot_cik,1994-01-28,2026-08-27
CIK0000315213,315213,RHI,RHI,Robert Half,2000-12-05,2024-06-24,Market capitalization changes.,fja_orig(norgate)+fja_updated,RHI:2007-03..2024-05,"wikipedia_first_observed(2007+),backfilled",RHI,index_add,index_remove,high,sec_ticker+wiki_snapshot_cik,1994-03-22,2026-08-04
CIK0000315293,315293,AOC,AON,Aon plc,1996-04-23,,,fja_orig(norgate),AOC:2007-03..2009-11;AON:2009-12..2026-09,"wikipedia_first_observed(2007+),backfilled",AON,index_add,current,high,sec_ticker+wiki_current_cik+wiki_snapshot_cik,1995-03-31,2026-07-29
CIK0000315852,315852,RRC,RRC,Range Resources Corp.,2007-12-21,2018-06-18,Market capitalization changes.,fja_orig(norgate),RRC:2008-01..2018-05,norgate_symbol(last_or_2019_ticker),RRC,index_add,index_remove,high,sec_ticker+wiki_snapshot_cik,1995-05-11,2026-07-21
CIK0000316206,316206,HOT,,Starwood Hotels & Resorts,2000-11-17,2016-09-23,MAR acquired Starwood Hotels,fja_orig(norgate),HOT:2007-03..2016-08,"wikipedia_first_observed(2007+),backfilled",HOT-201609,index_add,index_remove,high,wiki_snapshot_cik,1994-05-17,2016-07-29
CIK0000316709,316709,SCHW,SCHW,Charles Schwab Corporation,1997-06-02,,,fja_orig(norgate),SCHW:2007-03..2026-09,"wikipedia_first_observed(2007+),backfilled",SCHW,index_add,current,high,sec_ticker+wiki_current_cik+wiki_snapshot_cik,1994-03-30,2026-08-07
CIK0000317093,317093,ANDW,,ANDREW CORP,1996-01-02,2006-10-02,,fja_orig(norgate),,norgate_symbol(last_or_2019_ticker),ANDW-200712,index_add,index_remove,medium,analyst_hypothesis,1994-02-14,2007-11-21
CIK0000317745,317745,GRN,,GENERAL RE CORP,1996-01-02,1998-12-22,,fja_orig(norgate),,norgate_symbol(last_or_2019_ticker),GRN-199812,index_add,index_remove,high,name,1995-03-10,1998-11-16
CIK0000317771,317771,TLAB,,Tellabs Inc.,1996-01-02,2011-12-21,Expedia completed the corporate spin-off of TripAdvisor.,fja_orig(norgate),TLAB:2007-03..2011-11,"wikipedia_first_observed(2007+),backfilled",TLAB-201312,index_add,index_remove,high,name,1995-03-27,2013-10-31
CIK0000318154,318154,AMGN,AMGN,Amgen,1996-01-02,,,fja_orig(norgate),AMGN:2007-03..2026-09,"wikipedia_first_observed(2007+),backfilled",AMGN,index_add,current,high,sec_ticker+wiki_current_cik+wiki_snapshot_cik,1994-05-12,2026-08-05
CIK0000319201,319201,KLAC,KLAC,KLA Corporation,1997-09-15,,,fja_orig(norgate),KLAC:2007-03..2026-09,"wikipedia_first_observed(2007+),backfilled",KLAC,index_add,current,high,sec_ticker+wiki_current_cik+wiki_snapshot_cik,1994-02-14,2026-08-06
CIK0000319256,319256,S,,SEARS ROEBUCK & CO,1996-01-02,2005-03-28,,fja_orig(norgate),,norgate_symbol(last_or_2019_ticker),S-200503,index_add,index_remove,medium,analyst_hypothesis,1995-03-24,2005-02-24
CIK0000320187,320187,NKE,NKE,"Nike, Inc.",1996-01-02,,,fja_orig(norgate),NKE:2007-03..2026-09,"wikipedia_first_observed(2007+),backfilled",NKE,index_add,current,high,sec_ticker+wiki_current_cik+wiki_snapshot_cik,1995-01-17,2026-07-15
CIK0000320193,320193,AAPL,AAPL,Apple Inc.,1996-01-02,,,fja_orig(norgate),AAPL:2007-03..2026-09,"wikipedia_first_observed(2007+),backfilled",AAPL,index_add,current,high,sec_ticker+wiki_current_cik+wiki_snapshot_cik,1994-01-26,2026-07-31
CIK0000320335,320335,TMK,GL,Globe Life,1996-01-02,,,fja_orig(norgate)+fja_updated,TMK:2007-03..2019-07;GL:2019-08..2026-09,"wikipedia_first_observed(2007+),backfilled","TMK,GL",index_add,current,high,wiki_snapshot_cik,2018-05-07,2026-08-05
CIK0000350563,350563,TE,,TECO Energy,2001-10-10,2016-07-01,TECO Energy was acquired by EMA.,fja_orig(norgate),TE:2007-03..2016-06,"wikipedia_first_observed(2007+),backfilled",TE-201606,index_add,index_remove,high,wiki_snapshot_cik,1995-03-29,2016-11-08
CIK0000350698,350698,AN,AN,AutoNation Inc,2003-02-24,2017-08-08,MetLife completed the corporate spin-off of Brighthouse Financial.,fja_orig(norgate),AN:2007-03..2017-07,"wikipedia_first_observed(2007+),backfilled",AN,index_add,index_remove,high,sec_ticker+wiki_snapshot_cik,1995-08-14,2026-07-31
CIK0000351346,351346,BMET,,"Biomet, Inc.",1996-01-02,2007-07-12,,fja_orig(norgate),BMET:2007-03..2007-06,"wikipedia_first_observed(2007+),backfilled",BMET-200709,index_add,index_remove,high,name,1994-04-12,2015-04-14
CIK0000352363,352363,LIZ,,Liz Claiborne Inc.,1996-01-02,2008-12-02,,fja_orig(norgate),LIZ:2007-03..2008-11,"wikipedia_first_observed(2007+),backfilled",KATE-201707,index_add,index_remove,high,analyst_hypothesis+name,1994-03-24,2017-05-01
CIK0000352510,352510,NFB,,NORTH FORK BANCORPORATION INC,2002-07-17,2006-12-01,,fja_orig(norgate),,norgate_symbol(last_or_2019_ticker),NFB-200611,index_add,index_remove,medium,analyst_hypothesis,1994-03-18,2006-11-09
CIK0000352541,352541,LNT,LNT,Alliant Energy,2016-07-01,,,fja_orig(norgate),LNT:2016-07..2026-09,wikipedia_snapshot,LNT,index_add,current,high,sec_ticker+wiki_current_cik+wiki_snapshot_cik,2014-02-25,2026-07-31
CIK0000352915,352915,UHS,UHS,Universal Health Services,2014-09-22,,,fja_orig(norgate),UHS:2014-09..2026-09,wikipedia_snapshot,UHS,index_add,current,high,sec_ticker+wiki_current_cik+wiki_snapshot_cik,2010-11-05,2026-08-07
CIK0000352947,352947,EC,,ENGELHARD CORP,1996-01-02,2006-06-06,,fja_orig(norgate),,norgate_symbol(last_or_2019_ticker),EC-200606,index_add,index_remove,medium,analyst_hypothesis,1994-03-28,2006-05-09
CIK0000353944,353944,IGT,,International Game Technology,2001-09-04,2014-06-20,Market capitalization changes.,fja_orig(norgate),IGT:2007-03..2014-05,"wikipedia_first_observed(2007+),backfilled",IGT-201504,index_add,index_remove,high,wiki_snapshot_cik,1993-12-23,2015-02-09
CIK0000354190,354190,AJG,AJG,Arthur J. Gallagher & Co.,2016-05-31,,,fja_orig(norgate),AJG:2016-05..2026-09,wikipedia_snapshot,AJG,index_add,current,high,sec_ticker+wiki_current_cik+wiki_snapshot_cik,1995-03-14,2026-08-05
CIK0000354908,354908,FLIR,,FLIR Systems,2009-01-02,2021-05-14,Teledyne Technologies acquired FLIR Systems.,fja_orig(norgate)+fja_updated,FLIR:2009-03..2021-04,norgate_symbol(last_or_2019_ticker),FLIR,index_add,index_remove,high,wiki_snapshot_cik,1996-05-15,2021-05-06
CIK0000354950,354950,HD,HD,Home Depot (The),1996-01-02,,,fja_orig(norgate),HD:2007-03..2026-09,"wikipedia_first_observed(2007+),backfilled",HD,index_add,current,high,sec_ticker+wiki_current_cik+wiki_snapshot_cik,1994-04-22,2026-08-25
CIK0000354952,354952,SEG,,VERITAS SOFTWARE TECHNOLOGY CORP,1996-08-16,2000-11-22,,fja_orig(norgate),,norgate_symbol(last_or_2019_ticker),SEG-200011,index_add,index_remove,medium,analyst_hypothesis,1994-01-20,2000-11-03
CIK0000354964,354964,HI,,HSBC Finance Corp,1996-01-02,2003-03-31,,fja_orig(norgate),,norgate_symbol(last_or_2019_ticker),HI-200303,index_add,index_remove,medium,analyst_hypothesis,1994-03-28,2017-10-30
CIK0000356028,356028,CA,,"CA, Inc.",1996-01-02,2018-11-06,CA was acquired by Broadcom.,fja_orig(norgate),CA:2007-03..2018-10,"wikipedia_first_observed(2007+),backfilled",CA-201811,index_add,index_remove,high,wiki_snapshot_cik,1994-02-08,2018-11-07
CIK0000357261,357261,FPC,,FLORIDA PROGRESS CORP,1999-06-22,2000-12-01,,fja_orig(norgate),,norgate_symbol(last_or_2019_ticker),FPC-200011,index_add,index_remove,medium,analyst_hypothesis,1994-03-25,2005-08-05
CIK0000701985,701985,LTD,BBWI,"Bath & Body Works, Inc.",1996-01-02,2024-10-01,Market capitalization changes.,fja_orig(norgate)+fja_updated,LTD:2007-03..2013-11;LB:2013-12..2021-07;BBWI:2021-08..2024-09,"wikipedia_first_observed(2007+),backfilled","LB,BBWI",index_add,index_remove,high,wiki_snapshot_cik,2014-03-21,2026-08-26
CIK0000702165,702165,NSC,NSC,Norfolk Southern,1996-01-02,,,fja_orig(norgate),NSC:2007-03..2026-09,"wikipedia_first_observed(2007+),backfilled",NSC,index_add,current,high,sec_ticker+wiki_current_cik+wiki_snapshot_cik,1994-03-28,2026-07-23
CIK0000703360,703360,LSI,,LSI Corporation,1996-01-02,2014-05-07,Avago acquired LSI.,fja_orig(norgate),LSI:2007-03..2014-04,"wikipedia_first_observed(2007+),backfilled",LSI-201405,index_add,index_remove,high,name,1994-03-07,2014-05-01
CIK0000704051,704051,LM,,Legg Mason,2006-04-24,2016-12-02,Market capitalization changes.,fja_orig(norgate),LM:2007-03..2016-11,"wikipedia_first_observed(2007+),backfilled",LM,index_add,index_remove,high,wiki_snapshot_cik,1994-02-14,2020-07-31
CIK0000706539,706539,CHIR,,CHIRON CORP,2000-11-24,2006-04-20,,fja_orig(norgate),,norgate_symbol(last_or_2019_ticker),CHIR-200604,index_add,index_remove,medium,analyst_hypothesis,1995-03-17,2006-03-16
CIK0000707549,707549,LRCX,LRCX,Lam Research,2012-06-05,,,fja_orig(norgate),LRCX:2012-06..2026-09,wikipedia_snapshot,LRCX,index_add,current,high,sec_ticker+wiki_current_cik+wiki_snapshot_cik,1995-05-15,2026-08-07
CIK0000708819,708819,MDR,,MCDERMOTT INTERNATIONAL INC,1996-01-02,2003-08-20,,fja_orig(norgate),,norgate_symbol(last_or_2019_ticker),MDR,index_add,index_remove,medium,analyst_hypothesis,1994-02-01,2020-05-08
CIK0000709519,709519,SUNW,,Sun Microsystems,1996-01-02,2010-01-27,,fja_orig(norgate),SUNW:2007-03..2007-08;JAVA:2007-09..2009-12,"wikipedia_first_observed(2007+),backfilled",JAVA-201001,index_add,index_remove,high,name,1994-02-08,2009-11-06
CIK0000709804,709804,SXCL,,Steel Excel Inc.,1999-10-01,2001-05-14,,fja_orig(norgate),,norgate_symbol(last_or_2019_ticker),SXCL-201702,index_add,index_remove,medium,analyst_hypothesis,1995-02-08,2016-04-21
CIK0000710976,710976,NMK,,NIAGARA CORP,1996-01-02,2002-02-01,,fja_orig(norgate),,norgate_symbol(last_or_2019_ticker),NMK-200201,index_add,index_remove,medium,analyst_hypothesis,1996-08-14,2004-04-27
CIK0000711065,711065,AMCC,,APPLIED MICRO CIRCUITS CORP,2001-01-02,2006-05-18,,fja_orig(norgate),,norgate_symbol(last_or_2019_ticker),AMCC-201701,index_add,index_remove,medium,analyst_hypothesis,1998-02-17,2016-11-02
CIK0000711404,711404,CBE,COO,Cooper Industries Ltd.,1996-01-02,2009-09-09,,fja_orig(norgate),CBE:2007-03..2009-08,"wikipedia_first_observed(2007+),backfilled",CBE-201211,index_add,index_remove,high,name,1994-01-28,2026-09-09
CIK0000711404,711404,COO,COO,Cooper Companies (The),2016-09-23,,,fja_orig(norgate),COO:2016-09..2026-09,wikipedia_snapshot,COO,index_add,current,high,sec_ticker+wiki_current_cik+wiki_snapshot_cik,2013-03-08,2026-09-09
CIK0000712515,712515,ERTS,,Electronic Arts,2002-07-22,2026-08-05,"An investor consortium comprising Saudi Arabia's Public Investment Fund (PIF), Silver Lake, and Affinity Partners acquired Electronic Arts.",fja_orig(norgate)+fja_updated,ERTS:2007-03..2011-11;EA:2011-12..2026-07,"wikipedia_first_observed(2007+),backfilled",EA,index_add,index_remove,high,wiki_snapshot_cik,1995-02-13,2026-08-03
CIK0000713676,713676,PNC,PNC,PNC Financial Services,1996-01-02,,,fja_orig(norgate),PNC:2007-03..2026-09,"wikipedia_first_observed(2007+),backfilled",PNC,index_add,current,high,sec_ticker+wiki_current_cik+wiki_snapshot_cik,1994-03-17,2026-08-05
CIK0000714154,714154,CPQ,,COMPAQ COMPUTER CORP,1996-01-02,2002-05-06,,fja_orig(norgate),,norgate_symbol(last_or_2019_ticker),CPQ-200205,index_add,index_remove,medium,analyst_hypothesis,1994-02-24,2002-04-24
CIK0000714655,714655,BGEN,,BIOGEN IDEC MA INC,2000-01-31,2003-11-13,,fja_orig(norgate),,norgate_symbol(last_or_2019_ticker),BGEN-200311,index_add,index_remove,medium,analyst_hypothesis,1994-03-30,2003-10-28
CIK0000715096,715096,CBH,,Commerce Bancorp,2006-06-06,2008-03-31,,fja_orig(norgate),CBH:2007-03..2008-02,"wikipedia_first_observed(2007+),backfilled",CBH-200803,index_add,index_remove,high,name,1995-03-30,2008-03-14
CIK0000715957,715957,D,D,Dominion Energy,1996-01-02,,,fja_orig(norgate),D:2007-03..2026-09,"wikipedia_first_observed(2007+),backfilled",D,index_add,current,high,sec_ticker+wiki_current_cik+wiki_snapshot_cik,1995-03-08,2026-07-31
CIK0000716039,716039,UCL,,UNOCAL CORP,1996-01-02,2005-08-11,,fja_orig(norgate),,norgate_symbol(last_or_2019_ticker),UCL-200508,index_add,index_remove,medium,analyst_hypothesis,1994-03-31,2005-08-04
CIK0000716823,716823,MZIAQ,,MI 2009 Inc.,1996-01-02,2000-06-29,,fja_orig(norgate),,norgate_symbol(last_or_2019_ticker),MZIAQ-201010,index_add,index_remove,medium,analyst_hypothesis,1994-03-29,2008-11-06
CIK0000717423,717423,MUR,MUR,Murphy Oil,2005-08-15,2017-07-26,Market capitalization changes.,fja_orig(norgate),MUR:2007-03..2017-06,"wikipedia_first_observed(2007+),backfilled",MUR,index_add,index_remove,high,sec_ticker+wiki_snapshot_cik,1994-03-29,2026-08-05
CIK0000718877,718877,ATVI,,Activision Blizzard,2015-08-31,2023-10-18,Acquisition of Activision Blizzard by Microsoft.,fja_orig(norgate)+fja_updated,ATVI:2015-09..2023-09,norgate_symbol(last_or_2019_ticker),ATVI,index_add,index_remove,high,wiki_snapshot_cik,2012-05-09,2023-07-31
CIK0000719241,719241,CNC,,CONSECO INC,1997-01-15,2002-07-25,,fja_orig(norgate),,norgate_symbol(last_or_2019_ticker),CNC-200208,index_add,index_remove,medium,analyst_hypothesis,1994-03-31,2003-08-14
CIK0000719529,719529,IMNX,,IMMUNEX CORP /DE/,2001-09-21,2002-07-16,,fja_orig(norgate),,norgate_symbol(last_or_2019_ticker),IMNX-200207,index_add,index_remove,medium,analyst_hypothesis,1995-03-20,2002-05-09
CIK0000719739,719739,SIVB,,SVB Financial,2018-03-19,2023-03-15,"The FDIC placed SVB's main subsidiary, Silicon Valley Bank, into receivership.",fja_orig(norgate)+fja_updated,SIVB:2018-03..2023-02,wikipedia_snapshot,SIVB,index_add,index_remove,high,wiki_snapshot_cik,2016-05-10,2023-02-24
CIK0000719955,719955,WSM,WSM,"Williams-Sonoma, Inc.",2025-03-24,,,fja_updated,WSM:2025-03..2026-09,wikipedia_snapshot,WSM,index_add,current,high,sec_ticker+wiki_current_cik+wiki_snapshot_cik,2015-06-12,2026-08-28
CIK0000720005,720005,RJF,RJF,Raymond James Financial,2017-03-20,,,fja_orig(norgate),RJF:2017-03..2026-09,wikipedia_snapshot,RJF,index_add,current,high,sec_ticker+wiki_current_cik+wiki_snapshot_cik,2005-08-03,2026-08-05
CIK0000721083,721083,SII,,Smith International,2006-10-02,2010-08-27,Smith was acquired by Schlumberger.,fja_orig(norgate),SII:2007-03..2010-07,"wikipedia_first_observed(2007+),backfilled",SII-201008,index_add,index_remove,high,name,1994-03-22,2010-08-06
CIK0000721371,721371,CAH,CAH,Cardinal Health,1997-05-27,,,fja_orig(norgate),CAH:2007-03..2026-09,"wikipedia_first_observed(2007+),backfilled",CAH,index_add,current,high,sec_ticker+wiki_current_cik+wiki_snapshot_cik,1994-02-09,2026-08-11
CIK0000721683,721683,TSS,,Total System Services,2008-01-02,2019-09-23,Global Payments acquired TSS.,fja_orig(norgate)+fja_updated,TSS:2008-01..2019-08,wikipedia_snapshot,TSS,index_add,index_remove,high,wiki_snapshot_cik,1995-05-15,2019-07-31
CIK0000722056,722056,RATL,,RATIONAL SOFTWARE CORP,2002-02-01,2003-02-21,,fja_orig(norgate),,norgate_symbol(last_or_2019_ticker),RATL-200302,index_add,index_remove,medium,analyst_hypothesis,1996-07-23,2003-02-11
CIK0000723125,723125,MU,MU,Micron Technology,1996-01-02,,,fja_orig(norgate),MU:2007-03..2026-09,"wikipedia_first_observed(2007+),backfilled",MU,index_add,current,high,sec_ticker+wiki_current_cik+wiki_snapshot_cik,1994-03-22,2026-06-25
CIK0000723254,723254,CTAS,CTAS,Cintas,2001-03-01,,,fja_orig(norgate),CTAS:2007-03..2026-09,"wikipedia_first_observed(2007+),backfilled",CTAS,index_add,current,high,sec_ticker+wiki_current_cik+wiki_snapshot_cik,1994-01-12,2026-07-29
CIK0000723527,723527,WCOEQ,,MCI INC,1996-04-01,2002-05-15,,fja_orig(norgate),,norgate_symbol(last_or_2019_ticker),WCOEQ-200404,index_add,index_remove,medium,analyst_hypothesis,1995-03-30,2006-01-05
CIK0000723531,723531,PAYX,PAYX,Paychex,1998-10-01,,,fja_orig(norgate),PAYX:2007-03..2026-09,"wikipedia_first_observed(2007+),backfilled",PAYX,index_add,current,high,sec_ticker+wiki_current_cik+wiki_snapshot_cik,1995-03-24,2026-09-24
CIK0000723612,723612,CAR,CAR,"AVIS BUDGET GROUP, INC.",1996-01-02,2006-08-01,,fja_orig(norgate),,norgate_symbol(last_or_2019_ticker),CAR,index_add,index_remove,medium,name_of_ticker_holder+sec_ticker,1995-09-05,2026-07-29
CIK0000726513,726513,TRB,,Tribune Co.,1996-01-02,2007-12-21,Tribune was acquired.,fja_orig(norgate),TRB:2007-03..2007-11,"wikipedia_first_observed(2007+),backfilled",TRB-200712,index_add,index_remove,high,name,1994-03-23,2019-08-09
CIK0000726728,726728,O,O,Realty Income,2015-04-07,,,fja_orig(norgate),O:2015-04..2026-09,wikipedia_snapshot,O,index_add,current,high,sec_ticker+wiki_current_cik+wiki_snapshot_cik,1995-11-14,2026-08-06
CIK0000726958,726958,CASY,CASY,Casey's,2026-04-09,,,fja_updated,CASY:2026-04..2026-09,wikipedia_snapshot,CASY,index_add,current,high,sec_ticker+wiki_current_cik+wiki_snapshot_cik,2011-06-28,2026-09-08
CIK0000728535,728535,JBHT,JBHT,J.B. Hunt,2015-07-01,,,fja_orig(norgate),JBHT:2015-07..2026-09,wikipedia_snapshot,JBHT,index_add,current,high,sec_ticker+wiki_current_cik+wiki_snapshot_cik,1994-03-31,2026-07-24
CIK0000730464,730464,DV,CVSA,"DeVry, Inc.",2009-06-09,2012-10-01,Tyco spin-off merged with Pentair.,fja_orig(norgate),DV:2009-06..2012-09,wikipedia_snapshot,ATGE,index_add,index_remove,high,name,1996-09-24,2026-08-06
CIK0000731766,731766,UNH,UNH,UnitedHealth Group,1996-01-02,,,fja_orig(norgate),UNH:2007-03..2026-09,"wikipedia_first_observed(2007+),backfilled",UNH,index_add,current,high,sec_ticker+wiki_current_cik+wiki_snapshot_cik,1995-03-28,2026-08-10
CIK0000731802,731802,ATO,ATO,Atmos Energy,2019-02-15,,,fja_updated,ATO:2019-02..2026-09,wikipedia_snapshot,ATO,index_add,current,high,sec_ticker+wiki_current_cik+wiki_snapshot_cik,2015-02-03,2026-08-05
CIK0000731939,731939,TIN,,Temple-Inland,1996-01-02,2007-12-31,,fja_orig(norgate),TIN:2007-03..2007-11,"wikipedia_first_observed(2007+),backfilled",TIN-201202,index_add,index_remove,high,name,1994-03-21,2011-11-07
CIK0000732485,732485,GENZ,,Genzyme Corp.,2001-12-14,2011-04-04,Genzyme was acquired by Sanofi Aventis.,fja_orig(norgate),GENZ:2007-03..2011-03,"wikipedia_first_observed(2007+),backfilled",GENZ-201104,index_add,index_remove,high,name,1995-05-12,2011-03-24
CIK0000732712,732712,VZ,VZ,Verizon,1996-01-02,,,fja_orig(norgate),VZ:2007-03..2026-09,"wikipedia_first_observed(2007+),backfilled",VZ,index_add,current,high,sec_ticker+wiki_current_cik+wiki_snapshot_cik,1994-03-31,2026-07-31
CIK0000732713,732713,BLS,,BELLSOUTH CORP,1996-01-02,2007-01-03,,fja_orig(norgate),,norgate_symbol(last_or_2019_ticker),BLS-200612,index_add,index_remove,medium,analyst_hypothesis,1994-03-30,2006-11-01
CIK0000732717,732717,T,T,AT&T,1996-01-02,,,fja_orig(norgate),T:2007-03..2026-09,"wikipedia_first_observed(2007+),backfilled",T,index_add,current,high,sec_ticker+wiki_current_cik+wiki_snapshot_cik,1994-03-18,2026-07-22
CIK0000732718,732718,UMG,,COMCAST MO GROUP INC,1996-01-02,2000-06-15,,fja_orig(norgate),,norgate_symbol(last_or_2019_ticker),UMG-200006,index_add,index_remove,medium,analyst_hypothesis,1994-03-17,2000-05-12
CIK0000736260,736260,JHF,,HANCOCK JOHN FINANCIAL SERVICES INC,2001-06-29,2004-04-29,,fja_orig(norgate),,norgate_symbol(last_or_2019_ticker),JHF-200404,index_add,index_remove,medium,analyst_hypothesis,2000-03-24,2005-05-10
CIK0000738076,738076,COMS,,3COM CORP,1996-01-02,2000-07-28,,fja_orig(norgate),,norgate_symbol(last_or_2019_ticker),COMS-201004,index_add,index_remove,medium,analyst_hypothesis,1994-01-14,2010-04-06
CIK0000739708,739708,CCU,,Clear Channel Communications,1997-09-02,2008-07-31,,fja_orig(norgate),CCU:2007-03..2008-06,"wikipedia_first_observed(2007+),backfilled",CCU-200807,index_add,index_remove,high,name,1995-03-30,2018-05-03
CIK0000740112,740112,CE,,CONCORD EFS INC,2001-04-02,2004-02-27,,fja_orig(norgate),,norgate_symbol(last_or_2019_ticker),CE-200402,index_add,index_remove,medium,analyst_hypothesis,1995-05-11,2003-11-07
CIK0000740260,740260,VTR,VTR,Ventas,2009-03-04,,,fja_orig(norgate),VTR:2009-04..2026-09,norgate_symbol(last_or_2019_ticker),VTR,index_add,current,high,sec_ticker+wiki_current_cik+wiki_snapshot_cik,2005-07-28,2026-07-30
CIK0000743316,743316,MXIM,,Maxim Integrated Prod,2000-05-10,2007-09-27,MXIM was delisted from NASDAQ exchange.,fja_orig(norgate),MXIM:2007-03..2007-08,"wikipedia_first_observed(2007+),backfilled",MXIM,index_add,index_remove,high,same_norgate_key,1995-02-14,2021-09-07
CIK0000743316,743316,MXIM,,Maxim Integrated,2018-12-03,2021-08-30,Analog Devices acquired Maxim Integrated Products.,fja_orig(norgate)+fja_updated,MXIM:2018-12..2021-07,wikipedia_snapshot,MXIM,index_add,index_remove,high,wiki_snapshot_cik,2014-08-18,2021-09-07
CIK0000743872,743872,HM,,HOMESTAKE MINING CO /DE/,1996-01-02,2001-12-17,,fja_orig(norgate),,norgate_symbol(last_or_2019_ticker),HM-200112,index_add,index_remove,medium,analyst_hypothesis,1994-03-30,2001-11-14
CIK0000743988,743988,XLNX,,Xilinx,1999-11-08,2022-02-15,Advanced Micro Devices acquired Xilinx.,fja_orig(norgate)+fja_updated,XLNX:2007-03..2022-01,"wikipedia_first_observed(2007+),backfilled",XLNX,index_add,index_remove,high,wiki_snapshot_cik,1996-06-27,2022-01-27
CIK0000745732,745732,ROST,ROST,Ross Stores,2009-12-21,,,fja_orig(norgate),ROST:2010-01..2026-09,norgate_symbol(last_or_2019_ticker),ROST,index_add,current,high,sec_ticker+wiki_current_cik+wiki_snapshot_cik,1994-04-28,2026-09-01
CIK0000746515,746515,EXPD,EXPD,Expeditors International,2007-10-10,,,fja_orig(norgate),EXPD:2008-01..2026-09,norgate_symbol(last_or_2019_ticker),EXPD,index_add,current,high,sec_ticker+wiki_current_cik+wiki_snapshot_cik,1995-05-11,2026-08-05
CIK0000746838,746838,UIS,UIS,Unisys Corp.,1996-01-02,2008-11-11,,fja_orig(norgate),UIS:2007-03..2008-10,"wikipedia_first_observed(2007+),backfilled",UIS,index_add,index_remove,high,sec_ticker,1994-03-29,2026-07-30
CIK0000746969,746969,OK,,OLD KENT FINANCIAL CORP /MI/,1999-12-02,2001-04-02,,fja_orig(norgate),,norgate_symbol(last_or_2019_ticker),OK-200104,index_add,index_remove,medium,analyst_hypothesis,1994-03-29,2000-11-14
CIK0000749251,749251,IT,IT,Gartner,2017-04-05,,,fja_orig(norgate),IT:2017-04..2026-09,wikipedia_snapshot,IT,index_add,current,high,sec_ticker+wiki_current_cik+wiki_snapshot_cik,2010-08-09,2026-08-04
CIK0000750556,750556,STI,,SunTrust Banks,1996-01-02,2019-12-09,BB&T acquired SunTrust to form Truist Financial.,fja_orig(norgate)+fja_updated,STI:2007-03..2019-11,"wikipedia_first_observed(2007+),backfilled",STI,index_add,index_remove,high,wiki_snapshot_cik,1995-02-22,2019-10-31
CIK0000751652,751652,STR,,Questar Corp.,2006-12-01,2010-07-01,"Company split. QEP retained, but ticker changed.",fja_orig(norgate),STR:2007-03..2010-06,"wikipedia_first_observed(2007+),backfilled",STR-201609,index_add,index_remove,high,name,1994-03-25,2016-08-04
CIK0000753308,753308,FPL,NEE,NextEra Energy,1996-01-02,,,fja_orig(norgate),FPL:2007-03..2010-06;NEE:2010-07..2026-09,"wikipedia_first_observed(2007+),backfilled",NEE,index_add,current,high,sec_ticker+wiki_current_cik+wiki_snapshot_cik,1994-03-22,2026-07-24
CIK0000754737,754737,SCG,,SCANA Corp,2009-01-02,2019-01-02,Dominion Energy acquired SCANA.,fja_orig(norgate),SCG:2009-03..2018-12,norgate_symbol(last_or_2019_ticker),SCG-201812,index_add,index_remove,high,wiki_snapshot_cik,2005-02-28,2019-02-28
CIK0000756894,756894,ABX,B,BARRICK MINING CORP,1996-01-02,2002-07-22,,fja_orig(norgate),,norgate_symbol(last_or_2019_ticker),ABX,index_add,index_remove,medium,analyst_hypothesis,2002-04-29,2026-02-27
CIK0000758004,758004,NOVL,,Novell Inc.,1996-01-02,2011-04-28,Novell was acquired by private equity firms.,fja_orig(norgate),NOVL:2007-03..2011-03,"wikipedia_first_observed(2007+),backfilled",NOVL-201104,index_add,index_remove,high,name,1994-01-27,2011-08-23
CIK0000759944,759944,CFG,CFG,Citizens Financial Group,2016-02-01,,,fja_orig(norgate),CFG:2016-02..2026-09,wikipedia_snapshot,CFG,index_add,current,high,sec_ticker+wiki_current_cik+wiki_snapshot_cik,2014-11-14,2026-08-03
CIK0000764065,764065,CLF,CLF,Cliffs Natural Resources,2009-12-21,2014-04-02,Market capitalization changes.,fja_orig(norgate),CLF:2010-01..2014-03,norgate_symbol(last_or_2019_ticker),CLF,index_add,index_remove,high,sec_ticker,2004-04-29,2026-07-23
CIK0000764180,764180,MO,MO,Altria,1996-01-02,,,fja_orig(norgate),MO:2007-03..2026-09,"wikipedia_first_observed(2007+),backfilled",MO,index_add,current,high,sec_ticker+wiki_current_cik+wiki_snapshot_cik,1994-03-16,2026-07-30
CIK0000764478,764478,BBY,BBY,Best Buy,1999-06-30,,,fja_orig(norgate),BBY:2007-03..2026-09,"wikipedia_first_observed(2007+),backfilled",BBY,index_add,current,high,sec_ticker+wiki_current_cik+wiki_snapshot_cik,1994-01-06,2026-09-04
CIK0000764622,764622,PNW,PNW,Pinnacle West Capital,1999-10-04,,,fja_orig(norgate),PNW:2007-03..2026-09,"wikipedia_first_observed(2007+),backfilled",PNW,index_add,current,high,sec_ticker+wiki_current_cik+wiki_snapshot_cik,1994-03-31,2026-08-04
CIK0000764762,764762,LDG,,LONGS DRUG STORES CORP,1996-01-02,2001-07-02,,fja_orig(norgate),,norgate_symbol(last_or_2019_ticker),LDG-200810,index_add,index_remove,medium,analyst_hypothesis,1994-04-15,2008-08-27
CIK0000765880,765880,HCP,DOC,Healthpeak Properties,2008-03-31,,,fja_orig(norgate)+fja_updated,HCP:2008-08..2019-10;PEAK:2019-11..2024-02;DOC:2024-03..2026-09,norgate_symbol(last_or_2019_ticker),"HCP,PEAK,DOC",index_add,current,high,wiki_snapshot_cik,2014-08-05,2026-08-05
CIK0000766421,766421,ALK,ALK,Alaska Air Group,2016-05-13,2023-12-18,Market capitalization changes.,fja_orig(norgate)+fja_updated,ALK:2016-05..2023-11,wikipedia_snapshot,ALK,index_add,index_remove,high,sec_ticker+wiki_snapshot_cik,1994-02-08,2026-08-04
CIK0000766704,766704,WELL,WELL,Welltower,2009-01-30,,,fja_orig(norgate),HCN:2009-03..2018-01;WELL:2018-02..2026-09,norgate_symbol(last_or_2019_ticker),WELL,index_add,current,high,sec_ticker+wiki_current_cik+wiki_snapshot_cik,1994-04-29,2026-07-28
CIK0000767920,767920,PMCS,,PMC-Sierra Inc.,2001-08-03,2007-07-02,,fja_orig(norgate),PMCS:2007-03..2007-06,"wikipedia_first_observed(2007+),backfilled",PMCS-201601,index_add,index_remove,high,name,1996-05-15,2015-11-03
CIK0000768251,768251,ALTR,,Altera Corp,2000-04-18,2015-12-28,Altera was acquired by Intel.,fja_orig(norgate),ALTR:2007-03..2015-11,"wikipedia_first_observed(2007+),backfilled",ALTR-201512,index_add,index_remove,high,wiki_snapshot_cik,1995-03-30,2015-10-22
CIK0000768835,768835,BIG,,Big Lots Inc.,1998-01-20,2013-02-14,Market capitalization changes.,fja_orig(norgate),BIG:2007-03..2013-01,"wikipedia_first_observed(2007+),backfilled",BIG,index_add,index_remove,high,name,1994-04-21,2024-09-12
CIK0000769397,769397,ADSK,ADSK,Autodesk,1996-01-02,,,fja_orig(norgate),ADSK:2007-03..2026-09,"wikipedia_first_observed(2007+),backfilled",ADSK,index_add,current,high,sec_ticker+wiki_current_cik+wiki_snapshot_cik,1994-06-14,2026-08-28
CIK0000770949,770949,RBK,,REEBOK INTERNATIONAL LTD,1996-01-02,2006-02-01,,fja_orig(norgate),,norgate_symbol(last_or_2019_ticker),RBK-200601,index_add,index_remove,medium,analyst_hypothesis,1994-02-15,2005-12-16
CIK0000773840,773840,HON,HON,Honeywell Technologies,1996-01-02,,,fja_orig(norgate),HON:2007-03..2026-09,"wikipedia_first_observed(2007+),backfilled",HON,index_add,current,high,sec_ticker+wiki_current_cik+wiki_snapshot_cik,1994-03-15,2026-07-24
CIK0000773910,773910,APC,,Anadarko Petroleum Corp,1997-07-28,2019-08-09,Occidental Petroleum acquired Anadarko Petroleum.,fja_orig(norgate)+fja_updated,APC:2007-03..2019-07,"wikipedia_first_observed(2007+),backfilled",APC,index_add,index_remove,high,wiki_snapshot_cik,1994-03-18,2019-07-30
CIK0000774203,774203,WB,,WACHOVIA CORP/ NC,1996-01-02,2001-09-04,,fja_orig(norgate),,norgate_symbol(last_or_2019_ticker),WB-200108,index_add,index_remove,medium,analyst_hypothesis,1994-03-28,2001-08-13
CIK0000775483,775483,ARC,,ATLANTIC RICHFIELD CO /DE,1996-01-02,2000-04-18,,fja_orig(norgate),,norgate_symbol(last_or_2019_ticker),ARC-200004,index_add,index_remove,medium,analyst_hypothesis,1994-03-02,2001-03-30
CIK0000777001,777001,BSC,,Bear Stearns Cos.,1998-07-01,2008-06-02,,fja_orig(norgate),BSC:2007-03..2008-05,"wikipedia_first_observed(2007+),backfilled",BSC-200805,index_add,index_remove,high,name,1996-05-13,2008-04-14
CIK0000779152,779152,JKHY,JKHY,Jack Henry & Associates,2018-11-13,,,fja_orig(norgate),JKHY:2018-11..2026-09,wikipedia_snapshot,JKHY,index_add,current,high,sec_ticker+wiki_current_cik+wiki_snapshot_cik,2007-08-30,2026-08-28
CIK0000783280,783280,DRE,,Duke Realty,2017-07-26,2022-10-03,Prologis acquired Duke Realty.,fja_orig(norgate)+fja_updated,DRE:2017-07..2022-09,wikipedia_snapshot,DRE,index_add,index_remove,high,wiki_snapshot_cik,2013-02-22,2022-08-08
CIK0000783325,783325,WEC,WEC,WEC Energy Group,2008-10-31,,,fja_orig(norgate),WEC:2008-11..2026-09,norgate_symbol(last_or_2019_ticker),WEC,index_add,current,high,sec_ticker+wiki_current_cik+wiki_snapshot_cik,1995-03-30,2026-08-04
CIK0000785161,785161,EHC,EHC,Encompass Health Corp,1997-01-08,2003-03-21,,fja_orig(norgate),,norgate_symbol(last_or_2019_ticker),EHC,index_add,index_remove,medium,name_of_ticker_holder+sec_ticker,1995-03-08,2026-08-07
CIK0000788784,788784,PEG,PEG,Public Service Enterprise Group,1996-01-02,,,fja_orig(norgate),PEG:2007-03..2026-09,"wikipedia_first_observed(2007+),backfilled",PEG,index_add,current,high,sec_ticker+wiki_current_cik+wiki_snapshot_cik,1994-02-25,2026-08-04
CIK0000789019,789019,MSFT,MSFT,Microsoft,1996-01-02,,,fja_orig(norgate),MSFT:2007-03..2026-09,"wikipedia_first_observed(2007+),backfilled",MSFT,index_add,current,high,sec_ticker+wiki_current_cik+wiki_snapshot_cik,1994-02-14,2026-07-29
CIK0000789073,789073,FO,,Beam Inc.,1996-01-02,2014-05-01,Beam was acquired by Suntory.,fja_orig(norgate),FO:2007-03..2011-10;BEAM:2011-11..2014-03,"wikipedia_first_observed(2007+),backfilled",BEAM-201404,index_add,index_remove,high,name,1994-03-28,2014-04-29
CIK0000789388,789388,SDS,,SUNGARD DATA SYSTEMS INC,2002-07-22,2005-08-12,,fja_orig(norgate),,norgate_symbol(last_or_2019_ticker),SDS-200508,index_add,index_remove,medium,analyst_hypothesis,1994-03-28,2015-11-06
CIK0000789570,789570,MGM,MGM,MGM Resorts,2017-07-26,,,fja_orig(norgate),MGM:2017-07..2026-09,wikipedia_snapshot,MGM,index_add,current,high,sec_ticker+wiki_current_cik+wiki_snapshot_cik,2004-05-10,2026-07-29
CIK0000789933,789933,NC,NC,NACCO INDUSTRIES INC,1996-01-02,2000-06-05,,fja_orig(norgate),,norgate_symbol(last_or_2019_ticker),NC,index_add,index_remove,medium,name_of_ticker_holder+sec_ticker,1994-03-31,2026-08-05
CIK0000790070,790070,EMC,,EMC Corp.,1996-03-28,2016-09-07,Dell acquired EMC.,fja_orig(norgate),EMC:2007-03..2016-08,"wikipedia_first_observed(2007+),backfilled",EMC-201609,index_add,index_remove,high,wiki_snapshot_cik,1994-03-24,2016-08-08
CIK0000791519,791519,SPLS,,Staples Inc.,1998-10-07,2017-09-13,Sycamore Partners acquired Staples.,fja_orig(norgate),SPLS:2007-03..2017-08,"wikipedia_first_observed(2007+),backfilled",SPLS-201709,index_add,index_remove,high,wiki_snapshot_cik,1995-06-12,2017-08-24
CIK0000791907,791907,LLTC,,Linear Technology Corp.,2000-04-03,2017-03-13,Analog Devices acquired Linear Technology.,fja_orig(norgate),LLTC:2007-03..2017-02,"wikipedia_first_observed(2007+),backfilled",LLTC-201703,index_add,index_remove,high,wiki_snapshot_cik,1995-02-14,2017-01-31
CIK0000792985,792985,HMA,,"HEALTH MANAGEMENT ASSOCIATES, INC",2001-11-07,2007-03-02,,fja_orig(norgate),,norgate_symbol(last_or_2019_ticker),HMA-201401,index_add,index_remove,medium,analyst_hypothesis,1996-08-13,2013-11-13
CIK0000793952,793952,HOG,HOG,Harley-Davidson,2000-01-31,2020-06-22,Market capitalization changes.,fja_orig(norgate)+fja_updated,HOG:2007-03..2020-05,"wikipedia_first_observed(2007+),backfilled",HOG,index_add,index_remove,high,sec_ticker+wiki_snapshot_cik,1994-03-30,2026-08-05
CIK0000794323,794323,LVLT,,Level 3 Communications,2014-11-05,2017-10-13,CenturyLink acquired Level 3 Communications.,fja_orig(norgate),LVLT:2014-11..2017-09,wikipedia_snapshot,LVLT-201710,index_add,index_remove,high,wiki_snapshot_cik,2011-08-04,2026-02-20
CIK0000794367,794367,FD,M,Macy's Inc.,1996-01-02,2020-04-06,Market capitalization changes.,fja_orig(norgate)+fja_updated,FD:2007-03..2007-06;M:2007-07..2020-03,"wikipedia_first_observed(2007+),backfilled",M,index_add,index_remove,high,sec_ticker+wiki_snapshot_cik,1995-04-20,2026-09-10
CIK0000795266,795266,KBH,KBH,KB Home,1996-01-02,2009-12-21,Market capitalization changes.,fja_orig(norgate),KBH:2007-03..2009-11,"wikipedia_first_observed(2007+),backfilled",KBH,index_add,index_remove,high,sec_ticker,1995-02-28,2026-07-09
CIK0000796343,796343,ADBE,ADBE,Adobe Inc.,1997-05-06,,,fja_orig(norgate),ADBE:2007-03..2026-09,"wikipedia_first_observed(2007+),backfilled",ADBE,index_add,current,high,sec_ticker+wiki_current_cik+wiki_snapshot_cik,1995-02-17,2026-09-22
CIK0000797468,797468,OXY,OXY,Occidental Petroleum,1996-01-02,,,fja_orig(norgate),OXY:2007-03..2026-09,"wikipedia_first_observed(2007+),backfilled",OXY,index_add,current,high,sec_ticker+wiki_current_cik+wiki_snapshot_cik,1995-03-17,2026-08-05
CIK0000798354,798354,FISV,FISV,Fiserv,2001-04-02,,,fja_orig(norgate)+fja_updated,FISV:2007-03..2023-05;FI:2023-06..2025-10;FISV:2025-11..2026-09,"wikipedia_first_observed(2007+),backfilled","FISV,FI",index_add,current,high,sec_ticker+wiki_snapshot_cik,2019-07-26,2026-08-07
CIK0000800240,800240,ODP,,Office Depot,1999-06-24,2010-12-20,Market capitalization changes.,fja_orig(norgate),ODP:2007-03..2010-11,"wikipedia_first_observed(2007+),backfilled",ODP,index_add,index_remove,high,name,1994-03-25,2025-11-05
CIK0000800459,800459,HAR,,Harman Int'l Industries,2006-02-01,2017-03-13,Samsung Electronics acquired Harman International Industries.,fja_orig(norgate),HAR:2007-03..2017-02,"wikipedia_first_observed(2007+),backfilled",HAR-201703,index_add,index_remove,high,wiki_snapshot_cik,1994-02-11,2017-01-26
CIK0000801898,801898,HPH,,JOY GLOBAL INC,1996-01-02,1999-06-09,Harnischfeger filed for bankruptcy.,fja_orig(norgate),,norgate_symbol(last_or_2019_ticker),HPH-199912,index_add,index_remove,high,name,1995-01-30,2017-03-03
CIK0000801898,801898,JOY,,Joy Global Inc.,2011-02-28,2015-10-08,Market capitalization changes.,fja_orig(norgate),JOYG:2011-03..2011-11;JOY:2011-12..2015-09,norgate_symbol(last_or_2019_ticker),JOY-201704,index_add,index_remove,high,wiki_snapshot_cik,2009-06-04,2017-03-03
CIK0000802301,802301,SGID,,"Graphics Properties Holdings, Inc.",1996-01-02,2000-06-21,,fja_orig(norgate),,norgate_symbol(last_or_2019_ticker),SGID-200610,index_add,index_remove,medium,analyst_hypothesis,1994-02-11,2009-02-09
CIK0000803014,803014,CMVT,,COMVERSE TECHNOLOGY INC/NY/,1999-10-27,2007-02-01,,fja_orig(norgate),,norgate_symbol(last_or_2019_ticker),CMVT-201302,index_add,index_remove,medium,analyst_hypothesis,1995-03-31,2012-12-14
CIK0000804212,804212,ARG,,Airgas Inc,2009-09-09,2016-05-23,Airgas was acquired by Air Liquide.,fja_orig(norgate),ARG:2010-07..2016-04,norgate_symbol(last_or_2019_ticker),ARG-201605,index_add,index_remove,high,wiki_snapshot_cik,1995-02-07,2016-05-10
CIK0000804328,804328,QCOM,QCOM,Qualcomm,1999-07-22,,,fja_orig(norgate),QCOM:2007-03..2026-09,"wikipedia_first_observed(2007+),backfilled",QCOM,index_add,current,high,sec_ticker+wiki_current_cik+wiki_snapshot_cik,1996-05-13,2026-07-29
CIK0000804753,804753,CERN,,Cerner,2010-04-30,2022-06-08,Oracle acquired Cerner.,fja_orig(norgate)+fja_updated,CERN:2010-05..2022-05,norgate_symbol(last_or_2019_ticker),CERN,index_add,index_remove,high,wiki_snapshot_cik,1995-03-30,2022-05-03
CIK0000806085,806085,LEH,,Lehman Bros.,1998-01-12,2008-09-17,Lehman Brothers filed for bankruptcy.,fja_orig(norgate),LEH:2007-03..2008-08,"wikipedia_first_observed(2007+),backfilled",LEHMQ-201203,index_add,index_remove,medium,analyst_hypothesis,1994-03-31,2008-07-10
CIK0000808362,808362,BHI,,"Baker Hughes, a GE Company",1996-01-02,2019-10-18,,fja_orig(norgate)+fja_updated,BHI:2007-03..2017-06;BHGE:2017-07..2019-09,"wikipedia_first_observed(2007+),backfilled",BHGE,index_add,index_remove,high,wiki_snapshot_cik,1994-02-14,2023-10-26
CIK0000808450,808450,NAV,,NAVISTAR INTERNATIONAL CORP,1996-01-02,2006-12-20,,fja_orig(norgate),,norgate_symbol(last_or_2019_ticker),NAV,index_add,index_remove,medium,analyst_hypothesis,1994-01-27,2021-06-08
CIK0000811156,811156,CMS,CMS,CMS Energy,1999-05-03,,,fja_orig(norgate),CMS:2007-03..2026-09,"wikipedia_first_observed(2007+),backfilled",CMS,index_add,current,high,sec_ticker+wiki_current_cik+wiki_snapshot_cik,1997-08-14,2026-07-28
CIK0000811669,811669,UST,,UST Inc.,1996-01-02,2009-01-06,,fja_orig(norgate),UST:2007-03..2008-11,"wikipedia_first_observed(2007+),backfilled",UST-200901,index_add,index_remove,high,name,1994-03-16,2008-11-03
CIK0000811830,811830,SOV,SNUS-PH,Sovereign Bancorp,2004-07-01,2009-01-30,,fja_orig(norgate),SOV:2007-03..2008-12,"wikipedia_first_observed(2007+),backfilled",SOV-200901,index_add,index_remove,high,name,1995-05-11,2026-07-31
CIK0000812074,812074,OI,OI,"O-I Glass, Inc. /DE/",1997-08-04,2000-12-11,Market capitalization changes.,fja_orig(norgate),,norgate_symbol(last_or_2019_ticker),OI,index_add,index_remove,high,same_norgate_key+sec_ticker,1994-03-30,2026-07-29
CIK0000812074,812074,OI,OI,Owens-Illinois Inc,2009-01-02,2016-12-02,Market capitalization changes.,fja_orig(norgate),OI:2009-03..2016-11,norgate_symbol(last_or_2019_ticker),OI,index_add,index_remove,high,sec_ticker+wiki_snapshot_cik,1994-03-30,2026-07-29
CIK0000813672,813672,CDNS,CDNS,Cadence Design Systems,2017-09-18,,,fja_orig(norgate),CDNS:2017-09..2026-09,wikipedia_snapshot,CDNS,index_add,current,high,sec_ticker+wiki_current_cik+wiki_snapshot_cik,1994-05-16,2026-07-29
CIK0000813828,813828,CBS,,Paramount Global,1996-01-02,2025-08-08,,fja_orig(norgate)+fja_updated,CBS:2007-03..2019-11;VIAC:2019-12..2022-01;PARA:2022-02..2025-07,"wikipedia_first_observed(2007+),backfilled","CBS,VIAC,PARA",index_add,index_remove,high,wiki_snapshot_cik,2018-08-02,2025-07-31
CIK0000814453,814453,NWL,NWL,Newell Brands,1996-01-02,2023-09-18,Market capitalization changes.,fja_orig(norgate)+fja_updated,NWL:2007-03..2023-08,"wikipedia_first_observed(2007+),backfilled",NWL,index_add,index_remove,high,sec_ticker+wiki_snapshot_cik,1995-03-29,2026-07-31
CIK0000814547,814547,FICO,FICO,Fair Isaac,2023-03-20,,,fja_updated,FICO:2023-03..2026-09,wikipedia_snapshot,FICO,index_add,current,high,sec_ticker+wiki_current_cik+wiki_snapshot_cik,2015-01-29,2026-07-29
CIK0000814585,814585,MBI,MBI,MBIA Inc.,1996-12-03,2009-12-21,Market capitalization changes.,fja_orig(norgate),MBI:2007-03..2009-11,"wikipedia_first_observed(2007+),backfilled",MBI,index_add,index_remove,high,sec_ticker,1994-05-13,2026-08-06
CIK0000815094,815094,ABMD,,Abiomed,2018-05-31,2022-12-22,Johnson & Johnson acquired Abiomed.,fja_orig(norgate)+fja_updated,ABMD:2018-05..2022-11,wikipedia_snapshot,ABMD,index_add,index_remove,high,wiki_snapshot_cik,2011-06-02,2022-11-03
CIK0000815097,815097,CCL,CCL,Carnival Corporation,1998-12-22,,,fja_orig(norgate),CCL:2007-03..2026-09,"wikipedia_first_observed(2007+),backfilled",CCL,index_add,current,high,sec_ticker+wiki_current_cik+wiki_snapshot_cik,1995-02-24,2026-06-26
CIK0000815556,815556,FAST,FAST,Fastenal,2008-09-15,,,fja_orig(norgate),FAST:2008-09..2026-09,wikipedia_snapshot,FAST,index_add,current,high,sec_ticker+wiki_current_cik+wiki_snapshot_cik,1995-03-20,2026-07-16
CIK0000816284,816284,CELG,,Celgene Corp.,2006-11-06,2019-11-21,Bristol-Myers Squibb acquired Celgene.,fja_orig(norgate)+fja_updated,CELG:2007-03..2019-10,"wikipedia_first_observed(2007+),backfilled",CELG,index_add,index_remove,high,wiki_snapshot_cik,1995-05-09,2019-10-31
CIK0000816761,816761,TDC,TDC,Teradata Corp.,2007-10-01,2017-06-19,Market capitalization changes.,fja_orig(norgate),TDC:2008-01..2017-05,norgate_symbol(last_or_2019_ticker),TDC,index_add,index_remove,high,sec_ticker+wiki_snapshot_cik,2007-11-13,2026-08-05
CIK0000817473,817473,ACAS,,American Capital Strategies Ltd,2007-07-09,2009-03-04,Market capitalization changes.,fja_orig(norgate),ACAS:2008-01..2009-02,norgate_symbol(last_or_2019_ticker),ACAS-201701,index_add,index_remove,high,name,1997-11-14,2016-11-03
CIK0000818479,818479,XRAY,XRAY,Dentsply Sirona,2008-11-14,2024-04-02,Market capitalization changes.,fja_orig(norgate)+fja_updated,XRAY:2009-06..2024-03,norgate_symbol(last_or_2019_ticker),XRAY,index_add,index_remove,high,sec_ticker+wiki_snapshot_cik,1995-05-12,2026-08-06
CIK0000819692,819692,CF,,CHARTER ONE FINANCIAL INC,2000-06-19,2004-09-01,,fja_orig(norgate),,norgate_symbol(last_or_2019_ticker),CF-200408,index_add,index_remove,medium,analyst_hypothesis,1995-05-12,2004-08-10
CIK0000819975,819975,ONE,,"CHASE BANK USA, NATIONAL ASSOCIATION",1996-01-02,2004-07-01,,fja_orig(norgate),,norgate_symbol(last_or_2019_ticker),ONE-200406,index_add,index_remove,medium,analyst_hypothesis,1996-03-29,2008-03-31
CIK0000819996,819996,PDG,,PLACER DOME INC,1996-01-02,2002-07-22,,fja_orig(norgate),,norgate_symbol(last_or_2019_ticker),PDG-200603,index_add,index_remove,medium,analyst_hypothesis,2002-02-22,2005-03-04
CIK0000820027,820027,AMP,AMP,Ameriprise Financial,2005-10-03,,,fja_orig(norgate),AMP:2007-03..2026-09,"wikipedia_first_observed(2007+),backfilled",AMP,index_add,current,high,sec_ticker+wiki_current_cik+wiki_snapshot_cik,2005-11-14,2026-08-04
CIK0000820313,820313,APH,APH,Amphenol,2008-09-30,,,fja_orig(norgate),APH:2010-07..2026-09,norgate_symbol(last_or_2019_ticker),APH,index_add,current,high,sec_ticker+wiki_current_cik+wiki_snapshot_cik,1996-05-15,2026-07-31
CIK0000820318,820318,COHR,COHR,Coherent Corp.,2026-03-23,,,fja_updated,COHR:2026-03..2026-09,wikipedia_snapshot,COHR,index_add,current,high,sec_ticker+wiki_current_cik+wiki_snapshot_cik,2018-08-28,2026-08-14
CIK0000821189,821189,EOG,EOG,EOG Resources,2000-11-02,,,fja_orig(norgate),EOG:2007-03..2026-09,"wikipedia_first_observed(2007+),backfilled",EOG,index_add,current,high,sec_ticker+wiki_current_cik+wiki_snapshot_cik,1994-03-23,2026-08-04
CIK0000822416,822416,PHM,PHM,PulteGroup,1996-01-02,,,fja_orig(norgate),PHM:2007-03..2026-09,"wikipedia_first_observed(2007+),backfilled",PHM,index_add,current,high,sec_ticker+wiki_current_cik+wiki_snapshot_cik,1996-05-14,2026-07-22
CIK0000823768,823768,WMI,WM,Waste Management,1998-07-17,,,fja_orig(norgate),WMI:2007-03..2009-07;WM:2009-08..2026-09,"wikipedia_first_observed(2007+),backfilled",WM,index_add,current,high,sec_ticker+wiki_current_cik+wiki_snapshot_cik,1995-05-12,2026-07-29
CIK0000824169,824169,NXTL,,NEXTEL COMMUNICATIONS INC,1998-04-01,2005-08-15,,fja_orig(norgate),,norgate_symbol(last_or_2019_ticker),NXTL-200508,index_add,index_remove,medium,analyst_hypothesis,1996-05-13,2005-07-29
CIK0000826083,826083,DELL,,Dell Inc.,1996-09-06,2013-10-29,Founder Michael Dell and Silver Lake Partners acquired Dell.,fja_orig(norgate),DELL:2007-03..2013-09,"wikipedia_first_observed(2007+),backfilled",DELL-201310,index_add,index_remove,high,name,1994-04-01,2013-08-28
CIK0000827052,827052,EIX,EIX,Edison International,1996-01-02,,,fja_orig(norgate),EIX:2007-03..2026-09,"wikipedia_first_observed(2007+),backfilled",EIX,index_add,current,high,sec_ticker+wiki_current_cik+wiki_snapshot_cik,1994-03-21,2026-07-30
CIK0000827054,827054,MCHP,MCHP,Microchip Technology,2007-09-07,,,fja_orig(norgate),MCHP:2007-09..2026-09,wikipedia_snapshot,MCHP,index_add,current,high,sec_ticker+wiki_current_cik+wiki_snapshot_cik,2004-11-03,2026-08-06
CIK0000829224,829224,SBUX,SBUX,Starbucks,2000-06-08,,,fja_orig(norgate),SBUX:2007-03..2026-09,"wikipedia_first_observed(2007+),backfilled",SBUX,index_add,current,high,sec_ticker+wiki_current_cik+wiki_snapshot_cik,1996-05-15,2026-07-29
CIK0000831001,831001,C,C,Citigroup,1996-01-02,,,fja_orig(norgate),C:2007-03..2026-09,"wikipedia_first_observed(2007+),backfilled",C,index_add,current,high,sec_ticker+wiki_current_cik+wiki_snapshot_cik,1994-03-31,2026-08-06
CIK0000831259,831259,FCX,FCX,Freeport-McMoRan,1996-01-02,,,fja_orig(norgate),FCX:2007-03..2026-09,"wikipedia_first_observed(2007+),backfilled",FCX,index_add,current,high,sec_ticker+wiki_current_cik+wiki_snapshot_cik,1994-03-31,2026-08-06
CIK0000832101,832101,IEX,IEX,IDEX Corporation,2019-08-09,,,fja_updated,IEX:2019-08..2026-09,wikipedia_snapshot,IEX,index_add,current,high,sec_ticker+wiki_current_cik+wiki_snapshot_cik,2010-11-04,2026-07-29
CIK0000832428,832428,SSP,SSP,Scripps (E. W.) 'A',2005-12-20,2008-07-01,,fja_orig(norgate),SSP:2007-03..2008-06,"wikipedia_first_observed(2007+),backfilled",SSP,index_add,index_remove,high,sec_ticker,1998-11-16,2026-08-07
CIK0000832988,832988,SIG,SIG,Signet Jewelers,2015-07-29,2018-03-19,Market capitalization changes.,fja_orig(norgate),SIG:2015-07..2018-02,wikipedia_snapshot,SIG,index_add,index_remove,high,sec_ticker+wiki_snapshot_cik,1997-09-15,2026-09-09
CIK0000833320,833320,BR,,BURLINGTON RESOURCES INC,1996-01-02,2006-04-03,,fja_orig(norgate),,norgate_symbol(last_or_2019_ticker),BR-200603,index_add,index_remove,medium,analyst_hypothesis,1994-02-14,2006-02-28
CIK0000833444,833444,TYC,JCI,Tyco International (New),1996-01-02,2009-03-17,,fja_orig(norgate),TYC:2007-03..2009-02,"wikipedia_first_observed(2007+),backfilled",JCI,index_add,index_remove,high,same_norgate_key+sec_ticker,1996-05-10,2026-07-29
CIK0000833444,833444,TYC,JCI,Johnson Controls,2010-08-27,,,fja_orig(norgate),TYC:2010-08..2016-08;JCI:2016-09..2026-09,wikipedia_snapshot,JCI,index_add,current,high,sec_ticker+wiki_current_cik+wiki_snapshot_cik,2001-02-13,2026-07-29
CIK0000834285,834285,FRC,,First Republic Bank,2019-01-02,2023-05-04,The Federal Deposit Insurance Corporation (FDIC) placed First Republic Bank into receivership.,fja_orig(norgate)+fja_updated,FRC:2019-01..2023-04,wikipedia_snapshot,FRC,index_add,index_remove,high,name,2005-11-10,2023-03-15
CIK0000835541,835541,SLR,,Solectron,1998-12-31,2007-10-02,Solectron was acquired by Flextronics.,fja_orig(norgate),SLR:2007-03..2007-09,"wikipedia_first_observed(2007+),backfilled",SLR-200710,index_add,index_remove,high,name,1995-04-07,2007-07-11
CIK0000835729,835729,BMC,,BMC Software,1998-10-01,2013-09-11,BMC was acquired by a consortium.,fja_orig(norgate),BMC:2007-03..2013-08,"wikipedia_first_observed(2007+),backfilled",BMC-201309,index_add,index_remove,high,name,1995-02-14,2013-08-05
CIK0000835910,835910,APCC,,AMERICAN POWER CONVERSION CORP,2000-06-01,2007-02-15,,fja_orig(norgate),,norgate_symbol(last_or_2019_ticker),APCC-200702,index_add,index_remove,medium,analyst_hypothesis,1995-05-03,2006-11-03
CIK0000836102,836102,ASD,,Trane Inc.,2002-05-13,2008-06-06,,fja_orig(norgate),ASD:2007-03..2007-10;TT:2007-11..2008-05,"wikipedia_first_observed(2007+),backfilled",TT-200806,index_add,index_remove,high,name,1994-03-30,2008-05-09
CIK0000836106,836106,NVLS,,Novellus Systems,2000-06-19,2012-06-05,Novellus Systems was acquired by Lam Research.,fja_orig(norgate),NVLS:2007-03..2012-05,"wikipedia_first_observed(2007+),backfilled",NVLS-201206,index_add,index_remove,high,name,1995-05-15,2012-05-07
CIK0000842023,842023,TECH,TECH,Bio-Techne,2021-08-30,,,fja_updated,TECH:2021-08..2026-09,wikipedia_snapshot,TECH,index_add,current,high,sec_ticker+wiki_current_cik+wiki_snapshot_cik,2007-11-08,2026-08-24
CIK0000846909,846909,ETS,,ENTERASYS NETWORKS INC /DE/,1996-01-02,2001-08-06,,fja_orig(norgate),,norgate_symbol(last_or_2019_ticker),ETS-200603,index_add,index_remove,medium,analyst_hypothesis,1995-07-10,2005-11-09
CIK0000847903,847903,NGH,,RJR ACQUISITION CORP,1998-09-16,2000-12-12,,fja_orig(norgate),,norgate_symbol(last_or_2019_ticker),NGH-200012,index_add,index_remove,medium,analyst_hypothesis,1994-02-24,2000-11-14
CIK0000848865,848865,AW,,Allied Waste Industries,1999-08-02,2008-12-05,,fja_orig(norgate),AW:2007-03..2008-11,"wikipedia_first_observed(2007+),backfilled",AW-200812,index_add,index_remove,high,name,1996-06-03,2008-10-30
CIK0000849213,849213,PCL,,Plum Creek Timber Co.,2002-01-17,2016-02-22,Weyerhaeuser acquired Plum Creek Timber.,fja_orig(norgate),PCL:2007-03..2016-01,"wikipedia_first_observed(2007+),backfilled",PCL-201602,index_add,index_remove,high,wiki_snapshot_cik,1994-03-14,2016-02-18
CIK0000849395,849395,CRH,CRH,CRH plc,2025-12-22,,,fja_updated,CRH:2025-12..2026-09,wikipedia_snapshot,CRH,index_add,current,high,sec_ticker+wiki_current_cik+wiki_snapshot_cik,2016-03-16,2026-07-30
CIK0000849399,849399,SYMC,GEN,Gen Digital,2003-03-31,,,fja_orig(norgate)+fja_updated,SYMC:2007-03..2019-10;NLOK:2019-11..2022-10;GEN:2022-11..2026-09,"wikipedia_first_observed(2007+),backfilled","SYMC,NLOK,GEN",index_add,current,high,wiki_snapshot_cik,2014-05-16,2026-08-07
CIK0000850209,850209,FL,,"FOOT LOCKER, INC.",1996-01-02,1999-01-04,,fja_orig(norgate),,norgate_symbol(last_or_2019_ticker),FL,index_add,index_remove,low,same_norgate_key,1996-06-11,2025-09-02
CIK0000850209,850209,FL,,Foot Locker Inc,2016-04-04,2019-08-09,Market capitalization changes.,fja_orig(norgate)+fja_updated,FL:2016-04..2019-07,wikipedia_snapshot,FL,index_add,index_remove,high,wiki_snapshot_cik,1996-06-11,2025-09-02
CIK0000850693,850693,AGN,,Allergan Inc,1996-01-02,2015-03-17,Allergan was acquired by Actavis (and changed its name to Allergan).,fja_orig(norgate),AGN:2007-03..2015-02,"wikipedia_first_observed(2007+),backfilled",AGN-201503,index_add,index_remove,high,wiki_snapshot_cik,1994-03-28,2015-02-19
CIK0000851968,851968,MHK,MHK,Mohawk Industries,2013-12-23,2025-12-22,Market capitalization changes.,fja_orig(norgate)+fja_updated,MHK:2013-12..2025-11,wikipedia_snapshot,MHK,index_add,index_remove,high,sec_ticker+wiki_snapshot_cik,1996-05-07,2026-07-31
CIK0000857005,857005,PTC,PTC,PTC INC.,1997-04-03,2007-01-03,,fja_orig(norgate),,norgate_symbol(last_or_2019_ticker),PTC,index_add,index_remove,medium,name_of_ticker_holder+same_norgate_key+sec_ticker,1995-05-15,2026-07-31
CIK0000857005,857005,PTC,PTC,PTC Inc.,2021-04-20,,,fja_updated,PTC:2021-04..2026-09,wikipedia_snapshot,PTC,index_add,current,high,sec_ticker+wiki_current_cik+wiki_snapshot_cik,2016-05-11,2026-07-31
CIK0000858339,858339,HET,,Harrah's Entertainment,1996-01-02,2008-01-29,,fja_orig(norgate),HET:2007-03..2007-12,"wikipedia_first_observed(2007+),backfilled",HET-200801,index_add,index_remove,high,name,1994-03-28,2020-05-11
CIK0000858470,858470,COG,,Coterra,2008-06-23,2026-05-07,Devon Energy acquired Coterra Energy.,fja_orig(norgate)+fja_updated,COG:2008-08..2021-09;CTRA:2021-10..2026-04,norgate_symbol(last_or_2019_ticker),"COG,CTRA",index_add,index_remove,high,wiki_snapshot_cik,2014-02-28,2026-05-06
CIK0000858877,858877,CSCO,CSCO,Cisco,1996-01-02,,,fja_orig(norgate),CSCO:2007-03..2026-09,"wikipedia_first_observed(2007+),backfilled",CSCO,index_add,current,high,sec_ticker+wiki_current_cik+wiki_snapshot_cik,1995-03-13,2026-09-02
CIK0000859014,859014,CPWR,,Compuware Corp.,1999-01-04,2012-01-03,Market capitalization changes.,fja_orig(norgate),CPWR:2007-03..2011-12,"wikipedia_first_observed(2007+),backfilled",CPWR-201412,index_add,index_remove,high,name,1996-08-13,2014-11-06
CIK0000859737,859737,HOLX,,Hologic,2016-03-30,2026-04-09,Blackstone Inc. and TPG Inc. acquired Hologic.,fja_orig(norgate)+fja_updated,HOLX:2016-03..2026-03,wikipedia_snapshot,HOLX,index_add,index_remove,high,wiki_snapshot_cik,2015-01-29,2026-01-29
CIK0000860730,860730,HCA,HCA,"HCA Healthcare, Inc.",1996-01-02,2006-11-20,,fja_orig(norgate),,norgate_symbol(last_or_2019_ticker),HCA-200611,index_add,index_remove,medium,analyst_hypothesis,1994-03-31,2026-07-28
CIK0000860730,860730,HCA,HCA,HCA Healthcare,2015-01-27,,,fja_orig(norgate),HCA:2015-01..2026-09,wikipedia_snapshot,HCA,index_add,current,high,sec_ticker+wiki_current_cik+wiki_snapshot_cik,2004-08-06,2026-07-28
CIK0000860731,860731,TYL,TYL,Tyler Technologies,2020-06-22,,,fja_updated,TYL:2020-06..2026-09,wikipedia_snapshot,TYL,index_add,current,high,sec_ticker+wiki_current_cik+wiki_snapshot_cik,2016-10-26,2026-07-29
CIK0000861878,861878,SRCL,,Stericycle Inc,2008-11-19,2018-12-03,Market capitalization changes.,fja_orig(norgate),SRCL:2009-06..2018-11,norgate_symbol(last_or_2019_ticker),SRCL,index_add,index_remove,high,wiki_snapshot_cik,1996-11-13,2024-11-01
CIK0000863157,863157,PETM,,"PetSmart, Inc.",2012-10-05,2015-03-12,PetSmart was acquired by private equity consortium.,fja_orig(norgate),PETM:2012-10..2015-02,wikipedia_snapshot,PETM-201503,index_add,index_remove,high,wiki_snapshot_cik,2007-06-04,2014-11-26
CIK0000864328,864328,BJS,,BJ Services Company,2002-05-15,2010-04-29,BJ Services was acquired by Baker Hughes.,fja_orig(norgate),BJS:2007-03..2010-03,"wikipedia_first_observed(2007+),backfilled",BJS-201004,index_add,index_remove,high,name,1995-05-15,2010-02-09
CIK0000864749,864749,TRMB,TRMB,Trimble Inc.,2021-01-21,,,fja_updated,TRMB:2021-01..2026-09,wikipedia_snapshot,TRMB,index_add,current,high,sec_ticker+wiki_current_cik+wiki_snapshot_cik,2018-05-09,2026-08-12
CIK0000865436,865436,WFMI,,Whole Foods Market,2006-01-03,2017-08-28,Amazon acquired Whole Foods Market.,fja_orig(norgate),WFMI:2007-03..2011-04;WFM:2011-05..2017-07,"wikipedia_first_observed(2007+),backfilled",WFM-201708,index_add,index_remove,high,wiki_snapshot_cik,1996-05-17,2017-11-17
CIK0000865752,865752,MNST,MNST,Monster Beverage,2012-06-29,,,fja_orig(norgate),MNST:2012-06..2026-09,wikipedia_snapshot,MNST,index_add,current,high,sec_ticker+wiki_current_cik+wiki_snapshot_cik,1996-05-10,2026-08-07
CIK0000866374,866374,FLEX,FLEX,Flex Ltd.,2026-06-22,,,fja_updated,FLEX:2026-06..2026-09,wikipedia_snapshot,FLEX,index_add,current,high,sec_ticker+wiki_current_cik+wiki_snapshot_cik,2018-08-02,2026-07-31
CIK0000866787,866787,AZO,AZO,AutoZone,1997-01-02,,,fja_orig(norgate),AZO:2007-03..2026-09,"wikipedia_first_observed(2007+),backfilled",AZO,index_add,current,high,sec_ticker+wiki_current_cik+wiki_snapshot_cik,1996-05-20,2026-06-12
CIK0000867058,867058,MERQ,,MERCURY INTERACTIVE CORP,2000-06-29,2006-01-04,,fja_orig(norgate),,norgate_symbol(last_or_2019_ticker),MERQ-200611,index_add,index_remove,medium,analyst_hypothesis,1996-05-15,2006-10-05
CIK0000868809,868809,XTO,,XTO Energy Inc.,2004-12-29,2010-06-28,XTO was acquired by ExxonMobil.,fja_orig(norgate),XTO:2007-03..2010-05,"wikipedia_first_observed(2007+),backfilled",XTO-201006,index_add,index_remove,high,name,1996-05-14,2010-05-06
CIK0000870517,870517,KRB,,MBNA CORP,1996-01-02,2006-01-03,,fja_orig(norgate),,norgate_symbol(last_or_2019_ticker),KRB-200512,index_add,index_remove,medium,analyst_hypothesis,1996-05-15,2005-11-09
CIK0000872589,872589,REGN,REGN,Regeneron Pharmaceuticals,2013-05-01,,,fja_orig(norgate),REGN:2013-05..2026-09,wikipedia_snapshot,REGN,index_add,current,high,sec_ticker+wiki_current_cik+wiki_snapshot_cik,1996-08-13,2026-07-30
CIK0000873364,873364,CEPH,,Cephalon Inc,2008-11-17,2011-10-14,Cephalon was acquired by Teva Pharmaceutical Industries.,fja_orig(norgate),CEPH:2009-06..2011-09,norgate_symbol(last_or_2019_ticker),CEPH-201110,index_add,index_remove,high,name,2003-08-14,2011-08-03
CIK0000873591,873591,MEDI,,MedImmune Inc.,2000-06-16,2007-06-01,,fja_orig(norgate),MEDI:2007-03..2007-04,"wikipedia_first_observed(2007+),backfilled",MEDI-200706,index_add,index_remove,high,analyst_hypothesis+name,1996-08-14,2007-04-30
CIK0000874016,874016,JNY,,Jones Apparel Group,2001-12-17,2009-03-04,Market capitalization changes.,fja_orig(norgate),JNY:2007-03..2009-02,"wikipedia_first_observed(2007+),backfilled",JNY-201404,index_add,index_remove,high,name,1996-08-14,2014-04-01
CIK0000874501,874501,ABK,OSG,Ambac Financial Group,2000-12-11,2008-06-11,Market capitalization changes.,fja_orig(norgate),ABK:2007-03..2008-05,"wikipedia_first_observed(2007+),backfilled",ABKFQ-201304,index_add,index_remove,high,name,1996-05-15,2026-08-06
CIK0000874716,874716,IDXX,IDXX,Idexx Laboratories,2017-01-05,,,fja_orig(norgate),IDXX:2017-01..2026-09,wikipedia_snapshot,IDXX,index_add,current,high,sec_ticker+wiki_current_cik+wiki_snapshot_cik,2015-02-17,2026-08-04
CIK0000874761,874761,AES,AES,AES Corporation,1998-10-02,,,fja_orig(norgate),AES:2007-03..2026-09,"wikipedia_first_observed(2007+),backfilled",AES,index_add,current,high,sec_ticker+wiki_current_cik+wiki_snapshot_cik,1996-05-06,2026-08-04
CIK0000874766,874766,HIG,HIG,Hartford (The),1996-01-02,,,fja_orig(norgate),HIG:2007-03..2026-09,"wikipedia_first_observed(2007+),backfilled",HIG,index_add,current,high,sec_ticker+wiki_current_cik+wiki_snapshot_cik,1996-05-15,2026-07-23
CIK0000875045,875045,BIIB,BIIB,Biogen,2003-11-13,,,fja_orig(norgate),BIIB:2007-03..2026-09,"wikipedia_first_observed(2007+),backfilled",BIIB,index_add,current,high,sec_ticker+wiki_current_cik+wiki_snapshot_cik,1996-06-06,2026-07-29
CIK0000875159,875159,XL,,XL Group,2001-09-04,2018-09-12,XL was acquired by Axa.,fja_orig(norgate),XL:2007-03..2018-08,"wikipedia_first_observed(2007+),backfilled",XL-201809,index_add,index_remove,high,wiki_snapshot_cik,1996-04-09,2018-08-03
CIK0000875320,875320,VRTX,VRTX,Vertex Pharmaceuticals,2013-09-23,,,fja_orig(norgate),VRTX:2013-11..2026-09,norgate_symbol(last_or_2019_ticker),VRTX,index_add,current,high,sec_ticker+wiki_current_cik+wiki_snapshot_cik,2007-03-01,2026-08-04
CIK0000875570,875570,PSFT,,PEOPLESOFT INC,1998-10-02,2004-12-29,,fja_orig(norgate),,norgate_symbol(last_or_2019_ticker),PSFT-200501,index_add,index_remove,medium,analyst_hypothesis,1996-05-15,2004-11-12
CIK0000876437,876437,MTG,MTG,MGIC Investment,1996-07-19,2008-10-31,,fja_orig(norgate),MTG:2007-03..2008-09,"wikipedia_first_observed(2007+),backfilled",MTG,index_add,index_remove,high,sec_ticker,1996-05-10,2026-07-29
CIK0000877212,877212,ZBRA,ZBRA,Zebra Technologies,2019-12-23,,,fja_updated,ZBRA:2019-12..2026-09,wikipedia_snapshot,ZBRA,index_add,current,high,sec_ticker+wiki_current_cik+wiki_snapshot_cik,2015-08-13,2026-08-04
CIK0000877890,877890,CTXS,,Citrix,1999-12-01,2022-10-03,Vista Equity Partners acquired Citrix Systems.,fja_orig(norgate)+fja_updated,CTXS:2007-03..2022-09,"wikipedia_first_observed(2007+),backfilled",CTXS,index_add,index_remove,high,wiki_snapshot_cik,1996-08-13,2022-07-26
CIK0000878736,878736,HCR,,Manor Care Inc.,1998-09-28,2007-11-09,,fja_orig(norgate),HCR:2007-03..2007-10,"wikipedia_first_observed(2007+),backfilled",HCR-200712,index_add,index_remove,high,name,1996-08-13,2007-11-09
CIK0000878927,878927,ODFL,ODFL,Old Dominion,2019-12-09,,,fja_updated,ODFL:2019-12..2026-09,wikipedia_snapshot,ODFL,index_add,current,high,sec_ticker+wiki_current_cik+wiki_snapshot_cik,2012-02-29,2026-08-05
CIK0000879101,879101,KIM,KIM,Kimco Realty,2006-04-03,,,fja_orig(norgate),KIM:2007-03..2026-09,"wikipedia_first_observed(2007+),backfilled",KIM,index_add,current,high,sec_ticker+wiki_current_cik+wiki_snapshot_cik,1996-05-06,2026-08-04
CIK0000879169,879169,INCY,INCY,Incyte,2017-02-28,,,fja_orig(norgate),INCY:2017-02..2026-09,wikipedia_snapshot,INCY,index_add,current,high,sec_ticker+wiki_current_cik+wiki_snapshot_cik,1996-05-15,2026-07-28
CIK0000880430,880430,FSH,,FISHER SCIENTIFIC INTERNATIONAL INC,2004-08-03,2006-11-10,,fja_orig(norgate),,norgate_symbol(last_or_2019_ticker),FSH-200611,index_add,index_remove,medium,analyst_hypothesis,1996-05-14,2006-10-24
CIK0000880446,880446,VTSS,,VITESSE SEMICONDUCTOR CORP,2000-12-12,2002-08-21,,fja_orig(norgate),,norgate_symbol(last_or_2019_ticker),VTSS-201504,index_add,index_remove,medium,analyst_hypothesis,1996-06-24,2015-02-03
CIK0000882095,882095,GILD,GILD,Gilead Sciences,2004-07-01,,,fja_orig(norgate),GILD:2007-03..2026-09,"wikipedia_first_observed(2007+),backfilled",GILD,index_add,current,high,sec_ticker+wiki_current_cik+wiki_snapshot_cik,2003-08-14,2026-08-06
CIK0000882184,882184,DHI,DHI,D. R. Horton,2005-07-05,,,fja_orig(norgate),DHI:2007-03..2026-09,"wikipedia_first_observed(2007+),backfilled",DHI,index_add,current,high,sec_ticker+wiki_current_cik+wiki_snapshot_cik,1996-07-24,2026-07-23
CIK0000882835,882835,ROP,ROP,Roper Technologies,2009-12-23,,,fja_orig(norgate),ROP:2009-12..2026-09,wikipedia_snapshot,ROP,index_add,current,high,sec_ticker+wiki_current_cik+wiki_snapshot_cik,1996-06-14,2026-07-31
CIK0000883241,883241,SNPS,SNPS,Synopsys,2017-03-16,,,fja_orig(norgate),SNPS:2017-03..2026-09,wikipedia_snapshot,SNPS,index_add,current,high,sec_ticker+wiki_current_cik+wiki_snapshot_cik,2015-08-24,2026-08-26
CIK0000883569,883569,FOSL,FOSL,"Fossil, Inc.",2012-04-04,2016-01-05,Willis Holdings merged with Towers Watson and was renamed Willis Towers Watson.,fja_orig(norgate),FOSL:2012-04..2015-12,wikipedia_snapshot,FOSL,index_add,index_remove,high,sec_ticker+wiki_snapshot_cik,2011-08-11,2026-08-13
CIK0000883980,883980,FDC,,First Data,1996-01-02,2007-09-25,FDC was acquired by KKR.,fja_orig(norgate),FDC:2007-03..2007-08,"wikipedia_first_observed(2007+),backfilled",FDC-200709,index_add,index_remove,high,name,1996-05-13,2019-07-25
CIK0000884887,884887,RCL,RCL,Royal Caribbean Group,2014-12-05,,,fja_orig(norgate),RCL:2014-12..2026-09,wikipedia_snapshot,RCL,index_add,current,high,sec_ticker+wiki_current_cik+wiki_snapshot_cik,1999-04-02,2026-07-28
CIK0000884905,884905,PX,,Praxair Inc.,1996-01-02,2018-10-31,,fja_orig(norgate),PX:2007-03..2018-09,"wikipedia_first_observed(2007+),backfilled",PX-201810,index_add,index_remove,high,wiki_snapshot_cik,1996-08-07,2018-11-09
CIK0000885639,885639,KSS,KSS,Kohl's Corp.,1998-08-14,2020-09-21,Market capitalization changes.,fja_orig(norgate)+fja_updated,KSS:2007-03..2020-08,"wikipedia_first_observed(2007+),backfilled",KSS,index_add,index_remove,high,sec_ticker+wiki_snapshot_cik,1996-06-18,2026-09-03
CIK0000885725,885725,BSX,BSX,Boston Scientific,1996-01-02,,,fja_orig(norgate),BSX:2007-03..2026-09,"wikipedia_first_observed(2007+),backfilled",BSX,index_add,current,high,sec_ticker+wiki_current_cik+wiki_snapshot_cik,1996-05-15,2026-08-03
CIK0000886158,886158,BBBY,,Bed Bath & Beyond,1999-10-01,2017-07-26,Market capitalization changes.,fja_orig(norgate),BBBY:2007-03..2017-06,"wikipedia_first_observed(2007+),backfilled",BBBY,index_add,index_remove,high,wiki_snapshot_cik,1996-05-24,2023-06-14
CIK0000886982,886982,GS,GS,Goldman Sachs,2002-07-22,,,fja_orig(norgate),GS:2007-03..2026-09,"wikipedia_first_observed(2007+),backfilled",GS,index_add,current,high,sec_ticker+wiki_current_cik+wiki_snapshot_cik,1999-07-09,2026-08-03
CIK0000889872,889872,CG,,COLUMBIA ENERGY CORP.,1996-01-02,2000-11-02,,fja_orig(norgate),,norgate_symbol(last_or_2019_ticker),CG-200011,index_add,index_remove,medium,analyst_hypothesis,1996-05-15,2001-11-14
CIK0000890801,890801,MFE,,McAfee,2008-12-23,2011-03-01,McAfee was acquired by Intel.,fja_orig(norgate),MFE:2008-12..2011-02,wikipedia_snapshot,MFE-201102,index_add,index_remove,high,name,1996-05-08,2011-02-28
CIK0000891024,891024,PDCO,,Patterson Companies,2005-10-11,2018-03-19,Market capitalization changes.,fja_orig(norgate),PDCO:2007-03..2018-02,"wikipedia_first_observed(2007+),backfilled",PDCO,index_add,index_remove,high,wiki_snapshot_cik,1996-07-26,2025-02-26
CIK0000891103,891103,IACI,MTCH,IAC/InterActive Corp.,2006-12-01,2008-08-21,,fja_orig(norgate),IACI:2007-03..2008-07,"wikipedia_first_observed(2007+),backfilled",IAC,index_add,index_remove,medium,analyst_hypothesis,2004-02-11,2026-08-05
CIK0000891103,891103,MTCH,MTCH,Match Group,2021-09-20,2026-03-23,Market capitalization changes.,fja_updated,MTCH:2021-09..2026-02,wikipedia_snapshot,MTCH,index_add,index_remove,high,sec_ticker+wiki_snapshot_cik,2018-11-09,2026-08-05
CIK0000894315,894315,DDR,SITC,Developers Diversified Rlty,2007-03-23,2009-03-30,,fja_orig(norgate),DDR:2008-01..2009-02,norgate_symbol(last_or_2019_ticker),DDR,index_add,index_remove,high,analyst_hypothesis+name,1996-05-15,2026-08-03
CIK0000895126,895126,CHK,EXE,Chesapeake Energy,2006-03-03,2018-03-19,Market capitalization changes.,fja_orig(norgate),CHK:2007-03..2018-02,"wikipedia_first_observed(2007+),backfilled",CHK,index_add,index_remove,high,wiki_snapshot_cik,1996-05-15,2026-07-28
CIK0000895126,895126,EXE,EXE,Expand Energy,2025-03-24,,,fja_updated,EXE:2025-03..2026-09,wikipedia_snapshot,EXE,index_add,current,high,sec_ticker+wiki_current_cik+wiki_snapshot_cik,2016-08-04,2026-07-28
CIK0000895421,895421,MS,MS,Morgan Stanley,1996-01-02,,,fja_orig(norgate),MS:2007-03..2026-09,"wikipedia_first_observed(2007+),backfilled",MS,index_add,current,high,sec_ticker+wiki_current_cik+wiki_snapshot_cik,1996-05-15,2026-08-04
CIK0000895648,895648,GGP,,Genl Growth Properties,2007-07-02,2008-11-13,,fja_orig(norgate),GGP:2008-01..2008-10,norgate_symbol(last_or_2019_ticker),GGP-201808,index_add,index_remove,high,same_norgate_key,1996-05-15,2010-10-29
CIK0000895812,895812,GTW,,GATEWAY INC,1998-04-27,2006-08-01,,fja_orig(norgate),,norgate_symbol(last_or_2019_ticker),GTW-200710,index_add,index_remove,medium,analyst_hypothesis,1996-08-08,2007-08-03
CIK0000896159,896159,ACE,CB,ACE Limited,2002-01-30,2008-07-18,,fja_orig(norgate),ACE:2007-03..2008-06,"wikipedia_first_observed(2007+),backfilled",CB,index_add,index_remove,high,same_norgate_key+sec_ticker,1996-05-15,2026-07-28
CIK0000896159,896159,ACE,CB,Chubb Limited,2010-07-15,,,fja_orig(norgate),ACE:2010-07..2015-12;CB:2016-01..2026-09,wikipedia_snapshot,CB,index_add,current,high,sec_ticker+wiki_current_cik+wiki_snapshot_cik,1996-05-15,2026-07-28
CIK0000896878,896878,INTU,INTU,Intuit,2000-12-11,,,fja_orig(norgate),INTU:2007-03..2026-09,"wikipedia_first_observed(2007+),backfilled",INTU,index_add,current,high,sec_ticker+wiki_current_cik+wiki_snapshot_cik,1996-06-12,2026-09-09
CIK0000897723,897723,SANM,SANM,Sanmina-SCI Corp.,2000-06-21,2007-07-02,,fja_orig(norgate),SANM:2007-03..2007-06,"wikipedia_first_observed(2007+),backfilled",SANM,index_add,index_remove,high,sec_ticker,1996-05-09,2026-07-27
CIK0000898173,898173,ORLY,ORLY,O'Reilly Automotive,2009-03-27,,,fja_orig(norgate),ORLY:2009-04..2026-09,norgate_symbol(last_or_2019_ticker),ORLY,index_add,current,high,sec_ticker+wiki_current_cik+wiki_snapshot_cik,1996-05-14,2026-08-07
CIK0000898293,898293,JBL,JBL,Jabil Circuit,2001-01-30,2014-11-05,Market capitalization changes.,fja_orig(norgate),JBL:2007-03..2014-10,"wikipedia_first_observed(2007+),backfilled",JBL,index_add,index_remove,high,sec_ticker+wiki_snapshot_cik,1999-04-14,2026-06-30
CIK0000898293,898293,JBL,JBL,Jabil,2023-12-18,,,fja_updated,JBL:2023-12..2026-09,wikipedia_snapshot,JBL,index_add,current,high,sec_ticker+wiki_current_cik+wiki_snapshot_cik,2018-04-05,2026-06-30
CIK0000899051,899051,ALL,ALL,Allstate,1996-01-02,,,fja_orig(norgate),ALL:2007-03..2026-09,"wikipedia_first_observed(2007+),backfilled",ALL,index_add,current,high,sec_ticker+wiki_current_cik+wiki_snapshot_cik,1996-05-14,2026-08-05
CIK0000899652,899652,CIN,,CINERGY CORP,1996-01-02,2006-04-03,,fja_orig(norgate),,norgate_symbol(last_or_2019_ticker),CIN-200603,index_add,index_remove,medium,analyst_hypothesis,1995-03-29,2006-08-14
CIK0000899689,899689,VNO,VNO,Vornado Realty Trust,2005-08-12,2023-01-04,Market capitalization changes.,fja_orig(norgate)+fja_updated,VNO:2007-03..2022-12,"wikipedia_first_observed(2007+),backfilled",VNO,index_add,index_remove,high,sec_ticker+wiki_snapshot_cik,1995-03-23,2026-08-03
CIK0000899866,899866,ALXN,,Alexion Pharmaceuticals,2012-05-25,2021-07-21,AstraZeneca acquired Alexion Pharmaceuticals.,fja_orig(norgate)+fja_updated,ALXN:2012-05..2021-06,wikipedia_snapshot,ALXN,index_add,index_remove,high,wiki_snapshot_cik,1996-06-13,2021-04-30
CIK0000899881,899881,PLD,,ProLogis,2003-07-17,2011-06-03,,fja_orig(norgate),PLD:2007-03..2011-05,"wikipedia_first_observed(2007+),backfilled",PLD-201106,index_add,index_remove,high,name,1996-05-09,2011-05-10
CIK0000900075,900075,CPRT,CPRT,Copart,2018-07-02,,,fja_orig(norgate),CPRT:2018-07..2026-09,wikipedia_snapshot,CPRT,index_add,current,high,sec_ticker+wiki_current_cik+wiki_snapshot_cik,2007-12-10,2026-05-29
CIK0000906107,906107,EQR,VMRK,Vivmark Residential,2001-12-03,,,fja_orig(norgate)+fja_updated,EQR:2007-03..2026-07;VMRK:2026-08..2026-09,"wikipedia_first_observed(2007+),backfilled","EQR,VMRK",index_add,current,high,wiki_snapshot_cik,2016-02-25,2026-07-30
CIK0000906163,906163,NVR,NVR,"NVR, Inc.",2019-09-26,,,fja_updated,NVR:2019-09..2026-09,wikipedia_snapshot,NVR,index_add,current,high,sec_ticker+wiki_current_cik+wiki_snapshot_cik,2009-07-29,2026-08-05
CIK0000906345,906345,CPT,CPT,Camden Property Trust,2022-04-04,,,fja_updated,CPT:2022-04..2026-09,wikipedia_snapshot,CPT,index_add,current,high,sec_ticker+wiki_current_cik+wiki_snapshot_cik,2011-02-24,2026-07-31
CIK0000906709,906709,NKTR,NKTR,Nektar Therapeutics,2018-03-19,2019-10-03,Market capitalization changes.,fja_orig(norgate)+fja_updated,NKTR:2018-03..2019-09,wikipedia_snapshot,NKTR,index_add,index_remove,high,sec_ticker+wiki_snapshot_cik,2015-08-06,2026-08-14
CIK0000908255,908255,BWA,BWA,BorgWarner,2011-12-19,2025-03-24,Market capitalization changes.,fja_orig(norgate)+fja_updated,BWA:2011-12..2025-02,wikipedia_snapshot,BWA,index_add,index_remove,high,sec_ticker+wiki_snapshot_cik,1996-05-15,2026-08-05
CIK0000909832,909832,COST,COST,Costco,1996-01-02,,,fja_orig(norgate),COST:2007-03..2026-09,"wikipedia_first_observed(2007+),backfilled",COST,index_add,current,high,sec_ticker+wiki_current_cik+wiki_snapshot_cik,1994-01-05,2026-06-03
CIK0000909954,909954,GMCR,,Keurig Green Mountain,2014-03-24,2016-03-03,JAB Holding Company acquired Keurig Green Mountain.,fja_orig(norgate),GMCR:2014-03..2016-02,wikipedia_snapshot,GMCR-201603,index_add,index_remove,high,wiki_snapshot_cik,2008-12-11,2016-02-01
CIK0000910521,910521,DECK,DECK,Deckers Brands,2024-03-18,,,fja_updated,DECK:2024-03..2026-09,wikipedia_snapshot,DECK,index_add,current,high,name_of_ticker_holder+sec_ticker+wiki_current_cik+wiki_snapshot_cik,2017-07-28,2026-07-30
CIK0000910606,910606,REG,REG,Regency Centers,2017-03-02,,,fja_orig(norgate),REG:2017-03..2026-09,wikipedia_snapshot,REG,index_add,current,high,sec_ticker+wiki_current_cik+wiki_snapshot_cik,1996-05-08,2026-08-03
CIK0000912093,912093,JDSU,VIAV,JDS Uniphase Corp.,2000-07-27,2013-12-23,Market capitalization changes.,fja_orig(norgate),JDSU:2007-03..2013-11,"wikipedia_first_observed(2007+),backfilled",VIAV,index_add,index_remove,high,sec_ticker,1996-09-26,2026-08-13
CIK0000912242,912242,MAC,MAC,Macerich,2013-05-09,2019-12-23,Market capitalization changes.,fja_orig(norgate)+fja_updated,MAC:2013-05..2019-11,wikipedia_snapshot,MAC,index_add,index_remove,high,sec_ticker+wiki_snapshot_cik,2012-11-05,2026-08-05
CIK0000912595,912595,MAA,MAA,Mid-America Apartment Communities,2016-12-02,,,fja_orig(norgate),MAA:2016-12..2026-09,wikipedia_snapshot,MAA,index_add,current,high,sec_ticker+wiki_current_cik+wiki_snapshot_cik,1996-05-14,2026-07-30
CIK0000912615,912615,URBN,URBN,Urban Outfitters,2010-02-08,2017-03-20,Market capitalization changes.,fja_orig(norgate),URBN:2010-04..2017-02,norgate_symbol(last_or_2019_ticker),URBN,index_add,index_remove,high,sec_ticker+wiki_snapshot_cik,1996-06-14,2026-09-09
CIK0000912750,912750,NFX,,Newfield Exploration Co,2010-12-20,2019-02-15,Encana acquired Newfield Exploration.,fja_orig(norgate)+fja_updated,NFX:2011-03..2019-01,norgate_symbol(last_or_2019_ticker),NFX,index_add,index_remove,high,wiki_snapshot_cik,2010-07-23,2018-10-31
CIK0000914208,914208,IVZ,IVZ,Invesco,2008-08-21,,,fja_orig(norgate),IVZ:2008-08..2026-09,wikipedia_snapshot,IVZ,index_add,current,high,sec_ticker+wiki_current_cik+wiki_snapshot_cik,2007-11-09,2026-08-04
CIK0000915389,915389,EMN,EMN,Eastman Chemical Company,1996-01-02,2025-11-04,Market capitalization changes.,fja_orig(norgate)+fja_updated,EMN:2007-03..2025-10,"wikipedia_first_observed(2007+),backfilled",EMN,index_add,index_remove,high,sec_ticker+wiki_snapshot_cik,1996-08-06,2026-07-31
CIK0000915912,915912,AVB,,AvalonBay Communities,2007-01-10,2026-08-18,Equity Residential (now Vivmark Residential) acquired AvalonBay Communities.,fja_orig(norgate)+fja_updated,AVB:2007-03..2026-07,"wikipedia_first_observed(2007+),backfilled",AVB,index_add,index_remove,high,wiki_snapshot_cik,1996-08-13,2026-07-30
CIK0000915913,915913,ALB,ALB,Albemarle Corporation,2016-07-01,,,fja_orig(norgate),ALB:2016-07..2026-09,wikipedia_snapshot,ALB,index_add,current,high,sec_ticker+wiki_current_cik+wiki_snapshot_cik,2014-07-31,2026-08-05
CIK0000916076,916076,MLM,MLM,Martin Marietta Materials,2014-07-02,,,fja_orig(norgate),MLM:2014-07..2026-09,wikipedia_snapshot,MLM,index_add,current,high,sec_ticker+wiki_current_cik+wiki_snapshot_cik,1996-05-14,2026-07-30
CIK0000916365,916365,TSCO,TSCO,Tractor Supply,2014-01-24,,,fja_orig(norgate),TSCO:2014-02..2026-09,norgate_symbol(last_or_2019_ticker),TSCO,index_add,current,high,sec_ticker+wiki_current_cik+wiki_snapshot_cik,1996-08-02,2026-08-06
CIK0000916457,916457,CPNLQ,,CALPINE CORP,2000-12-01,2005-12-02,,fja_orig(norgate),,norgate_symbol(last_or_2019_ticker),CPNLQ-200802,index_add,index_remove,medium,analyst_hypothesis,1996-05-15,2020-08-13
CIK0000916863,916863,TEG,,Integrys Energy Group Inc.,2007-02-22,2015-06-30,Integrys was acquired.,fja_orig(norgate),TEG:2007-03..2015-05,"wikipedia_first_observed(2007+),backfilled",TEG-201506,index_add,index_remove,high,wiki_snapshot_cik,2004-08-06,2015-08-05
CIK0000918040,918040,UCM,,UNICOM CORP,1996-01-02,2000-10-23,,fja_orig(norgate),,norgate_symbol(last_or_2019_ticker),UCM-200010,index_add,index_remove,medium,analyst_hypothesis,1994-11-10,2000-08-11
CIK0000918160,918160,AKS,,AK Steel Hldg Corp,2008-07-01,2011-12-19,Market capitalization changes.,fja_orig(norgate),AKS:2008-08..2011-11,norgate_symbol(last_or_2019_ticker),AKS,index_add,index_remove,high,name,1996-07-29,2020-03-10
CIK0000918386,918386,QLGC,,QLogic Corp.,2000-12-12,2011-01-18,,fja_orig(norgate),QLGC:2007-03..2010-12,"wikipedia_first_observed(2007+),backfilled",QLGC-201608,index_add,index_remove,high,name,1996-06-17,2016-08-08
CIK0000919623,919623,QTRN,,QUINTILES TRANSNATIONAL CORP,1999-11-16,2003-09-26,Acquired.,fja_orig(norgate),,norgate_symbol(last_or_2019_ticker),QTRN-200309,index_add,index_remove,high,name,1996-05-16,2005-11-14
CIK0000920148,920148,LH,LH,Labcorp,2004-11-01,,,fja_orig(norgate),LH:2007-03..2026-09,"wikipedia_first_observed(2007+),backfilled",LH,index_add,current,high,sec_ticker+wiki_current_cik+wiki_snapshot_cik,1994-08-15,2026-08-05
CIK0000920448,920448,BVSN,,BROADVISION INC,2000-11-06,2001-09-04,,fja_orig(norgate),,norgate_symbol(last_or_2019_ticker),BVSN,index_add,index_remove,medium,analyst_hypothesis,1996-08-14,2019-11-19
CIK0000920522,920522,ESS,ESS,Essex Property Trust,2014-04-02,,,fja_orig(norgate),ESS:2014-04..2026-09,wikipedia_snapshot,ESS,index_add,current,high,sec_ticker+wiki_current_cik+wiki_snapshot_cik,2013-02-25,2026-07-30
CIK0000920760,920760,LEN,LEN,Lennar,2005-10-04,,,fja_orig(norgate),LEN:2007-03..2026-09,"wikipedia_first_observed(2007+),backfilled",LEN,index_add,current,high,sec_ticker+wiki_current_cik+wiki_snapshot_cik,1996-08-01,2026-06-29
CIK0000921738,921738,PENN,PENN,Penn Entertainment,2021-03-22,2022-09-19,Market capitalization changes.,fja_updated,PENN:2021-03..2022-08,wikipedia_snapshot,PENN,index_add,index_remove,high,sec_ticker+wiki_snapshot_cik,2014-05-01,2026-08-06
CIK0000921847,921847,HCBK,,Hudson City Bancorp,2007-02-15,2015-11-02,HPQ completed the corporate spin-off of Hewlett Packard Enterprise.,fja_orig(norgate),HCBK:2007-03..2015-10,"wikipedia_first_observed(2007+),backfilled",HCBK-201510,index_add,index_remove,high,wiki_snapshot_cik,2004-03-15,2015-08-07
CIK0000922224,922224,PPL,PPL,PPL Corporation,1996-01-02,,,fja_orig(norgate),PPL:2007-03..2026-09,"wikipedia_first_observed(2007+),backfilled",PPL,index_add,current,high,sec_ticker+wiki_current_cik+wiki_snapshot_cik,1995-08-11,2026-08-07
CIK0000922621,922621,ERIE,ERIE,Erie Indemnity,2024-09-23,,,fja_updated,ERIE:2024-09..2026-09,wikipedia_snapshot,ERIE,index_add,current,high,sec_ticker+wiki_current_cik+wiki_snapshot_cik,2021-04-29,2026-07-30
CIK0000922864,922864,AIV,AIV,Apartment Investment & Management,2003-03-14,2020-12-21,Aimco completed the corporate spin-off of Apartment Income REIT.,fja_orig(norgate)+fja_updated,AIV:2007-03..2020-11,"wikipedia_first_observed(2007+),backfilled",AIV,index_add,index_remove,high,sec_ticker+wiki_snapshot_cik,1996-05-14,2026-08-07
CIK0000925260,925260,TMC,,TIMES MIRROR CO /NEW/,1996-01-02,2000-06-13,Tribune Co. acquired Times Mirror.,fja_orig(norgate),,norgate_symbol(last_or_2019_ticker),TMC-200006,index_add,index_remove,high,name,1995-03-29,2000-05-10
CIK0000925260.TMC-A,925260,TMC.A,,TIMES MIRROR CO /NEW/,1996-01-02,2000-06-13,Tribune Co. acquired Times Mirror.,fja_orig(norgate),,norgate_symbol(last_or_2019_ticker),TMC.A-200006,index_add,index_remove,medium,analyst_hypothesis,1995-03-29,2000-05-10
CIK0000927066,927066,DVA,DVA,DaVita,2008-07-31,,,fja_orig(norgate),DVA:2008-08..2026-09,norgate_symbol(last_or_2019_ticker),DVA,index_add,current,high,sec_ticker+wiki_current_cik+wiki_snapshot_cik,2003-05-08,2026-08-04
CIK0000927628,927628,COF,COF,Capital One,1998-07-01,,,fja_orig(norgate),COF:2007-03..2026-09,"wikipedia_first_observed(2007+),backfilled",COF,index_add,current,high,sec_ticker+wiki_current_cik+wiki_snapshot_cik,1996-08-14,2026-07-28
CIK0000927653,927653,MCK,MCK,McKesson Corporation,1999-01-13,,,fja_orig(norgate),MCK:2007-03..2026-09,"wikipedia_first_observed(2007+),backfilled",MCK,index_add,current,high,sec_ticker+wiki_current_cik+wiki_snapshot_cik,1995-02-13,2026-08-05
CIK0000929887,929887,APOL,,Apollo Group Inc,2002-05-15,2013-07-01,Market capitalization changes.,fja_orig(norgate),APOL:2007-03..2013-06,"wikipedia_first_observed(2007+),backfilled",APOL-201702,index_add,index_remove,high,name,1995-06-28,2017-01-09
CIK0000929987,929987,GDT,,GUIDANT CORP,1996-12-19,2006-04-24,,fja_orig(norgate),,norgate_symbol(last_or_2019_ticker),GDT-200604,index_add,index_remove,medium,analyst_hypothesis,1996-08-02,2006-02-22
CIK0000931336,931336,DF,,Dean Foods,2006-04-03,2013-05-24,DF was too small after spinoff of White Wave Foods.,fja_orig(norgate),DF:2007-03..2013-04,"wikipedia_first_observed(2007+),backfilled",DF,index_add,index_remove,high,name,1996-05-15,2020-03-20
CIK0000933136,933136,WM,,Washington Mutual,1997-07-02,2008-09-30,,fja_orig(norgate),WM:2007-03..2008-08,"wikipedia_first_observed(2007+),backfilled",WAMUQ-201203,index_add,index_remove,high,analyst_hypothesis+name,1996-05-15,2025-07-23
CIK0000934612,934612,BNI,,Burlington Northern Santa Fe Corp.,1996-01-02,2010-02-16,,fja_orig(norgate),BNI:2007-03..2009-12,"wikipedia_first_observed(2007+),backfilled",BNI-201002,index_add,index_remove,high,name,1995-11-13,2026-08-10
CIK0000935703,935703,DLTR,DLTR,Dollar Tree,2011-12-19,,,fja_orig(norgate),DLTR:2011-12..2026-09,wikipedia_snapshot,DLTR,index_add,current,high,sec_ticker+wiki_current_cik+wiki_snapshot_cik,1996-05-15,2026-08-27
CIK0000936340,936340,DTE,DTE,DTE Energy,1996-01-02,,,fja_orig(norgate),DTE:2007-03..2026-09,"wikipedia_first_observed(2007+),backfilled",DTE,index_add,current,high,sec_ticker+wiki_current_cik+wiki_snapshot_cik,1996-03-26,2026-07-28
CIK0000936395,936395,CIEN,CIEN,Ciena Corp.,2001-08-30,2009-12-21,Market capitalization changes.,fja_orig(norgate),CIEN:2007-03..2009-11,"wikipedia_first_observed(2007+),backfilled",CIEN,index_add,index_remove,high,same_norgate_key+sec_ticker,1997-03-17,2026-09-03
CIK0000936395,936395,CIEN,CIEN,Ciena,2026-02-09,,,fja_updated,CIEN:2026-02..2026-09,wikipedia_snapshot,CIEN,index_add,current,high,sec_ticker+wiki_current_cik+wiki_snapshot_cik,2021-03-10,2026-09-03
CIK0000936468,936468,LMT,LMT,Lockheed Martin,1996-01-02,,,fja_orig(norgate),LMT:2007-03..2026-09,"wikipedia_first_observed(2007+),backfilled",LMT,index_add,current,high,sec_ticker+wiki_current_cik+wiki_snapshot_cik,1995-05-10,2026-07-23
CIK0000940944,940944,DRI,DRI,Darden Restaurants,1996-01-02,,,fja_orig(norgate),DRI:2007-03..2026-09,"wikipedia_first_observed(2007+),backfilled",DRI,index_add,current,high,sec_ticker+wiki_current_cik+wiki_snapshot_cik,1996-08-16,2026-07-24
CIK0000941548,941548,CAM,,Cameron International Corp.,2008-01-29,2016-04-04,Schlumberger acquired Cameron.,fja_orig(norgate),CAM:2008-08..2016-03,norgate_symbol(last_or_2019_ticker),CAM-201604,index_add,index_remove,high,wiki_snapshot_cik,1996-05-13,2016-04-01
CIK0000943452,943452,WAB,WAB,Wabtec,2019-02-27,,,fja_updated,WAB:2019-02..2026-09,wikipedia_snapshot,WAB,index_add,current,high,sec_ticker+wiki_current_cik+wiki_snapshot_cik,2018-07-31,2026-07-22
CIK0000943819,943819,RMD,RMD,ResMed|,2017-07-26,,,fja_orig(norgate),RMD:2017-07..2026-09,wikipedia_snapshot,RMD,index_add,current,high,sec_ticker+wiki_current_cik+wiki_snapshot_cik,1996-05-14,2026-08-13
CIK0000945436,945436,SUNEQ,,MEMC Electronic Materials,2007-05-31,2011-12-19,Market capitalization changes.,fja_orig(norgate),WFR:2008-01..2011-11,norgate_symbol(last_or_2019_ticker),SUNEQ-201712,index_add,index_remove,high,name,2006-08-10,2015-11-09
CIK0000945764,945764,DNR,,Denbury Resources Inc.,2009-04-02,2015-03-23,Market capitalization changes.,fja_orig(norgate),DNR:2009-04..2015-02,wikipedia_snapshot,DNR,index_add,index_remove,high,wiki_snapshot_cik,1996-08-14,2023-11-21
CIK0000945841,945841,POOL,POOL,Pool Corporation,2020-10-07,2026-06-22,Market capitalization changes.,fja_updated,POOL:2020-10..2026-05,wikipedia_snapshot,POOL,index_add,index_remove,high,sec_ticker+wiki_snapshot_cik,2012-05-01,2026-07-29
CIK0000946581,946581,TTWO,TTWO,Take-Two Interactive,2018-03-19,,,fja_orig(norgate),TTWO:2018-03..2026-09,wikipedia_snapshot,TTWO,index_add,current,high,sec_ticker+wiki_current_cik+wiki_snapshot_cik,2015-02-06,2026-08-07
CIK0000947484,947484,ACGL,ACGL,Arch Capital Group,2022-11-01,,,fja_updated,ACGL:2022-11..2026-09,wikipedia_snapshot,ACGL,index_add,current,high,sec_ticker+wiki_current_cik+wiki_snapshot_cik,2014-08-08,2026-08-04
CIK0000949039,949039,DO,,Diamond Offshore Drilling,2009-02-26,2016-10-03,Siris Capital Group acquired Polycom.,fja_orig(norgate),DO:2009-03..2016-08,norgate_symbol(last_or_2019_ticker),DO,index_add,index_remove,high,wiki_snapshot_cik,1996-07-29,2024-08-07
CIK0000949061,949061,UPR,,UNION PACIFIC RESOURCES GROUP INC,1996-10-16,2000-07-17,,fja_orig(norgate),,norgate_symbol(last_or_2019_ticker),UPR-200007,index_add,index_remove,medium,analyst_hypothesis,1996-05-14,2000-05-15
CIK0000949573,949573,PNU,,PHARMACIA & UPJOHN INC,1996-01-02,2000-04-03,,fja_orig(norgate),,norgate_symbol(last_or_2019_ticker),PNU-200003,index_add,index_remove,medium,analyst_hypothesis,1996-04-01,2000-03-20
CIK0001000180,1000180,SNDK,,SanDisk Corporation,2006-04-20,2016-05-12,Sandisk was acquired by Western Digital.,fja_orig(norgate),SNDK:2007-03..2016-04,"wikipedia_first_observed(2007+),backfilled",SNDK-201605,index_add,index_remove,high,wiki_snapshot_cik,1996-08-14,2016-05-02
CIK0001000228,1000228,HSIC,HSIC,Henry Schein,2015-03-18,,,fja_orig(norgate),HSIC:2015-03..2026-09,wikipedia_snapshot,HSIC,index_add,current,high,sec_ticker+wiki_current_cik+wiki_snapshot_cik,1996-05-13,2026-08-04
CIK0001000697,1000697,WAT,WAT,Waters Corporation,2002-01-02,,,fja_orig(norgate),WAT:2007-03..2026-09,"wikipedia_first_observed(2007+),backfilled",WAT,index_add,current,high,sec_ticker+wiki_current_cik+wiki_snapshot_cik,1996-08-13,2026-08-11
CIK0001000736,1000736,CMX,,CAREMARK RX INC,2004-03-25,2007-03-23,,fja_orig(norgate),,norgate_symbol(last_or_2019_ticker),CMX-200703,index_add,index_remove,medium,analyst_hypothesis,1996-05-15,2007-02-27
CIK0001001082,1001082,DISH,,Dish Network,2017-03-13,2023-06-20,Market capitalization changes.,fja_orig(norgate)+fja_updated,DISH:2017-03..2023-05,wikipedia_snapshot,DISH,index_add,index_remove,high,wiki_snapshot_cik,2013-08-06,2025-11-14
CIK0001001250,1001250,EL,EL,Estée Lauder Companies (The),2006-01-05,,,fja_orig(norgate),EL:2007-03..2026-09,"wikipedia_first_observed(2007+),backfilled",EL,index_add,current,high,sec_ticker+wiki_current_cik+wiki_snapshot_cik,1996-10-30,2026-08-19
CIK0001001288,1001288,LXK,,Lexmark Int'l Inc,1999-08-13,2012-10-01,Tyco completed the corporate spin-off of ADT.,fja_orig(norgate),LXK:2007-03..2012-09,"wikipedia_first_observed(2007+),backfilled",LXK-201611,index_add,index_remove,high,name,1996-08-08,2016-11-04
CIK0001002047,1002047,NTAP,NTAP,NetApp,1999-06-25,,,fja_orig(norgate),NTAP:2007-03..2026-09,"wikipedia_first_observed(2007+),backfilled",NTAP,index_add,current,high,sec_ticker+wiki_current_cik+wiki_snapshot_cik,1996-07-25,2026-09-02
CIK0001002910,1002910,AEE,AEE,Ameren,1996-01-02,,,fja_orig(norgate),AEE:2007-03..2026-09,"wikipedia_first_observed(2007+),backfilled",AEE,index_add,current,high,sec_ticker+wiki_current_cik+wiki_snapshot_cik,1998-03-30,2026-08-03
CIK0001004155,1004155,GAS,,AGL Resources Inc.,2011-12-13,2016-07-01,AGL Resources was acquired by Southern Company.,fja_orig(norgate),GAS:2011-12..2016-06,wikipedia_snapshot,GAS-201606,index_add,index_remove,high,wiki_snapshot_cik,2011-08-03,2026-07-30
CIK0001004434,1004434,AMG,AMG,Affiliated Managers Group Inc,2014-07-01,2019-12-23,Market capitalization changes.,fja_orig(norgate)+fja_updated,AMG:2014-07..2019-11,wikipedia_snapshot,AMG,index_add,index_remove,high,sec_ticker+wiki_snapshot_cik,2013-05-07,2026-08-07
CIK0001004440,1004440,CEG,,Constellation Energy Group,1996-01-02,2012-03-13,Constellation was acquired by Exelon,fja_orig(norgate),CEG:2007-03..2012-02,"wikipedia_first_observed(2007+),backfilled",CEG-201203,index_add,index_remove,high,name,1997-05-14,2012-04-27
CIK0001004858,1004858,NCE,,NEW CENTURY ENERGIES INC,1998-11-03,2000-08-21,,fja_orig(norgate),,norgate_symbol(last_or_2019_ticker),NCE-200008,index_add,index_remove,medium,analyst_hypothesis,1996-03-27,2000-08-07
CIK0001004980,1004980,PCG,PCG,PG&E Corp.,1996-01-02,2019-01-18,Pacific Gas & Electric Company filed for bankruptcy.,fja_orig(norgate)+fja_updated,PCG:2007-03..2018-12,"wikipedia_first_observed(2007+),backfilled",PCG,index_add,index_remove,high,sec_ticker+wiki_snapshot_cik,1997-03-04,2026-07-23
CIK0001004980,1004980,PCG,PCG,PG&E Corporation,2022-10-03,,,fja_updated,PCG:2022-10..2026-09,wikipedia_snapshot,PCG,index_add,current,high,sec_ticker+wiki_current_cik+wiki_snapshot_cik,2017-11-02,2026-07-23
CIK0001005414,1005414,TOY,,TOYS R US INC,1996-01-02,2005-07-22,,fja_orig(norgate),,norgate_symbol(last_or_2019_ticker),TOY-200507,index_add,index_remove,medium,analyst_hypothesis,1996-04-25,2017-12-19
CIK0001006240,1006240,LU,,ALCATEL-LUCENT USA INC.,1996-10-01,2006-12-01,,fja_orig(norgate),,norgate_symbol(last_or_2019_ticker),LU-200611,index_add,index_remove,medium,analyst_hypothesis,1996-05-17,2006-12-14
CIK0001006835,1006835,SEBL,,SIEBEL SYSTEMS INC,2000-05-05,2006-02-01,,fja_orig(norgate),,norgate_symbol(last_or_2019_ticker),SEBL-200601,index_add,index_remove,medium,analyst_hypothesis,1996-08-14,2005-11-07
CIK0001007456,1007456,EDS,,Electronic Data Systems,1998-08-11,2008-08-26,,fja_orig(norgate),EDS:2007-03..2008-07,"wikipedia_first_observed(2007+),backfilled",EDS-200808,index_add,index_remove,high,name,1996-05-29,2008-08-01
CIK0001008654,1008654,TUP,,TUPPERWARE BRANDS CORP,1996-05-31,2004-03-25,,fja_orig(norgate),,norgate_symbol(last_or_2019_ticker),TUP,index_add,index_remove,medium,analyst_hypothesis,1996-05-30,2024-03-29
CIK0001008817,1008817,SAPE,,SAPIENT CORP,2000-05-05,2002-05-13,,fja_orig(norgate),,norgate_symbol(last_or_2019_ticker),SAPE-201502,index_add,index_remove,medium,analyst_hypothesis,1996-05-17,2014-11-06
CIK0001010775,1010775,MIR,,MIRANT CORP,2001-04-03,2003-07-17,,fja_orig(norgate),,norgate_symbol(last_or_2019_ticker),MIR-201012,index_add,index_remove,medium,analyst_hypothesis,2000-11-14,2010-11-05
CIK0001011006,1011006,YHOO,,Yahoo Inc.,1999-12-08,2017-06-19,Verizon acquired Yahoo operations; remainder of Yahoo became Altaba.,fja_orig(norgate),YHOO:2007-03..2017-05,"wikipedia_first_observed(2007+),backfilled",AABA,index_add,index_remove,high,wiki_snapshot_cik,1996-08-14,2017-05-09
CIK0001011657,1011657,TIE,,Titanium Metals Corp,2007-10-29,2012-12-24,TIE was acquired by Precision Cast Parts.,fja_orig(norgate),TIE:2008-01..2012-11,norgate_symbol(last_or_2019_ticker),TIE-201301,index_add,index_remove,high,name,1998-11-16,2012-11-13
CIK0001012100,1012100,GRA,,SEALED AIR CORP/DE,1998-03-24,2000-12-11,Market capitalization changes.,fja_orig(norgate),,norgate_symbol(last_or_2019_ticker),GRA,index_add,index_remove,high,name,1996-11-14,2026-03-02
CIK0001012100.SEE,1012100,SEE,,Sealed Air,1998-04-01,2023-12-18,Market capitalization changes.,fja_orig(norgate)+fja_updated,SEE:2007-03..2023-11,"wikipedia_first_observed(2007+),backfilled",SEE,index_add,index_remove,high,wiki_snapshot_cik,1996-11-14,2026-03-02
CIK0001013220,1013220,WLP,,WELLPOINT HEALTH NETWORKS INC /DE/,1999-06-09,2004-12-01,,fja_orig(norgate),,norgate_symbol(last_or_2019_ticker),WLP-200411,index_add,index_remove,high,name,1996-08-14,2004-11-09
CIK0001013237,1013237,FDS,FDS,FactSet,2021-12-20,,,fja_updated,FDS:2021-12..2026-09,wikipedia_snapshot,FDS,index_add,current,high,sec_ticker+wiki_current_cik+wiki_snapshot_cik,2014-10-30,2026-07-01
CIK0001013462,1013462,ANSS,,Ansys,2017-06-19,2025-07-18,Synopsys acquired Ansys.,fja_orig(norgate)+fja_updated,ANSS:2017-06..2025-06,wikipedia_snapshot,ANSS,index_add,index_remove,high,wiki_snapshot_cik,2014-02-27,2025-04-30
CIK0001013871,1013871,NRG,NRG,NRG Energy,2010-01-29,,,fja_orig(norgate),NRG:2010-04..2026-09,norgate_symbol(last_or_2019_ticker),NRG,index_add,current,high,sec_ticker+wiki_current_cik+wiki_snapshot_cik,2004-03-16,2026-08-04
CIK0001014473,1014473,VRSN,VRSN,Verisign,2006-02-01,,,fja_orig(norgate),VRSN:2007-03..2026-09,"wikipedia_first_observed(2007+),backfilled",VRSN,index_add,current,high,sec_ticker+wiki_current_cik+wiki_snapshot_cik,1998-05-11,2026-07-23
CIK0001015780,1015780,ETFC,,E*Trade,2004-04-01,2020-10-07,Morgan Stanley acquired E*Trade.,fja_orig(norgate)+fja_updated,ETFC:2007-03..2020-09,"wikipedia_first_observed(2007+),backfilled",ETFC,index_add,index_remove,high,wiki_snapshot_cik,1996-12-24,2020-08-05
CIK0001017008,1017008,UVN,,UNIVISION COMMUNICATIONS INC,2001-02-07,2007-03-29,,fja_orig(norgate),,norgate_symbol(last_or_2019_ticker),UVN-200703,index_add,index_remove,medium,analyst_hypothesis,1996-11-14,2009-05-15
CIK0001018724,1018724,AMZN,AMZN,Amazon,2005-11-21,,,fja_orig(norgate),AMZN:2007-03..2026-09,"wikipedia_first_observed(2007+),backfilled",AMZN,index_add,current,high,sec_ticker+wiki_current_cik+wiki_snapshot_cik,2000-03-29,2026-07-31
CIK0001018840,1018840,ANF,ANF,Abercrombie & Fitch Company A,2007-03-29,2013-12-23,Market capitalization changes.,fja_orig(norgate),ANF:2008-01..2013-11,norgate_symbol(last_or_2019_ticker),ANF,index_add,index_remove,high,sec_ticker,1996-12-13,2026-09-04
CIK0001018963,1018963,ATI,ATI,Allegheny Technologies Inc,1996-01-02,2015-07-02,Spin off of Columbia Pipeline.,fja_orig(norgate),ATI:2007-03..2015-06,"wikipedia_first_observed(2007+),backfilled",ATI,index_add,index_remove,high,sec_ticker+wiki_snapshot_cik,1996-11-14,2026-08-06
CIK0001020265,1020265,TSG,,Sabre Holding Corp.,2000-03-16,2007-04-02,Sabre was acquired.,fja_orig(norgate),TSG:2007-03..2007-03,"wikipedia_first_observed(2007+),backfilled",TSG-200703,index_add,index_remove,high,name,1996-11-21,2007-02-23
CIK0001020416,1020416,MNST,,Monster Worldwide,2001-06-04,2011-12-19,Market capitalization changes.,fja_orig(norgate),MNST:2007-03..2008-12;MWW:2009-01..2011-11,"wikipedia_first_observed(2007+),backfilled",MWW-201610,index_add,index_remove,high,name,1997-03-28,2016-10-31
CIK0001020569,1020569,IRM,IRM,Iron Mountain,2009-01-06,,,fja_orig(norgate),IRM:2009-01..2026-09,wikipedia_snapshot,IRM,index_add,current,high,sec_ticker+wiki_current_cik+wiki_snapshot_cik,1996-12-05,2026-08-05
CIK0001021387,1021387,TWX,,HISTORIC TW INC,1996-01-02,2001-01-12,,fja_orig(norgate),,norgate_symbol(last_or_2019_ticker),TWX-200101,index_add,index_remove,medium,analyst_hypothesis,1997-03-25,2000-11-13
CIK0001021860,1021860,NOV,NOV,Nov,2005-03-14,2021-09-20,Market capitalization changes.,fja_orig(norgate)+fja_updated,NOV:2007-03..2021-08,"wikipedia_first_observed(2007+),backfilled",NOV,index_add,index_remove,high,sec_ticker+wiki_snapshot_cik,1996-12-12,2026-07-29
CIK0001022079,1022079,DGX,DGX,Quest Diagnostics,2002-12-12,,,fja_orig(norgate),DGX:2007-03..2026-09,"wikipedia_first_observed(2007+),backfilled",DGX,index_add,current,high,sec_ticker+wiki_current_cik+wiki_snapshot_cik,1997-03-19,2026-07-23
CIK0001022671,1022671,STLD,STLD,Steel Dynamics,2022-12-22,,,fja_updated,STLD:2022-12..2026-09,wikipedia_snapshot,STLD,index_add,current,high,sec_ticker+wiki_current_cik+wiki_snapshot_cik,2019-05-10,2026-07-28
CIK0001023291,1023291,TXU,,TXU Corp.,1996-01-02,2007-10-10,,fja_orig(norgate),TXU:2007-03..2007-09,"wikipedia_first_observed(2007+),backfilled",TXU-200710,index_add,index_remove,high,name,1997-11-14,2016-11-01
CIK0001024305,1024305,COTY,COTY,"Coty, Inc",2016-10-03,2020-09-21,Market capitalization changes.,fja_orig(norgate)+fja_updated,COTY:2016-10..2020-08,wikipedia_snapshot,COTY,index_add,index_remove,high,sec_ticker+wiki_snapshot_cik,2014-11-06,2026-08-20
CIK0001024401,1024401,ENRNQ,,ENRON CORP/OR/,1996-01-02,2001-11-30,,fja_orig(norgate),,norgate_symbol(last_or_2019_ticker),ENRNQ-200411,index_add,index_remove,medium,analyst_hypothesis,1996-11-25,2001-11-19
CIK0001024478,1024478,ROK,ROK,Rockwell Automation,1996-01-02,,,fja_orig(norgate),ROK:2007-03..2026-09,"wikipedia_first_observed(2007+),backfilled",ROK,index_add,current,high,sec_ticker+wiki_current_cik+wiki_snapshot_cik,1996-12-19,2026-08-04
CIK0001026214,1026214,FRE,FMCC,Federal Home Loan Mtg.,1996-01-02,2008-09-11,Market capitalization changes.,fja_orig(norgate),FRE:2007-03..2008-08,"wikipedia_first_observed(2007+),backfilled",FMCC,index_add,index_remove,high,sec_ticker,2008-08-06,2026-07-30
CIK0001030048,1030048,YNR,,YOUNG & RUBICAM INC.,2000-01-06,2000-10-03,,fja_orig(norgate),,norgate_symbol(last_or_2019_ticker),YNR-200010,index_add,index_remove,medium,analyst_hypothesis,1998-06-25,2000-08-03
CIK0001031296,1031296,FE,FE,FirstEnergy,1996-01-02,,,fja_orig(norgate),FE:2007-03..2026-09,"wikipedia_first_observed(2007+),backfilled",FE,index_add,current,high,sec_ticker+wiki_current_cik+wiki_snapshot_cik,1998-03-30,2026-07-28
CIK0001032033,1032033,SLM,SLM,SLM Corporation,1998-07-01,2014-05-01,SLM completed the corporate spin-off of Navient.,fja_orig(norgate),SLM:2007-03..2014-03,"wikipedia_first_observed(2007+),backfilled",SLM,index_add,index_remove,high,sec_ticker,1997-08-06,2026-07-23
CIK0001032208,1032208,SRE,SRE,Sempra,1998-06-29,,,fja_orig(norgate),SRE:2007-03..2026-09,"wikipedia_first_observed(2007+),backfilled",SRE,index_add,current,high,sec_ticker+wiki_current_cik+wiki_snapshot_cik,1998-08-14,2026-08-06
CIK0001034054,1034054,SBAC,SBAC,SBA Communications,2017-09-01,,,fja_orig(norgate),SBAC:2017-09..2026-09,wikipedia_snapshot,SBAC,index_add,current,high,sec_ticker+wiki_current_cik+wiki_snapshot_cik,2014-05-09,2026-08-06
CIK0001035002,1035002,VLO,VLO,Valero Energy,2004-04-29,,,fja_orig(norgate),VLO:2007-03..2026-09,"wikipedia_first_observed(2007+),backfilled",VLO,index_add,current,high,sec_ticker+wiki_current_cik+wiki_snapshot_cik,1997-06-27,2026-07-30
CIK0001035267,1035267,ISRG,ISRG,Intuitive Surgical,2008-06-02,,,fja_orig(norgate),ISRG:2008-08..2026-09,norgate_symbol(last_or_2019_ticker),ISRG,index_add,current,high,sec_ticker+wiki_current_cik+wiki_snapshot_cik,2000-08-14,2026-07-21
CIK0001035443,1035443,ARE,ARE,Alexandria Real Estate Equities,2017-03-20,,,fja_orig(norgate),ARE:2017-03..2026-09,wikipedia_snapshot,ARE,index_add,current,high,sec_ticker+wiki_current_cik+wiki_snapshot_cik,1997-08-14,2026-08-03
CIK0001035713,1035713,PVN,,PROVIDIAN FINANCIAL CORP,1997-06-11,2005-10-03,,fja_orig(norgate),,norgate_symbol(last_or_2019_ticker),PVN-200509,index_add,index_remove,medium,analyst_hypothesis,1997-08-14,2005-08-09
CIK0001035983,1035983,FIX,FIX,Comfort Systems USA,2025-12-22,,,fja_updated,FIX:2025-12..2026-09,wikipedia_snapshot,FIX,index_add,current,high,sec_ticker+wiki_current_cik+wiki_snapshot_cik,2013-05-01,2026-07-23
CIK0001037038,1037038,RL,RL,Ralph Lauren Corporation,2007-02-02,,,fja_orig(norgate),RL:2007-03..2026-09,"wikipedia_first_observed(2007+),backfilled",RL,index_add,current,high,sec_ticker+wiki_current_cik+wiki_snapshot_cik,1997-08-12,2026-08-06
CIK0001037540,1037540,BXP,BXP,"BXP, Inc.",2006-04-03,,,fja_orig(norgate),BXP:2007-03..2026-09,"wikipedia_first_observed(2007+),backfilled",BXP,index_add,current,high,sec_ticker+wiki_current_cik+wiki_snapshot_cik,2000-03-24,2026-08-06
CIK0001037646,1037646,MTD,MTD,Mettler Toledo,2016-09-06,,,fja_orig(norgate),MTD:2016-09..2026-09,wikipedia_snapshot,MTD,index_add,current,high,sec_ticker+wiki_current_cik+wiki_snapshot_cik,2014-02-07,2026-07-31
CIK0001037868,1037868,AME,AME,Ametek,2013-09-23,,,fja_orig(norgate),AME:2013-11..2026-09,norgate_symbol(last_or_2019_ticker),AME,index_add,current,high,sec_ticker+wiki_current_cik+wiki_snapshot_cik,2000-08-08,2026-08-04
CIK0001038339,1038339,EOP,,EQUITY OFFICE PROPERTIES TRUST,2001-10-10,2007-02-12,,fja_orig(norgate),,norgate_symbol(last_or_2019_ticker),EOP-200702,index_add,index_remove,medium,analyst_hypothesis,1997-08-21,2006-11-07
CIK0001038357,1038357,PXD,,Pioneer Natural Resources,2008-09-24,2024-05-08,ExxonMobil acquired Pioneer Natural Resources.,fja_orig(norgate)+fja_updated,PXD:2008-09..2024-04,wikipedia_snapshot,PXD,index_add,index_remove,high,wiki_snapshot_cik,1997-08-14,2024-05-02
CIK0001039101,1039101,LLL,,L-3 Communications Holdings,2004-12-01,2019-07-01,L3 was acquired by Harris Corporation.,fja_orig(norgate)+fja_updated,LLL:2007-03..2019-06,"wikipedia_first_observed(2007+),backfilled",LLL,index_add,index_remove,high,wiki_snapshot_cik,1997-11-14,2019-05-01
CIK0001039684,1039684,OKE,OKE,ONEOK INC /NEW/,1996-01-02,2001-08-30,,fja_orig(norgate),,norgate_symbol(last_or_2019_ticker),OKE,index_add,index_remove,medium,name_of_ticker_holder+same_norgate_key+sec_ticker,1998-01-14,2026-08-04
CIK0001039684,1039684,OKE,OKE,Oneok,2010-03-15,,,fja_orig(norgate),OKE:2010-04..2026-09,norgate_symbol(last_or_2019_ticker),OKE,index_add,current,high,sec_ticker+wiki_current_cik+wiki_snapshot_cik,2005-03-08,2026-08-04
CIK0001040971,1040971,SLG,SLG,SL Green Realty,2015-03-23,2021-03-22,Market capitalization changes.,fja_orig(norgate)+fja_updated,SLG:2015-03..2021-02,wikipedia_snapshot,SLG,index_add,index_remove,high,sec_ticker+wiki_snapshot_cik,2012-11-07,2026-08-06
CIK0001041061,1041061,YUM,YUM,Yum! Brands,1997-10-07,,,fja_orig(norgate),YUM:2007-03..2026-09,"wikipedia_first_observed(2007+),backfilled",YUM,index_add,current,high,sec_ticker+wiki_current_cik+wiki_snapshot_cik,1997-10-21,2026-08-05
CIK0001042825,1042825,PWER,,POWER ONE INC,2000-10-23,2005-03-14,,fja_orig(norgate),,norgate_symbol(last_or_2019_ticker),PWER-201307,index_add,index_remove,medium,analyst_hypothesis,1997-11-12,2013-05-10
CIK0001043277,1043277,CHRW,CHRW,C.H. Robinson,2007-03-02,,,fja_orig(norgate),CHRW:2007-03..2026-09,wikipedia_snapshot,CHRW,index_add,current,high,sec_ticker+wiki_current_cik+wiki_snapshot_cik,1997-11-14,2026-07-31
CIK0001043604,1043604,JNPR,,Juniper Networks,2006-06-02,2025-07-09,Hewlett Packard Enterprise acquired Juniper Networks.,fja_orig(norgate)+fja_updated,JNPR:2007-03..2025-06,"wikipedia_first_observed(2007+),backfilled",JNPR,index_add,index_remove,high,wiki_snapshot_cik,1999-07-30,2025-05-09
CIK0001045609,1045609,PLD,PLD,Prologis,2011-06-03,,,fja_orig(norgate),PLD:2011-06..2026-09,wikipedia_snapshot,PLD,index_add,current,high,sec_ticker+wiki_current_cik+wiki_snapshot_cik,1998-03-31,2026-07-29
CIK0001045810,1045810,NVDA,NVDA,Nvidia,2001-11-30,,,fja_orig(norgate),NVDA:2007-03..2026-09,"wikipedia_first_observed(2007+),backfilled",NVDA,index_add,current,high,sec_ticker+wiki_current_cik+wiki_snapshot_cik,1999-04-29,2026-08-26
CIK0001047122,1047122,RTN,,Raytheon Co.,1996-01-02,2020-04-06,United Technologies corporate spin-off of Otis and Carrier and acquired Raytheon Company.,fja_orig(norgate)+fja_updated,RTN:2007-03..2020-03,"wikipedia_first_observed(2007+),backfilled",RTN,index_add,index_remove,high,wiki_snapshot_cik,1998-03-30,2020-04-01
CIK0001047699,1047699,KG,,King Pharmaceuticals,2000-10-03,2010-12-20,King was acquired by Pfizer.,fja_orig(norgate),KG:2007-03..2010-11,"wikipedia_first_observed(2007+),backfilled",KG-201102,index_add,index_remove,high,name,1998-08-14,2010-11-05
CIK0001047862,1047862,ED,ED,Consolidated Edison,1996-01-02,,,fja_orig(norgate),ED:2007-03..2026-09,"wikipedia_first_observed(2007+),backfilled",ED,index_add,current,high,sec_ticker+wiki_current_cik+wiki_snapshot_cik,1998-03-27,2026-08-06
CIK0001048286,1048286,MAR,MAR,Marriott International,1998-05-21,,,fja_orig(norgate),MAR:2007-03..2026-09,"wikipedia_first_observed(2007+),backfilled",MAR,index_add,current,high,sec_ticker+wiki_current_cik+wiki_snapshot_cik,1998-03-06,2026-08-03
CIK0001048695,1048695,FFIV,FFIV,"F5, Inc.",2010-12-20,,,fja_orig(norgate),FFIV:2011-03..2026-09,norgate_symbol(last_or_2019_ticker),FFIV,index_add,current,high,sec_ticker+wiki_current_cik+wiki_snapshot_cik,1999-08-11,2026-08-06
CIK0001048911,1048911,FDX,FDX,FedEx,1996-01-02,,,fja_orig(norgate),FDX:2007-03..2026-09,"wikipedia_first_observed(2007+),backfilled",FDX,index_add,current,high,sec_ticker+wiki_current_cik+wiki_snapshot_cik,1998-04-10,2026-07-20
CIK0001050915,1050915,PWR,PWR,Quanta Services,2009-07-01,,,fja_orig(norgate),PWR:2009-07..2026-09,wikipedia_snapshot,PWR,index_add,current,high,sec_ticker+wiki_current_cik+wiki_snapshot_cik,1998-03-31,2026-07-30
CIK0001051470,1051470,CCI,CCI,Crown Castle,2012-03-13,,,fja_orig(norgate),CCI:2012-04..2026-09,norgate_symbol(last_or_2019_ticker),CCI,index_add,current,high,sec_ticker+wiki_current_cik+wiki_snapshot_cik,1998-05-15,2026-08-05
CIK0001053112,1053112,CVC,,Cablevision Systems Corp.,2010-12-20,2016-06-21,Cablevision Systems was acquired by Altice.,fja_orig(norgate),CVC:2011-03..2016-05,norgate_symbol(last_or_2019_ticker),CVC-201606,index_add,index_remove,high,wiki_snapshot_cik,2006-09-21,2016-05-05
CIK0001053507,1053507,AMT,AMT,American Tower,2007-11-19,,,fja_orig(norgate),AMT:2007-11..2026-09,wikipedia_snapshot,AMT,index_add,current,high,sec_ticker+wiki_current_cik+wiki_snapshot_cik,1998-04-09,2026-07-28
CIK0001054374,1054374,BRCM,,Broadcom Corporation,2000-07-03,2016-02-01,,fja_orig(norgate),BRCM:2007-03..2015-12,"wikipedia_first_observed(2007+),backfilled",BRCM-201601,index_add,index_remove,high,wiki_snapshot_cik,1998-05-15,2015-10-26
CIK0001054833,1054833,CVH,,Coventry Health Care Inc.,2005-08-30,2013-05-07,CVH was acquired by Aetna.,fja_orig(norgate),CVH:2007-03..2013-04,"wikipedia_first_observed(2007+),backfilled",CVH-201305,index_add,index_remove,high,name,1998-05-12,2013-05-01
CIK0001056288,1056288,FII,FHI,Federated Investors Inc.,2003-04-16,2013-01-02,Abbott Labs completed the corporate spin-off of AbbVie.,fja_orig(norgate),FII:2007-03..2012-12,"wikipedia_first_observed(2007+),backfilled",FII,index_add,index_remove,high,name,2000-05-15,2026-07-31
CIK0001057352,1057352,CSGP,CSGP,CoStar Group,2022-09-19,,,fja_updated,CSGP:2022-09..2026-09,wikipedia_snapshot,CSGP,index_add,current,high,sec_ticker+wiki_current_cik+wiki_snapshot_cik,2011-07-28,2026-07-29
CIK0001058083,1058083,RX,,IMS Health Inc.,1996-11-04,2010-02-26,IMS was acquired by affiliates of TPG Capital,fja_orig(norgate),RX:2007-03..2010-01,"wikipedia_first_observed(2007+),backfilled",RX-201002,index_add,index_remove,high,name,1998-08-14,2010-02-17
CIK0001058090,1058090,CMG,CMG,Chipotle Mexican Grill,2011-04-28,,,fja_orig(norgate),CMG:2011-05..2026-09,norgate_symbol(last_or_2019_ticker),CMG,index_add,current,high,sec_ticker+wiki_current_cik+wiki_snapshot_cik,2006-03-17,2026-07-31
CIK0001058290,1058290,CTSH,CTSH,Cognizant,2006-11-17,,,fja_orig(norgate),CTSH:2007-03..2026-09,"wikipedia_first_observed(2007+),backfilled",CTSH,index_add,current,high,sec_ticker+wiki_current_cik+wiki_snapshot_cik,1998-08-12,2026-07-29
CIK0001059556,1059556,MCO,MCO,Moody's Corporation,1996-01-02,,,fja_orig(norgate),MCO:2007-03..2026-09,"wikipedia_first_observed(2007+),backfilled",MCO,index_add,current,high,sec_ticker+wiki_current_cik+wiki_snapshot_cik,1998-08-14,2026-07-23
CIK0001060391,1060391,RSG,RSG,Republic Services,2008-12-05,,,fja_orig(norgate),RSG:2009-03..2026-09,norgate_symbol(last_or_2019_ticker),RSG,index_add,current,high,sec_ticker+wiki_current_cik+wiki_snapshot_cik,2007-11-07,2026-08-07
CIK0001061322,1061322,GX,,GLOBAL CROSSING LTD,1999-09-29,2001-10-10,,fja_orig(norgate),,norgate_symbol(last_or_2019_ticker),GX-200201,index_add,index_remove,medium,analyst_hypothesis,1998-11-16,2011-08-04
CIK0001062047,1062047,CVG,,Convergys Corp.,2000-06-13,2009-12-21,Market capitalization changes.,fja_orig(norgate),CVG:2007-03..2009-11,"wikipedia_first_observed(2007+),backfilled",CVG,index_add,index_remove,high,name,1998-09-25,2018-08-07
CIK0001062379,1062379,KSE,,Keyspan Energy,2000-08-21,2007-08-27,KeySpan was acquired by National Grid plc.,fja_orig(norgate),KSE:2007-03..2007-07,"wikipedia_first_observed(2007+),backfilled",KSE-200708,index_add,index_remove,high,name,1998-08-13,2007-08-03
CIK0001063761,1063761,SPG,SPG,Simon Property Group,2002-06-26,,,fja_orig(norgate),SPG:2007-03..2026-09,"wikipedia_first_observed(2007+),backfilled",SPG,index_add,current,high,sec_ticker+wiki_current_cik+wiki_snapshot_cik,1998-09-22,2026-08-10
CIK0001064728,1064728,BTU,BTU,Peabody Energy,2006-11-20,2014-09-22,Market capitalization changes.,fja_orig(norgate),BTU:2007-03..2014-08,"wikipedia_first_observed(2007+),backfilled",BTUUQ-201704,index_add,index_remove,high,wiki_snapshot_cik,1998-11-13,2026-08-06
CIK0001065088,1065088,EBAY,EBAY,eBay Inc.,2002-07-22,,,fja_orig(norgate),EBAY:2007-03..2026-09,"wikipedia_first_observed(2007+),backfilled",EBAY,index_add,current,high,sec_ticker+wiki_current_cik+wiki_snapshot_cik,1998-11-13,2026-08-06
CIK0001065280,1065280,NFLX,NFLX,Netflix,2010-12-20,,,fja_orig(norgate),NFLX:2011-03..2026-09,norgate_symbol(last_or_2019_ticker),NFLX,index_add,current,high,sec_ticker+wiki_current_cik+wiki_snapshot_cik,2008-11-03,2026-07-17
CIK0001065696,1065696,LKQ,LKQ,LKQ Corporation,2016-05-23,2025-12-22,Market capitalization changes.,fja_orig(norgate)+fja_updated,LKQ:2016-05..2025-11,wikipedia_snapshot,LKQ,index_add,index_remove,high,sec_ticker+wiki_snapshot_cik,2016-02-25,2026-07-30
CIK0001065865,1065865,JNS,,Janus Capital Group,2000-07-13,2011-11-23,Market capitalization changes.,fja_orig(norgate),JNS:2007-03..2011-10,"wikipedia_first_observed(2007+),backfilled",JNS-201705,index_add,index_remove,high,name,2000-08-14,2017-04-20
CIK0001066107,1066107,EP,,El Paso Corp.,1999-10-26,2012-05-25,,fja_orig(norgate),EP:2007-03..2012-04,"wikipedia_first_observed(2007+),backfilled",EP-201205,index_add,index_remove,high,name,1998-11-12,2012-05-04
CIK0001066806,1066806,COC.B,,CONOCOPHILLIPS HOLDING CO,1999-08-09,2002-09-03,,fja_orig(norgate),,norgate_symbol(last_or_2019_ticker),COC.B-200208,index_add,index_remove,medium,analyst_hypothesis,1998-11-18,2002-08-09
CIK0001067701,1067701,URI,URI,United Rentals,2014-09-22,,,fja_orig(norgate),URI:2014-09..2026-09,wikipedia_snapshot,URI,index_add,current,high,sec_ticker+wiki_current_cik+wiki_snapshot_cik,1998-08-14,2026-07-22
CIK0001067983,1067983,BRK.B,BRK-B,Berkshire Hathaway,2010-02-16,,,fja_orig(norgate),BRK.B:2010-02..2010-06;BRKB:2010-07..2010-08;BRK.B:2010-09..2010-09;BRKB:2010-10..2011-07;BRK.B:2011-08..2015-03;BRK-B:2015-04..2017-01;BRK.B:2017-02..2018-10;BRK-B:2018-11..2018-11;BRK.B:2018-12..2018-12;BRK-B:2019-01..2019-02;BRK.B:2019-03..2026-09,wikipedia_snapshot,BRK.B,index_add,current,high,sec_ticker+wiki_current_cik+wiki_snapshot_cik,1999-03-30,2026-08-10
CIK0001069183,1069183,AXON,AXON,Axon Enterprise,2023-05-04,,,fja_updated,AXON:2023-05..2026-09,wikipedia_snapshot,AXON,index_add,current,high,sec_ticker+wiki_current_cik+wiki_snapshot_cik,2016-03-07,2026-08-06
CIK0001069202,1069202,LII,LII,Lennox International,2024-12-23,,,fja_updated,LII:2024-12..2026-09,wikipedia_snapshot,LII,index_add,current,high,sec_ticker+wiki_current_cik+wiki_snapshot_cik,2017-02-21,2026-07-29
CIK0001069353,1069353,CNXT,,CONEXANT SYSTEMS INC,2000-01-31,2002-06-26,,fja_orig(norgate),,norgate_symbol(last_or_2019_ticker),CNXT-201104,index_add,index_remove,medium,analyst_hypothesis,1999-02-10,2012-09-12
CIK0001070412,1070412,CNX,CNX,CONSOL Energy Inc.,2006-06-28,2016-03-04,,fja_orig(norgate),CNX:2007-03..2016-02,"wikipedia_first_observed(2007+),backfilled",CNX,index_add,index_remove,high,sec_ticker+wiki_snapshot_cik,1999-05-17,2026-07-30
CIK0001070750,1070750,HST,HST,Host Hotels & Resorts,2007-03-20,,,fja_orig(norgate),HST:2008-01..2026-09,norgate_symbol(last_or_2019_ticker),HST,index_add,current,high,sec_ticker+wiki_current_cik+wiki_snapshot_cik,1999-03-26,2026-08-07
CIK0001071739,1071739,CNC,CNC,Centene Corporation,2016-03-30,,,fja_orig(norgate),CNC:2016-03..2026-09,wikipedia_snapshot,CNC,index_add,current,high,sec_ticker+wiki_current_cik+wiki_snapshot_cik,2005-07-25,2026-07-28
CIK0001072342,1072342,DPHIQ,,DELPHI CORP,1999-05-28,2005-10-11,,fja_orig(norgate),,norgate_symbol(last_or_2019_ticker),DPHIQ-200910,index_add,index_remove,medium,analyst_hypothesis,1999-03-17,2009-08-12
CIK0001073431,1073431,LIFE,,Life Technologies,2008-11-24,2014-01-24,Life Technologies was acquired by Thermo Fisher Scientific.,fja_orig(norgate),LIFE:2009-03..2013-12,norgate_symbol(last_or_2019_ticker),LIFE-201402,index_add,index_remove,high,name,2005-05-06,2013-11-05
CIK0001075531,1075531,BKNG,BKNG,Booking Holdings,2009-11-06,,,fja_orig(norgate),PCLN:2010-07..2018-01;BKNG:2018-02..2026-09,norgate_symbol(last_or_2019_ticker),BKNG,index_add,current,high,sec_ticker+wiki_current_cik+wiki_snapshot_cik,1999-05-17,2026-08-04
CIK0001076405,1076405,PBG,,Pepsi Bottling Group,2001-05-14,2010-03-01,,fja_orig(norgate),PBG:2007-03..2010-02,"wikipedia_first_observed(2007+),backfilled",PBG-201002,index_add,index_remove,high,name,1999-05-12,2010-02-22
CIK0001084408,1084408,VRTS,,VERITAS SOFTWARE CORP /DE/,2000-04-03,2005-07-05,,fja_orig(norgate),,norgate_symbol(last_or_2019_ticker),VRTS-200507,index_add,index_remove,medium,analyst_hypothesis,1999-08-16,2005-05-10
CIK0001086222,1086222,AKAM,AKAM,Akamai Technologies,2007-07-12,,,fja_orig(norgate),AKAM:2008-01..2026-09,norgate_symbol(last_or_2019_ticker),AKAM,index_add,current,high,sec_ticker+wiki_current_cik+wiki_snapshot_cik,2000-03-03,2026-08-07
CIK0001087423,1087423,RHT,,Red Hat Inc.,2009-07-27,2019-07-15,IBM acquired Red Hat.,fja_orig(norgate)+fja_updated,RHT:2009-07..2019-06,wikipedia_snapshot,RHT,index_add,index_remove,high,wiki_snapshot_cik,1999-10-14,2019-06-28
CIK0001089976,1089976,PTV,,Pactiv Corp.,1999-11-05,2010-11-17,Reynolds Group Holdings acquired Pactiv.,fja_orig(norgate),PTV:2007-03..2010-10,"wikipedia_first_observed(2007+),backfilled",PTV-201011,index_add,index_remove,high,name,1999-11-18,2010-11-09
CIK0001090012,1090012,DVN,DVN,Devon Energy,2000-08-30,,,fja_orig(norgate),DVN:2007-03..2026-09,"wikipedia_first_observed(2007+),backfilled",DVN,index_add,current,high,sec_ticker+wiki_current_cik+wiki_snapshot_cik,1999-11-10,2026-08-05
CIK0001090727,1090727,UPS,UPS,United Parcel Service,2002-07-22,,,fja_orig(norgate),UPS:2007-03..2026-09,"wikipedia_first_observed(2007+),backfilled",UPS,index_add,current,high,sec_ticker+wiki_current_cik+wiki_snapshot_cik,2000-03-30,2026-08-05
CIK0001090872,1090872,A,A,Agilent Technologies,2000-06-05,,,fja_orig(norgate),A:2007-03..2026-09,"wikipedia_first_observed(2007+),backfilled",A,index_add,current,high,sec_ticker+wiki_current_cik+wiki_snapshot_cik,2000-01-25,2026-09-01
CIK0001091667,1091667,CHTR,CHTR,Charter Communications,2016-09-08,,,fja_orig(norgate),CHTR:2016-09..2026-09,wikipedia_snapshot,CHTR,index_add,current,high,sec_ticker+wiki_current_cik+wiki_snapshot_cik,1999-12-22,2026-07-24
CIK0001093557,1093557,DXCM,DXCM,Dexcom,2020-05-12,,,fja_updated,DXCM:2020-05..2026-09,wikipedia_snapshot,DXCM,index_add,current,high,sec_ticker+wiki_current_cik+wiki_snapshot_cik,2019-02-21,2026-07-30
CIK0001094093,1094093,PGN,,Progress Energy Inc.,1996-01-02,2012-07-02,Progress Energy was acquired by Duke Energy.,fja_orig(norgate),PGN:2007-03..2012-06,"wikipedia_first_observed(2007+),backfilled",PGN-201207,index_add,index_remove,high,name,2000-03-29,2026-08-04
CIK0001094285,1094285,TDY,TDY,Teledyne Technologies,2020-06-22,,,fja_updated,TDY:2020-06..2026-09,wikipedia_snapshot,TDY,index_add,current,high,sec_ticker+wiki_current_cik+wiki_snapshot_cik,2014-04-29,2026-07-24
CIK0001095073,1095073,RE,EG,Everest Group,2017-06-19,,,fja_orig(norgate)+fja_updated,RE:2017-06..2023-06;EG:2023-07..2026-09,wikipedia_snapshot,"RE,EG",index_add,current,high,wiki_snapshot_cik,2012-02-29,2026-08-03
CIK0001097149,1097149,ALGN,ALGN,Align Technology,2017-06-19,,,fja_orig(norgate),ALGN:2017-06..2026-09,wikipedia_snapshot,ALGN,index_add,current,high,sec_ticker+wiki_current_cik+wiki_snapshot_cik,2013-08-02,2026-08-05
CIK0001097864,1097864,ON,ON,ON Semiconductor,2022-06-21,,,fja_updated,ON:2022-06..2026-09,wikipedia_snapshot,ON,index_add,current,high,sec_ticker+wiki_current_cik+wiki_snapshot_cik,2016-11-07,2026-08-03
CIK0001099219,1099219,MET,MET,MetLife,2000-12-11,,,fja_orig(norgate),MET:2007-03..2026-09,"wikipedia_first_observed(2007+),backfilled",MET,index_add,current,high,sec_ticker+wiki_current_cik+wiki_snapshot_cik,2000-05-19,2026-08-06
CIK0001099800,1099800,EW,EW,Edwards Lifesciences,2011-04-01,,,fja_orig(norgate),EW:2011-04..2026-09,wikipedia_snapshot,EW,index_add,current,high,sec_ticker+wiki_current_cik+wiki_snapshot_cik,2000-05-15,2026-08-04
CIK0001100389,1100389,PALM,,PALM INC,2000-07-28,2002-08-14,,fja_orig(norgate),,norgate_symbol(last_or_2019_ticker),PALM-201006,index_add,index_remove,medium,analyst_hypothesis,2000-04-10,2010-04-02
CIK0001100682,1100682,CRL,CRL,Charles River Laboratories,2021-05-14,,,fja_updated,CRL:2021-05..2026-09,wikipedia_snapshot,CRL,index_add,current,high,sec_ticker+wiki_current_cik+wiki_snapshot_cik,2016-05-04,2026-08-05
CIK0001101215,1101215,ADS,BFH,Alliance Data Systems,2013-12-23,2020-06-22,Market capitalization changes.,fja_orig(norgate)+fja_updated,ADS:2013-12..2020-05,wikipedia_snapshot,ADS,index_add,index_remove,high,wiki_snapshot_cik,2001-08-10,2026-07-28
CIK0001101239,1101239,EQIX,EQIX,Equinix,2015-03-23,,,fja_orig(norgate),EQIX:2015-03..2026-09,wikipedia_snapshot,EQIX,index_add,current,high,sec_ticker+wiki_current_cik+wiki_snapshot_cik,2001-03-27,2026-07-29
CIK0001103982,1103982,MDLZ,MDLZ,Mondelez International,2007-04-02,,,fja_orig(norgate),KFT:2008-01..2012-09;MDLZ:2012-10..2026-09,norgate_symbol(last_or_2019_ticker),MDLZ,index_add,current,high,sec_ticker+wiki_current_cik+wiki_snapshot_cik,2001-08-13,2026-07-28
CIK0001105705,1105705,TWX,,Time Warner Inc.,1999-01-04,2018-06-15,AT&T acquired Time Warner.,fja_orig(norgate),TWX:2007-03..2018-05,"wikipedia_first_observed(2007+),backfilled",TWX-201806,index_add,index_remove,high,wiki_snapshot_cik,2001-05-15,2018-04-27
CIK0001108524,1108524,CRM,CRM,Salesforce,2008-09-15,,,fja_orig(norgate),CRM:2008-09..2026-09,wikipedia_snapshot,CRM,index_add,current,high,sec_ticker+wiki_current_cik+wiki_snapshot_cik,2006-03-15,2026-08-27
CIK0001108827,1108827,QEP,,QEP Resources,2010-07-01,2015-07-01,Baxter completed the corporate spin-off of Baxalta.,fja_orig(norgate),QEP:2010-07..2015-06,wikipedia_snapshot,QEP,index_add,index_remove,high,wiki_snapshot_cik,2000-08-14,2021-02-24
CIK0001109304,1109304,ACKH,,ARMSTRONG HOLDINGS INC /PA/,1996-01-02,2000-11-17,,fja_orig(norgate),,norgate_symbol(last_or_2019_ticker),ACKH-200211,index_add,index_remove,medium,analyst_hypothesis,2000-08-11,2007-10-22
CIK0001109357,1109357,EXC,EXC,Exelon,1996-01-02,,,fja_orig(norgate),EXC:2007-03..2026-09,"wikipedia_first_observed(2007+),backfilled",EXC,index_add,current,high,sec_ticker+wiki_current_cik+wiki_snapshot_cik,2000-11-13,2026-07-30
CIK0001110783,1110783,MON,,Monsanto Co.,2002-08-14,2018-06-07,Bayer acquired Monsanto.,fja_orig(norgate),MON:2007-03..2018-05,"wikipedia_first_observed(2007+),backfilled",MON-201806,index_add,index_remove,high,wiki_snapshot_cik,2000-11-30,2018-04-05
CIK0001110803,1110803,ILMN,ILMN,Illumina,2015-11-19,2024-06-24,Market capitalization changes.,fja_orig(norgate)+fja_updated,ILMN:2015-11..2024-05,wikipedia_snapshot,ILMN,index_add,index_remove,high,sec_ticker+wiki_snapshot_cik,2008-07-25,2026-07-31
CIK0001110803,1110803,ILMN,ILMN,"Illumina, Inc.",2026-09-21,,,wikipedia_changes,ILMN:2026-09..2026-09,wikipedia_snapshot,ILMN,index_add,current,high,sec_ticker+wiki_current_cik+wiki_snapshot_cik,2019-02-12,2026-07-31
CIK0001111335,1111335,VSTNQ,VC,VISTEON CORP,2000-06-29,2006-01-03,,fja_orig(norgate),,norgate_symbol(last_or_2019_ticker),VSTNQ-201010,index_add,index_remove,medium,analyst_hypothesis,2000-07-24,2026-07-23
CIK0001111711,1111711,NI,NI,NiSource,2000-11-02,,,fja_orig(norgate),NI:2007-03..2026-09,"wikipedia_first_observed(2007+),backfilled",NI,index_add,current,high,sec_ticker+wiki_current_cik+wiki_snapshot_cik,2001-03-30,2026-08-05
CIK0001111928,1111928,IPGP,IPGP,IPG Photonics,2018-03-07,2022-06-21,Market capitalization changes.,fja_orig(norgate)+fja_updated,IPGP:2018-03..2022-05,wikipedia_snapshot,IPGP,index_add,index_remove,high,sec_ticker+wiki_snapshot_cik,2015-03-02,2026-08-04
CIK0001113169,1113169,TROW,TROW,T. Rowe Price,1999-10-13,,,fja_orig(norgate),TROW:2007-03..2026-09,"wikipedia_first_observed(2007+),backfilled",TROW,index_add,current,high,sec_ticker+wiki_current_cik+wiki_snapshot_cik,2001-03-26,2026-07-31
CIK0001115222,1115222,DNB,,Dun & Bradstreet,2008-12-02,2017-04-05,Gartner acquired CEB.,fja_orig(norgate),DNB:2008-12..2017-03,wikipedia_snapshot,DNB,index_add,index_remove,high,wiki_snapshot_cik,2000-11-14,2018-11-06
CIK0001116132,1116132,COH,TPR,"Tapestry, Inc.",2004-09-01,,,fja_orig(norgate),COH:2007-03..2017-09;TPR:2017-10..2026-09,"wikipedia_first_observed(2007+),backfilled",TPR,index_add,current,high,sec_ticker+wiki_current_cik+wiki_snapshot_cik,2000-11-14,2026-08-13
CIK0001116521,1116521,AV,,Avaya Inc.,2000-10-02,2007-10-26,Avaya was acquired.,fja_orig(norgate),AV:2007-03..2007-09,"wikipedia_first_observed(2007+),backfilled",AV-200710,index_add,index_remove,high,name,2000-12-28,2016-08-12
CIK0001120193,1120193,NDAQ,NDAQ,"Nasdaq, Inc.",2008-10-22,,,fja_orig(norgate),NDAQ:2008-10..2026-09,wikipedia_snapshot,NDAQ,index_add,current,high,sec_ticker+wiki_current_cik+wiki_snapshot_cik,2001-08-20,2026-07-23
CIK0001121788,1121788,GRMN,GRMN,Garmin,2012-12-12,,,fja_orig(norgate),GRMN:2012-12..2026-09,wikipedia_snapshot,GRMN,index_add,current,high,sec_ticker+wiki_current_cik+wiki_snapshot_cik,2001-03-30,2026-07-29
CIK0001122304,1122304,AET,,Aetna Inc,1996-01-02,2018-11-29,CVS acquired Aetna.,fja_orig(norgate),AET:2007-03..2018-10,"wikipedia_first_observed(2007+),backfilled",AET-201811,index_add,index_remove,high,wiki_snapshot_cik,2001-02-26,2018-10-30
CIK0001123360,1123360,GPN,GPN,Global Payments,2016-04-25,,,fja_orig(norgate),GPN:2016-04..2026-09,wikipedia_snapshot,GPN,index_add,current,high,sec_ticker+wiki_current_cik+wiki_snapshot_cik,2001-01-03,2026-08-05
CIK0001124198,1124198,FLR,FLR,Fluor Corp.,2000-12-22,2019-06-03,DowDuPont completed the corporate spin-off of Corteva.,fja_orig(norgate)+fja_updated,FLR:2007-03..2019-05,"wikipedia_first_observed(2007+),backfilled",FLR,index_add,index_remove,high,sec_ticker+wiki_snapshot_cik,2001-01-29,2026-08-07
CIK0001126328,1126328,PFG,PFG,Principal Financial Group,2002-07-22,,,fja_orig(norgate),PFG:2007-03..2026-09,"wikipedia_first_observed(2007+),backfilled",PFG,index_add,current,high,sec_ticker+wiki_current_cik+wiki_snapshot_cik,2001-11-19,2026-07-29
CIK0001130310,1130310,CNP,CNP,CenterPoint Energy,1996-01-02,,,fja_orig(norgate),CNP:2007-03..2026-09,"wikipedia_first_observed(2007+),backfilled",CNP,index_add,current,high,sec_ticker+wiki_current_cik+wiki_snapshot_cik,2002-04-01,2026-07-28
CIK0001133421,1133421,NOC,NOC,Northrop Grumman,1996-01-02,,,fja_orig(norgate),NOC:2007-03..2026-09,"wikipedia_first_observed(2007+),backfilled",NOC,index_add,current,high,sec_ticker+wiki_current_cik+wiki_snapshot_cik,2001-05-10,2026-07-21
CIK0001135152,1135152,FTI,,FMC Technologies Inc.,2009-06-05,2017-01-17,,fja_orig(norgate),FTI:2009-06..2016-12,wikipedia_snapshot,FTI-201701,index_add,index_remove,high,wiki_snapshot_cik,2001-08-14,2016-10-27
CIK0001135971,1135971,POM,,Pepco Holdings Inc.,2007-11-09,2016-03-24,Exelon acquired Pepco.,fja_orig(norgate),POM:2008-01..2016-02,norgate_symbol(last_or_2019_ticker),POM-201603,index_add,index_remove,high,wiki_snapshot_cik,2001-08-08,2026-07-30
CIK0001136869,1136869,ZMH,ZBH,Zimmer Biomet,2001-08-07,,,fja_orig(norgate),ZMH:2007-03..2015-05;ZBH:2015-06..2026-09,"wikipedia_first_observed(2007+),backfilled",ZBH,index_add,current,high,sec_ticker+wiki_current_cik+wiki_snapshot_cik,2001-08-21,2026-08-05
CIK0001136893,1136893,FIS,FIS,Fidelity National Information Services,2006-11-10,,,fja_orig(norgate),FIS:2007-03..2026-09,"wikipedia_first_observed(2007+),backfilled",FIS,index_add,current,high,sec_ticker+wiki_current_cik+wiki_snapshot_cik,2001-08-14,2026-08-04
CIK0001137411,1137411,COL,,Rockwell Collins,2001-07-02,2018-11-27,UTX acquired Rockwell Collins.,fja_orig(norgate),COL:2007-03..2018-10,"wikipedia_first_observed(2007+),backfilled",COL-201811,index_add,index_remove,high,wiki_snapshot_cik,2001-08-13,2018-11-27
CIK0001137774,1137774,PRU,PRU,Prudential Financial,2002-07-22,,,fja_orig(norgate),PRU:2007-03..2026-09,"wikipedia_first_observed(2007+),backfilled",PRU,index_add,current,high,sec_ticker+wiki_current_cik+wiki_snapshot_cik,2002-03-26,2026-08-05
CIK0001137789,1137789,STX,STX,Seagate Technology,2012-07-02,,,fja_orig(norgate),STX:2012-07..2026-09,wikipedia_snapshot,STX,index_add,current,high,sec_ticker+wiki_current_cik+wiki_snapshot_cik,2003-02-10,2026-08-04
CIK0001138118,1138118,CBG,CBRE,CBRE Group,2006-11-10,,,fja_orig(norgate),CBG:2007-03..2018-02;CBRE:2018-03..2026-09,"wikipedia_first_observed(2007+),backfilled",CBRE,index_add,current,high,sec_ticker+wiki_current_cik+wiki_snapshot_cik,2001-08-27,2026-07-29
CIK0001138234,1138234,AWE,,"NEW CINGULAR WIRELESS SERVICES, INC.",2001-07-09,2004-10-27,,fja_orig(norgate),,norgate_symbol(last_or_2019_ticker),AWE-200410,index_add,index_remove,medium,analyst_hypothesis,2001-08-14,2004-08-06
CIK0001140536,1140536,WLTW,WTW,Willis Towers Watson,2016-01-05,,,fja_orig(norgate)+fja_updated,WLTW:2016-01..2021-12;WTW:2022-01..2026-09,wikipedia_snapshot,"WLTW,WTW",index_add,current,high,wiki_snapshot_cik,2006-11-08,2026-07-30
CIK0001140859,1140859,ABC,COR,Cencora,2001-08-30,,,fja_orig(norgate)+fja_updated,ABC:2007-03..2023-07;COR:2023-08..2026-09,"wikipedia_first_observed(2007+),backfilled","ABC,COR",index_add,current,high,wiki_snapshot_cik,2018-11-20,2026-08-05
CIK0001141185,55458,KMG,,KERR MCGEE CHEMICAL WORLDWIDE LLC,1996-01-02,2001-11-14,,fja_orig(norgate),,norgate_symbol(last_or_2019_ticker),KMG-200608,index_add,cik_change,medium,analyst_hypothesis,1994-03-30,2001-07-27
CIK0001141185,1141185,KMG,,KERR MCGEE CORP /DE,2001-11-14,2006-08-11,,fja_orig(norgate),,norgate_symbol(last_or_2019_ticker),KMG-200608,R3_reorganisation,index_remove,medium,analyst_hypothesis,2001-11-14,2006-08-04
CIK0001141391,1141391,MA,MA,Mastercard,2008-07-18,,,fja_orig(norgate),MA:2008-08..2026-09,norgate_symbol(last_or_2019_ticker),MA,index_add,current,high,sec_ticker+wiki_current_cik+wiki_snapshot_cik,2002-05-14,2026-07-30
CIK0001141982,1141982,CBE,,Cooper Industries,2011-11-23,2012-12-03,Cooper was acquired by Eaton Corp. (ETN),fja_orig(norgate),CBE:2011-11..2012-11,wikipedia_snapshot,CBE-201211,index_add,index_remove,high,name,2003-08-13,2012-11-05
CIK0001144215,1144215,AYI,AYI,Acuity Brands Inc,2016-05-03,2018-06-18,Market capitalization changes.,fja_orig(norgate),AYI:2016-05..2018-05,wikipedia_snapshot,AYI,index_add,index_remove,high,sec_ticker+wiki_snapshot_cik,2012-01-09,2026-06-25
CIK0001145197,1145197,PODD,PODD,Insulet Corporation,2023-03-15,,,fja_updated,PODD:2023-03..2026-09,wikipedia_snapshot,PODD,index_add,current,high,sec_ticker+wiki_current_cik+wiki_snapshot_cik,2015-08-12,2026-08-05
CIK0001156039,1156039,WLP,ELV,Elevance Health,2002-07-25,,,fja_orig(norgate)+fja_updated,WLP:2007-03..2014-11;ANTM:2014-12..2022-05;ELV:2022-06..2026-09,"wikipedia_first_observed(2007+),backfilled","ANTM,ELV",index_add,current,high,wiki_snapshot_cik,2013-10-23,2026-07-15
CIK0001156375,1156375,CME,CME,CME Group,2006-08-11,,,fja_orig(norgate),CME:2007-03..2026-09,"wikipedia_first_observed(2007+),backfilled",CME,index_add,current,high,sec_ticker+wiki_current_cik+wiki_snapshot_cik,2005-08-04,2026-07-24
CIK0001156826,1156826,ASN,,Archstone-Smith Trust,2004-12-20,2007-10-08,,fja_orig(norgate),ASN:2007-03..2007-09,"wikipedia_first_observed(2007+),backfilled",ASN-200710,index_add,index_remove,high,name,2001-11-14,2007-08-14
CIK0001158449,1158449,AAP,AAP,Advance Auto Parts,2015-07-09,2023-08-25,Johnson & Johnson offered to exchange the shares of Kenvue held for shares of Johnson & Johnson in a split-off exchange offer.,fja_orig(norgate)+fja_updated,AAP:2015-07..2023-07,wikipedia_snapshot,AAP,index_add,index_remove,high,sec_ticker+wiki_snapshot_cik,2002-03-28,2026-08-20
CIK0001159297,1159297,MWV,,MeadWestvaco Corporation,1996-01-02,2015-07-02,,fja_orig(norgate),MWV:2007-03..2015-06,"wikipedia_first_observed(2007+),backfilled",MWV-201507,index_add,index_remove,high,wiki_snapshot_cik,2002-03-18,2015-05-11
CIK0001163165,1163165,COP,COP,ConocoPhillips,1996-01-02,,,fja_orig(norgate),COP:2007-03..2026-09,"wikipedia_first_observed(2007+),backfilled",COP,index_add,current,high,sec_ticker+wiki_current_cik+wiki_snapshot_cik,2002-11-14,2026-08-06
CIK0001163302,1163302,X,,United States Steel Corp.,1996-01-02,2014-07-02,Market capitalization changes.,fja_orig(norgate),X:2007-03..2014-06,"wikipedia_first_observed(2007+),backfilled",X,index_add,index_remove,high,wiki_snapshot_cik,2002-03-19,2025-05-02
CIK0001163739,1163739,NBR,NBR,Nabors Industries Ltd.,2000-10-18,2015-03-23,Market capitalization changes.,fja_orig(norgate),NBR:2007-03..2015-02,"wikipedia_first_observed(2007+),backfilled",NBR,index_add,index_remove,high,sec_ticker+wiki_snapshot_cik,2002-06-27,2026-07-31
CIK0001164727,1164727,NEM,NEM,Newmont,1996-01-02,,,fja_orig(norgate),NEM:2007-03..2026-09,"wikipedia_first_observed(2007+),backfilled",NEM,index_add,current,high,sec_ticker+wiki_current_cik+wiki_snapshot_cik,2002-03-27,2026-07-23
CIK0001166126,77182,JCP,,J C PENNEY CORP INC,1996-01-02,2002-04-25,,fja_orig(norgate),,norgate_symbol(last_or_2019_ticker),JCP,index_add,cik_change,high,name,1994-04-13,2001-12-07
CIK0001166126,1166126,JCP,,Penney (J.C.),2002-04-25,2013-12-02,Ingersoll Rand completed the corporate spin-off of Allegion.,fja_orig(norgate),JCP:2007-03..2013-11,"wikipedia_first_observed(2007+),backfilled",JCP,R3_reorganisation,index_remove,high,name,2002-04-25,2020-12-10
CIK0001166691,1166691,CMCSA,CMCSA,Comcast,1996-01-02,,,fja_orig(norgate),CMCSA:2007-03..2026-09,"wikipedia_first_observed(2007+),backfilled",CMCSA,index_add,current,high,sec_ticker+wiki_current_cik+wiki_snapshot_cik,2003-03-20,2026-07-23
CIK0001166691.CMCSK,1166691,CMCSK,CCZ,Comcast Special Corp Class A,2015-09-21,2015-12-14,CMCSK shares were no longer listed.,fja_orig(norgate),CMCSK:2015-09..2015-11,wikipedia_snapshot,CMCSK-201512,index_add,index_remove,high,wiki_snapshot_cik,2007-02-26,2026-07-23
CIK0001168054,1168054,XEC,,Cimarex Energy,2014-06-20,2020-03-03,"Gardner Denver acquired Ingersoll Rand's industrial businesses then changed its name to the ""new"" Ingersoll Rand Inc.",fja_orig(norgate)+fja_updated,XEC:2014-06..2020-02,wikipedia_snapshot,XEC,index_add,index_remove,high,wiki_snapshot_cik,2010-08-04,2021-08-06
CIK0001170010,1170010,KMX,KMX,CarMax,2010-06-28,2025-10-31,Market capitalization changes.,fja_orig(norgate)+fja_updated,KMX:2010-07..2025-09,norgate_symbol(last_or_2019_ticker),KMX,index_add,index_remove,high,sec_ticker+wiki_snapshot_cik,2002-10-15,2026-06-24
CIK0001170565,1170565,WFT,,Weatherford International Ltd.,2005-07-22,2009-02-26,,fja_orig(norgate),WFT:2007-03..2009-01,"wikipedia_first_observed(2007+),backfilled",WFT,index_add,index_remove,high,name,2002-08-14,2009-02-24
CIK0001170650,1170650,MHS,,Medco Health Solutions Inc.,2003-08-20,2012-04-02,Medco was acquired by Express Scripts.,fja_orig(norgate),MHS:2007-03..2012-03,"wikipedia_first_observed(2007+),backfilled",MHS-201203,index_add,index_remove,high,name,2003-09-22,2012-04-02
CIK0001171825,1171825,CIT,,CIT Group,2004-10-27,2009-07-27,,fja_orig(norgate),CIT:2007-03..2009-06,"wikipedia_first_observed(2007+),backfilled",CITGQ-200912,index_add,index_remove,high,name,2002-08-14,2021-11-05
CIK0001174922,1174922,WYNN,WYNN,Wynn Resorts,2008-11-14,,,fja_orig(norgate),WYNN:2009-06..2026-09,norgate_symbol(last_or_2019_ticker),WYNN,index_add,current,high,sec_ticker+wiki_current_cik+wiki_snapshot_cik,2002-12-09,2026-08-06
CIK0001175454,1175454,FLT,CPAY,Corpay,2018-06-20,,,fja_orig(norgate)+fja_updated,FLT:2018-06..2024-02;CPAY:2024-03..2026-09,wikipedia_snapshot,"FLT,CPAY",index_add,current,high,wiki_snapshot_cik,2013-08-07,2026-08-10
CIK0001176948,1176948,ARES,ARES,Ares Management,2025-12-11,,,fja_updated,ARES:2025-12..2026-09,wikipedia_snapshot,ARES,index_add,current,high,sec_ticker+wiki_current_cik+wiki_snapshot_cik,2017-11-06,2026-08-07
CIK0001179929,1179929,MOH,MOH,Molina Healthcare,2022-03-02,2026-03-23,Market capitalization changes.,fja_updated,MOH:2022-03..2026-02,wikipedia_snapshot,MOH,index_add,index_remove,high,sec_ticker+wiki_snapshot_cik,2017-05-04,2026-07-23
CIK0001260221,1260221,TDG,TDG,TransDigm Group,2016-06-03,,,fja_orig(norgate),TDG:2016-06..2026-09,wikipedia_snapshot,TDG,index_add,current,high,sec_ticker+wiki_current_cik+wiki_snapshot_cik,2006-05-15,2026-08-04
CIK0001262039,1262039,FTNT,FTNT,Fortinet,2018-10-11,,,fja_orig(norgate),FTNT:2018-10..2026-09,wikipedia_snapshot,FTNT,index_add,current,high,sec_ticker+wiki_current_cik+wiki_snapshot_cik,2018-02-26,2026-07-30
CIK0001267238,1267238,AIZ,AIZ,Assurant,2007-04-10,,,fja_orig(norgate),AIZ:2007-04..2026-09,wikipedia_snapshot,AIZ,index_add,current,high,sec_ticker+wiki_current_cik+wiki_snapshot_cik,2004-03-30,2026-08-06
CIK0001272547,1272547,FSL,,FREESCALE SEMICONDUCTOR INC,2004-12-03,2006-12-04,,fja_orig(norgate),,norgate_symbol(last_or_2019_ticker),FSL-200612,index_add,index_remove,medium,analyst_hypothesis,2004-08-11,2010-04-23
CIK0001274057,1274057,HSP,,Hospira Inc.,2004-05-03,2015-09-03,Hospira was acquired.,fja_orig(norgate),HSP:2007-03..2015-08,"wikipedia_first_observed(2007+),backfilled",HSP-201509,index_add,index_remove,high,wiki_snapshot_cik,2004-05-27,2015-07-29
CIK0001274494,1274494,FSLR,FSLR,First Solar Inc,2009-10-16,2017-03-20,Market capitalization changes.,fja_orig(norgate),FSLR:2009-10..2017-02,wikipedia_snapshot,FSLR,index_add,index_remove,high,sec_ticker+wiki_snapshot_cik,2007-03-16,2026-07-30
CIK0001274494,1274494,FSLR,FSLR,First Solar,2022-12-19,,,fja_updated,FSLR:2022-12..2026-09,wikipedia_snapshot,FSLR,index_add,current,high,sec_ticker+wiki_current_cik+wiki_snapshot_cik,2020-05-08,2026-07-30
CIK0001275283,1275283,RAI,,Reynolds American Inc.,2002-09-04,2017-07-25,British American Tobacco (NYSE MKT:BTI) acquired Reynolds American.,fja_orig(norgate),RAI:2007-03..2017-06,"wikipedia_first_observed(2007+),backfilled",RAI-201707,index_add,index_remove,high,wiki_snapshot_cik,2004-07-19,2017-08-01
CIK0001276520,1276520,GNW,GNW,Genworth Financial Inc.,2005-12-02,2015-11-18,GE completed the corporate spin-off of Synchrony Financial.,fja_orig(norgate),GNW:2007-03..2015-10,"wikipedia_first_observed(2007+),backfilled",GNW,index_add,index_remove,high,sec_ticker+wiki_snapshot_cik,2004-07-30,2026-08-06
CIK0001278021,1278021,MKTX,MKTX,MarketAxess,2019-07-01,2025-09-22,Market capitalization changes.,fja_updated,MKTX:2019-07..2025-08,wikipedia_snapshot,MKTX,index_add,index_remove,high,sec_ticker+wiki_snapshot_cik,2012-02-17,2026-08-07
CIK0001279363,1279363,WCG,,WellCare,2018-09-17,2020-01-28,Centene acquired Wellcare.,fja_orig(norgate)+fja_updated,WCG:2018-09..2019-12,wikipedia_snapshot,WCG,index_add,index_remove,high,wiki_snapshot_cik,2010-11-04,2019-10-30
CIK0001280452,1280452,MPWR,MPWR,Monolithic Power Systems,2021-02-12,,,fja_updated,MPWR:2021-02..2026-09,wikipedia_snapshot,MPWR,index_add,current,high,sec_ticker+wiki_current_cik+wiki_snapshot_cik,2020-02-28,2026-08-05
CIK0001281761,1281761,RF,RF,Regions Financial Corporation,1998-08-28,,,fja_orig(norgate),RF:2007-03..2026-09,"wikipedia_first_observed(2007+),backfilled",RF,index_add,current,high,sec_ticker+wiki_current_cik+wiki_snapshot_cik,2004-08-06,2026-08-06
CIK0001282266,1282266,WIN,,Windstream Communications,2006-07-18,2015-04-07,Market capitalization changes.,fja_orig(norgate),WIN:2007-03..2015-03,"wikipedia_first_observed(2007+),backfilled",WIN,index_add,index_remove,high,wiki_snapshot_cik,2005-03-31,2020-07-30
CIK0001283699,1283699,TMUS,TMUS,MetroPCS Communications Inc.,2009-06-30,2013-05-01,A majority of MetroPCS was acquired by T-Mobile.,fja_orig(norgate),PCS:2009-07..2013-04,norgate_symbol(last_or_2019_ticker),TMUS,index_add,index_remove,high,same_norgate_key+sec_ticker,2007-03-30,2026-07-23
CIK0001283699,1283699,TMUS,TMUS,T-Mobile US,2019-07-15,,,fja_updated,TMUS:2019-07..2026-09,wikipedia_snapshot,TMUS,index_add,current,high,sec_ticker+wiki_current_cik+wiki_snapshot_cik,2007-03-30,2026-07-23
CIK0001285785,1285785,MOS,MOS,Mosaic Company (The),2011-09-26,,,fja_orig(norgate),MOS:2011-10..2026-09,norgate_symbol(last_or_2019_ticker),MOS,index_add,current,high,sec_ticker+wiki_current_cik+wiki_snapshot_cik,2004-10-21,2026-08-05
CIK0001286681,1286681,DPZ,DPZ,Domino's,2020-05-12,,,fja_updated,DPZ:2020-05..2026-09,wikipedia_snapshot,DPZ,index_add,current,high,sec_ticker+wiki_current_cik+wiki_snapshot_cik,2015-10-08,2026-07-20
CIK0001288784,1288784,SBNY,,Signature Bank,2021-12-20,2023-03-15,The FDIC placed Signature Bank into FDIC Receivership.,fja_updated,SBNY:2021-12..2023-02,wikipedia_snapshot,SBNY,index_add,index_remove,medium,analyst_hypothesis+name+wiki_snapshot_cik,,
CIK0001289490,1289490,EXR,EXR,Extra Space Storage,2016-01-19,,,fja_orig(norgate),EXR:2016-01..2026-09,wikipedia_snapshot,EXR,index_add,current,high,sec_ticker+wiki_current_cik+wiki_snapshot_cik,2015-03-02,2026-07-31
CIK0001297996,1297996,DLR,DLR,Digital Realty,2016-05-18,,,fja_orig(norgate),DLR:2016-05..2026-09,wikipedia_snapshot,DLR,index_add,current,high,sec_ticker+wiki_current_cik+wiki_snapshot_cik,2004-12-13,2026-07-31
CIK0001300514,1300514,LVS,LVS,Las Vegas Sands,2019-10-03,,,fja_updated,LVS:2019-10..2026-09,wikipedia_snapshot,LVS,index_add,current,high,sec_ticker+wiki_current_cik+wiki_snapshot_cik,2009-05-11,2026-07-24
CIK0001301063,1301063,ANR,,Alpha Natural Resources,2011-06-02,2012-10-02,Kraft split into two companies.,fja_orig(norgate),ANR:2011-06..2012-08,wikipedia_snapshot,ANRZQ-201607,index_add,index_remove,high,name,2008-02-29,2015-08-03
CIK0001305014,7694,ASH,,ASHLAND INC,1996-01-02,2005-08-08,,fja_orig(norgate),,norgate_symbol(last_or_2019_ticker),ASH,index_add,cik_change,high,name+name_of_ticker_holder,1994-02-10,2005-05-09
CIK0001305014,1305014,ASH,,Ashland Inc.,2005-08-08,2008-11-14,,fja_orig(norgate),ASH:2007-03..2008-10,"wikipedia_first_observed(2007+),backfilled",ASH,R3_reorganisation,index_remove,high,name+name_of_ticker_holder,2005-08-08,2016-08-08
CIK0001306830,1306830,CE,CE,Celanese,2018-12-24,2025-03-24,Market capitalization changes.,fja_orig(norgate)+fja_updated,CE:2018-12..2025-02,wikipedia_snapshot,CE,index_add,index_remove,high,sec_ticker+wiki_snapshot_cik,2017-04-18,2026-08-05
CIK0001308161,1308161,NWS.A,,Twenty-First Century Fox Class A,2004-12-20,2019-03-19,21st Century Fox merged with Disney and some parts spun off as Fox Corporation.,fja_orig(norgate),NWS.A:2007-03..2008-12;NWSA:2009-01..2013-06;FOXA:2013-07..2019-02,"wikipedia_first_observed(2007+),backfilled",FOXA,index_add,cik_change,high,wiki_snapshot_cik,2005-02-04,2019-02-06
CIK0001308161.FOX,1308161,FOX,,Twenty-First Century Fox Class B,2015-09-21,2019-03-19,21st Century Fox merged with Disney and some parts spun off as Fox Corporation.,fja_orig(norgate),FOX:2015-09..2019-02,wikipedia_snapshot,FOX,index_add,cik_change,high,wiki_snapshot_cik,2012-11-09,2019-02-06
CIK0001310067,1310067,SHLD,,Sears Holdings Corporation,2005-03-28,2012-09-05,SHLD below public float threshold.,fja_orig(norgate),SHLD:2007-03..2012-08,"wikipedia_first_observed(2007+),backfilled",SHLD,index_add,index_remove,high,name,2005-06-07,2018-12-13
CIK0001316835,1316835,BLDR,BLDR,Builders FirstSource,2023-12-18,2026-09-21,Market capitalization changes.,fja_updated+wikipedia_changes,BLDR:2023-12..2026-08,wikipedia_snapshot,BLDR,index_add,index_remove,high,sec_ticker+wiki_snapshot_cik,2017-03-01,2026-07-30
CIK0001318605,1318605,TSLA,TSLA,"Tesla, Inc.",2020-12-21,,,fja_updated,TSLA:2020-12..2026-09,wikipedia_snapshot,TSLA,index_add,current,high,sec_ticker+wiki_current_cik+wiki_snapshot_cik,2018-05-07,2026-07-23
CIK0001321655,1321655,PLTR,PLTR,Palantir Technologies,2024-09-23,,,fja_updated,PLTR:2024-09..2026-09,wikipedia_snapshot,PLTR,index_add,current,high,sec_ticker+wiki_current_cik+wiki_snapshot_cik,2020-11-13,2026-08-04
CIK0001324404,1324404,CF,CF,CF Industries,2008-08-27,,,fja_orig(norgate),CF:2008-09..2026-09,norgate_symbol(last_or_2019_ticker),CF,index_add,current,high,sec_ticker+wiki_current_cik+wiki_snapshot_cik,2005-10-09,2026-08-06
CIK0001324424,1324424,EXPE,EXPE,Expedia Group,2007-10-02,,,fja_orig(norgate),EXPE:2008-01..2026-09,norgate_symbol(last_or_2019_ticker),EXPE,index_add,current,high,sec_ticker+wiki_current_cik+wiki_snapshot_cik,2005-08-12,2026-08-06
CIK0001326160,1326160,DUK,DUK,Duke Energy,1996-01-02,,,fja_orig(norgate),DUK:2007-03..2026-09,"wikipedia_first_observed(2007+),backfilled",DUK,index_add,current,high,sec_ticker+wiki_current_cik+wiki_snapshot_cik,2006-05-10,2026-08-04
CIK0001326380,1326380,GME,GME,GameStop Corp.,2007-12-14,2016-04-25,Global Payments acquired Heartland Payment Systems.,fja_orig(norgate),GME:2008-01..2016-03,norgate_symbol(last_or_2019_ticker),GME,index_add,index_remove,high,sec_ticker+wiki_snapshot_cik,2005-12-08,2026-09-09
CIK0001326801,1326801,FB,META,Meta Platforms,2013-12-23,,,fja_orig(norgate)+fja_updated,FB:2013-12..2022-05;META:2022-06..2026-09,wikipedia_snapshot,"FB,META",index_add,current,high,wiki_snapshot_cik,2017-07-27,2026-07-30
CIK0001327567,1327567,PANW,PANW,Palo Alto Networks,2023-06-20,,,fja_updated,PANW:2023-06..2026-09,wikipedia_snapshot,PANW,index_add,current,high,sec_ticker+wiki_current_cik+wiki_snapshot_cik,2019-09-09,2026-09-10
CIK0001327811,1327811,WDAY,WDAY,"Workday, Inc.",2024-12-23,,,fja_updated,WDAY:2024-12..2026-09,wikipedia_snapshot,WDAY,index_add,current,high,sec_ticker+wiki_current_cik+wiki_snapshot_cik,2019-05-30,2026-08-27
CIK0001335258,1335258,LYV,LYV,Live Nation Entertainment,2019-12-23,,,fja_updated,LYV:2019-12..2026-09,wikipedia_snapshot,LYV,index_add,current,high,sec_ticker+wiki_current_cik+wiki_snapshot_cik,2012-11-05,2026-07-30
CIK0001336917,1336917,UA,UAA,Under Armour (Class A),2014-05-01,2022-06-21,Market capitalization changes.,fja_orig(norgate)+fja_updated,UA:2014-05..2016-03;UA-C:2016-08..2016-08;UA.C:2016-09..2016-11;UAA:2016-12..2022-05,wikipedia_snapshot,UAA,index_add,index_remove,high,sec_ticker+wiki_snapshot_cik,2006-03-15,2026-08-07
CIK0001336917.UA,1336917,UA,UA,Under Armour (Class C),2016-04-08,2022-06-21,Market capitalization changes.,fja_orig(norgate)+fja_updated,UA:2016-04..2022-05,wikipedia_snapshot,UA,index_add,index_remove,high,sec_ticker+wiki_snapshot_cik,2006-03-15,2026-08-07
CIK0001336920,1336920,LDOS,LDOS,SAIC,2009-12-21,2013-09-23,Market capitalization changes.,fja_orig(norgate),SAI:2010-01..2013-08,norgate_symbol(last_or_2019_ticker),LDOS,index_add,index_remove,high,same_norgate_key+sec_ticker,2006-04-26,2026-08-04
CIK0001336920,1336920,LDOS,LDOS,Leidos,2019-08-09,,,fja_updated,LDOS:2019-08..2026-09,wikipedia_snapshot,LDOS,index_add,current,high,sec_ticker+wiki_current_cik+wiki_snapshot_cik,2006-04-26,2026-08-04
CIK0001339947,1339947,VIA.B,,Viacom Inc.,2006-01-03,2019-12-05,CBS acquired Viacom to form ViacomCBS.,fja_orig(norgate)+fja_updated,VIA.B:2007-03..2009-06;VIAB:2009-07..2010-08;VIA.B:2010-09..2010-09;VIAB:2010-10..2011-09;VIA.B:2011-10..2011-11;VIAB:2011-12..2019-11,"wikipedia_first_observed(2007+),backfilled",VIAB,index_add,index_remove,high,wiki_snapshot_cik,2006-03-16,2019-11-14
CIK0001341439,1341439,ORCL,ORCL,Oracle Corporation,1996-01-02,,,fja_orig(norgate),ORCL:2007-03..2026-09,"wikipedia_first_observed(2007+),backfilled",ORCL,index_add,current,high,sec_ticker+wiki_current_cik+wiki_snapshot_cik,2006-04-10,2026-09-11
CIK0001350031,1350031,EQ,,Embarq Corporation,2006-05-18,2009-07-01,,fja_orig(norgate),EQ:2007-03..2009-06,"wikipedia_first_observed(2007+),backfilled",EQ-200906,index_add,index_remove,high,name,2006-06-09,2009-05-07
CIK0001352010,1352010,EPAM,EPAM,EPAM Systems,2021-12-14,2026-06-02,Market capitalization changes.,fja_updated,EPAM:2021-12..2026-05,wikipedia_snapshot,EPAM,index_add,index_remove,high,sec_ticker+wiki_snapshot_cik,2014-05-07,2026-08-06
CIK0001355001,1355001,H,,Realogy Corporation,2006-08-01,2007-04-10,,fja_orig(norgate),H:2007-03..2007-03,"wikipedia_first_observed(2007+),backfilled",H-200704,index_add,index_remove,high,name,2006-08-16,2025-11-05
CIK0001358071,1358071,CXO,,Concho Resources,2016-02-22,2021-01-21,ConocoPhillips acquired Concho Resources.,fja_orig(norgate)+fja_updated,CXO:2016-02..2020-12,wikipedia_snapshot,CXO,index_add,index_remove,high,wiki_snapshot_cik,2008-11-13,2020-10-27
CIK0001359841,1359841,HBI,,Hanesbrands,2015-03-23,2021-12-20,Market capitalization changes.,fja_orig(norgate)+fja_updated,HBI:2015-03..2021-11,wikipedia_snapshot,HBI,index_add,index_remove,high,wiki_snapshot_cik,2006-09-28,2025-11-06
CIK0001361658,1361658,WYN,TNL,Wyndham Worldwide,2006-08-01,2018-05-31,Wyndham Worldwide completed the corporate spin-off of Wyndham Hotels & Resorts.,fja_orig(norgate),WYN:2007-03..2018-04,"wikipedia_first_observed(2007+),backfilled",WYND,index_add,index_remove,high,wiki_snapshot_cik,2006-08-18,2026-07-22
CIK0001365135,1365135,WU,WU,Western Union,2006-10-02,2021-12-20,Market capitalization changes.,fja_orig(norgate)+fja_updated,WU:2007-03..2021-11,"wikipedia_first_observed(2007+),backfilled",WU,index_add,index_remove,high,sec_ticker+wiki_snapshot_cik,2006-11-08,2026-07-30
CIK0001368007,1368007,NYX,,NYSE Euronext,2007-10-25,2013-11-13,ICE Exchange acquired NYSE Euronext.,fja_orig(norgate),NYX:2008-01..2013-10,norgate_symbol(last_or_2019_ticker),NYX-201311,index_add,index_remove,high,name,2007-05-01,2013-11-05
CIK0001370637,1370637,ETSY,ETSY,Etsy,2020-09-21,2024-09-23,Market capitalization changes.,fja_updated,ETSY:2020-09..2024-08,wikipedia_snapshot,ETSY,index_add,index_remove,high,sec_ticker+wiki_snapshot_cik,2019-02-28,2026-08-05
CIK0001373715,1373715,NOW,NOW,ServiceNow,2019-11-21,,,fja_updated,NOW:2019-11..2026-09,wikipedia_snapshot,NOW,index_add,current,high,sec_ticker+wiki_current_cik+wiki_snapshot_cik,2012-08-10,2026-07-23
CIK0001373835,1373835,SE,,Spectra Energy Corp.,2007-01-03,2017-02-27,SE was acquired by ENB,fja_orig(norgate),SE:2007-03..2017-01,"wikipedia_first_observed(2007+),backfilled",SE-201702,index_add,index_remove,high,wiki_snapshot_cik,2007-04-02,2017-02-24
CIK0001374310,1374310,CBOE,CBOE,Cboe Global Markets,2017-03-01,,,fja_orig(norgate),CBOE:2017-03..2026-09,wikipedia_snapshot,CBOE,index_add,current,high,sec_ticker+wiki_current_cik+wiki_snapshot_cik,2015-08-06,2026-07-31
CIK0001375365,1375365,SMCI,SMCI,Supermicro,2024-03-18,,,fja_updated,SMCI:2024-03..2026-09,wikipedia_snapshot,SMCI,index_add,current,high,name_of_ticker_holder+sec_ticker+wiki_current_cik+wiki_snapshot_cik,2017-02-07,2026-08-31
CIK0001377013,1377013,TWC,,Time Warner Cable Inc.,2009-03-30,2016-05-18,Time Warner Cable was acquired by Charter.,fja_orig(norgate),TWC:2009-04..2016-04,norgate_symbol(last_or_2019_ticker),TWC-201605,index_add,index_remove,high,wiki_snapshot_cik,2007-02-23,2016-04-28
CIK0001378946,1378946,PBCT,,People's United Financial,2008-11-13,2022-04-04,M&T Bank acquired People's United Financial.,fja_orig(norgate)+fja_updated,PBCT:2009-06..2022-03,norgate_symbol(last_or_2019_ticker),PBCT,index_add,index_remove,high,wiki_snapshot_cik,2007-04-13,2022-03-31
CIK0001379895,879215,DYN,,Dynegy Inc.,2000-10-03,2007-05-09,,fja_orig(norgate),DYN:2007-03..2007-04,"wikipedia_first_observed(2007+),backfilled",DYN-201804,index_add,cik_change,high,name,1996-05-15,2007-04-30
CIK0001379895,1379895,DYN,,Dynegy Inc.,2007-05-09,2009-12-21,Market capitalization changes.,fja_orig(norgate),DYN:2007-05..2009-11,wikipedia_snapshot,DYN-201804,R3_reorganisation,index_remove,high,name,2007-05-09,2018-04-27
CIK0001381197,1381197,IBKR,IBKR,Interactive Brokers,2025-08-28,,,fja_updated,IBKR:2025-08..2026-09,wikipedia_snapshot,IBKR,index_add,current,high,sec_ticker+wiki_current_cik+wiki_snapshot_cik,2017-11-08,2026-08-06
CIK0001383312,1383312,BR,BR,Broadridge Financial Solutions,2018-06-18,,,fja_orig(norgate),BR:2018-06..2026-09,wikipedia_snapshot,BR,index_add,current,high,sec_ticker+wiki_current_cik+wiki_snapshot_cik,2007-05-15,2026-08-04
CIK0001385157,1385157,TEL,TEL,Tyco Electronics Ltd.,2007-07-02,2009-06-26,"Tyco Electronics was removed because it was reincorporating in Switzerland, making it ineligible for inclusion.",fja_orig(norgate),TEL:2008-01..2009-03,norgate_symbol(last_or_2019_ticker),TEL,index_add,index_remove,high,same_norgate_key+sec_ticker,2007-08-13,2026-07-24
CIK0001385157,1385157,TEL,TEL,TE Connectivity,2011-10-17,,,fja_orig(norgate),TEL:2011-10..2026-09,wikipedia_snapshot,TEL,index_add,current,high,sec_ticker+wiki_current_cik+wiki_snapshot_cik,2007-08-13,2026-07-24
CIK0001385187,1385187,COV,,Covidien Ltd.,2007-07-02,2009-06-05,"Covidien moved its place of incorporation to Ireland, making it ineligible for inclusion in the index.",fja_orig(norgate),COV:2008-01..2009-05,norgate_symbol(last_or_2019_ticker),COV-201501,index_add,index_remove,high,same_norgate_key,2007-08-10,2015-01-23
CIK0001385187,1385187,COV,,Covidien plc,2011-03-01,2015-01-27,Covidien was acquired by Medtronic.,fja_orig(norgate),COV:2011-03..2014-12,wikipedia_snapshot,COV-201501,index_add,index_remove,high,wiki_snapshot_cik,2007-08-10,2015-01-23
CIK0001389170,1389170,TRGP,TRGP,Targa Resources,2022-10-12,,,fja_updated,TRGP:2022-10..2026-09,wikipedia_snapshot,TRGP,index_add,current,high,sec_ticker+wiki_current_cik+wiki_snapshot_cik,2016-05-10,2026-08-06
CIK0001390777,1390777,BK,BNY,BNY Mellon,1996-01-02,,,fja_orig(norgate)+fja_updated,BK:2007-03..2026-04;BNY:2026-05..2026-09,"wikipedia_first_observed(2007+),backfilled","BK,BNY",index_add,current,high,wiki_snapshot_cik,2022-02-25,2026-07-31
CIK0001393052,1393052,VEEV,VEEV,Veeva Systems,2026-05-07,,,fja_updated,VEEV:2026-05..2026-09,wikipedia_snapshot,VEEV,index_add,current,high,sec_ticker+wiki_current_cik+wiki_snapshot_cik,2019-12-05,2026-08-27
CIK0001393311,1393311,PSA,PSA,Public Storage,2005-08-19,,,fja_orig(norgate),PSA:2007-03..2026-09,"wikipedia_first_observed(2007+),backfilled",PSA,index_add,current,high,sec_ticker+wiki_current_cik+wiki_snapshot_cik,2007-08-09,2026-07-29
CIK0001393612,1393612,DFS,,Discover Financial,2007-07-02,2025-05-19,Capital One acquired Discover Financial.,fja_orig(norgate)+fja_updated,DFS:2008-01..2025-04,norgate_symbol(last_or_2019_ticker),DFS,index_add,index_remove,high,wiki_snapshot_cik,2007-07-12,2025-04-30
CIK0001393818,1393818,BX,BX,Blackstone Inc.,2023-09-18,,,fja_updated,BX:2023-09..2026-09,wikipedia_snapshot,BX,index_add,current,high,sec_ticker+wiki_current_cik+wiki_snapshot_cik,2017-05-09,2026-08-07
CIK0001396009,1396009,VMC,VMC,Vulcan Materials Company,1999-07-01,,,fja_orig(norgate),VMC:2007-03..2026-09,"wikipedia_first_observed(2007+),backfilled",VMC,index_add,current,high,sec_ticker+wiki_current_cik+wiki_snapshot_cik,2008-02-29,2026-07-29
CIK0001397187,1397187,LULU,LULU,Lululemon Athletica,2023-10-18,,,fja_updated,LULU:2023-10..2026-09,wikipedia_snapshot,LULU,index_add,current,high,sec_ticker+wiki_current_cik+wiki_snapshot_cik,2013-03-21,2026-09-03
CIK0001399315,62741,MI,,Marshall & Ilsley Corp.,2002-02-11,2007-11-09,,fja_orig(norgate),MI:2007-03..2007-10,"wikipedia_first_observed(2007+),backfilled",MI-201107,index_add,cik_change,high,name,1994-03-30,2007-08-08
CIK0001399315,1399315,MI,,Marshall & Ilsley Corp.,2007-11-09,2011-07-06,Marshall & Ilsley was acquired by Bank of Montreal.,fja_orig(norgate),MI:2007-11..2011-06,wikipedia_snapshot,MI-201107,R3_reorganisation,index_remove,high,name,2007-11-09,2011-05-10
CIK0001402057,1402057,CDW,CDW,CDW Corporation,2019-09-23,,,fja_updated,CDW:2019-09..2026-09,wikipedia_snapshot,CDW,index_add,current,high,sec_ticker+wiki_current_cik+wiki_snapshot_cik,2018-08-03,2026-08-05
CIK0001403161,1403161,V,V,Visa Inc.,2009-12-21,,,fja_orig(norgate),V:2010-01..2026-09,norgate_symbol(last_or_2019_ticker),V,index_add,current,high,sec_ticker+wiki_current_cik+wiki_snapshot_cik,2007-12-21,2026-07-29
CIK0001403568,1403568,ULTA,ULTA,Ulta Beauty,2016-04-18,,,fja_orig(norgate),ULTA:2016-04..2026-09,wikipedia_snapshot,ULTA,index_add,current,high,sec_ticker+wiki_current_cik+wiki_snapshot_cik,2008-06-17,2026-08-27
CIK0001404912,1404912,KKR,KKR,KKR & Co.,2024-06-24,,,fja_updated,KKR:2024-06..2026-09,wikipedia_snapshot,KKR,index_add,current,high,sec_ticker+wiki_current_cik+wiki_snapshot_cik,2015-08-07,2026-08-06
CIK0001408198,1408198,MSCI,MSCI,MSCI,2018-04-04,,,fja_orig(norgate),MSCI:2018-04..2026-09,wikipedia_snapshot,MSCI,index_add,current,high,sec_ticker+wiki_current_cik+wiki_snapshot_cik,2014-05-02,2026-07-21
CIK0001410636,1410636,AWK,AWK,American Water Works,2016-03-04,,,fja_orig(norgate),AWK:2016-03..2026-09,wikipedia_snapshot,AWK,index_add,current,high,sec_ticker+wiki_current_cik+wiki_snapshot_cik,2015-05-06,2026-07-29
CIK0001413329,1413329,PM,PM,Philip Morris International,2008-03-31,,,fja_orig(norgate),PM:2008-08..2026-09,norgate_symbol(last_or_2019_ticker),PM,index_add,current,high,sec_ticker+wiki_current_cik+wiki_snapshot_cik,2008-05-08,2026-07-24
CIK0001413447,1413447,NXPI,NXPI,NXP Semiconductors,2021-03-22,,,fja_updated,NXPI:2021-03..2026-09,wikipedia_snapshot,NXPI,index_add,current,high,sec_ticker+wiki_current_cik+wiki_snapshot_cik,2013-03-01,2026-07-28
CIK0001415404,1415404,SATS,ECHO,EchoStar,2026-03-23,,,fja_updated,SATS:2026-03..2026-05;ECHO:2026-06..2026-09,wikipedia_snapshot,"SATS,ECHO",index_add,current,high,wiki_snapshot_cik,2011-08-09,2026-08-03
CIK0001418091,1418091,TWTR,,Twitter Inc.,2018-06-07,2022-11-01,Elon Musk acquired Twitter.,fja_orig(norgate)+fja_updated,TWTR:2018-06..2022-10,wikipedia_snapshot,TWTR,index_add,index_remove,high,wiki_snapshot_cik,2015-11-06,2022-07-26
CIK0001418135,1418135,KDP,KDP,Dr Pepper Snapple Group,2008-10-07,2018-07-02,DPS was acquired by Keurig Green Mountain.,fja_orig(norgate),DPS:2008-11..2018-06,norgate_symbol(last_or_2019_ticker),KDP,index_add,index_remove,high,sec_ticker+wiki_snapshot_cik,2008-06-05,2026-08-10
CIK0001418135,1418135,KDP,KDP,Keurig Dr Pepper,2022-06-21,,,fja_updated,KDP:2022-06..2026-09,wikipedia_snapshot,KDP,index_add,current,high,sec_ticker+wiki_current_cik+wiki_snapshot_cik,2018-08-08,2026-08-10
CIK0001419612,1419612,SEDG,SEDG,SolarEdge,2021-12-20,2023-12-18,Market capitalization changes.,fja_updated,SEDG:2021-12..2023-11,wikipedia_snapshot,SEDG,index_add,index_remove,high,sec_ticker+wiki_snapshot_cik,2015-05-08,2026-08-05
CIK0001424847,1424847,LO,,Lorillard Inc.,2008-06-11,2015-06-12,Lorillard was acquired.,fja_orig(norgate),LO:2008-08..2015-05,norgate_symbol(last_or_2019_ticker),LO-201506,index_add,index_remove,high,wiki_snapshot_cik,2008-08-07,2015-04-21
CIK0001430602,1430602,SNI,,Scripps Networks Interactive Inc.,2008-07-01,2018-03-07,Discovery Communications acquired Scripps Networks Interactive.,fja_orig(norgate),SNI:2008-08..2018-02,norgate_symbol(last_or_2019_ticker),SNI-201803,index_add,index_remove,high,wiki_snapshot_cik,2008-08-14,2018-03-06
CIK0001437107,1437107,DISCA,WBD,Warner Bros. Discovery,2010-03-01,,,fja_orig(norgate)+fja_updated,DISCA:2010-04..2022-03;WBD:2022-04..2026-09,norgate_symbol(last_or_2019_ticker),"DISCA,WBD",index_add,current,high,wiki_snapshot_cik,2020-05-06,2026-08-06
CIK0001437107.DISCK,1437107,DISCK,,Discovery (Series C),2014-08-07,2022-04-11,WarnerMedia and Discovery merged to create Warner Bros. Discovery.,fja_orig(norgate)+fja_updated,DISCK:2014-08..2022-03,wikipedia_snapshot,DISCK,index_add,index_remove,high,wiki_snapshot_cik,2008-11-07,2026-08-06
CIK0001442145,1442145,VRSK,VRSK,Verisk Analytics,2015-10-08,,,fja_orig(norgate),VRSK:2015-10..2026-09,wikipedia_snapshot,VRSK,index_add,current,high,sec_ticker+wiki_current_cik+wiki_snapshot_cik,2009-11-16,2026-07-29
CIK0001451505,1451505,RIG,RIG,Transocean Inc. (New),1999-12-31,2008-12-19,,fja_orig(norgate),RIG:2007-03..2008-11,"wikipedia_first_observed(2007+),backfilled",RIG,index_add,index_remove,high,same_norgate_key+sec_ticker,2009-02-26,2026-08-07
CIK0001451505,1451505,RIG,RIG,Transocean,2013-10-29,2017-07-26,Market capitalization changes.,fja_orig(norgate),RIG:2013-12..2017-06,norgate_symbol(last_or_2019_ticker),RIG,index_add,index_remove,high,sec_ticker+wiki_snapshot_cik,2009-02-26,2026-08-07
CIK0001452575,1452575,MJN,,Mead Johnson,2009-12-21,2017-06-15,Reckitt Benckiser acquired Mead Johnson Nutrition.,fja_orig(norgate),MJN:2010-01..2017-05,norgate_symbol(last_or_2019_ticker),MJN-201706,index_add,index_remove,high,wiki_snapshot_cik,2009-03-27,2017-04-27
CIK0001457543,1457543,CFN,,Carefusion,2009-09-01,2015-03-17,Carefusion was acquired by Becton Dickinson.,fja_orig(norgate),CFN:2009-10..2015-02,norgate_symbol(last_or_2019_ticker),CFN-201503,index_add,index_remove,high,wiki_snapshot_cik,2009-09-15,2015-02-06
CIK0001458891,1458891,NE,,Noble Corporation,2001-01-16,2009-03-27,,fja_orig(norgate),NE:2007-03..2009-02,"wikipedia_first_observed(2007+),backfilled",NE,index_add,index_remove,high,same_norgate_key,2009-05-11,2022-08-09
CIK0001458891,1458891,NE,,Noble Corp,2011-01-18,2015-07-20,eBay completed the corporate spin-off of PayPal.,fja_orig(norgate),NE:2011-03..2015-06,norgate_symbol(last_or_2019_ticker),NE,index_add,index_remove,high,wiki_snapshot_cik,2009-05-11,2022-08-09
CIK0001463101,1463101,ENPH,ENPH,Enphase Energy,2021-01-07,2025-09-22,Market capitalization changes.,fja_updated,ENPH:2021-01..2025-08,wikipedia_snapshot,ENPH,index_add,index_remove,high,sec_ticker+wiki_snapshot_cik,2012-05-14,2026-07-28
CIK0001465112,1465112,DTV,,DirecTV,2006-12-04,2015-07-27,DirecTV was acquired by AT&T.,fja_orig(norgate),DTV:2007-03..2015-06,"wikipedia_first_observed(2007+),backfilled",DTV-201507,index_add,index_remove,high,wiki_snapshot_cik,2010-02-26,2015-10-20
CIK0001466258,1466258,IR,TT,Ingersoll-Rand Co. Ltd.,1996-01-02,2009-07-01,,fja_orig(norgate),IR:2007-03..2009-06,"wikipedia_first_observed(2007+),backfilled",IR,index_add,index_remove,high,same_norgate_key,2009-08-06,2026-07-30
CIK0001466258,1466258,IR,TT,Trane Technologies,2010-11-17,,,fja_orig(norgate)+fja_updated,IR:2010-12..2020-02;TT:2020-03..2026-09,norgate_symbol(last_or_2019_ticker),"IR,TT",index_add,current,high,wiki_snapshot_cik,2018-07-25,2026-07-30
CIK0001467373,1467373,ACN,ACN,Accenture,2011-07-06,,,fja_orig(norgate),ACN:2011-11..2026-09,norgate_symbol(last_or_2019_ticker),ACN,index_add,current,high,sec_ticker+wiki_current_cik+wiki_snapshot_cik,2009-10-19,2026-06-18
CIK0001467858,1467858,GM,GM,General Motors,2013-06-07,,,fja_orig(norgate),GM:2013-06..2026-09,wikipedia_snapshot,GM,index_add,current,high,sec_ticker+wiki_current_cik+wiki_snapshot_cik,2010-04-07,2026-07-21
CIK0001474432,1474432,P,P,Everpure,2026-09-21,,,wikipedia_changes,P:2026-09..2026-09,wikipedia_snapshot,P,index_add,current,high,sec_ticker+wiki_current_cik+wiki_snapshot_cik,2016-03-25,2026-09-04
CIK0001474735,1474735,GNRC,GNRC,Generac,2021-03-22,,,fja_updated,GNRC:2021-03..2026-09,wikipedia_snapshot,GNRC,index_add,current,high,sec_ticker+wiki_current_cik+wiki_snapshot_cik,2014-03-03,2026-08-04
CIK0001478242,1478242,Q,IQV,IQVIA,2017-08-29,,,fja_orig(norgate),Q:2017-08..2017-10;IQV:2017-11..2026-09,wikipedia_snapshot,IQV,index_add,current,high,sec_ticker+wiki_current_cik+wiki_snapshot_cik,2014-02-13,2026-07-28
CIK0001489393,1489393,LYB,LYB,LyondellBasell,2012-09-05,,,fja_orig(norgate),LYB:2012-09..2026-09,wikipedia_snapshot,LYB,index_add,current,high,sec_ticker+wiki_current_cik+wiki_snapshot_cik,2010-11-10,2026-07-31
CIK0001491675,1491675,CCE,,Coca-Cola Enterprises,1998-10-08,2016-05-31,Coca-Cola Enterprises merged with European bottlers.,fja_orig(norgate),CCE:2007-03..2016-04,"wikipedia_first_observed(2007+),backfilled",CCE,index_add,index_remove,high,wiki_snapshot_cik,2010-10-28,2016-04-28
CIK0001492633,1492633,NLSN,,Nielsen Holdings,2013-07-09,2022-10-12,Elliott Investment Management acquired Nielsen Holdings.,fja_orig(norgate)+fja_updated,NLSN:2013-07..2022-09,wikipedia_snapshot,NLSN,index_add,index_remove,high,wiki_snapshot_cik,2011-03-01,2022-10-27
CIK0001495569,1495569,MMI,,Motorola Mobility Holdings Inc.,2011-01-04,2012-05-22,Motorola Mobility was acquired by Google.,fja_orig(norgate),MMI:2011-03..2012-04,norgate_symbol(last_or_2019_ticker),MMI-201205,index_add,index_remove,high,name,2011-02-18,2012-05-01
CIK0001496048,1496048,GGP,,General Growth Properties Inc.,2013-12-10,2018-08-28,GGP was acquired by Brookfield Property Partners.,fja_orig(norgate),GGP:2013-12..2018-07,wikipedia_snapshot,GGP-201808,index_add,index_remove,high,wiki_snapshot_cik,2011-03-08,2021-08-06
CIK0001501585,1501585,HII,HII,Huntington Ingalls Industries,2018-01-03,,,fja_orig(norgate),HII:2018-01..2026-09,wikipedia_snapshot,HII,index_add,current,high,sec_ticker+wiki_current_cik+wiki_snapshot_cik,2011-05-11,2026-07-30
CIK0001506307,1506307,KMI,KMI,Kinder Morgan,2012-05-25,,,fja_orig(norgate),KMI:2012-05..2026-09,wikipedia_snapshot,KMI,index_add,current,high,sec_ticker+wiki_current_cik+wiki_snapshot_cik,2011-03-02,2026-07-24
CIK0001510295,1510295,MPC,MPC,Marathon Petroleum,2011-07-01,,,fja_orig(norgate),MPC:2011-12..2026-09,norgate_symbol(last_or_2019_ticker),MPC,index_add,current,high,sec_ticker+wiki_current_cik+wiki_snapshot_cik,2011-08-09,2026-08-04
CIK0001512673,1512673,XYZ,XYZ,"Block, Inc.",2025-07-23,,,fja_updated,XYZ:2025-07..2026-09,wikipedia_snapshot,XYZ,index_add,current,high,sec_ticker+wiki_current_cik+wiki_snapshot_cik,2021-08-02,2026-08-05
CIK0001513761,1513761,NCLH,NCLH,Norwegian Cruise Line Holdings,2017-10-13,,,fja_orig(norgate),NCLH:2017-10..2026-09,wikipedia_snapshot,NCLH,index_add,current,high,sec_ticker+wiki_current_cik+wiki_snapshot_cik,2014-02-21,2026-08-03
CIK0001518832,1518832,WPX,,"WPX Energy, Inc.",2012-01-03,2014-03-24,Market capitalization changes.,fja_orig(norgate),WPX:2012-01..2014-02,wikipedia_snapshot,WPX,index_add,index_remove,high,name,2012-02-28,2020-11-03
CIK0001519751,1519751,FBHS,FBIN,Fortune Brands Home & Security,2016-06-24,2022-12-19,Market capitalization changes.,fja_orig(norgate)+fja_updated,FBHS:2016-06..2022-11,wikipedia_snapshot,FBHS,index_add,index_remove,high,wiki_snapshot_cik,2015-02-25,2026-08-05
CIK0001521332,1521332,DLPH,APTV,Aptiv,2012-12-24,,,fja_orig(norgate),DLPH:2012-12..2017-11;APTV:2017-12..2026-09,wikipedia_snapshot,APTV,index_add,current,high,sec_ticker+wiki_current_cik+wiki_snapshot_cik,2012-02-17,2026-08-04
CIK0001524472,1524472,XYL,XYL,Xylem Inc.,2011-11-01,,,fja_orig(norgate),XYL:2011-11..2026-09,wikipedia_snapshot,XYL,index_add,current,high,sec_ticker+wiki_current_cik+wiki_snapshot_cik,2011-11-21,2026-07-28
CIK0001526520,1526520,TRIP,TRIP,TripAdvisor,2011-12-21,2019-12-23,Market capitalization changes.,fja_orig(norgate)+fja_updated,TRIP:2011-12..2019-11,wikipedia_snapshot,TRIP,index_add,index_remove,high,sec_ticker+wiki_snapshot_cik,2011-12-06,2026-08-06
CIK0001530721,1530721,KORS,CPRI,Capri Holdings,2013-11-13,2020-05-12,Market capitalization changes.,fja_orig(norgate)+fja_updated,KORS:2013-11..2018-12;CPRI:2019-01..2020-04,wikipedia_snapshot,"KORS,CPRI",index_add,index_remove,high,wiki_snapshot_cik,2012-06-12,2026-08-05
CIK0001532063,1532063,ESRX,,Express Scripts,2003-09-26,2018-12-21,Cigna acquired Express Scripts.,fja_orig(norgate),ESRX:2007-03..2018-11,"wikipedia_first_observed(2007+),backfilled",ESRX-201812,index_add,index_remove,high,wiki_snapshot_cik,2012-05-10,2018-10-31
CIK0001534701,1534701,PSX,PSX,Phillips 66,2012-05-01,,,fja_orig(norgate),PSX:2012-05..2026-09,wikipedia_snapshot,PSX,index_add,current,high,sec_ticker+wiki_current_cik+wiki_snapshot_cik,2012-05-16,2026-08-05
CIK0001535527,1535527,CRWD,CRWD,CrowdStrike,2024-06-24,,,fja_updated,CRWD:2024-06..2026-09,wikipedia_snapshot,CRWD,index_add,current,high,sec_ticker+wiki_current_cik+wiki_snapshot_cik,2020-12-03,2026-08-27
CIK0001539838,1539838,FANG,FANG,Diamondback Energy,2018-12-03,,,fja_orig(norgate),FANG:2018-12..2026-09,wikipedia_snapshot,FANG,index_add,current,high,sec_ticker+wiki_current_cik+wiki_snapshot_cik,2016-11-08,2026-08-05
CIK0001543151,1543151,UBER,UBER,Uber,2023-12-18,,,fja_updated,UBER:2023-12..2026-09,wikipedia_snapshot,UBER,index_add,current,high,sec_ticker+wiki_current_cik+wiki_snapshot_cik,2020-11-06,2026-08-05
CIK0001545158,1545158,KRFT,,Kraft Foods Group,2012-10-02,2015-07-06,Kraft merged with Heinz.,fja_orig(norgate),KRFT:2012-10..2015-06,wikipedia_snapshot,KRFT-201507,index_add,index_remove,high,wiki_snapshot_cik,2012-11-09,2015-04-28
CIK0001546640,1546640,ADT,,ADT Corp,2012-10-02,2016-05-02,ADT was acquired by Apollo.,fja_orig(norgate),ADT:2012-10..2016-04,wikipedia_snapshot,ADT-201604,index_add,index_remove,high,wiki_snapshot_cik,2012-11-27,2016-06-14
CIK0001551152,1551152,ABBV,ABBV,AbbVie,2013-01-02,,,fja_orig(norgate),ABBV:2013-01..2026-09,wikipedia_snapshot,ABBV,index_add,current,high,sec_ticker+wiki_current_cik+wiki_snapshot_cik,2013-03-15,2026-08-03
CIK0001551182,1551182,ETN,ETN,Eaton Corporation,1996-01-02,,,fja_orig(norgate),ETN:2007-03..2026-09,"wikipedia_first_observed(2007+),backfilled",ETN,index_add,current,high,sec_ticker+wiki_current_cik+wiki_snapshot_cik,2012-11-14,2026-07-31
CIK0001555280,1555280,ZTS,ZTS,Zoetis,2013-06-24,,,fja_orig(norgate),ZTS:2013-08..2026-09,norgate_symbol(last_or_2019_ticker),ZTS,index_add,current,high,sec_ticker+wiki_current_cik+wiki_snapshot_cik,2013-03-28,2026-08-06
CIK0001559720,1559720,ABNB,ABNB,Airbnb,2023-09-18,,,fja_updated,ABNB:2023-09..2026-09,wikipedia_snapshot,ABNB,index_add,current,high,sec_ticker+wiki_current_cik+wiki_snapshot_cik,2023-08-03,2026-08-06
CIK0001561550,1561550,DDOG,DDOG,Datadog,2025-07-09,,,fja_updated,DDOG:2025-07..2026-09,wikipedia_snapshot,DDOG,index_add,current,high,sec_ticker+wiki_current_cik+wiki_snapshot_cik,2023-08-09,2026-08-06
CIK0001564708,1564708,NWSA,NWSA,News Corp (Class A),2013-07-01,,,fja_orig(norgate),NWSA:2013-07..2026-09,wikipedia_snapshot,NWSA,index_add,current,high,sec_ticker+wiki_current_cik+wiki_snapshot_cik,2013-09-20,2026-08-07
CIK0001564708.NWS,1564708,NWS,NWS,News Corp (Class B),2015-09-21,,,fja_orig(norgate),NWS:2015-09..2026-09,wikipedia_snapshot,NWS,index_add,current,high,sec_ticker+wiki_current_cik+wiki_snapshot_cik,2013-09-20,2026-08-07
CIK0001567892,1567892,MNK,,Mallinckrodt Plc,2014-08-19,2017-07-26,Market capitalization changes.,fja_orig(norgate),MNK:2014-09..2017-06,norgate_symbol(last_or_2019_ticker),MNK,index_add,index_remove,high,wiki_snapshot_cik,2013-08-12,2026-08-11
CIK0001571949,1571949,ICE,ICE,Intercontinental Exchange,2007-09-26,,,fja_orig(norgate),ICE:2008-01..2026-09,norgate_symbol(last_or_2019_ticker),ICE,index_add,current,high,sec_ticker+wiki_current_cik+wiki_snapshot_cik,2013-08-07,2026-07-30
CIK0001571996,1571996,DELL,DELL,Dell Technologies,2024-09-23,,,fja_updated,DELL:2024-09..2026-09,wikipedia_snapshot,DELL,index_add,current,high,sec_ticker+wiki_current_cik+wiki_snapshot_cik,2024-03-25,2026-09-08
CIK0001578845,884629,WPI,,Actavis Inc,1999-04-12,2013-10-31,,fja_orig(norgate)+fja_updated,WPI:2007-03..2012-12;ACT:2013-01..2013-09,"wikipedia_first_observed(2007+),backfilled",AGN,index_add,cik_change,high,wiki_snapshot_cik,1995-11-13,2013-10-31
CIK0001578845,1578845,ACT,,"Allergan, plc",2013-10-31,2020-05-12,Allergan was acquired by AbbVie.,fja_orig(norgate)+fja_updated,ACT:2013-10..2015-05;AGN:2015-06..2020-04,wikipedia_snapshot,AGN,R3_reorganisation,index_remove,high,wiki_snapshot_cik,2013-10-31,2020-05-07
CIK0001579241,1579241,ALLE,ALLE,Allegion,2013-12-02,,,fja_orig(norgate),ALLE:2013-12..2026-09,wikipedia_snapshot,ALLE,index_add,current,high,sec_ticker+wiki_current_cik+wiki_snapshot_cik,2014-03-10,2026-07-23
CIK0001585364,1585364,PRGO,PRGO,Perrigo,2011-12-19,2021-09-20,Market capitalization changes.,fja_orig(norgate)+fja_updated,PRGO:2011-12..2021-08,wikipedia_snapshot,PRGO,index_add,index_remove,high,sec_ticker+wiki_snapshot_cik,2013-11-04,2026-08-05
CIK0001585689,1585689,HLT,HLT,Hilton Worldwide,2017-06-19,,,fja_orig(norgate),HLT:2017-06..2026-09,wikipedia_snapshot,HLT,index_add,current,high,sec_ticker+wiki_current_cik+wiki_snapshot_cik,2015-04-29,2026-07-28
CIK0001590895,1590895,CZR,CZR,Caesars Entertainment,2021-03-22,2025-09-22,Market capitalization changes.,fja_updated,CZR:2021-03..2025-08,wikipedia_snapshot,CZR,index_add,index_remove,high,sec_ticker+wiki_snapshot_cik,2015-03-16,2026-07-28
CIK0001590955,1590955,PAYC,PAYC,Paycom,2020-01-28,2026-03-23,Market capitalization changes.,fja_updated,PAYC:2020-01..2026-02,wikipedia_snapshot,PAYC,index_add,index_remove,high,sec_ticker+wiki_snapshot_cik,2015-08-07,2026-08-06
CIK0001593034,1593034,ENDP,,Endo International,2015-01-27,2017-03-02,Regency Centers acquired EQY.,fja_orig(norgate),ENDP:2015-01..2017-02,wikipedia_snapshot,ENDP,index_add,index_remove,high,name,2014-05-09,2024-03-06
CIK0001593538,1593538,NAVI,NAVI,Navient,2014-05-01,2018-06-05,Westar Energy acquired Great Plains Energy and changed name to Evergy.,fja_orig(norgate),NAVI:2014-05..2018-05,wikipedia_snapshot,NAVI,index_add,index_remove,high,sec_ticker+wiki_snapshot_cik,2014-05-09,2026-08-07
CIK0001596532,1596532,ANET,ANET,Arista Networks,2018-08-28,,,fja_orig(norgate),ANET:2018-08..2026-09,wikipedia_snapshot,ANET,index_add,current,high,sec_ticker+wiki_current_cik+wiki_snapshot_cik,2014-08-08,2026-08-05
CIK0001596783,1596783,CTLT,,Catalent,2020-09-21,2024-12-23,Novo Holdings A/S acquired Catalent.,fja_updated,CTLT:2020-09..2024-11,wikipedia_snapshot,CTLT,index_add,index_remove,high,wiki_snapshot_cik,2015-11-03,2024-11-05
CIK0001598014,1598014,INFO,,IHS Markit,2017-06-02,2022-03-02,S&P Global acquired IHS Markit.,fja_orig(norgate)+fja_updated,INFO:2017-06..2022-02,wikipedia_snapshot,INFO,index_add,index_remove,high,wiki_snapshot_cik,2015-03-10,2022-01-24
CIK0001601046,1601046,KEYS,KEYS,Keysight Technologies,2018-11-06,,,fja_orig(norgate),KEYS:2018-11..2026-09,wikipedia_snapshot,KEYS,index_add,current,high,sec_ticker+wiki_current_cik+wiki_snapshot_cik,2015-12-21,2026-09-02
CIK0001601712,1601712,SYF,SYF,Synchrony Financial,2015-11-18,,,fja_orig(norgate),SYF:2015-11..2026-09,wikipedia_snapshot,SYF,index_add,current,high,sec_ticker+wiki_current_cik+wiki_snapshot_cik,2014-09-05,2026-07-23
CIK0001604778,1604778,QRVO,QRVO,Qorvo,2015-06-12,2024-12-23,Market capitalization changes.,fja_orig(norgate)+fja_updated,QRVO:2015-06..2024-11,wikipedia_snapshot,QRVO,index_add,index_remove,high,sec_ticker+wiki_snapshot_cik,2014-09-12,2026-07-28
CIK0001609711,1609711,GDDY,GDDY,GoDaddy,2024-06-24,,,fja_updated,GDDY:2024-06..2026-09,wikipedia_snapshot,GDDY,index_add,current,high,sec_ticker+wiki_current_cik+wiki_snapshot_cik,2017-11-08,2026-07-31
CIK0001613103,64670,MDT,MDT,Medtronic Inc.,1996-01-02,2015-02-27,,fja_orig(norgate),MDT:2007-03..2015-01,"wikipedia_first_observed(2007+),backfilled",MDT,index_add,cik_change,high,wiki_snapshot_cik,1994-03-04,2015-02-27
CIK0001613103,1613103,MDT,MDT,Medtronic,2015-02-27,,,fja_orig(norgate),MDT:2015-02..2026-09,wikipedia_snapshot,MDT,R3_reorganisation,current,high,sec_ticker+wiki_current_cik+wiki_snapshot_cik,2015-02-27,2026-09-03
CIK0001618921,1618921,WBA,,Walgreens Boots Alliance,1996-01-02,2025-08-28,Sycamore Partners acquired Walgreen Boots Alliance.,fja_orig(norgate)+fja_updated,WBA:2015-01..2025-07,"wikipedia_first_observed(2007+),backfilled",WBA,index_add,index_remove,high,wiki_snapshot_cik,2014-12-30,2025-06-26
CIK0001620546,1620546,BXLT,,Baxalta,2015-07-01,2016-06-03,SHPG acquired Baxalta.,fja_orig(norgate),BXLT:2015-07..2016-05,wikipedia_snapshot,BXLT-201606,index_add,index_remove,high,wiki_snapshot_cik,2015-08-13,2016-05-09
CIK0001623613,69499,MYL,,Mylan N.V.,2004-04-23,2015-05-08,,fja_orig(norgate)+fja_updated,MYL:2007-03..2015-04,"wikipedia_first_observed(2007+),backfilled",MYL,index_add,cik_change,high,wiki_snapshot_cik,1994-02-07,2015-04-30
CIK0001623613,1623613,MYL,,Mylan N.V.,2015-05-08,2020-11-17,,fja_orig(norgate)+fja_updated,MYL:2015-05..2020-10,wikipedia_snapshot,MYL,R3_reorganisation,index_remove,high,wiki_snapshot_cik,2015-05-08,2020-11-06
CIK0001629995,1629995,CPGX,,Columbia Pipeline Group Inc,2015-07-02,2016-07-01,CPGX was acquired by TRP.,fja_orig(norgate),CPGX:2015-07..2016-06,wikipedia_snapshot,CPGX-201606,index_add,index_remove,high,wiki_snapshot_cik,2015-08-03,2017-02-17
CIK0001633917,1633917,PYPL,PYPL,PayPal,2015-07-20,,,fja_orig(norgate),PYPL:2015-07..2026-09,wikipedia_snapshot,PYPL,index_add,current,high,sec_ticker+wiki_current_cik+wiki_snapshot_cik,2015-07-29,2026-07-28
CIK0001633978,1633978,LITE,LITE,Lumentum,2026-03-23,,,fja_updated,LITE:2026-03..2026-09,wikipedia_snapshot,LITE,index_add,current,high,sec_ticker+wiki_current_cik+wiki_snapshot_cik,2018-02-06,2026-08-17
CIK0001637459,1637459,KHC,KHC,Kraft Heinz,2015-07-06,,,fja_orig(norgate),KHC:2015-07..2026-09,wikipedia_snapshot,KHC,index_add,current,high,sec_ticker+wiki_current_cik+wiki_snapshot_cik,2015-08-10,2026-08-05
CIK0001645590,1645590,HPE,HPE,Hewlett Packard Enterprise,2015-11-02,,,fja_orig(norgate),HPE:2015-11..2026-09,wikipedia_snapshot,HPE,index_add,current,high,sec_ticker+wiki_current_cik+wiki_snapshot_cik,2015-12-17,2026-09-03
CIK0001646383,1646383,CSRA,,CSRA Inc.,2015-11-30,2018-04-04,General Dynamics acquired CSRA.,fja_orig(norgate),CSRA:2015-12..2018-03,norgate_symbol(last_or_2019_ticker),CSRA-201804,index_add,index_remove,high,wiki_snapshot_cik,2015-12-04,2018-02-07
CIK0001650132,1650132,FCPT,FCPT,"Four Corners Property Trust, Inc.",2015-11-10,2015-11-17,,fja_orig(norgate),,norgate_symbol(last_or_2019_ticker),FCPT,index_add,index_remove,medium,name_of_ticker_holder+sec_ticker,2015-12-04,2026-07-30
CIK0001652044,1288776,GOOG,GOOGL,Google Inc Class A,2006-04-03,2015-10-29,,fja_orig(norgate),GOOG:2007-03..2014-03;GOOGL:2014-04..2015-09,"wikipedia_first_observed(2007+),backfilled",GOOGL,index_add,cik_change,high,wiki_snapshot_cik,2006-03-16,2016-03-29
CIK0001652044,1652044,GOOGL,GOOGL,Alphabet Inc. (Class A),2015-10-29,,,fja_orig(norgate),GOOGL:2015-10..2026-09,wikipedia_snapshot,GOOGL,R3_reorganisation,current,high,sec_ticker+wiki_current_cik+wiki_snapshot_cik,2015-10-29,2026-07-23
CIK0001652044.GOOG,1288776,GOOG,GOOG,Google Inc Class C,2014-04-03,2015-10-29,,fja_orig(norgate),GOOG:2014-04..2015-09,wikipedia_snapshot,GOOG,index_add,cik_change,high,wiki_snapshot_cik,2012-10-30,2016-03-29
CIK0001652044.GOOG,1652044,GOOG,GOOG,Alphabet Inc. (Class C),2015-10-29,,,fja_orig(norgate),GOOG:2015-10..2026-09,wikipedia_snapshot,GOOG,R3_reorganisation,current,high,sec_ticker+wiki_current_cik+wiki_snapshot_cik,2015-10-29,2026-07-23
CIK0001659166,1659166,FTV,FTV,Fortive,2016-07-05,,,fja_orig(norgate),FTV:2016-07..2026-09,wikipedia_snapshot,FTV,index_add,current,high,sec_ticker+wiki_current_cik+wiki_snapshot_cik,2016-08-02,2026-07-29
CIK0001664703,1664703,BE,BE,Bloom Energy,2026-09-21,,,wikipedia_changes,BE:2026-09..2026-09,wikipedia_snapshot,BE,index_add,current,high,sec_ticker+wiki_current_cik+wiki_snapshot_cik,2018-09-07,2026-07-29
CIK0001666700,1666700,DWDP,DD,DuPont,2017-09-01,,,fja_orig(norgate)+fja_updated,DWDP:2017-09..2019-05;DD:2019-06..2026-09,wikipedia_snapshot,"DWDP,DD",index_add,current,high,wiki_snapshot_cik,2018-11-02,2026-08-04
CIK0001671933,1671933,TTD,TTD,Trade Desk (The),2025-07-18,2026-09-21,Market capitalization changes.,fja_updated+wikipedia_changes,TTD:2025-07..2026-08,wikipedia_snapshot,TTD,index_add,index_remove,high,sec_ticker+wiki_snapshot_cik,2017-08-11,2026-08-06
CIK0001674101,1674101,VRT,VRT,Vertiv,2026-03-23,,,fja_updated,VRT:2026-03..2026-09,wikipedia_snapshot,VRT,index_add,current,high,sec_ticker+wiki_current_cik+wiki_snapshot_cik,2018-08-07,2026-07-29
CIK0001678531,1678531,EVHC,,Envision Healthcare,2016-12-02,2018-10-11,EVHC was acquired by KKR.,fja_orig(norgate),EVHC:2016-12..2018-09,wikipedia_snapshot,EVHC-201810,index_add,index_remove,high,name,2017-03-01,2018-08-07
CIK0001679273,1679273,LW,LW,Lamb Weston,2018-12-03,2026-03-23,Market capitalization changes.,fja_orig(norgate)+fja_updated,LW:2018-12..2026-02,wikipedia_snapshot,LW,index_add,index_remove,high,sec_ticker+wiki_snapshot_cik,2017-01-10,2026-07-24
CIK0001679788,1679788,COIN,COIN,Coinbase,2025-05-19,,,fja_updated,COIN:2025-05..2026-09,wikipedia_snapshot,COIN,index_add,current,high,sec_ticker+wiki_current_cik+wiki_snapshot_cik,2022-05-10,2026-07-30
CIK0001681459,1681459,FTI,FTI,TechnipFMC,2017-01-17,2021-02-12,Corporate spin-off of Technip Energies.,fja_orig(norgate)+fja_updated,FTI:2017-01..2021-01,wikipedia_snapshot,FTI,index_add,index_remove,high,sec_ticker+wiki_snapshot_cik,2017-01-13,2026-07-30
CIK0001682852,1682852,MRNA,MRNA,Moderna,2021-07-21,,,fja_updated,MRNA:2021-07..2026-09,wikipedia_snapshot,MRNA,index_add,current,high,sec_ticker+wiki_current_cik+wiki_snapshot_cik,2019-03-13,2026-07-31
CIK0001685040,1685040,BHF,BHF,Brighthouse Financial Inc,2017-08-07,2019-04-02,DowDuPont completed the corporate spin-off of Dow Inc.,fja_orig(norgate)+fja_updated,BHF:2017-08..2019-03,wikipedia_snapshot,BHF,index_add,index_remove,high,sec_ticker+wiki_snapshot_cik,2017-08-15,2026-08-06
CIK0001687229,1687229,INVH,INVH,Invitation Homes,2022-09-19,,,fja_updated,INVH:2022-09..2026-09,wikipedia_snapshot,INVH,index_add,current,high,sec_ticker+wiki_current_cik+wiki_snapshot_cik,2017-03-30,2026-07-30
CIK0001688568,1688568,DXC,DXC,DXC Technology,2017-04-04,2023-10-02,Market capitalization changes.,fja_orig(norgate)+fja_updated,DXC:2017-04..2023-09,wikipedia_snapshot,DXC,index_add,index_remove,high,sec_ticker+wiki_snapshot_cik,2017-03-31,2026-07-31
CIK0001690820,1690820,CVNA,CVNA,Carvana,2025-12-22,,,fja_updated,CVNA:2025-12..2026-09,wikipedia_snapshot,CVNA,index_add,current,high,sec_ticker+wiki_current_cik+wiki_snapshot_cik,2023-05-04,2026-07-29
CIK0001692819,1692819,VST,VST,Vistra Corp.,2024-05-08,,,fja_updated,VST:2024-05..2026-09,wikipedia_snapshot,VST,index_add,current,high,sec_ticker+wiki_current_cik+wiki_snapshot_cik,2017-05-18,2026-08-10
CIK0001699150,1699150,IR,IR,Ingersoll Rand,2020-03-03,,,fja_orig(norgate),IR:2020-03..2026-09,wikipedia_snapshot,IR,R1_ticker_reuse,current,high,sec_ticker+wiki_current_cik+wiki_snapshot_cik+R1_ticker_reuse_split,2017-08-04,2026-07-31
CIK0001701605,1701605,BKR,BKR,Baker Hughes,2019-10-18,,,fja_updated,BKR:2019-10..2026-09,wikipedia_snapshot,BKR,index_add,current,high,sec_ticker+wiki_current_cik+wiki_snapshot_cik,2017-07-28,2026-07-27
CIK0001705696,1705696,VICI,VICI,Vici Properties,2022-06-08,,,fja_updated,VICI:2022-06..2026-09,wikipedia_snapshot,VICI,index_add,current,high,sec_ticker+wiki_current_cik+wiki_snapshot_cik,2017-11-13,2026-07-29
CIK0001707925,1707925,LIN,LIN,Linde plc,2018-10-31,,,fja_orig(norgate),LIN:2018-11..2026-09,norgate_symbol(last_or_2019_ticker),LIN,index_add,current,high,sec_ticker+wiki_current_cik+wiki_snapshot_cik,2017-10-30,2026-07-31
CIK0001711269,1711269,EVRG,EVRG,Evergy,2018-06-05,,,fja_orig(norgate),EVRG:2018-06..2026-09,wikipedia_snapshot,EVRG,index_add,current,high,sec_ticker+wiki_current_cik+wiki_snapshot_cik,2018-08-08,2026-08-06
CIK0001713445,1713445,RDDT,RDDT,Reddit,2026-08-18,,,fja_updated,RDDT:2026-08..2026-09,wikipedia_snapshot,RDDT,index_add,current,high,sec_ticker+wiki_current_cik+wiki_snapshot_cik,2024-05-08,2026-07-31
CIK0001725057,1725057,CDAY,,Dayforce,2021-09-20,2026-02-09,Thoma Bravo L.P. acquired Dayforce.,fja_updated,CDAY:2021-09..2024-01;DAY:2024-02..2026-01,wikipedia_snapshot,"CDAY,DAY",index_add,index_remove,high,wiki_snapshot_cik,2018-05-24,2025-10-29
CIK0001730168,1730168,AVGO,AVGO,Broadcom,2014-05-08,,,fja_orig(norgate),AVGO:2014-05..2026-09,wikipedia_snapshot,AVGO,index_add,current,high,sec_ticker+wiki_current_cik+wiki_snapshot_cik,2018-06-14,2026-09-10
CIK0001732845,1636023,WRK,,WestRock,2015-07-02,2018-11-16,,fja_orig(norgate)+fja_updated,WRK:2015-07..2018-10,wikipedia_snapshot,WRK,index_add,cik_change,high,wiki_snapshot_cik,2015-08-10,2018-08-03
CIK0001732845,1732845,WRK,,WestRock,2018-11-16,2024-07-08,,fja_orig(norgate)+fja_updated,WRK:2018-11..2024-06,wikipedia_snapshot,WRK,R3_reorganisation,index_remove,high,wiki_snapshot_cik,2018-11-16,2024-05-03
CIK0001739940,701221,CI,CI,CIGNA Corp.,1996-01-02,2019-02-28,,fja_orig(norgate),CI:2007-03..2019-01,"wikipedia_first_observed(2007+),backfilled",CI,index_add,cik_change,high,wiki_snapshot_cik,1994-03-25,2018-11-01
CIK0001739940,1739940,CI,CI,Cigna,2019-02-28,,,fja_orig(norgate),CI:2019-02..2026-09,wikipedia_snapshot,CI,R3_reorganisation,current,high,sec_ticker+wiki_current_cik+wiki_snapshot_cik,2019-02-28,2026-07-30
CIK0001744489,1001039,DIS,DIS,The Walt Disney Company,1996-01-02,2019-05-08,,fja_orig(norgate),DIS:2007-03..2019-04,"wikipedia_first_observed(2007+),backfilled",DIS,index_add,cik_change,high,wiki_snapshot_cik,1996-02-14,2019-02-05
CIK0001744489,1744489,DIS,DIS,Walt Disney Company (The),2019-05-08,,,fja_orig(norgate),DIS:2019-05..2026-09,wikipedia_snapshot,DIS,R3_reorganisation,current,high,sec_ticker+wiki_current_cik+wiki_snapshot_cik,2019-05-08,2026-08-05
CIK0001748790,1748790,AMCR,AMCR,Amcor,2019-06-07,,,fja_updated,AMCR:2019-06..2026-09,wikipedia_snapshot,AMCR,index_add,current,high,sec_ticker+wiki_current_cik+wiki_snapshot_cik,2019-05-09,2026-08-14
CIK0001751008,1751008,APP,APP,AppLovin,2025-09-22,,,fja_updated,APP:2025-09..2026-09,wikipedia_snapshot,APP,index_add,current,high,sec_ticker+wiki_current_cik+wiki_snapshot_cik,2021-05-14,2026-08-05
CIK0001751788,1751788,DOW,DOW,Dow Inc.,2019-04-02,,,fja_updated,DOW:2019-04..2026-09,wikipedia_snapshot,DOW,index_add,current,high,sec_ticker+wiki_current_cik+wiki_snapshot_cik,2019-05-03,2026-07-24
CIK0001754301,1754301,FOXA,FOXA,Fox Corporation (Class A),2019-03-19,,,fja_orig(norgate),FOXA:2019-03..2026-09,wikipedia_snapshot,FOXA,R2_new_company,current,high,sec_ticker+wiki_current_cik+wiki_snapshot_cik,2019-03-18,2026-08-06
CIK0001754301.FOX,1754301,FOX,FOX,Fox Corporation (Class B),2019-03-19,,,fja_orig(norgate),FOX:2019-03..2026-09,wikipedia_snapshot,FOX,R2_new_company,current,high,sec_ticker+wiki_current_cik+wiki_snapshot_cik,2019-03-18,2026-08-06
CIK0001755672,1755672,CTVA,CTVA,Corteva,2019-06-03,,,fja_updated,CTVA:2019-06..2026-09,wikipedia_snapshot,CTVA,index_add,current,high,sec_ticker+wiki_current_cik+wiki_snapshot_cik,2019-05-31,2026-07-31
CIK0001757898,1757898,STE,STE,Steris,2019-12-23,,,fja_updated,STE:2019-12..2026-09,wikipedia_snapshot,STE,index_add,current,high,sec_ticker+wiki_current_cik+wiki_snapshot_cik,2019-05-30,2026-08-07
CIK0001781335,1781335,OTIS,OTIS,Otis Worldwide,2020-04-03,,,fja_updated,OTIS:2020-04..2026-09,wikipedia_snapshot,OTIS,index_add,current,high,sec_ticker+wiki_current_cik+wiki_snapshot_cik,2020-05-08,2026-07-23
CIK0001783180,1783180,CARR,CARR,Carrier Global,2020-04-03,,,fja_updated,CARR:2020-04..2026-09,wikipedia_snapshot,CARR,index_add,current,high,sec_ticker+wiki_current_cik+wiki_snapshot_cik,2020-05-11,2026-07-28
CIK0001783879,1783879,HOOD,HOOD,Robinhood Markets,2025-09-22,,,fja_updated,HOOD:2025-09..2026-09,wikipedia_snapshot,HOOD,index_add,current,high,sec_ticker+wiki_current_cik+wiki_snapshot_cik,2022-05-06,2026-07-30
CIK0001786842,1786842,VNT,VNT,Vontier,2020-10-12,2021-03-22,Market capitalization changes.,fja_updated,VNT:2020-10..2021-02,wikipedia_snapshot,VNT,index_add,index_remove,high,sec_ticker+wiki_snapshot_cik,2020-10-30,2026-08-06
CIK0001792044,1792044,VTRS,VTRS,Viatris,2020-11-17,,,fja_updated,VTRS:2020-11..2026-09,wikipedia_snapshot,VTRS,index_add,current,high,sec_ticker+wiki_current_cik+wiki_snapshot_cik,2020-05-07,2026-08-06
CIK0001792789,1792789,DASH,DASH,DoorDash,2025-03-24,,,fja_updated,DASH:2025-03..2026-09,wikipedia_snapshot,DASH,index_add,current,high,sec_ticker+wiki_current_cik+wiki_snapshot_cik,2022-05-06,2026-08-05
CIK0001811074,1811074,TPL,TPL,Texas Pacific Land Corporation,2024-11-26,,,fja_updated,TPL:2024-11..2026-09,wikipedia_snapshot,TPL,index_add,current,high,sec_ticker+wiki_current_cik+wiki_snapshot_cik,2023-08-02,2026-08-05
CIK0001821825,1821825,OGN,OGN,Organon & Co.,2021-06-04,2023-10-18,Market capitalization changes.,fja_updated,OGN:2021-06..2023-09,wikipedia_snapshot,OGN,index_add,index_remove,high,sec_ticker+wiki_snapshot_cik,2021-06-21,2026-07-31
CIK0001835632,1835632,MRVL,MRVL,Marvell Technology,2026-06-22,,,fja_updated,MRVL:2026-06..2026-09,wikipedia_snapshot,MRVL,index_add,current,high,sec_ticker+wiki_current_cik+wiki_snapshot_cik,2021-06-09,2026-08-28
CIK0001841666,6769,APA,APA,APA Corporation,1997-07-28,2021-05-07,,fja_orig(norgate),APA:2007-03..2021-04,"wikipedia_first_observed(2007+),backfilled",APA,index_add,cik_change,high,wiki_snapshot_cik,1994-03-21,2024-11-07
CIK0001841666,1841666,APA,APA,APA Corporation,2021-05-07,,,fja_orig(norgate),APA:2021-05..2026-09,wikipedia_snapshot,APA,R3_reorganisation,current,high,sec_ticker+wiki_current_cik+wiki_snapshot_cik,2021-05-07,2026-08-06
CIK0001858681,1858681,APO,APO,Apollo Global Management,2024-12-23,,,fja_updated,APO:2024-12..2026-09,wikipedia_snapshot,APO,index_add,current,high,sec_ticker+wiki_current_cik+wiki_snapshot_cik,2022-05-10,2026-08-10
CIK0001868275,1868275,CEG,CEG,Constellation Energy,2022-02-02,,,fja_updated,CEG:2022-02..2026-09,wikipedia_snapshot,CEG,index_add,current,high,sec_ticker+wiki_current_cik+wiki_snapshot_cik,2022-02-25,2026-08-06
CIK0001932393,1932393,GEHC,GEHC,GE HealthCare,2023-01-04,,,fja_updated,GEHC:2023-01..2026-09,wikipedia_snapshot,GEHC,index_add,current,high,sec_ticker+wiki_current_cik+wiki_snapshot_cik,2023-02-15,2026-07-29
CIK0001944048,1944048,KVUE,KVUE,Kenvue,2023-08-25,,,fja_updated,KVUE:2023-08..2026-09,wikipedia_snapshot,KVUE,index_add,current,high,sec_ticker+wiki_current_cik+wiki_snapshot_cik,2023-06-02,2026-08-06
CIK0001964738,1964738,SOLV,SOLV,Solventum,2024-04-01,,,fja_updated,SOLV:2024-04..2026-09,wikipedia_snapshot,SOLV,index_add,current,high,sec_ticker+wiki_current_cik+wiki_snapshot_cik,2024-05-10,2026-08-05
CIK0001967680,1967680,VLTO,VLTO,Veralto,2023-10-02,,,fja_updated,VLTO:2023-10..2026-09,wikipedia_snapshot,VLTO,index_add,current,high,sec_ticker+wiki_current_cik+wiki_snapshot_cik,2023-10-26,2026-07-29
CIK0001973266,1973266,TKO,TKO,TKO Group Holdings,2025-03-24,,,fja_updated,TKO:2025-03..2026-09,wikipedia_snapshot,TKO,index_add,current,high,sec_ticker+wiki_current_cik+wiki_snapshot_cik,2023-11-07,2026-08-03
CIK0001996810,1996810,GEV,GEV,GE Vernova,2024-04-02,,,fja_updated,GEV:2024-04..2026-09,wikipedia_snapshot,GEV,index_add,current,high,sec_ticker+wiki_current_cik+wiki_snapshot_cik,2024-04-30,2026-07-22
CIK0001996862,1996862,BG,BG,Bunge Global,2023-03-15,,,fja_updated,BG:2023-03..2026-09,wikipedia_snapshot,BG,index_add,current,high,sec_ticker+wiki_current_cik+wiki_snapshot_cik,2024-02-22,2026-07-29
CIK0002005951,2005951,SW,SW,Smurfit Westrock,2024-07-08,,,fja_updated,SW:2024-07..2026-09,wikipedia_snapshot,SW,index_add,current,high,sec_ticker+wiki_current_cik+wiki_snapshot_cik,2024-06-07,2026-07-31
CIK0002011286,2011286,AMTM,AMTM,Amentum,2024-09-30,2024-12-23,Market capitalization changes.,fja_updated,AMTM:2024-09..2024-11,wikipedia_snapshot,AMTM,index_add,index_remove,high,sec_ticker+wiki_snapshot_cik,2024-12-17,2026-08-11
CIK0002011641,2011641,FERG,FERG,Ferguson Enterprises,2026-08-05,,,fja_updated,FERG:2026-08..2026-09,wikipedia_snapshot,FERG,index_add,current,high,sec_ticker+wiki_current_cik+wiki_snapshot_cik,2024-09-25,2026-08-10
CIK0002012383,1364742,BLK,BLK,BlackRock,2011-04-04,2024-11-06,,fja_orig(norgate),BLK:2011-04..2024-10,wikipedia_snapshot,BLK,index_add,cik_change,high,wiki_snapshot_cik,2010-05-10,2024-08-06
CIK0002012383,2012383,BLK,BLK,BlackRock,2024-11-06,,,fja_orig(norgate),BLK:2024-11..2026-09,wikipedia_snapshot,BLK,R3_reorganisation,current,high,sec_ticker+wiki_current_cik+wiki_snapshot_cik,2024-11-06,2026-08-06
CIK0002023554,2023554,SNDK,SNDK,Sandisk,2025-11-28,,,fja_updated,SNDK:2025-11..2026-09,wikipedia_snapshot,SNDK,index_add,current,high,sec_ticker+wiki_current_cik+wiki_snapshot_cik,2025-03-07,2026-08-17
CIK0002041610,2041610,PSKY,PSKY,Paramount Skydance Corporation,2025-08-08,,,fja_updated,PSKY:2025-08..2026-09,wikipedia_snapshot,PSKY,index_add,current,high,sec_ticker+wiki_current_cik+wiki_snapshot_cik,2025-05-14,2026-08-04
CIK0002058873,2058873,Q,Q,Qnity Electronics,2025-11-03,,,fja_updated,Q:2025-11..2026-09,wikipedia_snapshot,Q,index_add,current,high,sec_ticker+wiki_current_cik+wiki_snapshot_cik,2025-11-18,2026-08-04
CIK0002064953,2064953,SOLS,SOLS,Solstice Advanced Materials,2025-10-30,2025-12-22,Market capitalization changes.,fja_updated,SOLS:2025-10..2025-11,wikipedia_snapshot,SOLS,index_add,index_remove,high,sec_ticker+wiki_snapshot_cik,2025-11-13,2026-07-30
CIK0002082247,2082247,FDXF,FDXF,FedEx Freight,2026-06-01,,,fja_updated,FDXF:2026-06..2026-09,wikipedia_snapshot,FDXF,index_add,current,high,sec_ticker+wiki_current_cik+wiki_snapshot_cik,2026-08-05,2026-08-05
CIK0002089271,2089271,HONA,HONA,Honeywell Aerospace,2026-06-29,,,fja_updated,HONA:2026-06..2026-09,wikipedia_snapshot,HONA,index_add,current,high,sec_ticker+wiki_current_cik+wiki_snapshot_cik,2026-08-05,2026-08-05
NG:AAL-199702,,AAL,,,1996-01-02,1997-01-15,,fja_orig(norgate),,norgate_symbol(last_or_2019_ticker),AAL-199702,index_add,index_remove,none,none,,
NG:AHM-199810,,AHM,,,1996-01-02,1998-10-01,,fja_orig(norgate),,norgate_symbol(last_or_2019_ticker),AHM-199810,index_add,index_remove,none,none,,
NG:AIT-199910,,AIT,,,1996-01-02,1999-10-11,,fja_orig(norgate),,norgate_symbol(last_or_2019_ticker),AIT-199910,index_add,index_remove,none,none,,
NG:AMH-199709,,AMH,,,1996-01-02,1997-09-15,,fja_orig(norgate),,norgate_symbol(last_or_2019_ticker),AMH-199709,index_add,index_remove,none,none,,
NG:AMP-199904,,AMP,,,1996-01-02,1999-04-05,,fja_orig(norgate),,norgate_symbol(last_or_2019_ticker),AMP-199904,index_add,index_remove,none,none,,
NG:AN-199812,,AN,,,1996-01-02,1999-01-04,,fja_orig(norgate),,norgate_symbol(last_or_2019_ticker),AN-199812,index_add,index_remove,none,none,,
NG:ANV-199904,,ANV,,,1996-01-02,1999-04-12,,fja_orig(norgate),,norgate_symbol(last_or_2019_ticker),ANV-199904,index_add,index_remove,none,none,,
NG:AR-199911,,AR,,,1996-01-02,1999-10-27,,fja_orig(norgate),,norgate_symbol(last_or_2019_ticker),AR-199911,index_add,index_remove,none,none,,
NG:AS-199909,,AS,,,1996-01-02,1998-11-24,,fja_orig(norgate),,norgate_symbol(last_or_2019_ticker),AS-199909,index_add,index_remove,none,none,,
NG:ASC-199906,,ASC,,,1996-01-02,1999-06-24,,fja_orig(norgate),,norgate_symbol(last_or_2019_ticker),ASC-199906,index_add,index_remove,none,none,,
NG:ASND-199906,,ASND,,,1998-06-12,1999-06-25,,fja_orig(norgate),,norgate_symbol(last_or_2019_ticker),ASND-199906,index_add,index_remove,none,none,,
NG:ATI-199906,,ATI,,,1996-01-02,1999-06-30,,fja_orig(norgate),,norgate_symbol(last_or_2019_ticker),ATI-199906,index_add,index_remove,none,none,,
NG:BAC-199809,,BAC,,,1996-01-02,1998-10-01,,fja_orig(norgate),,norgate_symbol(last_or_2019_ticker),BAC-199809,index_add,index_remove,none,none,,
NG:BAY-199808,,BAY,,,1996-02-12,1998-08-31,,fja_orig(norgate),,norgate_symbol(last_or_2019_ticker),BAY-199808,index_add,index_remove,none,none,,
NG:BBI-199801,,BBI,,,1996-01-02,1998-01-12,,fja_orig(norgate),,norgate_symbol(last_or_2019_ticker),BBI-199801,index_add,index_remove,none,none,,
NG:BEV-200603,,BEV,,,1996-01-02,1997-12-04,,fja_orig(norgate),,norgate_symbol(last_or_2019_ticker),BEV-200603,index_add,index_remove,none,none,,
NG:BFI-199907,,BFI,,,1996-01-02,1999-08-02,,fja_orig(norgate),,norgate_symbol(last_or_2019_ticker),BFI-199907,index_add,index_remove,none,none,,
NG:BKB-199909,,BKB,,,1996-01-02,1999-10-01,,fja_orig(norgate),,norgate_symbol(last_or_2019_ticker),BKB-199909,index_add,index_remove,none,none,,
NG:BLY-199612,,BLY,,,1996-01-02,1996-12-19,,fja_orig(norgate),,norgate_symbol(last_or_2019_ticker),BLY-199612,index_add,index_remove,none,none,,
NG:BMGCA-200101,,BMGCA,,,1996-07-22,1999-08-09,,fja_orig(norgate),,norgate_symbol(last_or_2019_ticker),BMGCA-200101,index_add,index_remove,none,none,,
NG:BNL-199806,,BNL,,,1996-01-02,1998-07-01,,fja_orig(norgate),,norgate_symbol(last_or_2019_ticker),BNL-199806,index_add,index_remove,none,none,,
NG:BOAT-199701,,BOAT,,,1996-01-02,1997-01-07,,fja_orig(norgate),,norgate_symbol(last_or_2019_ticker),BOAT-199701,index_add,index_remove,none,none,,
NG:BT-199906,,BT,,,1996-01-02,1999-06-04,,fja_orig(norgate),,norgate_symbol(last_or_2019_ticker),BT-199906,index_add,index_remove,none,none,,
NG:C-199811,,C,,,1996-01-02,1998-11-13,,fja_orig(norgate),,norgate_symbol(last_or_2019_ticker),C-199811,index_add,index_remove,none,none,,
NG:CBB-199801,,CBB,,,1996-01-02,1998-01-28,,fja_orig(norgate),,norgate_symbol(last_or_2019_ticker),CBB-199801,index_add,index_remove,none,none,,
NG:CCB-199602,,CCB,,,1996-01-02,1996-02-12,,fja_orig(norgate),,norgate_symbol(last_or_2019_ticker),CCB-199602,index_add,index_remove,none,none,,
NG:CCI-199810,,CCI,,,1996-01-02,1998-10-08,,fja_orig(norgate),,norgate_symbol(last_or_2019_ticker),CCI-199810,index_add,index_remove,none,none,,
NG:CFL-199804,,CFL,,,1996-01-02,1998-04-28,,fja_orig(norgate),,norgate_symbol(last_or_2019_ticker),CFL-199804,index_add,index_remove,none,none,,
NG:CHRS-201206,,CHRS,,,1996-01-02,1998-04-08,,fja_orig(norgate),,norgate_symbol(last_or_2019_ticker),CHRS-201206,index_add,index_remove,none,none,,
NG:CMB-199603,,CMB,,,1996-01-02,1996-04-01,,fja_orig(norgate),,norgate_symbol(last_or_2019_ticker),CMB-199603,index_add,index_remove,none,none,,
NG:CNW-201510,,CNW,,,1996-01-02,1996-12-03,,fja_orig(norgate),,norgate_symbol(last_or_2019_ticker),CNW-201510,index_add,index_remove,none,none,,
NG:COV-200203,,COV,,,1996-01-02,1996-08-16,,fja_orig(norgate),,norgate_symbol(last_or_2019_ticker),COV-200203,index_add,index_remove,none,none,,
NG:CRR-199706,,CRR,,,1996-01-02,1997-05-27,,fja_orig(norgate),,norgate_symbol(last_or_2019_ticker),CRR-199706,index_add,index_remove,none,none,,
NG:CSE-199911,,CSE,,,1996-01-22,1999-11-15,,fja_orig(norgate),,norgate_symbol(last_or_2019_ticker),CSE-199911,index_add,index_remove,none,none,,
NG:CYM-199912,,CYM,,,1996-01-02,1999-10-18,,fja_orig(norgate),,norgate_symbol(last_or_2019_ticker),CYM-199912,index_add,index_remove,none,none,,
NG:CYR-199606,,CYR,,,1996-01-02,1996-03-28,,fja_orig(norgate),,norgate_symbol(last_or_2019_ticker),CYR-199606,index_add,index_remove,none,none,,
NG:DEC-199806,,DEC,,,1996-01-02,1998-06-12,,fja_orig(norgate),,norgate_symbol(last_or_2019_ticker),DEC-199806,index_add,index_remove,none,none,,
NG:DGN-199910,,DGN,,,1996-01-02,1999-10-13,,fja_orig(norgate),,norgate_symbol(last_or_2019_ticker),DGN-199910,index_add,index_remove,none,none,,
NG:DI-199809,,DI,,,1996-01-02,1998-09-30,,fja_orig(norgate),,norgate_symbol(last_or_2019_ticker),DI-199809,index_add,index_remove,none,none,,
NG:DIGI-199809,,DIGI,,,1996-01-02,1998-08-28,,fja_orig(norgate),,norgate_symbol(last_or_2019_ticker),DIGI-199809,index_add,index_remove,none,none,,
NG:DWD-199705,,DWD,,,1996-01-02,1997-06-02,,fja_orig(norgate),,norgate_symbol(last_or_2019_ticker),DWD-199705,index_add,index_remove,none,none,,
NG:ECH-199807,,ECH,,,1996-01-02,1998-07-10,,fja_orig(norgate),,norgate_symbol(last_or_2019_ticker),ECH-199807,index_add,index_remove,none,none,,
NG:ECO-200301,,ECO,,,1996-01-02,1998-01-20,,fja_orig(norgate),,norgate_symbol(last_or_2019_ticker),ECO-200301,index_add,index_remove,none,none,,
NG:ENS-199708,,ENS,,,1996-01-02,1997-08-06,,fja_orig(norgate),,norgate_symbol(last_or_2019_ticker),ENS-199708,index_add,index_remove,none,none,,
NG:FBO-199603,,FBO,,,1996-01-02,1996-03-13,,fja_orig(norgate),,norgate_symbol(last_or_2019_ticker),FBO-199603,index_add,index_remove,none,none,,
NG:FCN-199810,,FCN,,,1996-01-02,1998-10-02,,fja_orig(norgate),,norgate_symbol(last_or_2019_ticker),FCN-199810,index_add,index_remove,none,none,,
NG:FG-199804,,FG,,,1996-01-02,1998-04-27,,fja_orig(norgate),,norgate_symbol(last_or_2019_ticker),FG-199804,index_add,index_remove,none,none,,
NG:FLMIQ-200408,,FLMIQ,,,1996-01-02,1997-12-24,,fja_orig(norgate),,norgate_symbol(last_or_2019_ticker),FLMIQ-200408,index_add,index_remove,none,none,,
NG:FMY-199905,,FMY,,,1998-07-10,1999-05-28,,fja_orig(norgate),,norgate_symbol(last_or_2019_ticker),FMY-199905,index_add,index_remove,none,none,,
NG:FRO-199909,,FRO,,,1997-01-02,1999-09-29,,fja_orig(norgate),,norgate_symbol(last_or_2019_ticker),FRO-199909,index_add,index_remove,none,none,,
NG:FTL.A-200004,,FTL.A,,,1996-01-02,1999-10-01,,fja_orig(norgate),,norgate_symbol(last_or_2019_ticker),FTL.A-200004,index_add,index_remove,none,none,,
NG:GFS.A-199810,,GFS.A,,,1996-01-02,1998-07-16,,fja_orig(norgate),,norgate_symbol(last_or_2019_ticker),GFS.A-199810,index_add,index_remove,none,none,,
NG:GIDL-199709,,GIDL,,,1996-01-02,1997-07-17,,fja_orig(norgate),,norgate_symbol(last_or_2019_ticker),GIDL-199709,index_add,index_remove,none,none,,
NG:GLD-199705,,GLD,,,1996-01-02,1997-05-06,,fja_orig(norgate),,norgate_symbol(last_or_2019_ticker),GLD-199705,index_add,index_remove,none,none,,
NG:GNT-199806,,GNT,,,1996-03-13,1998-07-01,,fja_orig(norgate),,norgate_symbol(last_or_2019_ticker),GNT-199806,index_add,index_remove,none,none,,
NG:GRA-199609,,GRA,,,1996-01-02,1996-09-30,,fja_orig(norgate),,norgate_symbol(last_or_2019_ticker),GRA-199609,index_add,index_remove,none,none,,
NG:GRA-199803,,GRA,,,1996-09-17,1998-04-01,,fja_orig(norgate),,norgate_symbol(last_or_2019_ticker),GRA-199803,index_add,index_remove,none,none,,
NG:GSX-199810,,GSX,,,1996-01-02,1998-10-07,,fja_orig(norgate),,norgate_symbol(last_or_2019_ticker),GSX-199810,index_add,index_remove,none,none,,
NG:GWF-199707,,GWF,,,1996-01-02,1997-07-02,,fja_orig(norgate),,norgate_symbol(last_or_2019_ticker),GWF-199707,index_add,index_remove,none,none,,
NG:HBOC-199901,,HBOC,,,1997-10-23,1999-01-13,,fja_orig(norgate),,norgate_symbol(last_or_2019_ticker),HBOC-199901,index_add,index_remove,none,none,,
NG:HDLM-201301,,HDLM,,,1996-01-02,1996-03-08,,fja_orig(norgate),,norgate_symbol(last_or_2019_ticker),HDLM-201301,index_add,index_remove,none,none,,
NG:HFS-199712,,HFS,,,1996-08-16,1997-12-18,,fja_orig(norgate),,norgate_symbol(last_or_2019_ticker),HFS-199712,index_add,index_remove,none,none,,
NG:HON-199912,,HON,,,1996-01-02,1999-12-02,,fja_orig(norgate),,norgate_symbol(last_or_2019_ticker),HON-199912,index_add,index_remove,none,none,,
NG:I-199603,,I,,,1996-01-02,1996-04-01,,fja_orig(norgate),,norgate_symbol(last_or_2019_ticker),I-199603,index_add,index_remove,none,none,,
NG:INGR-200611,,INGR,,,1996-01-02,1997-07-28,,fja_orig(norgate),,norgate_symbol(last_or_2019_ticker),INGR-200611,index_add,index_remove,none,none,,
NG:ITT-199802,,ITT,,,1996-01-02,1998-02-23,,fja_orig(norgate),,norgate_symbol(last_or_2019_ticker),ITT-199802,index_add,index_remove,none,none,,
NG:JH-200705,,JH,,,1996-01-02,1998-04-01,,fja_orig(norgate),,norgate_symbol(last_or_2019_ticker),JH-200705,index_add,index_remove,none,none,,
NG:KWP-199911,,KWP,,,1996-01-02,1999-11-16,,fja_orig(norgate),,norgate_symbol(last_or_2019_ticker),KWP-199911,index_add,index_remove,none,none,,
NG:LDW.B-200012,,LDW.B,,,1996-01-02,1999-12-08,,fja_orig(norgate),,norgate_symbol(last_or_2019_ticker),LDW.B-200012,index_add,index_remove,none,none,,
NG:LLX-199710,,LLX,,,1996-01-02,1997-10-23,,fja_orig(norgate),,norgate_symbol(last_or_2019_ticker),LLX-199710,index_add,index_remove,none,none,,
NG:LOR-199604,,LOR,,,1996-01-02,1996-04-23,,fja_orig(norgate),,norgate_symbol(last_or_2019_ticker),LOR-199604,index_add,index_remove,none,none,,
NG:LUB,,LUB,,,1996-01-02,1997-01-02,,fja_orig(norgate),,norgate_symbol(last_or_2019_ticker),LUB,index_add,index_remove,none,none,,
NG:MCIC-199809,,MCIC,,,1996-01-02,1998-09-15,,fja_orig(norgate),,norgate_symbol(last_or_2019_ticker),MCIC-199809,index_add,index_remove,none,none,,
NG:MD-199707,,MD,,,1996-01-02,1997-08-01,,fja_orig(norgate),,norgate_symbol(last_or_2019_ticker),MD-199707,index_add,index_remove,none,none,,
NG:MII-199906,,MII,,,1996-01-02,1999-06-22,,fja_orig(norgate),,norgate_symbol(last_or_2019_ticker),MII-199906,index_add,index_remove,none,none,,
NG:MNR-199809,,MNR,,,1996-01-02,1998-09-28,,fja_orig(norgate),,norgate_symbol(last_or_2019_ticker),MNR-199809,index_add,index_remove,none,none,,
NG:MOB-199911,,MOB,,,1996-01-02,1999-12-01,,fja_orig(norgate),,norgate_symbol(last_or_2019_ticker),MOB-199911,index_add,index_remove,none,none,,
NG:MST-199808,,MST,,,1996-01-02,1998-08-14,,fja_orig(norgate),,norgate_symbol(last_or_2019_ticker),MST-199808,index_add,index_remove,none,none,,
NG:MTL-199909,,MTL,,,1998-02-23,1999-09-20,,fja_orig(norgate),,norgate_symbol(last_or_2019_ticker),MTL-199909,index_add,index_remove,none,none,,
NG:MWI-200402,,MWI,,,1996-01-02,1999-05-28,,fja_orig(norgate),,norgate_symbol(last_or_2019_ticker),MWI-200402,index_add,index_remove,none,none,,
NG:NAE-199708,,NAE,,,1996-01-02,1997-08-07,,fja_orig(norgate),,norgate_symbol(last_or_2019_ticker),NAE-199708,index_add,index_remove,none,none,,
NG:NLC-199912,,NLC,,,1996-01-02,1999-08-02,,fja_orig(norgate),,norgate_symbol(last_or_2019_ticker),NLC-199912,index_add,index_remove,none,none,,
NG:NLV-200001,,NLV,,,1996-04-01,2000-01-06,,fja_orig(norgate),,norgate_symbol(last_or_2019_ticker),NLV-200001,index_add,index_remove,none,none,,
NG:NYN-199708,,NYN,,,1996-01-02,1997-08-15,,fja_orig(norgate),,norgate_symbol(last_or_2019_ticker),NYN-199708,index_add,index_remove,none,none,,
NG:OM-199709,,OM,,,1996-01-02,1996-10-01,,fja_orig(norgate),,norgate_symbol(last_or_2019_ticker),OM-199709,index_add,index_remove,none,none,,
NG:ORX-199902,,ORX,,,1996-01-02,1999-03-01,,fja_orig(norgate),,norgate_symbol(last_or_2019_ticker),ORX-199902,index_add,index_remove,none,none,,
NG:PAC-199703,,PAC,,,1996-01-02,1997-04-01,,fja_orig(norgate),,norgate_symbol(last_or_2019_ticker),PAC-199703,index_add,index_remove,none,none,,
NG:PAS-201002,,PAS,,,1996-01-02,1998-01-30,,fja_orig(norgate),,norgate_symbol(last_or_2019_ticker),PAS-201002,index_add,index_remove,none,none,,
NG:PEL-199706,,PEL,,,1996-01-02,1997-06-19,,fja_orig(norgate),,norgate_symbol(last_or_2019_ticker),PEL-199706,index_add,index_remove,none,none,,
NG:PET-199806,,PET,,,1996-01-02,1998-06-29,,fja_orig(norgate),,norgate_symbol(last_or_2019_ticker),PET-199806,index_add,index_remove,none,none,,
NG:PHB-199910,,PHB,,,1996-01-02,1999-10-04,,fja_orig(norgate),,norgate_symbol(last_or_2019_ticker),PHB-199910,index_add,index_remove,none,none,,
NG:PMI-199911,,PMI,,,1996-01-02,1996-05-31,,fja_orig(norgate),,norgate_symbol(last_or_2019_ticker),PMI-199911,index_add,index_remove,none,none,,
NG:PPW-199911,,PPW,,,1996-01-02,1999-11-30,,fja_orig(norgate),,norgate_symbol(last_or_2019_ticker),PPW-199911,index_add,index_remove,none,none,,
NG:PVN-199706,,PVN,,,1996-01-02,1997-06-11,,fja_orig(norgate),,norgate_symbol(last_or_2019_ticker),PVN-199706,index_add,index_remove,none,none,,
NG:PVT-199906,,PVT,,,1998-08-31,1999-07-01,,fja_orig(norgate),,norgate_symbol(last_or_2019_ticker),PVT-199906,index_add,index_remove,none,none,,
NG:PZE-199908,,PZE,,,1996-01-02,1998-12-31,,fja_orig(norgate),,norgate_symbol(last_or_2019_ticker),PZE-199908,index_add,index_remove,none,none,,
NG:RBD-199903,,RBD,,,1996-01-02,1999-03-25,,fja_orig(norgate),,norgate_symbol(last_or_2019_ticker),RBD-199903,index_add,index_remove,none,none,,
NG:RYAN-200610,,RYAN,,,1996-01-02,1997-01-02,,fja_orig(norgate),,norgate_symbol(last_or_2019_ticker),RYAN-200610,index_add,index_remove,none,none,,
NG:RYC-199908,,RYC,,,1996-01-02,1999-08-13,,fja_orig(norgate),,norgate_symbol(last_or_2019_ticker),RYC-199908,index_add,index_remove,none,none,,
NG:RYI-200710,,RYI,,,1996-01-02,1998-07-01,,fja_orig(norgate),,norgate_symbol(last_or_2019_ticker),RYI-200710,index_add,index_remove,none,none,,
NG:SAI-199812,,SAI,,,1997-07-17,1999-01-04,,fja_orig(norgate),,norgate_symbol(last_or_2019_ticker),SAI-199812,index_add,index_remove,none,none,,
NG:SB-199711,,SB,,,1996-01-02,1997-11-28,,fja_orig(norgate),,norgate_symbol(last_or_2019_ticker),SB-199711,index_add,index_remove,none,none,,
NG:SFS-200008,,SFS,,,1996-01-02,1997-07-28,,fja_orig(norgate),,norgate_symbol(last_or_2019_ticker),SFS-200008,index_add,index_remove,none,none,,
NG:SHN-200007,,SHN,,,1996-01-02,1997-01-02,,fja_orig(norgate),,norgate_symbol(last_or_2019_ticker),SHN-200007,index_add,index_remove,none,none,,
NG:SK-199805,,SK,,,1996-01-02,1998-04-01,,fja_orig(norgate),,norgate_symbol(last_or_2019_ticker),SK-199805,index_add,index_remove,none,none,,
NG:SNT-199910,,SNT,,,1996-01-02,1999-10-26,,fja_orig(norgate),,norgate_symbol(last_or_2019_ticker),SNT-199910,index_add,index_remove,none,none,,
NG:SRR-200708,,SRR,,,1996-01-02,1997-10-07,,fja_orig(norgate),,norgate_symbol(last_or_2019_ticker),SRR-200708,index_add,index_remove,none,none,,
NG:STO-199811,,STO,,,1996-01-02,1998-11-18,,fja_orig(norgate),,norgate_symbol(last_or_2019_ticker),STO-199811,index_add,index_remove,none,none,,
NG:TA-199907,,TA,,,1996-01-02,1999-07-22,,fja_orig(norgate),,norgate_symbol(last_or_2019_ticker),TA-199907,index_add,index_remove,none,none,,
NG:TCOMA-199903,,TCOMA,,,1996-01-02,1999-03-10,,fja_orig(norgate),,norgate_symbol(last_or_2019_ticker),TCOMA-199903,index_add,index_remove,none,none,,
NG:TDM-199708,,TDM,,,1996-01-02,1997-09-02,,fja_orig(norgate),,norgate_symbol(last_or_2019_ticker),TDM-199708,index_add,index_remove,none,none,,
NG:THY-199708,,THY,,,1996-01-02,1996-10-16,,fja_orig(norgate),,norgate_symbol(last_or_2019_ticker),THY-199708,index_add,index_remove,none,none,,
NG:UCC-199904,,UCC,,,1996-01-02,1999-05-03,,fja_orig(norgate),,norgate_symbol(last_or_2019_ticker),UCC-199904,index_add,index_remove,none,none,,
NG:USB-200102,,USB,,,1996-01-02,2001-02-26,,fja_orig(norgate),,norgate_symbol(last_or_2019_ticker),USB-200102,index_add,index_remove,none,none,,
NG:USBC-199708,,USBC,,,1996-01-02,1997-08-04,,fja_orig(norgate),,norgate_symbol(last_or_2019_ticker),USBC-199708,index_add,index_remove,none,none,,
NG:USH-199706,,USH,,,1996-01-02,1997-06-18,,fja_orig(norgate),,norgate_symbol(last_or_2019_ticker),USH-199706,index_add,index_remove,none,none,,
NG:USHC-199607,,USHC,,,1996-01-02,1996-07-19,,fja_orig(norgate),,norgate_symbol(last_or_2019_ticker),USHC-199607,index_add,index_remove,none,none,,
NG:USS-199810,,USS,,,1996-01-02,1998-10-02,,fja_orig(norgate),,norgate_symbol(last_or_2019_ticker),USS-199810,index_add,index_remove,none,none,,
NG:VAT-199609,,VAT,,,1996-01-02,1996-09-06,,fja_orig(norgate),,norgate_symbol(last_or_2019_ticker),VAT-199609,index_add,index_remove,none,none,,
NG:WAI-199808,,WAI,,,1996-01-02,1998-08-11,,fja_orig(norgate),,norgate_symbol(last_or_2019_ticker),WAI-199808,index_add,index_remove,none,none,,
NG:WFC-199811,,WFC,,,1996-01-02,1998-11-03,,fja_orig(norgate),,norgate_symbol(last_or_2019_ticker),WFC-199811,index_add,index_remove,none,none,,
NG:WMX-199807,,WMX,,,1996-01-02,1998-07-17,,fja_orig(norgate),,norgate_symbol(last_or_2019_ticker),WMX-199807,index_add,index_remove,none,none,,
NG:YRCW,,YRCW,,,1996-01-02,1996-11-04,,fja_orig(norgate),,norgate_symbol(last_or_2019_ticker),YRCW,index_add,index_remove,none,none,,
