entity_id,ticker_key,cik,name,sic,sic_description,sic_sector,sic_sector_basis,is_current_member,gics_sector_current,gics_sub_industry_current,gics_sector_wiki_last,gics_wiki_last_month
CIK0000001800,ABT,1800,Abbott Laboratories,2834,Pharmaceutical Preparations,Health Care,range 2830-2839: Drugs / pharmaceuticals / biologicals,True,Health Care,Health Care Equipment,Health Care,2026-09
CIK0000002969,APD,2969,Air Products,2810,Industrial Inorganic Chemicals,Materials,range 2800-2829: Chemicals & plastics materials,True,Materials,Industrial Gases,Materials,2026-09
CIK0000003327,ACV,3327,New Alberto-Culver LLC,5990,"Retail-Retail Stores, NEC",Consumer Discretionary,range 5900-5999: Misc retail,False,,,,
CIK0000003333,ABS,3333,ALBERTSONS INC /DE/,5411,Retail-Grocery Stores,Consumer Staples,range 5400-5499: Food stores,False,,,,
CIK0000003370,IKN,3370,IKON OFFICE SOLUTIONS INC,5045,Wholesale-Computers & Peripheral Equipment & Software,Information Technology,range 5045-5045: Wholesale - computers & software,False,,,,
CIK0000004281,HWM,4281,Howmet Aerospace,3350,Rolling Drawing & Extruding of  Nonferrous Metals,Materials,range 3300-3399: Primary metals,True,Industrials,Aerospace & Defense,Industrials,2026-09
CIK0000004285,AL,4285,ALCAN INC,3330,Primary Smelting & Refining of  Nonferrous Metals,Materials,range 3300-3399: Primary metals,False,,,,
CIK0000004310,AZA-A,4310,ALZA CORP,2834,Pharmaceutical Preparations,Health Care,range 2830-2839: Drugs / pharmaceuticals / biologicals,False,,,,
CIK0000004447,HES,4447,Hess Corporation,2911,Petroleum Refining,Energy,range 2900-2999: Petroleum refining,False,,,Energy,2025-06
CIK0000004904,AEP,4904,American Electric Power,4911,Electric Services,Utilities,"range 4900-4949: Electric, gas, water utilities",True,Utilities,Electric Utilities,Utilities,2026-09
CIK0000004962,AXP,4962,American Express,6199,Finance Services,Financials,range 6000-6199: Banks & credit institutions,True,Financials,Consumer Finance,Financials,2026-09
CIK0000005103,AGC,5103,AMERICAN GENERAL CORP /TX/,6311,Life Insurance,Financials,range 6300-6499: Insurance,False,,,,
CIK0000005133,AM,5133,AMERICAN GREETINGS CORP,2771,Greeting Cards,Industrials,range 2750-2799: Commercial printing & services,False,,,,
CIK0000005187,WYE,5187,Wyeth,2834,Pharmaceutical Preparations,Health Care,range 2830-2839: Drugs / pharmaceuticals / biologicals,False,,,Health Care,2009-09
CIK0000005272,AIG,5272,American International Group,6331,"Fire, Marine & Casualty Insurance",Financials,range 6300-6499: Insurance,True,Financials,Multi-line Insurance,Financials,2026-09
CIK0000005513,UNM,5513,Unum Group,6321,Accident & Health Insurance,Financials,range 6300-6499: Insurance,False,,,Financials,2021-08
CIK0000005907,T,5907,AT&T CORP,4813,Telephone Communications (No Radiotelephone),Communication Services,"range 4800-4899: Communications (telecom, broadcasting, cable)",False,,,,
CIK0000006951,AMAT,6951,Applied Materials,3674,Semiconductors & Related Devices,Information Technology,range 3670-3679: Electronic components & semiconductors,True,Information Technology,Semiconductor Materials & Equipment,Information Technology,2026-09
CIK0000007084,ADM,7084,Archer Daniels Midland,2070,Fats & Oils,Consumer Staples,range 2000-2099: Food & kindred products,True,Consumer Staples,Agricultural Products & Services,Consumer Staples,2026-09
CIK0000008670,ADP,8670,Automatic Data Processing,7374,Services-Computer Processing & Data Preparation,Information Technology,"range 7370-7379: Computer programming, software, data processing",True,Industrials,Human Resource & Employment Services,Industrials,2026-09
CIK0000008818,AVY,8818,Avery Dennison,2670,Converted Paper & Paperboard Prods (No Contaners/Boxes),Materials,range 2600-2699: Paper & allied products,True,Materials,Paper & Plastic Packaging Products & Materials,Materials,2026-09
CIK0000008868,AVP,8868,Avon Products,2844,"Perfumes, Cosmetics & Other Toilet Preparations",Consumer Staples,"range 2840-2849: Soaps, detergents, cosmetics (household & personal products)",False,,,Consumer Staples,2015-02
CIK0000009389,BALL,9389,Ball Corporation,3411,Metal Cans,Industrials,range 3400-3499: Fabricated metal products,True,Materials,"Metal, Glass & Plastic Containers",Materials,2026-09
CIK0000009892,BCR,9892,Bard (C.R.) Inc.,3841,Surgical & Medical Instruments & Apparatus,Health Care,"range 3840-3859: Medical, surgical, dental & ophthalmic instruments",False,,,Health Care,2017-11
CIK0000010427,BOL,10427,Bausch & Lomb,3851,Ophthalmic Goods,Health Care,"range 3840-3859: Medical, surgical, dental & ophthalmic instruments",False,,,,
CIK0000010456,BAX,10456,Baxter International,3841,Surgical & Medical Instruments & Apparatus,Health Care,"range 3840-3859: Medical, surgical, dental & ophthalmic instruments",True,Health Care,Health Care Equipment,Health Care,2026-09
CIK0000010795,BDX,10795,Becton Dickinson,3841,Surgical & Medical Instruments & Apparatus,Health Care,"range 3840-3859: Medical, surgical, dental & ophthalmic instruments",True,Health Care,Health Care Equipment,Health Care,2026-09
CIK0000011199,BMS,11199,Bemis Company,2670,Converted Paper & Paperboard Prods (No Contaners/Boxes),Materials,range 2600-2699: Paper & allied products,False,,,Materials,2014-11
CIK0000011860,BHMSQ,11860,BETHLEHEM STEEL CORP /DE/,3312,"Steel Works, Blast Furnaces & Rolling Mills (Coke Ovens)",Materials,range 3300-3399: Primary metals,False,,,,
CIK0000012355,BDK,12355,Black & Decker Corp.,3540,Metalworkg Machinery & Equipment,Industrials,range 3500-3569: Industrial machinery,False,,,Consumer Discretionary,2010-02
CIK0000012659,HRB,12659,H&R Block,7200,Services-Personal Services,Consumer Discretionary,range 7200-7299: Personal services,False,,,Consumer Discretionary,2020-08
CIK0000012927,BA,12927,Boeing,3721,Aircraft,Industrials,range 3720-3729: Aircraft & parts,True,Industrials,Aerospace & Defense,Industrials,2026-09
CIK0000012978,OMX,12978,OfficeMax Inc.,5110,Wholesale-Paper & Paper Products,Consumer Staples,range 5100-5199: Wholesale - nondurable goods (groceries etc.),False,,,Consumer Discretionary,2008-05
CIK0000014195,BGG,14195,BRIGGS & STRATTON CORP,3510,Engines & Turbines,Industrials,range 3500-3569: Industrial machinery,False,,,,
CIK0000014272,BMY,14272,Bristol Myers Squibb,2834,Pharmaceutical Preparations,Health Care,range 2830-2839: Drugs / pharmaceuticals / biologicals,True,Health Care,Pharmaceuticals,Health Care,2026-09
CIK0000014693,BF-B,14693,Brown–Forman,2080,Beverages,Consumer Staples,range 2000-2099: Food & kindred products,True,Consumer Staples,Distillers & Vintners,Consumer Staples,2026-09
CIK0000014707,CAL,14707,CALERES INC,3140,"Footwear, (No Rubber)",Consumer Discretionary,range 3100-3199: Leather & footwear,False,,,,
CIK0000014930,BC,14930,Brunswick Corp.,3510,Engines & Turbines,Industrials,range 3500-3569: Industrial machinery,False,,,Consumer Discretionary,2008-05
CIK0000016732,CPB,16732,Campbell's Company (The),2000,Food and Kindred Products,Consumer Staples,range 2000-2099: Food & kindred products,False,,,Consumer Staples,2026-05
CIK0000018230,CAT,18230,Caterpillar Inc.,3531,Construction Machinery & Equip,Industrials,range 3500-3569: Industrial machinery,True,Industrials,Construction Machinery & Heavy Transportation Equipment,Industrials,2026-09
CIK0000018532,CTX,18532,Centex Corp.,1531,Operative Builders,Consumer Discretionary,range 1500-1599: Building construction (homebuilders = GICS Consumer Discretionary),False,,,Consumer Discretionary,2009-07
CIK0000018540,CSR,18540,CENTRAL & SOUTH WEST CORP,4911,Electric Services,Utilities,"range 4900-4949: Electric, gas, water utilities",False,,,,
CIK0000019150,CHA,19150,CHAMPION INTERNATIONAL CORP,2621,Paper Mills,Materials,range 2600-2699: Paper & allied products,False,,,,
CIK0000019617,JPM,19617,JPMorgan Chase,6021,National Commercial Banks,Financials,range 6000-6199: Banks & credit institutions,True,Financials,Diversified Banks,Financials,2026-09
CIK0000020171,CB,20171,Chubb Corp.,6331,"Fire, Marine & Casualty Insurance",Financials,range 6300-6499: Insurance,False,,,Financials,2015-12
CIK0000021076,CLX,21076,Clorox,2842,"Specialty Cleaning, Polishing and Sanitation Preparations",Consumer Staples,"range 2840-2849: Soaps, detergents, cosmetics (household & personal products)",True,Consumer Staples,Household Products,Consumer Staples,2026-09
CIK0000021267,CGP,21267,EL PASO CGP CO LLC,4922,Natural Gas Transmission,Energy,range 4922-4923: Natural gas transmission (midstream = GICS Energy),False,,,,
CIK0000021344,KO,21344,Coca-Cola Company (The),2080,Beverages,Consumer Staples,range 2000-2099: Food & kindred products,True,Consumer Staples,Soft Drinks & Non-alcoholic Beverages,Consumer Staples,2026-09
CIK0000021665,CL,21665,Colgate-Palmolive,2844,"Perfumes, Cosmetics & Other Toilet Preparations",Consumer Staples,"range 2840-2849: Soaps, detergents, cosmetics (household & personal products)",True,Consumer Staples,Household Products,Consumer Staples,2026-09
CIK0000023082,CSC,23082,Computer Sciences Corp.,7373,Services-Computer Integrated Systems Design,Information Technology,"range 7370-7379: Computer programming, software, data processing",False,,,Information Technology,2015-11
CIK0000023217,CAG,23217,Conagra Brands,2000,Food and Kindred Products,Consumer Staples,range 2000-2099: Food & kindred products,False,,,Consumer Staples,2026-05
CIK0000023666,SLE,23666,Sara Lee Corp.,2000,Food and Kindred Products,Consumer Staples,range 2000-2099: Food & kindred products,False,,,Consumer Staples,2012-05
CIK0000023738,CNG,23738,CONSOLIDATED NATURAL GAS CO/VA,4923,Natural Gas Transmisison & Distribution,Energy,range 4922-4923: Natural gas transmission (midstream = GICS Energy),False,,,,
CIK0000024491,CTB,24491,COOPER TIRE & RUBBER CO,3011,Tires & Inner Tubes,Materials,range 3000-3099: Rubber & plastics products,False,,,,
CIK0000024545,TAP,24545,Molson Coors Beverage Company,2082,Malt Beverages,Consumer Staples,range 2000-2099: Food & kindred products,False,,,Consumer Staples,2026-08
CIK0000024741,GLW,24741,Corning Inc.,3357,Drawing & Insulating of  Nonferrous Wire,Materials,range 3300-3399: Primary metals,True,Information Technology,Electronic Components,Information Technology,2026-09
CIK0000025350,BFO,25350,BESTFOODS,2030,"Canned, Frozen & Preservd Fruit, Veg & Food Specialties",Consumer Staples,range 2000-2099: Food & kindred products,False,,,,
CIK0000025445,CXT,25445,"Crane NXT, Co.",3490,Miscellaneous Fabricated Metal Products,Industrials,range 3400-3499: Fabricated metal products,False,,,,
CIK0000025890,CCK,25890,CROWN CORK & SEAL CO INC,3411,Metal Cans,Industrials,range 3400-3499: Fabricated metal products,False,,,,
CIK0000026172,CMI,26172,Cummins,3510,Engines & Turbines,Industrials,range 3500-3569: Industrial machinery,True,Industrials,Construction Machinery & Heavy Transportation Equipment,Industrials,2026-09
CIK0000026780,DAN,26780,DANA Inc,3714,Motor Vehicle Parts & Accessories,Consumer Discretionary,range 3714-3714: Motor vehicle parts,False,,,,
CIK0000027419,TGT,27419,Target Corporation,5331,Retail-Variety Stores,Consumer Staples,tuned override: 5/5 current members with SIC 5331 are GICS Consumer Staples (a-priori: Consumer Discretionary),True,Consumer Staples,Consumer Staples Merchandise Retail,Consumer Staples,2026-09
CIK0000027996,DLX,27996,DELUXE CORP,2780,"Blankbooks, Looseleaf Binders & Bookbindg & Relatd Work",Industrials,range 2750-2799: Commercial printing & services,False,,,,
CIK0000028412,CMA,28412,Comerica,6021,National Commercial Banks,Financials,range 6000-6199: Banks & credit institutions,False,,,Financials,2024-05
CIK0000028917,DDS,28917,Dillard Inc.,5311,Retail-Department Stores,Consumer Discretionary,range 5300-5399: General merchandise stores,False,,,Consumer Discretionary,2008-09
CIK0000029669,RRD,29669,Donnelley (R.R.) & Sons,2750,Commercial Printing,Industrials,range 2750-2799: Commercial printing & services,False,,,Industrials,2012-11
CIK0000029905,DOV,29905,Dover Corporation,3530,"Construction, Mining & Materials Handling Machinery & Equip",Industrials,range 3500-3569: Industrial machinery,True,Industrials,Industrial Machinery & Supplies & Components,Industrials,2026-09
CIK0000029915,DOW,29915,Dow Chemical,2821,"Plastic Materials, Synth Resins & Nonvulcan Elastomers",Materials,range 2800-2829: Chemicals & plastics materials,False,,,Materials,2017-08
CIK0000029924,DJ,29924,Dow Jones & Co.,2711,Newspapers: Publishing or  Publishing & Printing,Communication Services,"range 2700-2749: Publishing (newspapers, periodicals, books)",False,,,,
CIK0000030554,CTA-PB,30554,Du Pont (E.I.),2820,"Plastic Material, Synth Resin/Rubber, Cellulos (No Glass)",Materials,range 2800-2829: Chemicals & plastics materials,False,,,Materials,2017-08
CIK0000031235,KODK,31235,Eastman Kodak,3861,Photographic Equipment & Supplies,Information Technology,range 3860-3869: Photographic equipment,False,,,Consumer Discretionary,2010-11
CIK0000031462,ECL,31462,Ecolab,2840,"Soap, Detergents, Cleang Preparations, Perfumes, Cosmetics",Consumer Staples,"range 2840-2849: Soaps, detergents, cosmetics (household & personal products)",True,Materials,Specialty Chemicals,Materials,2026-09
CIK0000031791,RVTY,31791,Revvity,3826,Laboratory Analytical Instruments,Health Care,tuned override: 5/5 current members with SIC 3826 are GICS Health Care (a-priori: Information Technology),True,Health Care,Health Care Equipment,Health Care,2026-09
CIK0000032604,EMR,32604,Emerson Electric,3600,Electronic & Other Electrical Equipment (No Computer Equip),Industrials,range 3600-3629: Electrical equipment,True,Industrials,Electrical Components & Equipment,Industrials,2026-09
CIK0000034088,XOM,34088,ExxonMobil,2911,Petroleum Refining,Energy,range 2900-2999: Petroleum refining,True,Energy,Integrated Oil & Gas,Energy,2026-09
CIK0000036995,WB,36995,Wachovia Corp. (New),6021,National Commercial Banks,Financials,range 6000-6199: Banks & credit institutions,False,,,Financials,2008-12
CIK0000037996,F,37996,Ford Motor Company,3711,Motor Vehicles & Passenger Car Bodies,Consumer Discretionary,range 3700-3712: Motor vehicles,True,Consumer Discretionary,Automobile Manufacturers,Consumer Discretionary,2026-09
CIK0000038321,FWLT,38321,FOSTER WHEELER CORP,1600,Heavy Construction Other Than Bldg Const - Contractors,Industrials,range 1600-1799: Heavy & specialty construction contractors,False,,,,
CIK0000039899,TGNA,39899,"Tegna, Inc.",4833,Television Broadcasting Stations,Communication Services,"range 4800-4899: Communications (telecom, broadcasting, cable)",False,,,Consumer Discretionary,2017-05
CIK0000039911,GAP,39911,Gap,5651,Retail-Family Clothing Stores,Consumer Discretionary,range 5600-5699: Apparel & accessory stores,False,,,Consumer Discretionary,2022-01
CIK0000040493,H,40493,HARCOURT GENERAL INC,5311,Retail-Department Stores,Consumer Discretionary,range 5300-5399: General merchandise stores,False,,,,
CIK0000040533,GD,40533,General Dynamics,3730,Ship & Boat Building & Repairing,Industrials,"range 3730-3749: Ships, railroad equipment",True,Industrials,Aerospace & Defense,Industrials,2026-09
CIK0000040545,GE,40545,GE Aerospace,3600,Electronic & Other Electrical Equipment (No Computer Equip),Industrials,range 3600-3629: Electrical equipment,True,Industrials,Aerospace & Defense,Industrials,2026-09
CIK0000040704,GIS,40704,General Mills,2040,Grain Mill Products,Consumer Staples,range 2000-2099: Food & kindred products,True,Consumer Staples,Packaged Foods & Meats,Consumer Staples,2026-09
CIK0000040730,GM,40730,General Motors,3711,Motor Vehicles & Passenger Car Bodies,Consumer Discretionary,range 3700-3712: Motor vehicles,False,,,Consumer Discretionary,2009-05
CIK0000040779,GPU,40779,GPU INC /PA/,4911,Electric Services,Utilities,"range 4900-4949: Electric, gas, water utilities",False,,,,
CIK0000040858,GTE,40858,GTE CORP,4813,Telephone Communications (No Radiotelephone),Communication Services,"range 4800-4899: Communications (telecom, broadcasting, cable)",False,,,,
CIK0000040987,GPC,40987,Genuine Parts Company,5013,Wholesale-Motor Vehicle Supplies & New Parts,Industrials,range 5000-5099: Wholesale - durable goods (trading companies & distributors),True,Consumer Discretionary,Distributors,Consumer Discretionary,2026-09
CIK0000041077,GP,41077,GEORGIA PACIFIC CORP,2600,Papers & Allied Products,Materials,range 2600-2699: Paper & allied products,False,,,,
CIK0000041499,G,41499,GILLETTE CO,3420,"Cutlery, Handtools & General Hardware",Industrials,range 3400-3499: Fabricated metal products,False,,,,
CIK0000042293,GDW,42293,GOLDEN WEST FINANCIAL CORP /DE/,6035,"Savings Institution, Federally Chartered",Financials,range 6000-6199: Banks & credit institutions,False,,,,
CIK0000042542,GR,42542,Goodrich Corporation,3760,Guided Missiles & Space Vehicles & Parts,Industrials,range 3760-3769: Guided missiles & space vehicles,False,,,Industrials,2012-06
CIK0000042582,GT,42582,Goodyear Tire & Rubber,3011,Tires & Inner Tubes,Materials,range 3000-3099: Rubber & plastics products,False,,,Consumer Discretionary,2019-01
CIK0000043300,GAPTQ,43300,GREAT ATLANTIC & PACIFIC TEA CO INC,5411,Retail-Grocery Stores,Consumer Staples,range 5400-5499: Food stores,False,,,,
CIK0000043350,TEN,43350,Gas Natural Inc.,4924,Natural Gas Distribution,Utilities,"range 4900-4949: Electric, gas, water utilities",False,,,,
CIK0000043362,GLK,43362,GREAT LAKES CHEMICAL CORP,2890,Miscellaneous Chemical Products,Materials,"range 2850-2899: Paints, agricultural & other chemicals",False,,,,
CIK0000045012,HAL,45012,Halliburton,1389,"Oil & Gas Field Services, NEC",Energy,range 1300-1399: Oil & gas extraction and services,True,Energy,Oil & Gas Equipment & Services,Energy,2026-09
CIK0000046080,HAS,46080,Hasbro,3944,"Games, Toys & Children's Vehicles (No Dolls & Bicycles)",Consumer Discretionary,"range 3900-3999: Misc manufacturing (jewelry, toys, sporting goods)",True,Consumer Discretionary,Leisure Products,Consumer Discretionary,2026-09
CIK0000046640,HNZ,46640,Heinz (H.J.),2030,"Canned, Frozen & Preservd Fruit, Veg & Food Specialties",Consumer Staples,range 2000-2099: Food & kindred products,False,,,Consumer Staples,2013-05
CIK0000046989,HPC,46989,Hercules Inc.,2890,Miscellaneous Chemical Products,Materials,"range 2850-2899: Paints, agricultural & other chemicals",False,,,Materials,2008-10
CIK0000047111,HSY,47111,Hershey Company (The),2060,Sugar & Confectionery Products,Consumer Staples,range 2000-2099: Food & kindred products,True,Consumer Staples,Packaged Foods & Meats,Consumer Staples,2026-09
CIK0000047217,HPQ,47217,HP Inc.,3570,Computer & office Equipment,Information Technology,range 3570-3579: Computer & office equipment,True,Information Technology,"Technology Hardware, Storage & Peripherals",Information Technology,2026-09
CIK0000047580,HLT,47580,Hilton Hotels,7011,Hotels & Motels,Consumer Discretionary,range 7000-7099: Hotels & lodging,False,,,,
CIK0000049071,HUM,49071,Humana,6324,Hospital & Medical Service Plans,Health Care,tuned override: 5/5 current members with SIC 6324 are GICS Health Care (a-priori: Financials),True,Health Care,Managed Health Care,Health Care,2026-09
CIK0000049826,ITW,49826,Illinois Tool Works,3560,General Industrial Machinery & Equipment,Industrials,range 3500-3569: Industrial machinery,True,Industrials,Industrial Machinery & Supplies & Components,Industrials,2026-09
CIK0000049996,INCLF,49996,INCO LTD,3330,Primary Smelting & Refining of  Nonferrous Metals,Materials,range 3300-3399: Primary metals,False,,,,
CIK0000050341,FBF,50341,FLEETBOSTON FINANCIAL CORP,6021,National Commercial Banks,Financials,range 6000-6199: Banks & credit institutions,False,,,,
CIK0000050863,INTC,50863,Intel,3674,Semiconductors & Related Devices,Information Technology,range 3670-3679: Electronic components & semiconductors,True,Information Technology,Semiconductors,Information Technology,2026-09
CIK0000051143,IBM,51143,IBM,3570,Computer & office Equipment,Information Technology,range 3570-3579: Computer & office equipment,True,Information Technology,IT Consulting & Other Services,Information Technology,2026-09
CIK0000051253,IFF,51253,International Flavors & Fragrances,2860,Industrial Organic Chemicals,Materials,"range 2850-2899: Paints, agricultural & other chemicals",True,Materials,Specialty Chemicals,Materials,2026-09
CIK0000051396,MKG,51396,MALLINCKRODT INC /MO,2835,In Vitro & In Vivo Diagnostic Substances,Health Care,range 2830-2839: Drugs / pharmaceuticals / biologicals,False,,,,
CIK0000051434,IP,51434,International Paper,2621,Paper Mills,Materials,range 2600-2699: Paper & allied products,True,Materials,Paper & Plastic Packaging Products & Materials,Materials,2026-09
CIK0000051644,IPG,51644,Interpublic Group of Companies (The),7311,Services-Advertising Agencies,Communication Services,range 7300-7319: Advertising,False,,,Communication Services,2025-10
CIK0000053117,FJ,53117,FORT JAMES CORP,2621,Paper Mills,Materials,range 2600-2699: Paper & allied products,False,,,,
CIK0000053347,JP,53347,JEFFERSON PILOT CORP,6311,Life Insurance,Financials,range 6300-6499: Insurance,False,,,,
CIK0000053669,JCI,53669,Johnson Controls,7380,Services-Miscellaneous Business Services,Industrials,range 7380-7399: Misc business services,False,,,Consumer Discretionary,2016-08
CIK0000054050,JOS,54050,JOSTENS INC,3911,"Jewelry, Precious Metal",Consumer Discretionary,"range 3900-3999: Misc manufacturing (jewelry, toys, sporting goods)",False,,,,
CIK0000055067,K,55067,Kellanova,2040,Grain Mill Products,Consumer Staples,range 2000-2099: Food & kindred products,False,,,Consumer Staples,2025-11
CIK0000055785,KMB,55785,Kimberly-Clark,2670,Converted Paper & Paperboard Prods (No Contaners/Boxes),Materials,range 2600-2699: Paper & allied products,True,Consumer Staples,Household Products,Consumer Staples,2026-09
CIK0000056824,KM,56824,KMART CORP,5331,Retail-Variety Stores,Consumer Staples,tuned override: 5/5 current members with SIC 5331 are GICS Consumer Staples (a-priori: Consumer Discretionary),False,,,,
CIK0000056873,KR,56873,Kroger,5411,Retail-Grocery Stores,Consumer Staples,range 5400-5499: Food stores,True,Consumer Staples,Food Retail,Consumer Staples,2026-09
CIK0000059478,LLY,59478,Lilly (Eli),2834,Pharmaceutical Preparations,Health Care,range 2830-2839: Drugs / pharmaceuticals / biologicals,True,Health Care,Pharmaceuticals,Health Care,2026-09
CIK0000059558,LNC,59558,Lincoln Financial,6311,Life Insurance,Financials,range 6300-6499: Insurance,False,,,Financials,2023-08
CIK0000060086,L,60086,Loews Corporation,6331,"Fire, Marine & Casualty Insurance",Financials,range 6300-6499: Insurance,True,Financials,Multi-line Insurance,Financials,2026-09
CIK0000060519,LPX,60519,LOUISIANA-PACIFIC CORP,2400,Lumber & Wood Products (No Furniture),Materials,range 2400-2499: Lumber & wood products,False,,,,
CIK0000060667,LOW,60667,Lowe's,5211,Retail-Lumber & Other Building Materials Dealers,Consumer Discretionary,range 5200-5299: Building materials & garden retail,True,Consumer Discretionary,Home Improvement Retail,Consumer Discretionary,2026-09
CIK0000062709,MRSH,62709,Marsh McLennan,6411,"Insurance Agents, Brokers & Service",Financials,range 6300-6499: Insurance,True,Financials,Insurance Brokers,Financials,2026-09
CIK0000062996,MAS,62996,Masco,3430,"Heating Equip, Except Elec & Warm Air; & Plumbing Fixtures",Industrials,range 3400-3499: Fabricated metal products,True,Industrials,Building Products,Industrials,2026-09
CIK0000063276,MAT,63276,Mattel Inc.,3942,Dolls & Stuffed Toys,Consumer Discretionary,"range 3900-3999: Misc manufacturing (jewelry, toys, sporting goods)",False,,,Consumer Discretionary,2019-05
CIK0000063416,MAY,63416,MAY DEPARTMENT STORES CO,5311,Retail-Department Stores,Consumer Discretionary,range 5300-5399: General merchandise stores,False,,,,
CIK0000063541,MYG,63541,MAYTAG CORP,3630,Household Appliances,Consumer Discretionary,range 3630-3639: Household appliances,False,,,,
CIK0000063908,MCD,63908,McDonald's,5812,Retail-Eating  Places,Consumer Discretionary,range 5800-5899: Eating & drinking places,True,Consumer Discretionary,Restaurants,Consumer Discretionary,2026-09
CIK0000064040,SPGI,64040,S&P Global,7320,"Services-Consumer Credit Reporting, Collection Agencies",Financials,tuned override: 2/3 current members with SIC 7320 are GICS Financials (a-priori: Industrials),True,Financials,Financial Exchanges & Data,Financials,2026-09
CIK0000064394,MEA,64394,MEAD CORP,2631,Paperboard Mills,Materials,range 2600-2699: Paper & allied products,False,,,,
CIK0000064782,MEL,64782,Mellon Bank Corp.,6021,National Commercial Banks,Financials,range 6000-6199: Banks & credit institutions,False,,,,
CIK0000064803,CVS,64803,CVS Health,5912,Retail-Drug Stores and Proprietary Stores,Consumer Staples,range 5912-5912: Drug stores,True,Health Care,Health Care Services,Health Care,2026-09
CIK0000065011,MDP,65011,Meredith Corp.,2721,Periodicals: Publishing or  Publishing & Printing,Communication Services,"range 2700-2749: Publishing (newspapers, periodicals, books)",False,,,Consumer Discretionary,2010-12
CIK0000065100,MER,65100,Merrill Lynch,6211,"Security Brokers, Dealers & Flotation Companies",Financials,"range 6200-6299: Securities brokers, exchanges, asset managers",False,,,Financials,2008-12
CIK0000065873,AT,65873,ALLTEL Corp.,4812,Radiotelephone Communications,Communication Services,"range 4800-4899: Communications (telecom, broadcasting, cable)",False,,,,
CIK0000065984,ETR,65984,Entergy,4911,Electric Services,Utilities,"range 4900-4949: Electric, gas, water utilities",True,Utilities,Electric Utilities,Utilities,2026-09
CIK0000066479,MIL,66479,Millipore Corp.,3826,Laboratory Analytical Instruments,Health Care,tuned override: 5/5 current members with SIC 3826 are GICS Health Care (a-priori: Information Technology),False,,,Health Care,2010-06
CIK0000066740,MMM,66740,3M,3841,Surgical & Medical Instruments & Apparatus,Health Care,"range 3840-3859: Medical, surgical, dental & ophthalmic instruments",True,Industrials,Industrial Conglomerates,Industrials,2026-09
CIK0000067686,PHA,67686,PHARMACIA CORP /DE/,2800,Chemicals & Allied Products,Materials,range 2800-2829: Chemicals & plastics materials,False,,,,
CIK0000068100,JPM,68100,MORGAN J P & CO INC,6022,State Commercial Banks,Financials,range 6000-6199: Banks & credit institutions,False,,,,
CIK0000068505,MSI,68505,Motorola Solutions,3663,Radio & Tv Broadcasting & Communications Equipment,Information Technology,range 3660-3669: Communications equipment,True,Information Technology,Communications Equipment,Information Technology,2026-09
CIK0000069970,NCC,69970,National City Corp.,6021,National Commercial Banks,Financials,range 6000-6199: Banks & credit institutions,False,,,Financials,2008-12
CIK0000070318,THC,70318,Tenet Healthcare Corp.,8062,"Services-General Medical & Surgical Hospitals, NEC",Health Care,range 8000-8099: Health services,False,,,Health Care,2016-03
CIK0000070530,NSM,70530,National Semiconductor,3674,Semiconductors & Related Devices,Information Technology,range 3670-3679: Electronic components & semiconductors,False,,,Information Technology,2011-08
CIK0000070538,NSI,70538,NATIONAL SERVICE INDUSTRIES INC,7200,Services-Personal Services,Consumer Discretionary,range 7200-7299: Personal services,False,,,,
CIK0000070858,BAC,70858,Bank of America,6021,National Commercial Banks,Financials,range 6000-6199: Banks & credit institutions,True,Financials,Diversified Banks,Financials,2026-09
CIK0000071691,NYT,71691,New York Times Cl. A,2711,Newspapers: Publishing or  Publishing & Printing,Communication Services,"range 2700-2749: Publishing (newspapers, periodicals, books)",False,,,Consumer Discretionary,2010-11
CIK0000072020,GAS,72020,NICOR Inc.,4924,Natural Gas Distribution,Utilities,"range 4900-4949: Electric, gas, water utilities",False,,,Utilities,2011-11
CIK0000072333,JWN,72333,Nordstrom,5651,Retail-Family Clothing Stores,Consumer Discretionary,range 5600-5699: Apparel & accessory stores,False,,,Consumer Discretionary,2020-05
CIK0000072903,XEL,72903,Xcel Energy,4931,Electric & Other Services Combined,Utilities,"range 4900-4949: Electric, gas, water utilities",True,Utilities,Multi-Utilities,Utilities,2026-09
CIK0000072911,NRTLQ,72911,NORTEL NETWORKS CORP,3661,Telephone & Telegraph Apparatus,Information Technology,range 3660-3669: Communications equipment,False,,,,
CIK0000072971,WFC,72971,Wells Fargo,6021,National Commercial Banks,Financials,range 6000-6199: Banks & credit institutions,True,Financials,Diversified Banks,Financials,2026-09
CIK0000073309,NUE,73309,Nucor,3312,"Steel Works, Blast Furnaces & Rolling Mills (Coke Ovens)",Materials,range 3300-3399: Primary metals,True,Materials,Steel,Materials,2026-09
CIK0000075234,OWENQ,75234,"OWENS CORNING SALES, LLC",3290,"Abrasive, Asbestos & Misc Nonmetallic Mineral Prods",Materials,"range 3200-3299: Stone, clay, glass, concrete",False,,,,
CIK0000075362,PCAR,75362,Paccar,3711,Motor Vehicles & Passenger Car Bodies,Consumer Discretionary,range 3700-3712: Motor vehicles,True,Industrials,Construction Machinery & Heavy Transportation Equipment,Industrials,2026-09
CIK0000075829,PLL,75829,Pall Corp.,3569,"General Industrial Machinery & Equipment, NEC",Industrials,range 3500-3569: Industrial machinery,False,,,Industrials,2015-07
CIK0000076334,PH,76334,Parker Hannifin,3490,Miscellaneous Fabricated Metal Products,Industrials,range 3400-3499: Fabricated metal products,True,Industrials,Industrial Machinery & Supplies & Components,Industrials,2026-09
CIK0000077385,PGL,77385,PEOPLES ENERGY CORP,4924,Natural Gas Distribution,Utilities,"range 4900-4949: Electric, gas, water utilities",False,,,,
CIK0000077449,PBY,77449,PEP BOYS MANNY MOE & JACK,5531,Retail-Auto & Home Supply Stores,Consumer Discretionary,range 5500-5599: Auto dealers & gas stations,False,,,,
CIK0000077476,PEP,77476,PepsiCo,2080,Beverages,Consumer Staples,range 2000-2099: Food & kindred products,True,Consumer Staples,Soft Drinks & Non-alcoholic Beverages,Consumer Staples,2026-09
CIK0000077551,ABI,77551,Applera Corp-Applied Biosystems Group,3826,Laboratory Analytical Instruments,Health Care,tuned override: 5/5 current members with SIC 3826 are GICS Health Care (a-priori: Information Technology),False,,,Health Care,2008-10
CIK0000078003,PFE,78003,Pfizer,2834,Pharmaceutical Preparations,Health Care,range 2830-2839: Drugs / pharmaceuticals / biologicals,True,Health Care,Pharmaceuticals,Health Care,2026-09
CIK0000078066,PD,78066,PHELPS DODGE CORP,3330,Primary Smelting & Refining of  Nonferrous Metals,Materials,range 3300-3399: Primary metals,False,,,,
CIK0000078814,PBI,78814,Pitney-Bowes,3579,"Office Machines, NEC",Information Technology,range 3570-3579: Computer & office equipment,False,,,Industrials,2017-01
CIK0000078890,BCO,78890,BRINKS CO,4731,Arrangement of  Transportation of  Freight & Cargo,Industrials,range 4700-4799: Transportation services,False,,,,
CIK0000079326,PRD,79326,PRIMARY PDC INC,3861,Photographic Equipment & Supplies,Information Technology,range 3860-3869: Photographic equipment,False,,,,
CIK0000079716,PCH,79716,POTLATCH CORP (OLD),2621,Paper Mills,Materials,range 2600-2699: Paper & allied products,False,,,,
CIK0000079879,PPG,79879,PPG Industries,2851,"Paints, Varnishes, Lacquers, Enamels & Allied Prods",Materials,"range 2850-2899: Paints, agricultural & other chemicals",True,Materials,Specialty Chemicals,Materials,2026-09
CIK0000080424,PG,80424,Procter & Gamble,2840,"Soap, Detergents, Cleang Preparations, Perfumes, Cosmetics",Consumer Staples,"range 2840-2849: Soaps, detergents, cosmetics (household & personal products)",True,Consumer Staples,Personal Care Products,Consumer Staples,2026-09
CIK0000081371,OAT,81371,QUAKER OATS CO,2040,Grain Mill Products,Consumer Staples,range 2000-2099: Food & kindred products,False,,,,
CIK0000081870,RAL,81870,RALSTON PURINA CO,2040,Grain Mill Products,Consumer Staples,range 2000-2099: Food & kindred products,False,,,,
CIK0000083246,RNB,83246,HSBC USA INC /MD/,6021,National Commercial Banks,Financials,range 6000-6199: Banks & credit institutions,False,,,,
CIK0000083604,RLM,83604,REYNOLDS METALS CO,3334,Primary Production of  Aluminum,Materials,range 3300-3399: Primary metals,False,,,,
CIK0000084129,RAD,84129,"NEW RITE AID, LLC",5912,Retail-Drug Stores and Proprietary Stores,Consumer Staples,range 5912-5912: Drug stores,False,,,,
CIK0000084792,ROH,84792,Rohm & Haas,2821,"Plastic Materials, Synth Resins & Nonvulcan Elastomers",Materials,range 2800-2829: Chemicals & plastics materials,False,,,Materials,2009-03
CIK0000085408,RDC,85408,Rowan Cos.,1381,Drilling Oil & Gas Wells,Energy,range 1300-1399: Oil & gas extraction and services,False,,,Energy,2014-07
CIK0000085486,RDS-A,85486,ROYAL DUTCH PETROLEUM CO,2911,Petroleum Refining,Energy,range 2900-2999: Petroleum refining,False,,,,
CIK0000085812,RML,85812,RUSSELL CORP,2253,Knit Outerwear Mills,Consumer Discretionary,range 2200-2399: Textiles & apparel,False,,,,
CIK0000085961,R,85961,Ryder System,7510,Services-Auto Rental & Leasing (No Drivers),Industrials,range 7500-7599: Auto rental & repair services,False,,,Industrials,2017-05
CIK0000086104,SAF,86104,SAFECO Corp.,6331,"Fire, Marine & Casualty Insurance",Financials,range 6300-6499: Insurance,False,,,Financials,2008-08
CIK0000086312,TRV,86312,Travelers Companies (The),6331,"Fire, Marine & Casualty Insurance",Financials,range 6300-6499: Insurance,True,Financials,Property & Casualty Insurance,Financials,2026-09
CIK0000087347,SLB,87347,Schlumberger,1389,"Oil & Gas Field Services, NEC",Energy,range 1300-1399: Oil & gas extraction and services,True,Energy,Oil & Gas Equipment & Services,Energy,2026-09
CIK0000087777,SFA,87777,SCIENTIFIC ATLANTA INC,3663,Radio & Tv Broadcasting & Communications Equipment,Information Technology,range 3660-3669: Communications equipment,False,,,,
CIK0000088188,VO,88188,SEAGRAM CO LTD,2080,Beverages,Consumer Staples,range 2000-2099: Food & kindred products,False,,,,
CIK0000089089,SCI,89089,SERVICE CORP INTERNATIONAL,7200,Services-Personal Services,Consumer Discretionary,range 7200-7299: Personal services,False,,,,
CIK0000089415,SMS,89415,SHARED MEDICAL SYSTEMS CORP,7373,Services-Computer Integrated Systems Design,Information Technology,"range 7370-7379: Computer programming, software, data processing",False,,,,
CIK0000089800,SHW,89800,Sherwin-Williams,5200,"Retail-Building Materials, Hardware, Garden Supply",Consumer Discretionary,range 5200-5299: Building materials & garden retail,True,Materials,Specialty Chemicals,Materials,2026-09
CIK0000090185,SIAL,90185,Sigma-Aldrich,5160,Wholesale-Chemicals & Allied Products,Consumer Staples,range 5100-5199: Wholesale - nondurable goods (groceries etc.),False,,,Materials,2015-10
CIK0000091440,SNA,91440,Snap-on,3420,"Cutlery, Handtools & General Hardware",Industrials,range 3400-3499: Fabricated metal products,True,Industrials,Industrial Machinery & Supplies & Components,Industrials,2026-09
CIK0000091576,KEY,91576,KeyCorp,6021,National Commercial Banks,Financials,range 6000-6199: Banks & credit institutions,True,Financials,Regional Banks,Financials,2026-09
CIK0000092122,SO,92122,Southern Company,4911,Electric Services,Utilities,"range 4900-4949: Electric, gas, water utilities",True,Utilities,Electric Utilities,Utilities,2026-09
CIK0000092380,LUV,92380,Southwest Airlines,4512,"Air Transportation, Scheduled",Industrials,range 4500-4599: Air transportation,True,Industrials,Passenger Airlines,Industrials,2026-09
CIK0000093102,SMI,93102,SPRINGS INDUSTRIES INC,2211,"Broadwoven Fabric Mills, Cotton",Consumer Discretionary,range 2200-2399: Textiles & apparel,False,,,,
CIK0000093410,CVX,93410,Chevron Corporation,2911,Petroleum Refining,Energy,range 2900-2999: Petroleum refining,True,Energy,Integrated Oil & Gas,Energy,2026-09
CIK0000093556,SWK,93556,Stanley Black & Decker,3420,"Cutlery, Handtools & General Hardware",Industrials,range 3400-3499: Fabricated metal products,True,Industrials,Industrial Machinery & Supplies & Components,Industrials,2026-09
CIK0000095304,SUN,95304,Sunoco Inc.,2911,Petroleum Refining,Energy,range 2900-2999: Petroleum refining,False,,,Energy,2012-09
CIK0000095521,SVU,95521,Supervalu Inc.,5141,"Wholesale-Groceries, General Line",Consumer Staples,range 5100-5199: Wholesale - nondurable goods (groceries etc.),False,,,Consumer Staples,2012-04
CIK0000096021,SYY,96021,Sysco,5140,Wholesale-Groceries & Related Products,Consumer Staples,range 5100-5199: Wholesale - nondurable goods (groceries etc.),True,Consumer Staples,Food Distributors,Consumer Staples,2026-09
CIK0000096289,RSH,96289,RadioShack Corp,5731,"Retail-Radio, Tv & Consumer Electronics Stores",Consumer Discretionary,range 5700-5799: Home furniture & electronics stores,False,,,Consumer Discretionary,2011-06
CIK0000096879,TEK,96879,"Tektronix, Inc.",3825,Instruments For Meas & Testing of  Electricity & Elec Signals,Information Technology,"range 3800-3839: Measuring, analysing & controlling instruments",False,,,,
CIK0000097349,TX,97349,TEXACO INC,2911,Petroleum Refining,Energy,range 2900-2999: Petroleum refining,False,,,,
CIK0000097476,TXN,97476,Texas Instruments,3674,Semiconductors & Related Devices,Information Technology,range 3670-3679: Electronic components & semiconductors,True,Information Technology,Semiconductors,Information Technology,2026-09
CIK0000097854,TNB,97854,THOMAS & BETTS CORP,3640,Electric Lighting & Wiring Equipment,Industrials,range 3640-3649: Lighting & wiring equipment,False,,,,
CIK0000098362,TKR,98362,TIMKEN CO,3562,Ball & Roller Bearings,Industrials,range 3500-3569: Industrial machinery,False,,,,
CIK0000100030,TRW,100030,NORTHROP GRUMMAN SPACE & MISSION SYSTEMS CORP,3714,Motor Vehicle Parts & Accessories,Consumer Discretionary,range 3714-3714: Motor vehicle parts,False,,,,
CIK0000100790,UK,100790,UNION CARBIDE CORP /NEW/,2860,Industrial Organic Chemicals,Materials,"range 2850-2899: Paints, agricultural & other chemicals",False,,,,
CIK0000100885,UNP,100885,Union Pacific Corporation,4011,"Railroads, Line-Haul Operating",Industrials,range 4000-4099: Railroads,True,Industrials,Rail Transportation,Industrials,2026-09
CIK0000101778,MRO,101778,Marathon Oil,1311,Crude Petroleum & Natural Gas,Energy,range 1300-1399: Oil & gas extraction and services,False,,,Energy,2024-10
CIK0000101829,RTX,101829,RTX Corporation,3724,Aircraft Engines & Engine Parts,Industrials,range 3720-3729: Aircraft & parts,True,Industrials,Aerospace & Defense,Industrials,2026-09
CIK0000101830,S,101830,Sprint Nextel Corp.,4813,Telephone Communications (No Radiotelephone),Communication Services,"range 4800-4899: Communications (telecom, broadcasting, cable)",False,,,Telecommunications Services,2013-06
CIK0000103379,VFC,103379,VF Corporation,2320,"Men's & Boys' Furnishgs, Work Clothg, & Allied Garments",Consumer Discretionary,range 2200-2399: Textiles & apparel,False,,,Consumer Discretionary,2024-03
CIK0000104169,WMT,104169,Walmart,5331,Retail-Variety Stores,Consumer Staples,tuned override: 5/5 current members with SIC 5331 are GICS Consumer Staples (a-priori: Consumer Discretionary),True,Consumer Staples,Consumer Staples Merchandise Retail,Consumer Staples,2026-09
CIK0000104599,CC,104599,Circuit City Group,5731,"Retail-Radio, Tv & Consumer Electronics Stores",Consumer Discretionary,range 5700-5799: Home furniture & electronics stores,False,,,Consumer Discretionary,2008-02
CIK0000104669,WLA,104669,WARNER LAMBERT CO,2834,Pharmaceutical Preparations,Health Care,range 2830-2839: Drugs / pharmaceuticals / biologicals,False,,,,
CIK0000105668,WEN,105668,Wendy's International,5812,Retail-Eating  Places,Consumer Discretionary,range 5800-5899: Eating & drinking places,False,,,Consumer Discretionary,2008-08
CIK0000106413,CBS,106413,CBS CORP,4833,Television Broadcasting Stations,Communication Services,"range 4800-4899: Communications (telecom, broadcasting, cable)",False,,,,
CIK0000106535,WY,106535,Weyerhaeuser,6798,Real Estate Investment Trusts,Real Estate,range 6798-6798: Real estate investment trusts,True,Real Estate,Timber REITs,Real Estate,2026-09
CIK0000106640,WHR,106640,Whirlpool Corporation,3630,Household Appliances,Consumer Discretionary,range 3630-3639: Household appliances,False,,,Consumer Discretionary,2024-02
CIK0000107189,WLL,107189,WILLAMETTE INDUSTRIES INC,2621,Paper Mills,Materials,range 2600-2699: Paper & allied products,False,,,,
CIK0000107263,WMB,107263,Williams Companies,4922,Natural Gas Transmission,Energy,range 4922-4923: Natural gas transmission (midstream = GICS Energy),True,Energy,Oil & Gas Storage & Transportation,Energy,2026-09
CIK0000107681,WNDXQ,107681,WINN DIXIE STORES INC,5411,Retail-Grocery Stores,Consumer Staples,range 5400-5499: Food stores,False,,,,
CIK0000108516,WOR,108516,"WORTHINGTON ENTERPRISES, INC.",3310,"Steel Works, Blast Furnaces & Rolling & Finishing Mills",Materials,range 3300-3399: Primary metals,False,,,,
CIK0000108601,WWY,108601,Wrigley (Wm) Jr.,2060,Sugar & Confectionery Products,Consumer Staples,range 2000-2099: Food & kindred products,False,,,Consumer Staples,2008-09
CIK0000108772,XRX,108772,Xerox,3577,"Computer Peripheral Equipment, NEC",Information Technology,range 3570-3579: Computer & office equipment,False,,,Information Technology,2021-02
CIK0000109198,TJX,109198,TJX Companies,5651,Retail-Family Clothing Stores,Consumer Discretionary,range 5600-5699: Apparel & accessory stores,True,Consumer Discretionary,Apparel Retail,Consumer Discretionary,2026-09
CIK0000109758,CEN,109758,ARBITRON INC,8700,"Services-Engineering, Accounting, Research, Management",Industrials,"range 8700-8799: Engineering, accounting, research, management services",False,,,,
CIK0000110390,UN,110390,UNILEVER N V,2840,"Soap, Detergents, Cleang Preparations, Perfumes, Cosmetics",Consumer Staples,"range 2840-2849: Soaps, detergents, cosmetics (household & personal products)",False,,,,
CIK0000200406,JNJ,200406,Johnson & Johnson,2834,Pharmaceutical Preparations,Health Care,range 2830-2839: Drugs / pharmaceuticals / biologicals,True,Health Care,Pharmaceuticals,Health Care,2026-09
CIK0000203077,STJ,203077,St Jude Medical,3845,Electromedical & Electrotherapeutic Apparatus,Health Care,"range 3840-3859: Medical, surgical, dental & ophthalmic instruments",False,,,Health Care,2016-12
CIK0000205520,KRI,205520,KNIGHT RIDDER INC,2711,Newspapers: Publishing or  Publishing & Printing,Communication Services,"range 2700-2749: Publishing (newspapers, periodicals, books)",False,,,,
CIK0000216228,ITT,216228,ITT Corporation,3561,Pumps & Pumping Equipment,Industrials,range 3500-3569: Industrial machinery,False,,,Industrials,2011-10
CIK0000217346,TXT,217346,Textron,3720,Aircraft & Parts,Industrials,range 3720-3729: Aircraft & parts,True,Industrials,Aerospace & Defense,Industrials,2026-09
CIK0000277135,GWW,277135,W. W. Grainger,5000,Wholesale-Durable Goods,Industrials,range 5000-5099: Wholesale - durable goods (trading companies & distributors),True,Industrials,Industrial Machinery & Supplies & Components,Industrials,2026-09
CIK0000277948,CSX,277948,CSX Corporation,4011,"Railroads, Line-Haul Operating",Industrials,range 4000-4099: Railroads,True,Industrials,Rail Transportation,Industrials,2026-09
CIK0000310158,MRK,310158,Merck & Co.,2834,Pharmaceutical Preparations,Health Care,range 2830-2839: Drugs / pharmaceuticals / biologicals,True,Health Care,Pharmaceuticals,Health Care,2026-09
CIK0000310158.SGP,SGP,310158,Schering-Plough,2834,Pharmaceutical Preparations,Health Care,range 2830-2839: Drugs / pharmaceuticals / biologicals,False,,,Health Care,2009-10
CIK0000310522,FNMA,310522,Fannie Mae,6111,Federal & Federally-Sponsored Credit Agencies,Financials,range 6000-6199: Banks & credit institutions,False,,,Financials,2008-08
CIK0000310569,BUD,310569,Anheuser-Busch,2082,Malt Beverages,Consumer Staples,range 2000-2099: Food & kindred products,False,,,Consumer Staples,2008-10
CIK0000311259,EFU,311259,EASTERN ENTERPRISES,4924,Natural Gas Distribution,Utilities,"range 4900-4949: Electric, gas, water utilities",False,,,,
CIK0000314132,FLTWQ,314132,FLEETWOOD ENTERPRISES INC/DE/,3716,Motor Homes,Industrials,"range 3713-3716: Truck bodies, trailers, motor homes",False,,,,
CIK0000315189,DE,315189,Deere & Company,3523,Farm Machinery & Equipment,Industrials,range 3500-3569: Industrial machinery,True,Industrials,Agricultural & Farm Machinery,Industrials,2026-09
CIK0000317093,ANDW,317093,ANDREW CORP,3357,Drawing & Insulating of  Nonferrous Wire,Materials,range 3300-3399: Primary metals,False,,,,
CIK0000317745,GRN,317745,GENERAL RE CORP,6331,"Fire, Marine & Casualty Insurance",Financials,range 6300-6499: Insurance,False,,,,
CIK0000317771,TLAB,317771,Tellabs Inc.,3661,Telephone & Telegraph Apparatus,Information Technology,range 3660-3669: Communications equipment,False,,,Information Technology,2011-11
CIK0000318154,AMGN,318154,Amgen,2836,"Biological Products, (No Diagnostic Substances)",Health Care,range 2830-2839: Drugs / pharmaceuticals / biologicals,True,Health Care,Biotechnology,Health Care,2026-09
CIK0000319256,S,319256,SEARS ROEBUCK & CO,5311,Retail-Department Stores,Consumer Discretionary,range 5300-5399: General merchandise stores,False,,,,
CIK0000320187,NKE,320187,"Nike, Inc.",3021,Rubber & Plastics Footwear,Consumer Discretionary,tuned override: 2/2 current members with SIC 3021 are GICS Consumer Discretionary (a-priori: Materials),True,Consumer Discretionary,"Apparel, Accessories & Luxury Goods",Consumer Discretionary,2026-09
CIK0000320193,AAPL,320193,Apple Inc.,3571,Electronic Computers,Information Technology,range 3570-3579: Computer & office equipment,True,Information Technology,"Technology Hardware, Storage & Peripherals",Information Technology,2026-09
CIK0000320335,GL,320335,Globe Life,6311,Life Insurance,Financials,range 6300-6499: Insurance,True,Financials,Life & Health Insurance,Financials,2026-09
CIK0000351346,BMET,351346,"Biomet, Inc.",3842,"Orthopedic, Prosthetic & Surgical Appliances & Supplies",Health Care,"range 3840-3859: Medical, surgical, dental & ophthalmic instruments",False,,,,
CIK0000352363,LIZ,352363,Liz Claiborne Inc.,2330,"Women's, Misses':  and Juniors Outerwear",Consumer Discretionary,range 2200-2399: Textiles & apparel,False,,,Consumer Discretionary,2008-11
CIK0000352947,EC,352947,ENGELHARD CORP,2810,Industrial Inorganic Chemicals,Materials,range 2800-2829: Chemicals & plastics materials,False,,,,
CIK0000354950,HD,354950,Home Depot (The),5211,Retail-Lumber & Other Building Materials Dealers,Consumer Discretionary,range 5200-5299: Building materials & garden retail,True,Consumer Discretionary,Home Improvement Retail,Consumer Discretionary,2026-09
CIK0000354964,HI,354964,HSBC Finance Corp,6141,Personal Credit Institutions,Financials,range 6000-6199: Banks & credit institutions,False,,,,
CIK0000356028,CA,356028,"CA, Inc.",7372,Services-Prepackaged Software,Information Technology,"range 7370-7379: Computer programming, software, data processing",False,,,Information Technology,2018-10
CIK0000701985,BBWI,701985,"Bath & Body Works, Inc.",5990,"Retail-Retail Stores, NEC",Consumer Discretionary,range 5900-5999: Misc retail,False,,,Consumer Discretionary,2024-08
CIK0000702165,NSC,702165,Norfolk Southern,4011,"Railroads, Line-Haul Operating",Industrials,range 4000-4099: Railroads,True,Industrials,Rail Transportation,Industrials,2026-09
CIK0000703360,LSI,703360,LSI Corporation,3674,Semiconductors & Related Devices,Information Technology,range 3670-3679: Electronic components & semiconductors,False,,,Information Technology,2014-04
CIK0000708819,MDR,708819,MCDERMOTT INTERNATIONAL INC,3443,Fabricated Plate Work (Boiler Shops),Industrials,range 3400-3499: Fabricated metal products,False,,,,
CIK0000709519,JAVA,709519,Sun Microsystems,3571,Electronic Computers,Information Technology,range 3570-3579: Computer & office equipment,False,,,Information Technology,2009-12
CIK0000710976,NMK,710976,NIAGARA CORP,3317,Steel Pipe & Tubes,Materials,range 3300-3399: Primary metals,False,,,,
CIK0000713676,PNC,713676,PNC Financial Services,6021,National Commercial Banks,Financials,range 6000-6199: Banks & credit institutions,True,Financials,Diversified Banks,Financials,2026-09
CIK0000714154,CPQ,714154,COMPAQ COMPUTER CORP,3570,Computer & office Equipment,Information Technology,range 3570-3579: Computer & office equipment,False,,,,
CIK0000715957,D,715957,Dominion Energy,4911,Electric Services,Utilities,"range 4900-4949: Electric, gas, water utilities",True,Utilities,Multi-Utilities,Utilities,2026-09
CIK0000716039,UCL,716039,UNOCAL CORP,1311,Crude Petroleum & Natural Gas,Energy,range 1300-1399: Oil & gas extraction and services,False,,,,
CIK0000716823,MZIAQ,716823,MI 2009 Inc.,3559,"Special Industry Machinery, NEC",Industrials,range 3500-3569: Industrial machinery,False,,,,
CIK0000723125,MU,723125,Micron Technology,3674,Semiconductors & Related Devices,Information Technology,range 3670-3679: Electronic components & semiconductors,True,Information Technology,Semiconductors,Information Technology,2026-09
CIK0000723612,CAR,723612,"AVIS BUDGET GROUP, INC.",7510,Services-Auto Rental & Leasing (No Drivers),Industrials,range 7500-7599: Auto rental & repair services,False,,,,
CIK0000726513,TRB,726513,Tribune Co.,4833,Television Broadcasting Stations,Communication Services,"range 4800-4899: Communications (telecom, broadcasting, cable)",False,,,,
CIK0000731766,UNH,731766,UnitedHealth Group,6324,Hospital & Medical Service Plans,Health Care,tuned override: 5/5 current members with SIC 6324 are GICS Health Care (a-priori: Financials),True,Health Care,Managed Health Care,Health Care,2026-09
CIK0000731939,TIN,731939,Temple-Inland,2631,Paperboard Mills,Materials,range 2600-2699: Paper & allied products,False,,,,
CIK0000732712,VZ,732712,Verizon,4813,Telephone Communications (No Radiotelephone),Communication Services,"range 4800-4899: Communications (telecom, broadcasting, cable)",True,Communication Services,Integrated Telecommunication Services,Communication Services,2026-09
CIK0000732713,BLS,732713,BELLSOUTH CORP,4813,Telephone Communications (No Radiotelephone),Communication Services,"range 4800-4899: Communications (telecom, broadcasting, cable)",False,,,,
CIK0000732717,T,732717,AT&T,4813,Telephone Communications (No Radiotelephone),Communication Services,"range 4800-4899: Communications (telecom, broadcasting, cable)",True,Communication Services,Integrated Telecommunication Services,Communication Services,2026-09
CIK0000732718,UMG,732718,COMCAST MO GROUP INC,4813,Telephone Communications (No Radiotelephone),Communication Services,"range 4800-4899: Communications (telecom, broadcasting, cable)",False,,,,
CIK0000738076,COMS,738076,3COM CORP,3576,Computer Communications Equipment,Information Technology,range 3570-3579: Computer & office equipment,False,,,,
CIK0000743872,HM,743872,HOMESTAKE MINING CO /DE/,1040,Gold and Silver Ores,Materials,range 1000-1099: Metal mining,False,,,,
CIK0000746838,UIS,746838,Unisys Corp.,7373,Services-Computer Integrated Systems Design,Information Technology,"range 7370-7379: Computer programming, software, data processing",False,,,Information Technology,2008-10
CIK0000750556,STI,750556,SunTrust Banks,6021,National Commercial Banks,Financials,range 6000-6199: Banks & credit institutions,False,,,Financials,2019-11
CIK0000753308,NEE,753308,NextEra Energy,4911,Electric Services,Utilities,"range 4900-4949: Electric, gas, water utilities",True,Utilities,Multi-Utilities,Utilities,2026-09
CIK0000756894,B,756894,BARRICK MINING CORP,1040,Gold and Silver Ores,Materials,range 1000-1099: Metal mining,False,,,,
CIK0000758004,NOVL,758004,Novell Inc.,7372,Services-Prepackaged Software,Information Technology,"range 7370-7379: Computer programming, software, data processing",False,,,Information Technology,2011-03
CIK0000764180,MO,764180,Altria,2111,Cigarettes,Consumer Staples,range 2100-2199: Tobacco,True,Consumer Staples,Tobacco,Consumer Staples,2026-09
CIK0000764762,LDG,764762,LONGS DRUG STORES CORP,5912,Retail-Drug Stores and Proprietary Stores,Consumer Staples,range 5912-5912: Drug stores,False,,,,
CIK0000769397,ADSK,769397,Autodesk,7372,Services-Prepackaged Software,Information Technology,"range 7370-7379: Computer programming, software, data processing",True,Information Technology,Application Software,Information Technology,2026-09
CIK0000770949,RBK,770949,REEBOK INTERNATIONAL LTD,3021,Rubber & Plastics Footwear,Consumer Discretionary,tuned override: 2/2 current members with SIC 3021 are GICS Consumer Discretionary (a-priori: Materials),False,,,,
CIK0000773840,HON,773840,Honeywell Technologies,3724,Aircraft Engines & Engine Parts,Industrials,range 3720-3729: Aircraft & parts,True,Industrials,Industrial Conglomerates,Industrials,2026-09
CIK0000774203,WB,774203,WACHOVIA CORP/ NC,6021,National Commercial Banks,Financials,range 6000-6199: Banks & credit institutions,False,,,,
CIK0000775483,ARC,775483,ATLANTIC RICHFIELD CO /DE,2911,Petroleum Refining,Energy,range 2900-2999: Petroleum refining,False,,,,
CIK0000788784,PEG,788784,Public Service Enterprise Group,4931,Electric & Other Services Combined,Utilities,"range 4900-4949: Electric, gas, water utilities",True,Utilities,Electric Utilities,Utilities,2026-09
CIK0000789019,MSFT,789019,Microsoft,7372,Services-Prepackaged Software,Information Technology,"range 7370-7379: Computer programming, software, data processing",True,Information Technology,Systems Software,Information Technology,2026-09
CIK0000789073,BEAM,789073,Beam Inc.,2080,Beverages,Consumer Staples,range 2000-2099: Food & kindred products,False,,,Consumer Staples,2014-03
CIK0000789933,NC,789933,NACCO INDUSTRIES INC,1221,Bituminous Coal & Lignite Surface Mining,Energy,range 1200-1299: Coal mining,False,,,,
CIK0000794367,M,794367,Macy's Inc.,5311,Retail-Department Stores,Consumer Discretionary,range 5300-5399: General merchandise stores,False,,,Consumer Discretionary,2020-03
CIK0000795266,KBH,795266,KB Home,1531,Operative Builders,Consumer Discretionary,range 1500-1599: Building construction (homebuilders = GICS Consumer Discretionary),False,,,Consumer Discretionary,2009-11
CIK0000797468,OXY,797468,Occidental Petroleum,1311,Crude Petroleum & Natural Gas,Energy,range 1300-1399: Oil & gas extraction and services,True,Energy,Oil & Gas Exploration & Production,Energy,2026-09
CIK0000802301,SGID,802301,"Graphics Properties Holdings, Inc.",3571,Electronic Computers,Information Technology,range 3570-3579: Computer & office equipment,False,,,,
CIK0000808362,BHGE,808362,"Baker Hughes, a GE Company",3533,Oil & Gas Field Machinery & Equipment,Industrials,range 3500-3569: Industrial machinery,False,,,Energy,2019-09
CIK0000808450,NAV,808450,NAVISTAR INTERNATIONAL CORP,3711,Motor Vehicles & Passenger Car Bodies,Consumer Discretionary,range 3700-3712: Motor vehicles,False,,,,
CIK0000811669,UST,811669,UST Inc.,2100,Tobacco Products,Consumer Staples,range 2100-2199: Tobacco,False,,,Consumer Staples,2008-11
CIK0000813828,PARA,813828,Paramount Global,4833,Television Broadcasting Stations,Communication Services,"range 4800-4899: Communications (telecom, broadcasting, cable)",False,,,Communication Services,2025-07
CIK0000814453,NWL,814453,Newell Brands,3089,"Plastics Products, NEC",Materials,range 3000-3099: Rubber & plastics products,False,,,Consumer Discretionary,2023-08
CIK0000819975,ONE,819975,"CHASE BANK USA, NATIONAL ASSOCIATION",6189,Asset-Backed Securities,Financials,range 6000-6199: Banks & credit institutions,False,,,,
CIK0000819996,PDG,819996,PLACER DOME INC,1040,Gold and Silver Ores,Materials,range 1000-1099: Metal mining,False,,,,
CIK0000822416,PHM,822416,PulteGroup,1531,Operative Builders,Consumer Discretionary,range 1500-1599: Building construction (homebuilders = GICS Consumer Discretionary),True,Consumer Discretionary,Homebuilding,Consumer Discretionary,2026-09
CIK0000827052,EIX,827052,Edison International,4911,Electric Services,Utilities,"range 4900-4949: Electric, gas, water utilities",True,Utilities,Electric Utilities,Utilities,2026-09
CIK0000831001,C,831001,Citigroup,6021,National Commercial Banks,Financials,range 6000-6199: Banks & credit institutions,True,Financials,Diversified Banks,Financials,2026-09
CIK0000831259,FCX,831259,Freeport-McMoRan,1000,Metal Mining,Materials,range 1000-1099: Metal mining,True,Materials,Copper,Materials,2026-09
CIK0000833320,BR,833320,BURLINGTON RESOURCES INC,1311,Crude Petroleum & Natural Gas,Energy,range 1300-1399: Oil & gas extraction and services,False,,,,
CIK0000846909,ETS,846909,ENTERASYS NETWORKS INC /DE/,3576,Computer Communications Equipment,Information Technology,range 3570-3579: Computer & office equipment,False,,,,
CIK0000850693,AGN,850693,Allergan Inc,2834,Pharmaceutical Preparations,Health Care,range 2830-2839: Drugs / pharmaceuticals / biologicals,False,,,Health Care,2015-02
CIK0000858339,HET,858339,Harrah's Entertainment,7011,Hotels & Motels,Consumer Discretionary,range 7000-7099: Hotels & lodging,False,,,,
CIK0000858877,CSCO,858877,Cisco,3576,Computer Communications Equipment,Information Technology,range 3570-3579: Computer & office equipment,True,Information Technology,Communications Equipment,Information Technology,2026-09
CIK0000870517,KRB,870517,MBNA CORP,6021,National Commercial Banks,Financials,range 6000-6199: Banks & credit institutions,False,,,,
CIK0000874766,HIG,874766,Hartford (The),6331,"Fire, Marine & Casualty Insurance",Financials,range 6300-6499: Insurance,True,Financials,Property & Casualty Insurance,Financials,2026-09
CIK0000883980,FDC,883980,First Data,7389,"Services-Business Services, NEC",Industrials,range 7380-7399: Misc business services,False,,,,
CIK0000884905,PX,884905,Praxair Inc.,2810,Industrial Inorganic Chemicals,Materials,range 2800-2829: Chemicals & plastics materials,False,,,Materials,2018-09
CIK0000885725,BSX,885725,Boston Scientific,3841,Surgical & Medical Instruments & Apparatus,Health Care,"range 3840-3859: Medical, surgical, dental & ophthalmic instruments",True,Health Care,Health Care Equipment,Health Care,2026-09
CIK0000889872,CG,889872,COLUMBIA ENERGY CORP.,2836,"Biological Products, (No Diagnostic Substances)",Health Care,range 2830-2839: Drugs / pharmaceuticals / biologicals,False,,,,
CIK0000895421,MS,895421,Morgan Stanley,6211,"Security Brokers, Dealers & Flotation Companies",Financials,"range 6200-6299: Securities brokers, exchanges, asset managers",True,Financials,Investment Banking & Brokerage,Financials,2026-09
CIK0000899051,ALL,899051,Allstate,6331,"Fire, Marine & Casualty Insurance",Financials,range 6300-6499: Insurance,True,Financials,Property & Casualty Insurance,Financials,2026-09
CIK0000899652,CIN,899652,CINERGY CORP,4931,Electric & Other Services Combined,Utilities,"range 4900-4949: Electric, gas, water utilities",False,,,,
CIK0000909832,COST,909832,Costco,5331,Retail-Variety Stores,Consumer Staples,tuned override: 5/5 current members with SIC 5331 are GICS Consumer Staples (a-priori: Consumer Discretionary),True,Consumer Staples,Consumer Staples Merchandise Retail,Consumer Staples,2026-09
CIK0000915389,EMN,915389,Eastman Chemical Company,2821,"Plastic Materials, Synth Resins & Nonvulcan Elastomers",Materials,range 2800-2829: Chemicals & plastics materials,False,,,Materials,2025-10
CIK0000918040,UCM,918040,UNICOM CORP,4911,Electric Services,Utilities,"range 4900-4949: Electric, gas, water utilities",False,,,,
CIK0000922224,PPL,922224,PPL Corporation,4911,Electric Services,Utilities,"range 4900-4949: Electric, gas, water utilities",True,Utilities,Electric Utilities,Utilities,2026-09
CIK0000925260,TMC,925260,TIMES MIRROR CO /NEW/,2711,Newspapers: Publishing or  Publishing & Printing,Communication Services,"range 2700-2749: Publishing (newspapers, periodicals, books)",False,,,,
CIK0000925260.TMC-A,TMC-A,925260,TIMES MIRROR CO /NEW/,2711,Newspapers: Publishing or  Publishing & Printing,Communication Services,"range 2700-2749: Publishing (newspapers, periodicals, books)",False,,,,
CIK0000934612,BNI,934612,Burlington Northern Santa Fe Corp.,4011,"Railroads, Line-Haul Operating",Industrials,range 4000-4099: Railroads,False,,,Industrials,2009-12
CIK0000936340,DTE,936340,DTE Energy,4911,Electric Services,Utilities,"range 4900-4949: Electric, gas, water utilities",True,Utilities,Multi-Utilities,Utilities,2026-09
CIK0000936468,LMT,936468,Lockheed Martin,3760,Guided Missiles & Space Vehicles & Parts,Industrials,range 3760-3769: Guided missiles & space vehicles,True,Industrials,Aerospace & Defense,Industrials,2026-09
CIK0000940944,DRI,940944,Darden Restaurants,5812,Retail-Eating  Places,Consumer Discretionary,range 5800-5899: Eating & drinking places,True,Consumer Discretionary,Restaurants,Consumer Discretionary,2026-09
CIK0000949573,PNU,949573,PHARMACIA & UPJOHN INC,2834,Pharmaceutical Preparations,Health Care,range 2830-2839: Drugs / pharmaceuticals / biologicals,False,,,,
CIK0001002910,AEE,1002910,Ameren,4931,Electric & Other Services Combined,Utilities,"range 4900-4949: Electric, gas, water utilities",True,Utilities,Multi-Utilities,Utilities,2026-09
CIK0001004440,CEG,1004440,Constellation Energy Group,4911,Electric Services,Utilities,"range 4900-4949: Electric, gas, water utilities",False,,,Utilities,2012-02
CIK0001005414,TOY,1005414,TOYS R US INC,5945,"Retail-Hobby, Toy & Game Shops",Consumer Discretionary,range 5900-5999: Misc retail,False,,,,
CIK0001018963,ATI,1018963,Allegheny Technologies Inc,3317,Steel Pipe & Tubes,Materials,range 3300-3399: Primary metals,False,,,Materials,2015-06
CIK0001021387,TWX,1021387,HISTORIC TW INC,7812,Services-Motion Picture & Video Tape Production,Communication Services,range 7800-7899: Motion pictures & video,False,,,,
CIK0001023291,TXU,1023291,TXU Corp.,4911,Electric Services,Utilities,"range 4900-4949: Electric, gas, water utilities",False,,,,
CIK0001024401,ENRNQ,1024401,ENRON CORP/OR/,6200,"Security & Commodity Brokers, Dealers, Exchanges & Services",Financials,"range 6200-6299: Securities brokers, exchanges, asset managers",False,,,,
CIK0001024478,ROK,1024478,Rockwell Automation,3829,"Measuring & Controlling Devices, NEC",Information Technology,"range 3800-3839: Measuring, analysing & controlling instruments",True,Industrials,Electrical Components & Equipment,Industrials,2026-09
CIK0001026214,FMCC,1026214,Federal Home Loan Mtg.,6111,Federal & Federally-Sponsored Credit Agencies,Financials,range 6000-6199: Banks & credit institutions,False,,,Financials,2008-08
CIK0001031296,FE,1031296,FirstEnergy,4911,Electric Services,Utilities,"range 4900-4949: Electric, gas, water utilities",True,Utilities,Electric Utilities,Utilities,2026-09
CIK0001047122,RTN,1047122,Raytheon Co.,3812,"Search, Detection, Navigation, Guidance, Aeronautical Sys",Industrials,"range 3812-3812: Search, detection, navigation (defense electronics)",False,,,Industrials,2020-03
CIK0001047862,ED,1047862,Consolidated Edison,4931,Electric & Other Services Combined,Utilities,"range 4900-4949: Electric, gas, water utilities",True,Utilities,Multi-Utilities,Utilities,2026-09
CIK0001048911,FDX,1048911,FedEx,4513,Air Courier Services,Industrials,range 4500-4599: Air transportation,True,Industrials,Air Freight & Logistics,Industrials,2026-09
CIK0001059556,MCO,1059556,Moody's Corporation,7320,"Services-Consumer Credit Reporting, Collection Agencies",Financials,tuned override: 2/3 current members with SIC 7320 are GICS Financials (a-priori: Industrials),True,Financials,Financial Exchanges & Data,Financials,2026-09
CIK0001094093,PGN,1094093,Progress Energy Inc.,4911,Electric Services,Utilities,"range 4900-4949: Electric, gas, water utilities",False,,,Utilities,2012-06
CIK0001109304,ACKH,1109304,ARMSTRONG HOLDINGS INC /PA/,3089,"Plastics Products, NEC",Materials,range 3000-3099: Rubber & plastics products,False,,,,
CIK0001109357,EXC,1109357,Exelon,4931,Electric & Other Services Combined,Utilities,"range 4900-4949: Electric, gas, water utilities",True,Utilities,Electric Utilities,Utilities,2026-09
CIK0001122304,AET,1122304,Aetna Inc,6324,Hospital & Medical Service Plans,Health Care,tuned override: 5/5 current members with SIC 6324 are GICS Health Care (a-priori: Financials),False,,,Health Care,2018-10
CIK0001130310,CNP,1130310,CenterPoint Energy,4911,Electric Services,Utilities,"range 4900-4949: Electric, gas, water utilities",True,Utilities,Multi-Utilities,Utilities,2026-09
CIK0001133421,NOC,1133421,Northrop Grumman,3812,"Search, Detection, Navigation, Guidance, Aeronautical Sys",Industrials,"range 3812-3812: Search, detection, navigation (defense electronics)",True,Industrials,Aerospace & Defense,Industrials,2026-09
CIK0001159297,MWV,1159297,MeadWestvaco Corporation,2621,Paper Mills,Materials,range 2600-2699: Paper & allied products,False,,,Materials,2015-06
CIK0001163165,COP,1163165,ConocoPhillips,2911,Petroleum Refining,Energy,range 2900-2999: Petroleum refining,True,Energy,Oil & Gas Exploration & Production,Energy,2026-09
CIK0001163302,X,1163302,United States Steel Corp.,3312,"Steel Works, Blast Furnaces & Rolling Mills (Coke Ovens)",Materials,range 3300-3399: Primary metals,False,,,Materials,2014-06
CIK0001164727,NEM,1164727,Newmont,1040,Gold and Silver Ores,Materials,range 1000-1099: Metal mining,True,Materials,Gold,Materials,2026-09
CIK0001166691,CMCSA,1166691,Comcast,4841,Cable & Other Pay Television Services,Communication Services,"range 4800-4899: Communications (telecom, broadcasting, cable)",True,Communication Services,Cable & Satellite,Communication Services,2026-09
CIK0001326160,DUK,1326160,Duke Energy,4931,Electric & Other Services Combined,Utilities,"range 4900-4949: Electric, gas, water utilities",True,Utilities,Electric Utilities,Utilities,2026-09
CIK0001341439,ORCL,1341439,Oracle Corporation,7372,Services-Prepackaged Software,Information Technology,"range 7370-7379: Computer programming, software, data processing",True,Information Technology,Application Software,Information Technology,2026-09
CIK0001390777,BNY,1390777,BNY Mellon,6022,State Commercial Banks,Financials,range 6000-6199: Banks & credit institutions,True,Financials,Asset Management & Custody Banks,Financials,2026-09
CIK0001551182,ETN,1551182,Eaton Corporation,3590,Misc Industrial & Commercial Machinery & Equipment,Industrials,range 3580-3599: Refrigeration/service/misc machinery,True,Industrials,Electrical Components & Equipment,Industrials,2026-09
CIK0001618921,WBA,1618921,Walgreens Boots Alliance,5912,Retail-Drug Stores and Proprietary Stores,Consumer Staples,range 5912-5912: Drug stores,False,,,Consumer Staples,2025-07
NG:AAL-199702,AAL,,,,,,missing SIC,False,,,,
NG:AHM-199810,AHM,,,,,,missing SIC,False,,,,
NG:AIT-199910,AIT,,,,,,missing SIC,False,,,,
NG:AMH-199709,AMH,,,,,,missing SIC,False,,,,
NG:AMP-199904,AMP,,,,,,missing SIC,False,,,,
NG:AN-199812,AN,,,,,,missing SIC,False,,,,
NG:ANV-199904,ANV,,,,,,missing SIC,False,,,,
NG:AR-199911,AR,,,,,,missing SIC,False,,,,
NG:AS-199909,AS,,,,,,missing SIC,False,,,,
NG:ASC-199906,ASC,,,,,,missing SIC,False,,,,
NG:ATI-199906,ATI,,,,,,missing SIC,False,,,,
NG:BAC-199809,BAC,,,,,,missing SIC,False,,,,
NG:BBI-199801,BBI,,,,,,missing SIC,False,,,,
NG:BEV-200603,BEV,,,,,,missing SIC,False,,,,
NG:BFI-199907,BFI,,,,,,missing SIC,False,,,,
NG:BKB-199909,BKB,,,,,,missing SIC,False,,,,
NG:BLY-199612,BLY,,,,,,missing SIC,False,,,,
NG:BNL-199806,BNL,,,,,,missing SIC,False,,,,
NG:BOAT-199701,BOAT,,,,,,missing SIC,False,,,,
NG:BT-199906,BT,,,,,,missing SIC,False,,,,
NG:C-199811,C,,,,,,missing SIC,False,,,,
NG:CBB-199801,CBB,,,,,,missing SIC,False,,,,
NG:CCB-199602,CCB,,,,,,missing SIC,False,,,,
NG:CCI-199810,CCI,,,,,,missing SIC,False,,,,
NG:CFL-199804,CFL,,,,,,missing SIC,False,,,,
NG:CHRS-201206,CHRS,,,,,,missing SIC,False,,,,
NG:CMB-199603,CMB,,,,,,missing SIC,False,,,,
NG:CNW-201510,CNW,,,,,,missing SIC,False,,,,
NG:COV-200203,COV,,,,,,missing SIC,False,,,,
NG:CRR-199706,CRR,,,,,,missing SIC,False,,,,
NG:CYM-199912,CYM,,,,,,missing SIC,False,,,,
NG:CYR-199606,CYR,,,,,,missing SIC,False,,,,
NG:DEC-199806,DEC,,,,,,missing SIC,False,,,,
NG:DGN-199910,DGN,,,,,,missing SIC,False,,,,
NG:DI-199809,DI,,,,,,missing SIC,False,,,,
NG:DIGI-199809,DIGI,,,,,,missing SIC,False,,,,
NG:DWD-199705,DWD,,,,,,missing SIC,False,,,,
NG:ECH-199807,ECH,,,,,,missing SIC,False,,,,
NG:ECO-200301,ECO,,,,,,missing SIC,False,,,,
NG:ENS-199708,ENS,,,,,,missing SIC,False,,,,
NG:FBO-199603,FBO,,,,,,missing SIC,False,,,,
NG:FCN-199810,FCN,,,,,,missing SIC,False,,,,
NG:FG-199804,FG,,,,,,missing SIC,False,,,,
NG:FLMIQ-200408,FLMIQ,,,,,,missing SIC,False,,,,
NG:FTL.A-200004,FTL-A,,,,,,missing SIC,False,,,,
NG:GFS.A-199810,GFS-A,,,,,,missing SIC,False,,,,
NG:GIDL-199709,GIDL,,,,,,missing SIC,False,,,,
NG:GLD-199705,GLD,,,,,,missing SIC,False,,,,
NG:GRA-199609,GRA,,,,,,missing SIC,False,,,,
NG:GSX-199810,GSX,,,,,,missing SIC,False,,,,
NG:GWF-199707,GWF,,,,,,missing SIC,False,,,,
NG:HDLM-201301,HDLM,,,,,,missing SIC,False,,,,
NG:HON-199912,HON,,,,,,missing SIC,False,,,,
NG:I-199603,I,,,,,,missing SIC,False,,,,
NG:INGR-200611,INGR,,,,,,missing SIC,False,,,,
NG:ITT-199802,ITT,,,,,,missing SIC,False,,,,
NG:JH-200705,JH,,,,,,missing SIC,False,,,,
NG:KWP-199911,KWP,,,,,,missing SIC,False,,,,
NG:LDW.B-200012,LDW-B,,,,,,missing SIC,False,,,,
NG:LLX-199710,LLX,,,,,,missing SIC,False,,,,
NG:LOR-199604,LOR,,,,,,missing SIC,False,,,,
NG:LUB,LUB,,,,,,missing SIC,False,,,,
NG:MCIC-199809,MCIC,,,,,,missing SIC,False,,,,
NG:MD-199707,MD,,,,,,missing SIC,False,,,,
NG:MII-199906,MII,,,,,,missing SIC,False,,,,
NG:MNR-199809,MNR,,,,,,missing SIC,False,,,,
NG:MOB-199911,MOB,,,,,,missing SIC,False,,,,
NG:MST-199808,MST,,,,,,missing SIC,False,,,,
NG:MWI-200402,MWI,,,,,,missing SIC,False,,,,
NG:NAE-199708,NAE,,,,,,missing SIC,False,,,,
NG:NLC-199912,NLC,,,,,,missing SIC,False,,,,
NG:NYN-199708,NYN,,,,,,missing SIC,False,,,,
NG:OM-199709,OM,,,,,,missing SIC,False,,,,
NG:ORX-199902,ORX,,,,,,missing SIC,False,,,,
NG:PAC-199703,PAC,,,,,,missing SIC,False,,,,
NG:PAS-201002,PAS,,,,,,missing SIC,False,,,,
NG:PEL-199706,PEL,,,,,,missing SIC,False,,,,
NG:PET-199806,PET,,,,,,missing SIC,False,,,,
NG:PHB-199910,PHB,,,,,,missing SIC,False,,,,
NG:PMI-199911,PMI,,,,,,missing SIC,False,,,,
NG:PPW-199911,PPW,,,,,,missing SIC,False,,,,
NG:PVN-199706,PVN,,,,,,missing SIC,False,,,,
NG:PZE-199908,PZE,,,,,,missing SIC,False,,,,
NG:RBD-199903,RBD,,,,,,missing SIC,False,,,,
NG:RYAN-200610,RYAN,,,,,,missing SIC,False,,,,
NG:RYC-199908,RYC,,,,,,missing SIC,False,,,,
NG:RYI-200710,RYI,,,,,,missing SIC,False,,,,
NG:SB-199711,SB,,,,,,missing SIC,False,,,,
NG:SFS-200008,SFS,,,,,,missing SIC,False,,,,
NG:SHN-200007,SHN,,,,,,missing SIC,False,,,,
NG:SK-199805,SK,,,,,,missing SIC,False,,,,
NG:SNT-199910,SNT,,,,,,missing SIC,False,,,,
NG:SRR-200708,SRR,,,,,,missing SIC,False,,,,
NG:STO-199811,STO,,,,,,missing SIC,False,,,,
NG:TA-199907,TA,,,,,,missing SIC,False,,,,
NG:TCOMA-199903,TCOMA,,,,,,missing SIC,False,,,,
NG:TDM-199708,TDM,,,,,,missing SIC,False,,,,
NG:THY-199708,THY,,,,,,missing SIC,False,,,,
NG:UCC-199904,UCC,,,,,,missing SIC,False,,,,
NG:USB-200102,USB,,,,,,missing SIC,False,,,,
NG:USBC-199708,USBC,,,,,,missing SIC,False,,,,
NG:USH-199706,USH,,,,,,missing SIC,False,,,,
NG:USHC-199607,USHC,,,,,,missing SIC,False,,,,
NG:USS-199810,USS,,,,,,missing SIC,False,,,,
NG:VAT-199609,VAT,,,,,,missing SIC,False,,,,
NG:WAI-199808,WAI,,,,,,missing SIC,False,,,,
NG:WFC-199811,WFC,,,,,,missing SIC,False,,,,
NG:WMX-199807,WMX,,,,,,missing SIC,False,,,,
NG:YRCW,YRCW,,,,,,missing SIC,False,,,,
NG:CSE-199911,CSE,,,,,,missing SIC,False,,,,
NG:BAY-199808,BAY,,,,,,missing SIC,False,,,,
CIK0000035527,FITB,35527,Fifth Third Bancorp,6022,State Commercial Banks,Financials,range 6000-6199: Banks & credit institutions,True,Financials,Regional Banks,Financials,2026-09
NG:GNT-199806,GNT,,,,,,missing SIC,False,,,,
CIK0000790070,EMC,790070,EMC Corp.,3572,Computer Storage Devices,Information Technology,range 3570-3579: Computer & office equipment,False,,,Information Technology,2016-08
CIK0000723527,WCOEQ,723527,MCI INC,4813,Telephone Communications (No Radiotelephone),Communication Services,"range 4800-4899: Communications (telecom, broadcasting, cable)",False,,,,
NG:NLV-200001,NLV,,,,,,missing SIC,False,,,,
CIK0000315293,AON,315293,Aon plc,6411,"Insurance Agents, Brokers & Service",Financials,range 6300-6499: Insurance,True,Financials,Insurance Brokers,Financials,2026-09
CIK0001008654,TUP,1008654,TUPPERWARE BRANDS CORP,3089,"Plastics Products, NEC",Materials,range 3000-3099: Rubber & plastics products,False,,,,
CIK0000876437,MTG,876437,MGIC Investment,6351,Surety Insurance,Financials,range 6300-6499: Insurance,False,,,Financials,2008-09
NG:BMGCA-200101,BMGCA,,,,,,missing SIC,False,,,,
CIK0000354952,SEG,354952,VERITAS SOFTWARE TECHNOLOGY CORP,3572,Computer Storage Devices,Information Technology,range 3570-3579: Computer & office equipment,False,,,,
NG:HFS-199712,HFS,,,,,,missing SIC,False,,,,
CIK0000826083,DELL,826083,Dell Inc.,3571,Electronic Computers,Information Technology,range 3570-3579: Computer & office equipment,False,,,Information Technology,2013-09
NG:GRA-199803,GRA,,,,,,missing SIC,False,,,,
CIK0001006240,LU,1006240,ALCATEL-LUCENT USA INC.,3661,Telephone & Telegraph Apparatus,Information Technology,range 3660-3669: Communications equipment,False,,,,
CIK0000949061,UPR,949061,UNION PACIFIC RESOURCES GROUP INC,1311,Crude Petroleum & Natural Gas,Energy,range 1300-1399: Oil & gas extraction and services,False,,,,
CIK0001058083,RX,1058083,IMS Health Inc.,7374,Services-Computer Processing & Data Preparation,Information Technology,"range 7370-7379: Computer programming, software, data processing",False,,,Health Care,2010-01
CIK0000814585,MBI,814585,MBIA Inc.,6351,Surety Insurance,Financials,range 6300-6499: Insurance,False,,,Financials,2009-11
CIK0000929987,GDT,929987,GUIDANT CORP,3841,Surgical & Medical Instruments & Apparatus,Health Care,"range 3840-3859: Medical, surgical, dental & ophthalmic instruments",False,,,,
CIK0000097745,TMO,97745,Thermo Fisher Scientific,3829,"Measuring & Controlling Devices, NEC",Information Technology,"range 3800-3839: Measuring, analysing & controlling instruments",True,Health Care,Life Sciences Tools & Services,Health Care,2026-09
CIK0000866787,AZO,866787,AutoZone,5531,Retail-Auto & Home Supply Stores,Consumer Discretionary,range 5500-5599: Auto dealers & gas stations,True,Consumer Discretionary,Automotive Retail,Consumer Discretionary,2026-09
NG:FRO-199909,FRO,,,,,,missing SIC,False,,,,
CIK0000785161,EHC,785161,Encompass Health Corp,8060,Services-Hospitals,Health Care,range 8000-8099: Health services,False,,,,
CIK0000719241,CNC,719241,CONSECO INC,6321,Accident & Health Insurance,Financials,range 6300-6499: Insurance,False,,,,
CIK0000796343,ADBE,796343,Adobe Inc.,7372,Services-Prepackaged Software,Information Technology,"range 7370-7379: Computer programming, software, data processing",True,Information Technology,Application Software,Information Technology,2026-09
CIK0000721371,CAH,721371,Cardinal Health,5122,"Wholesale-Drugs, Proprietaries & Druggists' Sundries",Health Care,range 5122-5122: Wholesale - drugs (drug distributors = GICS Health Care),True,Health Care,Health Care Distributors,Health Care,2026-09
CIK0000316709,SCHW,316709,Charles Schwab Corporation,6211,"Security Brokers, Dealers & Flotation Companies",Financials,"range 6200-6299: Securities brokers, exchanges, asset managers",True,Financials,Investment Banking & Brokerage,Financials,2026-09
CIK0001035713,PVN,1035713,PROVIDIAN FINANCIAL CORP,6021,National Commercial Banks,Financials,range 6000-6199: Banks & credit institutions,False,,,,
CIK0000025191,CFC,25191,Countrywide Financial Corp.,6035,"Savings Institution, Federally Chartered",Financials,range 6000-6199: Banks & credit institutions,False,,,Financials,2008-06
CIK0000033185,EFX,33185,Equifax,7320,"Services-Consumer Credit Reporting, Collection Agencies",Financials,tuned override: 2/3 current members with SIC 7320 are GICS Financials (a-priori: Industrials),True,Industrials,Research & Consulting Services,Industrials,2026-09
CIK0000933136,WM,933136,Washington Mutual,6199,Finance Services,Financials,range 6000-6199: Banks & credit institutions,False,,,Financials,2008-08
NG:SAI-199812,SAI,,,,,,missing SIC,False,,,,
CIK0000773910,APC,773910,Anadarko Petroleum Corp,1311,Crude Petroleum & Natural Gas,Energy,range 1300-1399: Oil & gas extraction and services,False,,,Energy,2019-07
CIK0000080661,PGR,80661,Progressive Corporation,6331,"Fire, Marine & Casualty Insurance",Financials,range 6300-6499: Insurance,True,Financials,Property & Casualty Insurance,Financials,2026-09
CIK0000049196,HBAN,49196,Huntington Bancshares,6021,National Commercial Banks,Financials,range 6000-6199: Banks & credit institutions,True,Financials,Regional Banks,Financials,2026-09
CIK0000042246,MIR,42246,MIRAGE RESORTS INC,7990,Services-Miscellaneous Amusement & Recreation,Consumer Discretionary,"range 7900-7999: Amusement & recreation (casinos, parks)",False,,,,
CIK0000093751,STT,93751,State Street Corporation,6022,State Commercial Banks,Financials,range 6000-6199: Banks & credit institutions,True,Financials,Asset Management & Custody Banks,Financials,2026-09
CIK0000739708,CCU,739708,Clear Channel Communications,4832,Radio Broadcasting Stations,Communication Services,"range 4800-4899: Communications (telecom, broadcasting, cable)",False,,,Consumer Discretionary,2008-06
CIK0000319201,KLAC,319201,KLA Corporation,3827,Optical Instruments & Lenses,Information Technology,"range 3800-3839: Measuring, analysing & controlling instruments",True,Information Technology,Semiconductor Materials & Equipment,Information Technology,2026-09
CIK0001041061,YUM,1041061,Yum! Brands,5812,Retail-Eating  Places,Consumer Discretionary,range 5800-5899: Eating & drinking places,True,Consumer Discretionary,Restaurants,Consumer Discretionary,2026-09
NG:HBOC-199901,HBOC,,,,,,missing SIC,False,,,,
CIK0000018349,SNV,18349,Synovus Financial,6021,National Commercial Banks,Financials,range 6000-6199: Banks & credit institutions,False,,,,
CIK0000092230,TFC,92230,Truist Financial,6021,National Commercial Banks,Financials,range 6000-6199: Banks & credit institutions,True,Financials,Diversified Banks,Financials,2026-09
CIK0000020286,CINF,20286,Cincinnati Financial,6331,"Fire, Marine & Casualty Insurance",Financials,range 6300-6499: Insurance,True,Financials,Property & Casualty Insurance,Financials,2026-09
CIK0000029989,OMC,29989,Omnicom Group,7311,Services-Advertising Agencies,Communication Services,range 7300-7319: Advertising,True,Communication Services,Advertising,Communication Services,2026-09
CIK0000806085,LEH,806085,Lehman Bros.,6211,"Security Brokers, Dealers & Flotation Companies",Financials,"range 6200-6299: Securities brokers, exchanges, asset managers",False,,,Financials,2008-08
CIK0000768835,BIG,768835,Big Lots Inc.,5331,Retail-Variety Stores,Consumer Staples,tuned override: 5/5 current members with SIC 5331 are GICS Consumer Staples (a-priori: Consumer Discretionary),False,,,Consumer Discretionary,2013-01
CIK0000101320,SUB,101320,SUMMIT BANCORP/NJ/,6021,National Commercial Banks,Financials,range 6000-6199: Banks & credit institutions,False,,,,
CIK0000073124,NTRS,73124,Northern Trust,6022,State Commercial Banks,Financials,range 6000-6199: Banks & credit institutions,True,Financials,Asset Management & Custody Banks,Financials,2026-09
NG:MTL-199909,MTL,,,,,,missing SIC,False,,,,
CIK0001012100,GRA,1012100,SEALED AIR CORP/DE,2820,"Plastic Material, Synth Resin/Rubber, Cellulos (No Glass)",Materials,range 2800-2829: Chemicals & plastics materials,False,,,,
CIK0000824169,NXTL,824169,NEXTEL COMMUNICATIONS INC,4812,Radiotelephone Communications,Communication Services,"range 4800-4899: Communications (telecom, broadcasting, cable)",False,,,,
CIK0001012100.SEE,SEE,1012100,Sealed Air,2820,"Plastic Material, Synth Resin/Rubber, Cellulos (No Glass)",Materials,range 2800-2829: Chemicals & plastics materials,False,,,Materials,2023-11
CIK0000007974,AFS-A,7974,ASSOCIATES FIRST CAPITAL CORP,6141,Personal Credit Institutions,Financials,range 6000-6199: Banks & credit institutions,False,,,,
CIK0000895812,GTW,895812,GATEWAY INC,3571,Electronic Computers,Information Technology,range 3570-3579: Computer & office equipment,False,,,,
CIK0000038777,BEN,38777,Franklin Resources,6282,Investment Advice,Financials,"range 6200-6299: Securities brokers, exchanges, asset managers",True,Financials,Asset Management & Custody Banks,Financials,2026-09
CIK0001048286,MAR,1048286,Marriott International,7011,Hotels & Motels,Consumer Discretionary,range 7000-7099: Hotels & lodging,True,Consumer Discretionary,"Hotels, Resorts & Cruise Lines",Consumer Discretionary,2026-09
NG:ASND-199906,ASND,,,,,,missing SIC,False,,,,
CIK0001032208,SRE,1032208,Sempra,4932,Gas & Other Services Combined,Utilities,"range 4900-4949: Electric, gas, water utilities",True,Utilities,Multi-Utilities,Utilities,2026-09
CIK0000777001,BSC,777001,Bear Stearns Cos.,6211,"Security Brokers, Dealers & Flotation Companies",Financials,"range 6200-6299: Securities brokers, exchanges, asset managers",False,,,Financials,2008-05
CIK0000927628,COF,927628,Capital One,6021,National Commercial Banks,Financials,range 6000-6199: Banks & credit institutions,True,Financials,Consumer Finance,Financials,2026-09
CIK0001032033,SLM,1032033,SLM Corporation,6141,Personal Credit Institutions,Financials,range 6000-6199: Banks & credit institutions,False,,,Financials,2014-03
NG:FMY-199905,FMY,,,,,,missing SIC,False,,,,
CIK0000823768,WM,823768,Waste Management,4953,Refuse Systems,Industrials,range 4950-4959: Sanitary services (waste management),True,Industrials,Environmental & Facilities Services,Industrials,2026-09
CIK0001007456,EDS,1007456,Electronic Data Systems,7370,"Services-Computer Programming, Data Processing, Etc.",Communication Services,tuned override: 4/5 current members with SIC 7370 are GICS Communication Services (a-priori: Information Technology),False,,,Information Technology,2008-07
CIK0000885639,KSS,885639,Kohl's Corp.,5311,Retail-Department Stores,Consumer Discretionary,range 5300-5399: General merchandise stores,False,,,Consumer Discretionary,2020-08
CIK0001281761,RF,1281761,Regions Financial Corporation,6021,National Commercial Banks,Financials,range 6000-6199: Banks & credit institutions,True,Financials,Regional Banks,Financials,2026-09
NG:PVT-199906,PVT,,,,,,missing SIC,False,,,,
CIK0000847903,NGH,847903,RJR ACQUISITION CORP,2052,Cookies & Crackers,Consumer Staples,range 2000-2099: Food & kindred products,False,,,,
CIK0000878736,HCR,878736,Manor Care Inc.,8051,Services-Skilled Nursing Care Facilities,Health Care,range 8000-8099: Health services,False,,,,
CIK0000100893,UPC,100893,UNION PLANTERS CORP,6021,National Commercial Banks,Financials,range 6000-6199: Banks & credit institutions,False,,,,
CIK0000723531,PAYX,723531,Paychex,8700,"Services-Engineering, Accounting, Research, Management",Industrials,"range 8700-8799: Engineering, accounting, research, management services",True,Industrials,Human Resource & Employment Services,Industrials,2026-09
CIK0000835729,BMC,835729,BMC Software,7372,Services-Prepackaged Software,Information Technology,"range 7370-7379: Computer programming, software, data processing",False,,,Information Technology,2013-08
CIK0000874761,AES,874761,AES Corporation,4991,Cogeneration Services & Small Power Producers,Utilities,"range 4960-4999: Steam, cogeneration & other utilities",True,Utilities,Independent Power Producers & Energy Traders,Utilities,2026-09
CIK0000875570,PSFT,875570,PEOPLESOFT INC,7372,Services-Prepackaged Software,Information Technology,"range 7370-7379: Computer programming, software, data processing",False,,,,
CIK0000791519,SPLS,791519,Staples Inc.,5940,Retail-Miscellaneous Shopping Goods Stores,Consumer Discretionary,range 5900-5999: Misc retail,False,,,Consumer Discretionary,2017-08
CIK0001491675,CCE,1491675,Coca-Cola Enterprises,2086,Bottled & Canned Soft Drinks & Carbonated Waters,Consumer Staples,range 2000-2099: Food & kindred products,False,,,Consumer Staples,2016-04
CIK0001004858,NCE,1004858,NEW CENTURY ENERGIES INC,4931,Electric & Other Services Combined,Utilities,"range 4900-4949: Electric, gas, water utilities",False,,,,
CIK0000086144,SWY,86144,Safeway Inc.,5411,Retail-Grocery Stores,Consumer Staples,range 5400-5499: Food stores,False,,,Consumer Staples,2014-12
CIK0000313616,DHR,313616,Danaher Corporation,3823,"Industrial Instruments For Measurement, Display, and Control",Information Technology,"range 3800-3839: Measuring, analysing & controlling instruments",True,Health Care,Life Sciences Tools & Services,Health Care,2026-09
CIK0000101830.PCS,PCS,101830,SPRINT LLC,4813,Telephone Communications (No Radiotelephone),Communication Services,"range 4800-4899: Communications (telecom, broadcasting, cable)",False,,,,
CIK0000815097,CCL,815097,Carnival Corporation,4400,Water Transportation,Consumer Discretionary,tuned override: 3/3 current members with SIC 4400 are GICS Consumer Discretionary (a-priori: Industrials),True,Consumer Discretionary,"Hotels, Resorts & Cruise Lines",Consumer Discretionary,2026-09
CIK0000835541,SLR,835541,Solectron,3672,Printed Circuit Boards,Information Technology,range 3670-3679: Electronic components & semiconductors,False,,,,
CIK0000036104,USB,36104,U.S. Bancorp,6021,National Commercial Banks,Financials,range 6000-6199: Banks & credit institutions,True,Financials,Diversified Banks,Financials,2026-09
CIK0000859014,CPWR,859014,Compuware Corp.,7372,Services-Prepackaged Software,Information Technology,"range 7370-7379: Computer programming, software, data processing",False,,,Information Technology,2011-12
CIK0001105705,TWX,1105705,Time Warner Inc.,4841,Cable & Other Pay Television Services,Communication Services,"range 4800-4899: Communications (telecom, broadcasting, cable)",False,,,Consumer Discretionary,2018-05
CIK0000927653,MCK,927653,McKesson Corporation,5122,"Wholesale-Drugs, Proprietaries & Druggists' Sundries",Health Care,range 5122-5122: Wholesale - drugs (drug distributors = GICS Health Care),True,Health Care,Health Care Distributors,Health Care,2026-09
CIK0000092081,SOTR,92081,SOUTHTRUST CORP,6021,National Commercial Banks,Financials,range 6000-6199: Banks & credit institutions,False,,,,
CIK0000003133,ASO,3133,AMSOUTH BANCORPORATION,6022,State Commercial Banks,Financials,range 6000-6199: Banks & credit institutions,False,,,,
CIK0000018926,LUMN,18926,Lumen Technologies,4813,Telephone Communications (No Radiotelephone),Communication Services,"range 4800-4899: Communications (telecom, broadcasting, cable)",False,,,Communication Services,2023-02
CIK0000811156,CMS,811156,CMS Energy,4931,Electric & Other Services Combined,Utilities,"range 4900-4949: Electric, gas, water utilities",True,Utilities,Multi-Utilities,Utilities,2026-09
CIK0000004977,AFL,4977,Aflac,6321,Accident & Health Insurance,Financials,range 6300-6499: Insurance,True,Financials,Life & Health Insurance,Financials,2026-09
CIK0001072342,DPHIQ,1072342,DELPHI CORP,3714,Motor Vehicle Parts & Accessories,Consumer Discretionary,range 3714-3714: Motor vehicle parts,False,,,,
CIK0000075754,PWJ,75754,PAINE WEBBER GROUP INC,6211,"Security Brokers, Dealers & Flotation Companies",Financials,"range 6200-6299: Securities brokers, exchanges, asset managers",False,,,,
CIK0001013220,WLP,1013220,WELLPOINT HEALTH NETWORKS INC /DE/,6324,Hospital & Medical Service Plans,Health Care,tuned override: 5/5 current members with SIC 6324 are GICS Health Care (a-priori: Financials),False,,,,
CIK0000357261,FPC,357261,FLORIDA PROGRESS CORP,4911,Electric Services,Utilities,"range 4900-4949: Electric, gas, water utilities",False,,,,
CIK0000800240,ODP,800240,Office Depot,5940,Retail-Miscellaneous Shopping Goods Stores,Consumer Discretionary,range 5900-5999: Misc retail,False,,,Consumer Discretionary,2010-11
CIK0001002047,NTAP,1002047,NetApp,3572,Computer Storage Devices,Information Technology,range 3570-3579: Computer & office equipment,True,Information Technology,"Technology Hardware, Storage & Peripherals",Information Technology,2026-09
CIK0000764478,BBY,764478,Best Buy,5731,"Retail-Radio, Tv & Consumer Electronics Stores",Consumer Discretionary,range 5700-5799: Home furniture & electronics stores,True,Consumer Discretionary,Computer & Electronics Retail,Consumer Discretionary,2026-09
CIK0001396009,VMC,1396009,Vulcan Materials Company,1400,Mining & Quarrying of  Nonmetallic Minerals (No Fuels),Materials,range 1400-1499: Nonmetallic minerals mining,True,Materials,Construction Materials,Materials,2026-09
CIK0000804328,QCOM,804328,Qualcomm,3663,Radio & Tv Broadcasting & Communications Equipment,Information Technology,range 3660-3669: Communications equipment,True,Information Technology,Semiconductors,Information Technology,2026-09
CIK0000061478,ADCT,61478,ADC Telecommunications,3661,Telephone & Telegraph Apparatus,Information Technology,range 3660-3669: Communications equipment,False,,,,
CIK0000848865,AW,848865,Allied Waste Industries,4953,Refuse Systems,Industrials,range 4950-4959: Sanitary services (waste management),False,,,Industrials,2008-11
CIK0001066806,COC-B,1066806,CONOCOPHILLIPS HOLDING CO,2911,Petroleum Refining,Energy,range 2900-2999: Petroleum refining,False,,,,
CIK0001001288,LXK,1001288,Lexmark Int'l Inc,3570,Computer & office Equipment,Information Technology,range 3570-3579: Computer & office equipment,False,,,Information Technology,2012-09
CIK0000074091,TOS,74091,TOSCO CORP,2911,Petroleum Refining,Energy,range 2900-2999: Petroleum refining,False,,,,
CIK0001061322,GX,1061322,GLOBAL CROSSING LTD,4813,Telephone Communications (No Radiotelephone),Communication Services,"range 4800-4899: Communications (telecom, broadcasting, cable)",False,,,,
CIK0000709804,SXCL,709804,Steel Excel Inc.,1389,"Oil & Gas Field Services, NEC",Energy,range 1300-1399: Oil & gas extraction and services,False,,,,
CIK0000886158,BBBY,886158,Bed Bath & Beyond,5700,"Retail-Home Furniture, Furnishings & Equipment Stores",Consumer Discretionary,range 5700-5799: Home furniture & electronics stores,False,,,Consumer Discretionary,2017-06
CIK0000764622,PNW,764622,Pinnacle West Capital,4911,Electric Services,Utilities,"range 4900-4949: Electric, gas, water utilities",True,Utilities,Multi-Utilities,Utilities,2026-09
CIK0000006281,ADI,6281,Analog Devices,3674,Semiconductors & Related Devices,Information Technology,range 3670-3679: Electronic components & semiconductors,True,Information Technology,Semiconductors,Information Technology,2026-09
CIK0001113169,TROW,1113169,T. Rowe Price,6282,Investment Advice,Financials,"range 6200-6299: Securities brokers, exchanges, asset managers",True,Financials,Asset Management & Custody Banks,Financials,2026-09
CIK0000058492,LEG,58492,Leggett & Platt,2510,Household Furniture,Consumer Discretionary,range 2500-2599: Furniture & fixtures,False,,,Consumer Discretionary,2021-11
CIK0001066107,EP,1066107,El Paso Corp.,4922,Natural Gas Transmission,Energy,range 4922-4923: Natural gas transmission (midstream = GICS Energy),False,,,Energy,2012-04
CIK0000803014,CMVT,803014,COMVERSE TECHNOLOGY INC/NY/,3661,Telephone & Telegraph Apparatus,Information Technology,range 3660-3669: Communications equipment,False,,,,
CIK0001089976,PTV,1089976,Pactiv Corp.,2673,"Plastics, Foil & Coated Paper Bags",Materials,range 2600-2699: Paper & allied products,False,,,Materials,2010-10
CIK0000743988,XLNX,743988,Xilinx,3674,Semiconductors & Related Devices,Information Technology,range 3670-3679: Electronic components & semiconductors,False,,,Information Technology,2022-01
CIK0000919623,QTRN,919623,QUINTILES TRANSNATIONAL CORP,8731,Services-Commercial Physical & Biological Research,Health Care,range 8731-8731: Commercial physical & biological research (CROs),False,,,,
CIK0000067472,MOLX,67472,Molex Inc.,3678,Electronic Connectors,Information Technology,range 3670-3679: Electronic components & semiconductors,False,,,Information Technology,2013-11
CIK0000877890,CTXS,877890,Citrix,7372,Services-Prepackaged Software,Information Technology,"range 7370-7379: Computer programming, software, data processing",False,,,Information Technology,2022-09
CIK0000746969,OK,746969,OLD KENT FINANCIAL CORP /MI/,6022,State Commercial Banks,Financials,range 6000-6199: Banks & credit institutions,False,,,,
CIK0001011006,YHOO,1011006,Yahoo Inc.,,,,missing SIC,False,,,Information Technology,2017-05
CIK0000070866,VYX,70866,NCR Corp.,3578,Calculating & Accounting Machines (No Electronic Computers),Information Technology,range 3570-3579: Computer & office equipment,False,,,,
CIK0001030048,YNR,1030048,YOUNG & RUBICAM INC.,7311,Services-Advertising Agencies,Communication Services,range 7300-7319: Advertising,False,,,,
CIK0000714655,BGEN,714655,BIOGEN IDEC MA INC,2836,"Biological Products, (No Diagnostic Substances)",Health Care,range 2830-2839: Drugs / pharmaceuticals / biologicals,False,,,,
CIK0000793952,HOG,793952,Harley-Davidson,3751,"Motorcycles, Bicycles & Parts",Consumer Discretionary,range 3750-3759: Motorcycles & bicycles,False,,,Consumer Discretionary,2020-05
CIK0001069353,CNXT,1069353,CONEXANT SYSTEMS INC,3674,Semiconductors & Related Devices,Information Technology,range 3670-3679: Electronic components & semiconductors,False,,,,
CIK0001020265,TSG,1020265,Sabre Holding Corp.,4700,Transportation Services,Consumer Discretionary,tuned override: 2/2 current members with SIC 4700 are GICS Consumer Discretionary (a-priori: Industrials),False,,,,
CIK0000791907,LLTC,791907,Linear Technology Corp.,3674,Semiconductors & Related Devices,Information Technology,range 3670-3679: Electronic components & semiconductors,False,,,Information Technology,2017-02
CIK0001084408,VRTS,1084408,VERITAS SOFTWARE CORP /DE/,7372,Services-Prepackaged Software,Information Technology,"range 7370-7379: Computer programming, software, data processing",False,,,,
CIK0000768251,ALTR,768251,Altera Corp,3674,Semiconductors & Related Devices,Information Technology,range 3670-3679: Electronic components & semiconductors,False,,,Information Technology,2015-11
CIK0001006835,SEBL,1006835,SIEBEL SYSTEMS INC,7372,Services-Prepackaged Software,Information Technology,"range 7370-7379: Computer programming, software, data processing",False,,,,
CIK0001008817,SAPE,1008817,SAPIENT CORP,7373,Services-Computer Integrated Systems Design,Information Technology,"range 7370-7379: Computer programming, software, data processing",False,,,,
CIK0000835910,APCC,835910,AMERICAN POWER CONVERSION CORP,3620,Electrical Industrial Apparatus,Industrials,range 3600-3629: Electrical equipment,False,,,,
CIK0001090872,A,1090872,Agilent Technologies,3826,Laboratory Analytical Instruments,Health Care,tuned override: 5/5 current members with SIC 3826 are GICS Health Care (a-priori: Information Technology),True,Health Care,Life Sciences Tools & Services,Health Care,2026-09
CIK0000829224,SBUX,829224,Starbucks,5810,Retail-Eating & Drinking Places,Consumer Discretionary,range 5800-5899: Eating & drinking places,True,Consumer Discretionary,Restaurants,Consumer Discretionary,2026-09
CIK0001062047,CVG,1062047,Convergys Corp.,7373,Services-Computer Integrated Systems Design,Information Technology,"range 7370-7379: Computer programming, software, data processing",False,,,Information Technology,2009-11
CIK0000873591,MEDI,873591,MedImmune Inc.,2836,"Biological Products, (No Diagnostic Substances)",Health Care,range 2830-2839: Drugs / pharmaceuticals / biologicals,False,,,,
CIK0000819692,CF,819692,CHARTER ONE FINANCIAL INC,6021,National Commercial Banks,Financials,range 6000-6199: Banks & credit institutions,False,,,,
CIK0000836106,NVLS,836106,Novellus Systems,3559,"Special Industry Machinery, NEC",Industrials,range 3500-3569: Industrial machinery,False,,,Information Technology,2012-05
CIK0000098246,TIF,98246,Tiffany & Co.,5944,Retail-Jewelry Stores,Consumer Discretionary,range 5900-5999: Misc retail,False,,,Consumer Discretionary,2020-12
CIK0000897723,SANM,897723,Sanmina-SCI Corp.,3672,Printed Circuit Boards,Information Technology,range 3670-3679: Electronic components & semiconductors,False,,,,
CIK0000867058,MERQ,867058,MERCURY INTERACTIVE CORP,7372,Services-Prepackaged Software,Information Technology,"range 7370-7379: Computer programming, software, data processing",False,,,,
CIK0001111335,VC,1111335,VISTEON CORP,3714,Motor Vehicle Parts & Accessories,Consumer Discretionary,range 3714-3714: Motor vehicle parts,False,,,,
CIK0001054374,BRCM,1054374,Broadcom Corporation,3674,Semiconductors & Related Devices,Information Technology,range 3670-3679: Electronic components & semiconductors,False,,,Information Technology,2015-12
CIK0000068622,CTGG,68622,Qwest Communications Int,4813,Telephone Communications (No Radiotelephone),Communication Services,"range 4800-4899: Communications (telecom, broadcasting, cable)",False,,,Telecommunications Services,2011-03
CIK0001065865,JNS,1065865,Janus Capital Group,6282,Investment Advice,Financials,"range 6200-6299: Securities brokers, exchanges, asset managers",False,,,Financials,2011-10
CIK0000020388,CIT-A,20388,CIT GROUP INC,6172,Finance Lessors,Financials,range 6000-6199: Banks & credit institutions,False,,,,
CIK0000912093,VIAV,912093,JDS Uniphase Corp.,3674,Semiconductors & Related Devices,Information Technology,range 3670-3679: Electronic components & semiconductors,False,,,Information Technology,2013-11
CIK0001100389,PALM,1100389,PALM INC,3575,Computer Terminals,Information Technology,range 3570-3579: Computer & office equipment,False,,,,
CIK0001062379,KSE,1062379,Keyspan Energy,4924,Natural Gas Distribution,Utilities,"range 4900-4949: Electric, gas, water utilities",False,,,,
CIK0001090012,DVN,1090012,Devon Energy,1311,Crude Petroleum & Natural Gas,Energy,range 1300-1399: Oil & gas extraction and services,True,Energy,Oil & Gas Exploration & Production,Energy,2026-09
CIK0001116521,AV,1116521,Avaya Inc.,3661,Telephone & Telegraph Apparatus,Information Technology,range 3660-3669: Communications equipment,False,,,,
CIK0001047699,KG,1047699,King Pharmaceuticals,2834,Pharmaceutical Preparations,Health Care,range 2830-2839: Drugs / pharmaceuticals / biologicals,False,,,Health Care,2010-11
CIK0001163739,NBR,1163739,Nabors Industries Ltd.,1381,Drilling Oil & Gas Wells,Energy,range 1300-1399: Oil & gas extraction and services,False,,,Energy,2015-02
CIK0001042825,PWER,1042825,POWER ONE INC,3679,"Electronic Components, NEC",Information Technology,range 3670-3679: Electronic components & semiconductors,False,,,,
CIK0000821189,EOG,821189,EOG Resources,1311,Crude Petroleum & Natural Gas,Energy,range 1300-1399: Oil & gas extraction and services,True,Energy,Oil & Gas Exploration & Production,Energy,2026-09
CIK0001111711,NI,1111711,NiSource,4931,Electric & Other Services Combined,Utilities,"range 4900-4949: Electric, gas, water utilities",True,Utilities,Multi-Utilities,Utilities,2026-09
CIK0000920448,BVSN,920448,BROADVISION INC,7372,Services-Prepackaged Software,Information Technology,"range 7370-7379: Computer programming, software, data processing",False,,,,
CIK0000316206,HOT,316206,Starwood Hotels & Resorts,7011,Hotels & Motels,Consumer Discretionary,range 7000-7099: Hotels & lodging,False,,,Consumer Discretionary,2016-08
CIK0000038074,FRX,38074,Forest Laboratories,2834,Pharmaceutical Preparations,Health Care,range 2830-2839: Drugs / pharmaceuticals / biologicals,False,,,Health Care,2014-05
CIK0000706539,CHIR,706539,CHIRON CORP,2834,Pharmaceutical Preparations,Health Care,range 2830-2839: Drugs / pharmaceuticals / biologicals,False,,,,
CIK0000916457,CPNLQ,916457,CALPINE CORP,4911,Electric Services,Utilities,"range 4900-4949: Electric, gas, water utilities",False,,,,
CIK0000315213,RHI,315213,Robert Half,7363,Services-Help Supply Services,Industrials,"range 7320-7369: Business services (credit reporting, building services, rental, staffing)",False,,,Industrials,2024-05
CIK0000003673,AYE,3673,Allegheny Energy Inc,4911,Electric Services,Utilities,"range 4900-4949: Electric, gas, water utilities",False,,,Utilities,2011-01
CIK0000278352,SBL,278352,SYMBOL TECHNOLOGIES INC,3577,"Computer Peripheral Equipment, NEC",Information Technology,range 3570-3579: Computer & office equipment,False,,,,
CIK0000874501,OSG,874501,Ambac Financial Group,6351,Surety Insurance,Financials,range 6300-6499: Insurance,False,,,Financials,2008-05
CIK0000896878,INTU,896878,Intuit,7372,Services-Prepackaged Software,Information Technology,"range 7370-7379: Computer programming, software, data processing",True,Information Technology,Application Software,Information Technology,2026-09
CIK0001099219,MET,1099219,MetLife,6311,Life Insurance,Financials,range 6300-6499: Insurance,True,Financials,Life & Health Insurance,Financials,2026-09
CIK0000054502,KMI,54502,Kinder Morgan,4923,Natural Gas Transmisison & Distribution,Energy,range 4922-4923: Natural gas transmission (midstream = GICS Energy),False,,,,
CIK0000310764,SYK,310764,Stryker Corporation,3841,Surgical & Medical Instruments & Apparatus,Health Care,"range 3840-3859: Medical, surgical, dental & ophthalmic instruments",True,Health Care,Health Care Equipment,Health Care,2026-09
CIK0000880446,VTSS,880446,VITESSE SEMICONDUCTOR CORP,3674,Semiconductors & Related Devices,Information Technology,range 3670-3679: Electronic components & semiconductors,False,,,,
CIK0000918386,QLGC,918386,QLogic Corp.,3576,Computer Communications Equipment,Information Technology,range 3570-3579: Computer & office equipment,False,,,Information Technology,2010-12
CIK0001124198,FLR,1124198,Fluor Corp.,1600,Heavy Construction Other Than Bldg Const - Contractors,Industrials,range 1600-1799: Heavy & specialty construction contractors,False,,,Industrials,2019-05
CIK0000711065,AMCC,711065,APPLIED MICRO CIRCUITS CORP,3674,Semiconductors & Related Devices,Information Technology,range 3670-3679: Electronic components & semiconductors,False,,,,
CIK0001017008,UVN,1017008,UNIVISION COMMUNICATIONS INC,4833,Television Broadcasting Stations,Communication Services,"range 4800-4899: Communications (telecom, broadcasting, cable)",False,,,,
CIK0000020520,FTR,20520,Frontier Communications,4813,Telephone Communications (No Radiotelephone),Communication Services,"range 4800-4899: Communications (telecom, broadcasting, cable)",False,,,Telecommunications Services,2017-02
CIK0000723254,CTAS,723254,Cintas,2320,"Men's & Boys' Furnishgs, Work Clothg, & Allied Garments",Consumer Discretionary,range 2200-2399: Textiles & apparel,True,Industrials,Diversified Support Services,Industrials,2026-09
CIK0000740112,CE,740112,CONCORD EFS INC,6099,"Functions Related To Depository Banking, NEC",Financials,range 6000-6199: Banks & credit institutions,False,,,,
CIK0000798354,FISV,798354,Fiserv,7389,"Services-Business Services, NEC",Industrials,range 7380-7399: Misc business services,True,Financials,Transaction & Payment Processing Services,Financials,2026-09
CIK0001010775,MIR,1010775,MIRANT CORP,4911,Electric Services,Utilities,"range 4900-4949: Electric, gas, water utilities",False,,,,
CIK0001076405,PBG,1076405,Pepsi Bottling Group,2080,Beverages,Consumer Staples,range 2000-2099: Food & kindred products,False,,,Consumer Staples,2010-02
CIK0001020416,MWW,1020416,Monster Worldwide,7363,Services-Help Supply Services,Industrials,"range 7320-7369: Business services (credit reporting, building services, rental, staffing)",False,,,Industrials,2011-11
CIK0000109380,ZION,109380,Zions Bancorporation,6021,National Commercial Banks,Financials,range 6000-6199: Banks & credit institutions,False,,,Financials,2024-02
CIK0000736260,JHF,736260,HANCOCK JOHN FINANCIAL SERVICES INC,6311,Life Insurance,Financials,range 6300-6499: Insurance,False,,,,
CIK0001137411,COL,1137411,Rockwell Collins,3728,"Aircraft Parts & Auxiliary Equipment, NEC",Industrials,range 3720-3729: Aircraft & parts,False,,,Industrials,2018-10
CIK0001138234,AWE,1138234,"NEW CINGULAR WIRELESS SERVICES, INC.",4812,Radiotelephone Communications,Communication Services,"range 4800-4899: Communications (telecom, broadcasting, cable)",False,,,,
CIK0000767920,PMCS,767920,PMC-Sierra Inc.,3674,Semiconductors & Related Devices,Information Technology,range 3670-3679: Electronic components & semiconductors,False,,,,
CIK0000034408,FDO,34408,Family Dollar Stores,5331,Retail-Variety Stores,Consumer Staples,tuned override: 5/5 current members with SIC 5331 are GICS Consumer Staples (a-priori: Consumer Discretionary),False,,,Consumer Discretionary,2015-06
CIK0001136869,ZBH,1136869,Zimmer Biomet,3842,"Orthopedic, Prosthetic & Surgical Appliances & Supplies",Health Care,"range 3840-3859: Medical, surgical, dental & ophthalmic instruments",True,Health Care,Health Care Equipment,Health Care,2026-09
CIK0001140859,COR,1140859,Cencora,5122,"Wholesale-Drugs, Proprietaries & Druggists' Sundries",Health Care,range 5122-5122: Wholesale - drugs (drug distributors = GICS Health Care),True,Health Care,Health Care Distributors,Health Care,2026-09
CIK0000353944,IGT,353944,International Game Technology,3990,Miscellaneous Manufacturing Industries,Consumer Discretionary,"range 3900-3999: Misc manufacturing (jewelry, toys, sporting goods)",False,,,Consumer Discretionary,2014-05
CIK0000875159,XL,875159,XL Group,6331,"Fire, Marine & Casualty Insurance",Financials,range 6300-6499: Insurance,False,,,Financials,2018-08
CIK0000719529,IMNX,719529,IMMUNEX CORP /DE/,2836,"Biological Products, (No Diagnostic Substances)",Health Care,range 2830-2839: Drugs / pharmaceuticals / biologicals,False,,,,
CIK0000350563,TE,350563,TECO Energy,4911,Electric Services,Utilities,"range 4900-4949: Electric, gas, water utilities",False,,,Utilities,2016-06
CIK0001038339,EOP,1038339,EQUITY OFFICE PROPERTIES TRUST,6798,Real Estate Investment Trusts,Real Estate,range 6798-6798: Real estate investment trusts,False,,,,
CIK0000792985,HMA,792985,"HEALTH MANAGEMENT ASSOCIATES, INC",8062,"Services-General Medical & Surgical Hospitals, NEC",Health Care,range 8000-8099: Health services,False,,,,
CIK0001141185,KMG,1141185,KERR MCGEE CORP /DE,1311,Crude Petroleum & Natural Gas,Energy,range 1300-1399: Oil & gas extraction and services,False,,,,
CIK0001045810,NVDA,1045810,Nvidia,3674,Semiconductors & Related Devices,Information Technology,range 3670-3679: Electronic components & semiconductors,True,Information Technology,Semiconductors,Information Technology,2026-09
CIK0000906107,VMRK,906107,Vivmark Residential,6798,Real Estate Investment Trusts,Real Estate,range 6798-6798: Real estate investment trusts,True,Real Estate,Multi-Family Residential REITs,Real Estate,2026-09
CIK0000732485,GENZ,732485,Genzyme Corp.,2836,"Biological Products, (No Diagnostic Substances)",Health Care,range 2830-2839: Drugs / pharmaceuticals / biologicals,False,,,Health Care,2011-03
CIK0000874016,JNY,874016,Jones Apparel Group,2330,"Women's, Misses':  and Juniors Outerwear",Consumer Discretionary,range 2200-2399: Textiles & apparel,False,,,Consumer Discretionary,2009-02
CIK0001000697,WAT,1000697,Waters Corporation,3826,Laboratory Analytical Instruments,Health Care,tuned override: 5/5 current members with SIC 3826 are GICS Health Care (a-priori: Information Technology),True,Health Care,Life Sciences Tools & Services,Health Care,2026-09
CIK0000849213,PCL,849213,Plum Creek Timber Co.,6798,Real Estate Investment Trusts,Real Estate,range 6798-6798: Real estate investment trusts,False,,,Financials,2016-01
CIK0000722056,RATL,722056,RATIONAL SOFTWARE CORP,7372,Services-Prepackaged Software,Information Technology,"range 7370-7379: Computer programming, software, data processing",False,,,,
CIK0001166126,JCP,1166126,Penney (J.C.),5311,Retail-Department Stores,Consumer Discretionary,range 5300-5399: General merchandise stores,False,,,Consumer Discretionary,2013-11
CIK0000036966,FHN,36966,First Horizon National,6021,National Commercial Banks,Financials,range 6000-6199: Banks & credit institutions,False,,,Financials,2013-05
CIK0000836102,TT,836102,Trane Inc.,3585,Air-Cond & Warm Air Heatg Equip & Comm & Indl Refrig Equip,Industrials,range 3580-3599: Refrigeration/service/misc machinery,False,,,Industrials,2008-05
CIK0000864328,BJS,864328,BJ Services Company,1389,"Oil & Gas Field Services, NEC",Energy,range 1300-1399: Oil & gas extraction and services,False,,,Energy,2010-03
CIK0000929887,APOL,929887,Apollo Group Inc,8200,Services-Educational Services,Consumer Discretionary,range 8200-8299: Educational services,False,,,Consumer Discretionary,2013-06
CIK0001063761,SPG,1063761,Simon Property Group,6798,Real Estate Investment Trusts,Real Estate,range 6798-6798: Real estate investment trusts,True,Real Estate,Retail REITs,Real Estate,2026-09
CIK0000352510,NFB,352510,NORTH FORK BANCORPORATION INC,6022,State Commercial Banks,Financials,range 6000-6199: Banks & credit institutions,False,,,,
CIK0000712515,EA,712515,Electronic Arts,7372,Services-Prepackaged Software,Information Technology,"range 7370-7379: Computer programming, software, data processing",False,,,Communication Services,2026-07
CIK0000789388,SDS,789388,SUNGARD DATA SYSTEMS INC,7374,Services-Computer Processing & Data Preparation,Information Technology,"range 7370-7379: Computer programming, software, data processing",False,,,,
CIK0000886982,GS,886982,Goldman Sachs,6211,"Security Brokers, Dealers & Flotation Companies",Financials,"range 6200-6299: Securities brokers, exchanges, asset managers",True,Financials,Investment Banking & Brokerage,Financials,2026-09
CIK0001065088,EBAY,1065088,eBay Inc.,7389,"Services-Business Services, NEC",Industrials,range 7380-7399: Misc business services,True,Consumer Discretionary,Broadline Retail,Consumer Discretionary,2026-09
CIK0001090727,UPS,1090727,United Parcel Service,4210,Trucking & Courier Services (No Air),Industrials,"range 4100-4299: Transit, trucking, warehousing",True,Industrials,Air Freight & Logistics,Industrials,2026-09
CIK0001126328,PFG,1126328,Principal Financial Group,6321,Accident & Health Insurance,Financials,range 6300-6499: Insurance,True,Financials,Life & Health Insurance,Financials,2026-09
CIK0001137774,PRU,1137774,Prudential Financial,6311,Life Insurance,Financials,range 6300-6499: Insurance,True,Financials,Life & Health Insurance,Financials,2026-09
CIK0001156039,ELV,1156039,Elevance Health,6324,Hospital & Medical Service Plans,Health Care,tuned override: 5/5 current members with SIC 6324 are GICS Health Care (a-priori: Financials),True,Health Care,Managed Health Care,Health Care,2026-09
CIK0001110783,MON,1110783,Monsanto Co.,2870,Agricultural Chemicals,Materials,"range 2850-2899: Paints, agricultural & other chemicals",False,,,Materials,2018-05
CIK0001275283,RAI,1275283,Reynolds American Inc.,2111,Cigarettes,Consumer Staples,range 2100-2199: Tobacco,False,,,Consumer Staples,2017-06
CIK0001022079,DGX,1022079,Quest Diagnostics,8071,Services-Medical Laboratories,Health Care,range 8000-8099: Health services,True,Health Care,Health Care Services,Health Care,2026-09
CIK0000350698,AN,350698,AutoNation Inc,5500,Retail-Auto Dealers & Gasoline Stations,Consumer Discretionary,range 5500-5599: Auto dealers & gas stations,False,,,Consumer Discretionary,2017-07
CIK0000922864,AIV,922864,Apartment Investment & Management,6798,Real Estate Investment Trusts,Real Estate,range 6798-6798: Real estate investment trusts,False,,,Real Estate,2020-11
CIK0000063754,MKC,63754,McCormick & Company,2090,Miscellaneous Food Preparations & Kindred Products,Consumer Staples,range 2000-2099: Food & kindred products,True,Consumer Staples,Packaged Foods & Meats,Consumer Staples,2026-09
CIK0000849399,GEN,849399,Gen Digital,7372,Services-Prepackaged Software,Information Technology,"range 7370-7379: Computer programming, software, data processing",True,Information Technology,Systems Software,Information Technology,2026-09
CIK0001056288,FHI,1056288,Federated Investors Inc.,6282,Investment Advice,Financials,"range 6200-6299: Securities brokers, exchanges, asset managers",False,,,Financials,2012-12
CIK0000899881,PLD,899881,ProLogis,6798,Real Estate Investment Trusts,Real Estate,range 6798-6798: Real estate investment trusts,False,,,Financials,2011-05
CIK0001170650,MHS,1170650,Medco Health Solutions Inc.,5912,Retail-Drug Stores and Proprietary Stores,Consumer Staples,range 5912-5912: Drug stores,False,,,Health Care,2012-03
CIK0001532063,ESRX,1532063,Express Scripts,5912,Retail-Drug Stores and Proprietary Stores,Consumer Staples,range 5912-5912: Drug stores,False,,,Health Care,2018-11
CIK0000875045,BIIB,875045,Biogen,2836,"Biological Products, (No Diagnostic Substances)",Health Care,range 2830-2839: Drugs / pharmaceuticals / biologicals,True,Health Care,Biotechnology,Health Care,2026-09
CIK0000036270,MTB,36270,M&T Bank,6022,State Commercial Banks,Financials,range 6000-6199: Banks & credit institutions,True,Financials,Regional Banks,Financials,2026-09
CIK0001000736,CMX,1000736,CAREMARK RX INC,5912,Retail-Drug Stores and Proprietary Stores,Consumer Staples,range 5912-5912: Drug stores,False,,,,
CIK0001015780,ETFC,1015780,E*Trade,6035,"Savings Institution, Federally Chartered",Financials,range 6000-6199: Banks & credit institutions,False,,,Financials,2020-09
CIK0000002135,ACS,2135,Affiliated Computer Services,7374,Services-Computer Processing & Data Preparation,Information Technology,"range 7370-7379: Computer programming, software, data processing",False,,,Information Technology,2010-01
CIK0001035002,VLO,1035002,Valero Energy,2911,Petroleum Refining,Energy,range 2900-2999: Petroleum refining,True,Energy,Oil & Gas Refining & Marketing,Energy,2026-09
CIK0001274057,HSP,1274057,Hospira Inc.,2834,Pharmaceutical Preparations,Health Care,range 2830-2839: Drugs / pharmaceuticals / biologicals,False,,,Health Care,2015-08
CIK0000811830,SNUS-PH,811830,Sovereign Bancorp,6021,National Commercial Banks,Financials,range 6000-6199: Banks & credit institutions,False,,,Financials,2008-12
CIK0000882095,GILD,882095,Gilead Sciences,2836,"Biological Products, (No Diagnostic Substances)",Health Care,range 2830-2839: Drugs / pharmaceuticals / biologicals,True,Health Care,Biotechnology,Health Care,2026-09
CIK0000880430,FSH,880430,FISHER SCIENTIFIC INTERNATIONAL INC,5040,Wholesale-Professional & Commercial Equipment & Supplies,Industrials,range 5000-5099: Wholesale - durable goods (trading companies & distributors),False,,,,
CIK0001116132,TPR,1116132,"Tapestry, Inc.",3100,Leather & Leather Products,Consumer Discretionary,range 3100-3199: Leather & footwear,True,Consumer Discretionary,"Apparel, Accessories & Luxury Goods",Consumer Discretionary,2026-09
CIK0001171825,CIT,1171825,CIT Group,6021,National Commercial Banks,Financials,range 6000-6199: Banks & credit institutions,False,,,Financials,2009-06
CIK0000920148,LH,920148,Labcorp,8071,Services-Medical Laboratories,Health Care,range 8000-8099: Health services,True,Health Care,Health Care Services,Health Care,2026-09
CIK0001039101,LLL,1039101,L-3 Communications Holdings,3663,Radio & Tv Broadcasting & Communications Equipment,Information Technology,range 3660-3669: Communications equipment,False,,,Industrials,2019-06
CIK0001272547,FSL,1272547,FREESCALE SEMICONDUCTOR INC,3674,Semiconductors & Related Devices,Information Technology,range 3670-3679: Electronic components & semiconductors,False,,,,
CIK0000018568,CBSS,18568,Compass Bancshares,6021,National Commercial Banks,Financials,range 6000-6199: Banks & credit institutions,False,,,,
CIK0001156826,ASN,1156826,Archstone-Smith Trust,6798,Real Estate Investment Trusts,Real Estate,range 6798-6798: Real estate investment trusts,False,,,,
CIK0001308161,FOXA,1308161,Twenty-First Century Fox Class A,4841,Cable & Other Pay Television Services,Communication Services,"range 4800-4899: Communications (telecom, broadcasting, cable)",False,,,Communication Services,2026-09
CIK0000868809,XTO,868809,XTO Energy Inc.,1311,Crude Petroleum & Natural Gas,Energy,range 1300-1399: Oil & gas extraction and services,False,,,Energy,2010-05
CIK0001021860,NOV,1021860,Nov,3533,Oil & Gas Field Machinery & Equipment,Industrials,range 3500-3569: Industrial machinery,False,,,Energy,2021-08
CIK0001310067,SHLD,1310067,Sears Holdings Corporation,5311,Retail-Department Stores,Consumer Discretionary,range 5300-5399: General merchandise stores,False,,,Consumer Discretionary,2012-08
CIK0000016918,STZ,16918,Constellation Brands,2080,Beverages,Consumer Staples,range 2000-2099: Food & kindred products,True,Consumer Staples,Distillers & Vintners,Consumer Staples,2026-09
CIK0000882184,DHI,882184,D. R. Horton,1531,Operative Builders,Consumer Discretionary,range 1500-1599: Building construction (homebuilders = GICS Consumer Discretionary),True,Consumer Discretionary,Homebuilding,Consumer Discretionary,2026-09
CIK0001170565,WFT,1170565,Weatherford International Ltd.,1381,Drilling Oil & Gas Wells,Energy,range 1300-1399: Oil & gas extraction and services,False,,,Energy,2009-01
CIK0001305014,ASH,1305014,Ashland Inc.,5160,Wholesale-Chemicals & Allied Products,Consumer Staples,range 5100-5199: Wholesale - nondurable goods (groceries etc.),False,,,Materials,2008-10
CIK0000100493,TSN,100493,Tyson Foods,2015,Poultry Slaughtering and Processing,Consumer Staples,range 2000-2099: Food & kindred products,True,Consumer Staples,Packaged Foods & Meats,Consumer Staples,2026-09
CIK0000899689,VNO,899689,Vornado Realty Trust,6798,Real Estate Investment Trusts,Real Estate,range 6798-6798: Real estate investment trusts,False,,,Real Estate,2022-12
CIK0000717423,MUR,717423,Murphy Oil,1311,Crude Petroleum & Natural Gas,Energy,range 1300-1399: Oil & gas extraction and services,False,,,Energy,2017-06
CIK0001393311,PSA,1393311,Public Storage,6798,Real Estate Investment Trusts,Real Estate,range 6798-6798: Real estate investment trusts,True,Real Estate,Self-Storage REITs,Real Estate,2026-09
CIK0001054833,CVH,1054833,Coventry Health Care Inc.,6324,Hospital & Medical Service Plans,Health Care,tuned override: 5/5 current members with SIC 6324 are GICS Health Care (a-priori: Financials),False,,,Health Care,2013-04
CIK0000820027,AMP,820027,Ameriprise Financial,6282,Investment Advice,Financials,"range 6200-6299: Securities brokers, exchanges, asset managers",True,Financials,Asset Management & Custody Banks,Financials,2026-09
CIK0000920760,LEN,920760,Lennar,1520,General Bldg Contractors - Residential Bldgs,Consumer Discretionary,range 1500-1599: Building construction (homebuilders = GICS Consumer Discretionary),True,Consumer Discretionary,Homebuilding,Consumer Discretionary,2026-09
CIK0000891024,PDCO,891024,Patterson Companies,5047,"Wholesale-Medical, Dental & Hospital Equipment & Supplies",Health Care,"range 5047-5047: Wholesale - medical, dental & hospital equipment",False,,,Health Care,2018-02
CIK0001018724,AMZN,1018724,Amazon,5961,Retail-Catalog & Mail-Order Houses,Consumer Discretionary,range 5900-5999: Misc retail,True,Consumer Discretionary,Broadline Retail,Consumer Discretionary,2026-09
CIK0001276520,GNW,1276520,Genworth Financial Inc.,6311,Life Insurance,Financials,range 6300-6499: Insurance,False,,,Financials,2015-10
CIK0000832428,SSP,832428,Scripps (E. W.) 'A',4833,Television Broadcasting Stations,Communication Services,"range 4800-4899: Communications (telecom, broadcasting, cable)",False,,,Consumer Discretionary,2008-06
CIK0000865436,WFM,865436,Whole Foods Market,5411,Retail-Grocery Stores,Consumer Staples,range 5400-5499: Food stores,False,,,Consumer Staples,2017-07
CIK0001339947,VIAB,1339947,Viacom Inc.,4841,Cable & Other Pay Television Services,Communication Services,"range 4800-4899: Communications (telecom, broadcasting, cable)",False,,,Communication Services,2019-11
CIK0001001250,EL,1001250,Estée Lauder Companies (The),2844,"Perfumes, Cosmetics & Other Toilet Preparations",Consumer Staples,"range 2840-2849: Soaps, detergents, cosmetics (household & personal products)",True,Consumer Staples,Personal Care Products,Consumer Staples,2026-09
CIK0000800459,HAR,800459,Harman Int'l Industries,3651,Household Audio & Video Equipment,Consumer Discretionary,range 3650-3659: Household audio & video,False,,,Consumer Discretionary,2017-02
CIK0001014473,VRSN,1014473,Verisign,7371,Services-Computer Programming Services,Information Technology,"range 7370-7379: Computer programming, software, data processing",True,Information Technology,Internet Services & Infrastructure,Information Technology,2026-09
CIK0000010081,BRL,10081,Barr Pharmaceuticals Inc.,2834,Pharmaceutical Preparations,Health Care,range 2830-2839: Drugs / pharmaceuticals / biologicals,False,,,Health Care,2008-11
CIK0000879101,KIM,879101,Kimco Realty,6798,Real Estate Investment Trusts,Real Estate,range 6798-6798: Real estate investment trusts,True,Real Estate,Retail REITs,Real Estate,2026-09
CIK0000931336,DF,931336,Dean Foods,2020,Dairy Products,Consumer Staples,range 2000-2099: Food & kindred products,False,,,Consumer Staples,2013-04
CIK0001037540,BXP,1037540,"BXP, Inc.",6798,Real Estate Investment Trusts,Real Estate,range 6798-6798: Real estate investment trusts,True,Real Estate,Office REITs,Real Estate,2026-09
CIK0001000180,SNDK,1000180,SanDisk Corporation,3572,Computer Storage Devices,Information Technology,range 3570-3579: Computer & office equipment,False,,,Information Technology,2016-04
CIK0000704051,LM,704051,Legg Mason,6282,Investment Advice,Financials,"range 6200-6299: Securities brokers, exchanges, asset managers",False,,,Financials,2016-11
CIK0001350031,EQ,1350031,Embarq Corporation,4813,Telephone Communications (No Radiotelephone),Communication Services,"range 4800-4899: Communications (telecom, broadcasting, cable)",False,,,Telecommunications Services,2009-06
CIK0001043604,JNPR,1043604,Juniper Networks,3576,Computer Communications Equipment,Information Technology,range 3570-3579: Computer & office equipment,False,,,Information Technology,2025-06
CIK0000715096,CBH,715096,Commerce Bancorp,6021,National Commercial Banks,Financials,range 6000-6199: Banks & credit institutions,False,,,Financials,2008-02
CIK0001070412,CNX,1070412,CONSOL Energy Inc.,1311,Crude Petroleum & Natural Gas,Energy,range 1300-1399: Oil & gas extraction and services,False,,,Energy,2016-02
CIK0001282266,WIN,1282266,Windstream Communications,4813,Telephone Communications (No Radiotelephone),Communication Services,"range 4800-4899: Communications (telecom, broadcasting, cable)",False,,,Telecommunications Services,2015-03
CIK0001355001,H,1355001,Realogy Corporation,6531,Real Estate Agents & Managers (For Others),Real Estate,"range 6500-6599: Real estate operators, developers, agents",False,,,,
CIK0001361658,TNL,1361658,Wyndham Worldwide,7011,Hotels & Motels,Consumer Discretionary,range 7000-7099: Hotels & lodging,False,,,Consumer Discretionary,2018-04
CIK0001156375,CME,1156375,CME Group,6200,"Security & Commodity Brokers, Dealers, Exchanges & Services",Financials,"range 6200-6299: Securities brokers, exchanges, asset managers",True,Financials,Financial Exchanges & Data,Financials,2026-09
CIK0000721083,SII,721083,Smith International,3533,Oil & Gas Field Machinery & Equipment,Industrials,range 3500-3569: Industrial machinery,False,,,Energy,2010-07
CIK0001365135,WU,1365135,Western Union,7389,"Services-Business Services, NEC",Industrials,range 7380-7399: Misc business services,False,,,Information Technology,2021-11
CIK0000816284,CELG,816284,Celgene Corp.,2834,Pharmaceutical Preparations,Health Care,range 2830-2839: Drugs / pharmaceuticals / biologicals,False,,,Health Care,2019-10
CIK0001136893,FIS,1136893,Fidelity National Information Services,7389,"Services-Business Services, NEC",Industrials,range 7380-7399: Misc business services,True,Financials,Transaction & Payment Processing Services,Financials,2026-09
CIK0001138118,CBRE,1138118,CBRE Group,6500,Real Estate,Real Estate,"range 6500-6599: Real estate operators, developers, agents",True,Real Estate,Real Estate Services,Real Estate,2026-09
CIK0001058290,CTSH,1058290,Cognizant,7371,Services-Computer Programming Services,Information Technology,"range 7370-7379: Computer programming, software, data processing",True,Information Technology,IT Consulting & Other Services,Information Technology,2026-09
CIK0001064728,BTU,1064728,Peabody Energy,1221,Bituminous Coal & Lignite Surface Mining,Energy,range 1200-1299: Coal mining,False,,,Energy,2014-08
CIK0000751652,STR,751652,Questar Corp.,4923,Natural Gas Transmisison & Distribution,Energy,range 4922-4923: Natural gas transmission (midstream = GICS Energy),False,,,Utilities,2010-06
CIK0001465112,DTV,1465112,DirecTV,4899,"Communications Services, NEC",Communication Services,"range 4800-4899: Communications (telecom, broadcasting, cable)",False,,,Consumer Discretionary,2015-06
CIK0000097216,TEX,97216,Terex Corp.,3537,"Industrial Trucks, Tractors, Trailors & Stackers",Industrials,range 3500-3569: Industrial machinery,False,,,Industrials,2008-10
CIK0001373835,SE,1373835,Spectra Energy Corp.,4923,Natural Gas Transmisison & Distribution,Energy,range 4922-4923: Natural gas transmission (midstream = GICS Energy),False,,,Energy,2017-01
CIK0000915912,AVB,915912,AvalonBay Communities,6798,Real Estate Investment Trusts,Real Estate,range 6798-6798: Real estate investment trusts,False,,,Real Estate,2026-07
CIK0001037038,RL,1037038,Ralph Lauren Corporation,2320,"Men's & Boys' Furnishgs, Work Clothg, & Allied Garments",Consumer Discretionary,range 2200-2399: Textiles & apparel,True,Consumer Discretionary,"Apparel, Accessories & Luxury Goods",Consumer Discretionary,2026-09
CIK0000203527,VAR,203527,Varian Medical Systems,3845,Electromedical & Electrotherapeutic Apparatus,Health Care,"range 3840-3859: Medical, surgical, dental & ophthalmic instruments",False,,,Health Care,2021-03
CIK0000921847,HCBK,921847,Hudson City Bancorp,6036,"Savings Institutions, Not Federally Chartered",Financials,range 6000-6199: Banks & credit institutions,False,,,Financials,2015-10
CIK0000916863,TEG,916863,Integrys Energy Group Inc.,4931,Electric & Other Services Combined,Utilities,"range 4900-4949: Electric, gas, water utilities",False,,,Utilities,2015-05
CIK0001043277,CHRW,1043277,C.H. Robinson,4731,Arrangement of  Transportation of  Freight & Cargo,Industrials,range 4700-4799: Transportation services,True,Industrials,Air Freight & Logistics,Industrials,2026-09
CIK0001070750,HST,1070750,Host Hotels & Resorts,6798,Real Estate Investment Trusts,Real Estate,range 6798-6798: Real estate investment trusts,True,Real Estate,Hotel & Resort REITs,Real Estate,2026-09
CIK0000894315,SITC,894315,Developers Diversified Rlty,6798,Real Estate Investment Trusts,Real Estate,range 6798-6798: Real estate investment trusts,False,,,Financials,2009-02
CIK0001018840,ANF,1018840,Abercrombie & Fitch Company A,5651,Retail-Family Clothing Stores,Consumer Discretionary,range 5600-5699: Apparel & accessory stores,False,,,Consumer Discretionary,2013-11
CIK0001103982,MDLZ,1103982,Mondelez International,2000,Food and Kindred Products,Consumer Staples,range 2000-2099: Food & kindred products,True,Consumer Staples,Packaged Foods & Meats,Consumer Staples,2026-09
CIK0001267238,AIZ,1267238,Assurant,6399,"Insurance Carriers, NEC",Financials,range 6300-6499: Insurance,True,Financials,Multi-line Insurance,Financials,2026-09
CIK0001379895,DYN,1379895,Dynegy Inc.,4911,Electric Services,Utilities,"range 4900-4949: Electric, gas, water utilities",False,,,Utilities,2009-11
CIK0000945436,WFR,945436,MEMC Electronic Materials,3674,Semiconductors & Related Devices,Information Technology,range 3670-3679: Electronic components & semiconductors,False,,,Information Technology,2011-11
CIK0000079958,PCP,79958,Precision Castparts,3320,Iron & Steel Foundries,Materials,range 3300-3399: Primary metals,False,,,Industrials,2015-12
CIK0000895648,GGP,895648,Genl Growth Properties,6798,Real Estate Investment Trusts,Real Estate,range 6798-6798: Real estate investment trusts,False,,,Financials,2008-10
CIK0001393612,DFS,1393612,Discover Financial,6141,Personal Credit Institutions,Financials,range 6000-6199: Banks & credit institutions,False,,,Financials,2025-04
CIK0000817473,ACAS,817473,American Capital Strategies Ltd,,,,missing SIC,False,,,Financials,2009-02
CIK0001086222,AKAM,1086222,Akamai Technologies,7389,"Services-Business Services, NEC",Industrials,range 7380-7399: Misc business services,True,Information Technology,Internet Services & Infrastructure,Information Technology,2026-09
CIK0000096223,JEF,96223,Jefferies Financial Group,6211,"Security Brokers, Dealers & Flotation Companies",Financials,"range 6200-6299: Securities brokers, exchanges, asset managers",False,,,Financials,2019-08
CIK0000827054,MCHP,827054,Microchip Technology,3674,Semiconductors & Related Devices,Information Technology,range 3670-3679: Electronic components & semiconductors,True,Information Technology,Semiconductors,Information Technology,2026-09
CIK0001571949,ICE,1571949,Intercontinental Exchange,6200,"Security & Commodity Brokers, Dealers, Exchanges & Services",Financials,"range 6200-6299: Securities brokers, exchanges, asset managers",True,Financials,Financial Exchanges & Data,Financials,2026-09
CIK0000050104,ANDV,50104,Andeavor,2911,Petroleum Refining,Energy,range 2900-2999: Petroleum refining,False,,,Energy,2018-09
CIK0000816761,TDC,816761,Teradata Corp.,7372,Services-Prepackaged Software,Information Technology,"range 7370-7379: Computer programming, software, data processing",False,,,Information Technology,2017-05
CIK0001324424,EXPE,1324424,Expedia Group,4700,Transportation Services,Consumer Discretionary,tuned override: 2/2 current members with SIC 4700 are GICS Consumer Discretionary (a-priori: Industrials),True,Consumer Discretionary,"Hotels, Resorts & Cruise Lines",Consumer Discretionary,2026-09
CIK0000072207,NBL,72207,Noble Energy,1311,Crude Petroleum & Natural Gas,Energy,range 1300-1399: Oil & gas extraction and services,False,,,Energy,2020-09
CIK0000746515,EXPD,746515,Expeditors International,4731,Arrangement of  Transportation of  Freight & Cargo,Industrials,range 4700-4799: Transportation services,True,Industrials,Air Freight & Logistics,Industrials,2026-09
CIK0001368007,NYX,1368007,NYSE Euronext,6200,"Security & Commodity Brokers, Dealers, Exchanges & Services",Financials,"range 6200-6299: Securities brokers, exchanges, asset managers",False,,,Financials,2013-10
CIK0000052988,J,52988,Jacobs Solutions,1600,Heavy Construction Other Than Bldg Const - Contractors,Industrials,range 1600-1799: Heavy & specialty construction contractors,True,Industrials,Construction & Engineering,Industrials,2026-09
CIK0001011657,TIE,1011657,Titanium Metals Corp,3341,Secondary Smelting & Refining of  Nonferrous Metals,Materials,range 3300-3399: Primary metals,False,,,Materials,2012-11
CIK0001135971,POM,1135971,Pepco Holdings Inc.,4931,Electric & Other Services Combined,Utilities,"range 4900-4949: Electric, gas, water utilities",False,,,Utilities,2016-02
CIK0001399315,MI,1399315,Marshall & Ilsley Corp.,6022,State Commercial Banks,Financials,range 6000-6199: Banks & credit institutions,False,,,Financials,2011-06
CIK0000061986,MTW,61986,Manitowoc Co.,3531,Construction Machinery & Equip,Industrials,range 3500-3569: Industrial machinery,False,,,Industrials,2009-08
CIK0001053507,AMT,1053507,American Tower,6798,Real Estate Investment Trusts,Real Estate,range 6798-6798: Real estate investment trusts,True,Real Estate,Telecom Tower REITs,Real Estate,2026-09
CIK0001326380,GME,1326380,GameStop Corp.,5734,Retail-Computer & Computer Software Stores,Consumer Discretionary,range 5700-5799: Home furniture & electronics stores,False,,,Consumer Discretionary,2016-03
CIK0000315852,RRC,315852,Range Resources Corp.,1311,Crude Petroleum & Natural Gas,Energy,range 1300-1399: Oil & gas extraction and services,False,,,Energy,2018-05
CIK0000104889,GHC,104889,Graham Holdings Company,8200,Services-Educational Services,Consumer Discretionary,range 8200-8299: Educational services,False,,,Consumer Discretionary,2014-08
CIK0000721683,TSS,721683,Total System Services,7389,"Services-Business Services, NEC",Industrials,range 7380-7399: Misc business services,False,,,Information Technology,2019-08
CIK0000941548,CAM,941548,Cameron International Corp.,3533,Oil & Gas Field Machinery & Equipment,Industrials,range 3500-3569: Industrial machinery,False,,,Energy,2016-03
CIK0000765880,DOC,765880,Healthpeak Properties,6798,Real Estate Investment Trusts,Real Estate,range 6798-6798: Real estate investment trusts,True,Real Estate,Health Care REITs,Real Estate,2026-09
CIK0001413329,PM,1413329,Philip Morris International,2111,Cigarettes,Consumer Staples,range 2100-2199: Tobacco,True,Consumer Staples,Tobacco,Consumer Staples,2026-09
CIK0001035267,ISRG,1035267,Intuitive Surgical,3842,"Orthopedic, Prosthetic & Surgical Appliances & Supplies",Health Care,"range 3840-3859: Medical, surgical, dental & ophthalmic instruments",True,Health Care,Health Care Equipment,Health Care,2026-09
CIK0000007332,SWN,7332,Southwestern Energy,1311,Crude Petroleum & Natural Gas,Energy,range 1300-1399: Oil & gas extraction and services,False,,,Energy,2017-03
CIK0001424847,LO,1424847,Lorillard Inc.,2111,Cigarettes,Consumer Staples,range 2100-2199: Tobacco,False,,,Consumer Staples,2015-05
CIK0000037748,MEE,37748,Massey Energy Company,1221,Bituminous Coal & Lignite Surface Mining,Energy,range 1200-1299: Coal mining,False,,,Energy,2011-05
CIK0000858470,CTRA,858470,Coterra,1311,Crude Petroleum & Natural Gas,Energy,range 1300-1399: Oil & gas extraction and services,False,,,Energy,2026-04
CIK0000918160,AKS,918160,AK Steel Hldg Corp,3312,"Steel Works, Blast Furnaces & Rolling Mills (Coke Ovens)",Materials,range 3300-3399: Primary metals,False,,,Materials,2011-11
CIK0001430602,SNI,1430602,Scripps Networks Interactive Inc.,4841,Cable & Other Pay Television Services,Communication Services,"range 4800-4899: Communications (telecom, broadcasting, cable)",False,,,Consumer Discretionary,2018-02
CIK0001141391,MA,1141391,Mastercard,7389,"Services-Business Services, NEC",Industrials,range 7380-7399: Misc business services,True,Financials,Transaction & Payment Processing Services,Financials,2026-09
CIK0000927066,DVA,927066,DaVita,8090,"Services-Misc Health & Allied Services, NEC",Health Care,range 8000-8099: Health services,True,Health Care,Health Care Services,Health Care,2026-09
CIK0000914208,IVZ,914208,Invesco,6282,Investment Advice,Financials,"range 6200-6299: Securities brokers, exchanges, asset managers",True,Financials,Asset Management & Custody Banks,Financials,2026-09
CIK0001324404,CF,1324404,CF Industries,2870,Agricultural Chemicals,Materials,"range 2850-2899: Paints, agricultural & other chemicals",True,Materials,Fertilizers & Agricultural Chemicals,Materials,2026-09
CIK0000815556,FAST,815556,Fastenal,5200,"Retail-Building Materials, Hardware, Garden Supply",Consumer Discretionary,range 5200-5299: Building materials & garden retail,True,Industrials,Trading Companies & Distributors,Industrials,2026-09
CIK0001108524,CRM,1108524,Salesforce,7372,Services-Prepackaged Software,Information Technology,"range 7370-7379: Computer programming, software, data processing",True,Information Technology,Application Software,Information Technology,2026-09
CIK0000202058,LHX,202058,L3Harris,3812,"Search, Detection, Navigation, Guidance, Aeronautical Sys",Industrials,"range 3812-3812: Search, detection, navigation (defense electronics)",True,Industrials,Aerospace & Defense,Industrials,2026-09
CIK0001038357,PXD,1038357,Pioneer Natural Resources,1311,Crude Petroleum & Natural Gas,Energy,range 1300-1399: Oil & gas extraction and services,False,,,Energy,2024-04
CIK0000820313,APH,820313,Amphenol,3678,Electronic Connectors,Information Technology,range 3670-3679: Electronic components & semiconductors,True,Information Technology,Electronic Components,Information Technology,2026-09
CIK0000030625,FLS,30625,Flowserve Corporation,3561,Pumps & Pumping Equipment,Industrials,range 3500-3569: Industrial machinery,False,,,Industrials,2021-02
CIK0001120193,NDAQ,1120193,"Nasdaq, Inc.",6200,"Security & Commodity Brokers, Dealers, Exchanges & Services",Financials,"range 6200-6299: Securities brokers, exchanges, asset managers",True,Financials,Financial Exchanges & Data,Financials,2026-09
CIK0000783325,WEC,783325,WEC Energy Group,4931,Electric & Other Services Combined,Utilities,"range 4900-4949: Electric, gas, water utilities",True,Utilities,Electric Utilities,Utilities,2026-09
CIK0000091419,SJM,91419,J.M. Smucker Company (The),2033,"Canned, Fruits, Veg, Preserves, Jams & Jellies",Consumer Staples,range 2000-2099: Food & kindred products,True,Consumer Staples,Packaged Foods & Meats,Consumer Staples,2026-09
CIK0001378946,PBCT,1378946,People's United Financial,6035,"Savings Institution, Federally Chartered",Financials,range 6000-6199: Banks & credit institutions,False,,,Financials,2022-03
CIK0000818479,XRAY,818479,Dentsply Sirona,3843,Dental Equipment & Supplies,Health Care,"range 3840-3859: Medical, surgical, dental & ophthalmic instruments",False,,,Health Care,2024-03
CIK0001174922,WYNN,1174922,Wynn Resorts,7011,Hotels & Motels,Consumer Discretionary,range 7000-7099: Hotels & lodging,True,Consumer Discretionary,Casinos & Gaming,Consumer Discretionary,2026-09
CIK0000873364,CEPH,873364,Cephalon Inc,2834,Pharmaceutical Preparations,Health Care,range 2830-2839: Drugs / pharmaceuticals / biologicals,False,,,Health Care,2011-09
CIK0000861878,SRCL,861878,Stericycle Inc,4955,Hazardous Waste Management,Industrials,range 4950-4959: Sanitary services (waste management),False,,,Industrials,2018-11
CIK0001073431,LIFE,1073431,Life Technologies,2836,"Biological Products, (No Diagnostic Substances)",Health Care,range 2830-2839: Drugs / pharmaceuticals / biologicals,False,,,Health Care,2013-12
CIK0001115222,DNB,1115222,Dun & Bradstreet,7320,"Services-Consumer Credit Reporting, Collection Agencies",Financials,tuned override: 2/3 current members with SIC 7320 are GICS Financials (a-priori: Industrials),False,,,Industrials,2017-03
CIK0001060391,RSG,1060391,Republic Services,4953,Refuse Systems,Industrials,range 4950-4959: Sanitary services (waste management),True,Industrials,Environmental & Facilities Services,Industrials,2026-09
CIK0000890801,MFE,890801,McAfee,7372,Services-Prepackaged Software,Information Technology,"range 7370-7379: Computer programming, software, data processing",False,,,Information Technology,2011-02
CIK0000354908,FLIR,354908,FLIR Systems,3812,"Search, Detection, Navigation, Guidance, Aeronautical Sys",Industrials,"range 3812-3812: Search, detection, navigation (defense electronics)",False,,,Information Technology,2021-04
CIK0000754737,SCG,754737,SCANA Corp,4931,Electric & Other Services Combined,Utilities,"range 4900-4949: Electric, gas, water utilities",False,,,Utilities,2018-12
CIK0000812074,OI,812074,Owens-Illinois Inc,3221,Glass Containers,Materials,"range 3200-3299: Stone, clay, glass, concrete",False,,,Materials,2016-11
CIK0001020569,IRM,1020569,Iron Mountain,6798,Real Estate Investment Trusts,Real Estate,range 6798-6798: Real estate investment trusts,True,Real Estate,Other Specialized REITs,Real Estate,2026-09
CIK0000766704,WELL,766704,Welltower,6798,Real Estate Investment Trusts,Real Estate,range 6798-6798: Real estate investment trusts,True,Real Estate,Health Care REITs,Real Estate,2026-09
CIK0000949039,DO,949039,Diamond Offshore Drilling,1381,Drilling Oil & Gas Wells,Energy,range 1300-1399: Oil & gas extraction and services,False,,,Energy,2016-08
CIK0000048465,HRL,48465,Hormel Foods,2011,Meat Packing Plants,Consumer Staples,range 2000-2099: Food & kindred products,True,Consumer Staples,Packaged Foods & Meats,Consumer Staples,2026-09
CIK0000740260,VTR,740260,Ventas,6798,Real Estate Investment Trusts,Real Estate,range 6798-6798: Real estate investment trusts,True,Real Estate,Health Care REITs,Real Estate,2026-09
CIK0000072741,ES,72741,Eversource Energy,4911,Electric Services,Utilities,"range 4900-4949: Electric, gas, water utilities",True,Utilities,Electric Utilities,Utilities,2026-09
CIK0000898173,ORLY,898173,O'Reilly Automotive,5531,Retail-Auto & Home Supply Stores,Consumer Discretionary,range 5500-5599: Auto dealers & gas stations,True,Consumer Discretionary,Automotive Retail,Consumer Discretionary,2026-09
CIK0001377013,TWC,1377013,Time Warner Cable Inc.,4841,Cable & Other Pay Television Services,Communication Services,"range 4800-4899: Communications (telecom, broadcasting, cable)",False,,,Consumer Discretionary,2016-04
CIK0000945764,DNR,945764,Denbury Resources Inc.,1311,Crude Petroleum & Natural Gas,Energy,range 1300-1399: Oil & gas extraction and services,False,,,Energy,2015-02
CIK0001135152,FTI,1135152,FMC Technologies Inc.,3533,Oil & Gas Field Machinery & Equipment,Industrials,range 3500-3569: Industrial machinery,False,,,Energy,2016-12
CIK0000730464,CVSA,730464,"DeVry, Inc.",8200,Services-Educational Services,Consumer Discretionary,range 8200-8299: Educational services,False,,,Consumer Discretionary,2012-09
CIK0000106040,WDC,106040,Western Digital,3572,Computer Storage Devices,Information Technology,range 3570-3579: Computer & office equipment,True,Information Technology,"Technology Hardware, Storage & Peripherals",Information Technology,2026-09
CIK0001050915,PWR,1050915,Quanta Services,1731,Electrical Work,Industrials,range 1600-1799: Heavy & specialty construction contractors,True,Industrials,Construction & Engineering,Industrials,2026-09
CIK0001087423,RHT,1087423,Red Hat Inc.,7370,"Services-Computer Programming, Data Processing, Etc.",Communication Services,tuned override: 4/5 current members with SIC 7370 are GICS Communication Services (a-priori: Information Technology),False,,,Information Technology,2019-06
CIK0000037785,FMC,37785,FMC Corporation,2800,Chemicals & Allied Products,Materials,range 2800-2829: Chemicals & plastics materials,False,,,Materials,2025-02
CIK0001457543,CFN,1457543,Carefusion,3841,Surgical & Medical Instruments & Apparatus,Health Care,"range 3840-3859: Medical, surgical, dental & ophthalmic instruments",False,,,Health Care,2015-02
CIK0000804212,ARG,804212,Airgas Inc,5084,Wholesale-Industrial Machinery & Equipment,Industrials,range 5000-5099: Wholesale - durable goods (trading companies & distributors),False,,,Materials,2016-04
CIK0001075531,BKNG,1075531,Booking Holdings,4700,Transportation Services,Consumer Discretionary,tuned override: 2/2 current members with SIC 4700 are GICS Consumer Discretionary (a-priori: Industrials),True,Consumer Discretionary,"Hotels, Resorts & Cruise Lines",Consumer Discretionary,2026-09
CIK0000745732,ROST,745732,Ross Stores,5651,Retail-Family Clothing Stores,Consumer Discretionary,range 5600-5699: Apparel & accessory stores,True,Consumer Discretionary,Apparel Retail,Consumer Discretionary,2026-09
CIK0000764065,CLF,764065,Cliffs Natural Resources,1000,Metal Mining,Materials,range 1000-1099: Metal mining,False,,,Materials,2014-03
CIK0001403161,V,1403161,Visa Inc.,7389,"Services-Business Services, NEC",Industrials,range 7380-7399: Misc business services,True,Financials,Transaction & Payment Processing Services,Financials,2026-09
CIK0001452575,MJN,1452575,Mead Johnson,2000,Food and Kindred Products,Consumer Staples,range 2000-2099: Food & kindred products,False,,,Consumer Staples,2017-05
CIK0000882835,ROP,882835,Roper Technologies,3823,"Industrial Instruments For Measurement, Display, and Control",Information Technology,"range 3800-3839: Measuring, analysing & controlling instruments",True,Information Technology,Electronic Equipment & Instruments,Information Technology,2026-09
CIK0001013871,NRG,1013871,NRG Energy,4911,Electric Services,Utilities,"range 4900-4949: Electric, gas, water utilities",True,Utilities,Independent Power Producers & Energy Traders,Utilities,2026-09
CIK0000912615,URBN,912615,Urban Outfitters,5651,Retail-Family Clothing Stores,Consumer Discretionary,range 5600-5699: Apparel & accessory stores,False,,,Consumer Discretionary,2017-02
CIK0001067983,BRK-B,1067983,Berkshire Hathaway,6331,"Fire, Marine & Casualty Insurance",Financials,range 6300-6499: Insurance,True,Financials,Multi-Sector Holdings,Financials,2026-09
CIK0000046765,HP,46765,Helmerich & Payne,1381,Drilling Oil & Gas Wells,Energy,range 1300-1399: Oil & gas extraction and services,False,,,Energy,2020-04
CIK0001437107,WBD,1437107,Warner Bros. Discovery,4841,Cable & Other Pay Television Services,Communication Services,"range 4800-4899: Communications (telecom, broadcasting, cable)",True,Communication Services,Broadcasting,Communication Services,2026-09
CIK0001039684,OKE,1039684,Oneok,4923,Natural Gas Transmisison & Distribution,Energy,range 4922-4923: Natural gas transmission (midstream = GICS Energy),True,Energy,Oil & Gas Storage & Transportation,Energy,2026-09
CIK0000804753,CERN,804753,Cerner,7373,Services-Computer Integrated Systems Design,Information Technology,"range 7370-7379: Computer programming, software, data processing",False,,,Health Care,2022-05
CIK0001170010,KMX,1170010,CarMax,5500,Retail-Auto Dealers & Gasoline Stations,Consumer Discretionary,range 5500-5599: Auto dealers & gas stations,False,,,Consumer Discretionary,2025-09
CIK0001108827,QEP,1108827,QEP Resources,1311,Crude Petroleum & Natural Gas,Energy,range 1300-1399: Oil & gas extraction and services,False,,,Energy,2015-06
CIK0000896159,CB,896159,Chubb Limited,6331,"Fire, Marine & Casualty Insurance",Financials,range 6300-6499: Insurance,True,Financials,Property & Casualty Insurance,Financials,2026-09
CIK0000833444,JCI,833444,Johnson Controls,3585,Air-Cond & Warm Air Heatg Equip & Comm & Indl Refrig Equip,Industrials,range 3580-3599: Refrigeration/service/misc machinery,True,Industrials,Building Products,Industrials,2026-09
CIK0001466258,TT,1466258,Trane Technologies,3822,Auto Controls For Regulating Residential & Comml Environments,Information Technology,"range 3800-3839: Measuring, analysing & controlling instruments",True,Industrials,Building Products,Industrials,2026-09
CIK0000912750,NFX,912750,Newfield Exploration Co,1311,Crude Petroleum & Natural Gas,Energy,range 1300-1399: Oil & gas extraction and services,False,,,Energy,2019-01
CIK0001048695,FFIV,1048695,"F5, Inc.",3576,Computer Communications Equipment,Information Technology,range 3570-3579: Computer & office equipment,True,Information Technology,Communications Equipment,Information Technology,2026-09
CIK0001053112,CVC,1053112,Cablevision Systems Corp.,4841,Cable & Other Pay Television Services,Communication Services,"range 4800-4899: Communications (telecom, broadcasting, cable)",False,,,Consumer Discretionary,2016-05
CIK0001065280,NFLX,1065280,Netflix,7841,Services-Video Tape Rental,Communication Services,range 7800-7899: Motion pictures & video,True,Communication Services,Movies & Entertainment,Communication Services,2026-09
CIK0001495569,MMI,1495569,Motorola Mobility Holdings Inc.,3663,Radio & Tv Broadcasting & Communications Equipment,Information Technology,range 3660-3669: Communications equipment,False,,,Information Technology,2012-04
CIK0001458891,NE,1458891,Noble Corp,1381,Drilling Oil & Gas Wells,Energy,range 1300-1399: Oil & gas extraction and services,False,,,Energy,2015-06
CIK0000801898,JOY,801898,Joy Global Inc.,3532,Mining Machinery & Equip (No Oil & Gas Field Mach & Equip),Industrials,range 3500-3569: Industrial machinery,False,,,Industrials,2015-09
CIK0001385187,COV,1385187,Covidien plc,3841,Surgical & Medical Instruments & Apparatus,Health Care,"range 3840-3859: Medical, surgical, dental & ophthalmic instruments",False,,,Health Care,2014-12
CIK0001099800,EW,1099800,Edwards Lifesciences,3842,"Orthopedic, Prosthetic & Surgical Appliances & Supplies",Health Care,"range 3840-3859: Medical, surgical, dental & ophthalmic instruments",True,Health Care,Health Care Equipment,Health Care,2026-09
CIK0001058090,CMG,1058090,Chipotle Mexican Grill,5812,Retail-Eating  Places,Consumer Discretionary,range 5800-5899: Eating & drinking places,True,Consumer Discretionary,Restaurants,Consumer Discretionary,2026-09
CIK0001301063,ANR,1301063,Alpha Natural Resources,1221,Bituminous Coal & Lignite Surface Mining,Energy,range 1200-1299: Coal mining,False,,,Energy,2012-08
CIK0001045609,PLD,1045609,Prologis,6798,Real Estate Investment Trusts,Real Estate,range 6798-6798: Real estate investment trusts,True,Real Estate,Industrial REITs,Real Estate,2026-09
CIK0001510295,MPC,1510295,Marathon Petroleum,2911,Petroleum Refining,Energy,range 2900-2999: Petroleum refining,True,Energy,Oil & Gas Refining & Marketing,Energy,2026-09
CIK0001467373,ACN,1467373,Accenture,7389,"Services-Business Services, NEC",Industrials,range 7380-7399: Misc business services,True,Information Technology,IT Consulting & Other Services,Information Technology,2026-09
CIK0001285785,MOS,1285785,Mosaic Company (The),2870,Agricultural Chemicals,Materials,"range 2850-2899: Paints, agricultural & other chemicals",True,Materials,Fertilizers & Agricultural Chemicals,Materials,2026-09
CIK0001385157,TEL,1385157,TE Connectivity,5065,"Wholesale-Electronic Parts & Equipment, NEC",Information Technology,range 5065-5065: Wholesale - electronic parts,True,Information Technology,Electronic Manufacturing Services,Information Technology,2026-09
CIK0001524472,XYL,1524472,Xylem Inc.,3561,Pumps & Pumping Equipment,Industrials,range 3500-3569: Industrial machinery,True,Industrials,Industrial Machinery & Supplies & Components,Industrials,2026-09
CIK0001141982,CBE,1141982,Cooper Industries,3670,Electronic Components & Accessories,Information Technology,range 3670-3679: Electronic components & semiconductors,False,,,Industrials,2012-11
CIK0001004155,GAS,1004155,AGL Resources Inc.,4924,Natural Gas Distribution,Utilities,"range 4900-4949: Electric, gas, water utilities",False,,,Utilities,2016-06
CIK0000908255,BWA,908255,BorgWarner,3714,Motor Vehicle Parts & Accessories,Consumer Discretionary,range 3714-3714: Motor vehicle parts,False,,,Consumer Discretionary,2025-02
CIK0000935703,DLTR,935703,Dollar Tree,5331,Retail-Variety Stores,Consumer Staples,tuned override: 5/5 current members with SIC 5331 are GICS Consumer Staples (a-priori: Consumer Discretionary),True,Consumer Staples,Consumer Staples Merchandise Retail,Consumer Staples,2026-09
CIK0001585364,PRGO,1585364,Perrigo,2834,Pharmaceutical Preparations,Health Care,range 2830-2839: Drugs / pharmaceuticals / biologicals,False,,,Health Care,2021-08
CIK0001526520,TRIP,1526520,TripAdvisor,7370,"Services-Computer Programming, Data Processing, Etc.",Communication Services,tuned override: 4/5 current members with SIC 7370 are GICS Communication Services (a-priori: Information Technology),False,,,Communication Services,2019-11
CIK0001518832,WPX,1518832,"WPX Energy, Inc.",1311,Crude Petroleum & Natural Gas,Energy,range 1300-1399: Oil & gas extraction and services,False,,,Energy,2014-02
CIK0001051470,CCI,1051470,Crown Castle,6798,Real Estate Investment Trusts,Real Estate,range 6798-6798: Real estate investment trusts,True,Real Estate,Telecom Tower REITs,Real Estate,2026-09
CIK0000883569,FOSL,883569,"Fossil, Inc.",3873,"Watches, Clocks, Clockwork Operated Devices/Parts",Consumer Discretionary,range 3870-3879: Watches & clocks,False,,,Consumer Discretionary,2015-12
CIK0001534701,PSX,1534701,Phillips 66,2911,Petroleum Refining,Energy,range 2900-2999: Petroleum refining,True,Energy,Oil & Gas Refining & Marketing,Energy,2026-09
CIK0000899866,ALXN,899866,Alexion Pharmaceuticals,2834,Pharmaceutical Preparations,Health Care,range 2830-2839: Drugs / pharmaceuticals / biologicals,False,,,Health Care,2021-06
CIK0001506307,KMI,1506307,Kinder Morgan,4922,Natural Gas Transmission,Energy,range 4922-4923: Natural gas transmission (midstream = GICS Energy),True,Energy,Oil & Gas Storage & Transportation,Energy,2026-09
CIK0000707549,LRCX,707549,Lam Research,3559,"Special Industry Machinery, NEC",Industrials,range 3500-3569: Industrial machinery,True,Information Technology,Semiconductor Materials & Equipment,Information Technology,2026-09
CIK0000865752,MNST,865752,Monster Beverage,2086,Bottled & Canned Soft Drinks & Carbonated Waters,Consumer Staples,range 2000-2099: Food & kindred products,True,Consumer Staples,Soft Drinks & Non-alcoholic Beverages,Consumer Staples,2026-09
CIK0001137789,STX,1137789,Seagate Technology,3572,Computer Storage Devices,Information Technology,range 3570-3579: Computer & office equipment,True,Information Technology,"Technology Hardware, Storage & Peripherals",Information Technology,2026-09
CIK0000314808,VAL,314808,Ensco plc,1381,Drilling Oil & Gas Wells,Energy,range 1300-1399: Oil & gas extraction and services,False,,,Energy,2016-02
CIK0001489393,LYB,1489393,LyondellBasell,2860,Industrial Organic Chemicals,Materials,"range 2850-2899: Paints, agricultural & other chemicals",True,Materials,Specialty Chemicals,Materials,2026-09
CIK0000077360,PNR,77360,Pentair,3550,Special Industry Machinery (No Metalworking Machinery),Industrials,range 3500-3569: Industrial machinery,True,Industrials,Industrial Machinery & Supplies & Components,Industrials,2026-09
CIK0001545158,KRFT,1545158,Kraft Foods Group,2000,Food and Kindred Products,Consumer Staples,range 2000-2099: Food & kindred products,False,,,Consumer Staples,2015-06
CIK0001546640,ADT,1546640,ADT Corp,7381,"Services-Detective, Guard & Armored Car Services",Industrials,range 7380-7399: Misc business services,False,,,Industrials,2016-04
CIK0000863157,PETM,863157,"PetSmart, Inc.",5990,"Retail-Retail Stores, NEC",Consumer Discretionary,range 5900-5999: Misc retail,False,,,Consumer Discretionary,2015-02
CIK0000029534,DG,29534,Dollar General,5331,Retail-Variety Stores,Consumer Staples,tuned override: 5/5 current members with SIC 5331 are GICS Consumer Staples (a-priori: Consumer Discretionary),True,Consumer Staples,Consumer Staples Merchandise Retail,Consumer Staples,2026-09
CIK0001121788,GRMN,1121788,Garmin,3812,"Search, Detection, Navigation, Guidance, Aeronautical Sys",Industrials,"range 3812-3812: Search, detection, navigation (defense electronics)",True,Consumer Discretionary,Consumer Electronics,Consumer Discretionary,2026-09
CIK0001521332,APTV,1521332,Aptiv,3714,Motor Vehicle Parts & Accessories,Consumer Discretionary,range 3714-3714: Motor vehicle parts,True,Consumer Discretionary,Automotive Parts & Equipment,Consumer Discretionary,2026-09
CIK0001551152,ABBV,1551152,AbbVie,2834,Pharmaceutical Preparations,Health Care,range 2830-2839: Drugs / pharmaceuticals / biologicals,True,Health Care,Biotechnology,Health Care,2026-09
CIK0000078239,PVH,78239,PVH,2320,"Men's & Boys' Furnishgs, Work Clothg, & Allied Garments",Consumer Discretionary,range 2200-2399: Textiles & apparel,False,,,Consumer Discretionary,2022-08
CIK0000872589,REGN,872589,Regeneron Pharmaceuticals,2834,Pharmaceutical Preparations,Health Care,range 2830-2839: Drugs / pharmaceuticals / biologicals,True,Health Care,Biotechnology,Health Care,2026-09
CIK0000912242,MAC,912242,Macerich,6798,Real Estate Investment Trusts,Real Estate,range 6798-6798: Real estate investment trusts,False,,,Real Estate,2019-11
CIK0000054480,KSU,54480,Kansas City Southern,4011,"Railroads, Line-Haul Operating",Industrials,range 4000-4099: Railroads,False,,,Industrials,2021-11
CIK0001467858,GM,1467858,General Motors,3711,Motor Vehicles & Passenger Car Bodies,Consumer Discretionary,range 3700-3712: Motor vehicles,True,Consumer Discretionary,Automobile Manufacturers,Consumer Discretionary,2026-09
CIK0001555280,ZTS,1555280,Zoetis,2834,Pharmaceutical Preparations,Health Care,range 2830-2839: Drugs / pharmaceuticals / biologicals,True,Health Care,Pharmaceuticals,Health Care,2026-09
CIK0001564708,NWSA,1564708,News Corp (Class A),2711,Newspapers: Publishing or  Publishing & Printing,Communication Services,"range 2700-2749: Publishing (newspapers, periodicals, books)",True,Communication Services,Publishing,Communication Services,2026-09
CIK0001492633,NLSN,1492633,Nielsen Holdings,7389,"Services-Business Services, NEC",Industrials,range 7380-7399: Misc business services,False,,,Industrials,2022-09
CIK0000027904,DAL,27904,Delta Air Lines,4512,"Air Transportation, Scheduled",Industrials,range 4500-4599: Air transportation,True,Industrials,Passenger Airlines,Industrials,2026-09
CIK0000875320,VRTX,875320,Vertex Pharmaceuticals,2834,Pharmaceutical Preparations,Health Care,range 2830-2839: Drugs / pharmaceuticals / biologicals,True,Health Care,Biotechnology,Health Care,2026-09
CIK0001037868,AME,1037868,Ametek,3823,"Industrial Instruments For Measurement, Display, and Control",Information Technology,"range 3800-3839: Measuring, analysing & controlling instruments",True,Industrials,Electrical Components & Equipment,Industrials,2026-09
CIK0001451505,RIG,1451505,Transocean,1381,Drilling Oil & Gas Wells,Energy,range 1300-1399: Oil & gas extraction and services,False,,,Energy,2017-06
CIK0001578845,AGN,1578845,"Allergan, plc",2834,Pharmaceutical Preparations,Health Care,range 2830-2839: Drugs / pharmaceuticals / biologicals,False,,,Health Care,2020-04
CIK0001530721,CPRI,1530721,Capri Holdings,3100,Leather & Leather Products,Consumer Discretionary,range 3100-3199: Leather & footwear,False,,,Consumer Discretionary,2020-04
CIK0001579241,ALLE,1579241,Allegion,7381,"Services-Detective, Guard & Armored Car Services",Industrials,range 7380-7399: Misc business services,True,Industrials,Building Products,Industrials,2026-09
CIK0001496048,GGP,1496048,General Growth Properties Inc.,6798,Real Estate Investment Trusts,Real Estate,range 6798-6798: Real estate investment trusts,False,,,Real Estate,2018-07
CIK0000851968,MHK,851968,Mohawk Industries,2273,Carpets & Rugs,Consumer Discretionary,range 2200-2399: Textiles & apparel,False,,,Consumer Discretionary,2025-11
CIK0001101215,BFH,1101215,Alliance Data Systems,6141,Personal Credit Institutions,Financials,range 6000-6199: Banks & credit institutions,False,,,Information Technology,2020-05
CIK0001326801,META,1326801,Meta Platforms,7370,"Services-Computer Programming, Data Processing, Etc.",Communication Services,tuned override: 4/5 current members with SIC 7370 are GICS Communication Services (a-priori: Information Technology),True,Communication Services,Interactive Media & Services,Communication Services,2026-09
CIK0000916365,TSCO,916365,Tractor Supply,5200,"Retail-Building Materials, Hardware, Garden Supply",Consumer Discretionary,range 5200-5299: Building materials & garden retail,True,Consumer Discretionary,Other Specialty Retail,Consumer Discretionary,2026-09
CIK0000909954,GMCR,909954,Keurig Green Mountain,2090,Miscellaneous Food Preparations & Kindred Products,Consumer Staples,range 2000-2099: Food & kindred products,False,,,Consumer Staples,2016-02
CIK0000920522,ESS,920522,Essex Property Trust,6798,Real Estate Investment Trusts,Real Estate,range 6798-6798: Real estate investment trusts,True,Real Estate,Multi-Family Residential REITs,Real Estate,2026-09
CIK0001336917,UAA,1336917,Under Armour (Class A),2300,Apparel & Other Finishd Prods of  Fabrics & Similar Matl,Consumer Discretionary,range 2200-2399: Textiles & apparel,False,,,Consumer Discretionary,2022-05
CIK0001593538,NAVI,1593538,Navient,6211,"Security Brokers, Dealers & Flotation Companies",Financials,"range 6200-6299: Securities brokers, exchanges, asset managers",False,,,Financials,2018-05
CIK0001730168,AVGO,1730168,Broadcom,3674,Semiconductors & Related Devices,Information Technology,range 3670-3679: Electronic components & semiconductors,True,Information Technology,Semiconductors,Information Technology,2026-09
CIK0001168054,XEC,1168054,Cimarex Energy,1311,Crude Petroleum & Natural Gas,Energy,range 1300-1399: Oil & gas extraction and services,False,,,Energy,2020-02
CIK0001004434,AMG,1004434,Affiliated Managers Group Inc,6282,Investment Advice,Financials,"range 6200-6299: Securities brokers, exchanges, asset managers",False,,,Financials,2019-11
CIK0000916076,MLM,916076,Martin Marietta Materials,1400,Mining & Quarrying of  Nonmetallic Minerals (No Fuels),Materials,range 1400-1499: Nonmetallic minerals mining,True,Materials,Construction Materials,Materials,2026-09
CIK0001437107.DISCK,DISCK,1437107,Discovery (Series C),4841,Cable & Other Pay Television Services,Communication Services,"range 4800-4899: Communications (telecom, broadcasting, cable)",False,,,Communication Services,2022-03
CIK0001567892,MNK,1567892,Mallinckrodt Plc,2834,Pharmaceutical Preparations,Health Care,range 2830-2839: Drugs / pharmaceuticals / biologicals,False,,,Health Care,2017-06
CIK0000352915,UHS,352915,Universal Health Services,8062,"Services-General Medical & Surgical Hospitals, NEC",Health Care,range 8000-8099: Health services,True,Health Care,Health Care Facilities,Health Care,2026-09
CIK0001067701,URI,1067701,United Rentals,7359,"Services-Equipment Rental & Leasing, NEC",Industrials,"range 7320-7369: Business services (credit reporting, building services, rental, staffing)",True,Industrials,Trading Companies & Distributors,Industrials,2026-09
CIK0000794323,LVLT,794323,Level 3 Communications,4813,Telephone Communications (No Radiotelephone),Communication Services,"range 4800-4899: Communications (telecom, broadcasting, cable)",False,,,Telecommunication Services,2017-09
CIK0000884887,RCL,884887,Royal Caribbean Group,4400,Water Transportation,Consumer Discretionary,tuned override: 3/3 current members with SIC 4400 are GICS Consumer Discretionary (a-priori: Industrials),True,Consumer Discretionary,"Hotels, Resorts & Cruise Lines",Consumer Discretionary,2026-09
CIK0000860730,HCA,860730,HCA Healthcare,8062,"Services-General Medical & Surgical Hospitals, NEC",Health Care,range 8000-8099: Health services,True,Health Care,Health Care Facilities,Health Care,2026-09
CIK0001593034,ENDP,1593034,Endo International,2834,Pharmaceutical Preparations,Health Care,range 2830-2839: Drugs / pharmaceuticals / biologicals,False,,,Health Care,2017-02
CIK0001613103,MDT,1613103,Medtronic,3845,Electromedical & Electrotherapeutic Apparatus,Health Care,"range 3840-3859: Medical, surgical, dental & ophthalmic instruments",True,Health Care,Health Care Equipment,Health Care,2026-09
CIK0000004127,SWKS,4127,Skyworks Solutions,3674,Semiconductors & Related Devices,Information Technology,range 3670-3679: Electronic components & semiconductors,True,Information Technology,Semiconductors,Information Technology,2026-09
CIK0001000228,HSIC,1000228,Henry Schein,5047,"Wholesale-Medical, Dental & Hospital Equipment & Supplies",Health Care,"range 5047-5047: Wholesale - medical, dental & hospital equipment",True,Health Care,Health Care Distributors,Health Care,2026-09
CIK0000006201,AAL,6201,American Airlines Group,4512,"Air Transportation, Scheduled",Industrials,range 4500-4599: Air transportation,False,,,Industrials,2024-08
CIK0001040971,SLG,1040971,SL Green Realty,6798,Real Estate Investment Trusts,Real Estate,range 6798-6798: Real estate investment trusts,False,,,Real Estate,2021-02
CIK0001101239,EQIX,1101239,Equinix,6798,Real Estate Investment Trusts,Real Estate,range 6798-6798: Real estate investment trusts,True,Real Estate,Data Center REITs,Real Estate,2026-09
CIK0001359841,HBI,1359841,Hanesbrands,5600,Retail-Apparel & Accessory Stores,Consumer Discretionary,range 5600-5699: Apparel & accessory stores,False,,,Consumer Discretionary,2021-11
CIK0000726728,O,726728,Realty Income,6798,Real Estate Investment Trusts,Real Estate,range 6798-6798: Real estate investment trusts,True,Real Estate,Retail REITs,Real Estate,2026-09
CIK0001623613,MYL,1623613,Mylan N.V.,2834,Pharmaceutical Preparations,Health Care,range 2830-2839: Drugs / pharmaceuticals / biologicals,False,,,Health Care,2020-10
CIK0001604778,QRVO,1604778,Qorvo,3674,Semiconductors & Related Devices,Information Technology,range 3670-3679: Electronic components & semiconductors,False,,,Information Technology,2024-11
CIK0000728535,JBHT,728535,J.B. Hunt,4213,Trucking (No Local),Industrials,"range 4100-4299: Transit, trucking, warehousing",True,Industrials,Cargo Ground Transportation,Industrials,2026-09
CIK0001620546,BXLT,1620546,Baxalta,2834,Pharmaceutical Preparations,Health Care,range 2830-2839: Drugs / pharmaceuticals / biologicals,False,,,Health Care,2016-05
CIK0001629995,CPGX,1629995,Columbia Pipeline Group Inc,4922,Natural Gas Transmission,Energy,range 4922-4923: Natural gas transmission (midstream = GICS Energy),False,,,Energy,2016-06
CIK0001637459,KHC,1637459,Kraft Heinz,2030,"Canned, Frozen & Preservd Fruit, Veg & Food Specialties",Consumer Staples,range 2000-2099: Food & kindred products,True,Consumer Staples,Packaged Foods & Meats,Consumer Staples,2026-09
CIK0001158449,AAP,1158449,Advance Auto Parts,5531,Retail-Auto & Home Supply Stores,Consumer Discretionary,range 5500-5599: Auto dealers & gas stations,False,,,Consumer Discretionary,2023-07
CIK0001633917,PYPL,1633917,PayPal,7389,"Services-Business Services, NEC",Industrials,range 7380-7399: Misc business services,True,Financials,Transaction & Payment Processing Services,Financials,2026-09
CIK0000832988,SIG,832988,Signet Jewelers,5944,Retail-Jewelry Stores,Consumer Discretionary,range 5900-5999: Misc retail,False,,,Consumer Discretionary,2018-02
CIK0000718877,ATVI,718877,Activision Blizzard,7372,Services-Prepackaged Software,Information Technology,"range 7370-7379: Computer programming, software, data processing",False,,,Communication Services,2023-09
CIK0000100517,UAL,100517,United Airlines Holdings,4512,"Air Transportation, Scheduled",Industrials,range 4500-4599: Air transportation,True,Industrials,Passenger Airlines,Industrials,2026-09
CIK0001166691.CMCSK,CCZ,1166691,Comcast Special Corp Class A,4841,Cable & Other Pay Television Services,Communication Services,"range 4800-4899: Communications (telecom, broadcasting, cable)",False,,,Consumer Discretionary,2015-11
CIK0001308161.FOX,FOX,1308161,Twenty-First Century Fox Class B,4841,Cable & Other Pay Television Services,Communication Services,"range 4800-4899: Communications (telecom, broadcasting, cable)",False,,,Communication Services,2026-09
CIK0001564708.NWS,NWS,1564708,News Corp (Class B),2711,Newspapers: Publishing or  Publishing & Printing,Communication Services,"range 2700-2749: Publishing (newspapers, periodicals, books)",True,Communication Services,Publishing,Communication Services,2026-09
CIK0001442145,VRSK,1442145,Verisk Analytics,7374,Services-Computer Processing & Data Preparation,Information Technology,"range 7370-7379: Computer programming, software, data processing",True,Industrials,Research & Consulting Services,Industrials,2026-09
CIK0001652044,GOOGL,1652044,Alphabet Inc. (Class A),7370,"Services-Computer Programming, Data Processing, Etc.",Communication Services,tuned override: 4/5 current members with SIC 7370 are GICS Communication Services (a-priori: Information Technology),True,Communication Services,Interactive Media & Services,Communication Services,2026-09
CIK0001652044.GOOG,GOOG,1652044,Alphabet Inc. (Class C),7370,"Services-Computer Programming, Data Processing, Etc.",Communication Services,tuned override: 4/5 current members with SIC 7370 are GICS Communication Services (a-priori: Information Technology),True,Communication Services,Interactive Media & Services,Communication Services,2026-09
CIK0001645590,HPE,1645590,Hewlett Packard Enterprise,3570,Computer & office Equipment,Information Technology,range 3570-3579: Computer & office equipment,True,Information Technology,"Technology Hardware, Storage & Peripherals",Information Technology,2026-09
CIK0001650132,FCPT,1650132,"Four Corners Property Trust, Inc.",6798,Real Estate Investment Trusts,Real Estate,range 6798-6798: Real estate investment trusts,False,,,,
CIK0001601712,SYF,1601712,Synchrony Financial,6199,Finance Services,Financials,range 6000-6199: Banks & credit institutions,True,Financials,Consumer Finance,Financials,2026-09
CIK0001646383,CSRA,1646383,CSRA Inc.,7373,Services-Computer Integrated Systems Design,Information Technology,"range 7370-7379: Computer programming, software, data processing",False,,,Information Technology,2018-03
CIK0000313927,CHD,313927,Church & Dwight,2840,"Soap, Detergents, Cleang Preparations, Perfumes, Cosmetics",Consumer Staples,"range 2840-2849: Soaps, detergents, cosmetics (household & personal products)",True,Consumer Staples,Household Products,Consumer Staples,2026-09
CIK0001140536,WTW,1140536,Willis Towers Watson,6411,"Insurance Agents, Brokers & Service",Financials,range 6300-6499: Insurance,True,Financials,Insurance Brokers,Financials,2026-09
CIK0001289490,EXR,1289490,Extra Space Storage,6798,Real Estate Investment Trusts,Real Estate,range 6798-6798: Real estate investment trusts,True,Real Estate,Self-Storage REITs,Real Estate,2026-09
CIK0000034903,FRT,34903,Federal Realty Investment Trust,6798,Real Estate Investment Trusts,Real Estate,range 6798-6798: Real estate investment trusts,True,Real Estate,Retail REITs,Real Estate,2026-09
CIK0000759944,CFG,759944,Citizens Financial Group,6022,State Commercial Banks,Financials,range 6000-6199: Banks & credit institutions,True,Financials,Regional Banks,Financials,2026-09
CIK0001358071,CXO,1358071,Concho Resources,1311,Crude Petroleum & Natural Gas,Energy,range 1300-1399: Oil & gas extraction and services,False,,,Energy,2020-12
CIK0001410636,AWK,1410636,American Water Works,4941,Water Supply,Utilities,"range 4900-4949: Electric, gas, water utilities",True,Utilities,Water Utilities,Utilities,2026-09
CIK0000074208,UDR,74208,"UDR, Inc.",6798,Real Estate Investment Trusts,Real Estate,range 6798-6798: Real estate investment trusts,True,Real Estate,Multi-Family Residential REITs,Real Estate,2026-09
CIK0000859737,HOLX,859737,Hologic,3844,X-Ray Apparatus & Tubes & Related Irradiation Apparatus,Health Care,"range 3840-3859: Medical, surgical, dental & ophthalmic instruments",False,,,Health Care,2026-03
CIK0001071739,CNC,1071739,Centene Corporation,6324,Hospital & Medical Service Plans,Health Care,tuned override: 5/5 current members with SIC 6324 are GICS Health Care (a-priori: Financials),True,Health Care,Managed Health Care,Health Care,2026-09
CIK0000850209,FL,850209,Foot Locker Inc,5661,Retail-Shoe Stores,Consumer Discretionary,range 5600-5699: Apparel & accessory stores,False,,,Consumer Discretionary,2019-07
CIK0001336917.UA,UA,1336917,Under Armour (Class C),2300,Apparel & Other Finishd Prods of  Fabrics & Similar Matl,Consumer Discretionary,range 2200-2399: Textiles & apparel,False,,,Consumer Discretionary,2022-05
CIK0001403568,ULTA,1403568,Ulta Beauty,5990,"Retail-Retail Stores, NEC",Consumer Discretionary,range 5900-5999: Misc retail,True,Consumer Discretionary,Other Specialty Retail,Consumer Discretionary,2026-09
CIK0001123360,GPN,1123360,Global Payments,7389,"Services-Business Services, NEC",Industrials,range 7380-7399: Misc business services,True,Financials,Transaction & Payment Processing Services,Financials,2026-09
CIK0001144215,AYI,1144215,Acuity Brands Inc,3640,Electric Lighting & Wiring Equipment,Industrials,range 3640-3649: Lighting & wiring equipment,False,,,Industrials,2018-05
CIK0000766421,ALK,766421,Alaska Air Group,4512,"Air Transportation, Scheduled",Industrials,range 4500-4599: Air transportation,False,,,Industrials,2023-11
CIK0001297996,DLR,1297996,Digital Realty,6798,Real Estate Investment Trusts,Real Estate,range 6798-6798: Real estate investment trusts,True,Real Estate,Data Center REITs,Real Estate,2026-09
CIK0001065696,LKQ,1065696,LKQ Corporation,5010,Wholesale-Motor Vehicles & Motor Vehicle Parts & Supplies,Industrials,range 5000-5099: Wholesale - durable goods (trading companies & distributors),False,,,Consumer Discretionary,2025-11
CIK0000354190,AJG,354190,Arthur J. Gallagher & Co.,6411,"Insurance Agents, Brokers & Service",Financials,range 6300-6499: Insurance,True,Financials,Insurance Brokers,Financials,2026-09
CIK0001260221,TDG,1260221,TransDigm Group,3728,"Aircraft Parts & Auxiliary Equipment, NEC",Industrials,range 3720-3729: Aircraft & parts,True,Industrials,Aerospace & Defense,Industrials,2026-09
CIK0001519751,FBIN,1519751,Fortune Brands Home & Security,2430,"Millwood, Veneer, Plywood, & Structural Wood Members",Materials,range 2400-2499: Lumber & wood products,False,,,Industrials,2022-11
CIK0000352541,LNT,352541,Alliant Energy,4931,Electric & Other Services Combined,Utilities,"range 4900-4949: Electric, gas, water utilities",True,Utilities,Electric Utilities,Utilities,2026-09
CIK0000915913,ALB,915913,Albemarle Corporation,2821,"Plastic Materials, Synth Resins & Nonvulcan Elastomers",Materials,range 2800-2829: Chemicals & plastics materials,True,Materials,Specialty Chemicals,Materials,2026-09
CIK0001659166,FTV,1659166,Fortive,3823,"Industrial Instruments For Measurement, Display, and Control",Information Technology,"range 3800-3839: Measuring, analysing & controlling instruments",True,Industrials,Industrial Machinery & Supplies & Components,Industrials,2026-09
CIK0001037646,MTD,1037646,Mettler Toledo,3826,Laboratory Analytical Instruments,Health Care,tuned override: 5/5 current members with SIC 3826 are GICS Health Care (a-priori: Information Technology),True,Health Care,Life Sciences Tools & Services,Health Care,2026-09
CIK0001091667,CHTR,1091667,Charter Communications,4841,Cable & Other Pay Television Services,Communication Services,"range 4800-4899: Communications (telecom, broadcasting, cable)",True,Communication Services,Cable & Satellite,Communication Services,2026-09
CIK0000711404,COO,711404,Cooper Companies (The),3851,Ophthalmic Goods,Health Care,"range 3840-3859: Medical, surgical, dental & ophthalmic instruments",True,Health Care,Health Care Supplies,Health Care,2026-09
CIK0001024305,COTY,1024305,"Coty, Inc",2844,"Perfumes, Cosmetics & Other Toilet Preparations",Consumer Staples,"range 2840-2849: Soaps, detergents, cosmetics (household & personal products)",False,,,Consumer Staples,2020-08
CIK0000912595,MAA,912595,Mid-America Apartment Communities,6798,Real Estate Investment Trusts,Real Estate,range 6798-6798: Real estate investment trusts,True,Real Estate,Multi-Family Residential REITs,Real Estate,2026-09
CIK0001678531,EVHC,1678531,Envision Healthcare,8011,Services-Offices & Clinics of  Doctors of  Medicine,Health Care,range 8000-8099: Health services,False,,,Health Care,2018-09
CIK0000874716,IDXX,874716,Idexx Laboratories,2835,In Vitro & In Vivo Diagnostic Substances,Health Care,range 2830-2839: Drugs / pharmaceuticals / biologicals,True,Health Care,Health Care Equipment,Health Care,2026-09
CIK0001681459,FTI,1681459,TechnipFMC,3533,Oil & Gas Field Machinery & Equipment,Industrials,range 3500-3569: Industrial machinery,False,,,Energy,2021-01
CIK0000879169,INCY,879169,Incyte,8731,Services-Commercial Physical & Biological Research,Health Care,range 8731-8731: Commercial physical & biological research (CROs),True,Health Care,Biotechnology,Health Care,2026-09
CIK0001374310,CBOE,1374310,Cboe Global Markets,6200,"Security & Commodity Brokers, Dealers, Exchanges & Services",Financials,"range 6200-6299: Securities brokers, exchanges, asset managers",True,Financials,Financial Exchanges & Data,Financials,2026-09
CIK0000910606,REG,910606,Regency Centers,6798,Real Estate Investment Trusts,Real Estate,range 6798-6798: Real estate investment trusts,True,Real Estate,Retail REITs,Real Estate,2026-09
CIK0001001082,DISH,1001082,Dish Network,4841,Cable & Other Pay Television Services,Communication Services,"range 4800-4899: Communications (telecom, broadcasting, cable)",False,,,Communication Services,2023-05
CIK0000883241,SNPS,883241,Synopsys,7372,Services-Prepackaged Software,Information Technology,"range 7370-7379: Computer programming, software, data processing",True,Information Technology,Application Software,Information Technology,2026-09
CIK0000002488,AMD,2488,Advanced Micro Devices,3674,Semiconductors & Related Devices,Information Technology,range 3670-3679: Electronic components & semiconductors,True,Information Technology,Semiconductors,Information Technology,2026-09
CIK0000720005,RJF,720005,Raymond James Financial,6211,"Security Brokers, Dealers & Flotation Companies",Financials,"range 6200-6299: Securities brokers, exchanges, asset managers",True,Financials,Investment Banking & Brokerage,Financials,2026-09
CIK0001035443,ARE,1035443,Alexandria Real Estate Equities,6798,Real Estate Investment Trusts,Real Estate,range 6798-6798: Real estate investment trusts,True,Real Estate,Office REITs,Real Estate,2026-09
CIK0001688568,DXC,1688568,DXC Technology,7374,Services-Computer Processing & Data Preparation,Information Technology,"range 7370-7379: Computer programming, software, data processing",False,,,Information Technology,2023-09
CIK0000749251,IT,749251,Gartner,8741,Services-Management Services,Industrials,"range 8700-8799: Engineering, accounting, research, management services",True,Information Technology,IT Consulting & Other Services,Information Technology,2026-09
CIK0001598014,INFO,1598014,IHS Markit,7370,"Services-Computer Programming, Data Processing, Etc.",Communication Services,tuned override: 4/5 current members with SIC 7370 are GICS Communication Services (a-priori: Information Technology),False,,,Industrials,2022-02
CIK0001013462,ANSS,1013462,Ansys,7372,Services-Prepackaged Software,Information Technology,"range 7370-7379: Computer programming, software, data processing",False,,,Information Technology,2025-06
CIK0001095073,EG,1095073,Everest Group,6331,"Fire, Marine & Casualty Insurance",Financials,range 6300-6499: Insurance,True,Financials,Reinsurance,Financials,2026-09
CIK0001097149,ALGN,1097149,Align Technology,3842,"Orthopedic, Prosthetic & Surgical Appliances & Supplies",Health Care,"range 3840-3859: Medical, surgical, dental & ophthalmic instruments",True,Health Care,Health Care Supplies,Health Care,2026-09
CIK0001585689,HLT,1585689,Hilton Worldwide,7011,Hotels & Motels,Consumer Discretionary,range 7000-7099: Hotels & lodging,True,Consumer Discretionary,"Hotels, Resorts & Cruise Lines",Consumer Discretionary,2026-09
CIK0000075677,PKG,75677,Packaging Corporation of America,2650,Paperboard Containers & Boxes,Materials,range 2600-2699: Paper & allied products,True,Materials,Paper & Plastic Packaging Products & Materials,Materials,2026-09
CIK0000091142,AOS,91142,A. O. Smith,3630,Household Appliances,Consumer Discretionary,range 3630-3639: Household appliances,True,Industrials,Building Products,Industrials,2026-09
CIK0000783280,DRE,783280,Duke Realty,6798,Real Estate Investment Trusts,Real Estate,range 6798-6798: Real estate investment trusts,False,,,Real Estate,2022-09
CIK0000789570,MGM,789570,MGM Resorts,7011,Hotels & Motels,Consumer Discretionary,range 7000-7099: Hotels & lodging,True,Consumer Discretionary,Casinos & Gaming,Consumer Discretionary,2026-09
CIK0000943819,RMD,943819,ResMed|,3841,Surgical & Medical Instruments & Apparatus,Health Care,"range 3840-3859: Medical, surgical, dental & ophthalmic instruments",True,Health Care,Health Care Equipment,Health Care,2026-09
CIK0001685040,BHF,1685040,Brighthouse Financial Inc,6311,Life Insurance,Financials,range 6300-6499: Insurance,False,,,Financials,2019-03
CIK0001478242,IQV,1478242,IQVIA,8731,Services-Commercial Physical & Biological Research,Health Care,range 8731-8731: Commercial physical & biological research (CROs),True,Health Care,Life Sciences Tools & Services,Health Care,2026-09
CIK0001034054,SBAC,1034054,SBA Communications,6798,Real Estate Investment Trusts,Real Estate,range 6798-6798: Real estate investment trusts,True,Real Estate,Telecom Tower REITs,Real Estate,2026-09
CIK0001666700,DD,1666700,DuPont,2821,"Plastic Materials, Synth Resins & Nonvulcan Elastomers",Materials,range 2800-2829: Chemicals & plastics materials,True,Industrials,Industrial Conglomerates,Industrials,2026-09
CIK0000813672,CDNS,813672,Cadence Design Systems,7372,Services-Prepackaged Software,Information Technology,"range 7370-7379: Computer programming, software, data processing",True,Information Technology,Application Software,Information Technology,2026-09
CIK0001513761,NCLH,1513761,Norwegian Cruise Line Holdings,4400,Water Transportation,Consumer Discretionary,tuned override: 3/3 current members with SIC 4400 are GICS Consumer Discretionary (a-priori: Industrials),True,Consumer Discretionary,"Hotels, Resorts & Cruise Lines",Consumer Discretionary,2026-09
CIK0001501585,HII,1501585,Huntington Ingalls Industries,3730,Ship & Boat Building & Repairing,Industrials,"range 3730-3749: Ships, railroad equipment",True,Industrials,Aerospace & Defense,Industrials,2026-09
CIK0001111928,IPGP,1111928,IPG Photonics,3674,Semiconductors & Related Devices,Information Technology,range 3670-3679: Electronic components & semiconductors,False,,,Information Technology,2022-05
CIK0000719739,SIVB,719739,SVB Financial,6022,State Commercial Banks,Financials,range 6000-6199: Banks & credit institutions,False,,,Financials,2023-02
CIK0000906709,NKTR,906709,Nektar Therapeutics,2834,Pharmaceutical Preparations,Health Care,range 2830-2839: Drugs / pharmaceuticals / biologicals,False,,,Health Care,2019-09
CIK0000946581,TTWO,946581,Take-Two Interactive,7372,Services-Prepackaged Software,Information Technology,"range 7370-7379: Computer programming, software, data processing",True,Communication Services,Interactive Home Entertainment,Communication Services,2026-09
CIK0001408198,MSCI,1408198,MSCI,7389,"Services-Business Services, NEC",Industrials,range 7380-7399: Misc business services,True,Financials,Financial Exchanges & Data,Financials,2026-09
CIK0000815094,ABMD,815094,Abiomed,3841,Surgical & Medical Instruments & Apparatus,Health Care,"range 3840-3859: Medical, surgical, dental & ophthalmic instruments",False,,,Health Care,2022-11
CIK0001711269,EVRG,1711269,Evergy,4931,Electric & Other Services Combined,Utilities,"range 4900-4949: Electric, gas, water utilities",True,Utilities,Electric Utilities,Utilities,2026-09
CIK0001418091,TWTR,1418091,Twitter Inc.,7370,"Services-Computer Programming, Data Processing, Etc.",Communication Services,tuned override: 4/5 current members with SIC 7370 are GICS Communication Services (a-priori: Information Technology),False,,,Communication Services,2022-09
CIK0000048039,HFC,48039,HollyFrontier Corp,2911,Petroleum Refining,Energy,range 2900-2999: Petroleum refining,False,,,Energy,2021-05
CIK0001383312,BR,1383312,Broadridge Financial Solutions,7389,"Services-Business Services, NEC",Industrials,range 7380-7399: Misc business services,True,Industrials,Data Processing & Outsourced Services,Industrials,2026-09
CIK0001175454,CPAY,1175454,Corpay,7389,"Services-Business Services, NEC",Industrials,range 7380-7399: Misc business services,True,Financials,Transaction & Payment Processing Services,Financials,2026-09
CIK0000900075,CPRT,900075,Copart,5500,Retail-Auto Dealers & Gasoline Stations,Consumer Discretionary,range 5500-5599: Auto dealers & gas stations,True,Industrials,Diversified Support Services,Industrials,2026-09
CIK0001596532,ANET,1596532,Arista Networks,3576,Computer Communications Equipment,Information Technology,range 3570-3579: Computer & office equipment,True,Information Technology,Communications Equipment,Information Technology,2026-09
CIK0001279363,WCG,1279363,WellCare,6324,Hospital & Medical Service Plans,Health Care,tuned override: 5/5 current members with SIC 6324 are GICS Health Care (a-priori: Financials),False,,,Health Care,2019-12
CIK0000084839,ROL,84839,"Rollins, Inc.",7340,Services-To Dwellings & Other Buildings,Industrials,"range 7320-7369: Business services (credit reporting, building services, rental, staffing)",True,Industrials,Environmental & Facilities Services,Industrials,2026-09
CIK0001262039,FTNT,1262039,Fortinet,3577,"Computer Peripheral Equipment, NEC",Information Technology,range 3570-3579: Computer & office equipment,True,Information Technology,Systems Software,Information Technology,2026-09
CIK0001707925,LIN,1707925,Linde plc,2810,Industrial Inorganic Chemicals,Materials,range 2800-2829: Chemicals & plastics materials,True,Materials,Industrial Gases,Materials,2026-09
CIK0001601046,KEYS,1601046,Keysight Technologies,3823,"Industrial Instruments For Measurement, Display, and Control",Information Technology,"range 3800-3839: Measuring, analysing & controlling instruments",True,Information Technology,Electronic Equipment & Instruments,Information Technology,2026-09
CIK0000779152,JKHY,779152,Jack Henry & Associates,7373,Services-Computer Integrated Systems Design,Information Technology,"range 7370-7379: Computer programming, software, data processing",True,Financials,Transaction & Payment Processing Services,Financials,2026-09
CIK0001732845,WRK,1732845,WestRock,2650,Paperboard Containers & Boxes,Materials,range 2600-2699: Paper & allied products,False,,,Materials,2024-06
CIK0000743316,MXIM,743316,Maxim Integrated,3674,Semiconductors & Related Devices,Information Technology,range 3670-3679: Electronic components & semiconductors,False,,,Information Technology,2021-07
CIK0001539838,FANG,1539838,Diamondback Energy,1311,Crude Petroleum & Natural Gas,Energy,range 1300-1399: Oil & gas extraction and services,True,Energy,Oil & Gas Exploration & Production,Energy,2026-09
CIK0001679273,LW,1679273,Lamb Weston,2030,"Canned, Frozen & Preservd Fruit, Veg & Food Specialties",Consumer Staples,range 2000-2099: Food & kindred products,False,,,Consumer Staples,2026-02
CIK0001306830,CE,1306830,Celanese,2820,"Plastic Material, Synth Resin/Rubber, Cellulos (No Glass)",Materials,range 2800-2829: Chemicals & plastics materials,False,,,Materials,2025-02
CIK0000834285,FRC,834285,First Republic Bank,6022,State Commercial Banks,Financials,range 6000-6199: Banks & credit institutions,False,,,Financials,2023-04
CIK0000096943,TFX,96943,Teleflex,3841,Surgical & Medical Instruments & Apparatus,Health Care,"range 3840-3859: Medical, surgical, dental & ophthalmic instruments",False,,,Health Care,2025-02
CIK0000731802,ATO,731802,Atmos Energy,4924,Natural Gas Distribution,Utilities,"range 4900-4949: Electric, gas, water utilities",True,Utilities,Gas Utilities,Utilities,2026-09
CIK0000943452,WAB,943452,Wabtec,3743,Railroad Equipment,Industrials,"range 3730-3749: Ships, railroad equipment",True,Industrials,Construction Machinery & Heavy Transportation Equipment,Industrials,2026-09
CIK0001739940,CI,1739940,Cigna,6324,Hospital & Medical Service Plans,Health Care,tuned override: 5/5 current members with SIC 6324 are GICS Health Care (a-priori: Financials),True,Health Care,Health Care Services,Health Care,2026-09
CIK0001754301,FOXA,1754301,Fox Corporation (Class A),4833,Television Broadcasting Stations,Communication Services,"range 4800-4899: Communications (telecom, broadcasting, cable)",True,Communication Services,Broadcasting,Communication Services,2026-09
CIK0001754301.FOX,FOX,1754301,Fox Corporation (Class B),4833,Television Broadcasting Stations,Communication Services,"range 4800-4899: Communications (telecom, broadcasting, cable)",True,Communication Services,Broadcasting,Communication Services,2026-09
CIK0001751788,DOW,1751788,Dow Inc.,2821,"Plastic Materials, Synth Resins & Nonvulcan Elastomers",Materials,range 2800-2829: Chemicals & plastics materials,True,Materials,Commodity Chemicals,Materials,2026-09
CIK0001744489,DIS,1744489,Walt Disney Company (The),7990,Services-Miscellaneous Amusement & Recreation,Consumer Discretionary,"range 7900-7999: Amusement & recreation (casinos, parks)",True,Communication Services,Movies & Entertainment,Communication Services,2026-09
CIK0001755672,CTVA,1755672,Corteva,100,Agricultural Production-Crops,Consumer Staples,"range 100-999: Agriculture, forestry, fishing",True,Materials,Fertilizers & Agricultural Chemicals,Materials,2026-09
CIK0001748790,AMCR,1748790,Amcor,3990,Miscellaneous Manufacturing Industries,Consumer Discretionary,"range 3900-3999: Misc manufacturing (jewelry, toys, sporting goods)",True,Materials,Paper & Plastic Packaging Products & Materials,Materials,2026-09
CIK0001278021,MKTX,1278021,MarketAxess,6211,"Security Brokers, Dealers & Flotation Companies",Financials,"range 6200-6299: Securities brokers, exchanges, asset managers",False,,,Financials,2025-08
CIK0001283699,TMUS,1283699,T-Mobile US,4812,Radiotelephone Communications,Communication Services,"range 4800-4899: Communications (telecom, broadcasting, cable)",True,Communication Services,Wireless Telecommunication Services,Communication Services,2026-09
CIK0000832101,IEX,832101,IDEX Corporation,3561,Pumps & Pumping Equipment,Industrials,range 3500-3569: Industrial machinery,True,Industrials,Industrial Machinery & Supplies & Components,Industrials,2026-09
CIK0001336920,LDOS,1336920,Leidos,7373,Services-Computer Integrated Systems Design,Information Technology,"range 7370-7379: Computer programming, software, data processing",True,Industrials,Diversified Support Services,Industrials,2026-09
CIK0001402057,CDW,1402057,CDW Corporation,5961,Retail-Catalog & Mail-Order Houses,Consumer Discretionary,range 5900-5999: Misc retail,True,Information Technology,Technology Distributors,Information Technology,2026-09
CIK0000906163,NVR,906163,"NVR, Inc.",1531,Operative Builders,Consumer Discretionary,range 1500-1599: Building construction (homebuilders = GICS Consumer Discretionary),True,Consumer Discretionary,Homebuilding,Consumer Discretionary,2026-09
CIK0001300514,LVS,1300514,Las Vegas Sands,7011,Hotels & Motels,Consumer Discretionary,range 7000-7099: Hotels & lodging,True,Consumer Discretionary,Casinos & Gaming,Consumer Discretionary,2026-09
CIK0001701605,BKR,1701605,Baker Hughes,3533,Oil & Gas Field Machinery & Equipment,Industrials,range 3500-3569: Industrial machinery,True,Energy,Oil & Gas Equipment & Services,Energy,2026-09
CIK0001373715,NOW,1373715,ServiceNow,7372,Services-Prepackaged Software,Information Technology,"range 7370-7379: Computer programming, software, data processing",True,Information Technology,Systems Software,Information Technology,2026-09
CIK0000011544,WRB,11544,W. R. Berkley Corporation,6331,"Fire, Marine & Casualty Insurance",Financials,range 6300-6499: Insurance,True,Financials,Property & Casualty Insurance,Financials,2026-09
CIK0000878927,ODFL,878927,Old Dominion,4213,Trucking (No Local),Industrials,"range 4100-4299: Transit, trucking, warehousing",True,Industrials,Cargo Ground Transportation,Industrials,2026-09
CIK0000877212,ZBRA,877212,Zebra Technologies,3560,General Industrial Machinery & Equipment,Industrials,range 3500-3569: Industrial machinery,True,Information Technology,Electronic Equipment & Instruments,Information Technology,2026-09
CIK0001335258,LYV,1335258,Live Nation Entertainment,7900,Services-Amusement & Recreation Services,Communication Services,tuned override: 2/2 current members with SIC 7900 are GICS Communication Services (a-priori: Consumer Discretionary),True,Communication Services,Movies & Entertainment,Communication Services,2026-09
CIK0001757898,STE,1757898,Steris,3842,"Orthopedic, Prosthetic & Surgical Appliances & Supplies",Health Care,"range 3840-3859: Medical, surgical, dental & ophthalmic instruments",True,Health Care,Health Care Equipment,Health Care,2026-09
CIK0001590955,PAYC,1590955,Paycom,7372,Services-Prepackaged Software,Information Technology,"range 7370-7379: Computer programming, software, data processing",False,,,Industrials,2026-02
CIK0001699150,IR,1699150,Ingersoll Rand,3560,General Industrial Machinery & Equipment,Industrials,range 3500-3569: Industrial machinery,True,Industrials,Industrial Machinery & Supplies & Components,Industrials,2026-09
CIK0001781335,OTIS,1781335,Otis Worldwide,3600,Electronic & Other Electrical Equipment (No Computer Equip),Industrials,range 3600-3629: Electrical equipment,True,Industrials,Industrial Machinery & Supplies & Components,Industrials,2026-09
CIK0001783180,CARR,1783180,Carrier Global,3585,Air-Cond & Warm Air Heatg Equip & Comm & Indl Refrig Equip,Industrials,range 3580-3599: Refrigeration/service/misc machinery,True,Industrials,Building Products,Industrials,2026-09
CIK0001093557,DXCM,1093557,Dexcom,3841,Surgical & Medical Instruments & Apparatus,Health Care,"range 3840-3859: Medical, surgical, dental & ophthalmic instruments",True,Health Care,Health Care Equipment,Health Care,2026-09
CIK0001286681,DPZ,1286681,Domino's,5140,Wholesale-Groceries & Related Products,Consumer Staples,range 5100-5199: Wholesale - nondurable goods (groceries etc.),True,Consumer Discretionary,Restaurants,Consumer Discretionary,2026-09
CIK0000105770,WST,105770,West Pharmaceutical Services,3841,Surgical & Medical Instruments & Apparatus,Health Care,"range 3840-3859: Medical, surgical, dental & ophthalmic instruments",True,Health Care,Health Care Supplies,Health Care,2026-09
CIK0000012208,BIO,12208,Bio-Rad Laboratories,3826,Laboratory Analytical Instruments,Health Care,tuned override: 5/5 current members with SIC 3826 are GICS Health Care (a-priori: Information Technology),False,,,Health Care,2024-08
CIK0000860731,TYL,860731,Tyler Technologies,7372,Services-Prepackaged Software,Information Technology,"range 7370-7379: Computer programming, software, data processing",True,Information Technology,Application Software,Information Technology,2026-09
CIK0001094285,TDY,1094285,Teledyne Technologies,3812,"Search, Detection, Navigation, Guidance, Aeronautical Sys",Industrials,"range 3812-3812: Search, detection, navigation (defense electronics)",True,Information Technology,Electronic Equipment & Instruments,Information Technology,2026-09
CIK0000097210,TER,97210,Teradyne,3825,Instruments For Meas & Testing of  Electricity & Elec Signals,Information Technology,"range 3800-3839: Measuring, analysing & controlling instruments",True,Information Technology,Semiconductor Materials & Equipment,Information Technology,2026-09
CIK0001370637,ETSY,1370637,Etsy,7389,"Services-Business Services, NEC",Industrials,range 7380-7399: Misc business services,False,,,Consumer Discretionary,2024-08
CIK0001596783,CTLT,1596783,Catalent,2834,Pharmaceutical Preparations,Health Care,range 2830-2839: Drugs / pharmaceuticals / biologicals,False,,,Health Care,2024-11
CIK0000945841,POOL,945841,Pool Corporation,5090,Wholesale-Misc Durable Goods,Industrials,range 5000-5099: Wholesale - durable goods (trading companies & distributors),False,,,Consumer Discretionary,2026-05
CIK0001786842,VNT,1786842,Vontier,3824,Totalizing Fluid Meters & Counting Devices,Information Technology,"range 3800-3839: Measuring, analysing & controlling instruments",False,,,Information Technology,2021-02
CIK0001792044,VTRS,1792044,Viatris,2834,Pharmaceutical Preparations,Health Care,range 2830-2839: Drugs / pharmaceuticals / biologicals,True,Health Care,Pharmaceuticals,Health Care,2026-09
CIK0001318605,TSLA,1318605,"Tesla, Inc.",3711,Motor Vehicles & Passenger Car Bodies,Consumer Discretionary,range 3700-3712: Motor vehicles,True,Consumer Discretionary,Automobile Manufacturers,Consumer Discretionary,2026-09
CIK0001463101,ENPH,1463101,Enphase Energy,3674,Semiconductors & Related Devices,Information Technology,range 3670-3679: Electronic components & semiconductors,False,,,Information Technology,2025-08
CIK0000864749,TRMB,864749,Trimble Inc.,3829,"Measuring & Controlling Devices, NEC",Information Technology,"range 3800-3839: Measuring, analysing & controlling instruments",True,Information Technology,Application Software,Information Technology,2026-09
CIK0001280452,MPWR,1280452,Monolithic Power Systems,3674,Semiconductors & Related Devices,Information Technology,range 3670-3679: Electronic components & semiconductors,True,Information Technology,Semiconductors,Information Technology,2026-09
CIK0000921738,PENN,921738,Penn Entertainment,7011,Hotels & Motels,Consumer Discretionary,range 7000-7099: Hotels & lodging,False,,,Consumer Discretionary,2022-08
CIK0001413447,NXPI,1413447,NXP Semiconductors,3674,Semiconductors & Related Devices,Information Technology,range 3670-3679: Electronic components & semiconductors,True,Information Technology,Semiconductors,Information Technology,2026-09
CIK0001474735,GNRC,1474735,Generac,3621,Motors & Generators,Industrials,range 3600-3629: Electrical equipment,True,Industrials,Heavy Electrical Equipment,Industrials,2026-09
CIK0001590895,CZR,1590895,Caesars Entertainment,7011,Hotels & Motels,Consumer Discretionary,range 7000-7099: Hotels & lodging,False,,,Consumer Discretionary,2025-08
CIK0000857005,PTC,857005,PTC Inc.,7372,Services-Prepackaged Software,Information Technology,"range 7370-7379: Computer programming, software, data processing",True,Information Technology,Application Software,Information Technology,2026-09
CIK0001841666,APA,1841666,APA Corporation,1311,Crude Petroleum & Natural Gas,Energy,range 1300-1399: Oil & gas extraction and services,True,Energy,Oil & Gas Exploration & Production,Energy,2026-09
CIK0001100682,CRL,1100682,Charles River Laboratories,8731,Services-Commercial Physical & Biological Research,Health Care,range 8731-8731: Commercial physical & biological research (CROs),True,Health Care,Life Sciences Tools & Services,Health Care,2026-09
CIK0001821825,OGN,1821825,Organon & Co.,2834,Pharmaceutical Preparations,Health Care,range 2830-2839: Drugs / pharmaceuticals / biologicals,False,,,Health Care,2023-09
CIK0001682852,MRNA,1682852,Moderna,2836,"Biological Products, (No Diagnostic Substances)",Health Care,range 2830-2839: Drugs / pharmaceuticals / biologicals,True,Health Care,Biotechnology,Health Care,2026-09
CIK0000842023,TECH,842023,Bio-Techne,2836,"Biological Products, (No Diagnostic Substances)",Health Care,range 2830-2839: Drugs / pharmaceuticals / biologicals,True,Health Care,Life Sciences Tools & Services,Health Care,2026-09
CIK0000079282,BRO,79282,Brown & Brown,6411,"Insurance Agents, Brokers & Service",Financials,range 6300-6499: Insurance,True,Financials,Insurance Brokers,Financials,2026-09
CIK0000891103,MTCH,891103,Match Group,7370,"Services-Computer Programming, Data Processing, Etc.",Communication Services,tuned override: 4/5 current members with SIC 7370 are GICS Communication Services (a-priori: Information Technology),False,,,Communication Services,2026-02
CIK0001725057,DAY,1725057,Dayforce,7372,Services-Prepackaged Software,Information Technology,"range 7370-7379: Computer programming, software, data processing",False,,,Industrials,2026-01
CIK0001352010,EPAM,1352010,EPAM Systems,7371,Services-Computer Programming Services,Information Technology,"range 7370-7379: Computer programming, software, data processing",False,,,Information Technology,2026-05
CIK0001013237,FDS,1013237,FactSet,7370,"Services-Computer Programming, Data Processing, Etc.",Communication Services,tuned override: 4/5 current members with SIC 7370 are GICS Communication Services (a-priori: Information Technology),True,Financials,Financial Exchanges & Data,Financials,2026-09
CIK0001288784,SBNY,1288784,Signature Bank,6022,State Commercial Banks,Financials,range 6000-6199: Banks & credit institutions,False,,,Financials,2023-02
CIK0001419612,SEDG,1419612,SolarEdge,3674,Semiconductors & Related Devices,Information Technology,range 3670-3679: Electronic components & semiconductors,False,,,Information Technology,2023-11
CIK0001868275,CEG,1868275,Constellation Energy,4911,Electric Services,Utilities,"range 4900-4949: Electric, gas, water utilities",True,Utilities,Electric Utilities,Utilities,2026-09
CIK0000072331,NDSN,72331,Nordson Corporation,3569,"General Industrial Machinery & Equipment, NEC",Industrials,range 3500-3569: Industrial machinery,True,Industrials,Industrial Machinery & Supplies & Components,Industrials,2026-09
CIK0001179929,MOH,1179929,Molina Healthcare,6324,Hospital & Medical Service Plans,Health Care,tuned override: 5/5 current members with SIC 6324 are GICS Health Care (a-priori: Financials),False,,,Health Care,2026-02
CIK0000906345,CPT,906345,Camden Property Trust,6798,Real Estate Investment Trusts,Real Estate,range 6798-6798: Real estate investment trusts,True,Real Estate,Multi-Family Residential REITs,Real Estate,2026-09
CIK0001705696,VICI,1705696,Vici Properties,6798,Real Estate Investment Trusts,Real Estate,range 6798-6798: Real estate investment trusts,True,Real Estate,Hotel & Resort REITs,Real Estate,2026-09
CIK0001097864,ON,1097864,ON Semiconductor,3674,Semiconductors & Related Devices,Information Technology,range 3670-3679: Electronic components & semiconductors,True,Information Technology,Semiconductors,Information Technology,2026-09
CIK0001418135,KDP,1418135,Keurig Dr Pepper,2080,Beverages,Consumer Staples,range 2000-2099: Food & kindred products,True,Consumer Staples,Soft Drinks & Non-alcoholic Beverages,Consumer Staples,2026-09
CIK0001057352,CSGP,1057352,CoStar Group,7389,"Services-Business Services, NEC",Industrials,range 7380-7399: Misc business services,True,Real Estate,Real Estate Services,Real Estate,2026-09
CIK0001687229,INVH,1687229,Invitation Homes,6510,Real Estate Operators (No Developers) & Lessors,Real Estate,"range 6500-6599: Real estate operators, developers, agents",True,Real Estate,Single-Family Residential REITs,Real Estate,2026-09
CIK0000033213,EQT,33213,EQT Corporation,1311,Crude Petroleum & Natural Gas,Energy,range 1300-1399: Oil & gas extraction and services,True,Energy,Oil & Gas Exploration & Production,Energy,2026-09
CIK0001004980,PCG,1004980,PG&E Corporation,4931,Electric & Other Services Combined,Utilities,"range 4900-4949: Electric, gas, water utilities",True,Utilities,Multi-Utilities,Utilities,2026-09
CIK0001389170,TRGP,1389170,Targa Resources,4922,Natural Gas Transmission,Energy,range 4922-4923: Natural gas transmission (midstream = GICS Energy),True,Energy,Oil & Gas Storage & Transportation,Energy,2026-09
CIK0000947484,ACGL,947484,Arch Capital Group,6331,"Fire, Marine & Casualty Insurance",Financials,range 6300-6499: Insurance,True,Financials,Property & Casualty Insurance,Financials,2026-09
CIK0001274494,FSLR,1274494,First Solar,3674,Semiconductors & Related Devices,Information Technology,range 3670-3679: Electronic components & semiconductors,True,Information Technology,Semiconductors,Information Technology,2026-09
CIK0001022671,STLD,1022671,Steel Dynamics,3312,"Steel Works, Blast Furnaces & Rolling Mills (Coke Ovens)",Materials,range 3300-3399: Primary metals,True,Materials,Steel,Materials,2026-09
CIK0001932393,GEHC,1932393,GE HealthCare,3844,X-Ray Apparatus & Tubes & Related Irradiation Apparatus,Health Care,"range 3840-3859: Medical, surgical, dental & ophthalmic instruments",True,Health Care,Health Care Equipment,Health Care,2026-09
CIK0001145197,PODD,1145197,Insulet Corporation,3841,Surgical & Medical Instruments & Apparatus,Health Care,"range 3840-3859: Medical, surgical, dental & ophthalmic instruments",True,Health Care,Health Care Equipment,Health Care,2026-09
CIK0001996862,BG,1996862,Bunge Global,2070,Fats & Oils,Consumer Staples,range 2000-2099: Food & kindred products,True,Consumer Staples,Agricultural Products & Services,Consumer Staples,2026-09
CIK0000814547,FICO,814547,Fair Isaac,7389,"Services-Business Services, NEC",Industrials,range 7380-7399: Misc business services,True,Information Technology,Application Software,Information Technology,2026-09
CIK0001069183,AXON,1069183,Axon Enterprise,3480,"Ordnance & Accessories, (No Vehicles/Guided Missiles)",Industrials,range 3400-3499: Fabricated metal products,True,Industrials,Aerospace & Defense,Industrials,2026-09
CIK0001327567,PANW,1327567,Palo Alto Networks,3577,"Computer Peripheral Equipment, NEC",Information Technology,range 3570-3579: Computer & office equipment,True,Information Technology,Systems Software,Information Technology,2026-09
CIK0001944048,KVUE,1944048,Kenvue,2844,"Perfumes, Cosmetics & Other Toilet Preparations",Consumer Staples,"range 2840-2849: Soaps, detergents, cosmetics (household & personal products)",True,Consumer Staples,Personal Care Products,Consumer Staples,2026-09
CIK0001393818,BX,1393818,Blackstone Inc.,6282,Investment Advice,Financials,"range 6200-6299: Securities brokers, exchanges, asset managers",True,Financials,Asset Management & Custody Banks,Financials,2026-09
CIK0001559720,ABNB,1559720,Airbnb,7340,Services-To Dwellings & Other Buildings,Industrials,"range 7320-7369: Business services (credit reporting, building services, rental, staffing)",True,Consumer Discretionary,"Hotels, Resorts & Cruise Lines",Consumer Discretionary,2026-09
CIK0001967680,VLTO,1967680,Veralto,3825,Instruments For Meas & Testing of  Electricity & Elec Signals,Information Technology,"range 3800-3839: Measuring, analysing & controlling instruments",True,Industrials,Environmental & Facilities Services,Industrials,2026-09
CIK0000048898,HUBB,48898,Hubbell Incorporated,3670,Electronic Components & Accessories,Information Technology,range 3670-3679: Electronic components & semiconductors,True,Industrials,Industrial Machinery & Supplies & Components,Industrials,2026-09
CIK0001397187,LULU,1397187,Lululemon Athletica,2300,Apparel & Other Finishd Prods of  Fabrics & Similar Matl,Consumer Discretionary,range 2200-2399: Textiles & apparel,True,Consumer Discretionary,"Apparel, Accessories & Luxury Goods",Consumer Discretionary,2026-09
CIK0000898293,JBL,898293,Jabil,3672,Printed Circuit Boards,Information Technology,range 3670-3679: Electronic components & semiconductors,True,Information Technology,Electronic Manufacturing Services,Information Technology,2026-09
CIK0001316835,BLDR,1316835,Builders FirstSource,5211,Retail-Lumber & Other Building Materials Dealers,Consumer Discretionary,range 5200-5299: Building materials & garden retail,False,,,Industrials,2026-08
CIK0001543151,UBER,1543151,Uber,7389,"Services-Business Services, NEC",Industrials,range 7380-7399: Misc business services,True,Industrials,Passenger Ground Transportation,Industrials,2026-09
CIK0000910521,DECK,910521,Deckers Brands,3021,Rubber & Plastics Footwear,Consumer Discretionary,tuned override: 2/2 current members with SIC 3021 are GICS Consumer Discretionary (a-priori: Materials),True,Consumer Discretionary,Footwear,Consumer Discretionary,2026-09
CIK0001375365,SMCI,1375365,Supermicro,3571,Electronic Computers,Information Technology,range 3570-3579: Computer & office equipment,True,Information Technology,"Technology Hardware, Storage & Peripherals",Information Technology,2026-09
CIK0001964738,SOLV,1964738,Solventum,3841,Surgical & Medical Instruments & Apparatus,Health Care,"range 3840-3859: Medical, surgical, dental & ophthalmic instruments",True,Health Care,Health Care Technology,Health Care,2026-09
CIK0001996810,GEV,1996810,GE Vernova,3600,Electronic & Other Electrical Equipment (No Computer Equip),Industrials,range 3600-3629: Electrical equipment,True,Industrials,Heavy Electrical Equipment,Industrials,2026-09
CIK0001692819,VST,1692819,Vistra Corp.,4911,Electric Services,Utilities,"range 4900-4949: Electric, gas, water utilities",True,Utilities,Electric Utilities,Utilities,2026-09
CIK0001404912,KKR,1404912,KKR & Co.,6282,Investment Advice,Financials,"range 6200-6299: Securities brokers, exchanges, asset managers",True,Financials,Asset Management & Custody Banks,Financials,2026-09
CIK0001535527,CRWD,1535527,CrowdStrike,7372,Services-Prepackaged Software,Information Technology,"range 7370-7379: Computer programming, software, data processing",True,Information Technology,Systems Software,Information Technology,2026-09
CIK0001609711,GDDY,1609711,GoDaddy,7373,Services-Computer Integrated Systems Design,Information Technology,"range 7370-7379: Computer programming, software, data processing",True,Information Technology,Internet Services & Infrastructure,Information Technology,2026-09
CIK0002005951,SW,2005951,Smurfit Westrock,2650,Paperboard Containers & Boxes,Materials,range 2600-2699: Paper & allied products,True,Materials,Paper & Plastic Packaging Products & Materials,Materials,2026-09
CIK0000922621,ERIE,922621,Erie Indemnity,6411,"Insurance Agents, Brokers & Service",Financials,range 6300-6499: Insurance,True,Financials,Insurance Brokers,Financials,2026-09
CIK0001321655,PLTR,1321655,Palantir Technologies,7372,Services-Prepackaged Software,Information Technology,"range 7370-7379: Computer programming, software, data processing",True,Information Technology,Application Software,Information Technology,2026-09
CIK0001571996,DELL,1571996,Dell Technologies,3571,Electronic Computers,Information Technology,range 3570-3579: Computer & office equipment,True,Information Technology,"Technology Hardware, Storage & Peripherals",Information Technology,2026-09
CIK0002011286,AMTM,2011286,Amentum,7389,"Services-Business Services, NEC",Industrials,range 7380-7399: Misc business services,False,,,Industrials,2024-11
CIK0002012383,BLK,2012383,BlackRock,6211,"Security Brokers, Dealers & Flotation Companies",Financials,"range 6200-6299: Securities brokers, exchanges, asset managers",True,Financials,Asset Management & Custody Banks,Financials,2026-09
CIK0001811074,TPL,1811074,Texas Pacific Land Corporation,6792,Oil Royalty Traders,Energy,range 6792-6792: Oil royalty traders,True,Energy,Oil & Gas Exploration & Production,Energy,2026-09
CIK0001069202,LII,1069202,Lennox International,3585,Air-Cond & Warm Air Heatg Equip & Comm & Indl Refrig Equip,Industrials,range 3580-3599: Refrigeration/service/misc machinery,True,Industrials,Building Products,Industrials,2026-09
CIK0001327811,WDAY,1327811,"Workday, Inc.",7374,Services-Computer Processing & Data Preparation,Information Technology,"range 7370-7379: Computer programming, software, data processing",True,Information Technology,Application Software,Information Technology,2026-09
CIK0001858681,APO,1858681,Apollo Global Management,6282,Investment Advice,Financials,"range 6200-6299: Securities brokers, exchanges, asset managers",True,Financials,Asset Management & Custody Banks,Financials,2026-09
CIK0000719955,WSM,719955,"Williams-Sonoma, Inc.",5700,"Retail-Home Furniture, Furnishings & Equipment Stores",Consumer Discretionary,range 5700-5799: Home furniture & electronics stores,True,Consumer Discretionary,Homefurnishing Retail,Consumer Discretionary,2026-09
CIK0000895126,EXE,895126,Expand Energy,1311,Crude Petroleum & Natural Gas,Energy,range 1300-1399: Oil & gas extraction and services,True,Energy,Oil & Gas Exploration & Production,Energy,2026-09
CIK0001792789,DASH,1792789,DoorDash,7389,"Services-Business Services, NEC",Industrials,range 7380-7399: Misc business services,True,Consumer Discretionary,Specialized Consumer Services,Consumer Discretionary,2026-09
CIK0001973266,TKO,1973266,TKO Group Holdings,7900,Services-Amusement & Recreation Services,Communication Services,tuned override: 2/2 current members with SIC 7900 are GICS Communication Services (a-priori: Consumer Discretionary),True,Communication Services,Movies & Entertainment,Communication Services,2026-09
CIK0001679788,COIN,1679788,Coinbase,6199,Finance Services,Financials,range 6000-6199: Banks & credit institutions,True,Financials,Financial Exchanges & Data,Financials,2026-09
CIK0001561550,DDOG,1561550,Datadog,7372,Services-Prepackaged Software,Information Technology,"range 7370-7379: Computer programming, software, data processing",True,Information Technology,Application Software,Information Technology,2026-09
CIK0001671933,TTD,1671933,Trade Desk (The),7370,"Services-Computer Programming, Data Processing, Etc.",Communication Services,tuned override: 4/5 current members with SIC 7370 are GICS Communication Services (a-priori: Information Technology),False,,,Communication Services,2026-08
CIK0001512673,XYZ,1512673,"Block, Inc.",7372,Services-Prepackaged Software,Information Technology,"range 7370-7379: Computer programming, software, data processing",True,Financials,Transaction & Payment Processing Services,Financials,2026-09
CIK0002041610,PSKY,2041610,Paramount Skydance Corporation,4833,Television Broadcasting Stations,Communication Services,"range 4800-4899: Communications (telecom, broadcasting, cable)",True,Communication Services,Movies & Entertainment,Communication Services,2026-09
CIK0001381197,IBKR,1381197,Interactive Brokers,6211,"Security Brokers, Dealers & Flotation Companies",Financials,"range 6200-6299: Securities brokers, exchanges, asset managers",True,Financials,Investment Banking & Brokerage,Financials,2026-09
CIK0000105634,EME,105634,Emcor,1731,Electrical Work,Industrials,range 1600-1799: Heavy & specialty construction contractors,True,Industrials,Construction & Engineering,Industrials,2026-09
CIK0001751008,APP,1751008,AppLovin,7370,"Services-Computer Programming, Data Processing, Etc.",Communication Services,tuned override: 4/5 current members with SIC 7370 are GICS Communication Services (a-priori: Information Technology),True,Communication Services,Advertising,Communication Services,2026-09
CIK0001783879,HOOD,1783879,Robinhood Markets,6211,"Security Brokers, Dealers & Flotation Companies",Financials,"range 6200-6299: Securities brokers, exchanges, asset managers",True,Financials,Investment Banking & Brokerage,Financials,2026-09
CIK0002064953,SOLS,2064953,Solstice Advanced Materials,2800,Chemicals & Allied Products,Materials,range 2800-2829: Chemicals & plastics materials,False,,,Materials,2025-11
CIK0002058873,Q,2058873,Qnity Electronics,3674,Semiconductors & Related Devices,Information Technology,range 3670-3679: Electronic components & semiconductors,True,Information Technology,Semiconductor Materials & Equipment,Information Technology,2026-09
CIK0002023554,SNDK,2023554,Sandisk,3572,Computer Storage Devices,Information Technology,range 3570-3579: Computer & office equipment,True,Information Technology,"Technology Hardware, Storage & Peripherals",Information Technology,2026-09
CIK0001176948,ARES,1176948,Ares Management,6282,Investment Advice,Financials,"range 6200-6299: Securities brokers, exchanges, asset managers",True,Financials,Asset Management & Custody Banks,Financials,2026-09
CIK0000849395,CRH,849395,CRH plc,3241,"Cement, Hydraulic",Materials,"range 3200-3299: Stone, clay, glass, concrete",True,Materials,Construction Materials,Materials,2026-09
CIK0001035983,FIX,1035983,Comfort Systems USA,1731,Electrical Work,Industrials,range 1600-1799: Heavy & specialty construction contractors,True,Industrials,Construction & Engineering,Industrials,2026-09
CIK0001690820,CVNA,1690820,Carvana,5500,Retail-Auto Dealers & Gasoline Stations,Consumer Discretionary,range 5500-5599: Auto dealers & gas stations,True,Consumer Discretionary,Automotive Retail,Consumer Discretionary,2026-09
CIK0000936395,CIEN,936395,Ciena,3661,Telephone & Telegraph Apparatus,Information Technology,range 3660-3669: Communications equipment,True,Information Technology,Communications Equipment,Information Technology,2026-09
CIK0000820318,COHR,820318,Coherent Corp.,3827,Optical Instruments & Lenses,Information Technology,"range 3800-3839: Measuring, analysing & controlling instruments",True,Information Technology,Electronic Components,Information Technology,2026-09
CIK0001415404,ECHO,1415404,EchoStar,4899,"Communications Services, NEC",Communication Services,"range 4800-4899: Communications (telecom, broadcasting, cable)",True,Communication Services,Wireless Telecommunication Services,Communication Services,2026-09
CIK0001633978,LITE,1633978,Lumentum,3669,"Communications Equipment, NEC",Information Technology,range 3660-3669: Communications equipment,True,Information Technology,Communications Equipment,Information Technology,2026-09
CIK0001674101,VRT,1674101,Vertiv,3679,"Electronic Components, NEC",Information Technology,range 3670-3679: Electronic components & semiconductors,True,Industrials,Electrical Components & Equipment,Industrials,2026-09
CIK0000726958,CASY,726958,Casey's,5500,Retail-Auto Dealers & Gasoline Stations,Consumer Discretionary,range 5500-5599: Auto dealers & gas stations,True,Consumer Staples,Food Retail,Consumer Staples,2026-09
CIK0001393052,VEEV,1393052,Veeva Systems,7372,Services-Prepackaged Software,Information Technology,"range 7370-7379: Computer programming, software, data processing",True,Health Care,Health Care Technology,Health Care,2026-09
CIK0002082247,FDXF,2082247,FedEx Freight,4513,Air Courier Services,Industrials,range 4500-4599: Air transportation,True,Industrials,Cargo Ground Transportation,Industrials,2026-09
CIK0000866374,FLEX,866374,Flex Ltd.,3672,Printed Circuit Boards,Information Technology,range 3670-3679: Electronic components & semiconductors,True,Information Technology,Electronic Manufacturing Services,Information Technology,2026-09
CIK0001835632,MRVL,1835632,Marvell Technology,3674,Semiconductors & Related Devices,Information Technology,range 3670-3679: Electronic components & semiconductors,True,Information Technology,Semiconductors,Information Technology,2026-09
CIK0002089271,HONA,2089271,Honeywell Aerospace,3724,Aircraft Engines & Engine Parts,Industrials,range 3720-3729: Aircraft & parts,True,Industrials,Aerospace & Defense,Industrials,2026-09
CIK0002011641,FERG,2011641,Ferguson Enterprises,5070,Wholesale-Hardware & Plumbing & Heating Equipment & Supplies,Industrials,range 5000-5099: Wholesale - durable goods (trading companies & distributors),True,Industrials,Trading Companies & Distributors,Industrials,2026-09
CIK0001713445,RDDT,1713445,Reddit,7374,Services-Computer Processing & Data Preparation,Information Technology,"range 7370-7379: Computer programming, software, data processing",True,Communication Services,Interactive Media & Services,Communication Services,2026-09
CIK0001110803,ILMN,1110803,"Illumina, Inc.",3826,Laboratory Analytical Instruments,Health Care,tuned override: 5/5 current members with SIC 3826 are GICS Health Care (a-priori: Information Technology),True,Health Care,Life Sciences Tools & Services,Health Care,2026-09
CIK0001474432,P,1474432,Everpure,3572,Computer Storage Devices,Information Technology,range 3570-3579: Computer & office equipment,True,Information Technology,"Technology Hardware, Storage & Peripherals",Information Technology,2026-09
CIK0001664703,BE,1664703,Bloom Energy,3620,Electrical Industrial Apparatus,Industrials,range 3600-3629: Electrical equipment,True,Industrials,Electrical Components & Equipment,Industrials,2026-09
