ticker,ticker_orig,asset_class,in_current,in_fja_since2000,source_lists,first_date,last_date,n_obs,n_gaps_gt5,max_gap_days,status,n_zero_volume_days,zero_volume_frac,thin_years,thin_history_until,rename_successor,yahoo_name,yahoo_type,yahoo_exchange,yahoo_currency,yahoo_first_trade,member_first,member_last_excl,member_days_since2000,member_days_covered,member_coverage,member_days_covered_incl_rename,member_zero_volume_frac,wiki_names,name_check,flags,reuse_suspect,n_bad_ticks,max_stale_run
A,A,equity,True,True,fja05680;wiki_current,1999-11-18,2026-09-25,6753,0,0.0,active,0.0,0.0,,,,,,,,,2000-06-05,,6617,6617,1.0,6617,0.0,,n/a,,False,0,
AA,AA,equity,False,False,wiki_changes_removed,1995-01-03,2026-09-25,7986,0,0.0,active,0.0,0.0,,,,,,,,,,,0,0,,0,,Alcoa,n/a,,False,0,
AABA,AABA,equity,False,True,fja05680,,,0,0,,no_data,,,,,,,,,,,1999-12-08,2017-06-19,4392,0,0.0,0,,,n/a,,False,0,
AAL,AAL,equity,False,True,fja05680;wiki_changes_added;wiki_changes_removed,2005-09-27,2026-09-25,5282,0,0.0,active,0.0,0.0,,,,,,,,,2015-03-23,2024-09-23,2392,2392,1.0,2392,0.0,American Airlines Group,n/a,,False,1,
AAMRQ,AAMRQ,equity,False,True,fja05680,,,0,0,,no_data,,,,,,,,,,,1996-01-02,2003-03-14,801,0,0.0,0,,,n/a,,False,0,
AAP,AAP,equity,False,True,fja05680;wiki_changes_added;wiki_changes_removed,2001-11-29,2026-09-25,6245,0,0.0,active,0.0,0.0,,,,,,,,,2015-07-09,2023-08-25,2047,2047,1.0,2047,0.0,Advance Auto Parts,n/a,,False,1,
AAPL,AAPL,equity,True,True,fja05680;wiki_current,1995-01-03,2026-09-25,7986,0,0.0,active,0.0,0.0,,,,,,,,,1996-01-02,,6723,6723,1.0,6723,0.0,,n/a,,False,1,
ABBV,ABBV,equity,True,True,fja05680;wiki_changes_added;wiki_current,2013-01-02,2026-09-25,3454,0,0.0,active,0.0,0.0,,,,,,,,,2013-01-02,,3454,3454,1.0,3454,0.0,AbbVie,n/a,,False,0,
ABC,ABC,equity,False,True,fja05680,,,0,0,,no_data,,,,,COR,,,,,,2001-08-30,2023-08-30,5533,0,0.0,5533,,,n/a,,False,0,
ABI,ABI,equity,False,True,fja05680,2025-06-26,2026-09-25,315,0,0.0,active,7.0,0.022222222222222223,,,,,,,,,1996-01-02,2008-11-24,2237,0,0.0,0,,,n/a,series_starts_after_membership,True,0,
ABK,ABK,equity,False,False,wiki_changes_added;wiki_changes_removed,,,0,0,,no_data,,,,,,,,,,,,,0,0,,0,,Ambac Financial,n/a,,False,0,
ABKFQ,ABKFQ,equity,False,True,fja05680,,,0,0,,no_data,,,,,,,,,,,2000-12-11,2008-06-11,1883,0,0.0,0,,,n/a,,False,0,
ABMD,ABMD,equity,False,True,fja05680;wiki_changes_added;wiki_changes_removed,,,0,0,,no_data,,,,,,,,,,,2018-05-31,2022-12-22,1150,0,0.0,0,,Abiomed,n/a,,False,0,
ABNB,ABNB,equity,True,True,fja05680;wiki_changes_added;wiki_current,2020-12-10,2026-09-25,1454,0,0.0,active,0.0,0.0,,,,,,,,,2023-09-18,,759,759,1.0,759,0.0,Airbnb,n/a,,False,0,
ABS,ABS,equity,False,True,fja05680;wiki_changes_removed,,,0,0,,no_data,,,,,,,,,,,1996-01-02,2006-06-02,1612,0,0.0,0,,Albertsons,n/a,,False,0,
ABT,ABT,equity,True,True,fja05680;wiki_current,1995-01-03,2026-09-25,7986,0,0.0,active,0.0,0.0,,,,,,,,,1996-01-02,,6723,6723,1.0,6723,0.0,,n/a,,False,0,
ABX,ABX,equity,False,True,fja05680,2020-09-14,2026-09-25,1516,0,0.0,active,49.0,0.032321899736147755,,,,,,,,,1996-01-02,2002-07-22,638,0,0.0,0,,,n/a,series_starts_after_membership,True,0,
ACAS,ACAS,equity,False,True,fja05680;wiki_changes_removed,,,0,0,,no_data,,,,,,,,,,,2007-07-09,2009-03-04,417,0,0.0,0,,American Capital,n/a,,False,0,
ACE,ACE,equity,False,False,wiki_changes_removed,,,0,0,,no_data,,,,,,,,,,,,,0,0,,0,,Chubb,n/a,,False,0,
ACGL,ACGL,equity,True,True,fja05680;wiki_changes_added;wiki_current,1995-09-14,2026-09-25,7809,0,0.0,active,41.0,0.00525035215776668,,,,,,,,,2022-11-01,,978,978,1.0,978,0.0,Arch Capital Group,n/a,,False,0,
ACKH,ACKH,equity,False,True,fja05680,,,0,0,,no_data,,,,,,,,,,,1996-01-02,2000-11-17,223,0,0.0,0,,,n/a,,False,0,
ACN,ACN,equity,True,True,fja05680;wiki_changes_added;wiki_current,2001-07-19,2026-09-25,6334,0,0.0,active,0.0,0.0,,,,,,,,,2011-07-06,,3829,3829,1.0,3829,0.0,Accenture,n/a,,False,0,
ACS,ACS,equity,False,True,fja05680,,,0,0,,no_data,,,,,,,,,,,2004-04-02,2010-02-08,1472,0,0.0,0,,,n/a,,False,0,
ACT,ACT,equity,False,False,wiki_changes_added,2021-09-16,2026-09-25,1262,0,0.0,active,0.0,0.0,,,,,,,,,,,0,0,,0,,Actavis,n/a,,False,0,
ACV,ACV,equity,False,True,fja05680,2015-05-21,2026-09-25,2854,0,0.0,active,1.0,0.000350385423966363,,,,,,,,,1996-01-02,2006-11-17,1730,0,0.0,0,,,n/a,series_starts_after_membership,True,0,
ADBE,ADBE,equity,True,True,fja05680;wiki_current,1995-01-03,2026-09-25,7986,0,0.0,active,0.0,0.0,,,,,,,,,1997-05-06,,6723,6723,1.0,6723,0.0,,n/a,,False,0,
ADCT,ADCT,equity,False,True,fja05680;wiki_changes_removed,2020-05-18,2026-09-25,1598,0,0.0,active,0.0,0.0,,,,,,,,,1999-08-02,2007-07-02,1883,0,0.0,0,,ADC Telecommunications,n/a,series_starts_after_membership,True,3,
ADI,ADI,equity,True,True,fja05680;wiki_current,1995-01-03,2026-09-25,7986,0,0.0,active,0.0,0.0,,,,,,,,,1999-10-12,,6723,6723,1.0,6723,0.0,,n/a,,False,0,
ADM,ADM,equity,True,True,fja05680;wiki_current,1995-01-03,2026-09-25,7986,0,0.0,active,0.0,0.0,,,,,,,,,1996-01-02,,6723,6723,1.0,6723,0.0,,n/a,,False,0,
ADP,ADP,equity,True,True,fja05680;wiki_current,1995-01-03,2026-09-25,7986,0,0.0,active,0.0,0.0,,,,,,,,,1996-01-02,,6723,6723,1.0,6723,0.0,,n/a,,False,0,
ADS,ADS,equity,False,True,fja05680;wiki_changes_added;wiki_changes_removed,,,0,0,,no_data,,,,,,,,,,,2013-12-23,2020-06-22,1634,0,0.0,0,,Alliance Data Systems,n/a,,False,0,
ADSK,ADSK,equity,True,True,fja05680;wiki_current,1995-01-03,2026-09-25,7986,0,0.0,active,0.0,0.0,,,,,,,,,1996-01-02,,6723,6723,1.0,6723,0.0,,n/a,,False,0,
ADT,ADT,equity,False,True,fja05680;wiki_changes_added;wiki_changes_removed,2018-01-19,2026-09-25,2183,0,0.0,active,0.0,0.0,,,,,,,,,2012-10-02,2016-05-02,899,0,0.0,0,,ADT,n/a,series_starts_after_membership,True,1,
AEE,AEE,equity,True,True,fja05680;wiki_current,1998-01-02,2026-09-25,7227,0,0.0,active,0.0,0.0,,,,,,,,,1996-01-02,,6723,6723,1.0,6723,0.0,,n/a,,False,0,
AEP,AEP,equity,True,True,fja05680;wiki_current,1995-01-03,2026-09-25,7986,0,0.0,active,0.0,0.0,,,,,,,,,1996-01-02,,6723,6723,1.0,6723,0.0,,n/a,,False,0,
AES,AES,equity,True,True,fja05680;wiki_current,1995-01-03,2026-09-25,7986,0,0.0,active,0.0,0.0,,,,,,,,,1998-10-02,,6723,6723,1.0,6723,0.0,,n/a,,False,0,
AET,AET,equity,False,True,fja05680;wiki_changes_removed,,,0,0,,no_data,,,,,,,,,,,1996-01-02,2018-11-29,4758,0,0.0,0,,Aetna,n/a,,False,0,
AFL,AFL,equity,True,True,fja05680;wiki_current,1995-01-03,2026-09-25,7986,0,0.0,active,0.0,0.0,,,,,,,,,1999-05-28,,6723,6723,1.0,6723,0.0,,n/a,,False,0,
AFS-A,AFS.A,equity,False,True,fja05680,,,0,0,,no_data,,,,,,,,,,,1998-04-08,2000-12-01,232,0,0.0,0,,,n/a,,False,0,
AGC,AGC,equity,False,True,fja05680,,,0,0,,no_data,,,,,,,,,,,1996-01-02,2001-08-29,418,0,0.0,0,,,n/a,,False,0,
AGN,AGN,equity,False,True,fja05680;wiki_changes_removed,,,0,0,,no_data,,,,,,,,,,,1996-01-02,2020-05-12,5121,0,0.0,0,,Allergan,n/a,,False,0,
AIG,AIG,equity,True,True,fja05680;wiki_current,1995-01-03,2026-09-25,7986,0,0.0,active,0.0,0.0,,,,,,,,,1996-01-02,,6723,6723,1.0,6723,0.0,,n/a,,False,3,
AIV,AIV,equity,False,True,fja05680;wiki_changes_removed,1995-01-03,2026-09-25,7986,0,0.0,active,0.0,0.0,,,,,,,,,2003-03-14,2020-12-21,4475,4475,1.0,4475,0.0,Aimco,n/a,,False,0,
AIZ,AIZ,equity,True,True,fja05680;wiki_current,2004-02-05,2026-09-25,5696,0,0.0,active,0.0,0.0,,,,,,,,,2007-04-10,,4898,4898,1.0,4898,0.0,,n/a,,False,0,
AJG,AJG,equity,True,True,fja05680;wiki_changes_added;wiki_current,1995-01-03,2026-09-25,7986,0,0.0,active,5.0,0.0006260956674179815,,,,,,,,,2016-05-31,,2596,2596,1.0,2596,0.0,Arthur J. Gallagher & Co.,n/a,,False,0,
AKAM,AKAM,equity,True,True,fja05680;wiki_current,1999-10-29,2026-09-25,6767,0,0.0,active,0.0,0.0,,,,,,,,,2007-07-12,,4833,4833,1.0,4833,0.0,,n/a,,False,0,
AKS,AKS,equity,False,True,fja05680;wiki_changes_added;wiki_changes_removed,,,0,0,,no_data,,,,,,,,,,,2008-07-01,2011-12-19,875,0,0.0,0,,AK Steel,n/a,,False,0,
AL,AL,equity,False,True,fja05680,,,0,0,,no_data,,,,,,,,,,,1996-01-02,2002-07-22,638,0,0.0,0,,,n/a,,False,0,
ALB,ALB,equity,True,True,fja05680;wiki_changes_added;wiki_current,1995-01-03,2026-09-25,7986,0,0.0,active,0.0,0.0,,,,,,,,,2016-07-01,,2573,2573,1.0,2573,0.0,Albemarle Corporation,n/a,,False,0,
ALGN,ALGN,equity,True,True,fja05680;wiki_changes_added;wiki_current,2001-01-30,2026-09-25,6452,0,0.0,active,0.0,0.0,,,,,,,,,2017-06-19,,2331,2331,1.0,2331,0.0,Align Technology,n/a,,False,0,
ALK,ALK,equity,False,True,fja05680;wiki_changes_added;wiki_changes_removed,1995-01-03,2026-09-25,7986,0,0.0,active,0.0,0.0,,,,,,,,,2016-05-13,2023-12-18,1912,1912,1.0,1912,0.0,Alaska Air Group,n/a,,False,0,
ALL,ALL,equity,True,True,fja05680;wiki_current,1995-01-03,2026-09-25,7986,0,0.0,active,0.0,0.0,,,,,,,,,1996-01-02,,6723,6723,1.0,6723,0.0,,n/a,,False,0,
ALLE,ALLE,equity,True,True,fja05680;wiki_changes_added;wiki_current,2013-11-18,2026-09-25,3232,0,0.0,active,0.0,0.0,,,,,,,,,2013-12-02,,3223,3223,1.0,3223,0.0,Allegion,n/a,,False,0,
ALTR,ALTR,equity,False,True,fja05680;wiki_changes_removed,,,0,0,,no_data,,,,,,,,,,,2000-04-18,2015-12-28,3947,0,0.0,0,,Altera,n/a,,False,0,
ALXN,ALXN,equity,False,True,fja05680;wiki_changes_added;wiki_changes_removed,,,0,0,,no_data,,,,,,,,,,,2012-05-25,2021-07-21,2302,0,0.0,0,,Alexion Pharmaceuticals,n/a,,False,0,
AM,AM,equity,False,True,fja05680,2017-05-04,2026-09-25,2362,0,0.0,active,0.0,0.0,,,,,,,,,1996-01-02,2004-05-03,1087,0,0.0,0,,,n/a,series_starts_after_membership,True,0,
AMAT,AMAT,equity,True,True,fja05680;wiki_current,1995-01-03,2026-09-25,7986,0,0.0,active,0.0,0.0,,,,,,,,,1996-01-02,,6723,6723,1.0,6723,0.0,,n/a,,False,0,
AMCC,AMCC,equity,False,True,fja05680,,,0,0,,no_data,,,,,,,,,,,2001-01-02,2006-05-18,1350,0,0.0,0,,,n/a,,False,0,
AMCR,AMCR,equity,True,True,fja05680;wiki_changes_added;wiki_current,2012-05-15,2026-09-25,3612,0,0.0,active,1371.0,0.3795681063122924,2012;2013;2014;2015;2016;2017;2018;2019,2019,,,,,,,2019-06-07,,1836,1836,1.0,1836,0.0010893246187363835,Amcor,n/a,thin_pre_history,False,0,80.0
AMD,AMD,equity,True,True,fja05680;wiki_changes_added;wiki_changes_removed;wiki_current,1995-01-03,2026-09-25,7986,0,0.0,active,1.0,0.00012521913348359628,,,,,,,,,1996-01-02,,5845,5845,1.0,5845,0.0,Advanced Micro Devices,n/a,,False,1,
AME,AME,equity,True,True,fja05680;wiki_changes_added;wiki_current,1995-01-03,2026-09-25,7986,0,0.0,active,0.0,0.0,,,,,,,,,2013-09-23,,3272,3272,1.0,3272,0.0,Ametek,n/a,,False,0,
AMG,AMG,equity,False,True,fja05680;wiki_changes_added;wiki_changes_removed,1997-11-21,2026-09-25,7254,0,0.0,active,0.0,0.0,,,,,,,,,2014-07-01,2019-12-23,1380,1380,1.0,1380,0.0,Affiliated Managers Group,n/a,,False,0,
AMGN,AMGN,equity,True,True,fja05680;wiki_current,1995-01-03,2026-09-25,7986,0,0.0,active,0.0,0.0,,,,,,,,,1996-01-02,,6723,6723,1.0,6723,0.0,,n/a,,False,0,
AMP,AMP,equity,True,True,fja05680;wiki_current,2005-09-15,2026-09-25,5290,0,0.0,active,0.0,0.0,,,,,,,,,2005-10-03,,5278,5278,1.0,5278,0.0,,n/a,,False,0,
AMT,AMT,equity,True,True,fja05680;wiki_current,1998-02-27,2026-09-25,7189,0,0.0,active,0.0,0.0,,,,,,,,,2007-11-19,,4742,4742,1.0,4742,0.0,,n/a,,False,0,
AMTM,AMTM,equity,False,True,fja05680;wiki_changes_added;wiki_changes_removed,2024-09-24,2026-09-25,503,0,0.0,active,0.0,0.0,,,,,,,,,2024-09-30,2024-12-23,59,59,1.0,59,0.0,Amentum,n/a,,False,0,
AMZN,AMZN,equity,True,True,fja05680;wiki_changes_added;wiki_current,1997-05-15,2026-09-25,7387,0,0.0,active,0.0,0.0,,,,,,,,,2005-11-21,,5243,5243,1.0,5243,0.0,Amazon,n/a,,False,0,
AN,AN,equity,False,True,fja05680;wiki_changes_removed,1995-01-03,2026-09-25,7986,0,0.0,active,2.0,0.00025043826696719256,,,,,,,,,2003-02-24,2017-08-08,3640,3640,1.0,3640,0.0,Amoco;AutoNation,n/a,,False,1,
ANDV,ANDV,equity,False,True,fja05680;wiki_changes_removed,,,0,0,,no_data,,,,,,,,,,,2007-09-27,2018-10-01,2772,0,0.0,0,,Andeavor,n/a,,False,0,
ANDW,ANDW,equity,False,True,fja05680,,,0,0,,no_data,,,,,,,,,,,1996-01-02,2006-10-02,1696,0,0.0,0,,,n/a,,False,0,
ANET,ANET,equity,True,True,fja05680;wiki_changes_added;wiki_current,2014-06-06,2026-09-25,3095,0,0.0,active,0.0,0.0,,,,,,,,,2018-08-28,,2030,2030,1.0,2030,0.0,Arista Networks,n/a,,False,0,
ANF,ANF,equity,False,True,fja05680;wiki_changes_removed,1996-09-26,2026-09-25,7547,0,0.0,active,0.0,0.0,,,,,,,,,2007-03-29,2013-12-23,1697,1697,1.0,1697,0.0,Abercrombie & Fitch,n/a,,False,0,
ANR,ANR,equity,False,False,wiki_changes_added;wiki_changes_removed,,,0,0,,no_data,,,,,,,,,,,,,0,0,,0,,Alpha Natural Resources,n/a,,False,0,
ANRZQ,ANRZQ,equity,False,True,fja05680,,,0,0,,no_data,,,,,,,,,,,2011-06-02,2012-10-02,337,0,0.0,0,,,n/a,,False,0,
ANSS,ANSS,equity,False,True,fja05680;wiki_changes_added;wiki_changes_removed,,,0,0,,no_data,,,,,,,,,,,2017-06-19,2025-07-18,2031,0,0.0,0,,Ansys,n/a,,False,0,
ANTM,ANTM,equity,False,True,fja05680,,,0,0,,no_data,,,,,ELV,,,,,,2002-07-25,2022-06-28,5016,0,0.0,5016,,,n/a,,False,0,
AON,AON,equity,True,True,fja05680;wiki_current,1995-01-03,2026-09-25,7986,0,0.0,active,0.0,0.0,,,,,,,,,1996-04-23,,6723,6723,1.0,6723,0.0,,n/a,,False,0,
AOS,AOS,equity,True,True,fja05680;wiki_changes_added;wiki_current,1995-01-03,2026-09-25,7986,0,0.0,active,0.0,0.0,,,,,,,,,2017-07-26,,2305,2305,1.0,2305,0.0,A. O. Smith,n/a,,False,0,
APA,APA,equity,True,True,fja05680;wiki_current,1995-01-03,2026-09-25,7986,0,0.0,active,0.0,0.0,,,,,,,,,1997-07-28,,6723,6723,1.0,6723,0.0,,n/a,,False,1,
APC,APC,equity,False,True,fja05680;wiki_changes_removed,2026-02-12,2026-09-25,156,0,0.0,active,0.0,0.0,,,,,,,,,1997-07-28,2019-08-09,4931,0,0.0,0,,Anadarko Petroleum,n/a,series_starts_after_membership,True,0,
APCC,APCC,equity,False,True,fja05680,,,0,0,,no_data,,,,,,,,,,,2000-06-01,2007-02-15,1685,0,0.0,0,,,n/a,,False,0,
APD,APD,equity,True,True,fja05680;wiki_current,1995-01-03,2026-09-25,7986,0,0.0,active,0.0,0.0,,,,,,,,,1996-01-02,,6723,6723,1.0,6723,0.0,,n/a,,False,0,
APH,APH,equity,True,True,fja05680;wiki_current,1995-01-03,2026-09-25,7986,0,0.0,active,2.0,0.00025043826696719256,,,,,,,,,2008-09-30,,4525,4525,1.0,4525,0.0,,n/a,,False,0,
APO,APO,equity,True,True,fja05680;wiki_changes_added;wiki_current,2011-03-30,2026-09-25,3896,0,0.0,active,0.0,0.0,,,,,,,,,2024-12-23,,440,440,1.0,440,0.0,Apollo Global Management,n/a,,False,0,
APOL,APOL,equity,False,True,fja05680;wiki_changes_removed,,,0,0,,no_data,,,,,,,,,,,2002-05-15,2013-07-01,2801,0,0.0,0,,Apollo Education Group,n/a,,False,0,
APP,APP,equity,True,True,fja05680;wiki_changes_added;wiki_current,2021-04-15,2026-09-25,1369,0,0.0,active,0.0,0.0,,,,,,,,,2025-09-22,,255,255,1.0,255,0.0,AppLovin,n/a,,False,0,
APTV,APTV,equity,True,True,fja05680;wiki_current,2011-11-17,2026-09-25,3734,0,0.0,active,0.0,0.0,,,,,,,,,2012-12-24,,3459,3459,1.0,3459,0.0,,n/a,,False,0,
ARC,ARC,equity,False,True,fja05680,,,0,0,,no_data,,,,,,,,,,,1996-01-02,2000-04-18,74,0,0.0,0,,,n/a,,False,0,
ARE,ARE,equity,True,True,fja05680;wiki_changes_added;wiki_current,1997-05-28,2026-09-25,7379,0,0.0,active,4.0,0.0005420788724759452,,,,,,,,,2017-03-20,,2394,2394,1.0,2394,0.0,Alexandria Real Estate Equities,n/a,,False,0,
ARES,ARES,equity,True,True,fja05680;wiki_changes_added;wiki_current,2014-05-02,2026-09-25,3119,0,0.0,active,0.0,0.0,,,,,,,,,2025-12-11,,198,198,1.0,198,0.0,Ares Management,n/a,,False,0,
ARG,ARG,equity,False,True,fja05680;wiki_changes_added;wiki_changes_removed,,,0,0,,no_data,,,,,,,,,,,2009-09-09,2016-05-23,1687,0,0.0,0,,Airgas,n/a,,False,0,
ARNC,ARNC,equity,False,True,fja05680;wiki_changes_added;wiki_changes_removed,,,0,0,,no_data,,,,,,,,,,,1996-01-02,2020-04-06,5096,0,0.0,0,,Arconic,n/a,,False,0,
ASH,ASH,equity,False,True,fja05680,1995-01-03,2026-09-25,7986,0,0.0,active,0.0,0.0,,,,,,,,,1996-01-02,2008-11-14,2231,2231,1.0,2231,0.0,,n/a,,False,0,
ASN,ASN,equity,False,True,fja05680,,,0,0,,no_data,,,,,,,,,,,2004-12-20,2007-10-08,704,0,0.0,0,,,n/a,,False,0,
ASO,ASO,equity,False,True,fja05680,2020-10-02,2026-09-25,1502,0,0.0,active,0.0,0.0,,,,,,,,,1999-03-10,2006-11-06,1721,0,0.0,0,,,n/a,series_starts_after_membership,True,0,
AT,AT,equity,False,True,fja05680,2026-09-24,2026-09-25,2,0,0.0,active,0.0,0.0,,,,,,,,,1996-01-02,2007-11-19,1981,0,0.0,0,,,n/a,series_starts_after_membership,True,0,
ATGE,ATGE,equity,False,True,fja05680,,,0,0,,no_data,,,,,,,,,,,2009-06-09,2012-10-01,836,0,0.0,0,,,n/a,,False,0,
ATI,ATI,equity,False,True,fja05680;wiki_changes_removed,1999-11-29,2026-09-25,6747,0,0.0,active,0.0,0.0,,,,,,,,,1996-01-02,2015-07-02,3898,3898,1.0,3898,0.0,Allegheny Technologies,n/a,,False,0,
ATO,ATO,equity,True,True,fja05680;wiki_changes_added;wiki_current,1995-01-03,2026-09-25,7986,0,0.0,active,0.0,0.0,,,,,,,,,2019-02-15,,1913,1913,1.0,1913,0.0,Atmos Energy,n/a,,False,0,
ATVI,ATVI,equity,False,True,fja05680;wiki_changes_added;wiki_changes_removed,,,0,0,,no_data,,,,,,,,,,,2015-08-31,2023-10-18,2047,0,0.0,0,,Activision Blizzard,n/a,,False,0,
AV,AV,equity,False,True,fja05680;wiki_changes_removed,2026-05-06,2026-09-25,99,0,0.0,active,0.0,0.0,,,,,,,,,2000-10-02,2007-10-26,1776,0,0.0,0,,Avaya,n/a,series_starts_after_membership,True,0,
AVB,AVB,equity,False,True,fja05680;wiki_changes_added;wiki_changes_removed,2026-08-14,2026-08-14,1,0,0.0,ended_before_2026-09-25,0.0,0.0,,,,,,,,,2007-01-10,2026-08-18,4931,1,0.00020279862096937742,1,0.0,AvalonBay Communities,n/a,series_starts_after_member_start,False,0,
AVGO,AVGO,equity,True,True,fja05680;wiki_changes_added;wiki_current,2009-08-06,2026-09-25,4311,0,0.0,active,0.0,0.0,,,,,,,,,2014-05-08,,3115,3115,1.0,3115,0.0,Avago Technologies,n/a,,False,0,
AVP,AVP,equity,False,True,fja05680;wiki_changes_removed,,,0,0,,no_data,,,,,,,,,,,1996-01-02,2015-03-23,3827,0,0.0,0,,Avon Products,n/a,,False,0,
AVY,AVY,equity,True,True,fja05680;wiki_current,1995-01-03,2026-09-25,7986,0,0.0,active,0.0,0.0,,,,,,,,,1996-01-02,,6723,6723,1.0,6723,0.0,,n/a,,False,0,
AW,AW,equity,False,True,fja05680,,,0,0,,no_data,,,,,,,,,,,1999-08-02,2008-12-05,2245,0,0.0,0,,,n/a,,False,0,
AWE,AWE,equity,False,True,fja05680,,,0,0,,no_data,,,,,,,,,,,2001-07-09,2004-10-27,829,0,0.0,0,,,n/a,,False,0,
AWK,AWK,equity,True,True,fja05680;wiki_changes_added;wiki_current,2008-04-23,2026-09-25,4636,0,0.0,active,0.0,0.0,,,,,,,,,2016-03-04,,2656,2656,1.0,2656,0.0,American Water Works,n/a,,False,0,
AXON,AXON,equity,True,True,fja05680;wiki_changes_added;wiki_current,2001-06-19,2026-09-25,6355,0,0.0,active,0.0,0.0,,,,,,,,,2023-05-04,,852,852,1.0,852,0.0,Axon Enterprise,n/a,,False,0,
AXP,AXP,equity,True,True,fja05680;wiki_current,1995-01-03,2026-09-25,7986,0,0.0,active,0.0,0.0,,,,,,,,,1996-01-02,,6723,6723,1.0,6723,0.0,,n/a,,False,0,
AYE,AYE,equity,False,True,fja05680;wiki_changes_added;wiki_changes_removed,,,0,0,,no_data,,,,,,,,,,,2000-12-11,2011-02-28,2567,0,0.0,0,,Allegheny Energy,n/a,,False,0,
AYI,AYI,equity,False,True,fja05680;wiki_changes_added;wiki_changes_removed,2001-12-03,2026-09-25,6243,0,0.0,active,0.0,0.0,,,,,,,,,2016-05-03,2018-06-18,535,535,1.0,535,0.0,Acuity Brands,n/a,,False,0,
AZA-A,AZA.A,equity,False,True,fja05680,,,0,0,,no_data,,,,,,,,,,,1996-01-02,2001-06-25,372,0,0.0,0,,,n/a,,False,0,
AZO,AZO,equity,True,True,fja05680;wiki_current,1995-01-03,2026-09-25,7986,0,0.0,active,0.0,0.0,,,,,,,,,1997-01-02,,6723,6723,1.0,6723,0.0,,n/a,,False,0,
BA,BA,equity,True,True,fja05680;wiki_current,1995-01-03,2026-09-25,7986,0,0.0,active,0.0,0.0,,,,,,,,,1996-01-02,,6723,6723,1.0,6723,0.0,,n/a,,False,0,
BAC,BAC,equity,True,True,fja05680;wiki_current,1995-01-03,2026-09-25,7986,0,0.0,active,0.0,0.0,,,,,,,,,1996-01-02,,6723,6723,1.0,6723,0.0,,n/a,,False,0,
BALL,BALL,equity,True,True,fja05680;wiki_current,1995-01-03,2026-09-25,7986,0,0.0,active,0.0,0.0,,,,,,,,,2022-05-10,,1099,1099,1.0,1099,0.0,,n/a,,False,0,
BAX,BAX,equity,True,True,fja05680;wiki_current,1995-01-03,2026-09-25,7986,0,0.0,active,0.0,0.0,,,,,,,,,1996-01-02,,6723,6723,1.0,6723,0.0,,n/a,,False,0,
BBBY,BBBY,equity,False,True,fja05680;wiki_changes_removed,2026-07-17,2026-09-24,49,0,0.0,ended_before_2026-09-25,0.0,0.0,,,,,,,,,1999-10-01,2017-07-26,4418,0,0.0,0,,Bed Bath & Beyond,n/a,series_starts_after_membership,True,0,
BBT,BBT,equity,False,True,fja05680,2000-06-28,2026-09-25,6600,0,0.0,active,6.0,0.0009090909090909091,,,,,,,,,1997-12-04,2019-12-09,5015,4892,0.9754735792622133,4892,0.0012264922322158627,,n/a,series_starts_after_member_start,False,0,
BBWI,BBWI,equity,False,True,fja05680;wiki_changes_removed,1995-01-03,2026-09-25,7986,0,0.0,active,0.0,0.0,,,,,,,,,2021-08-03,2024-10-01,795,795,1.0,795,0.0,"Bath & Body Works, Inc.",n/a,,False,0,
BBY,BBY,equity,True,True,fja05680;wiki_current,1995-01-03,2026-09-25,7986,0,0.0,active,0.0,0.0,,,,,,,,,1999-06-30,,6723,6723,1.0,6723,0.0,,n/a,,False,0,
BC,BC,equity,False,True,fja05680;wiki_changes_removed,1995-01-03,2026-09-25,7986,0,0.0,active,0.0,0.0,,,,,,,,,1996-01-02,2008-06-23,2129,2129,1.0,2129,0.0,Brunswick,n/a,,False,1,
BCR,BCR,equity,False,True,fja05680;wiki_changes_removed,,,0,0,,no_data,,,,,,,,,,,1996-01-02,2017-12-29,4527,0,0.0,0,,CR Bard,n/a,,False,0,
BDK,BDK,equity,False,True,fja05680,,,0,0,,no_data,,,,,,,,,,,1996-01-02,2010-03-15,2563,0,0.0,0,,,n/a,,False,0,
BDX,BDX,equity,True,True,fja05680;wiki_current,1995-01-03,2026-09-25,7986,0,0.0,active,0.0,0.0,,,,,,,,,1996-01-02,,6723,6723,1.0,6723,0.0,,n/a,,False,0,
BE,BE,equity,True,False,wiki_changes_added;wiki_current,2018-07-25,2026-09-25,2054,0,0.0,active,0.0,0.0,,,,,,,,,2026-09-21,,5,5,1.0,5,0.0,Bloom Energy,n/a,,False,1,
BEAM,BEAM,equity,False,True,fja05680;wiki_changes_removed,2020-02-06,2026-09-25,1668,0,0.0,active,0.0,0.0,,,,,,,,,1996-01-02,2014-05-01,3603,0,0.0,0,,Suntory Global Spirits,n/a,series_starts_after_membership,True,0,
BEN,BEN,equity,True,True,fja05680;wiki_current,1995-01-03,2026-09-25,7986,0,0.0,active,0.0,0.0,,,,,,,,,1998-04-29,,6723,6723,1.0,6723,0.0,,n/a,,False,0,
BF-B,BF.B,equity,True,True,fja05680;wiki_current,1995-01-03,2026-09-25,7986,0,0.0,active,0.0,0.0,,,,,,,,,1996-01-02,,6723,6723,1.0,6723,0.0,,n/a,,False,0,
BFO,BFO,equity,False,True,fja05680,,,0,0,,no_data,,,,,,,,,,,1996-01-02,2000-10-03,190,0,0.0,0,,,n/a,,False,0,
BG,BG,equity,True,True,fja05680;wiki_changes_added;wiki_current,2001-08-02,2026-09-25,6324,0,0.0,active,0.0,0.0,,,,,,,,,2023-03-15,,887,887,1.0,887,0.0,Bunge Global,n/a,,False,0,
BGEN,BGEN,equity,False,True,fja05680,,,0,0,,no_data,,,,,,,,,,,2000-01-31,2003-11-13,952,0,0.0,0,,,n/a,,False,0,
BGG,BGG,equity,False,True,fja05680,,,0,0,,no_data,,,,,,,,,,,1996-01-02,2001-04-03,315,0,0.0,0,,,n/a,,False,0,
BHF,BHF,equity,False,True,fja05680;wiki_changes_added;wiki_changes_removed,2017-07-17,2026-09-25,2312,0,0.0,active,1.0,0.00043252595155709344,,,,,,,,,2017-08-07,2019-04-02,415,415,1.0,415,0.0,Brighthouse Financial,n/a,,False,0,
BHGE,BHGE,equity,False,True,fja05680,,,0,0,,no_data,,,,,BKR,,,,,,1996-01-02,2019-10-18,4980,0,0.0,4980,,,n/a,,False,0,
BHI,BHI,equity,False,False,wiki_changes_removed,,,0,0,,no_data,,,,,,,,,,,,,0,0,,0,,Baker Hughes,n/a,,False,0,
BHMSQ,BHMSQ,equity,False,True,fja05680,,,0,0,,no_data,,,,,,,,,,,1996-01-02,2000-12-11,238,0,0.0,0,,,n/a,,False,0,
BIG,BIG,equity,False,True,fja05680;wiki_changes_removed,,,0,0,,no_data,,,,,,,,,,,1998-01-20,2013-02-14,3299,0,0.0,0,,Big Lots,n/a,,False,0,
BIIB,BIIB,equity,True,True,fja05680;wiki_current,1995-01-03,2026-09-25,7986,0,0.0,active,2.0,0.00025043826696719256,,,,,,,,,2003-11-13,,5752,5752,1.0,5752,0.0003477051460361613,,n/a,,False,0,
BIO,BIO,equity,False,True,fja05680;wiki_changes_added;wiki_changes_removed,1995-01-03,2026-09-25,7986,0,0.0,active,0.0,0.0,,,,,,,,,2020-06-22,2024-09-23,1070,1070,1.0,1070,0.0,Bio-Rad Laboratories,n/a,,False,0,
BJS,BJS,equity,False,True,fja05680;wiki_changes_removed,,,0,0,,no_data,,,,,,,,,,,2002-05-15,2010-04-29,2003,0,0.0,0,,BJ Services,n/a,,False,0,
BK,BK,equity,False,True,fja05680,,,0,0,,no_data,,,,,BNY,,,,,,1996-01-02,2026-05-21,6635,0,0.0,6635,,,n/a,,False,0,
BKNG,BKNG,equity,True,True,fja05680;wiki_current,1999-03-31,2026-09-25,6915,0,0.0,active,0.0,0.0,,,,,,,,,2009-11-06,,4246,4246,1.0,4246,0.0,,n/a,,False,0,
BKR,BKR,equity,True,True,fja05680;wiki_changes_added;wiki_current,1995-01-03,2026-09-25,7986,0,0.0,active,1.0,0.00012521913348359628,,,,,,,,,2019-10-18,,1743,1743,1.0,1743,0.0005737234652897303,Baker Hughes,n/a,,False,0,
BLDR,BLDR,equity,False,True,fja05680;wiki_changes_added;wiki_changes_removed,2005-06-28,2026-09-25,5345,0,0.0,active,0.0,0.0,,,,,,,,,2023-12-18,2026-09-21,690,690,1.0,690,0.0,Builders FirstSource,n/a,,False,1,
BLK,BLK,equity,True,True,fja05680;wiki_changes_added;wiki_current,1999-10-01,2026-09-25,6787,0,0.0,active,0.0,0.0,,,,,,,,,2011-04-04,,3893,3893,1.0,3893,0.0,BlackRock,n/a,,False,0,
BLL,BLL,equity,False,True,fja05680,,,0,0,,no_data,,,,,BALL,,,,,,1996-01-02,2022-05-10,5624,0,0.0,5624,,,n/a,,False,0,
BLS,BLS,equity,False,True,fja05680,,,0,0,,no_data,,,,,,,,,,,1996-01-02,2007-01-03,1759,0,0.0,0,,,n/a,,False,0,
BMC,BMC,equity,False,True,fja05680;wiki_changes_removed,,,0,0,,no_data,,,,,,,,,,,1998-10-01,2013-09-11,3443,0,0.0,0,,BMC Software,n/a,,False,0,
BMET,BMET,equity,False,True,fja05680,,,0,0,,no_data,,,,,,,,,,,1996-01-02,2007-07-12,1890,0,0.0,0,,,n/a,,False,0,
BMS,BMS,equity,False,True,fja05680;wiki_changes_added;wiki_changes_removed,,,0,0,,no_data,,,,,,,,,,,1996-01-02,2014-12-05,3755,0,0.0,0,,Bemis;Bemis Company,n/a,,False,0,
BMY,BMY,equity,True,True,fja05680;wiki_current,1995-01-03,2026-09-25,7986,0,0.0,active,0.0,0.0,,,,,,,,,1996-01-02,,6723,6723,1.0,6723,0.0,,n/a,,False,0,
BNI,BNI,equity,False,True,fja05680,,,0,0,,no_data,,,,,,,,,,,1996-01-02,2010-02-16,2544,0,0.0,0,,,n/a,,False,0,
BNY,BNY,equity,True,True,fja05680;wiki_current,1995-01-03,2026-09-25,7986,0,0.0,active,0.0,0.0,,,,,,,,,2026-05-21,,88,88,1.0,88,0.0,,n/a,,False,0,
BOL,BOL,equity,False,True,fja05680,,,0,0,,no_data,,,,,,,,,,,1996-01-02,2007-10-29,1966,0,0.0,0,,,n/a,,False,0,
BR,BR,equity,True,True,fja05680;wiki_changes_added;wiki_current,2007-03-22,2026-09-25,4910,0,0.0,active,0.0,0.0,,,,,,,,,1996-01-02,,3650,2080,0.5698630136986301,2080,0.0,Broadridge Financial Solutions,n/a,series_starts_after_member_start,False,0,
BRCM,BRCM,equity,False,True,fja05680;wiki_changes_removed,,,0,0,,no_data,,,,,,,,,,,2000-07-03,2016-02-01,3918,0,0.0,0,,Broadcom Corporation,n/a,,False,0,
BRK-B,BRK.B,equity,True,True,fja05680;wiki_current,1996-05-09,2026-09-25,7644,0,0.0,active,0.0,0.0,,,,,,,,,2010-02-16,,4179,4179,1.0,4179,0.0,,n/a,,False,0,
BRL,BRL,equity,False,True,fja05680,,,0,0,,no_data,,,,,,,,,,,2006-02-27,2008-12-23,712,0,0.0,0,,,n/a,,False,0,
BRO,BRO,equity,True,True,fja05680;wiki_changes_added;wiki_current,1995-01-03,2026-09-25,7986,0,0.0,active,52.0,0.006511394941147007,,,,,,,,,2021-09-20,,1260,1260,1.0,1260,0.0,Brown & Brown,n/a,,False,0,
BS,BS,equity,False,False,wiki_changes_removed,,,0,0,,no_data,,,,,,,,,,,,,0,0,,0,,Bethlehem Steel,n/a,,False,0,
BSC,BSC,equity,False,True,fja05680,,,0,0,,no_data,,,,,,,,,,,1998-07-01,2008-06-02,2114,0,0.0,0,,,n/a,,False,0,
BSX,BSX,equity,True,True,fja05680;wiki_current,1995-01-03,2026-09-25,7986,0,0.0,active,0.0,0.0,,,,,,,,,1996-01-02,,6723,6723,1.0,6723,0.0,,n/a,,False,0,
BTU,BTU,equity,False,False,wiki_changes_removed,2017-04-03,2026-09-25,2384,0,0.0,active,0.0,0.0,,,,,,,,,,,0,0,,0,,Peabody Energy,n/a,,False,0,
BTUUQ,BTUUQ,equity,False,True,fja05680,,,0,0,,no_data,,,,,,,,,,,2006-11-20,2014-09-22,1971,0,0.0,0,,,n/a,,False,0,
BUD,BUD,equity,False,True,fja05680;wiki_changes_added,2009-07-01,2026-09-25,4336,0,0.0,active,0.0,0.0,,,,,,,,,1996-01-02,2008-11-18,2233,0,0.0,0,,Anheuser Busch,n/a,series_starts_after_membership,True,0,
BVSN,BVSN,equity,False,True,fja05680,,,0,0,,no_data,,,,,,,,,,,2000-11-06,2001-09-04,207,0,0.0,0,,,n/a,,False,0,
BWA,BWA,equity,False,True,fja05680;wiki_changes_added;wiki_changes_removed,1995-01-03,2026-09-25,7986,0,0.0,active,0.0,0.0,,,,,,,,,2011-12-19,2025-03-24,3333,3333,1.0,3333,0.0,BorgWarner,n/a,,False,0,
BX,BX,equity,True,True,fja05680;wiki_changes_added;wiki_current,2007-06-22,2026-09-25,4846,0,0.0,active,0.0,0.0,,,,,,,,,2023-09-18,,759,759,1.0,759,0.0,Blackstone,n/a,,False,0,
BXLT,BXLT,equity,False,True,fja05680;wiki_changes_added;wiki_changes_removed,,,0,0,,no_data,,,,,,,,,,,2015-07-01,2016-06-03,233,0,0.0,0,,Baxalta,n/a,,False,0,
BXP,BXP,equity,True,True,fja05680;wiki_current,1997-06-18,2026-09-25,7364,0,0.0,active,0.0,0.0,,,,,,,,,2006-04-03,,5153,5153,1.0,5153,0.0,,n/a,,False,0,
C,C,equity,True,True,fja05680;wiki_current,1995-01-03,2026-09-25,7986,0,0.0,active,0.0,0.0,,,,,,,,,1996-01-02,,6723,6723,1.0,6723,0.0,,n/a,,False,1,
CA,CA,equity,False,True,fja05680;wiki_changes_removed,,,0,0,,no_data,,,,,,,,,,,1996-01-02,2018-11-06,4742,0,0.0,0,,CA Technologies,n/a,,False,0,
CAG,CAG,equity,False,True,fja05680;wiki_changes_removed,1995-01-03,2026-09-25,7986,0,0.0,active,0.0,0.0,,,,,,,,,1996-01-02,2026-06-30,6661,6661,1.0,6661,0.0,Conagra Brands,n/a,,False,0,
CAH,CAH,equity,True,True,fja05680;wiki_current,1995-01-03,2026-09-25,7986,0,0.0,active,0.0,0.0,,,,,,,,,1997-05-27,,6723,6723,1.0,6723,0.0,,n/a,,False,0,
CAM,CAM,equity,False,True,fja05680;wiki_changes_removed,2025-10-06,2026-09-25,245,0,0.0,active,0.0,0.0,,,,,,,,,2008-01-29,2016-04-04,2059,0,0.0,0,,Cameron International,n/a,series_starts_after_membership,True,0,
CAR,CAR,equity,False,True,fja05680,1995-01-03,2026-09-25,7986,0,0.0,active,0.0,0.0,,,,,,,,,1996-01-02,2006-08-01,1653,1653,1.0,1653,0.0,,n/a,,False,2,
CARR,CARR,equity,True,True,fja05680;wiki_changes_added;wiki_current,2020-03-19,2026-09-25,1639,0,0.0,active,0.0,0.0,,,,,,,,,2020-04-03,,1628,1628,1.0,1628,0.0,Carrier,n/a,,False,0,
CASY,CASY,equity,True,True,fja05680;wiki_changes_added;wiki_current,1995-01-03,2026-09-25,7986,0,0.0,active,0.0,0.0,,,,,,,,,2026-04-09,,118,118,1.0,118,0.0,Casey's,n/a,,False,0,
CAT,CAT,equity,True,True,fja05680;wiki_current,1995-01-03,2026-09-25,7986,0,0.0,active,0.0,0.0,,,,,,,,,1996-01-02,,6723,6723,1.0,6723,0.0,,n/a,,False,0,
CB,CB,equity,True,True,fja05680;wiki_changes_added;wiki_current,1995-01-03,2026-09-25,7986,0,0.0,active,0.0,0.0,,,,,,,,,1996-01-02,,6723,6723,1.0,6723,0.0,Chubb,n/a,,False,0,
CBE,CBE,equity,False,True,fja05680;wiki_changes_added;wiki_changes_removed,,,0,0,,no_data,,,,,,,,,,,1996-01-02,2012-12-03,2691,0,0.0,0,,Cooper Industries,n/a,,False,0,
CBH,CBH,equity,False,True,fja05680,,,0,0,,no_data,,,,,,,,,,,2006-06-06,2008-03-31,456,0,0.0,0,,,n/a,,False,0,
CBOE,CBOE,equity,True,True,fja05680;wiki_changes_added;wiki_current,2010-06-15,2026-09-25,4096,0,0.0,active,0.0,0.0,,,,,,,,,2017-03-01,,2407,2407,1.0,2407,0.0,Cboe Holdings,n/a,,False,0,
CBRE,CBRE,equity,True,True,fja05680;wiki_current,2004-06-10,2026-09-25,5609,0,0.0,active,0.0,0.0,,,,,,,,,2006-11-10,,4998,4998,1.0,4998,0.0,,n/a,,False,1,
CBS,CBS,equity,False,True,fja05680,,,0,0,,no_data,,,,,PSKY,,,,,,1996-01-02,2019-12-05,5013,0,0.0,3524,,,n/a,,False,0,
CBSS,CBSS,equity,False,True,fja05680,,,0,0,,no_data,,,,,,,,,,,2004-12-20,2007-09-07,683,0,0.0,0,,,n/a,,False,0,
CCE,CCE,equity,False,True,fja05680;wiki_changes_removed,,,0,0,,no_data,,,,,,,,,,,1998-10-08,2016-05-31,4127,0,0.0,0,,Coca-Cola Enterprises,n/a,,False,0,
CCEP,CCEP,equity,False,True,fja05680,1995-01-03,2026-09-25,7986,0,0.0,active,0.0,0.0,,,,,,,,,2016-01-04,2016-05-31,102,102,1.0,102,0.0,,n/a,,False,0,
CCI,CCI,equity,True,True,fja05680;wiki_changes_added;wiki_current,1998-08-18,2026-09-25,7070,0,0.0,active,1.0,0.00014144271570014144,,,,,,,,,2012-03-13,,3656,3656,1.0,3656,0.0002735229759299781,Crown Castle,n/a,,False,0,
CCK,CCK,equity,False,True,fja05680;wiki_changes_removed,1995-01-03,2026-09-25,7986,0,0.0,active,0.0,0.0,,,,,,,,,1996-01-02,2000-12-11,238,238,1.0,238,0.0,Crown Holdings,n/a,,False,0,
CCL,CCL,equity,True,True,fja05680;wiki_changes_added;wiki_current,1995-01-03,2026-09-25,7986,0,0.0,active,0.0,0.0,,,,,,,,,1998-12-22,,6723,6723,1.0,6723,0.0,Carnival Corporation,n/a,,False,0,
CCR,CCR,equity,False,False,wiki_changes_added,,,0,0,,no_data,,,,,,,,,,,,,0,0,,0,,Countrywide Credit Industries,n/a,,False,0,
CCTYQ,CCTYQ,equity,False,True,fja05680,,,0,0,,no_data,,,,,,,,,,,1996-01-02,2008-03-31,2070,0,0.0,0,,,n/a,,False,0,
CCU,CCU,equity,False,True,fja05680,1995-01-03,2026-09-25,7986,0,0.0,active,11.0,0.0013774104683195593,,,,,,,,,1997-09-02,2008-07-31,2156,2156,1.0,2156,0.004174397031539889,,n/a,,False,0,
CDAY,CDAY,equity,False,True,fja05680;wiki_changes_added;wiki_changes_removed,,,0,0,,no_data,,,,,,,,,,,2021-09-20,2024-02-01,595,0,0.0,0,,Ceridian,n/a,,False,0,
CDNS,CDNS,equity,True,True,fja05680;wiki_changes_added;wiki_current,1995-01-03,2026-09-25,7986,0,0.0,active,0.0,0.0,,,,,,,,,2017-09-18,,2268,2268,1.0,2268,0.0,Cadence Design Systems,n/a,,False,0,
CDW,CDW,equity,True,True,fja05680;wiki_changes_added;wiki_current,2013-06-27,2026-09-25,3332,0,0.0,active,0.0,0.0,,,,,,,,,2019-09-23,,1762,1762,1.0,1762,0.0,CDW,n/a,,False,0,
CE,CE,equity,False,True,fja05680;wiki_changes_added;wiki_changes_removed,2005-01-21,2026-09-25,5454,0,0.0,active,0.0,0.0,,,,,,,,,2001-04-02,2025-03-24,2297,1569,0.6830648672181105,1569,0.0,Celanese,n/a,series_starts_after_member_start,False,0,
CEG,CEG,equity,True,True,fja05680;wiki_changes_added;wiki_changes_removed;wiki_current,2022-01-19,2026-09-25,1176,0,0.0,active,0.0,0.0,,,,,,,,,1996-01-02,,4233,1166,0.27545476021733994,1166,0.0,Constellation Energy;Constellation Energy Group,n/a,series_starts_after_member_start,False,0,
CELG,CELG,equity,False,True,fja05680;wiki_changes_removed,,,0,0,,no_data,,,,,,,,,,,2006-11-06,2019-11-21,3283,0,0.0,0,,Celgene,n/a,,False,0,
CEN,CEN,equity,False,True,fja05680,,,0,0,,no_data,,,,,,,,,,,1996-01-02,2001-04-02,314,0,0.0,0,,,n/a,,False,0,
CEPH,CEPH,equity,False,True,fja05680;wiki_changes_removed,,,0,0,,no_data,,,,,,,,,,,2008-11-17,2011-10-14,733,0,0.0,0,,Cephalon,n/a,,False,0,
CERN,CERN,equity,False,True,fja05680;wiki_changes_added;wiki_changes_removed,,,0,0,,no_data,,,,,,,,,,,2010-04-30,2022-06-08,3048,0,0.0,0,,Cerner,n/a,,False,0,
CF,CF,equity,True,True,fja05680;wiki_current,2005-08-11,2026-09-25,5314,0,0.0,active,0.0,0.0,,,,,,,,,2000-06-19,,5603,4548,0.811708013564162,4548,0.0,,n/a,series_starts_after_member_start,False,0,
CFC,CFC,equity,False,True,fja05680;wiki_changes_removed,,,0,0,,no_data,,,,,,,,,,,1997-06-18,2008-07-01,2135,0,0.0,0,,Countrywide Financial Corp,n/a,,False,0,
CFG,CFG,equity,True,True,fja05680;wiki_changes_added;wiki_current,2014-09-24,2026-09-25,3019,0,0.0,active,0.0,0.0,,,,,,,,,2016-02-01,,2679,2679,1.0,2679,0.0,Citizens,n/a,,False,0,
CFN,CFN,equity,False,True,fja05680;wiki_changes_removed,,,0,0,,no_data,,,,,,,,,,,2009-09-01,2015-03-17,1393,0,0.0,0,,Carefusion,n/a,,False,0,
CG,CG,equity,False,True,fja05680,2012-05-03,2026-09-25,3620,0,0.0,active,0.0,0.0,,,,,,,,,1996-01-02,2000-11-02,212,0,0.0,0,,,n/a,series_starts_after_membership,True,0,
CGP,CGP,equity,False,True,fja05680,,,0,0,,no_data,,,,,,,,,,,1996-01-02,2001-01-30,271,0,0.0,0,,,n/a,,False,0,
CHA,CHA,equity,False,True,fja05680,2025-04-17,2026-09-25,362,0,0.0,active,0.0,0.0,,,,,,,,,1996-01-02,2000-06-19,116,0,0.0,0,,,n/a,series_starts_after_membership,True,0,
CHD,CHD,equity,True,True,fja05680;wiki_changes_added;wiki_current,1995-01-03,2026-09-25,7986,0,0.0,active,1.0,0.00012521913348359628,,,,,,,,,2015-12-29,,2701,2701,1.0,2701,0.00037023324694557573,Church & Dwight,n/a,,False,0,
CHIR,CHIR,equity,False,True,fja05680,,,0,0,,no_data,,,,,,,,,,,2000-11-24,2006-04-20,1355,0,0.0,0,,,n/a,,False,0,
CHK,CHK,equity,False,True,fja05680;wiki_changes_removed,,,0,0,,no_data,,,,,,,,,,,2006-03-03,2018-03-19,3031,0,0.0,0,,Chesapeake Energy,n/a,,False,0,
CHRW,CHRW,equity,True,True,fja05680;wiki_current,1997-10-16,2026-09-25,7280,0,0.0,active,0.0,0.0,,,,,,,,,2007-03-02,,4924,4924,1.0,4924,0.0,,n/a,,False,0,
CHTR,CHTR,equity,True,True,fja05680;wiki_changes_added;wiki_current,2010-01-05,2026-09-25,4207,0,0.0,active,18.0,0.004278583313525077,,,,,,,,,2016-09-08,,2526,2526,1.0,2526,0.0,Charter Communications,n/a,,False,0,
CI,CI,equity,True,True,fja05680;wiki_current,1995-01-03,2026-09-25,7986,0,0.0,active,0.0,0.0,,,,,,,,,1996-01-02,,6723,6723,1.0,6723,0.0,,n/a,,False,0,
CIEN,CIEN,equity,True,True,fja05680;wiki_changes_added;wiki_changes_removed;wiki_current,1997-02-07,2026-09-25,7454,0,0.0,active,0.0,0.0,,,,,,,,,2001-08-30,,2247,2247,1.0,2247,0.0,Ciena,n/a,,False,0,
CIN,CIN,equity,False,True,fja05680,,,0,0,,no_data,,,,,,,,,,,1996-01-02,2006-04-03,1570,0,0.0,0,,,n/a,,False,0,
CINF,CINF,equity,True,True,fja05680;wiki_current,1995-01-03,2026-09-25,7986,0,0.0,active,0.0,0.0,,,,,,,,,1997-12-18,,6723,6723,1.0,6723,0.0,,n/a,,False,0,
CIT-A,CIT.A,equity,False,True,fja05680,,,0,0,,no_data,,,,,,,,,,,2000-07-17,2001-06-04,222,0,0.0,0,,,n/a,,False,0,
CITGQ,CITGQ,equity,False,True,fja05680,,,0,0,,no_data,,,,,,,,,,,2004-10-27,2009-07-27,1194,0,0.0,0,,,n/a,,False,0,
CL,CL,equity,True,True,fja05680;wiki_current,1995-01-03,2026-09-25,7986,0,0.0,active,0.0,0.0,,,,,,,,,1996-01-02,,6723,6723,1.0,6723,0.0,,n/a,,False,0,
CLF,CLF,equity,False,True,fja05680;wiki_changes_added;wiki_changes_removed,1995-01-03,2026-09-25,7986,0,0.0,active,0.0,0.0,,,,,,,,,2009-12-21,2014-04-02,1076,1076,1.0,1076,0.0,Cliffs Natural Resources,n/a,,False,0,
CLX,CLX,equity,True,True,fja05680;wiki_current,1995-01-03,2026-09-25,7986,0,0.0,active,0.0,0.0,,,,,,,,,1996-01-02,,6723,6723,1.0,6723,0.0,,n/a,,False,0,
CMA,CMA,equity,False,True,fja05680;wiki_changes_removed,,,0,0,,no_data,,,,,,,,,,,1996-01-02,2024-06-24,6156,0,0.0,0,,Comerica,n/a,,False,0,
CMCSA,CMCSA,equity,True,True,fja05680;wiki_current,1995-01-03,2026-09-25,7986,0,0.0,active,0.0,0.0,,,,,,,,,1996-01-02,,6723,6723,1.0,6723,0.0,,n/a,,False,0,
CMCSK,CMCSK,equity,False,True,fja05680;wiki_changes_added;wiki_changes_removed,,,0,0,,no_data,,,,,,,,,,,2015-09-21,2015-12-14,59,0,0.0,0,,Comcast Class K Special;Comcast Series K,n/a,,False,0,
CME,CME,equity,True,True,fja05680;wiki_current,2002-12-06,2026-09-25,5988,0,0.0,active,0.0,0.0,,,,,,,,,2006-08-11,,5062,5062,1.0,5062,0.0,,n/a,,False,0,
CMG,CMG,equity,True,True,fja05680;wiki_changes_added;wiki_current,2006-01-26,2026-09-25,5199,0,0.0,active,0.0,0.0,,,,,,,,,2011-04-28,,3876,3876,1.0,3876,0.0,Chipotle Mexican Grill,n/a,,False,0,
CMI,CMI,equity,True,True,fja05680;wiki_current,1995-01-03,2026-09-25,7986,0,0.0,active,0.0,0.0,,,,,,,,,1996-01-02,,6723,6723,1.0,6723,0.0,,n/a,,False,0,
CMS,CMS,equity,True,True,fja05680;wiki_current,1995-01-03,2026-09-25,7986,0,0.0,active,0.0,0.0,,,,,,,,,1999-05-03,,6723,6723,1.0,6723,0.0,,n/a,,False,0,
CMVT,CMVT,equity,False,True,fja05680,,,0,0,,no_data,,,,,,,,,,,1999-10-27,2007-02-01,1779,0,0.0,0,,,n/a,,False,0,
CMX,CMX,equity,False,True,fja05680,,,0,0,,no_data,,,,,,,,,,,2004-03-25,2007-03-23,753,0,0.0,0,,,n/a,,False,0,
CNC,CNC,equity,True,True,fja05680;wiki_changes_added;wiki_current,2001-12-13,2026-09-25,6235,0,0.0,active,1.0,0.00016038492381716118,,,,,,,,,1997-01-15,,3280,2792,0.8512195121951219,2792,0.00035816618911174784,Centene Corporation,n/a,series_starts_after_member_start,False,0,
CNG,CNG,equity,False,True,fja05680,,,0,0,,no_data,,,,,,,,,,,1996-01-02,2000-01-31,19,0,0.0,0,,,n/a,,False,0,
CNP,CNP,equity,True,True,fja05680;wiki_current,1995-01-03,2026-09-25,7986,0,0.0,active,0.0,0.0,,,,,,,,,1996-01-02,,6723,6723,1.0,6723,0.0,,n/a,,False,1,
CNX,CNX,equity,False,True,fja05680;wiki_changes_removed,1999-04-30,2026-09-25,6894,0,0.0,active,0.0,0.0,,,,,,,,,2006-06-28,2016-03-04,2437,2437,1.0,2437,0.0,Consol Energy,n/a,,False,0,
CNXT,CNXT,equity,False,True,fja05680,2014-07-24,2026-09-25,3062,0,0.0,active,4.0,0.0013063357282821686,,,,,,,,,2000-01-31,2002-06-26,602,0,0.0,0,,,n/a,series_starts_after_membership,True,0,
COC-B,COC.B,equity,False,True,fja05680,,,0,0,,no_data,,,,,,,,,,,1999-08-09,2002-09-03,668,0,0.0,0,,,n/a,,False,0,
COF,COF,equity,True,True,fja05680;wiki_current,1995-01-03,2026-09-25,7986,0,0.0,active,0.0,0.0,,,,,,,,,1998-07-01,,6723,6723,1.0,6723,0.0,,n/a,,False,0,
COG,COG,equity,False,True,fja05680;wiki_changes_added,,,0,0,,no_data,,,,,,,,,,,2008-06-23,2021-10-04,3344,0,0.0,0,,Cabot Oil & Gas,n/a,,False,0,
COHR,COHR,equity,True,True,fja05680;wiki_changes_added;wiki_current,1995-01-03,2026-09-25,7986,0,0.0,active,1.0,0.00012521913348359628,,,,,,,,,2026-03-23,,130,130,1.0,130,0.0,Coherent Corp.,n/a,,False,2,
COIN,COIN,equity,True,True,fja05680;wiki_changes_added;wiki_current,2021-04-14,2026-09-25,1370,0,0.0,active,0.0,0.0,,,,,,,,,2025-05-19,,341,341,1.0,341,0.0,Coinbase,n/a,,False,0,
COL,COL,equity,False,True,fja05680;wiki_changes_removed,,,0,0,,no_data,,,,,,,,,,,2001-07-02,2018-11-27,4379,0,0.0,0,,Rockwell Collins,n/a,,False,0,
COMS,COMS,equity,False,True,fja05680,2008-08-15,2026-09-24,4555,0,0.0,ended_before_2026-09-25,1792.0,0.3934138309549945,2008;2009;2010;2011;2012;2013;2014;2025;2026,2026,,,,,,,1996-01-02,2000-07-28,144,0,0.0,0,,,n/a,series_starts_after_membership;thin_pre_history,True,98,88.0
COO,COO,equity,True,True,fja05680;wiki_changes_added;wiki_current,1995-01-03,2026-09-25,7986,0,0.0,active,0.0,0.0,,,,,,,,,2016-09-23,,2515,2515,1.0,2515,0.0,The Cooper Companies,n/a,,False,0,
COP,COP,equity,True,True,fja05680;wiki_current,1995-01-03,2026-09-25,7986,0,0.0,active,0.0,0.0,,,,,,,,,1996-01-02,,6723,6723,1.0,6723,0.0,,n/a,,False,0,
COR,COR,equity,True,True,fja05680;wiki_current,1995-04-04,2026-09-25,7922,0,0.0,active,0.0,0.0,,,,,,,,,2023-08-30,,771,771,1.0,771,0.0,,n/a,,False,0,
COST,COST,equity,True,True,fja05680;wiki_current,1995-01-03,2026-09-25,7986,0,0.0,active,0.0,0.0,,,,,,,,,1996-01-02,,6723,6723,1.0,6723,0.0,,n/a,,False,0,
COTY,COTY,equity,False,True,fja05680;wiki_changes_added;wiki_changes_removed,2013-06-13,2026-09-25,3342,0,0.0,active,0.0,0.0,,,,,,,,,2016-10-03,2020-09-21,998,998,1.0,998,0.0,Coty,n/a,,False,0,
COV,COV,equity,False,True,fja05680;wiki_changes_added;wiki_changes_removed,,,0,0,,no_data,,,,,,,,,,,2007-07-02,2015-01-27,1469,0,0.0,0,,Covidien,n/a,,False,0,
CPAY,CPAY,equity,True,True,fja05680;wiki_current,2010-12-15,2026-09-25,3968,0,0.0,active,0.0,0.0,,,,,,,,,2024-03-25,,629,629,1.0,629,0.0,,n/a,,False,0,
CPB,CPB,equity,False,True,fja05680;wiki_changes_removed,1995-01-03,2026-09-25,7986,0,0.0,active,0.0,0.0,,,,,,,,,1996-01-02,2026-06-22,6655,6655,1.0,6655,0.0,Campbell's,n/a,,False,0,
CPGX,CPGX,equity,False,True,fja05680;wiki_changes_added;wiki_changes_removed,,,0,0,,no_data,,,,,,,,,,,2015-07-02,2016-07-01,252,0,0.0,0,,Columbia Pipeline Group,n/a,,False,0,
CPNLQ,CPNLQ,equity,False,True,fja05680,,,0,0,,no_data,,,,,,,,,,,2000-12-01,2005-12-02,1256,0,0.0,0,,,n/a,,False,0,
CPQ,CPQ,equity,False,True,fja05680,,,0,0,,no_data,,,,,,,,,,,1996-01-02,2002-05-06,585,0,0.0,0,,,n/a,,False,0,
CPRI,CPRI,equity,False,True,fja05680;wiki_changes_removed,2011-12-15,2026-09-25,3715,0,0.0,active,0.0,0.0,,,,,,,,,2016-01-04,2020-05-12,1096,1096,1.0,1096,0.0,Capri Holdings,n/a,,False,1,
CPRT,CPRT,equity,True,True,fja05680;wiki_changes_added;wiki_current,1995-01-03,2026-09-25,7986,0,0.0,active,3.0,0.0003756574004507889,,,,,,,,,2018-07-02,,2070,2070,1.0,2070,0.0,Copart,n/a,,False,0,
CPT,CPT,equity,True,True,fja05680;wiki_changes_added;wiki_current,1995-01-03,2026-09-25,7986,0,0.0,active,0.0,0.0,,,,,,,,,2022-04-04,,1124,1124,1.0,1124,0.0,Camden Property Trust,n/a,,False,0,
CPWR,CPWR,equity,False,True,fja05680;wiki_changes_added;wiki_changes_removed,2006-12-04,2026-09-24,4982,0,0.0,ended_before_2026-09-25,2899.0,0.5818948213568848,2006;2007;2008;2009;2010;2011;2012;2013;2014;2015;2016;2017;2019;2023;2024;2025;2026,2026,,,,,,,1999-01-04,2012-01-03,3019,1279,0.4236502153030805,1279,0.7607505863956215,Compuware,n/a,series_starts_after_member_start;thin_during_membership;thin_pre_history,False,111,394.0
CR,CR,equity,False,True,fja05680,2023-03-29,2026-09-25,877,0,0.0,active,0.0,0.0,,,,,,,,,1996-01-02,2004-12-20,1247,0,0.0,0,,,n/a,series_starts_after_membership,True,0,
CRH,CRH,equity,True,True,fja05680;wiki_changes_added;wiki_current,1995-01-03,2026-09-25,7986,0,0.0,active,435.0,0.05447032306536439,1995;1996;1997,1997,,,,,,,2025-12-22,,191,191,1.0,191,0.0,CRH,n/a,thin_pre_history,False,0,24.0
CRL,CRL,equity,True,True,fja05680;wiki_changes_added;wiki_current,2000-06-23,2026-09-25,6603,0,0.0,active,0.0,0.0,,,,,,,,,2021-05-14,,1348,1348,1.0,1348,0.0,Charles River Laboratories,n/a,,False,0,
CRM,CRM,equity,True,True,fja05680;wiki_changes_added;wiki_current,2004-06-23,2026-09-25,5601,0,0.0,active,0.0,0.0,,,,,,,,,2008-09-15,,4536,4536,1.0,4536,0.0,Salesforce,n/a,,False,0,
CRWD,CRWD,equity,True,True,fja05680;wiki_changes_added;wiki_current,2019-06-12,2026-09-25,1833,0,0.0,active,0.0,0.0,,,,,,,,,2024-06-24,,567,567,1.0,567,0.0,CrowdStrike,n/a,,False,0,
CSC,CSC,equity,False,False,wiki_changes_removed,,,0,0,,no_data,,,,,,,,,,,,,0,0,,0,,Computer Sciences Corporation,n/a,,False,0,
CSCO,CSCO,equity,True,True,fja05680;wiki_current,1995-01-03,2026-09-25,7986,0,0.0,active,0.0,0.0,,,,,,,,,1996-01-02,,6723,6723,1.0,6723,0.0,,n/a,,False,0,
CSGP,CSGP,equity,True,True,fja05680;wiki_changes_added;wiki_current,1998-07-01,2026-09-25,7103,0,0.0,active,8.0,0.0011262846684499507,,,,,,,,,2022-09-19,,1009,1009,1.0,1009,0.0,CoStar Group,n/a,,False,0,
CSR,CSR,equity,False,True,fja05680,1997-10-17,2026-09-25,7279,0,0.0,active,76.0,0.01044099464212117,,,,,,,,,1996-01-02,2000-06-16,115,115,1.0,115,0.02608695652173913,,n/a,,False,2,11.0
CSRA,CSRA,equity,False,True,fja05680;wiki_changes_added;wiki_changes_removed,2026-08-12,2026-09-25,32,0,0.0,active,0.0,0.0,,,,,,,,,2015-11-30,2018-04-04,589,0,0.0,0,,CSRA,n/a,series_starts_after_membership,True,0,
CSX,CSX,equity,True,True,fja05680;wiki_current,1995-01-03,2026-09-25,7986,0,0.0,active,0.0,0.0,,,,,,,,,1996-01-02,,6723,6723,1.0,6723,0.0,,n/a,,False,0,
CTAS,CTAS,equity,True,True,fja05680;wiki_current,1995-01-03,2026-09-25,7986,0,0.0,active,0.0,0.0,,,,,,,,,2001-03-01,,6431,6431,1.0,6431,0.0,,n/a,,False,0,
CTB,CTB,equity,False,True,fja05680,,,0,0,,no_data,,,,,,,,,,,1996-01-02,2006-07-18,1643,0,0.0,0,,,n/a,,False,0,
CTL,CTL,equity,False,True,fja05680,,,0,0,,no_data,,,,,LUMN,,,,,,1999-03-25,2020-09-18,5211,0,0.0,5211,,,n/a,,False,0,
CTLT,CTLT,equity,False,True,fja05680;wiki_changes_added;wiki_changes_removed,,,0,0,,no_data,,,,,,,,,,,2020-09-21,2024-12-23,1071,0,0.0,0,,Catalent,n/a,,False,0,
CTRA,CTRA,equity,False,True,fja05680;wiki_changes_removed,,,0,0,,no_data,,,,,,,,,,,2021-10-04,2026-05-07,1152,0,0.0,0,,Coterra Energy,n/a,,False,0,
CTSH,CTSH,equity,True,True,fja05680;wiki_current,1998-06-19,2026-09-25,7111,0,0.0,active,0.0,0.0,,,,,,,,,2006-11-17,,4993,4993,1.0,4993,0.0,,n/a,,False,0,
CTVA,CTVA,equity,True,True,fja05680;wiki_changes_added;wiki_current,2019-05-24,2026-09-25,1845,0,0.0,active,0.0,0.0,,,,,,,,,2019-06-03,,1840,1840,1.0,1840,0.0,Corteva,n/a,,False,0,
CTX,CTX,equity,False,True,fja05680;wiki_changes_removed,,,0,0,,no_data,,,,,,,,,,,1996-01-02,2009-08-19,2421,0,0.0,0,,Centex Corp.,n/a,,False,0,
CTXS,CTXS,equity,False,True,fja05680;wiki_changes_removed,,,0,0,,no_data,,,,,,,,,,,1999-12-01,2022-10-03,5724,0,0.0,0,,Citrix Systems,n/a,,False,0,
CVC,CVC,equity,False,True,fja05680;wiki_changes_added;wiki_changes_removed,,,0,0,,no_data,,,,,,,,,,,2010-12-20,2016-06-21,1384,0,0.0,0,,Cablevision;Cablevision Systems,n/a,,False,0,
CVG,CVG,equity,False,True,fja05680;wiki_changes_added;wiki_changes_removed,,,0,0,,no_data,,,,,,,,,,,2000-06-13,2009-12-21,2395,0,0.0,0,,Convergys,n/a,,False,0,
CVH,CVH,equity,False,True,fja05680;wiki_changes_removed,,,0,0,,no_data,,,,,,,,,,,2005-08-30,2013-05-07,1933,0,0.0,0,,Coventry Health Care,n/a,,False,0,
CVNA,CVNA,equity,True,True,fja05680;wiki_changes_added;wiki_current,2017-04-28,2026-09-25,2366,0,0.0,active,0.0,0.0,,,,,,,,,2025-12-22,,191,191,1.0,191,0.0,Carvana,n/a,,False,1,
CVS,CVS,equity,True,True,fja05680;wiki_current,1995-01-03,2026-09-25,7986,0,0.0,active,0.0,0.0,,,,,,,,,1996-01-02,,6723,6723,1.0,6723,0.0,,n/a,,False,0,
CVX,CVX,equity,True,True,fja05680;wiki_current,1995-01-03,2026-09-25,7986,0,0.0,active,0.0,0.0,,,,,,,,,1996-01-02,,6723,6723,1.0,6723,0.0,,n/a,,False,0,
CXO,CXO,equity,False,True,fja05680;wiki_changes_added;wiki_changes_removed,,,0,0,,no_data,,,,,,,,,,,2016-02-22,2021-01-21,1238,0,0.0,0,,Concho Resources,n/a,,False,0,
CZR,CZR,equity,False,True,fja05680;wiki_changes_added;wiki_changes_removed,2014-09-22,2026-09-25,3021,0,0.0,active,0.0,0.0,,,,,,,,,2021-03-22,2025-09-22,1131,1131,1.0,1131,0.0,Caesars Entertainment,n/a,,False,0,
D,D,equity,True,True,fja05680;wiki_current,1995-01-03,2026-09-25,7986,0,0.0,active,0.0,0.0,,,,,,,,,1996-01-02,,6723,6723,1.0,6723,0.0,,n/a,,False,0,
DAL,DAL,equity,True,True,fja05680;wiki_changes_added;wiki_current,2007-05-03,2026-09-25,4881,0,0.0,active,0.0,0.0,,,,,,,,,2013-09-11,,3280,3280,1.0,3280,0.0,Delta Air Lines,n/a,,False,0,
DALRQ,DALRQ,equity,False,True,fja05680,,,0,0,,no_data,,,,,,,,,,,1996-01-02,2005-08-19,1415,0,0.0,0,,,n/a,,False,0,
DASH,DASH,equity,True,True,fja05680;wiki_changes_added;wiki_current,2020-12-09,2026-09-25,1455,0,0.0,active,0.0,0.0,,,,,,,,,2025-03-24,,380,380,1.0,380,0.0,DoorDash,n/a,,False,0,
DAY,DAY,equity,False,True,fja05680;wiki_changes_added;wiki_changes_removed,,,0,0,,no_data,,,,,,,,,,,2024-02-01,2026-02-09,506,0,0.0,0,,Dayforce,n/a,,False,0,
DCNAQ,DCNAQ,equity,False,True,fja05680,,,0,0,,no_data,,,,,,,,,,,1996-01-02,2006-03-03,1549,0,0.0,0,,,n/a,,False,0,
DD,DD,equity,True,True,fja05680;wiki_changes_added;wiki_changes_removed;wiki_current,1995-01-03,2026-09-25,7986,0,0.0,active,0.0,0.0,,,,,,,,,1996-01-02,,6285,6285,1.0,6285,0.0,DuPont,n/a,,False,0,
DDOG,DDOG,equity,True,True,fja05680;wiki_changes_added;wiki_current,2019-09-19,2026-09-25,1764,0,0.0,active,0.0,0.0,,,,,,,,,2025-07-09,,307,307,1.0,307,0.0,Datadog,n/a,,False,0,
DDR,DDR,equity,False,True,fja05680,,,0,0,,no_data,,,,,,,,,,,2007-03-23,2009-03-30,508,0,0.0,0,,,n/a,,False,0,
DDS,DDS,equity,False,True,fja05680,1995-01-03,2026-09-25,7986,0,0.0,active,0.0,0.0,,,,,,,,,1996-01-02,2008-10-22,2214,2214,1.0,2214,0.0,,n/a,,False,0,
DE,DE,equity,True,True,fja05680;wiki_current,1995-01-03,2026-09-25,7986,0,0.0,active,0.0,0.0,,,,,,,,,1996-01-02,,6723,6723,1.0,6723,0.0,,n/a,,False,0,
DECK,DECK,equity,True,True,fja05680;wiki_changes_added;wiki_current,1995-01-03,2026-09-25,7986,0,0.0,active,37.0,0.004633107938893063,,,,,,,,,2024-03-18,,634,634,1.0,634,0.0,Deckers Brands,n/a,,False,2,
DELL,DELL,equity,True,True,fja05680;wiki_changes_added;wiki_changes_removed;wiki_current,2016-08-17,2026-09-25,2541,0,0.0,active,0.0,0.0,,,,,,,,,1996-09-06,,3981,504,0.12660135644310475,504,0.0,Dell;Dell Technologies,n/a,series_starts_after_member_start,False,0,
DF,DF,equity,False,True,fja05680;wiki_changes_removed,,,0,0,,no_data,,,,,,,,,,,2006-04-03,2013-05-24,1798,0,0.0,0,,Dean Foods,n/a,,False,0,
DFS,DFS,equity,False,True,fja05680;wiki_changes_added;wiki_changes_removed,,,0,0,,no_data,,,,,,,,,,,2007-07-02,2025-05-19,4499,0,0.0,0,,Discover Financial,n/a,,False,0,
DG,DG,equity,True,True,fja05680;wiki_changes_added;wiki_current,2009-11-13,2026-09-25,4241,0,0.0,active,0.0,0.0,,,,,,,,,1998-07-16,,5361,3474,0.6480134303301622,3474,0.0,Dollar General,n/a,series_starts_after_member_start,False,0,
DGX,DGX,equity,True,True,fja05680;wiki_current,1996-12-17,2026-09-25,7490,0,0.0,active,0.0,0.0,,,,,,,,,2002-12-12,,5984,5984,1.0,5984,0.0,,n/a,,False,0,
DHI,DHI,equity,True,True,fja05680;wiki_current,1995-01-03,2026-09-25,7986,0,0.0,active,5.0,0.0006260956674179815,,,,,,,,,2005-07-05,,5341,5341,1.0,5341,0.0,,n/a,,False,0,
DHR,DHR,equity,True,True,fja05680;wiki_current,1995-01-03,2026-09-25,7986,0,0.0,active,0.0,0.0,,,,,,,,,1998-11-18,,6723,6723,1.0,6723,0.0,,n/a,,False,0,
DIS,DIS,equity,True,True,fja05680;wiki_changes_added;wiki_current,1995-01-03,2026-09-25,7986,0,0.0,active,0.0,0.0,,,,,,,,,1996-01-02,,6723,6723,1.0,6723,0.0,The Walt Disney Company,n/a,,False,0,
DISCA,DISCA,equity,False,True,fja05680;wiki_changes_removed,,,0,0,,no_data,,,,,,,,,,,2010-03-01,2022-04-11,3051,0,0.0,0,,"Discovery, Inc.",n/a,,False,0,
DISCK,DISCK,equity,False,True,fja05680;wiki_changes_added;wiki_changes_removed,,,0,0,,no_data,,,,,,,,,,,2014-08-07,2022-04-11,1933,0,0.0,0,,"Discovery Communications;Discovery, Inc.",n/a,,False,0,
DISH,DISH,equity,False,True,fja05680;wiki_changes_added;wiki_changes_removed,,,0,0,,no_data,,,,,,,,,,,2017-03-13,2023-06-20,1578,0,0.0,0,,Dish Network,n/a,,False,0,
DJ,DJ,equity,False,True,fja05680;wiki_changes_removed,,,0,0,,no_data,,,,,,,,,,,1996-01-02,2007-12-14,1999,0,0.0,0,,Dow Jones,n/a,,False,0,
DLPH,DLPH,equity,False,False,wiki_changes_added,,,0,0,,no_data,,,,,,,,,,,,,0,0,,0,,Delphi Automotive,n/a,,False,0,
DLR,DLR,equity,True,True,fja05680;wiki_changes_added;wiki_current,2004-10-29,2026-09-25,5511,0,0.0,active,0.0,0.0,,,,,,,,,2016-05-18,,2604,2604,1.0,2604,0.0,Digital Realty,n/a,,False,0,
DLTR,DLTR,equity,True,True,fja05680;wiki_changes_added;wiki_current,1995-03-07,2026-09-25,7942,0,0.0,active,0.0,0.0,,,,,,,,,2011-12-19,,3713,3713,1.0,3713,0.0,Dollar Tree,n/a,,False,0,
DLX,DLX,equity,False,True,fja05680,1995-01-03,2026-09-25,7986,0,0.0,active,0.0,0.0,,,,,,,,,1996-01-02,2004-12-20,1247,1247,1.0,1247,0.0,,n/a,,False,0,
DNB,DNB,equity,False,True,fja05680;wiki_changes_removed,,,0,0,,no_data,,,,,,,,,,,2008-12-02,2017-04-05,2099,0,0.0,0,,Dun & Bradstreet,n/a,,False,0,
DNR,DNR,equity,False,True,fja05680;wiki_changes_removed,,,0,0,,no_data,,,,,,,,,,,2009-04-02,2015-03-23,1502,0,0.0,0,,Denbury Resources,n/a,,False,0,
DO,DO,equity,False,True,fja05680;wiki_changes_removed,,,0,0,,no_data,,,,,,,,,,,2009-02-26,2016-10-03,1914,0,0.0,0,,Diamond Offshore Drilling,n/a,,False,0,
DOC,DOC,equity,True,True,fja05680;wiki_current,1995-01-03,2026-09-25,7986,0,0.0,active,1.0,0.00012521913348359628,,,,,,,,,2024-03-04,,644,644,1.0,644,0.0,,n/a,,False,0,
DOV,DOV,equity,True,True,fja05680;wiki_current,1995-01-03,2026-09-25,7986,0,0.0,active,0.0,0.0,,,,,,,,,1996-01-02,,6723,6723,1.0,6723,0.0,,n/a,,False,0,
DOW,DOW,equity,True,True,fja05680;wiki_changes_added;wiki_changes_removed;wiki_current,2019-03-20,2026-09-25,1891,0,0.0,active,0.0,0.0,,,,,,,,,1996-01-02,,6327,1882,0.297455350086929,1882,0.0,Dow;Dow Chemical Company,n/a,series_starts_after_member_start,False,0,
DPHIQ,DPHIQ,equity,False,True,fja05680,,,0,0,,no_data,,,,,,,,,,,1999-05-28,2005-10-11,1451,0,0.0,0,,,n/a,,False,0,
DPS,DPS,equity,False,False,wiki_changes_removed,,,0,0,,no_data,,,,,,,,,,,,,0,0,,0,,Dr Pepper Snapple Group,n/a,,False,0,
DPZ,DPZ,equity,True,True,fja05680;wiki_changes_added;wiki_current,2004-07-13,2026-09-25,5588,0,0.0,active,0.0,0.0,,,,,,,,,2020-05-12,,1602,1602,1.0,1602,0.0,Domino's Pizza,n/a,,False,0,
DRE,DRE,equity,False,True,fja05680;wiki_changes_added;wiki_changes_removed,,,0,0,,no_data,,,,,,,,,,,2017-07-26,2022-10-03,1306,0,0.0,0,,Duke Realty,n/a,,False,0,
DRI,DRI,equity,True,True,fja05680;wiki_current,1995-05-09,2026-09-25,7898,0,0.0,active,0.0,0.0,,,,,,,,,1996-01-02,,6723,6723,1.0,6723,0.0,,n/a,,False,0,
DTE,DTE,equity,True,True,fja05680;wiki_current,1995-01-03,2026-09-25,7986,0,0.0,active,0.0,0.0,,,,,,,,,1996-01-02,,6723,6723,1.0,6723,0.0,,n/a,,False,0,
DTV,DTV,equity,False,True,fja05680;wiki_changes_removed,,,0,0,,no_data,,,,,,,,,,,2006-12-04,2015-07-27,2174,0,0.0,0,,DirecTV,n/a,,False,0,
DUK,DUK,equity,True,True,fja05680;wiki_current,1995-01-03,2026-09-25,7986,0,0.0,active,0.0,0.0,,,,,,,,,1996-01-02,,6723,6723,1.0,6723,0.0,,n/a,,False,0,
DV,DV,equity,False,False,wiki_changes_removed,2021-04-21,2026-09-25,1365,0,0.0,active,0.0,0.0,,,,,,,,,,,0,0,,0,,DeVry,n/a,,False,0,
DVA,DVA,equity,True,True,fja05680;wiki_current,1995-10-31,2026-09-25,7776,0,0.0,active,0.0,0.0,,,,,,,,,2008-07-31,,4567,4567,1.0,4567,0.0,,n/a,,False,1,
DVN,DVN,equity,True,True,fja05680;wiki_current,1995-01-03,2026-09-25,7986,0,0.0,active,1.0,0.00012521913348359628,,,,,,,,,2000-08-30,,6556,6556,1.0,6556,0.0,,n/a,,False,0,
DWDP,DWDP,equity,False,True,fja05680;wiki_changes_added;wiki_changes_removed,,,0,0,,no_data,,,,,,,,,,,2017-09-01,2019-06-03,438,0,0.0,0,,DuPont,n/a,,False,0,
DXC,DXC,equity,False,True,fja05680;wiki_changes_added;wiki_changes_removed,1995-01-03,2026-09-25,7986,0,0.0,active,0.0,0.0,,,,,,,,,1996-01-02,2023-10-02,5637,5637,1.0,5637,0.0,DXC Technology,n/a,,False,0,
DXCM,DXCM,equity,True,True,fja05680;wiki_changes_added;wiki_current,2005-04-14,2026-09-25,5397,0,0.0,active,1.0,0.00018528812303131369,,,,,,,,,2020-05-12,,1602,1602,1.0,1602,0.0,Dexcom,n/a,,False,1,
DYN,DYN,equity,False,True,fja05680;wiki_changes_removed,2020-09-17,2026-09-25,1513,0,0.0,active,0.0,0.0,,,,,,,,,2000-10-03,2009-12-21,2317,0,0.0,0,,Dynegy,n/a,series_starts_after_membership,True,0,
EA,EA,equity,False,True,fja05680;wiki_changes_removed,2026-08-04,2026-08-04,1,0,0.0,ended_before_2026-09-25,0.0,0.0,,,,,,,,,2002-07-22,2026-08-05,6048,1,0.00016534391534391533,1,0.0,Electronic Arts,n/a,series_starts_after_member_start,False,0,
EBAY,EBAY,equity,True,True,fja05680;wiki_current,1998-09-24,2026-09-25,7044,0,0.0,active,0.0,0.0,,,,,,,,,2002-07-22,,6085,6085,1.0,6085,0.0,,n/a,,False,0,
EC,EC,equity,False,True,fja05680,2008-09-18,2026-09-25,4533,0,0.0,active,0.0,0.0,,,,,,,,,1996-01-02,2006-06-06,1614,0,0.0,0,,,n/a,series_starts_after_membership,True,0,
ECHO,ECHO,equity,True,True,fja05680;wiki_current,2008-01-02,2026-09-25,4713,0,0.0,active,0.0,0.0,,,,,,,,,2026-06-24,,66,66,1.0,66,0.0,,n/a,,False,1,
ECL,ECL,equity,True,True,fja05680;wiki_current,1995-01-03,2026-09-25,7986,0,0.0,active,0.0,0.0,,,,,,,,,1996-01-02,,6723,6723,1.0,6723,0.0,,n/a,,False,0,
ED,ED,equity,True,True,fja05680;wiki_current,1995-01-03,2026-09-25,7986,0,0.0,active,0.0,0.0,,,,,,,,,1996-01-02,,6723,6723,1.0,6723,0.0,,n/a,,False,0,
EDS,EDS,equity,False,True,fja05680,,,0,0,,no_data,,,,,,,,,,,1998-08-11,2008-08-26,2174,0,0.0,0,,,n/a,,False,0,
EFU,EFU,equity,False,True,fja05680,2007-10-25,2026-09-25,4759,0,0.0,active,214.0,0.044967430132380755,2017;2018,2018,,,,,,,1996-01-02,2000-11-02,212,0,0.0,0,,,n/a,series_starts_after_membership;thin_pre_history,True,0,23.0
EFX,EFX,equity,True,True,fja05680;wiki_current,1995-01-03,2026-09-25,7986,0,0.0,active,0.0,0.0,,,,,,,,,1997-06-19,,6723,6723,1.0,6723,0.0,,n/a,,False,0,
EG,EG,equity,True,True,fja05680;wiki_current,1995-10-03,2026-09-25,7796,0,0.0,active,0.0,0.0,,,,,,,,,2023-07-10,,808,808,1.0,808,0.0,,n/a,,False,0,
EHC,EHC,equity,False,True,fja05680,1995-01-03,2026-09-25,7986,0,0.0,active,9.0,0.0011269722013523666,,,,,,,,,1997-01-08,2003-03-21,806,806,1.0,806,0.0024813895781637717,,n/a,,False,2,
EIX,EIX,equity,True,True,fja05680;wiki_current,1995-01-03,2026-09-25,7986,0,0.0,active,0.0,0.0,,,,,,,,,1996-01-02,,6723,6723,1.0,6723,0.0,,n/a,,False,0,
EK,EK,equity,False,False,wiki_changes_removed,,,0,0,,no_data,,,,,,,,,,,,,0,0,,0,,Eastman Kodak,n/a,,False,0,
EKDKQ,EKDKQ,equity,False,True,fja05680,,,0,0,,no_data,,,,,,,,,,,1996-01-02,2010-12-20,2758,0,0.0,0,,,n/a,,False,0,
EL,EL,equity,True,True,fja05680;wiki_current,1995-11-17,2026-09-25,7763,0,0.0,active,0.0,0.0,,,,,,,,,2006-01-05,,5213,5213,1.0,5213,0.0,,n/a,,False,0,
ELV,ELV,equity,True,True,fja05680;wiki_current,2001-10-30,2026-09-25,6266,0,0.0,active,0.0,0.0,,,,,,,,,2022-06-28,,1066,1066,1.0,1066,0.0,,n/a,,False,0,
EMC,EMC,equity,False,True,fja05680;wiki_changes_removed,2023-05-15,2026-09-25,845,0,0.0,active,0.0,0.0,,,,,,,,,1996-03-28,2016-09-07,4196,0,0.0,0,,EMC Corporation,n/a,series_starts_after_membership,True,0,
EME,EME,equity,True,True,fja05680;wiki_changes_added;wiki_current,1995-01-10,2026-09-25,7981,0,0.0,active,108.0,0.013532138829720586,1995,1995,,,,,,,2025-09-22,,255,255,1.0,255,0.0,Emcor,n/a,thin_pre_history,False,0,10.0
EMN,EMN,equity,False,True,fja05680;wiki_changes_removed,1995-01-03,2026-09-25,7986,0,0.0,active,0.0,0.0,,,,,,,,,1996-01-02,2025-11-04,6499,6499,1.0,6499,0.0,Eastman Chemical Co.,n/a,,False,0,
EMR,EMR,equity,True,True,fja05680;wiki_current,1995-01-03,2026-09-25,7986,0,0.0,active,0.0,0.0,,,,,,,,,1996-01-02,,6723,6723,1.0,6723,0.0,,n/a,,False,0,
ENDP,ENDP,equity,False,True,fja05680;wiki_changes_added;wiki_changes_removed,,,0,0,,no_data,,,,,,,,,,,2015-01-27,2017-03-02,528,0,0.0,0,,Endo International,n/a,,False,0,
ENPH,ENPH,equity,False,True,fja05680;wiki_changes_added;wiki_changes_removed,2012-03-30,2026-09-25,3643,0,0.0,active,0.0,0.0,,,,,,,,,2021-01-07,2025-09-22,1181,1181,1.0,1181,0.0,Enphase Energy,n/a,,False,0,
ENRNQ,ENRNQ,equity,False,True,fja05680,,,0,0,,no_data,,,,,,,,,,,1996-01-02,2001-11-30,479,0,0.0,0,,,n/a,,False,0,
EOG,EOG,equity,True,True,fja05680;wiki_current,1995-01-03,2026-09-25,7986,0,0.0,active,0.0,0.0,,,,,,,,,2000-11-02,,6511,6511,1.0,6511,0.0,,n/a,,False,0,
EOP,EOP,equity,False,True,fja05680,,,0,0,,no_data,,,,,,,,,,,2001-10-10,2007-02-12,1343,0,0.0,0,,,n/a,,False,0,
EP,EP,equity,False,True,fja05680;wiki_changes_removed,1999-10-27,2026-09-25,6769,0,0.0,active,2580.0,0.3811493573644556,1999;2000;2001;2002;2003;2004;2005;2006;2007;2008;2009;2011;2012;2013;2014;2015;2016;2017;2018;2019;2020,2020,,,,,,,1999-10-26,2012-05-25,3119,3119,1.0,3119,0.40076947739660146,El Paso Corporation,n/a,thin_during_membership;thin_pre_history,False,62,51.0
EPAM,EPAM,equity,False,True,fja05680;wiki_changes_added;wiki_changes_removed,2012-02-08,2026-09-25,3679,0,0.0,active,0.0,0.0,,,,,,,,,2021-12-14,2026-06-02,1119,1119,1.0,1119,0.0,EPAM Systems,n/a,,False,0,
EQ,EQ,equity,False,True,fja05680,2018-10-12,2026-09-25,1998,0,0.0,active,0.0,0.0,,,,,,,,,2006-05-18,2009-07-01,785,0,0.0,0,,,n/a,series_starts_after_membership,True,4,
EQIX,EQIX,equity,True,True,fja05680;wiki_changes_added;wiki_current,2000-08-11,2026-09-25,6569,0,0.0,active,0.0,0.0,,,,,,,,,2015-03-23,,2896,2896,1.0,2896,0.0,Equinix,n/a,,False,1,
EQR,EQR,equity,False,True,fja05680,2026-08-17,2026-08-17,1,0,0.0,ended_before_2026-09-25,0.0,0.0,,,VMRK,,,,,,2001-12-03,2026-08-18,6215,1,0.00016090104585679806,6215,0.0,,n/a,series_starts_after_member_start,False,0,
EQT,EQT,equity,True,True,fja05680;wiki_changes_added;wiki_changes_removed;wiki_current,1995-01-03,2026-09-25,7986,0,0.0,active,0.0,0.0,,,,,,,,,2008-12-19,,3491,3491,1.0,3491,0.0,EQT Corporation,n/a,,False,0,
ERIE,ERIE,equity,True,True,fja05680;wiki_changes_added;wiki_current,1995-10-02,2026-09-25,7797,0,0.0,active,20.0,0.0025650891368475055,,,,,,,,,2024-09-23,,504,504,1.0,504,0.0,Erie Indemnity,n/a,,False,0,13.0
ES,ES,equity,True,True,fja05680;wiki_current,1995-01-03,2026-09-25,7986,0,0.0,active,0.0,0.0,,,,,,,,,2009-03-17,,4410,4410,1.0,4410,0.0,,n/a,,False,0,
ESRX,ESRX,equity,False,True,fja05680;wiki_changes_added;wiki_changes_removed,,,0,0,,no_data,,,,,,,,,,,2003-09-26,2018-12-21,3836,0,0.0,0,,Express Scripts,n/a,,False,0,
ESS,ESS,equity,True,True,fja05680;wiki_changes_added;wiki_current,1995-01-03,2026-09-25,7986,0,0.0,active,0.0,0.0,,,,,,,,,2014-04-02,,3140,3140,1.0,3140,0.0,Essex Property Trust,n/a,,False,0,
ESV,ESV,equity,False,True,fja05680;wiki_changes_added;wiki_changes_removed,,,0,0,,no_data,,,,,,,,,,,2007-01-04,2016-03-30,1669,0,0.0,0,,Ensco;Ensco plc,n/a,,False,0,
ETFC,ETFC,equity,False,True,fja05680;wiki_changes_removed,,,0,0,,no_data,,,,,,,,,,,2004-04-01,2020-10-07,4158,0,0.0,0,,E-Trade,n/a,,False,0,
ETN,ETN,equity,True,True,fja05680;wiki_current,1995-01-03,2026-09-25,7986,0,0.0,active,0.0,0.0,,,,,,,,,1996-01-02,,6723,6723,1.0,6723,0.0,,n/a,,False,0,
ETR,ETR,equity,True,True,fja05680;wiki_current,1995-01-03,2026-09-25,7986,0,0.0,active,0.0,0.0,,,,,,,,,1996-01-02,,6723,6723,1.0,6723,0.0,,n/a,,False,0,
ETS,ETS,equity,False,True,fja05680,2025-08-21,2026-09-25,276,0,0.0,active,0.0,0.0,,,,,,,,,1996-01-02,2001-08-06,401,0,0.0,0,,,n/a,series_starts_after_membership,True,1,
ETSY,ETSY,equity,False,True,fja05680;wiki_changes_added;wiki_changes_removed,2015-04-16,2026-09-25,2879,0,0.0,active,0.0,0.0,,,,,,,,,2020-09-21,2024-09-23,1007,1007,1.0,1007,0.0,Etsy,n/a,,False,0,
EVHC,EVHC,equity,False,True,fja05680;wiki_changes_added;wiki_changes_removed,,,0,0,,no_data,,,,,,,,,,,2016-12-02,2018-10-11,467,0,0.0,0,,Envision Healthcare,n/a,,False,0,
EVRG,EVRG,equity,True,True,fja05680;wiki_changes_added;wiki_current,1995-01-03,2026-09-25,7986,0,0.0,active,0.0,0.0,,,,,,,,,2018-06-05,,2089,2089,1.0,2089,0.0,Evergy,n/a,,False,0,
EW,EW,equity,True,True,fja05680;wiki_changes_added;wiki_current,2000-03-27,2026-09-25,6665,0,0.0,active,0.0,0.0,,,,,,,,,2011-04-01,,3894,3894,1.0,3894,0.0,Edwards Lifesciences,n/a,,False,0,
EXC,EXC,equity,True,True,fja05680;wiki_current,1995-01-03,2026-09-25,7986,0,0.0,active,0.0,0.0,,,,,,,,,1996-01-02,,6723,6723,1.0,6723,0.0,,n/a,,False,0,
EXE,EXE,equity,True,True,fja05680;wiki_changes_added;wiki_current,2021-02-10,2026-09-25,1413,0,0.0,active,0.0,0.0,,,,,,,,,2025-03-24,,380,380,1.0,380,0.0,Expand Energy,n/a,,False,0,
EXPD,EXPD,equity,True,True,fja05680;wiki_current,1995-01-03,2026-09-25,7986,0,0.0,active,2.0,0.00025043826696719256,,,,,,,,,2007-10-10,,4770,4770,1.0,4770,0.0,,n/a,,False,0,
EXPE,EXPE,equity,True,True,fja05680;wiki_changes_added;wiki_current,2005-07-21,2026-09-25,5329,0,0.0,active,0.0,0.0,,,,,,,,,2007-10-02,,4776,4776,1.0,4776,0.0,Expedia,n/a,,False,1,
EXR,EXR,equity,True,True,fja05680;wiki_changes_added;wiki_current,2004-08-16,2026-09-25,5564,0,0.0,active,0.0,0.0,,,,,,,,,2016-01-19,,2688,2688,1.0,2688,0.0,Extra Space Storage,n/a,,False,0,
F,F,equity,True,True,fja05680;wiki_current,1995-01-03,2026-09-25,7986,0,0.0,active,0.0,0.0,,,,,,,,,1996-01-02,,6723,6723,1.0,6723,0.0,,n/a,,False,0,
FANG,FANG,equity,True,True,fja05680;wiki_changes_added;wiki_current,2012-10-12,2026-09-25,3507,0,0.0,active,0.0,0.0,,,,,,,,,2018-12-03,,1963,1963,1.0,1963,0.0,Diamondback Energy,n/a,,False,0,
FAST,FAST,equity,True,True,fja05680;wiki_changes_added;wiki_current,1995-01-03,2026-09-25,7986,0,0.0,active,0.0,0.0,,,,,,,,,2008-09-15,,4536,4536,1.0,4536,0.0,Fastenal,n/a,,False,0,
FB,FB,equity,False,True,fja05680;wiki_changes_added,2025-06-26,2026-09-24,314,0,0.0,ended_before_2026-09-25,0.0,0.0,,,META,,,,,,2013-12-23,2022-06-09,2130,0,0.0,2130,,Facebook,n/a,series_starts_after_membership,True,0,
FBF,FBF,equity,False,True,fja05680,,,0,0,,no_data,,,,,,,,,,,1996-01-02,2004-04-01,1066,0,0.0,0,,,n/a,,False,0,
FBHS,FBHS,equity,False,True,fja05680;wiki_changes_added;wiki_changes_removed,,,0,0,,no_data,,,,,,,,,,,2016-06-24,2022-12-19,1633,0,0.0,0,,Fortune Brands Home & Security,n/a,,False,0,
FCPT,FCPT,equity,False,True,fja05680,2015-11-10,2026-09-25,2734,0,0.0,active,0.0,0.0,,,,,,,,,2015-11-10,2015-11-17,5,5,1.0,5,0.0,,n/a,,False,0,
FCX,FCX,equity,True,True,fja05680;wiki_current,1995-07-10,2026-09-25,7856,0,0.0,active,0.0,0.0,,,,,,,,,1996-01-02,,6723,6723,1.0,6723,0.0,,n/a,,False,0,
FDC,FDC,equity,False,True,fja05680;wiki_changes_removed,,,0,0,,no_data,,,,,,,,,,,1996-01-02,2007-09-25,1942,0,0.0,0,,First Data,n/a,,False,0,
FDO,FDO,equity,False,True,fja05680;wiki_changes_removed,,,0,0,,no_data,,,,,,,,,,,2001-08-06,2015-07-07,3499,0,0.0,0,,Family Dollar,n/a,,False,0,
FDS,FDS,equity,True,True,fja05680;wiki_changes_added;wiki_current,1996-06-28,2026-09-25,7609,0,0.0,active,10.0,0.001314233144959916,,,,,,,,,2021-12-20,,1196,1196,1.0,1196,0.0,FactSet,n/a,,False,0,
FDX,FDX,equity,True,True,fja05680;wiki_current,1995-01-03,2026-09-25,7986,0,0.0,active,0.0,0.0,,,,,,,,,1996-01-02,,6723,6723,1.0,6723,0.0,,n/a,,False,0,
FDXF,FDXF,equity,True,True,fja05680;wiki_changes_added;wiki_current,2026-05-27,2026-09-25,85,0,0.0,active,0.0,0.0,,,,,,,,,2026-06-01,,82,82,1.0,82,0.0,FedEx Freight,n/a,,False,0,
FE,FE,equity,True,True,fja05680;wiki_current,1997-11-10,2026-09-25,7263,0,0.0,active,0.0,0.0,,,,,,,,,1996-01-02,,6723,6723,1.0,6723,0.0,,n/a,,False,0,
FERG,FERG,equity,True,True,fja05680;wiki_changes_added;wiki_current,2010-01-05,2026-09-25,4207,0,0.0,active,2079.0,0.49417637271214643,2010;2011;2012;2013;2014;2015;2016;2017;2018;2019;2020,2020,,,,,,,2026-08-05,,37,37,1.0,37,0.0,Ferguson Enterprises,n/a,thin_pre_history,False,0,74.0
FFIV,FFIV,equity,True,True,fja05680;wiki_changes_added;wiki_current,1999-06-04,2026-09-25,6870,0,0.0,active,0.0,0.0,,,,,,,,,2010-12-20,,3965,3965,1.0,3965,0.0,F5 Networks,n/a,,False,0,
FHN,FHN,equity,False,True,fja05680;wiki_changes_removed,1995-01-03,2026-09-25,7986,0,0.0,active,0.0,0.0,,,,,,,,,2002-05-06,2013-06-24,2803,2803,1.0,2803,0.0,First Horizon,n/a,,False,0,
FI,FI,equity,False,True,fja05680,,,0,0,,no_data,,,,,FISV,,,,,,2023-06-07,2025-11-11,610,0,0.0,610,,,n/a,,False,0,
FICO,FICO,equity,True,True,fja05680;wiki_changes_added;wiki_current,1995-01-03,2026-09-25,7986,0,0.0,active,2.0,0.00025043826696719256,,,,,,,,,2023-03-20,,884,884,1.0,884,0.0,Fair Isaac,n/a,,False,0,
FII,FII,equity,False,True,fja05680;wiki_changes_removed,,,0,0,,no_data,,,,,,,,,,,2003-04-16,2013-01-02,2445,0,0.0,0,,Federated Investors,n/a,,False,0,
FIS,FIS,equity,True,True,fja05680;wiki_current,2001-06-20,2026-09-25,6354,0,0.0,active,0.0,0.0,,,,,,,,,2006-11-10,,4998,4998,1.0,4998,0.0,,n/a,,False,0,
FISV,FISV,equity,True,True,fja05680;wiki_current,1995-01-03,2026-09-25,7985,0,1.0,active,0.0,0.0,,,,,,,,,2001-04-02,,5799,5798,0.9998275564752543,5798,0.0,,n/a,,False,0,
FITB,FITB,equity,True,True,fja05680;wiki_current,1995-01-03,2026-09-25,7986,0,0.0,active,0.0,0.0,,,,,,,,,1996-03-08,,6723,6723,1.0,6723,0.0,,n/a,,False,2,
FIX,FIX,equity,True,True,fja05680;wiki_changes_added;wiki_current,1997-06-27,2026-09-25,7357,0,0.0,active,0.0,0.0,,,,,,,,,2025-12-22,,191,191,1.0,191,0.0,Comfort Systems USA,n/a,,False,0,
FJ,FJ,equity,False,True,fja05680,,,0,0,,no_data,,,,,,,,,,,1996-01-02,2000-11-24,227,0,0.0,0,,,n/a,,False,0,
FL,FL,equity,False,True,fja05680;wiki_changes_added;wiki_changes_removed,,,0,0,,no_data,,,,,,,,,,,2016-04-04,2019-08-09,844,0,0.0,0,,Foot Locker,n/a,,False,0,
FLEX,FLEX,equity,True,True,fja05680;wiki_changes_added;wiki_current,1995-01-03,2026-09-25,7986,0,0.0,active,1.0,0.00012521913348359628,,,,,,,,,2026-06-22,,68,68,1.0,68,0.0,Flex Ltd.,n/a,,False,0,
FLIR,FLIR,equity,False,True,fja05680;wiki_changes_removed,,,0,0,,no_data,,,,,,,,,,,2009-01-02,2021-05-14,3112,0,0.0,0,,FLIR Systems,n/a,,False,0,
FLR,FLR,equity,False,True,fja05680;wiki_changes_removed,2000-12-01,2026-09-25,6491,0,0.0,active,0.0,0.0,,,,,,,,,2000-12-22,2019-06-03,4636,4636,1.0,4636,0.0,Fluor Corporation,n/a,,False,1,
FLS,FLS,equity,False,True,fja05680;wiki_changes_removed,1995-01-03,2026-09-25,7986,0,0.0,active,0.0,0.0,,,,,,,,,2008-10-02,2021-03-22,3137,3137,1.0,3137,0.0,Flowserve,n/a,,False,0,
FLT,FLT,equity,False,True,fja05680;wiki_changes_added,,,0,0,,no_data,,,,,CPAY,,,,,,2018-06-20,2024-03-25,1449,0,0.0,1449,,FleetCor Technologies,n/a,,False,0,
FLTWQ,FLTWQ,equity,False,True,fja05680,,,0,0,,no_data,,,,,,,,,,,1996-01-02,2000-01-31,19,0,0.0,0,,,n/a,,False,0,
FMC,FMC,equity,False,True,fja05680;wiki_changes_added;wiki_changes_removed,1995-01-03,2026-09-25,7986,0,0.0,active,0.0,0.0,,,,,,,,,1996-01-02,2025-03-24,4422,4422,1.0,4422,0.0,FMC Corporation,n/a,,False,0,
FMCC,FMCC,equity,False,True,fja05680,1995-01-03,2026-09-25,7986,0,0.0,active,1.0,0.00012521913348359628,,,,,,,,,1996-01-02,2008-09-11,2185,2185,1.0,2185,0.0,,n/a,,False,6,15.0
FNM,FNM,equity,False,False,wiki_changes_removed,,,0,0,,no_data,,,,,,,,,,,,,0,0,,0,,Fannie Mae,n/a,,False,0,
FNMA,FNMA,equity,False,True,fja05680,1995-01-03,2026-09-25,7986,0,0.0,active,1.0,0.00012521913348359628,,,,,,,,,1996-01-02,2008-09-11,2185,2185,1.0,2185,0.0,,n/a,,False,7,19.0
FOSL,FOSL,equity,False,True,fja05680;wiki_changes_added;wiki_changes_removed,1995-01-03,2026-09-25,7986,0,0.0,active,1.0,0.00012521913348359628,,,,,,,,,2012-04-04,2016-01-05,943,943,1.0,943,0.0,Fossil Group,n/a,,False,4,
FOX,FOX,equity,True,True,fja05680;wiki_changes_added;wiki_changes_removed;wiki_current,2019-03-13,2026-09-25,1896,0,0.0,active,0.0,0.0,,,,,,,,,2015-09-21,,2770,1896,0.6844765342960288,1896,0.0,21st Century Fox;Fox Corporation;Twenty-First Century Fox Class B,n/a,series_starts_after_member_start,False,0,
FOXA,FOXA,equity,True,True,fja05680;wiki_changes_added;wiki_changes_removed;wiki_current,2019-03-12,2026-09-25,1897,0,0.0,active,0.0,0.0,,,,,,,,,2004-12-20,,5476,1897,0.34642074506939374,1897,0.0,21st Century Fox;Fox Corporation,n/a,series_starts_after_member_start,False,0,
FPC,FPC,equity,False,True,fja05680,,,0,0,,no_data,,,,,,,,,,,1999-06-22,2000-12-01,232,0,0.0,0,,,n/a,,False,0,
FRC,FRC,equity,False,True,fja05680;wiki_changes_added;wiki_changes_removed,,,0,0,,no_data,,,,,,,,,,,2019-01-02,2023-05-04,1092,0,0.0,0,,First Republic Bank,n/a,,False,0,
FRE,FRE,equity,False,False,wiki_changes_removed,,,0,0,,no_data,,,,,,,,,,,,,0,0,,0,,Freddie Mac,n/a,,False,0,
FRT,FRT,equity,True,True,fja05680;wiki_changes_added;wiki_current,1995-01-03,2026-09-25,7986,0,0.0,active,0.0,0.0,,,,,,,,,2016-02-01,,2679,2679,1.0,2679,0.0,Federal Realty Investment Trust,n/a,,False,0,
FRX,FRX,equity,False,True,fja05680;wiki_changes_removed,,,0,0,,no_data,,,,,,,,,,,2000-11-22,2014-07-01,3419,0,0.0,0,,Forest Laboratories,n/a,,False,0,
FSH,FSH,equity,False,True,fja05680,,,0,0,,no_data,,,,,,,,,,,2004-08-03,2006-11-10,575,0,0.0,0,,,n/a,,False,0,
FSL,FSL,equity,False,True,fja05680,,,0,0,,no_data,,,,,,,,,,,2004-12-03,2006-12-04,504,0,0.0,0,,,n/a,,False,0,
FSLR,FSLR,equity,True,True,fja05680;wiki_changes_added;wiki_changes_removed;wiki_current,2006-11-17,2026-09-25,4993,0,0.0,active,0.0,0.0,,,,,,,,,2009-10-16,,2812,2812,1.0,2812,0.0,First Solar,n/a,,False,0,
FSR,FSR,equity,False,False,wiki_changes_added,,,0,0,,no_data,,,,,,,,,,,,,0,0,,0,,Firstar,n/a,,False,0,
FTI,FTI,equity,False,True,fja05680;wiki_changes_added;wiki_changes_removed,2001-06-15,2026-09-25,6357,0,0.0,active,0.0,0.0,,,,,,,,,2009-06-05,2021-02-12,2943,2943,1.0,2943,0.0,FMC Technologies;TechnipFMC,n/a,,False,0,
FTNT,FTNT,equity,True,True,fja05680;wiki_changes_added;wiki_current,2009-11-18,2026-09-25,4238,0,0.0,active,0.0,0.0,,,,,,,,,2018-10-11,,1999,1999,1.0,1999,0.0,Fortinet,n/a,,False,0,
FTR,FTR,equity,False,True,fja05680;wiki_changes_removed,,,0,0,,no_data,,,,,,,,,,,2001-02-27,2017-03-20,4039,0,0.0,0,,Frontier Communications,n/a,,False,0,
FTV,FTV,equity,True,True,fja05680;wiki_changes_added;wiki_current,2016-07-05,2026-09-25,2572,0,0.0,active,0.0,0.0,,,,,,,,,2016-07-05,,2572,2572,1.0,2572,0.0,Fortive Corp,n/a,,False,0,
FWLT,FWLT,equity,False,True,fja05680,,,0,0,,no_data,,,,,,,,,,,1996-01-02,2000-01-31,19,0,0.0,0,,,n/a,,False,0,
G,G,equity,False,True,fja05680,2007-08-02,2026-09-25,4818,0,0.0,active,0.0,0.0,,,,,,,,,1996-01-02,2005-10-03,1445,0,0.0,0,,,n/a,series_starts_after_membership,True,0,
GAPTQ,GAPTQ,equity,False,True,fja05680,,,0,0,,no_data,,,,,,,,,,,1996-01-02,2000-08-30,167,0,0.0,0,,,n/a,,False,0,
GAS,GAS,equity,False,True,fja05680;wiki_changes_added;wiki_changes_removed,,,0,0,,no_data,,,,,,,,,,,1996-01-02,2016-07-01,4149,0,0.0,0,,AGL Resources;AGL Resources.;Nicor Gas,n/a,,False,0,
GD,GD,equity,True,True,fja05680;wiki_current,1995-01-03,2026-09-25,7986,0,0.0,active,0.0,0.0,,,,,,,,,1996-01-02,,6723,6723,1.0,6723,0.0,,n/a,,False,0,
GDDY,GDDY,equity,True,True,fja05680;wiki_changes_added;wiki_current,2015-03-31,2026-09-25,2890,0,0.0,active,1.0,0.00034602076124567473,,,,,,,,,2024-06-24,,567,567,1.0,567,0.0,GoDaddy,n/a,,False,0,
GDT,GDT,equity,False,True,fja05680,2026-01-22,2026-09-25,171,0,0.0,active,0.0,0.0,,,,,,,,,1996-12-19,2006-04-24,1584,0,0.0,0,,,n/a,series_starts_after_membership,True,0,
GDW,GDW,equity,False,True,fja05680,,,0,0,,no_data,,,,,,,,,,,1996-01-02,2006-10-02,1696,0,0.0,0,,,n/a,,False,0,
GE,GE,equity,True,True,fja05680;wiki_current,1995-01-03,2026-09-25,7986,0,0.0,active,0.0,0.0,,,,,,,,,1996-01-02,,6723,6723,1.0,6723,0.0,,n/a,,False,0,
GEHC,GEHC,equity,True,True,fja05680;wiki_changes_added;wiki_current,2022-12-15,2026-09-25,947,0,0.0,active,0.0,0.0,,,,,,,,,2023-01-04,,935,935,1.0,935,0.0,GE HealthCare,n/a,,False,0,
GEN,GEN,equity,True,True,fja05680;wiki_current,1995-01-03,2026-09-25,7986,0,0.0,active,1.0,0.00012521913348359628,,,,,,,,,2022-11-08,,973,973,1.0,973,0.0,,n/a,,False,0,
GENZ,GENZ,equity,False,True,fja05680;wiki_changes_removed,2008-01-24,2026-09-25,4698,0,0.0,active,25.0,0.005321413367390379,,,,,,,,,2001-12-14,2011-04-04,2341,805,0.3438701409653994,805,0.02111801242236025,Genzyme,n/a,series_starts_after_member_start,False,0,
GEV,GEV,equity,True,True,fja05680;wiki_changes_added;wiki_current,2024-03-27,2026-09-25,627,0,0.0,active,0.0,0.0,,,,,,,,,2024-04-02,,624,624,1.0,624,0.0,GE Vernova,n/a,,False,0,
GGP,GGP,equity,False,True,fja05680;wiki_changes_added;wiki_changes_removed,,,0,0,,no_data,,,,,,,,,,,2007-07-02,2018-08-28,1534,0,0.0,0,,GGP Inc.;General Growth Properties,n/a,,False,0,
GHC,GHC,equity,False,True,fja05680;wiki_changes_removed,1995-01-03,2026-09-25,7986,0,0.0,active,3.0,0.0003756574004507889,,,,,,,,,2007-12-31,2014-09-22,1693,1693,1.0,1693,0.0011813349084465446,Graham Holdings,n/a,,False,0,
GILD,GILD,equity,True,True,fja05680;wiki_current,1995-01-03,2026-09-25,7986,0,0.0,active,4.0,0.0005008765339343851,,,,,,,,,2004-07-01,,5595,5595,1.0,5595,0.0,,n/a,,False,0,
GIS,GIS,equity,True,True,fja05680;wiki_current,1995-01-03,2026-09-25,7986,0,0.0,active,0.0,0.0,,,,,,,,,1996-01-02,,6723,6723,1.0,6723,0.0,,n/a,,False,0,
GL,GL,equity,True,True,fja05680;wiki_current,1995-01-03,2026-09-25,7986,0,0.0,active,0.0,0.0,,,,,,,,,2019-08-08,,1793,1793,1.0,1793,0.0,,n/a,,False,1,
GLK,GLK,equity,False,True,fja05680;wiki_changes_removed,,,0,0,,no_data,,,,,,,,,,,1996-01-02,2005-07-05,1382,0,0.0,0,,Great Lakes Chemical,n/a,,False,0,
GLW,GLW,equity,True,True,fja05680;wiki_current,1995-01-03,2026-09-25,7986,0,0.0,active,0.0,0.0,,,,,,,,,1996-01-02,,6723,6723,1.0,6723,0.0,,n/a,,False,0,
GM,GM,equity,True,True,fja05680;wiki_changes_added;wiki_current,2010-11-18,2026-09-25,3986,0,0.0,active,0.0,0.0,,,,,,,,,2013-06-07,,3346,3346,1.0,3346,0.0,General Motors,n/a,,False,0,
GMCR,GMCR,equity,False,True,fja05680;wiki_changes_added;wiki_changes_removed,,,0,0,,no_data,,,,,,,,,,,2014-03-24,2016-03-03,490,0,0.0,0,,Keurig Green Mountain,n/a,,False,0,
GME,GME,equity,False,True,fja05680;wiki_changes_added;wiki_changes_removed,2002-02-13,2026-09-25,6194,0,0.0,active,0.0,0.0,,,,,,,,,2007-12-14,2016-04-25,2103,2103,1.0,2103,0.0,GameStop,n/a,,False,10,
GNRC,GNRC,equity,True,True,fja05680;wiki_changes_added;wiki_current,2010-02-11,2026-09-25,4181,0,0.0,active,0.0,0.0,,,,,,,,,2021-03-22,,1386,1386,1.0,1386,0.0,Generac Holdings,n/a,,False,0,
GNW,GNW,equity,False,True,fja05680;wiki_changes_removed,2004-05-25,2026-09-25,5620,0,0.0,active,0.0,0.0,,,,,,,,,2005-12-02,2015-11-18,2507,2507,1.0,2507,0.0,Genworth Financial,n/a,,False,6,
GOOG,GOOG,equity,True,True,fja05680;wiki_current,2004-08-19,2026-09-25,5561,0,0.0,active,0.0,0.0,,,,,,,,,2014-04-03,,3139,3139,1.0,3139,0.0,,n/a,,False,0,
GOOGL,GOOGL,equity,True,True,fja05680;wiki_changes_added;wiki_current,2004-08-19,2026-09-25,5561,0,0.0,active,0.0,0.0,,,,,,,,,2006-04-03,,5153,5153,1.0,5153,0.0,Google,n/a,,False,0,
GP,GP,equity,False,True,fja05680,2020-08-28,2026-09-25,1526,0,0.0,active,0.0,0.0,,,,,,,,,1996-01-02,2005-12-20,1500,0,0.0,0,,,n/a,series_starts_after_membership,True,1,
GPC,GPC,equity,True,True,fja05680;wiki_current,1995-01-03,2026-09-25,7986,0,0.0,active,0.0,0.0,,,,,,,,,1996-01-02,,6723,6723,1.0,6723,0.0,,n/a,,False,0,
GPN,GPN,equity,True,True,fja05680;wiki_changes_added;wiki_current,2001-01-16,2026-09-25,6462,0,0.0,active,0.0,0.0,,,,,,,,,2016-04-25,,2621,2621,1.0,2621,0.0,Global Payments,n/a,,False,0,
GPS,GPS,equity,False,True,fja05680;wiki_changes_removed,,,0,0,,no_data,,,,,,,,,,,1996-01-02,2022-02-02,5557,0,0.0,0,,Gap,n/a,,False,0,
GPU,GPU,equity,False,True,fja05680,,,0,0,,no_data,,,,,,,,,,,1996-01-02,2001-11-07,463,0,0.0,0,,,n/a,,False,0,
GR,GR,equity,False,True,fja05680;wiki_changes_removed,2001-01-02,2018-02-22,4198,3,15.0,ended_before_2026-09-25,1514.0,0.3606479275845641,2001;2002;2003;2004;2007;2008;2009;2013;2014;2015;2016;2017;2018,2018,,,,,,,1996-01-02,2012-07-27,3162,2870,0.9076533839342188,2870,0.35609756097560974,Goodrich Corporation,n/a,series_starts_after_member_start;thin_during_membership;thin_pre_history,False,21,249.0
GRA,GRA,equity,False,True,fja05680;wiki_changes_removed,,,0,0,,no_data,,,,,,,,,,,1996-01-02,2000-12-11,238,0,0.0,0,,WR Grace,n/a,,False,0,
GRMN,GRMN,equity,True,True,fja05680;wiki_changes_added;wiki_current,2000-12-08,2026-09-25,6486,0,0.0,active,0.0,0.0,,,,,,,,,2012-12-12,,3467,3467,1.0,3467,0.0,Garmin,n/a,,False,0,
GRN,GRN,equity,False,False,wiki_changes_removed,2019-09-18,2026-09-24,1764,0,0.0,ended_before_2026-09-25,102.0,0.05782312925170068,2019;2020,2020,,,,,,,,,0,0,,0,,General Re,n/a,thin_pre_history,False,0,
GS,GS,equity,True,True,fja05680;wiki_current,1999-05-04,2026-09-25,6892,0,0.0,active,0.0,0.0,,,,,,,,,2002-07-22,,6085,6085,1.0,6085,0.0,,n/a,,False,0,
GT,GT,equity,False,True,fja05680;wiki_changes_removed,1995-01-03,2026-09-25,7986,0,0.0,active,0.0,0.0,,,,,,,,,1996-01-02,2019-02-27,4817,4817,1.0,4817,0.0,The Goodyear Tire & Rubber Company,n/a,,False,0,
GTE,GTE,equity,False,True,fja05680,2005-12-21,2026-09-25,5222,0,0.0,active,0.0,0.0,,,,,,,,,1996-01-02,2000-07-03,126,0,0.0,0,,,n/a,series_starts_after_membership,True,0,
GTW,GTW,equity,False,True,fja05680,,,0,0,,no_data,,,,,,,,,,,1998-04-27,2006-08-01,1653,0,0.0,0,,,n/a,,False,0,
GWW,GWW,equity,True,True,fja05680;wiki_current,1995-01-03,2026-09-25,7986,0,0.0,active,0.0,0.0,,,,,,,,,1996-01-02,,6723,6723,1.0,6723,0.0,,n/a,,False,0,
GX,GX,equity,False,True,fja05680,,,0,0,,no_data,,,,,,,,,,,1999-09-29,2001-10-10,443,0,0.0,0,,,n/a,,False,0,
H,H,equity,False,True,fja05680,2009-11-05,2026-09-25,4247,0,0.0,active,0.0,0.0,,,,,,,,,1996-01-02,2007-04-10,548,0,0.0,0,,,n/a,series_starts_after_membership,True,0,
HAL,HAL,equity,True,True,fja05680;wiki_current,1995-01-03,2026-09-25,7986,0,0.0,active,0.0,0.0,,,,,,,,,1996-01-02,,6723,6723,1.0,6723,0.0,,n/a,,False,0,
HAR,HAR,equity,False,True,fja05680;wiki_changes_removed,,,0,0,,no_data,,,,,,,,,,,2006-02-01,2017-03-13,2796,0,0.0,0,,Harman International,n/a,,False,0,
HAS,HAS,equity,True,True,fja05680;wiki_current,1995-01-03,2026-09-25,7986,0,0.0,active,0.0,0.0,,,,,,,,,1996-01-02,,6723,6723,1.0,6723,0.0,,n/a,,False,0,
HBAN,HBAN,equity,True,True,fja05680;wiki_current,1995-01-03,2026-09-25,7986,0,0.0,active,0.0,0.0,,,,,,,,,1997-08-06,,6723,6723,1.0,6723,0.0,,n/a,,False,1,
HBI,HBI,equity,False,True,fja05680;wiki_changes_added;wiki_changes_removed,,,0,0,,no_data,,,,,,,,,,,2015-03-23,2021-12-20,1700,0,0.0,0,,Hanesbrands,n/a,,False,0,
HCA,HCA,equity,True,True,fja05680;wiki_changes_added;wiki_current,2011-03-10,2026-09-25,3910,0,0.0,active,0.0,0.0,,,,,,,,,1996-01-02,,4665,2934,0.6289389067524116,2934,0.0,HCA Holdings,n/a,series_starts_after_member_start,False,0,
HCBK,HCBK,equity,False,True,fja05680;wiki_changes_removed,,,0,0,,no_data,,,,,,,,,,,2007-02-15,2015-11-02,2194,0,0.0,0,,Hudson City Bancorp,n/a,,False,0,
HCP,HCP,equity,False,True,fja05680,,,0,0,,no_data,,,,,,,,,,,2008-03-31,2019-11-05,2922,0,0.0,0,,,n/a,,False,0,
HCR,HCR,equity,False,True,fja05680,,,0,0,,no_data,,,,,,,,,,,1998-09-28,2007-11-09,1975,0,0.0,0,,,n/a,,False,0,
HD,HD,equity,True,True,fja05680;wiki_current,1995-01-03,2026-09-25,7986,0,0.0,active,0.0,0.0,,,,,,,,,1996-01-02,,6723,6723,1.0,6723,0.0,,n/a,,False,0,
HES,HES,equity,False,True,fja05680;wiki_changes_removed,,,0,0,,no_data,,,,,,,,,,,1996-01-02,2025-07-23,6426,0,0.0,0,,Hess Corporation,n/a,,False,0,
HET,HET,equity,False,True,fja05680,,,0,0,,no_data,,,,,,,,,,,1996-01-02,2008-01-29,2028,0,0.0,0,,,n/a,,False,0,
HFC,HFC,equity,False,True,fja05680;wiki_changes_added;wiki_changes_removed,,,0,0,,no_data,,,,,,,,,,,2018-06-18,2021-06-04,746,0,0.0,0,,HollyFrontier,n/a,,False,0,
HI,HI,equity,False,True,fja05680,,,0,0,,no_data,,,,,,,,,,,1996-01-02,2003-03-31,812,0,0.0,0,,,n/a,,False,0,
HIG,HIG,equity,True,True,fja05680;wiki_current,1995-12-15,2026-09-25,7744,0,0.0,active,0.0,0.0,,,,,,,,,1996-01-02,,6723,6723,1.0,6723,0.0,,n/a,,False,3,
HII,HII,equity,True,True,fja05680;wiki_changes_added;wiki_current,2011-03-22,2026-09-25,3902,0,0.0,active,0.0,0.0,,,,,,,,,2018-01-03,,2194,2194,1.0,2194,0.0,Huntington Ingalls Industries,n/a,,False,0,
HLT,HLT,equity,True,True,fja05680;wiki_changes_added;wiki_current,2013-12-12,2026-09-25,3215,0,0.0,active,0.0,0.0,,,,,,,,,1996-01-02,,4295,2331,0.5427240977881257,2331,0.0,Hilton,n/a,series_starts_after_member_start,False,0,
HM,HM,equity,False,True,fja05680,,,0,0,,no_data,,,,,,,,,,,1996-01-02,2001-12-17,490,0,0.0,0,,,n/a,,False,0,
HMA,HMA,equity,False,True,fja05680,,,0,0,,no_data,,,,,,,,,,,2001-11-07,2007-03-02,1336,0,0.0,0,,,n/a,,False,0,
HNG,HNG,equity,False,False,wiki_changes_removed,,,0,0,,no_data,,,,,,,,,,,,,0,0,,0,,Houston Natural Gas,n/a,,False,0,
HNZ,HNZ,equity,False,True,fja05680;wiki_changes_removed,,,0,0,,no_data,,,,,,,,,,,1996-01-02,2013-06-07,3377,0,0.0,0,,Heinz,n/a,,False,0,
HOG,HOG,equity,False,True,fja05680;wiki_changes_removed,1995-01-03,2026-09-25,7986,0,0.0,active,0.0,0.0,,,,,,,,,2000-01-31,2020-06-22,5130,5130,1.0,5130,0.0,Harley-Davidson,n/a,,False,0,
HOLX,HOLX,equity,False,True,fja05680;wiki_changes_added;wiki_changes_removed,,,0,0,,no_data,,,,,,,,,,,2016-03-30,2026-04-09,2521,0,0.0,0,,Hologic,n/a,,False,0,
HON,HON,equity,True,True,fja05680;wiki_current,1995-01-03,2026-09-25,7986,0,0.0,active,0.0,0.0,,,,,,,,,1996-01-02,,6723,6723,1.0,6723,0.0,,n/a,,False,0,
HONA,HONA,equity,True,True,fja05680;wiki_changes_added;wiki_current,2026-06-15,2026-09-25,72,0,0.0,active,0.0,0.0,,,,,,,,,2026-06-29,,63,63,1.0,63,0.0,Honeywell Aerospace,n/a,,False,0,
HOOD,HOOD,equity,True,True,fja05680;wiki_changes_added;wiki_current,2021-07-29,2026-09-25,1296,0,0.0,active,0.0,0.0,,,,,,,,,2025-09-22,,255,255,1.0,255,0.0,Robinhood Markets,n/a,,False,1,
HOT,HOT,equity,False,True,fja05680;wiki_changes_removed,,,0,0,,no_data,,,,,,,,,,,2000-11-17,2016-09-23,3985,0,0.0,0,,Starwood Hotels and Resorts,n/a,,False,0,
HP,HP,equity,False,True,fja05680;wiki_changes_added;wiki_changes_removed,1995-01-03,2026-09-25,7986,0,0.0,active,0.0,0.0,,,,,,,,,2010-03-01,2020-05-22,2576,2576,1.0,2576,0.0,Helmerich & Payne,n/a,,False,0,
HPC,HPC,equity,False,True,fja05680,,,0,0,,no_data,,,,,,,,,,,1996-01-02,2008-11-14,2231,0,0.0,0,,,n/a,,False,0,
HPE,HPE,equity,True,True,fja05680;wiki_changes_added;wiki_current,2015-10-19,2026-09-25,2750,0,0.0,active,0.0,0.0,,,,,,,,,2015-11-02,,2740,2740,1.0,2740,0.0,Hewlett Packard Enterprise,n/a,,False,0,
HPH,HPH,equity,False,False,wiki_changes_removed,,,0,0,,no_data,,,,,,,,,,,,,0,0,,0,,Harnischfeger Industries,n/a,,False,0,
HPQ,HPQ,equity,True,True,fja05680;wiki_current,1995-01-03,2026-09-25,7986,0,0.0,active,0.0,0.0,,,,,,,,,1996-01-02,,6723,6723,1.0,6723,0.0,,n/a,,False,0,
HRB,HRB,equity,False,True,fja05680;wiki_changes_removed,1995-01-03,2026-09-25,7986,0,0.0,active,0.0,0.0,,,,,,,,,1996-01-02,2020-09-21,5212,5212,1.0,5212,0.0,H&R Block,n/a,,False,0,
HRL,HRL,equity,True,True,fja05680;wiki_changes_added;wiki_current,1995-01-03,2026-09-25,7986,0,0.0,active,0.0,0.0,,,,,,,,,2009-03-04,,4419,4419,1.0,4419,0.0,Hormel Foods,n/a,,False,0,
HRS,HRS,equity,False,True,fja05680;wiki_changes_added,,,0,0,,no_data,,,,,LHX,,,,,,2008-09-22,2019-06-01,2691,0,0.0,2691,,Harris Corporation,n/a,,False,0,
HSH,HSH,equity,False,True,fja05680,,,0,0,,no_data,,,,,,,,,,,1996-01-02,2012-06-29,3143,0,0.0,0,,,n/a,,False,0,
HSIC,HSIC,equity,True,True,fja05680;wiki_changes_added;wiki_current,1995-11-03,2026-09-25,7773,0,0.0,active,0.0,0.0,,,,,,,,,2015-03-18,,2899,2899,1.0,2899,0.0,Henry Schein,n/a,,False,0,
HSP,HSP,equity,False,True,fja05680;wiki_changes_removed,,,0,0,,no_data,,,,,,,,,,,2004-05-03,2015-09-03,2855,0,0.0,0,,Hospira,n/a,,False,0,
HST,HST,equity,True,True,fja05680;wiki_current,1995-01-03,2026-09-25,7986,0,0.0,active,0.0,0.0,,,,,,,,,2007-03-20,,4912,4912,1.0,4912,0.0,,n/a,,False,0,
HSY,HSY,equity,True,True,fja05680;wiki_current,1995-01-03,2026-09-25,7986,0,0.0,active,0.0,0.0,,,,,,,,,1996-01-02,,6723,6723,1.0,6723,0.0,,n/a,,False,0,
HUBB,HUBB,equity,True,True,fja05680;wiki_changes_added;wiki_current,1995-01-03,2026-09-25,7986,0,0.0,active,19.0,0.0023791635361883295,,,,,,,,,2023-10-18,,737,737,1.0,737,0.0,Hubbell,n/a,,False,0,
HUM,HUM,equity,True,True,fja05680;wiki_current,1995-01-03,2026-09-25,7986,0,0.0,active,0.0,0.0,,,,,,,,,1996-01-02,,6723,6723,1.0,6723,0.0,,n/a,,False,0,
HWM,HWM,equity,True,True,fja05680;wiki_changes_added;wiki_current,2016-11-01,2026-09-25,2488,0,0.0,active,35.0,0.014067524115755627,2016,2016,,,,,,,2020-04-06,,1627,1627,1.0,1627,0.0,Howmet Aerospace,n/a,thin_pre_history,False,0,
IAC,IAC,equity,False,True,fja05680,,,0,0,,no_data,,,,,,,,,,,2006-12-01,2008-08-21,432,0,0.0,0,,,n/a,,False,0,
IBKR,IBKR,equity,True,True,fja05680;wiki_changes_added;wiki_current,2007-05-04,2026-09-25,4880,0,0.0,active,2.0,0.0004098360655737705,,,,,,,,,2025-08-28,,271,271,1.0,271,0.0,Interactive Brokers,n/a,,False,0,
IBM,IBM,equity,True,True,fja05680;wiki_current,1995-01-03,2026-09-25,7986,0,0.0,active,0.0,0.0,,,,,,,,,1996-01-02,,6723,6723,1.0,6723,0.0,,n/a,,False,0,
ICE,ICE,equity,True,True,fja05680;wiki_changes_added;wiki_current,2005-11-16,2026-09-25,5246,0,0.0,active,0.0,0.0,,,,,,,,,2007-09-26,,4780,4780,1.0,4780,0.0,Intercontinental Exchange,n/a,,False,0,
IDXX,IDXX,equity,True,True,fja05680;wiki_changes_added;wiki_current,1995-01-03,2026-09-25,7986,0,0.0,active,0.0,0.0,,,,,,,,,2017-01-05,,2444,2444,1.0,2444,0.0,Idexx Laboratories,n/a,,False,1,
IEX,IEX,equity,True,True,fja05680;wiki_changes_added;wiki_current,1995-01-03,2026-09-25,7986,0,0.0,active,0.0,0.0,,,,,,,,,2019-08-09,,1792,1792,1.0,1792,0.0,IDEX Corporation,n/a,,False,0,
IFF,IFF,equity,True,True,fja05680;wiki_current,1995-01-03,2026-09-25,7986,0,0.0,active,0.0,0.0,,,,,,,,,1996-01-02,,6723,6723,1.0,6723,0.0,,n/a,,False,0,
IGT,IGT,equity,False,True,fja05680;wiki_changes_removed,,,0,0,,no_data,,,,,,,,,,,2001-09-04,2014-06-20,3217,0,0.0,0,,International Game Technology,n/a,,False,0,
IKN,IKN,equity,False,True,fja05680,,,0,0,,no_data,,,,,,,,,,,1996-01-02,2000-06-29,124,0,0.0,0,,,n/a,,False,0,
ILMN,ILMN,equity,True,True,fja05680;wiki_changes_added;wiki_changes_removed;wiki_current,2000-07-28,2026-09-25,6579,0,0.0,active,0.0,0.0,,,,,,,,,2015-11-19,,2165,2165,1.0,2165,0.0,"Illumina;Illumina, Inc.",n/a,,False,0,
IMNX,IMNX,equity,False,True,fja05680,,,0,0,,no_data,,,,,,,,,,,2001-09-21,2002-07-16,204,0,0.0,0,,,n/a,,False,0,
INCLF,INCLF,equity,False,True,fja05680,,,0,0,,no_data,,,,,,,,,,,1996-01-02,2002-07-22,638,0,0.0,0,,,n/a,,False,0,
INCY,INCY,equity,True,True,fja05680;wiki_changes_added;wiki_current,1995-01-03,2026-09-25,7986,0,0.0,active,0.0,0.0,,,,,,,,,2017-02-28,,2408,2408,1.0,2408,0.0,Incyte,n/a,,False,0,
INFO,INFO,equity,False,True,fja05680;wiki_changes_added;wiki_changes_removed,2024-10-10,2026-09-25,491,0,0.0,active,4.0,0.008146639511201629,,,,,,,,,2017-06-02,2022-03-02,1195,0,0.0,0,,IHS Markit,n/a,series_starts_after_membership,True,0,
INTC,INTC,equity,True,True,fja05680;wiki_current,1995-01-03,2026-09-25,7986,0,0.0,active,0.0,0.0,,,,,,,,,1996-01-02,,6723,6723,1.0,6723,0.0,,n/a,,False,0,
INTU,INTU,equity,True,True,fja05680;wiki_changes_added;wiki_current,1995-01-03,2026-09-25,7986,0,0.0,active,0.0,0.0,,,,,,,,,2000-12-11,,6485,6485,1.0,6485,0.0,Intuit,n/a,,False,0,
INVH,INVH,equity,True,True,fja05680;wiki_changes_added;wiki_current,2017-02-01,2026-09-25,2426,0,0.0,active,0.0,0.0,,,,,,,,,2022-09-19,,1009,1009,1.0,1009,0.0,Invitation Homes,n/a,,False,0,
IP,IP,equity,True,True,fja05680;wiki_current,1995-01-03,2026-09-25,7986,0,0.0,active,0.0,0.0,,,,,,,,,1996-01-02,,6723,6723,1.0,6723,0.0,,n/a,,False,0,
IPG,IPG,equity,False,True,fja05680;wiki_changes_removed,,,0,0,,no_data,,,,,,,,,,,1996-01-02,2025-11-28,6516,0,0.0,0,,Interpublic Group,n/a,,False,0,
IPGP,IPGP,equity,False,True,fja05680;wiki_changes_added;wiki_changes_removed,2006-12-13,2026-09-25,4976,0,0.0,active,0.0,0.0,,,,,,,,,2018-03-07,2022-06-21,1080,1080,1.0,1080,0.0,IPG Photonics,n/a,,False,0,
IQV,IQV,equity,True,True,fja05680;wiki_changes_added;wiki_current,2013-05-09,2026-09-25,3366,0,0.0,active,0.0,0.0,,,,,,,,,2017-08-29,,2281,2281,1.0,2281,0.0,IQVIA,n/a,,False,0,
IR,IR,equity,True,True,fja05680;wiki_changes_added;wiki_current,2017-05-12,2026-09-25,2356,0,0.0,active,0.0,0.0,,,,,,,,,1996-01-02,,6374,2356,0.3696266080953875,2356,0.0,Ingersoll Rand;Ingersoll-Rand,n/a,series_starts_after_member_start,False,0,
IRM,IRM,equity,True,True,fja05680;wiki_current,1996-02-01,2026-09-25,7712,0,0.0,active,6.0,0.0007780082987551867,,,,,,,,,2009-01-06,,4458,4458,1.0,4458,0.0,,n/a,,False,0,
ISRG,ISRG,equity,True,True,fja05680;wiki_current,2000-06-16,2026-09-25,6608,0,0.0,active,0.0,0.0,,,,,,,,,2008-06-02,,4609,4609,1.0,4609,0.0,,n/a,,False,0,
IT,IT,equity,True,True,fja05680;wiki_changes_added;wiki_current,1995-01-03,2026-09-25,7986,0,0.0,active,0.0,0.0,,,,,,,,,2017-04-05,,2382,2382,1.0,2382,0.0,Gartner,n/a,,False,0,
ITT,ITT,equity,False,True,fja05680;wiki_changes_removed,1995-12-15,2026-09-25,7744,0,0.0,active,0.0,0.0,,,,,,,,,1996-01-02,2011-11-01,2977,2977,1.0,2977,0.0,ITT,n/a,,False,0,
ITW,ITW,equity,True,True,fja05680;wiki_current,1995-01-03,2026-09-25,7986,0,0.0,active,0.0,0.0,,,,,,,,,1996-01-02,,6723,6723,1.0,6723,0.0,,n/a,,False,0,
IVZ,IVZ,equity,True,True,fja05680;wiki_current,1995-08-25,2026-09-25,7822,0,0.0,active,8.0,0.0010227563283047815,,,,,,,,,2008-08-21,,4552,4552,1.0,4552,0.0,,n/a,,False,0,
J,J,equity,True,True,fja05680;wiki_current,1995-01-03,2026-09-25,7986,0,0.0,active,0.0,0.0,,,,,,,,,2019-12-10,,1707,1707,1.0,1707,0.0,,n/a,,False,0,
JAVA,JAVA,equity,False,True,fja05680,2021-10-05,2026-09-25,1249,0,0.0,active,1.0,0.0008006405124099279,,,,,,,,,1996-01-02,2010-01-27,2531,0,0.0,0,,,n/a,series_starts_after_membership,True,0,
JBHT,JBHT,equity,True,True,fja05680;wiki_changes_added;wiki_current,1995-01-03,2026-09-25,7986,0,0.0,active,0.0,0.0,,,,,,,,,2015-07-01,,2826,2826,1.0,2826,0.0,J.B. Hunt,n/a,,False,0,
JBL,JBL,equity,True,True,fja05680;wiki_changes_added;wiki_changes_removed;wiki_current,1995-01-03,2026-09-25,7986,0,0.0,active,3.0,0.0003756574004507889,,,,,,,,,2001-01-30,,4158,4158,1.0,4158,0.0,Jabil;Jabil Circuit,n/a,,False,0,
JCI,JCI,equity,True,True,fja05680;wiki_current,1995-01-03,2026-09-25,7986,0,0.0,active,0.0,0.0,,,,,,,,,1996-01-02,,6723,6723,1.0,6723,0.0,,n/a,,False,1,
JCP,JCP,equity,False,True,fja05680;wiki_changes_removed,,,0,0,,no_data,,,,,,,,,,,1996-01-02,2013-12-02,3500,0,0.0,0,,JCPenney,n/a,,False,0,
JDSU,JDSU,equity,False,False,wiki_changes_added;wiki_changes_removed,,,0,0,,no_data,,,,,,,,,,,,,0,0,,0,,JDS Uniphase,n/a,,False,0,
JEC,JEC,equity,False,True,fja05680;wiki_changes_added,,,0,0,,no_data,,,,,J,,,,,,2007-10-26,2019-12-10,3051,0,0.0,3051,,Jacobs Engineering Group,n/a,,False,0,
JEF,JEF,equity,False,True,fja05680;wiki_changes_removed,1995-01-03,2026-09-25,7986,0,0.0,active,0.0,0.0,,,,,,,,,2007-08-27,2019-09-26,3042,3042,1.0,3042,0.0,Jefferies Financial Group,n/a,,False,0,
JHF,JHF,equity,False,True,fja05680,,,0,0,,no_data,,,,,,,,,,,2001-06-29,2004-04-29,709,0,0.0,0,,,n/a,,False,0,
JKHY,JKHY,equity,True,True,fja05680;wiki_changes_added;wiki_current,1995-01-03,2026-09-25,7986,0,0.0,active,0.0,0.0,,,,,,,,,2018-11-13,,1976,1976,1.0,1976,0.0,Jack Henry & Associates,n/a,,False,0,
JNJ,JNJ,equity,True,True,fja05680;wiki_current,1995-01-03,2026-09-25,7986,0,0.0,active,0.0,0.0,,,,,,,,,1996-01-02,,6723,6723,1.0,6723,0.0,,n/a,,False,0,
JNPR,JNPR,equity,False,True,fja05680;wiki_changes_added;wiki_changes_removed,,,0,0,,no_data,,,,,,,,,,,2006-06-02,2025-07-09,4804,0,0.0,0,,Juniper Networks,n/a,,False,0,
JNS,JNS,equity,False,True,fja05680;wiki_changes_removed,,,0,0,,no_data,,,,,,,,,,,2000-07-13,2011-11-23,2860,0,0.0,0,,Janus Capital Group,n/a,,False,0,
JNY,JNY,equity,False,True,fja05680;wiki_changes_removed,,,0,0,,no_data,,,,,,,,,,,2001-12-17,2009-03-04,1814,0,0.0,0,,Jones Apparel Group,n/a,,False,0,
JOS,JOS,equity,False,True,fja05680,,,0,0,,no_data,,,,,,,,,,,1996-01-02,2000-05-10,89,0,0.0,0,,,n/a,,False,0,
JOY,JOY,equity,False,True,fja05680;wiki_changes_removed,,,0,0,,no_data,,,,,,,,,,,2011-02-28,2015-10-08,1161,0,0.0,0,,Joy Global,n/a,,False,0,
JOYG,JOYG,equity,False,False,wiki_changes_added,,,0,0,,no_data,,,,,,,,,,,,,0,0,,0,,Joy Global,n/a,,False,0,
JP,JP,equity,False,True,fja05680,,,0,0,,no_data,,,,,,,,,,,1996-01-02,2006-04-03,1570,0,0.0,0,,,n/a,,False,0,
JPM,JPM,equity,True,True,fja05680;wiki_current,1995-01-03,2026-09-25,7986,0,0.0,active,0.0,0.0,,,,,,,,,1996-01-02,,6723,6723,1.0,6723,0.0,,n/a,,False,0,
JWN,JWN,equity,False,True,fja05680;wiki_changes_removed,,,0,0,,no_data,,,,,,,,,,,1996-01-02,2020-06-22,5149,0,0.0,0,,Nordstrom,n/a,,False,0,
K,K,equity,False,True,fja05680;wiki_changes_removed,,,0,0,,no_data,,,,,,,,,,,1996-01-02,2025-12-11,6525,0,0.0,0,,Kellanova,n/a,,False,0,
KATE,KATE,equity,False,True,fja05680,,,0,0,,no_data,,,,,,,,,,,1996-01-02,2008-12-02,2242,0,0.0,0,,,n/a,,False,0,
KBH,KBH,equity,False,True,fja05680;wiki_changes_removed,1995-01-03,2026-09-25,7986,0,0.0,active,0.0,0.0,,,,,,,,,1996-01-02,2009-12-21,2507,2507,1.0,2507,0.0,KB Home,n/a,,False,0,
KDP,KDP,equity,True,True,fja05680;wiki_changes_added;wiki_current,2008-05-07,2026-09-25,4626,0,0.0,active,0.0,0.0,,,,,,,,,2008-10-07,,3521,3521,1.0,3521,0.0,Keurig Dr Pepper,n/a,,False,1,
KEY,KEY,equity,True,True,fja05680;wiki_current,1995-01-03,2026-09-25,7986,0,0.0,active,0.0,0.0,,,,,,,,,1996-01-02,,6723,6723,1.0,6723,0.0,,n/a,,False,1,
KEYS,KEYS,equity,True,True,fja05680;wiki_changes_added;wiki_current,2014-10-20,2026-09-25,3001,0,0.0,active,0.0,0.0,,,,,,,,,2018-11-06,,1981,1981,1.0,1981,0.0,Keysight,n/a,,False,0,
KFT,KFT,equity,False,False,wiki_changes_added;wiki_changes_removed,,,0,0,,no_data,,,,,,,,,,,,,0,0,,0,,Kraft Foods,n/a,,False,0,
KG,KG,equity,False,True,fja05680;wiki_changes_removed,2008-05-06,2026-09-25,4627,0,0.0,active,2.0,0.0004322455154527772,,,,,,,,,2000-10-03,2010-12-20,2568,662,0.25778816199376947,662,0.0030211480362537764,King Pharmaceuticals,n/a,series_starts_after_member_start,False,0,
KHC,KHC,equity,True,True,fja05680;wiki_changes_added;wiki_current,2015-07-06,2026-09-25,2824,0,0.0,active,0.0,0.0,,,,,,,,,2015-07-06,,2824,2824,1.0,2824,0.0,Kraft Heinz,n/a,,False,0,
KIM,KIM,equity,True,True,fja05680;wiki_current,1995-01-03,2026-09-25,7986,0,0.0,active,0.0,0.0,,,,,,,,,2006-04-03,,5153,5153,1.0,5153,0.0,,n/a,,False,0,
KKR,KKR,equity,True,True,fja05680;wiki_changes_added;wiki_current,2010-07-15,2026-09-25,4075,0,0.0,active,0.0,0.0,,,,,,,,,2024-06-24,,567,567,1.0,567,0.0,KKR,n/a,,False,0,
KLAC,KLAC,equity,True,True,fja05680;wiki_current,1995-01-03,2026-09-25,7986,0,0.0,active,0.0,0.0,,,,,,,,,1997-09-15,,6723,6723,1.0,6723,0.0,,n/a,,False,0,
KM,KM,equity,False,True,fja05680,,,0,0,,no_data,,,,,,,,,,,1996-01-02,2002-01-17,511,0,0.0,0,,,n/a,,False,0,
KMB,KMB,equity,True,True,fja05680;wiki_current,1995-01-03,2026-09-25,7986,0,0.0,active,0.0,0.0,,,,,,,,,1996-01-02,,6723,6723,1.0,6723,0.0,,n/a,,False,0,
KMG,KMG,equity,False,True,fja05680,,,0,0,,no_data,,,,,,,,,,,1996-01-02,2006-08-11,1661,0,0.0,0,,,n/a,,False,0,
KMI,KMI,equity,True,True,fja05680;wiki_changes_added;wiki_current,2011-02-11,2026-09-25,3928,0,0.0,active,0.0,0.0,,,,,,,,,2000-12-12,,5226,3604,0.689628779181018,3604,0.0,Kinder Morgan,n/a,series_starts_after_member_start,False,0,
KMX,KMX,equity,False,True,fja05680;wiki_changes_added;wiki_changes_removed,1997-02-04,2026-09-25,7457,0,0.0,active,0.0,0.0,,,,,,,,,2010-06-28,2025-10-31,3861,3861,1.0,3861,0.0,CarMax,n/a,,False,0,
KO,KO,equity,True,True,fja05680;wiki_current,1995-01-03,2026-09-25,7986,0,0.0,active,0.0,0.0,,,,,,,,,1996-01-02,,6723,6723,1.0,6723,0.0,,n/a,,False,0,
KORS,KORS,equity,False,True,fja05680;wiki_changes_added,,,0,0,,no_data,,,,,,,,,,,2013-11-13,2018-09-19,1220,0,0.0,0,,Michael Kors,n/a,,False,0,
KR,KR,equity,True,True,fja05680;wiki_current,1995-01-03,2026-09-25,7986,0,0.0,active,0.0,0.0,,,,,,,,,1996-01-02,,6723,6723,1.0,6723,0.0,,n/a,,False,0,
KRB,KRB,equity,False,True,fja05680,,,0,0,,no_data,,,,,,,,,,,1996-01-02,2006-01-03,1508,0,0.0,0,,,n/a,,False,0,
KRFT,KRFT,equity,False,True,fja05680;wiki_changes_added;wiki_changes_removed,,,0,0,,no_data,,,,,,,,,,,2012-10-02,2015-07-06,691,0,0.0,0,,Kraft Foods,n/a,,False,0,
KRI,KRI,equity,False,True,fja05680,,,0,0,,no_data,,,,,,,,,,,1996-01-02,2006-06-28,1630,0,0.0,0,,,n/a,,False,0,
KSE,KSE,equity,False,True,fja05680;wiki_changes_removed,,,0,0,,no_data,,,,,,,,,,,2000-08-21,2007-08-27,1762,0,0.0,0,,KeySpan,n/a,,False,0,
KSS,KSS,equity,False,True,fja05680;wiki_changes_removed,1995-01-03,2026-09-25,7986,0,0.0,active,0.0,0.0,,,,,,,,,1998-08-14,2020-09-21,5212,5212,1.0,5212,0.0,Kohl's,n/a,,False,0,
KSU,KSU,equity,False,True,fja05680;wiki_changes_added;wiki_changes_removed,,,0,0,,no_data,,,,,,,,,,,1999-04-05,2021-12-14,2288,0,0.0,0,,Kansas City Southern,n/a,,False,0,
KVUE,KVUE,equity,True,True,fja05680;wiki_changes_added;wiki_current,2023-05-04,2026-09-25,852,0,0.0,active,0.0,0.0,,,,,,,,,2023-08-25,,774,774,1.0,774,0.0,Kenvue,n/a,,False,0,
L,L,equity,True,True,fja05680;wiki_current,1995-01-03,2026-09-25,7986,0,0.0,active,0.0,0.0,,,,,,,,,1996-01-02,,6723,6723,1.0,6723,0.0,,n/a,,False,0,
LB,LB,equity,False,True,fja05680,2024-06-28,2026-09-25,563,0,0.0,active,0.0,0.0,,,BBWI,,,,,,1996-01-02,2021-08-03,5430,0,0.0,5430,,,n/a,series_starts_after_membership,True,0,
LDG,LDG,equity,False,True,fja05680,,,0,0,,no_data,,,,,,,,,,,1996-01-02,2001-07-02,377,0,0.0,0,,,n/a,,False,0,
LDOS,LDOS,equity,True,True,fja05680;wiki_changes_added;wiki_current,2006-10-17,2026-09-25,5016,0,0.0,active,0.0,0.0,,,,,,,,,2009-12-21,,2736,2736,1.0,2736,0.0,Leidos,n/a,,False,0,
LDW,LDW,equity,False,False,wiki_changes_removed,,,0,0,,no_data,,,,,,,,,,,,,0,0,,0,,Laidlaw,n/a,,False,0,
LEG,LEG,equity,False,True,fja05680;wiki_changes_removed,2026-07-17,2026-08-27,5,1,25.0,ended_before_2026-09-25,1.0,0.2,,,,,,,,,1999-10-18,2021-12-20,5527,0,0.0,0,,Leggett & Platt,n/a,series_starts_after_membership,True,0,
LEH,LEH,equity,False,False,wiki_changes_removed,,,0,0,,no_data,,,,,,,,,,,,,0,0,,0,,Lehman Brothers,n/a,,False,0,
LEHMQ,LEHMQ,equity,False,True,fja05680,,,0,0,,no_data,,,,,,,,,,,1998-01-12,2008-09-17,2189,0,0.0,0,,,n/a,,False,0,
LEN,LEN,equity,True,True,fja05680;wiki_current,1995-01-03,2026-09-25,7986,0,0.0,active,0.0,0.0,,,,,,,,,2005-10-04,,5277,5277,1.0,5277,0.0,,n/a,,False,1,
LH,LH,equity,True,True,fja05680;wiki_current,1995-01-03,2026-09-25,7986,0,0.0,active,0.0,0.0,,,,,,,,,2004-11-01,,5510,5510,1.0,5510,0.0,,n/a,,False,0,
LHX,LHX,equity,True,True,fja05680;wiki_current,1995-01-03,2026-09-25,7986,0,0.0,active,0.0,0.0,,,,,,,,,2019-06-01,,1840,1840,1.0,1840,0.0,,n/a,,False,0,
LIFE,LIFE,equity,False,True,fja05680;wiki_changes_removed,2026-01-29,2026-09-25,166,0,0.0,active,0.0,0.0,,,,,,,,,2008-11-24,2014-01-24,1299,0,0.0,0,,Life Technologies,n/a,series_starts_after_membership,True,0,
LII,LII,equity,True,True,fja05680;wiki_changes_added;wiki_current,1999-07-29,2026-09-25,6832,0,0.0,active,0.0,0.0,,,,,,,,,2024-12-23,,440,440,1.0,440,0.0,Lennox International,n/a,,False,0,
LIN,LIN,equity,True,True,fja05680;wiki_current,1995-01-03,2026-09-25,7986,0,0.0,active,0.0,0.0,,,,,,,,,2018-11-06,,1981,1981,1.0,1981,0.0,,n/a,,False,0,
LITE,LITE,equity,True,True,fja05680;wiki_changes_added;wiki_current,2015-07-23,2026-09-25,2811,0,0.0,active,0.0,0.0,,,,,,,,,2026-03-23,,130,130,1.0,130,0.0,Lumentum,n/a,,False,0,
LKQ,LKQ,equity,False,True,fja05680;wiki_changes_added;wiki_changes_removed,2003-10-06,2026-09-25,5780,0,0.0,active,0.0,0.0,,,,,,,,,2016-05-23,2025-12-22,2410,2410,1.0,2410,0.0,LKQ Corporation,n/a,,False,0,
LLL,LLL,equity,False,True,fja05680;wiki_changes_removed,,,0,0,,no_data,,,,,,,,,,,2004-12-01,2019-07-01,3669,0,0.0,0,,L3 Technologies,n/a,,False,0,
LLTC,LLTC,equity,False,True,fja05680;wiki_changes_removed,,,0,0,,no_data,,,,,,,,,,,2000-04-03,2017-03-13,4261,0,0.0,0,,Linear Technology,n/a,,False,0,
LLY,LLY,equity,True,True,fja05680;wiki_current,1995-01-03,2026-09-25,7986,0,0.0,active,0.0,0.0,,,,,,,,,1996-01-02,,6723,6723,1.0,6723,0.0,,n/a,,False,0,
LM,LM,equity,False,True,fja05680;wiki_changes_removed,,,0,0,,no_data,,,,,,,,,,,2006-04-24,2016-12-02,2673,0,0.0,0,,Legg Mason,n/a,,False,0,
LMT,LMT,equity,True,True,fja05680;wiki_current,1995-01-03,2026-09-25,7986,0,0.0,active,0.0,0.0,,,,,,,,,1996-01-02,,6723,6723,1.0,6723,0.0,,n/a,,False,0,
LNC,LNC,equity,False,True,fja05680;wiki_changes_removed,1995-01-03,2026-09-25,7986,0,0.0,active,0.0,0.0,,,,,,,,,1996-01-02,2023-09-18,5964,5964,1.0,5964,0.0,Lincoln National Corporation,n/a,,False,0,
LNT,LNT,equity,True,True,fja05680;wiki_changes_added;wiki_current,1995-01-03,2026-09-25,7986,0,0.0,active,0.0,0.0,,,,,,,,,2016-07-01,,2573,2573,1.0,2573,0.0,Alliant Energy Corp,n/a,,False,0,
LO,LO,equity,False,True,fja05680;wiki_changes_added;wiki_changes_removed,,,0,0,,no_data,,,,,,,,,,,2008-06-11,2015-06-12,1763,0,0.0,0,,Lorillard Tobacco Company,n/a,,False,0,
LOW,LOW,equity,True,True,fja05680;wiki_current,1995-01-03,2026-09-25,7986,0,0.0,active,0.0,0.0,,,,,,,,,1996-01-02,,6723,6723,1.0,6723,0.0,,n/a,,False,0,
LPX,LPX,equity,False,True,fja05680,1995-01-03,2026-09-25,7986,0,0.0,active,0.0,0.0,,,,,,,,,1996-01-02,2006-11-10,1725,1725,1.0,1725,0.0,,n/a,,False,0,
LRCX,LRCX,equity,True,True,fja05680;wiki_changes_added;wiki_current,1995-01-03,2026-09-25,7986,0,0.0,active,0.0,0.0,,,,,,,,,2012-06-05,,3598,3598,1.0,3598,0.0,Lam Research,n/a,,False,0,
LSI,LSI,equity,False,True,fja05680;wiki_changes_removed,,,0,0,,no_data,,,,,,,,,,,1996-01-02,2014-05-07,3607,0,0.0,0,,LSI Corporation,n/a,,False,0,
LU,LU,equity,False,True,fja05680,2020-10-30,2026-09-25,1482,0,0.0,active,0.0,0.0,,,,,,,,,1996-10-01,2006-12-01,1739,0,0.0,0,,,n/a,series_starts_after_membership,True,1,
LUK,LUK,equity,False,False,wiki_changes_added,,,0,0,,no_data,,,,,,,,,,,,,0,0,,0,,Leucadia National,n/a,,False,0,
LULU,LULU,equity,True,True,fja05680;wiki_changes_added;wiki_current,2007-07-27,2026-09-25,4822,0,0.0,active,0.0,0.0,,,,,,,,,2023-10-18,,737,737,1.0,737,0.0,Lululemon Athletica,n/a,,False,0,
LUMN,LUMN,equity,False,True,fja05680;wiki_changes_removed,1995-01-03,2026-09-25,7986,0,0.0,active,0.0,0.0,,,,,,,,,2020-09-18,2023-03-20,628,628,1.0,628,0.0,Lumen Technologies,n/a,,False,1,
LUV,LUV,equity,True,True,fja05680;wiki_current,1995-01-03,2026-09-25,7986,0,0.0,active,0.0,0.0,,,,,,,,,1996-01-02,,6723,6723,1.0,6723,0.0,,n/a,,False,0,
LVLT,LVLT,equity,False,True,fja05680;wiki_changes_added;wiki_changes_removed,,,0,0,,no_data,,,,,,,,,,,2014-11-05,2017-10-13,740,0,0.0,0,,Level 3 Communications,n/a,,False,0,
LVS,LVS,equity,True,True,fja05680;wiki_changes_added;wiki_current,2004-12-15,2026-09-25,5479,0,0.0,active,0.0,0.0,,,,,,,,,2019-10-03,,1754,1754,1.0,1754,0.0,Las Vegas Sands,n/a,,False,1,
LW,LW,equity,False,True,fja05680;wiki_changes_added;wiki_changes_removed,2016-11-10,2026-09-25,2481,0,0.0,active,0.0,0.0,,,,,,,,,2018-12-03,2026-03-23,1833,1833,1.0,1833,0.0,Lamb Weston,n/a,,False,0,
LXK,LXK,equity,False,True,fja05680;wiki_changes_removed,,,0,0,,no_data,,,,,,,,,,,1999-08-13,2012-10-01,3207,0,0.0,0,,Lexmark,n/a,,False,0,
LYB,LYB,equity,True,True,fja05680;wiki_changes_added;wiki_current,2010-04-28,2026-09-25,4129,0,0.0,active,0.0,0.0,,,,,,,,,2012-09-05,,3534,3534,1.0,3534,0.0,LyondellBasell,n/a,,False,0,
LYV,LYV,equity,True,True,fja05680;wiki_changes_added;wiki_current,2005-12-21,2026-09-25,5222,0,0.0,active,0.0,0.0,,,,,,,,,2019-12-23,,1698,1698,1.0,1698,0.0,Live Nation Entertainment,n/a,,False,0,
M,M,equity,False,True,fja05680;wiki_changes_removed,1995-01-03,2026-09-25,7986,0,0.0,active,0.0,0.0,,,,,,,,,1996-01-02,2020-04-06,5096,5096,1.0,5096,0.0,Macy's,n/a,,False,0,
MA,MA,equity,True,True,fja05680;wiki_current,2006-05-25,2026-09-25,5116,0,0.0,active,0.0,0.0,,,,,,,,,2008-07-18,,4576,4576,1.0,4576,0.0,,n/a,,False,0,
MAA,MAA,equity,True,True,fja05680;wiki_changes_added;wiki_current,1995-01-03,2026-09-25,7986,0,0.0,active,0.0,0.0,,,,,,,,,2016-12-02,,2466,2466,1.0,2466,0.0,Mid-America Apartments,n/a,,False,0,
MAC,MAC,equity,False,True,fja05680;wiki_changes_added;wiki_changes_removed,1995-01-03,2026-09-25,7986,0,0.0,active,0.0,0.0,,,,,,,,,2013-05-09,2019-12-23,1668,1668,1.0,1668,0.0,Macerich,n/a,,False,0,
MAR,MAR,equity,True,True,fja05680;wiki_current,1998-03-23,2026-09-25,7173,0,0.0,active,0.0,0.0,,,,,,,,,1998-05-21,,6723,6723,1.0,6723,0.0,,n/a,,False,0,
MAS,MAS,equity,True,True,fja05680;wiki_current,1995-01-03,2026-09-25,7986,0,0.0,active,0.0,0.0,,,,,,,,,1996-01-02,,6723,6723,1.0,6723,0.0,,n/a,,False,0,
MAT,MAT,equity,False,True,fja05680;wiki_changes_removed,1995-01-03,2026-09-25,7986,0,0.0,active,0.0,0.0,,,,,,,,,1996-01-02,2019-06-07,4887,4887,1.0,4887,0.0,Mattel,n/a,,False,0,
MAY,MAY,equity,False,True,fja05680,,,0,0,,no_data,,,,,,,,,,,1996-01-02,2005-08-29,1421,0,0.0,0,,,n/a,,False,0,
MBC,MBC,equity,False,False,wiki_changes_added;wiki_changes_removed,2022-12-09,2026-09-25,951,0,0.0,active,0.0,0.0,,,,,,,,,,,0,0,,0,,MasterBrand,n/a,,False,0,
MBI,MBI,equity,False,True,fja05680;wiki_changes_removed,1995-01-03,2026-09-25,7986,0,0.0,active,0.0,0.0,,,,,,,,,1996-12-03,2009-12-21,2507,2507,1.0,2507,0.0,MBIA,n/a,,False,2,
MCD,MCD,equity,True,True,fja05680;wiki_current,1995-01-03,2026-09-25,7986,0,0.0,active,0.0,0.0,,,,,,,,,1996-01-02,,6723,6723,1.0,6723,0.0,,n/a,,False,0,
MCHP,MCHP,equity,True,True,fja05680;wiki_current,1995-01-03,2026-09-25,7986,0,0.0,active,0.0,0.0,,,,,,,,,2007-09-07,,4793,4793,1.0,4793,0.0,,n/a,,False,0,
MCK,MCK,equity,True,True,fja05680;wiki_changes_removed;wiki_current,1995-01-03,2026-09-25,7986,0,0.0,active,0.0,0.0,,,,,,,,,1999-01-13,,6723,6723,1.0,6723,0.0,McKesson,n/a,,False,0,
MCO,MCO,equity,True,True,fja05680;wiki_current,1995-01-03,2026-09-25,7986,0,0.0,active,12.0,0.0015026296018031556,,,,,,,,,1996-01-02,,6723,6723,1.0,6723,0.0,,n/a,,False,0,
MDLZ,MDLZ,equity,True,True,fja05680;wiki_changes_added;wiki_current,2001-06-13,2026-09-25,6359,0,0.0,active,0.0,0.0,,,,,,,,,2007-04-02,,4903,4903,1.0,4903,0.0,Mondelez,n/a,,False,0,
MDP,MDP,equity,False,True,fja05680;wiki_changes_removed,,,0,0,,no_data,,,,,,,,,,,1996-01-02,2011-01-04,2768,0,0.0,0,,Meredith Corp,n/a,,False,0,
MDR,MDR,equity,False,True,fja05680,,,0,0,,no_data,,,,,,,,,,,1996-01-02,2003-08-20,911,0,0.0,0,,,n/a,,False,0,
MDT,MDT,equity,True,True,fja05680;wiki_current,1995-01-03,2026-09-25,7986,0,0.0,active,0.0,0.0,,,,,,,,,1996-01-02,,6723,6723,1.0,6723,0.0,,n/a,,False,0,
MEA,MEA,equity,False,True,fja05680,,,0,0,,no_data,,,,,,,,,,,1996-01-02,2002-01-30,519,0,0.0,0,,,n/a,,False,0,
MEDI,MEDI,equity,False,True,fja05680,2022-11-17,2026-09-25,966,0,0.0,active,25.0,0.025879917184265012,,,,,,,,,2000-06-16,2007-06-01,1747,0,0.0,0,,,n/a,series_starts_after_membership,True,0,
MEE,MEE,equity,False,True,fja05680;wiki_changes_added;wiki_changes_removed,,,0,0,,no_data,,,,,,,,,,,1996-01-02,2011-06-02,989,0,0.0,0,,Massey Energy,n/a,,False,0,
MEL,MEL,equity,False,True,fja05680,,,0,0,,no_data,,,,,,,,,,,1996-01-02,2007-07-02,1883,0,0.0,0,,,n/a,,False,0,
MER,MER,equity,False,True,fja05680,,,0,0,,no_data,,,,,,,,,,,1996-01-02,2009-01-02,2263,0,0.0,0,,,n/a,,False,0,
MERQ,MERQ,equity,False,True,fja05680,,,0,0,,no_data,,,,,,,,,,,2000-06-29,2006-01-04,1385,0,0.0,0,,,n/a,,False,0,
MET,MET,equity,True,True,fja05680;wiki_current,2000-04-05,2026-09-25,6658,0,0.0,active,0.0,0.0,,,,,,,,,2000-12-11,,6485,6485,1.0,6485,0.0,,n/a,,False,0,
META,META,equity,True,True,fja05680;wiki_current,2012-05-18,2026-09-25,3609,0,0.0,active,0.0,0.0,,,,,,,,,2022-06-09,,1078,1078,1.0,1078,0.0,,n/a,,False,0,
MFE,MFE,equity,False,True,fja05680;wiki_changes_removed,,,0,0,,no_data,,,,,,,,,,,2008-12-23,2011-03-01,549,0,0.0,0,,McAfee,n/a,,False,0,
MGM,MGM,equity,True,True,fja05680;wiki_changes_added;wiki_current,1995-01-03,2026-09-25,7986,0,0.0,active,0.0,0.0,,,,,,,,,2017-07-26,,2305,2305,1.0,2305,0.0,MGM Resorts International,n/a,,False,0,
MHK,MHK,equity,False,True,fja05680;wiki_changes_added;wiki_changes_removed,1995-01-03,2026-09-25,7986,0,0.0,active,0.0,0.0,,,,,,,,,2013-12-23,2025-12-22,3017,3017,1.0,3017,0.0,Mohawk Industries,n/a,,False,0,
MHS,MHS,equity,False,True,fja05680;wiki_changes_removed,,,0,0,,no_data,,,,,,,,,,,2003-08-20,2012-04-02,2170,0,0.0,0,,Medco Health Solutions,n/a,,False,0,
MI,MI,equity,False,True,fja05680;wiki_changes_removed,2015-11-25,2026-09-25,2723,0,0.0,active,158.0,0.05802423797282409,2015;2016,2016,,,,,,,2002-02-11,2011-07-06,2367,0,0.0,0,,Marshall & Ilsley,n/a,series_starts_after_membership;thin_pre_history,True,13,13.0
MIL,MIL,equity,False,True,fja05680;wiki_changes_removed,,,0,0,,no_data,,,,,,,,,,,1996-01-02,2010-07-15,2648,0,0.0,0,,Millipore,n/a,,False,0,
MIR,MIR,equity,False,True,fja05680,2020-08-20,2026-09-25,1532,0,0.0,active,0.0,0.0,,,,,,,,,1997-08-07,2003-07-17,676,0,0.0,0,,,n/a,series_starts_after_membership,True,0,
MJN,MJN,equity,False,True,fja05680;wiki_changes_added;wiki_changes_removed,,,0,0,,no_data,,,,,,,,,,,2009-12-21,2017-06-15,1883,0,0.0,0,,Mead Johnson;Mead Johnson Nutrition,n/a,,False,0,
MKC,MKC,equity,True,True,fja05680;wiki_current,1995-01-03,2026-09-25,7986,0,0.0,active,1.0,0.00012521913348359628,,,,,,,,,2003-03-21,,5917,5917,1.0,5917,0.0,,n/a,,False,0,
MKG,MKG,equity,False,True,fja05680,,,0,0,,no_data,,,,,,,,,,,1996-01-02,2000-10-18,201,0,0.0,0,,,n/a,,False,0,
MKTX,MKTX,equity,False,True,fja05680;wiki_changes_added;wiki_changes_removed,2004-11-05,2026-09-25,5506,0,0.0,active,0.0,0.0,,,,,,,,,2019-07-01,2025-09-22,1565,1565,1.0,1565,0.0,MarketAxess,n/a,,False,0,
MLM,MLM,equity,True,True,fja05680;wiki_changes_added;wiki_current,1995-01-03,2026-09-25,7986,0,0.0,active,3.0,0.0003756574004507889,,,,,,,,,2014-07-02,,3077,3077,1.0,3077,0.0,Martin Marietta,n/a,,False,0,
MMC,MMC,equity,False,True,fja05680,,,0,0,,no_data,,,,,MRSH,,,,,,1996-01-02,2026-01-14,6547,0,0.0,6547,,,n/a,,False,0,
MMI,MMI,equity,False,True,fja05680;wiki_changes_added;wiki_changes_removed,2013-10-31,2026-09-25,3244,0,0.0,active,0.0,0.0,,,,,,,,,2011-01-04,2012-05-22,348,0,0.0,0,,Motorola Mobility,n/a,series_starts_after_membership,True,0,
MMM,MMM,equity,True,True,fja05680;wiki_current,1995-01-03,2026-09-25,7986,0,0.0,active,0.0,0.0,,,,,,,,,1996-01-02,,6723,6723,1.0,6723,0.0,,n/a,,False,0,
MNK,MNK,equity,False,True,fja05680;wiki_changes_added;wiki_changes_removed,,,0,0,,no_data,,,,,,,,,,,2014-08-19,2017-07-26,739,0,0.0,0,,Mallinckrodt,n/a,,False,0,
MNST,MNST,equity,True,True,fja05680;wiki_changes_added;wiki_current,1995-01-03,2026-09-25,7986,0,0.0,active,95.0,0.011895817680941648,,,,,,,,,2012-06-29,,3580,3580,1.0,3580,0.0,Monster Beverage,n/a,,False,0,
MO,MO,equity,True,True,fja05680;wiki_current,1995-01-03,2026-09-25,7986,0,0.0,active,0.0,0.0,,,,,,,,,1996-01-02,,6723,6723,1.0,6723,0.0,,n/a,,False,1,
MOH,MOH,equity,False,True,fja05680;wiki_changes_added;wiki_changes_removed,2003-07-02,2026-09-25,5846,0,0.0,active,0.0,0.0,,,,,,,,,2022-03-02,2026-03-23,1017,1017,1.0,1017,0.0,Molina Healthcare,n/a,,False,0,
MOLX,MOLX,equity,False,True,fja05680;wiki_changes_removed,,,0,0,,no_data,,,,,,,,,,,1999-12-01,2013-12-09,3505,0,0.0,0,,Molex,n/a,,False,0,
MON,MON,equity,False,True,fja05680;wiki_changes_removed,,,0,0,,no_data,,,,,,,,,,,2002-08-14,2018-06-07,3981,0,0.0,0,,Monsanto,n/a,,False,0,
MOS,MOS,equity,True,True,fja05680;wiki_changes_added;wiki_current,1995-01-03,2026-09-25,7986,0,0.0,active,0.0,0.0,,,,,,,,,2011-09-26,,3772,3772,1.0,3772,0.0,The Mosaic Company,n/a,,False,0,
MPC,MPC,equity,True,True,fja05680;wiki_changes_added;wiki_current,2011-06-24,2026-09-25,3836,0,0.0,active,0.0,0.0,,,,,,,,,2011-07-01,,3831,3831,1.0,3831,0.0,Marathon Oil,n/a,,False,0,
MPWR,MPWR,equity,True,True,fja05680;wiki_changes_added;wiki_current,2004-11-19,2026-09-25,5496,0,0.0,active,0.0,0.0,,,,,,,,,2021-02-12,,1411,1411,1.0,1411,0.0,Monolithic Power Systems,n/a,,False,0,
MRK,MRK,equity,True,True,fja05680;wiki_current,1995-01-03,2026-09-25,7986,0,0.0,active,0.0,0.0,,,,,,,,,1996-01-02,,6723,6723,1.0,6723,0.0,,n/a,,False,0,
MRNA,MRNA,equity,True,True,fja05680;wiki_changes_added;wiki_current,2018-12-07,2026-09-25,1960,0,0.0,active,0.0,0.0,,,,,,,,,2021-07-21,,1302,1302,1.0,1302,0.0,Moderna,n/a,,False,1,
MRO,MRO,equity,False,True,fja05680;wiki_changes_removed,,,0,0,,no_data,,,,,,,,,,,1996-01-02,2024-11-26,6265,0,0.0,0,,Marathon Oil,n/a,,False,0,
MRSH,MRSH,equity,True,True,fja05680;wiki_current,1995-01-03,2026-09-25,7986,0,0.0,active,0.0,0.0,,,,,,,,,2026-01-14,,176,176,1.0,176,0.0,,n/a,,False,0,
MRVL,MRVL,equity,True,True,fja05680;wiki_changes_added;wiki_current,2000-06-30,2026-09-25,6598,0,0.0,active,0.0,0.0,,,,,,,,,2026-06-22,,68,68,1.0,68,0.0,Marvell Technology,n/a,,False,0,
MS,MS,equity,True,True,fja05680;wiki_current,1995-01-03,2026-09-25,7986,0,0.0,active,0.0,0.0,,,,,,,,,1996-01-02,,6723,6723,1.0,6723,0.0,,n/a,,False,1,
MSCI,MSCI,equity,True,True,fja05680;wiki_changes_added;wiki_current,2007-11-15,2026-09-25,4744,0,0.0,active,0.0,0.0,,,,,,,,,2018-04-04,,2132,2132,1.0,2132,0.0,MSCI,n/a,,False,0,
MSFT,MSFT,equity,True,True,fja05680;wiki_current,1995-01-03,2026-09-25,7986,0,0.0,active,0.0,0.0,,,,,,,,,1996-01-02,,6723,6723,1.0,6723,0.0,,n/a,,False,0,
MSI,MSI,equity,True,True,fja05680;wiki_current,1995-01-03,2026-09-25,7986,0,0.0,active,0.0,0.0,,,,,,,,,1996-01-02,,6723,6723,1.0,6723,0.0,,n/a,,False,0,
MTB,MTB,equity,True,True,fja05680;wiki_current,1995-01-03,2026-09-25,7986,0,0.0,active,22.0,0.0027548209366391185,,,,,,,,,2004-02-27,,5681,5681,1.0,5681,0.0,,n/a,,False,0,
MTCH,MTCH,equity,False,True,fja05680;wiki_changes_added;wiki_changes_removed,1995-01-03,2026-09-25,7986,0,0.0,active,1.0,0.00012521913348359628,,,,,,,,,2021-09-20,2026-03-23,1130,1130,1.0,1130,0.0,Match Group,n/a,,False,1,
MTD,MTD,equity,True,True,fja05680;wiki_changes_added;wiki_current,1997-11-14,2026-09-25,7259,0,0.0,active,0.0,0.0,,,,,,,,,2016-09-06,,2528,2528,1.0,2528,0.0,Mettler Toledo,n/a,,False,0,
MTG,MTG,equity,False,True,fja05680,1995-01-03,2026-09-25,7986,0,0.0,active,0.0,0.0,,,,,,,,,1996-07-19,2008-10-31,2221,2221,1.0,2221,0.0,,n/a,,False,3,
MTLQQ,MTLQQ,equity,False,True,fja05680,,,0,0,,no_data,,,,,,,,,,,1996-01-02,2009-06-03,2367,0,0.0,0,,,n/a,,False,0,
MTW,MTW,equity,False,True,fja05680,1995-01-03,2026-09-25,7986,0,0.0,active,5.0,0.0006260956674179815,,,,,,,,,2007-11-16,2009-09-01,450,450,1.0,450,0.0,,n/a,,False,0,
MU,MU,equity,True,True,fja05680;wiki_current,1995-01-03,2026-09-25,7986,0,0.0,active,0.0,0.0,,,,,,,,,1996-01-02,,6723,6723,1.0,6723,0.0,,n/a,,False,0,
MUR,MUR,equity,False,True,fja05680;wiki_changes_removed,1995-01-03,2026-09-25,7986,0,0.0,active,0.0,0.0,,,,,,,,,2005-08-15,2017-07-26,3007,3007,1.0,3007,0.0,Murphy Oil,n/a,,False,0,
MWV,MWV,equity,False,True,fja05680,,,0,0,,no_data,,,,,,,,,,,1996-01-02,2015-07-02,3898,0,0.0,0,,,n/a,,False,0,
MWW,MWW,equity,False,True,fja05680;wiki_changes_removed,,,0,0,,no_data,,,,,,,,,,,2001-06-04,2011-12-19,2653,0,0.0,0,,Monster Worldwide,n/a,,False,0,
MXIM,MXIM,equity,False,True,fja05680;wiki_changes_added;wiki_changes_removed,,,0,0,,no_data,,,,,,,,,,,2000-05-10,2021-08-30,2544,0,0.0,0,,Maxim Integrated;Maxim Integrated Products,n/a,,False,0,
MYG,MYG,equity,False,True,fja05680,,,0,0,,no_data,,,,,,,,,,,1996-01-02,2006-04-03,1570,0,0.0,0,,,n/a,,False,0,
MYL,MYL,equity,False,True,fja05680,,,0,0,,no_data,,,,,VTRS,,,,,,2004-04-23,2020-11-17,4172,0,0.0,4172,,,n/a,,False,0,
MZIAQ,MZIAQ,equity,False,True,fja05680,,,0,0,,no_data,,,,,,,,,,,1996-01-02,2000-06-29,124,0,0.0,0,,,n/a,,False,0,
NAV,NAV,equity,False,True,fja05680,,,0,0,,no_data,,,,,,,,,,,1996-01-02,2006-12-20,1752,0,0.0,0,,,n/a,,False,0,
NAVI,NAVI,equity,False,True,fja05680;wiki_changes_added;wiki_changes_removed,2014-04-17,2026-09-25,3129,0,0.0,active,0.0,0.0,,,,,,,,,2014-05-01,2018-06-05,1031,1031,1.0,1031,0.0,Navient,n/a,,False,0,
NBL,NBL,equity,False,True,fja05680;wiki_changes_removed,,,0,0,,no_data,,,,,,,,,,,2007-10-08,2020-10-12,3276,0,0.0,0,,Noble Energy,n/a,,False,0,
NBR,NBR,equity,False,True,fja05680;wiki_changes_removed,1995-01-03,2026-09-25,7986,0,0.0,active,0.0,0.0,,,,,,,,,2000-10-18,2015-03-23,3626,3626,1.0,3626,0.0,Nabors Industries,n/a,,False,1,
NC,NC,equity,False,True,fja05680,1995-01-03,2026-09-25,7986,0,0.0,active,0.0,0.0,,,,,,,,,1996-01-02,2000-06-05,106,106,1.0,106,0.0,,n/a,,False,1,
NCC,NCC,equity,False,True,fja05680;wiki_changes_added,,,0,0,,no_data,,,,,,,,,,,1996-01-02,2009-01-02,2263,0,0.0,0,,National City,n/a,,False,0,
NCE,NCE,equity,False,True,fja05680,,,0,0,,no_data,,,,,,,,,,,1998-11-03,2000-08-21,160,0,0.0,0,,,n/a,,False,0,
NCLH,NCLH,equity,True,True,fja05680;wiki_changes_added;wiki_current,2013-01-18,2026-09-25,3442,0,0.0,active,0.0,0.0,,,,,,,,,2017-10-13,,2249,2249,1.0,2249,0.0,Norwegian Cruise Line Holdings,n/a,,False,0,
NCR,NCR,equity,False,True,fja05680;wiki_changes_removed,,,0,0,,no_data,,,,,,,,,,,2000-01-04,2007-10-01,1945,0,0.0,0,,NCR Corporation,n/a,,False,0,
NDAQ,NDAQ,equity,True,True,fja05680;wiki_current,2002-07-01,2026-09-25,6099,0,0.0,active,19.0,0.003115264797507788,,,,,,,,,2008-10-22,,4509,4509,1.0,4509,0.0,,n/a,,False,0,
NDSN,NDSN,equity,True,True,fja05680;wiki_changes_added;wiki_current,1995-01-03,2026-09-25,7986,0,0.0,active,0.0,0.0,,,,,,,,,2022-02-15,,1157,1157,1.0,1157,0.0,Nordson Corporation,n/a,,False,0,13.0
NE,NE,equity,False,True,fja05680;wiki_changes_removed,2021-06-09,2026-09-25,1331,0,0.0,active,0.0,0.0,,,,,,,,,2001-01-16,2015-07-20,3192,0,0.0,0,,Noble Corporation,n/a,series_starts_after_membership,True,0,
NEE,NEE,equity,True,True,fja05680;wiki_current,1995-01-03,2026-09-25,7986,0,0.0,active,0.0,0.0,,,,,,,,,1996-01-02,,6723,6723,1.0,6723,0.0,,n/a,,False,0,
NEM,NEM,equity,True,True,fja05680;wiki_current,1995-01-03,2026-09-25,7986,0,0.0,active,0.0,0.0,,,,,,,,,1996-01-02,,6723,6723,1.0,6723,0.0,,n/a,,False,0,
NFB,NFB,equity,False,True,fja05680,,,0,0,,no_data,,,,,,,,,,,2002-07-17,2006-12-01,1104,0,0.0,0,,,n/a,,False,0,
NFLX,NFLX,equity,True,True,fja05680;wiki_changes_added;wiki_current,2002-05-23,2026-09-25,6125,0,0.0,active,0.0,0.0,,,,,,,,,2010-12-20,,3965,3965,1.0,3965,0.0,Netflix,n/a,,False,0,
NFX,NFX,equity,False,True,fja05680;wiki_changes_added;wiki_changes_removed,2026-07-07,2026-09-25,58,0,0.0,active,0.0,0.0,,,,,,,,,2010-12-20,2019-02-15,2052,0,0.0,0,,Newfield Exploration,n/a,series_starts_after_membership,True,0,
NGH,NGH,equity,False,True,fja05680,,,0,0,,no_data,,,,,,,,,,,1998-09-16,2000-12-12,239,0,0.0,0,,,n/a,,False,0,
NI,NI,equity,True,True,fja05680;wiki_current,1995-01-03,2026-09-25,7986,0,0.0,active,0.0,0.0,,,,,,,,,2000-11-02,,6511,6511,1.0,6511,0.0,,n/a,,False,0,
NKE,NKE,equity,True,True,fja05680;wiki_current,1995-01-03,2026-09-25,7986,0,0.0,active,0.0,0.0,,,,,,,,,1996-01-02,,6723,6723,1.0,6723,0.0,,n/a,,False,0,
NKTR,NKTR,equity,False,True,fja05680;wiki_changes_added;wiki_changes_removed,1995-01-03,2026-09-25,7986,0,0.0,active,43.0,0.00538442273979464,,,,,,,,,2018-03-19,2019-10-03,389,389,1.0,389,0.0,Nektar Therapeutics,n/a,,False,4,
NLOK,NLOK,equity,False,True,fja05680,,,0,0,,no_data,,,,,GEN,,,,,,2019-11-05,2022-11-08,758,0,0.0,758,,,n/a,,False,0,
NLSN,NLSN,equity,False,True,fja05680;wiki_changes_added;wiki_changes_removed,,,0,0,,no_data,,,,,,,,,,,2013-07-09,2022-10-12,2333,0,0.0,0,,Nielsen Holdings,n/a,,False,0,
NLV,NLV,equity,False,True,fja05680,2007-03-14,2017-03-13,615,28,793.0,ended_before_2026-09-25,606.0,0.9853658536585366,2010;2011;2012;2014;2015;2016;2017,2017,,,,,,,1996-04-01,2000-01-06,3,0,0.0,0,,,n/a,series_starts_after_membership;thin_pre_history,True,0,215.0
NMK,NMK,equity,False,True,fja05680,,,0,0,,no_data,,,,,,,,,,,1996-01-02,2002-02-01,521,0,0.0,0,,,n/a,,False,0,
NOC,NOC,equity,True,True,fja05680;wiki_current,1995-01-03,2026-09-25,7986,0,0.0,active,0.0,0.0,,,,,,,,,1996-01-02,,6723,6723,1.0,6723,0.0,,n/a,,False,0,
NOV,NOV,equity,False,True,fja05680;wiki_changes_removed,1996-10-29,2026-09-25,7524,0,0.0,active,0.0,0.0,,,,,,,,,2005-03-14,2021-09-20,4159,4159,1.0,4159,0.0,Nov,n/a,,False,0,
NOVL,NOVL,equity,False,True,fja05680;wiki_changes_removed,,,0,0,,no_data,,,,,,,,,,,1996-01-02,2011-04-28,2847,0,0.0,0,,Novell,n/a,,False,0,
NOW,NOW,equity,True,True,fja05680;wiki_changes_added;wiki_current,2012-06-29,2026-09-25,3580,0,0.0,active,0.0,0.0,,,,,,,,,2019-11-21,,1719,1719,1.0,1719,0.0,ServiceNow,n/a,,False,0,
NRG,NRG,equity,True,True,fja05680;wiki_current,2003-12-02,2026-09-25,5740,0,0.0,active,1.0,0.00017421602787456446,,,,,,,,,2010-01-29,,4190,4190,1.0,4190,0.0,,n/a,,False,0,
NRTLQ,NRTLQ,equity,False,True,fja05680,,,0,0,,no_data,,,,,,,,,,,1996-01-02,2002-07-22,638,0,0.0,0,,,n/a,,False,0,
NSC,NSC,equity,True,True,fja05680;wiki_current,1995-01-03,2026-09-25,7986,0,0.0,active,0.0,0.0,,,,,,,,,1996-01-02,,6723,6723,1.0,6723,0.0,,n/a,,False,0,
NSI,NSI,equity,False,True,fja05680,2023-12-07,2026-09-25,702,0,0.0,active,0.0,0.0,,,,,,,,,1996-01-02,2001-12-03,480,0,0.0,0,,,n/a,series_starts_after_membership,True,0,
NSM,NSM,equity,False,True,fja05680;wiki_changes_removed,,,0,0,,no_data,,,,,,,,,,,1996-01-02,2011-09-26,2951,0,0.0,0,,National Semiconductor,n/a,,False,0,
NTAP,NTAP,equity,True,True,fja05680;wiki_current,1995-11-21,2026-09-25,7761,0,0.0,active,1.0,0.00012884937508053087,,,,,,,,,1999-06-25,,6723,6723,1.0,6723,0.0,,n/a,,False,0,
NTRS,NTRS,equity,True,True,fja05680;wiki_current,1995-01-03,2026-09-25,7986,0,0.0,active,0.0,0.0,,,,,,,,,1998-01-30,,6723,6723,1.0,6723,0.0,,n/a,,False,0,
NUE,NUE,equity,True,True,fja05680;wiki_current,1995-01-03,2026-09-25,7986,0,0.0,active,0.0,0.0,,,,,,,,,1996-01-02,,6723,6723,1.0,6723,0.0,,n/a,,False,0,
NVDA,NVDA,equity,True,True,fja05680;wiki_current,1999-01-22,2026-09-25,6962,0,0.0,active,0.0,0.0,,,,,,,,,2001-11-30,,6244,6244,1.0,6244,0.0,,n/a,,False,0,
NVLS,NVLS,equity,False,True,fja05680;wiki_changes_removed,,,0,0,,no_data,,,,,,,,,,,2000-06-19,2012-06-05,3009,0,0.0,0,,Novellus Systems,n/a,,False,0,
NVR,NVR,equity,True,True,fja05680;wiki_changes_added;wiki_current,1995-01-03,2026-09-25,7986,0,0.0,active,4.0,0.0005008765339343851,,,,,,,,,2019-09-26,,1759,1759,1.0,1759,0.0,NVR,n/a,,False,0,
NWL,NWL,equity,False,True,fja05680;wiki_changes_removed,1995-01-03,2026-09-25,7986,0,0.0,active,0.0,0.0,,,,,,,,,1996-01-02,2023-09-18,5964,5964,1.0,5964,0.0,Newell Brands,n/a,,False,0,
NWS,NWS,equity,True,True,fja05680;wiki_changes_added;wiki_current,2013-06-19,2026-09-25,3338,0,0.0,active,0.0,0.0,,,,,,,,,2015-09-21,,2770,2770,1.0,2770,0.0,News Corporation Class B,n/a,,False,0,
NWSA,NWSA,equity,True,True,fja05680;wiki_changes_added;wiki_current,2013-06-19,2026-09-25,3338,0,0.0,active,0.0,0.0,,,,,,,,,2013-07-01,,3330,3330,1.0,3330,0.0,21st Century Fox,n/a,,False,0,
NXPI,NXPI,equity,True,True,fja05680;wiki_changes_added;wiki_current,2010-08-06,2026-09-25,4059,0,0.0,active,0.0,0.0,,,,,,,,,2021-03-22,,1386,1386,1.0,1386,0.0,NXP,n/a,,False,0,
NXTL,NXTL,equity,False,True,fja05680,,,0,0,,no_data,,,,,,,,,,,1998-04-01,2005-08-15,1411,0,0.0,0,,,n/a,,False,0,
NYT,NYT,equity,False,True,fja05680;wiki_changes_removed,1995-01-03,2026-09-25,7986,0,0.0,active,0.0,0.0,,,,,,,,,1996-01-02,2010-12-20,2758,2758,1.0,2758,0.0,The New York Times Company,n/a,,False,0,
NYX,NYX,equity,False,True,fja05680;wiki_changes_removed,,,0,0,,no_data,,,,,,,,,,,2007-10-25,2013-11-13,1524,0,0.0,0,,NYSE Euronext,n/a,,False,0,
O,O,equity,True,True,fja05680;wiki_changes_added;wiki_current,1995-01-03,2026-09-25,7986,0,0.0,active,0.0,0.0,,,,,,,,,2015-04-07,,2886,2886,1.0,2886,0.0,Realty Income Corporation,n/a,,False,0,
OAT,OAT,equity,False,True,fja05680,,,0,0,,no_data,,,,,,,,,,,1996-01-02,2001-08-03,400,0,0.0,0,,,n/a,,False,0,
ODFL,ODFL,equity,True,True,fja05680;wiki_changes_added;wiki_current,1995-01-03,2026-09-25,7986,0,0.0,active,279.0,0.03493613824192337,1999,1999,,,,,,,2019-12-09,,1708,1708,1.0,1708,0.0,Old Dominion Freight Line,n/a,thin_pre_history,False,0,
ODP,ODP,equity,False,True,fja05680;wiki_changes_removed,,,0,0,,no_data,,,,,,,,,,,1999-06-24,2010-12-20,2758,0,0.0,0,,Office Depot,n/a,,False,0,
OGN,OGN,equity,False,True,fja05680;wiki_changes_added;wiki_changes_removed,2021-05-14,2026-09-25,1348,0,0.0,active,0.0,0.0,,,,,,,,,2021-06-04,2023-10-18,597,597,1.0,597,0.0,Organon & Co.,n/a,,False,0,
OI,OI,equity,False,True,fja05680;wiki_changes_added;wiki_changes_removed,1995-01-03,2026-09-25,7986,0,0.0,active,0.0,0.0,,,,,,,,,1997-08-04,2016-12-02,2232,2232,1.0,2232,0.0,Owens-Illinois,n/a,,False,0,
OK,OK,equity,False,True,fja05680,,,0,0,,no_data,,,,,,,,,,,1999-12-02,2001-04-02,314,0,0.0,0,,,n/a,,False,0,
OKE,OKE,equity,True,True,fja05680;wiki_current,1995-01-03,2026-09-25,7986,0,0.0,active,0.0,0.0,,,,,,,,,1996-01-02,,4579,4579,1.0,4579,0.0,,n/a,,False,0,
OMC,OMC,equity,True,True,fja05680;wiki_current,1995-01-03,2026-09-25,7986,0,0.0,active,0.0,0.0,,,,,,,,,1997-12-24,,6723,6723,1.0,6723,0.0,,n/a,,False,0,
OMX,OMX,equity,False,True,fja05680;wiki_changes_removed,,,0,0,,no_data,,,,,,,,,,,1996-01-02,2008-06-23,2129,0,0.0,0,,OfficeMax,n/a,,False,0,
ON,ON,equity,True,True,fja05680;wiki_changes_added;wiki_current,2000-05-02,2026-09-25,6640,0,0.0,active,0.0,0.0,,,,,,,,,2022-06-21,,1071,1071,1.0,1071,0.0,ON Semiconductor,n/a,,False,1,
ONE,ONE,equity,False,True,fja05680,,,0,0,,no_data,,,,,,,,,,,1996-01-02,2004-07-01,1128,0,0.0,0,,,n/a,,False,0,
ORCL,ORCL,equity,True,True,fja05680;wiki_current,1995-01-03,2026-09-25,7986,0,0.0,active,0.0,0.0,,,,,,,,,1996-01-02,,6723,6723,1.0,6723,0.0,,n/a,,False,0,
ORLY,ORLY,equity,True,True,fja05680;wiki_current,1995-01-03,2026-09-25,7986,0,0.0,active,1.0,0.00012521913348359628,,,,,,,,,2009-03-27,,4402,4402,1.0,4402,0.0,,n/a,,False,0,
OTIS,OTIS,equity,True,True,fja05680;wiki_changes_added;wiki_current,2020-03-19,2026-09-25,1639,0,0.0,active,0.0,0.0,,,,,,,,,2020-04-03,,1628,1628,1.0,1628,0.0,Otis Worldwide,n/a,,False,0,
OWENQ,OWENQ,equity,False,True,fja05680,,,0,0,,no_data,,,,,,,,,,,1996-01-02,2000-10-02,189,0,0.0,0,,,n/a,,False,0,
OXY,OXY,equity,True,True,fja05680;wiki_current,1995-01-03,2026-09-25,7986,0,0.0,active,0.0,0.0,,,,,,,,,1996-01-02,,6723,6723,1.0,6723,0.0,,n/a,,False,1,
P,P,equity,True,False,wiki_changes_added;wiki_current,2015-10-06,2026-09-25,2759,0,0.0,active,1.0,0.0003624501631025734,,,,,,,,,2026-09-21,,5,5,1.0,5,0.0,Everpure,n/a,,False,0,
PALM,PALM,equity,False,True,fja05680,,,0,0,,no_data,,,,,,,,,,,2000-07-28,2002-08-14,511,0,0.0,0,,,n/a,,False,0,
PANW,PANW,equity,True,True,fja05680;wiki_changes_added;wiki_current,2012-07-20,2026-09-25,3566,0,0.0,active,0.0,0.0,,,,,,,,,2023-06-20,,821,821,1.0,821,0.0,Palo Alto Networks,n/a,,False,0,
PARA,PARA,equity,False,True,fja05680,2021-02-12,2026-09-25,1411,0,0.0,active,435.0,0.3082919914953933,2021;2022;2023,2023,PSKY,,,,,,2022-02-17,2025-08-08,870,870,1.0,870,0.33448275862068966,,n/a,thin_during_membership;thin_pre_history,False,5,
PAYC,PAYC,equity,False,True,fja05680;wiki_changes_added;wiki_changes_removed,2014-04-15,2026-09-25,3131,0,0.0,active,0.0,0.0,,,,,,,,,2020-01-28,2026-03-23,1545,1545,1.0,1545,0.0,Paycom,n/a,,False,0,
PAYX,PAYX,equity,True,True,fja05680;wiki_current,1995-01-03,2026-09-25,7986,0,0.0,active,0.0,0.0,,,,,,,,,1998-10-01,,6723,6723,1.0,6723,0.0,,n/a,,False,0,
PBCT,PBCT,equity,False,True,fja05680;wiki_changes_removed,,,0,0,,no_data,,,,,,,,,,,2008-11-13,2022-04-04,3369,0,0.0,0,,People's United Financial,n/a,,False,0,
PBG,PBG,equity,False,True,fja05680,,,0,0,,no_data,,,,,,,,,,,2001-05-14,2010-03-01,2210,0,0.0,0,,,n/a,,False,0,
PBI,PBI,equity,False,True,fja05680;wiki_changes_removed,1995-01-03,2026-09-25,7986,0,0.0,active,0.0,0.0,,,,,,,,,1996-01-02,2017-03-01,4316,4316,1.0,4316,0.0,Pitney Bowes,n/a,,False,1,
PBY,PBY,equity,False,True,fja05680,,,0,0,,no_data,,,,,,,,,,,1996-01-02,2000-04-03,63,0,0.0,0,,,n/a,,False,0,
PCAR,PCAR,equity,True,True,fja05680;wiki_current,1995-01-03,2026-09-25,7986,0,0.0,active,0.0,0.0,,,,,,,,,1996-01-02,,6723,6723,1.0,6723,0.0,,n/a,,False,0,
PCG,PCG,equity,True,True,fja05680;wiki_changes_added;wiki_changes_removed;wiki_current,1995-01-03,2026-09-25,7986,0,0.0,active,0.0,0.0,,,,,,,,,1996-01-02,,5790,5790,1.0,5790,0.0,PG&E;Pacific Gas & Electric Company,n/a,,False,2,
PCH,PCH,equity,False,True,fja05680,,,0,0,,no_data,,,,,,,,,,,1996-01-02,2001-07-09,381,0,0.0,0,,,n/a,,False,0,
PCL,PCL,equity,False,True,fja05680;wiki_changes_removed,2025-08-05,2026-09-24,287,0,0.0,ended_before_2026-09-25,53.0,0.18466898954703834,2025,2025,,,,,,,2002-01-17,2016-02-22,3547,0,0.0,0,,Plum Creek Timber,n/a,series_starts_after_membership;thin_pre_history,True,0,
PCLN,PCLN,equity,False,False,wiki_changes_added,2025-10-16,2026-09-24,236,0,0.0,ended_before_2026-09-25,5.0,0.0211864406779661,,,,,,,,,,,0,0,,0,,Priceline.com,n/a,,False,0,
PCP,PCP,equity,False,True,fja05680;wiki_changes_removed,,,0,0,,no_data,,,,,,,,,,,2007-06-01,2016-02-01,2182,0,0.0,0,,Precision Castparts Corporation,n/a,,False,0,
PCS,PCS,equity,False,True,fja05680;wiki_changes_added;wiki_changes_removed,2025-08-01,2026-09-24,289,0,0.0,ended_before_2026-09-25,41.0,0.14186851211072665,2025,2025,,,,,,,1998-11-24,2004-04-23,1081,0,0.0,0,,MetroPCS,n/a,series_starts_after_membership;thin_pre_history,True,0,
PD,PD,equity,False,True,fja05680,2019-04-11,2026-09-25,1875,0,0.0,active,0.0,0.0,,,,,,,,,1996-01-02,2007-03-20,1811,0,0.0,0,,,n/a,series_starts_after_membership,True,0,
PDCO,PDCO,equity,False,True,fja05680;wiki_changes_removed,,,0,0,,no_data,,,,,,,,,,,2005-10-11,2018-03-19,3129,0,0.0,0,,Patterson Companies,n/a,,False,0,
PDG,PDG,equity,False,True,fja05680,,,0,0,,no_data,,,,,,,,,,,1996-01-02,2002-07-22,638,0,0.0,0,,,n/a,,False,0,
PEAK,PEAK,equity,False,True,fja05680,,,0,0,,no_data,,,,,DOC,,,,,,2019-11-05,2024-03-04,1087,0,0.0,1087,,,n/a,,False,0,
PEG,PEG,equity,True,True,fja05680;wiki_current,1995-01-03,2026-09-25,7986,0,0.0,active,0.0,0.0,,,,,,,,,1996-01-02,,6723,6723,1.0,6723,0.0,,n/a,,False,0,
PENN,PENN,equity,False,True,fja05680;wiki_changes_added;wiki_changes_removed,1995-01-03,2026-09-25,7986,0,0.0,active,1.0,0.00012521913348359628,,,,,,,,,2021-03-22,2022-09-19,377,377,1.0,377,0.0,Penn Entertainment;Penn National Gaming,n/a,,False,0,
PEP,PEP,equity,True,True,fja05680;wiki_current,1995-01-03,2026-09-25,7986,0,0.0,active,0.0,0.0,,,,,,,,,1996-01-02,,6723,6723,1.0,6723,0.0,,n/a,,False,0,
PETM,PETM,equity,False,True,fja05680;wiki_changes_added;wiki_changes_removed,,,0,0,,no_data,,,,,,,,,,,2012-10-05,2015-03-12,609,0,0.0,0,,PetSmart,n/a,,False,0,
PFE,PFE,equity,True,True,fja05680;wiki_current,1995-01-03,2026-09-25,7986,0,0.0,active,0.0,0.0,,,,,,,,,1996-01-02,,6723,6723,1.0,6723,0.0,,n/a,,False,0,
PFG,PFG,equity,True,True,fja05680;wiki_current,2001-10-23,2026-09-25,6271,0,0.0,active,2.0,0.0003189284005740711,,,,,,,,,2002-07-22,,6085,6085,1.0,6085,0.0003286770747740345,,n/a,,False,0,
PG,PG,equity,True,True,fja05680;wiki_current,1995-01-03,2026-09-25,7986,0,0.0,active,0.0,0.0,,,,,,,,,1996-01-02,,6723,6723,1.0,6723,0.0,,n/a,,False,0,
PGL,PGL,equity,False,True,fja05680,,,0,0,,no_data,,,,,,,,,,,1996-01-02,2007-02-22,1793,0,0.0,0,,,n/a,,False,0,
PGN,PGN,equity,False,True,fja05680;wiki_changes_removed,,,0,0,,no_data,,,,,,,,,,,1996-01-02,2012-07-02,3144,0,0.0,0,,Progress Energy,n/a,,False,0,
PGR,PGR,equity,True,True,fja05680;wiki_current,1995-01-03,2026-09-25,7986,0,0.0,active,0.0,0.0,,,,,,,,,1997-08-04,,6723,6723,1.0,6723,0.0,,n/a,,False,0,
PH,PH,equity,True,True,fja05680;wiki_current,1995-01-03,2026-09-25,7986,0,0.0,active,0.0,0.0,,,,,,,,,1996-01-02,,6723,6723,1.0,6723,0.0,,n/a,,False,0,
PHA,PHA,equity,False,True,fja05680,,,0,0,,no_data,,,,,,,,,,,1996-01-02,2003-04-16,824,0,0.0,0,,,n/a,,False,0,
PHM,PHM,equity,True,True,fja05680;wiki_current,1995-01-03,2026-09-25,7986,0,0.0,active,0.0,0.0,,,,,,,,,1996-01-02,,6723,6723,1.0,6723,0.0,,n/a,,False,0,
PKG,PKG,equity,True,True,fja05680;wiki_changes_added;wiki_current,2000-01-28,2026-09-25,6705,0,0.0,active,0.0,0.0,,,,,,,,,2017-07-26,,2305,2305,1.0,2305,0.0,Packaging Corporation of America,n/a,,False,0,
PKI,PKI,equity,False,True,fja05680,,,0,0,,no_data,,,,,RVTY,,,,,,1996-01-02,2023-05-16,5879,0,0.0,5879,,,n/a,,False,0,
PLD,PLD,equity,True,True,fja05680;wiki_current,1997-11-21,2026-09-25,7254,0,0.0,active,0.0,0.0,,,,,,,,,2003-07-17,,5836,5836,1.0,5836,0.0,,n/a,,False,0,
PLL,PLL,equity,False,True,fja05680;wiki_changes_removed,,,0,0,,no_data,,,,,,,,,,,1996-01-02,2015-08-31,3939,0,0.0,0,,Pall Corporation,n/a,,False,0,
PLTR,PLTR,equity,True,True,fja05680;wiki_changes_added;wiki_current,2020-09-30,2026-09-25,1504,0,0.0,active,0.0,0.0,,,,,,,,,2024-09-23,,504,504,1.0,504,0.0,Palantir Technologies,n/a,,False,0,
PM,PM,equity,True,True,fja05680;wiki_current,2008-03-17,2026-09-25,4662,0,0.0,active,0.0,0.0,,,,,,,,,2008-03-31,,4653,4653,1.0,4653,0.0,,n/a,,False,0,
PMCS,PMCS,equity,False,True,fja05680,,,0,0,,no_data,,,,,,,,,,,2001-08-03,2007-07-02,1483,0,0.0,0,,,n/a,,False,0,
PNC,PNC,equity,True,True,fja05680;wiki_current,1995-01-03,2026-09-25,7986,0,0.0,active,0.0,0.0,,,,,,,,,1996-01-02,,6723,6723,1.0,6723,0.0,,n/a,,False,0,
PNR,PNR,equity,True,True,fja05680;wiki_changes_added;wiki_current,1995-01-03,2026-09-25,7986,0,0.0,active,0.0,0.0,,,,,,,,,2012-10-01,,3516,3516,1.0,3516,0.0,Pentair,n/a,,False,0,
PNU,PNU,equity,False,True,fja05680,,,0,0,,no_data,,,,,,,,,,,1996-01-02,2000-04-03,63,0,0.0,0,,,n/a,,False,0,
PNW,PNW,equity,True,True,fja05680;wiki_current,1995-01-03,2026-09-25,7986,0,0.0,active,0.0,0.0,,,,,,,,,1999-10-04,,6723,6723,1.0,6723,0.0,,n/a,,False,0,
PODD,PODD,equity,True,True,fja05680;wiki_changes_added;wiki_current,2007-05-15,2026-09-25,4873,0,0.0,active,0.0,0.0,,,,,,,,,2023-03-15,,887,887,1.0,887,0.0,Insulet,n/a,,False,0,
POM,POM,equity,False,True,fja05680;wiki_changes_removed,2025-10-08,2026-09-25,243,0,0.0,active,0.0,0.0,,,,,,,,,2007-11-09,2016-03-24,2106,0,0.0,0,,Pepco Holdings,n/a,series_starts_after_membership,True,4,
POOL,POOL,equity,False,True,fja05680;wiki_changes_added;wiki_changes_removed,1995-10-13,2026-09-25,7788,0,0.0,active,35.0,0.004494093477144324,,,,,,,,,2020-10-07,2026-06-22,1431,1431,1.0,1431,0.0,Pool Corporation,n/a,,False,0,
PPG,PPG,equity,True,True,fja05680;wiki_current,1995-01-03,2026-09-25,7986,0,0.0,active,0.0,0.0,,,,,,,,,1996-01-02,,6723,6723,1.0,6723,0.0,,n/a,,False,0,
PPL,PPL,equity,True,True,fja05680;wiki_current,1995-01-03,2026-09-25,7986,0,0.0,active,0.0,0.0,,,,,,,,,1996-01-02,,6723,6723,1.0,6723,0.0,,n/a,,False,0,
PRD,PRD,equity,False,True,fja05680,,,0,0,,no_data,,,,,,,,,,,1996-01-02,2000-12-12,239,0,0.0,0,,,n/a,,False,0,
PRGO,PRGO,equity,False,True,fja05680;wiki_changes_added;wiki_changes_removed,1995-01-03,2026-09-25,7986,0,0.0,active,0.0,0.0,,,,,,,,,2011-12-19,2021-09-20,2453,2453,1.0,2453,0.0,Perrigo,n/a,,False,0,
PRU,PRU,equity,True,True,fja05680;wiki_current,2001-12-13,2026-09-25,6235,0,0.0,active,0.0,0.0,,,,,,,,,2002-07-22,,6085,6085,1.0,6085,0.0,,n/a,,False,0,
PSA,PSA,equity,True,True,fja05680;wiki_current,1995-01-03,2026-09-25,7986,0,0.0,active,0.0,0.0,,,,,,,,,2005-08-19,,5308,5308,1.0,5308,0.0,,n/a,,False,0,
PSFT,PSFT,equity,False,True,fja05680,,,0,0,,no_data,,,,,,,,,,,1998-10-02,2004-12-29,1253,0,0.0,0,,,n/a,,False,0,
PSKY,PSKY,equity,True,True,fja05680;wiki_current,2005-12-05,2026-09-25,5234,0,0.0,active,0.0,0.0,,,,,,,,,2025-08-08,,285,285,1.0,285,0.0,,n/a,,False,0,
PSX,PSX,equity,True,True,fja05680;wiki_changes_added;wiki_current,2012-04-12,2026-09-25,3635,0,0.0,active,0.0,0.0,,,,,,,,,2012-05-01,,3622,3622,1.0,3622,0.0,Phillips 66,n/a,,False,0,
PTC,PTC,equity,True,True,fja05680;wiki_changes_added;wiki_current,1995-01-03,2026-09-25,7986,0,0.0,active,0.0,0.0,,,,,,,,,1997-04-03,,3125,3125,1.0,3125,0.0,PTC,n/a,,False,0,
PTV,PTV,equity,False,True,fja05680;wiki_changes_removed,,,0,0,,no_data,,,,,,,,,,,1999-11-05,2010-11-17,2736,0,0.0,0,,Pactiv,n/a,,False,0,
PVH,PVH,equity,False,True,fja05680;wiki_changes_added;wiki_changes_removed,1995-01-03,2026-09-25,7986,0,0.0,active,0.0,0.0,,,,,,,,,2013-02-14,2022-09-19,2415,2415,1.0,2415,0.0,PVH,n/a,,False,0,
PVN,PVN,equity,False,True,fja05680,,,0,0,,no_data,,,,,,,,,,,1996-01-02,2005-10-03,1445,0,0.0,0,,,n/a,,False,0,
PWER,PWER,equity,False,True,fja05680,2023-11-29,2026-09-25,708,0,0.0,active,61.0,0.08615819209039548,,,,,,,,,2000-10-23,2005-03-14,1100,0,0.0,0,,,n/a,series_starts_after_membership,True,0,
PWJ,PWJ,equity,False,True,fja05680,,,0,0,,no_data,,,,,,,,,,,1999-06-04,2000-11-06,214,0,0.0,0,,,n/a,,False,0,
PWR,PWR,equity,True,True,fja05680;wiki_current,1998-02-12,2026-09-25,7199,0,0.0,active,0.0,0.0,,,,,,,,,2009-07-01,,4336,4336,1.0,4336,0.0,,n/a,,False,1,
PX,PX,equity,False,True,fja05680,,,0,0,,no_data,,,,,,,,,,,1996-01-02,2018-10-31,4738,0,0.0,0,,,n/a,,False,0,
PXD,PXD,equity,False,True,fja05680;wiki_changes_removed,,,0,0,,no_data,,,,,,,,,,,2008-09-24,2024-05-08,3931,0,0.0,0,,Pioneer Natural Resources,n/a,,False,0,
PYPL,PYPL,equity,True,True,fja05680;wiki_changes_added;wiki_current,2015-07-06,2026-09-25,2824,0,0.0,active,0.0,0.0,,,,,,,,,2015-07-20,,2814,2814,1.0,2814,0.0,PayPal,n/a,,False,0,
Q,Q,equity,True,True,fja05680;wiki_changes_added;wiki_changes_removed;wiki_current,2025-10-27,2026-09-25,230,0,0.0,active,0.0,0.0,,,,,,,,,2000-07-06,,2926,225,0.07689678742310321,225,0.0,Qnity Electronics;QuintilesIMS;Qwest Communications,n/a,series_starts_after_member_start,False,0,
QCOM,QCOM,equity,True,True,fja05680;wiki_current,1995-01-03,2026-09-25,7986,0,0.0,active,0.0,0.0,,,,,,,,,1999-07-22,,6723,6723,1.0,6723,0.0,,n/a,,False,0,
QEP,QEP,equity,False,True,fja05680;wiki_changes_added;wiki_changes_removed,,,0,0,,no_data,,,,,,,,,,,2010-07-01,2015-07-01,1258,0,0.0,0,,QEP Resources,n/a,,False,0,
QLGC,QLGC,equity,False,True,fja05680,,,0,0,,no_data,,,,,,,,,,,2000-12-12,2011-01-18,2538,0,0.0,0,,,n/a,,False,0,
QRVO,QRVO,equity,False,True,fja05680;wiki_changes_added;wiki_changes_removed,2015-01-02,2026-09-25,2950,0,0.0,active,0.0,0.0,,,,,,,,,2015-06-12,2024-12-23,2399,2399,1.0,2399,0.0,Qorvo,n/a,,False,0,
QTRN,QTRN,equity,False,True,fja05680;wiki_changes_removed,,,0,0,,no_data,,,,,,,,,,,1999-11-16,2003-09-26,937,0,0.0,0,,Quintiles Transnational,n/a,,False,0,
R,R,equity,False,True,fja05680;wiki_changes_removed,1995-01-03,2026-09-25,7986,0,0.0,active,0.0,0.0,,,,,,,,,1996-01-02,2017-06-19,4392,4392,1.0,4392,0.0,Ryder System,n/a,,False,0,
RAD,RAD,equity,False,True,fja05680;wiki_changes_removed,,,0,0,,no_data,,,,,,,,,,,1996-01-02,2000-07-27,143,0,0.0,0,,Rite Aid,n/a,,False,0,
RAI,RAI,equity,False,True,fja05680;wiki_changes_removed,,,0,0,,no_data,,,,,,,,,,,2002-09-04,2017-07-25,3748,0,0.0,0,,Reynolds American,n/a,,False,0,
RAL,RAL,equity,False,True,fja05680,2025-06-25,2026-09-25,316,0,0.0,active,0.0,0.0,,,,,,,,,1996-01-02,2001-12-13,488,0,0.0,0,,,n/a,series_starts_after_membership,True,0,
RATL,RATL,equity,False,True,fja05680,,,0,0,,no_data,,,,,,,,,,,2002-02-01,2003-02-21,265,0,0.0,0,,,n/a,,False,0,
RBK,RBK,equity,False,True,fja05680,,,0,0,,no_data,,,,,,,,,,,1996-01-02,2006-02-01,1528,0,0.0,0,,,n/a,,False,0,
RCL,RCL,equity,True,True,fja05680;wiki_changes_added;wiki_current,1995-01-03,2026-09-25,7986,0,0.0,active,0.0,0.0,,,,,,,,,2014-12-05,,2968,2968,1.0,2968,0.0,Royal Caribbean Cruises,n/a,,False,0,
RDC,RDC,equity,False,True,fja05680;wiki_changes_removed,,,0,0,,no_data,,,,,,,,,,,1996-01-02,2014-08-19,3679,0,0.0,0,,Rowan Companies,n/a,,False,0,
RDDT,RDDT,equity,True,True,fja05680;wiki_changes_added;wiki_current,2024-03-21,2026-09-25,631,0,0.0,active,0.0,0.0,,,,,,,,,2026-08-18,,28,28,1.0,28,0.0,Reddit,n/a,,False,0,
RDS-A,RDS.A,equity,False,True,fja05680,,,0,0,,no_data,,,,,,,,,,,1996-01-02,2002-07-22,638,0,0.0,0,,,n/a,,False,0,
RE,RE,equity,False,True,fja05680;wiki_changes_added,,,0,0,,no_data,,,,,EG,,,,,,2017-06-19,2023-07-10,1523,0,0.0,1523,,Everest Re,n/a,,False,0,
REG,REG,equity,True,True,fja05680;wiki_changes_added;wiki_current,1995-01-03,2026-09-25,7986,0,0.0,active,4.0,0.0005008765339343851,,,,,,,,,2017-03-02,,2406,2406,1.0,2406,0.0,Regency Centers,n/a,,False,0,
REGN,REGN,equity,True,True,fja05680;wiki_changes_added;wiki_current,1995-01-03,2026-09-25,7986,0,0.0,active,0.0,0.0,,,,,,,,,2013-05-01,,3372,3372,1.0,3372,0.0,Regeneron Pharmaceuticals,n/a,,False,3,
RF,RF,equity,True,True,fja05680;wiki_current,1995-01-03,2026-09-25,7986,0,0.0,active,0.0,0.0,,,,,,,,,1998-08-28,,6723,6723,1.0,6723,0.0,,n/a,,False,0,
RHI,RHI,equity,False,True,fja05680;wiki_changes_removed,1995-01-03,2026-09-25,7986,0,0.0,active,0.0,0.0,,,,,,,,,2000-12-05,2024-06-24,5922,5922,1.0,5922,0.0,Robert Half,n/a,,False,0,
RHT,RHT,equity,False,True,fja05680;wiki_changes_removed,,,0,0,,no_data,,,,,,,,,,,2009-07-27,2019-07-15,2508,0,0.0,0,,Red Hat,n/a,,False,0,
RIG,RIG,equity,False,True,fja05680;wiki_changes_added;wiki_changes_removed,1995-01-03,2026-09-25,7986,0,0.0,active,0.0,0.0,,,,,,,,,1999-12-31,2017-07-26,3196,3196,1.0,3196,0.0,Transocean,n/a,,False,1,
RJF,RJF,equity,True,True,fja05680;wiki_changes_added;wiki_current,1995-01-03,2026-09-25,7986,0,0.0,active,0.0,0.0,,,,,,,,,2017-03-20,,2394,2394,1.0,2394,0.0,Raymond James Financial,n/a,,False,0,
RL,RL,equity,True,True,fja05680;wiki_current,1997-06-12,2026-09-25,7368,0,0.0,active,0.0,0.0,,,,,,,,,2007-02-02,,4943,4943,1.0,4943,0.0,,n/a,,False,0,
RLM,RLM,equity,False,True,fja05680,,,0,0,,no_data,,,,,,,,,,,1996-01-02,2000-05-04,85,0,0.0,0,,,n/a,,False,0,
RMD,RMD,equity,True,True,fja05680;wiki_changes_added;wiki_current,1995-06-02,2026-09-25,7881,0,0.0,active,10.0,0.0012688745083111281,,,,,,,,,2017-07-26,,2305,2305,1.0,2305,0.0,ResMed,n/a,,False,0,
RML,RML,equity,False,True,fja05680,2026-09-09,2026-09-25,13,0,0.0,active,0.0,0.0,,,,,,,,,1996-01-02,2000-12-12,239,0,0.0,0,,,n/a,series_starts_after_membership,True,0,
RNB,RNB,equity,False,True,fja05680,,,0,0,,no_data,,,,,,,,,,,1996-01-02,2000-01-03,0,0,,0,,,n/a,,False,0,
ROH,ROH,equity,False,True,fja05680,,,0,0,,no_data,,,,,,,,,,,1996-01-02,2009-04-02,2325,0,0.0,0,,,n/a,,False,0,
ROK,ROK,equity,True,True,fja05680;wiki_current,1995-01-03,2026-09-25,7986,0,0.0,active,0.0,0.0,,,,,,,,,1996-01-02,,6723,6723,1.0,6723,0.0,,n/a,,False,1,
ROL,ROL,equity,True,True,fja05680;wiki_changes_added;wiki_current,1995-01-03,2026-09-25,7986,0,0.0,active,0.0,0.0,,,,,,,,,2018-10-01,,2007,2007,1.0,2007,0.0,Rollins,n/a,,False,0,
ROP,ROP,equity,True,True,fja05680;wiki_current,1995-01-03,2026-09-25,7986,0,0.0,active,0.0,0.0,,,,,,,,,2009-12-23,,4214,4214,1.0,4214,0.0,,n/a,,False,0,
ROST,ROST,equity,True,True,fja05680;wiki_changes_added;wiki_current,1995-01-03,2026-09-25,7986,0,0.0,active,0.0,0.0,,,,,,,,,2009-12-21,,4216,4216,1.0,4216,0.0,Ross Stores,n/a,,False,0,
RRC,RRC,equity,False,True,fja05680;wiki_changes_added;wiki_changes_removed,1995-01-03,2026-09-25,7986,0,0.0,active,1.0,0.00012521913348359628,,,,,,,,,2007-12-21,2018-06-18,2639,2639,1.0,2639,0.0,Range Resources,n/a,,False,1,
RRD,RRD,equity,False,True,fja05680;wiki_changes_removed,,,0,0,,no_data,,,,,,,,,,,1996-01-02,2012-12-12,3256,0,0.0,0,,RR Donnelley,n/a,,False,0,
RSG,RSG,equity,True,True,fja05680;wiki_current,1998-07-01,2026-09-25,7103,0,0.0,active,0.0,0.0,,,,,,,,,2008-12-05,,4478,4478,1.0,4478,0.0,,n/a,,False,0,
RSH,RSH,equity,False,False,wiki_changes_removed,,,0,0,,no_data,,,,,,,,,,,,,0,0,,0,,RadioShack,n/a,,False,0,
RSHCQ,RSHCQ,equity,False,True,fja05680,,,0,0,,no_data,,,,,,,,,,,1996-01-02,2011-07-01,2892,0,0.0,0,,,n/a,,False,0,
RTN,RTN,equity,False,True,fja05680;wiki_changes_removed,,,0,0,,no_data,,,,,,,,,,,1996-01-02,2020-04-06,5096,0,0.0,0,,Raytheon Company,n/a,,False,0,
RTX,RTX,equity,True,True,fja05680;wiki_current,1995-01-03,2026-09-25,7986,0,0.0,active,0.0,0.0,,,,,,,,,2020-04-03,,1628,1628,1.0,1628,0.0,,n/a,,False,0,
RVTY,RVTY,equity,True,True,fja05680;wiki_current,1995-01-03,2026-09-25,7986,0,0.0,active,0.0,0.0,,,,,,,,,2023-05-16,,844,844,1.0,844,0.0,,n/a,,False,0,
RX,RX,equity,False,True,fja05680;wiki_changes_removed,,,0,0,,no_data,,,,,,,,,,,1996-11-04,2010-02-26,2552,0,0.0,0,,IMS Health,n/a,,False,0,
S,S,equity,False,True,fja05680;wiki_changes_removed,2021-06-30,2026-09-25,1316,0,0.0,active,0.0,0.0,,,,,,,,,1996-01-02,2013-07-09,3398,0,0.0,0,,Sprint Nextel,n/a,series_starts_after_membership,True,0,
SAF,SAF,equity,False,True,fja05680,,,0,0,,no_data,,,,,,,,,,,1996-01-02,2008-09-23,2193,0,0.0,0,,,n/a,,False,0,
SAI,SAI,equity,False,False,wiki_changes_added;wiki_changes_removed,,,0,0,,no_data,,,,,,,,,,,,,0,0,,0,,SAIC,n/a,,False,0,
SANM,SANM,equity,False,True,fja05680,1995-01-03,2026-09-25,7986,0,0.0,active,0.0,0.0,,,,,,,,,2000-06-21,2007-07-02,1765,1765,1.0,1765,0.0,,n/a,,False,0,
SAPE,SAPE,equity,False,True,fja05680,,,0,0,,no_data,,,,,,,,,,,2000-05-05,2002-05-13,504,0,0.0,0,,,n/a,,False,0,
SATS,SATS,equity,False,True,fja05680;wiki_changes_added,,,0,0,,no_data,,,,,,,,,,,2026-03-23,2026-06-24,64,0,0.0,0,,EchoStar,n/a,,False,0,
SBAC,SBAC,equity,True,True,fja05680;wiki_changes_added;wiki_current,1999-06-16,2026-09-25,6862,0,0.0,active,1.0,0.0001457301078402798,,,,,,,,,2017-09-01,,2278,2278,1.0,2278,0.0,SBA Communications,n/a,,False,0,
SBL,SBL,equity,False,True,fja05680;wiki_changes_added;wiki_changes_removed,,,0,0,,no_data,,,,,,,,,,,2000-12-11,2007-01-10,1526,0,0.0,0,,Symbol Technologies,n/a,,False,0,
SBNY,SBNY,equity,False,True,fja05680;wiki_changes_added;wiki_changes_removed,2024-08-15,2026-09-24,529,0,0.0,ended_before_2026-09-25,32.0,0.06049149338374291,,,,,,,,,2021-12-20,2023-03-15,309,0,0.0,0,,Signature Bank,n/a,series_starts_after_membership,True,2,11.0
SBUX,SBUX,equity,True,True,fja05680;wiki_changes_added;wiki_current,1995-01-03,2026-09-25,7986,0,0.0,active,0.0,0.0,,,,,,,,,2000-06-08,,6614,6614,1.0,6614,0.0,Starbucks,n/a,,False,0,
SCG,SCG,equity,False,True,fja05680;wiki_changes_removed,,,0,0,,no_data,,,,,,,,,,,2009-01-02,2019-01-02,2516,0,0.0,0,,SCANA,n/a,,False,0,
SCHW,SCHW,equity,True,True,fja05680;wiki_current,1995-01-03,2026-09-25,7986,0,0.0,active,0.0,0.0,,,,,,,,,1997-06-02,,6723,6723,1.0,6723,0.0,,n/a,,False,0,
SCI,SCI,equity,False,True,fja05680,1995-01-03,2026-09-25,7986,0,0.0,active,0.0,0.0,,,,,,,,,1996-01-02,2000-03-16,51,51,1.0,51,0.0,,n/a,,False,0,
SDS,SDS,equity,False,True,fja05680,2006-07-13,2026-09-25,5083,0,0.0,active,0.0,0.0,,,,,,,,,2002-07-22,2005-08-12,772,0,0.0,0,,,n/a,series_starts_after_membership,True,0,
SE,SE,equity,False,True,fja05680;wiki_changes_removed,2017-10-20,2026-09-25,2244,0,0.0,active,0.0,0.0,,,,,,,,,2007-01-03,2017-02-27,2555,0,0.0,0,,Spectra Energy,n/a,series_starts_after_membership,True,0,
SEBL,SEBL,equity,False,True,fja05680,,,0,0,,no_data,,,,,,,,,,,2000-05-05,2006-02-01,1442,0,0.0,0,,,n/a,,False,0,
SEDG,SEDG,equity,False,True,fja05680;wiki_changes_added;wiki_changes_removed,2015-03-26,2026-09-25,2893,0,0.0,active,0.0,0.0,,,,,,,,,2021-12-20,2023-12-18,501,501,1.0,501,0.0,SolarEdge,n/a,,False,0,
SEE,SEE,equity,False,True,fja05680;wiki_changes_removed,,,0,0,,no_data,,,,,,,,,,,1998-04-01,2023-12-18,6028,0,0.0,0,,Sealed Air,n/a,,False,0,
SEG,SEG,equity,False,True,fja05680,2024-07-30,2026-09-25,542,0,0.0,active,0.0,0.0,,,,,,,,,1996-08-16,2000-11-22,226,0,0.0,0,,,n/a,series_starts_after_membership,True,0,
SFA,SFA,equity,False,True,fja05680,,,0,0,,no_data,,,,,,,,,,,1996-01-02,2006-02-27,1545,0,0.0,0,,,n/a,,False,0,
SGID,SGID,equity,False,True,fja05680,,,0,0,,no_data,,,,,,,,,,,1996-01-02,2000-06-21,118,0,0.0,0,,,n/a,,False,0,
SGP,SGP,equity,False,True,fja05680;wiki_changes_removed,2026-02-06,2026-09-25,160,0,0.0,active,0.0,0.0,,,,,,,,,1996-01-02,2009-11-04,2475,0,0.0,0,,Schering-Plough,n/a,series_starts_after_membership,True,0,
SHLD,SHLD,equity,False,True,fja05680;wiki_changes_removed,2023-09-14,2026-09-25,761,0,0.0,active,0.0,0.0,,,,,,,,,2005-03-28,2012-09-05,1876,0,0.0,0,,Sears Holdings,n/a,series_starts_after_membership,True,0,
SHW,SHW,equity,True,True,fja05680;wiki_current,1995-01-03,2026-09-25,7986,0,0.0,active,0.0,0.0,,,,,,,,,1996-01-02,,6723,6723,1.0,6723,0.0,,n/a,,False,0,
SIAL,SIAL,equity,False,True,fja05680;wiki_changes_removed,,,0,0,,no_data,,,,,,,,,,,1996-01-02,2015-11-18,3995,0,0.0,0,,Sigma-Aldrich,n/a,,False,0,
SIG,SIG,equity,False,True,fja05680;wiki_changes_added;wiki_changes_removed,1995-01-03,2026-09-25,7986,0,0.0,active,411.0,0.05146506386175808,1995;1996;2000;2001,2001,,,,,,,2015-07-29,2018-03-19,664,664,1.0,664,0.0,Signet Jewelers,n/a,thin_pre_history,False,0,16.0
SII,SII,equity,False,True,fja05680;wiki_changes_removed,2010-02-22,2026-09-25,4175,0,0.0,active,506.0,0.12119760479041916,2010;2011;2012;2013,2013,,,,,,,2006-10-02,2010-08-27,983,131,0.13326551373346898,131,0.7251908396946565,Smith International,n/a,series_starts_after_member_start;thin_during_membership;thin_pre_history,False,0,28.0
SIVB,SIVB,equity,False,True,fja05680;wiki_changes_added;wiki_changes_removed,,,0,0,,no_data,,,,,,,,,,,2018-03-19,2023-03-15,1256,0,0.0,0,,SVB Financial Group,n/a,,False,0,
SJM,SJM,equity,True,True,fja05680;wiki_current,1995-01-03,2026-09-25,7986,0,0.0,active,13.0,0.0016278487352867517,,,,,,,,,2008-11-06,,4498,4498,1.0,4498,0.0,,n/a,,False,0,
SLB,SLB,equity,True,True,fja05680;wiki_current,1995-01-03,2026-09-25,7986,0,0.0,active,0.0,0.0,,,,,,,,,1996-01-02,,6723,6723,1.0,6723,0.0,,n/a,,False,0,
SLE,SLE,equity,False,False,wiki_changes_removed,2019-02-26,2026-09-25,1907,0,0.0,active,0.0,0.0,,,,,,,,,,,0,0,,0,,Sara Lee Corporation,n/a,,False,6,
SLG,SLG,equity,False,True,fja05680;wiki_changes_added;wiki_changes_removed,1997-08-15,2026-09-25,7323,0,0.0,active,0.0,0.0,,,,,,,,,2015-03-23,2021-03-22,1510,1510,1.0,1510,0.0,SL Green Realty,n/a,,False,0,
SLM,SLM,equity,False,True,fja05680;wiki_changes_removed,1995-01-03,2026-09-25,7986,0,0.0,active,0.0,0.0,,,,,,,,,1998-07-01,2014-05-01,3603,3603,1.0,3603,0.0,SLM Corporation,n/a,,False,0,
SLR,SLR,equity,False,True,fja05680;wiki_changes_removed,,,0,0,,no_data,,,,,,,,,,,1998-12-31,2007-10-02,1947,0,0.0,0,,Solectron,n/a,,False,0,
SMCI,SMCI,equity,True,True,fja05680;wiki_changes_added;wiki_current,2007-03-29,2026-09-25,4905,0,0.0,active,0.0,0.0,,,,,,,,,2024-03-18,,634,634,1.0,634,0.0,Supermicro,n/a,,False,0,
SMI,SMI,equity,False,True,fja05680,,,0,0,,no_data,,,,,,,,,,,1996-01-02,2000-12-12,239,0,0.0,0,,,n/a,,False,0,
SMS,SMS,equity,False,True,fja05680;wiki_changes_removed,,,0,0,,no_data,,,,,,,,,,,1996-01-02,2000-06-08,109,0,0.0,0,,Shared Medical Systems,n/a,,False,0,
SNA,SNA,equity,True,True,fja05680;wiki_current,1995-01-03,2026-09-25,7986,0,0.0,active,0.0,0.0,,,,,,,,,1996-01-02,,6723,6723,1.0,6723,0.0,,n/a,,False,0,
SNDK,SNDK,equity,True,True,fja05680;wiki_changes_added;wiki_changes_removed;wiki_current,2025-02-13,2026-09-25,406,0,0.0,active,0.0,0.0,,,,,,,,,2006-04-20,,2740,207,0.07554744525547445,207,0.0,SanDisk;Sandisk,n/a,series_starts_after_member_start,False,0,
SNI,SNI,equity,False,True,fja05680;wiki_changes_removed,,,0,0,,no_data,,,,,,,,,,,2008-07-01,2018-03-07,2437,0,0.0,0,,Scripps Networks Interactive,n/a,,False,0,
SNPS,SNPS,equity,True,True,fja05680;wiki_changes_added;wiki_current,1995-01-03,2026-09-25,7986,0,0.0,active,0.0,0.0,,,,,,,,,2017-03-16,,2396,2396,1.0,2396,0.0,Synopsys,n/a,,False,0,
SNV,SNV,equity,False,True,fja05680,,,0,0,,no_data,,,,,,,,,,,1997-12-01,2008-01-02,2010,0,0.0,0,,,n/a,,False,0,
SO,SO,equity,True,True,fja05680;wiki_current,1995-01-03,2026-09-25,7986,0,0.0,active,0.0,0.0,,,,,,,,,1996-01-02,,6723,6723,1.0,6723,0.0,,n/a,,False,0,
SOLS,SOLS,equity,False,True,fja05680;wiki_changes_added;wiki_changes_removed,2025-10-20,2026-09-25,235,0,0.0,active,0.0,0.0,,,,,,,,,2025-10-30,2025-12-22,36,36,1.0,36,0.0,Solstice Advanced Materials,n/a,,False,0,
SOLV,SOLV,equity,True,True,fja05680;wiki_changes_added;wiki_current,2024-03-26,2026-09-25,628,0,0.0,active,0.0,0.0,,,,,,,,,2024-04-01,,625,625,1.0,625,0.0,Solventum,n/a,,False,0,
SOTR,SOTR,equity,False,True,fja05680,,,0,0,,no_data,,,,,,,,,,,1999-03-01,2004-11-01,1213,0,0.0,0,,,n/a,,False,0,
SOV,SOV,equity,False,True,fja05680,,,0,0,,no_data,,,,,,,,,,,2004-07-01,2009-01-30,1154,0,0.0,0,,,n/a,,False,0,
SPG,SPG,equity,True,True,fja05680;wiki_current,1995-01-03,2026-09-25,7986,0,0.0,active,0.0,0.0,,,,,,,,,2002-06-26,,6102,6102,1.0,6102,0.0,,n/a,,False,0,
SPGI,SPGI,equity,True,True,fja05680;wiki_current,1995-01-03,2026-09-25,7986,0,0.0,active,0.0,0.0,,,,,,,,,1996-01-02,,6723,6723,1.0,6723,0.0,,n/a,,False,0,
SPLS,SPLS,equity,False,True,fja05680;wiki_changes_removed,2026-01-16,2026-09-25,174,0,0.0,active,0.0,0.0,,,,,,,,,1998-10-07,2017-09-13,4452,0,0.0,0,,Staples,n/a,series_starts_after_membership,True,0,
SRCL,SRCL,equity,False,True,fja05680;wiki_changes_removed,,,0,0,,no_data,,,,,,,,,,,2008-11-19,2018-12-03,2526,0,0.0,0,,Stericycle,n/a,,False,0,
SRE,SRE,equity,True,True,fja05680;wiki_current,1998-06-29,2026-09-25,7105,0,0.0,active,0.0,0.0,,,,,,,,,1998-06-29,,6723,6723,1.0,6723,0.0,,n/a,,False,0,
SSP,SSP,equity,False,True,fja05680,1995-01-03,2026-09-25,7986,0,0.0,active,1.0,0.00012521913348359628,,,,,,,,,2005-12-20,2008-07-01,635,635,1.0,635,0.0,,n/a,,False,1,
STE,STE,equity,True,True,fja05680;wiki_changes_added;wiki_current,1995-01-03,2026-09-25,7986,0,0.0,active,0.0,0.0,,,,,,,,,2019-12-23,,1698,1698,1.0,1698,0.0,Steris,n/a,,False,0,
STI,STI,equity,False,True,fja05680;wiki_changes_removed,2022-05-02,2026-09-25,1105,0,0.0,active,188.0,0.17013574660633485,2022;2023,2023,,,,,,,1996-01-02,2019-12-09,5015,0,0.0,0,,SunTrust Banks,n/a,series_starts_after_membership;thin_pre_history,True,9,22.0
STJ,STJ,equity,False,True,fja05680;wiki_changes_removed,,,0,0,,no_data,,,,,,,,,,,1996-01-02,2017-01-05,4279,0,0.0,0,,St Jude Medical,n/a,,False,0,
STLD,STLD,equity,True,True,fja05680;wiki_changes_added;wiki_current,1996-11-22,2026-09-25,7506,0,0.0,active,0.0,0.0,,,,,,,,,2022-12-22,,942,942,1.0,942,0.0,Steel Dynamics,n/a,,False,0,
STR,STR,equity,False,True,fja05680;wiki_changes_removed,,,0,0,,no_data,,,,,,,,,,,2006-12-01,2010-07-01,900,0,0.0,0,,Questar,n/a,,False,0,
STT,STT,equity,True,True,fja05680;wiki_current,1995-01-03,2026-09-25,7986,0,0.0,active,0.0,0.0,,,,,,,,,1997-08-18,,6723,6723,1.0,6723,0.0,,n/a,,False,1,
STX,STX,equity,True,True,fja05680;wiki_changes_added;wiki_current,2002-12-11,2026-09-25,5985,0,0.0,active,0.0,0.0,,,,,,,,,2012-07-02,,3579,3579,1.0,3579,0.0,Seagate Technology,n/a,,False,0,
STZ,STZ,equity,True,True,fja05680;wiki_changes_added;wiki_current,1995-01-03,2026-09-25,7986,0,0.0,active,0.0,0.0,,,,,,,,,2005-07-05,,5341,5341,1.0,5341,0.0,Constellation Brands,n/a,,False,0,
SUB,SUB,equity,False,True,fja05680,2008-11-19,2026-09-25,4489,0,0.0,active,0.0,0.0,,,,,,,,,1998-01-28,2001-03-01,292,0,0.0,0,,,n/a,series_starts_after_membership,True,0,
SUN,SUN,equity,False,True,fja05680;wiki_changes_removed,2012-09-20,2026-09-25,3523,0,0.0,active,0.0,0.0,,,,,,,,,1996-01-02,2012-10-05,3211,11,0.003425724073497353,11,0.0,SunAmerica;Sunoco,n/a,series_starts_after_member_start,False,0,
SUNEQ,SUNEQ,equity,False,True,fja05680,,,0,0,,no_data,,,,,,,,,,,2007-05-31,2011-12-19,1149,0,0.0,0,,,n/a,,False,0,
SVU,SVU,equity,False,True,fja05680;wiki_changes_removed,,,0,0,,no_data,,,,,,,,,,,1996-01-02,2012-05-01,3101,0,0.0,0,,Supervalu,n/a,,False,0,
SW,SW,equity,True,True,fja05680;wiki_current,2008-06-17,2026-09-25,4598,0,0.0,active,2772.0,0.6028708133971292,2008;2009;2010;2011;2012;2013;2014;2015;2016;2017;2018;2019;2020;2021;2022;2023;2024,2024,,,,,,,2024-07-08,,558,558,1.0,558,0.0,,n/a,thin_pre_history,False,0,70.0
SWK,SWK,equity,True,True,fja05680;wiki_current,1995-01-03,2026-09-25,7986,0,0.0,active,0.0,0.0,,,,,,,,,1996-01-02,,6723,6723,1.0,6723,0.0,,n/a,,False,0,
SWKS,SWKS,equity,True,True,fja05680;wiki_changes_added;wiki_current,1995-01-03,2026-09-25,7986,0,0.0,active,0.0,0.0,,,,,,,,,2015-03-12,,2903,2903,1.0,2903,0.0,Skyworks,n/a,,False,0,
SWN,SWN,equity,False,True,fja05680;wiki_changes_removed,,,0,0,,no_data,,,,,,,,,,,2008-06-06,2017-04-04,2222,0,0.0,0,,Southwestern Energy,n/a,,False,0,
SWY,SWY,equity,False,True,fja05680;wiki_changes_removed,,,0,0,,no_data,,,,,,,,,,,1998-11-13,2015-01-27,3789,0,0.0,0,,Safeway,n/a,,False,0,
SXCL,SXCL,equity,False,True,fja05680,,,0,0,,no_data,,,,,,,,,,,1999-10-01,2001-05-14,343,0,0.0,0,,,n/a,,False,0,
SYF,SYF,equity,True,True,fja05680;wiki_changes_added;wiki_current,2014-07-31,2026-09-25,3057,0,0.0,active,0.0,0.0,,,,,,,,,2015-11-18,,2728,2728,1.0,2728,0.0,Synchrony Financial,n/a,,False,0,
SYK,SYK,equity,True,True,fja05680;wiki_current,1995-01-03,2026-09-25,7986,0,0.0,active,0.0,0.0,,,,,,,,,2000-12-12,,6484,6484,1.0,6484,0.0,,n/a,,False,0,
SYMC,SYMC,equity,False,True,fja05680,,,0,0,,no_data,,,,,,,,,,,2003-03-31,2019-11-05,4180,0,0.0,0,,,n/a,,False,0,
SYY,SYY,equity,True,True,fja05680;wiki_current,1995-01-03,2026-09-25,7986,0,0.0,active,0.0,0.0,,,,,,,,,1996-01-02,,6723,6723,1.0,6723,0.0,,n/a,,False,0,
T,T,equity,True,True,fja05680;wiki_changes_removed;wiki_current,1995-01-03,2026-09-25,7986,0,0.0,active,0.0,0.0,,,,,,,,,1996-01-02,,6723,6723,1.0,6723,0.0,AT&T Corporation,n/a,,False,0,
TAP,TAP,equity,False,True,fja05680;wiki_changes_removed,1995-01-03,2026-09-25,7986,0,0.0,active,0.0,0.0,,,,,,,,,1996-01-02,2026-09-21,6718,6718,1.0,6718,0.0,Molson Coors,n/a,,False,0,
TDC,TDC,equity,False,True,fja05680;wiki_changes_added;wiki_changes_removed,2007-10-01,2026-09-25,4777,0,0.0,active,1.0,0.00020933640360058616,,,,,,,,,2007-10-01,2017-06-19,2446,2446,1.0,2446,0.0004088307440719542,Teradata,n/a,,False,0,
TDG,TDG,equity,True,True,fja05680;wiki_changes_added;wiki_current,2006-03-15,2026-09-25,5166,0,0.0,active,0.0,0.0,,,,,,,,,2016-06-03,,2593,2593,1.0,2593,0.0,TransDigm Group,n/a,,False,0,
TDY,TDY,equity,True,True,fja05680;wiki_changes_added;wiki_current,1999-11-23,2026-09-25,6750,0,0.0,active,0.0,0.0,,,,,,,,,2020-06-22,,1574,1574,1.0,1574,0.0,Teledyne,n/a,,False,0,
TE,TE,equity,False,True,fja05680;wiki_changes_removed,2020-01-10,2026-09-25,1686,0,0.0,active,17.0,0.010083036773428233,,,,,,,,,2001-10-10,2016-07-01,3707,0,0.0,0,,TECO Energy,n/a,series_starts_after_membership,True,1,
TECH,TECH,equity,True,True,fja05680;wiki_changes_added;wiki_current,1995-01-03,2026-09-25,7986,0,0.0,active,0.0,0.0,,,,,,,,,2021-08-30,,1274,1274,1.0,1274,0.0,Bio-Techne,n/a,,False,0,
TEG,TEG,equity,False,True,fja05680;wiki_changes_removed,,,0,0,,no_data,,,,,,,,,,,2007-02-22,2015-06-30,2103,0,0.0,0,,Integrys Energy Group,n/a,,False,0,
TEK,TEK,equity,False,True,fja05680,2024-10-22,2026-09-25,483,0,0.0,active,0.0,0.0,,,,,,,,,1996-01-02,2007-11-16,1980,0,0.0,0,,,n/a,series_starts_after_membership,True,0,
TEL,TEL,equity,True,True,fja05680;wiki_changes_added;wiki_changes_removed;wiki_current,2007-06-14,2026-09-25,4852,0,0.0,active,0.0,0.0,,,,,,,,,2007-07-02,,4258,4258,1.0,4258,0.0,TE Connectivity,n/a,,False,0,
TER,TER,equity,True,True,fja05680;wiki_changes_added;wiki_changes_removed;wiki_current,1995-01-03,2026-09-25,7986,0,0.0,active,0.0,0.0,,,,,,,,,1999-11-15,,5026,5026,1.0,5026,0.0,Teradyne,n/a,,False,0,
TEX,TEX,equity,False,True,fja05680,1995-01-03,2026-09-25,7986,0,0.0,active,0.0,0.0,,,,,,,,,2006-12-20,2008-11-06,473,473,1.0,473,0.0,,n/a,,False,0,
TFC,TFC,equity,True,True,fja05680;wiki_current,1995-01-03,2026-09-25,7986,0,0.0,active,0.0,0.0,,,,,,,,,2019-12-09,,1708,1708,1.0,1708,0.0,,n/a,,False,0,
TFX,TFX,equity,False,True,fja05680;wiki_changes_added;wiki_changes_removed,1995-01-03,2026-09-25,7986,0,0.0,active,0.0,0.0,,,,,,,,,2019-01-18,2025-03-24,1552,1552,1.0,1552,0.0,Teleflex,n/a,,False,0,
TGNA,TGNA,equity,False,True,fja05680;wiki_changes_removed,,,0,0,,no_data,,,,,,,,,,,1996-01-02,2017-06-02,4381,0,0.0,0,,Tegna,n/a,,False,0,
TGT,TGT,equity,True,True,fja05680;wiki_current,1995-01-03,2026-09-25,7986,0,0.0,active,0.0,0.0,,,,,,,,,1996-01-02,,6723,6723,1.0,6723,0.0,,n/a,,False,0,
THC,THC,equity,False,True,fja05680;wiki_changes_removed,1995-01-03,2026-09-25,7986,0,0.0,active,0.0,0.0,,,,,,,,,1996-01-02,2016-04-18,4097,4097,1.0,4097,0.0,Tenet Healthcare,n/a,,False,1,
TIE,TIE,equity,False,True,fja05680;wiki_changes_removed,,,0,0,,no_data,,,,,,,,,,,2007-10-29,2012-12-24,1298,0,0.0,0,,Titanium Metals,n/a,,False,0,
TIF,TIF,equity,False,True,fja05680;wiki_changes_removed,,,0,0,,no_data,,,,,,,,,,,2000-06-21,2021-01-07,5169,0,0.0,0,,Tiffany & Co,n/a,,False,0,
TIN,TIN,equity,False,True,fja05680,,,0,0,,no_data,,,,,,,,,,,1996-01-02,2007-12-31,2009,0,0.0,0,,,n/a,,False,0,
TJX,TJX,equity,True,True,fja05680;wiki_current,1995-01-03,2026-09-25,7986,0,0.0,active,0.0,0.0,,,,,,,,,1996-01-02,,6723,6723,1.0,6723,0.0,,n/a,,False,0,
TKO,TKO,equity,True,True,fja05680;wiki_changes_added;wiki_current,1999-10-19,2026-09-25,6775,0,0.0,active,0.0,0.0,,,,,,,,,2025-03-24,,380,380,1.0,380,0.0,TKO Group Holdings,n/a,,False,0,
TKR,TKR,equity,False,True,fja05680,1995-01-03,2026-09-25,7986,0,0.0,active,0.0,0.0,,,,,,,,,1996-01-02,2001-08-07,402,402,1.0,402,0.0,,n/a,,False,0,
TLAB,TLAB,equity,False,True,fja05680;wiki_changes_removed,,,0,0,,no_data,,,,,,,,,,,1996-01-02,2011-12-21,3012,0,0.0,0,,Tellabs,n/a,,False,0,
TMC,TMC,equity,False,True,fja05680;wiki_changes_removed,2021-09-10,2026-09-25,1266,0,0.0,active,0.0,0.0,,,,,,,,,1996-01-02,2000-06-13,112,0,0.0,0,,Times Mirror,n/a,series_starts_after_membership,True,0,
TMC-A,TMC.A,equity,False,True,fja05680,,,0,0,,no_data,,,,,,,,,,,1996-01-02,2000-06-13,112,0,0.0,0,,,n/a,,False,0,
TMK,TMK,equity,False,True,fja05680,,,0,0,,no_data,,,,,GL,,,,,,1996-01-02,2019-08-08,4930,0,0.0,4930,,,n/a,,False,0,
TMO,TMO,equity,True,True,fja05680;wiki_current,1995-01-03,2026-09-25,7986,0,0.0,active,0.0,0.0,,,,,,,,,1997-01-02,,6723,6723,1.0,6723,0.0,,n/a,,False,0,
TMUS,TMUS,equity,True,True,fja05680;wiki_changes_added;wiki_current,2007-04-19,2026-09-25,4891,0,0.0,active,0.0,0.0,,,,,,,,,2009-06-30,,2776,2776,1.0,2776,0.0,T-Mobile US,n/a,,False,0,
TNB,TNB,equity,False,True,fja05680,,,0,0,,no_data,,,,,,,,,,,1996-01-02,2004-08-03,1150,0,0.0,0,,,n/a,,False,0,
TOS,TOS,equity,False,True,fja05680,2026-01-29,2026-09-24,165,0,0.0,ended_before_2026-09-25,2.0,0.012121212121212121,,,,,,,,,1999-09-20,2001-09-17,426,0,0.0,0,,,n/a,series_starts_after_membership,True,0,
TOY,TOY,equity,False,True,fja05680,,,0,0,,no_data,,,,,,,,,,,1996-01-02,2005-07-22,1395,0,0.0,0,,,n/a,,False,0,
TPL,TPL,equity,True,True,fja05680;wiki_changes_added;wiki_current,1995-01-03,2026-09-25,7986,0,0.0,active,21.0,0.002629601803155522,,,,,,,,,2024-11-26,,458,458,1.0,458,0.0,Texas Pacific Land Corporation,n/a,,False,0,
TPR,TPR,equity,True,True,fja05680;wiki_current,2000-10-06,2026-09-25,6530,0,0.0,active,0.0,0.0,,,,,,,,,2004-09-01,,5552,5552,1.0,5552,0.0,,n/a,,False,0,
TRB,TRB,equity,False,True,fja05680;wiki_changes_removed,,,0,0,,no_data,,,,,,,,,,,1996-01-02,2007-12-21,2004,0,0.0,0,,Tribune Media,n/a,,False,0,
TRGP,TRGP,equity,True,True,fja05680;wiki_changes_added;wiki_current,2010-12-07,2026-09-25,3974,0,0.0,active,0.0,0.0,,,,,,,,,2022-10-12,,992,992,1.0,992,0.0,Targa Resources,n/a,,False,1,
TRIP,TRIP,equity,False,True,fja05680;wiki_changes_added;wiki_changes_removed,2011-12-07,2026-09-25,3721,0,0.0,active,0.0,0.0,,,,,,,,,2011-12-21,2019-12-23,2013,2013,1.0,2013,0.0,TripAdvisor,n/a,,False,0,
TRMB,TRMB,equity,True,True,fja05680;wiki_changes_added;wiki_current,1995-01-03,2026-09-25,7986,0,0.0,active,0.0,0.0,,,,,,,,,2021-01-21,,1427,1427,1.0,1427,0.0,Trimble,n/a,,False,0,
TROW,TROW,equity,True,True,fja05680;wiki_current,1995-01-03,2026-09-25,7986,0,0.0,active,0.0,0.0,,,,,,,,,1999-10-13,,6723,6723,1.0,6723,0.0,,n/a,,False,0,
TRV,TRV,equity,True,True,fja05680;wiki_current,1995-01-03,2026-09-25,7986,0,0.0,active,0.0,0.0,,,,,,,,,1996-01-02,,6723,6723,1.0,6723,0.0,,n/a,,False,0,
TRW,TRW,equity,False,True,fja05680,,,0,0,,no_data,,,,,,,,,,,1996-01-02,2002-12-12,739,0,0.0,0,,,n/a,,False,0,
TSCO,TSCO,equity,True,True,fja05680;wiki_changes_added;wiki_current,1995-01-03,2026-09-25,7986,0,0.0,active,33.0,0.004132231404958678,,,,,,,,,2014-01-24,,3187,3187,1.0,3187,0.0,Tractor Supply,n/a,,False,0,
TSG,TSG,equity,False,True,fja05680;wiki_changes_removed,,,0,0,,no_data,,,,,,,,,,,2000-03-16,2007-04-02,1769,0,0.0,0,,Sabre Corporation,n/a,,False,0,
TSLA,TSLA,equity,True,True,fja05680;wiki_changes_added;wiki_current,2010-06-29,2026-09-25,4086,0,0.0,active,0.0,0.0,,,,,,,,,2020-12-21,,1447,1447,1.0,1447,0.0,Tesla,n/a,,False,0,
TSN,TSN,equity,True,True,fja05680;wiki_current,1995-01-03,2026-09-25,7986,0,0.0,active,0.0,0.0,,,,,,,,,2005-08-11,,5314,5314,1.0,5314,0.0,,n/a,,False,0,
TSO,TSO,equity,False,False,wiki_changes_added,,,0,0,,no_data,,,,,,,,,,,,,0,0,,0,,Tesoro Corporation,n/a,,False,0,
TSS,TSS,equity,False,True,fja05680;wiki_changes_removed,,,0,0,,no_data,,,,,,,,,,,2008-01-02,2019-09-23,2951,0,0.0,0,,TSYS,n/a,,False,0,
TT,TT,equity,True,True,fja05680;wiki_current,1995-01-03,2026-09-25,7986,0,0.0,active,0.0,0.0,,,,,,,,,2002-05-13,,3179,3179,1.0,3179,0.0,,n/a,,False,0,
TTD,TTD,equity,False,True,fja05680;wiki_changes_added;wiki_changes_removed,2016-09-21,2026-09-25,2517,0,0.0,active,0.0,0.0,,,,,,,,,2025-07-18,2026-09-21,295,295,1.0,295,0.0,The Trade Desk,n/a,,False,0,
TTWO,TTWO,equity,True,True,fja05680;wiki_changes_added;wiki_current,1997-04-15,2026-09-25,7409,0,0.0,active,22.0,0.0029693615872587393,,,,,,,,,2018-03-19,,2143,2143,1.0,2143,0.0,Take-Two Interactive,n/a,,False,1,18.0
TUP,TUP,equity,False,True,fja05680,,,0,0,,no_data,,,,,,,,,,,1996-05-31,2004-03-25,1061,0,0.0,0,,,n/a,,False,0,
TWC,TWC,equity,False,True,fja05680;wiki_changes_removed,,,0,0,,no_data,,,,,,,,,,,2009-03-30,2016-05-18,1797,0,0.0,0,,Time Warner Cable,n/a,,False,0,
TWTR,TWTR,equity,False,True,fja05680;wiki_changes_added;wiki_changes_removed,,,0,0,,no_data,,,,,,,,,,,2018-06-07,2022-11-01,1109,0,0.0,0,,Twitter,n/a,,False,0,
TWX,TWX,equity,False,True,fja05680;wiki_changes_removed,,,0,0,,no_data,,,,,,,,,,,1996-01-02,2018-06-15,4642,0,0.0,0,,Time Warner,n/a,,False,0,
TX,TX,equity,False,True,fja05680,2006-02-01,2026-09-25,5195,0,0.0,active,0.0,0.0,,,,,,,,,1996-01-02,2001-10-10,443,0,0.0,0,,,n/a,series_starts_after_membership,True,0,
TXN,TXN,equity,True,True,fja05680;wiki_current,1995-01-03,2026-09-25,7986,0,0.0,active,0.0,0.0,,,,,,,,,1996-01-02,,6723,6723,1.0,6723,0.0,,n/a,,False,0,
TXT,TXT,equity,True,True,fja05680;wiki_current,1995-01-03,2026-09-25,7986,0,0.0,active,0.0,0.0,,,,,,,,,1996-01-02,,6723,6723,1.0,6723,0.0,,n/a,,False,0,
TXU,TXU,equity,False,True,fja05680,,,0,0,,no_data,,,,,,,,,,,1996-01-02,2007-10-10,1953,0,0.0,0,,,n/a,,False,0,
TYC,TYC,equity,False,False,wiki_changes_added;wiki_changes_removed,,,0,0,,no_data,,,,,,,,,,,,,0,0,,0,,Tyco International,n/a,,False,0,
TYL,TYL,equity,True,True,fja05680;wiki_changes_added;wiki_current,1995-01-03,2026-09-25,7986,0,0.0,active,4.0,0.0005008765339343851,,,,,,,,,2020-06-22,,1574,1574,1.0,1574,0.0,Tyler Technologies,n/a,,False,0,19.0
UA,UA,equity,False,True,fja05680;wiki_changes_added;wiki_changes_removed,2016-03-23,2026-09-25,2643,0,0.0,active,3.0,0.0011350737797956867,,,,,,,,,2016-04-08,2022-06-21,1561,1561,1.0,1561,0.0006406149903907751,Under Armour;Under Armour (Class C),n/a,,False,0,
UAA,UAA,equity,False,True,fja05680;wiki_changes_removed,2005-11-18,2026-09-25,5244,0,0.0,active,0.0,0.0,,,,,,,,,2014-05-01,2022-06-21,2049,2049,1.0,2049,0.0,Under Armour (Class A),n/a,,False,0,
UAL,UAL,equity,True,True,fja05680;wiki_changes_added;wiki_current,2006-02-06,2026-09-25,5192,0,0.0,active,0.0,0.0,,,,,,,,,2015-09-03,,2781,2781,1.0,2781,0.0,United Continental Holdings,n/a,,False,1,
UAWGQ,UAWGQ,equity,False,True,fja05680,,,0,0,,no_data,,,,,,,,,,,1996-01-02,2002-05-15,592,0,0.0,0,,,n/a,,False,0,
UBER,UBER,equity,True,True,fja05680;wiki_changes_added;wiki_current,2019-05-10,2026-09-25,1855,0,0.0,active,0.0,0.0,,,,,,,,,2023-12-18,,695,695,1.0,695,0.0,Uber,n/a,,False,0,
UCL,UCL,equity,False,True,fja05680,2020-06-10,2026-09-25,1582,0,0.0,active,13.0,0.008217446270543615,,,,,,,,,1996-01-02,2005-08-11,1409,0,0.0,0,,,n/a,series_starts_after_membership,True,1,
UCM,UCM,equity,False,True,fja05680,,,0,0,,no_data,,,,,,,,,,,1996-01-02,2000-10-23,204,0,0.0,0,,,n/a,,False,0,
UDR,UDR,equity,True,True,fja05680;wiki_changes_added;wiki_current,1995-01-03,2026-09-25,7986,0,0.0,active,0.0,0.0,,,,,,,,,2016-03-07,,2655,2655,1.0,2655,0.0,UDR,n/a,,False,0,
UHS,UHS,equity,True,True,fja05680;wiki_changes_added;wiki_current,1995-01-03,2026-09-25,7986,0,0.0,active,0.0,0.0,,,,,,,,,2014-09-22,,3021,3021,1.0,3021,0.0,Universal Health Services,n/a,,False,0,
UIS,UIS,equity,False,True,fja05680,1995-01-03,2026-09-25,7986,0,0.0,active,0.0,0.0,,,,,,,,,1996-01-02,2008-11-11,2228,2228,1.0,2228,0.0,,n/a,,False,1,
UK,UK,equity,False,True,fja05680,2019-11-07,2026-09-25,1729,0,0.0,active,160.0,0.09253903990746096,2019;2020,2020,,,,,,,1996-01-02,2001-02-07,277,0,0.0,0,,,n/a,series_starts_after_membership;thin_pre_history,True,2,14.0
ULTA,ULTA,equity,True,True,fja05680;wiki_changes_added;wiki_current,2007-10-25,2026-09-25,4759,0,0.0,active,0.0,0.0,,,,,,,,,2016-04-18,,2626,2626,1.0,2626,0.0,Ulta Beauty,n/a,,False,0,
UMG,UMG,equity,False,True,fja05680,,,0,0,,no_data,,,,,,,,,,,1996-01-02,2000-06-15,114,0,0.0,0,,,n/a,,False,0,
UN,UN,equity,False,True,fja05680,2026-07-07,2026-09-24,57,0,0.0,ended_before_2026-09-25,0.0,0.0,,,,,,,,,1996-01-02,2002-07-22,638,0,0.0,0,,,n/a,series_starts_after_membership,True,0,
UNH,UNH,equity,True,True,fja05680;wiki_current,1995-01-03,2026-09-25,7986,0,0.0,active,0.0,0.0,,,,,,,,,1996-01-02,,6723,6723,1.0,6723,0.0,,n/a,,False,0,
UNM,UNM,equity,False,True,fja05680;wiki_changes_removed,1995-01-03,2026-09-25,7986,0,0.0,active,0.0,0.0,,,,,,,,,1996-01-02,2021-09-20,5463,5463,1.0,5463,0.0,Unum,n/a,,False,0,
UNP,UNP,equity,True,True,fja05680;wiki_current,1995-01-03,2026-09-25,7986,0,0.0,active,0.0,0.0,,,,,,,,,1996-01-02,,6723,6723,1.0,6723,0.0,,n/a,,False,0,
UPC,UPC,equity,False,True,fja05680,2021-03-23,2026-09-25,1385,0,0.0,active,9.0,0.006498194945848376,,,,,,,,,1998-10-01,2004-07-01,1128,0,0.0,0,,,n/a,series_starts_after_membership,True,6,
UPR,UPR,equity,False,True,fja05680,,,0,0,,no_data,,,,,,,,,,,1996-10-16,2000-07-17,135,0,0.0,0,,,n/a,,False,0,
UPS,UPS,equity,True,True,fja05680;wiki_current,1999-11-10,2026-09-25,6759,0,0.0,active,0.0,0.0,,,,,,,,,2002-07-22,,6085,6085,1.0,6085,0.0,,n/a,,False,0,
URBN,URBN,equity,False,True,fja05680;wiki_changes_removed,1995-01-03,2026-09-25,7986,0,0.0,active,6.0,0.0007513148009015778,,,,,,,,,2010-02-08,2017-03-20,1790,1790,1.0,1790,0.0,Urban Outfitters,n/a,,False,0,
URI,URI,equity,True,True,fja05680;wiki_changes_added;wiki_current,1997-12-18,2026-09-25,7236,0,0.0,active,0.0,0.0,,,,,,,,,2014-09-22,,3021,3021,1.0,3021,0.0,United Rentals,n/a,,False,0,
USB,USB,equity,True,True,fja05680;wiki_current,1995-01-03,2026-09-25,7986,0,0.0,active,0.0,0.0,,,,,,,,,1996-01-02,,6723,6723,1.0,6723,0.0,,n/a,,False,0,
USL,USL,equity,False,False,wiki_changes_removed,2007-12-06,2026-09-25,4730,0,0.0,active,11.0,0.002325581395348837,,,,,,,,,,,0,0,,0,,USLife,n/a,,False,0,
UST,UST,equity,False,True,fja05680,2010-02-02,2026-09-25,4188,0,0.0,active,30.0,0.0071633237822349575,,,,,,,,,1996-01-02,2009-01-06,2265,0,0.0,0,,,n/a,series_starts_after_membership,True,0,
USW,USW,equity,False,True,fja05680,,,0,0,,no_data,,,,,,,,,,,1996-01-02,2000-07-03,126,0,0.0,0,,,n/a,,False,0,
UTX,UTX,equity,False,True,fja05680,,,0,0,,no_data,,,,,RTX,,,,,,1996-01-02,2020-04-03,5095,0,0.0,5095,,,n/a,,False,0,
UVN,UVN,equity,False,True,fja05680,,,0,0,,no_data,,,,,,,,,,,2001-02-07,2007-03-29,1541,0,0.0,0,,,n/a,,False,0,
V,V,equity,True,True,fja05680;wiki_changes_added;wiki_current,2008-03-19,2026-09-25,4660,0,0.0,active,0.0,0.0,,,,,,,,,2009-12-21,,4216,4216,1.0,4216,0.0,Visa,n/a,,False,0,
VAR,VAR,equity,False,True,fja05680;wiki_changes_removed,,,0,0,,no_data,,,,,,,,,,,2007-02-12,2021-04-20,3571,0,0.0,0,,Varian Medical Systems,n/a,,False,0,
VEEV,VEEV,equity,True,True,fja05680;wiki_changes_added;wiki_current,2013-10-16,2026-09-25,3255,0,0.0,active,0.0,0.0,,,,,,,,,2026-05-07,,98,98,1.0,98,0.0,Veeva Systems,n/a,,False,0,
VFC,VFC,equity,False,True,fja05680;wiki_changes_removed,1995-01-03,2026-09-25,7986,0,0.0,active,0.0,0.0,,,,,,,,,1996-01-02,2024-04-01,6098,6098,1.0,6098,0.0,VF Corporation,n/a,,False,0,
VIAB,VIAB,equity,False,True,fja05680;wiki_changes_removed,,,0,0,,no_data,,,,,,,,,,,2006-01-03,2019-12-05,3505,0,0.0,0,,Viacom,n/a,,False,0,
VIAC,VIAC,equity,False,True,fja05680,,,0,0,,no_data,,,,,PSKY,,,,,,2019-12-05,2022-02-17,555,0,0.0,555,,,n/a,,False,0,
VIAV,VIAV,equity,False,True,fja05680,1995-01-03,2026-09-25,7986,0,0.0,active,0.0,0.0,,,,,,,,,2000-07-27,2013-12-23,3372,3372,1.0,3372,0.0,,n/a,,False,0,
VICI,VICI,equity,True,True,fja05680;wiki_changes_added;wiki_current,2018-01-02,2026-09-25,2195,0,0.0,active,0.0,0.0,,,,,,,,,2022-06-08,,1079,1079,1.0,1079,0.0,Vici Properties,n/a,,False,0,
VLO,VLO,equity,True,True,fja05680;wiki_current,1995-01-03,2026-09-25,7986,0,0.0,active,0.0,0.0,,,,,,,,,2004-04-29,,5638,5638,1.0,5638,0.0,,n/a,,False,0,
VLTO,VLTO,equity,True,True,fja05680;wiki_changes_added;wiki_current,2023-10-04,2026-09-25,747,0,0.0,active,0.0,0.0,,,,,,,,,2023-10-02,,749,747,0.9973297730307076,747,0.0,Veralto,n/a,,False,0,
VMC,VMC,equity,True,True,fja05680;wiki_current,1995-01-03,2026-09-25,7986,0,0.0,active,0.0,0.0,,,,,,,,,1999-07-01,,6723,6723,1.0,6723,0.0,,n/a,,False,0,
VMRK,VMRK,equity,True,True,fja05680;wiki_current,1995-01-03,2026-09-25,7986,0,0.0,active,0.0,0.0,,,,,,,,,2026-08-18,,28,28,1.0,28,0.0,,n/a,,False,0,
VNO,VNO,equity,False,True,fja05680;wiki_changes_removed,1995-01-03,2026-09-25,7986,0,0.0,active,0.0,0.0,,,,,,,,,2005-08-12,2023-01-04,4378,4378,1.0,4378,0.0,Vornado Realty Trust,n/a,,False,0,
VNT,VNT,equity,False,True,fja05680;wiki_changes_added;wiki_changes_removed,2020-09-24,2026-09-25,1508,0,0.0,active,1.0,0.000663129973474801,,,,,,,,,2020-10-12,2021-03-22,110,110,1.0,110,0.0,Vontier,n/a,,False,0,
VO,VO,equity,False,True,fja05680,2004-01-30,2026-09-25,5700,0,0.0,active,3.0,0.0005263157894736842,,,,,,,,,1996-01-02,2000-12-11,238,0,0.0,0,,,n/a,series_starts_after_membership,True,0,
VRSK,VRSK,equity,True,True,fja05680;wiki_changes_added;wiki_current,2009-10-07,2026-09-25,4268,0,0.0,active,0.0,0.0,,,,,,,,,2015-10-08,,2757,2757,1.0,2757,0.0,Verisk Analytics,n/a,,False,0,
VRSN,VRSN,equity,True,True,fja05680;wiki_current,1998-01-30,2026-09-25,7208,0,0.0,active,0.0,0.0,,,,,,,,,2006-02-01,,5195,5195,1.0,5195,0.0,,n/a,,False,0,
VRT,VRT,equity,True,True,fja05680;wiki_changes_added;wiki_current,2018-08-02,2026-09-25,2048,0,0.0,active,12.0,0.005859375,,,,,,,,,2026-03-23,,130,130,1.0,130,0.0,Vertiv,n/a,,False,0,
VRTS,VRTS,equity,False,True,fja05680,2009-01-02,2026-09-25,4460,0,0.0,active,0.0,0.0,,,,,,,,,2000-04-03,2005-07-05,1319,0,0.0,0,,,n/a,series_starts_after_membership,True,0,
VRTX,VRTX,equity,True,True,fja05680;wiki_changes_added;wiki_current,1995-01-03,2026-09-25,7986,0,0.0,active,2.0,0.00025043826696719256,,,,,,,,,2013-09-23,,3272,3272,1.0,3272,0.0,Vertex Pharmaceuticals,n/a,,False,2,
VST,VST,equity,True,True,fja05680;wiki_changes_added;wiki_current,2016-10-05,2026-09-25,2507,0,0.0,active,1.0,0.00039888312724371757,,,,,,,,,2024-05-08,,598,598,1.0,598,0.0,Vistra,n/a,,False,0,
VSTNQ,VSTNQ,equity,False,True,fja05680,,,0,0,,no_data,,,,,,,,,,,2000-06-29,2006-01-03,1384,0,0.0,0,,,n/a,,False,0,
VTR,VTR,equity,True,True,fja05680;wiki_changes_added;wiki_current,1997-05-05,2026-09-25,7395,0,0.0,active,0.0,0.0,,,,,,,,,2009-03-04,,4419,4419,1.0,4419,0.0,Ventas,n/a,,False,0,
VTRS,VTRS,equity,True,True,fja05680;wiki_current,1995-01-03,2026-09-25,7986,0,0.0,active,0.0,0.0,,,,,,,,,2020-11-17,,1470,1470,1.0,1470,0.0,,n/a,,False,0,
VTSS,VTSS,equity,False,True,fja05680,,,0,0,,no_data,,,,,,,,,,,2000-12-12,2002-08-21,421,0,0.0,0,,,n/a,,False,0,
VZ,VZ,equity,True,True,fja05680;wiki_current,1995-01-03,2026-09-25,7986,0,0.0,active,0.0,0.0,,,,,,,,,1996-01-02,,6723,6723,1.0,6723,0.0,,n/a,,False,0,
WAB,WAB,equity,True,True,fja05680;wiki_changes_added;wiki_current,1995-06-16,2026-09-25,7871,0,0.0,active,0.0,0.0,,,,,,,,,2019-02-27,,1906,1906,1.0,1906,0.0,Wabtec,n/a,,False,0,
WAMUQ,WAMUQ,equity,False,True,fja05680,,,0,0,,no_data,,,,,,,,,,,1997-07-02,2008-09-30,2198,0,0.0,0,,,n/a,,False,0,
WAT,WAT,equity,True,True,fja05680;wiki_current,1995-11-17,2026-09-25,7763,0,0.0,active,0.0,0.0,,,,,,,,,2002-01-02,,6223,6223,1.0,6223,0.0,,n/a,,False,0,
WB,WB,equity,False,True,fja05680;wiki_changes_removed,2014-04-17,2026-09-25,3129,0,0.0,active,0.0,0.0,,,,,,,,,1996-01-02,2009-01-02,2263,0,0.0,0,,Wachovia Bank,n/a,series_starts_after_membership,True,0,
WBA,WBA,equity,False,True,fja05680;wiki_changes_removed,,,0,0,,no_data,,,,,,,,,,,1996-01-02,2025-08-28,6452,0,0.0,0,,Walgreens Boots Alliance,n/a,,False,0,
WBD,WBD,equity,True,True,fja05680;wiki_changes_added;wiki_current,2005-07-08,2026-09-25,5338,0,0.0,active,0.0,0.0,,,,,,,,,2022-04-11,,1119,1119,1.0,1119,0.0,Warner Bros. Discovery,n/a,,False,0,
WCG,WCG,equity,False,True,fja05680;wiki_changes_added;wiki_changes_removed,,,0,0,,no_data,,,,,,,,,,,2018-09-17,2020-01-28,342,0,0.0,0,,WellCare,n/a,,False,0,
WCOEQ,WCOEQ,equity,False,True,fja05680,,,0,0,,no_data,,,,,,,,,,,1996-04-01,2002-05-15,592,0,0.0,0,,,n/a,,False,0,
WDAY,WDAY,equity,True,True,fja05680;wiki_changes_added;wiki_current,2012-10-12,2026-09-25,3507,0,0.0,active,0.0,0.0,,,,,,,,,2024-12-23,,440,440,1.0,440,0.0,"Workday, Inc.",n/a,,False,0,
WDC,WDC,equity,True,True,fja05680;wiki_current,1995-01-03,2026-09-25,7986,0,0.0,active,0.0,0.0,,,,,,,,,2009-07-01,,4336,4336,1.0,4336,0.0,,n/a,,False,0,
WEC,WEC,equity,True,True,fja05680;wiki_current,1995-01-03,2026-09-25,7986,0,0.0,active,0.0,0.0,,,,,,,,,2008-10-31,,4502,4502,1.0,4502,0.0,,n/a,,False,0,
WELL,WELL,equity,True,True,fja05680;wiki_current,1995-01-03,2026-09-25,7986,0,0.0,active,0.0,0.0,,,,,,,,,2009-01-30,,4441,4441,1.0,4441,0.0,,n/a,,False,0,
WEN,WEN,equity,False,True,fja05680,1995-01-03,2026-09-25,7986,0,0.0,active,0.0,0.0,,,,,,,,,1996-01-02,2008-09-30,2198,2198,1.0,2198,0.0,,n/a,,False,1,
WFC,WFC,equity,True,True,fja05680;wiki_current,1995-01-03,2026-09-25,7986,0,0.0,active,0.0,0.0,,,,,,,,,1996-01-02,,6723,6723,1.0,6723,0.0,,n/a,,False,0,
WFM,WFM,equity,False,True,fja05680;wiki_changes_removed,,,0,0,,no_data,,,,,,,,,,,2006-01-03,2017-08-28,2933,0,0.0,0,,Whole Foods Market,n/a,,False,0,
WFR,WFR,equity,False,False,wiki_changes_removed,,,0,0,,no_data,,,,,,,,,,,,,0,0,,0,,MEMC Electronic Materials,n/a,,False,0,
WFT,WFT,equity,False,True,fja05680,,,0,0,,no_data,,,,,,,,,,,2005-07-22,2009-02-26,905,0,0.0,0,,,n/a,,False,0,
WHR,WHR,equity,False,True,fja05680;wiki_changes_removed,1995-01-03,2026-09-25,7986,0,0.0,active,0.0,0.0,,,,,,,,,1996-01-02,2024-03-18,6089,6089,1.0,6089,0.0,Whirlpool Corporation,n/a,,False,0,
WIN,WIN,equity,False,True,fja05680;wiki_changes_removed,,,0,0,,no_data,,,,,,,,,,,2006-07-18,2015-04-07,2194,0,0.0,0,,Windstream Communications,n/a,,False,0,
WLA,WLA,equity,False,True,fja05680,,,0,0,,no_data,,,,,,,,,,,1996-01-02,2000-06-20,117,0,0.0,0,,,n/a,,False,0,
WLL,WLL,equity,False,True,fja05680,,,0,0,,no_data,,,,,,,,,,,1996-01-02,2002-02-11,527,0,0.0,0,,,n/a,,False,0,
WLP,WLP,equity,False,True,fja05680;wiki_changes_added,,,0,0,,no_data,,,,,,,,,,,1999-06-09,2004-12-01,1234,0,0.0,0,,Wellpoint,n/a,,False,0,
WLTW,WLTW,equity,False,True,fja05680;wiki_changes_added;wiki_changes_removed,,,0,0,,no_data,,,,,,,,,,,2016-01-05,2022-01-10,1515,0,0.0,0,,Willis Towers Watson,n/a,,False,0,
WM,WM,equity,True,True,fja05680;wiki_current,1995-01-03,2026-09-25,7986,0,0.0,active,0.0,0.0,,,,,,,,,1998-07-17,,6723,6723,1.0,6723,0.0,,n/a,,False,0,
WMB,WMB,equity,True,True,fja05680;wiki_current,1995-01-03,2026-09-25,7986,0,0.0,active,0.0,0.0,,,,,,,,,1996-01-02,,6723,6723,1.0,6723,0.0,,n/a,,False,2,
WMT,WMT,equity,True,True,fja05680;wiki_current,1995-01-03,2026-09-25,7986,0,0.0,active,0.0,0.0,,,,,,,,,1996-01-02,,6723,6723,1.0,6723,0.0,,n/a,,False,0,
WNDXQ,WNDXQ,equity,False,True,fja05680,,,0,0,,no_data,,,,,,,,,,,1996-01-02,2004-12-03,1236,0,0.0,0,,,n/a,,False,0,
WOR,WOR,equity,False,True,fja05680,1995-01-03,2026-09-25,7986,0,0.0,active,0.0,0.0,,,,,,,,,1996-01-02,2004-12-20,1247,1247,1.0,1247,0.0,,n/a,,False,0,
WPX,WPX,equity,False,True,fja05680;wiki_changes_added;wiki_changes_removed,,,0,0,,no_data,,,,,,,,,,,2012-01-03,2014-03-24,557,0,0.0,0,,WPX Energy,n/a,,False,0,
WRB,WRB,equity,True,True,fja05680;wiki_changes_added;wiki_current,1995-01-03,2026-09-25,7986,0,0.0,active,1.0,0.00012521913348359628,,,,,,,,,2019-12-05,,1710,1710,1.0,1710,0.0,W. R. Berkley Corporation,n/a,,False,0,
WRK,WRK,equity,False,True,fja05680,,,0,0,,no_data,,,,,,,,,,,2015-07-02,2024-07-08,2267,0,0.0,0,,,n/a,,False,0,
WSM,WSM,equity,True,True,fja05680;wiki_changes_added;wiki_current,1995-01-03,2026-09-25,7986,0,0.0,active,0.0,0.0,,,,,,,,,2025-03-24,,380,380,1.0,380,0.0,"Williams-Sonoma, Inc.",n/a,,False,0,
WST,WST,equity,True,True,fja05680;wiki_changes_added;wiki_current,1995-01-03,2026-09-25,7986,0,0.0,active,6.0,0.0007513148009015778,,,,,,,,,2020-05-22,,1594,1594,1.0,1594,0.0,West Pharmaceutical Services,n/a,,False,0,
WTW,WTW,equity,True,True,fja05680;wiki_changes_added;wiki_current,2001-06-12,2026-09-25,6360,0,0.0,active,1.0,0.00015723270440251572,,,,,,,,,2022-01-10,,1182,1182,1.0,1182,0.0,Willis Towers Watson,n/a,,False,0,
WU,WU,equity,False,True,fja05680;wiki_changes_removed,2006-10-02,2026-09-25,5027,0,0.0,active,0.0,0.0,,,,,,,,,2006-10-02,2021-12-20,3831,3831,1.0,3831,0.0,Western Union,n/a,,False,0,
WWY,WWY,equity,False,True,fja05680,,,0,0,,no_data,,,,,,,,,,,1996-01-02,2008-10-07,2203,0,0.0,0,,,n/a,,False,0,
WY,WY,equity,True,True,fja05680;wiki_current,1995-01-03,2026-09-25,7986,0,0.0,active,0.0,0.0,,,,,,,,,1996-01-02,,6723,6723,1.0,6723,0.0,,n/a,,False,1,
WYE,WYE,equity,False,True,fja05680,,,0,0,,no_data,,,,,,,,,,,1996-01-02,2009-10-16,2462,0,0.0,0,,,n/a,,False,0,
WYN,WYN,equity,False,False,wiki_changes_removed,,,0,0,,no_data,,,,,,,,,,,,,0,0,,0,,Wyndham Worldwide,n/a,,False,0,
WYND,WYND,equity,False,True,fja05680,,,0,0,,no_data,,,,,,,,,,,2006-08-01,2018-05-31,2978,0,0.0,0,,,n/a,,False,0,
WYNN,WYNN,equity,True,True,fja05680;wiki_current,2002-10-25,2026-09-25,6017,0,0.0,active,0.0,0.0,,,,,,,,,2008-11-14,,4492,4492,1.0,4492,0.0,,n/a,,False,0,
X,X,equity,False,True,fja05680;wiki_changes_removed,,,0,0,,no_data,,,,,,,,,,,1996-01-02,2014-07-02,3646,0,0.0,0,,United States Steel,n/a,,False,0,
XEC,XEC,equity,False,True,fja05680;wiki_changes_added;wiki_changes_removed,,,0,0,,no_data,,,,,,,,,,,2014-06-20,2020-03-03,1434,0,0.0,0,,Cimarex Energy,n/a,,False,0,
XEL,XEL,equity,True,True,fja05680;wiki_current,1995-01-03,2026-09-25,7986,0,0.0,active,1.0,0.00012521913348359628,,,,,,,,,1996-01-02,,6723,6723,1.0,6723,0.00014874312063067083,,n/a,,False,0,
XL,XL,equity,False,True,fja05680;wiki_changes_removed,,,0,0,,no_data,,,,,,,,,,,2001-09-04,2018-09-12,4282,0,0.0,0,,XL Group,n/a,,False,0,
XLNX,XLNX,equity,False,True,fja05680;wiki_changes_removed,,,0,0,,no_data,,,,,,,,,,,1999-11-08,2022-02-15,5566,0,0.0,0,,Xilinx,n/a,,False,0,
XOM,XOM,equity,True,True,fja05680;wiki_current,1995-01-03,2026-09-25,7986,0,0.0,active,0.0,0.0,,,,,,,,,1996-01-02,,6723,6723,1.0,6723,0.0,,n/a,,False,0,
XRAY,XRAY,equity,False,True,fja05680;wiki_changes_removed,1995-01-03,2026-09-25,7986,0,0.0,active,0.0,0.0,,,,,,,,,2008-11-14,2024-04-02,3868,3868,1.0,3868,0.0,Dentsply Sirona,n/a,,False,0,
XRX,XRX,equity,False,True,fja05680;wiki_changes_removed,1995-01-03,2026-09-25,7986,0,0.0,active,0.0,0.0,,,,,,,,,1996-01-02,2021-03-22,5337,5337,1.0,5337,0.0,Xerox,n/a,,False,0,
XTO,XTO,equity,False,True,fja05680;wiki_changes_removed,,,0,0,,no_data,,,,,,,,,,,2004-12-29,2010-06-28,1383,0,0.0,0,,XTO Energy,n/a,,False,0,
XYL,XYL,equity,True,True,fja05680;wiki_changes_added;wiki_current,2011-10-13,2026-09-25,3759,0,0.0,active,0.0,0.0,,,,,,,,,2011-11-01,,3746,3746,1.0,3746,0.0,Xylem,n/a,,False,0,
XYZ,XYZ,equity,True,True,fja05680;wiki_changes_added;wiki_current,2015-11-19,2026-09-25,2727,0,0.0,active,0.0,0.0,,,,,,,,,2025-07-23,,297,297,1.0,297,0.0,"Block, Inc.",n/a,,False,0,
YHOO,YHOO,equity,False,False,wiki_changes_added;wiki_changes_removed,,,0,0,,no_data,,,,,,,,,,,,,0,0,,0,,Yahoo!,n/a,,False,0,
YNR,YNR,equity,False,True,fja05680,,,0,0,,no_data,,,,,,,,,,,2000-01-06,2000-10-03,187,0,0.0,0,,,n/a,,False,0,
YUM,YUM,equity,True,True,fja05680;wiki_current,1997-09-17,2026-09-25,7301,0,0.0,active,0.0,0.0,,,,,,,,,1997-10-07,,6723,6723,1.0,6723,0.0,,n/a,,False,0,
ZBH,ZBH,equity,True,True,fja05680;wiki_current,2001-07-25,2026-09-25,6330,0,0.0,active,0.0,0.0,,,,,,,,,2001-08-07,,6321,6321,1.0,6321,0.0,,n/a,,False,0,
ZBRA,ZBRA,equity,True,True,fja05680;wiki_changes_added;wiki_current,1995-01-03,2026-09-25,7986,0,0.0,active,0.0,0.0,,,,,,,,,2019-12-23,,1698,1698,1.0,1698,0.0,Zebra Technologies,n/a,,False,0,
ZION,ZION,equity,False,True,fja05680;wiki_changes_removed,1995-01-03,2026-09-25,7986,0,0.0,active,0.0,0.0,,,,,,,,,2001-06-25,2024-03-18,5717,5717,1.0,5717,0.0,Zions Bancorporation,n/a,,False,0,
ZTS,ZTS,equity,True,True,fja05680;wiki_changes_added;wiki_current,2013-02-01,2026-09-25,3433,0,0.0,active,0.0,0.0,,,,,,,,,2013-06-24,,3335,3335,1.0,3335,0.0,Zoetis,n/a,,False,0,
BIL,BIL,etf,False,False,benchmark_list,2007-05-30,2026-09-25,4863,0,0.0,active,0.0,0.0,,,,,,,,,,,0,0,,0,,,n/a,,False,0,19.0
IVV,IVV,etf,False,False,benchmark_list,2000-05-19,2026-09-25,6627,0,0.0,active,0.0,0.0,,,,,,,,,,,0,0,,0,,,n/a,,False,0,
IWD,IWD,etf,False,False,benchmark_list,2000-05-26,2026-09-25,6622,0,0.0,active,0.0,0.0,,,,,,,,,,,0,0,,0,,,n/a,,False,0,
IWF,IWF,etf,False,False,benchmark_list,2000-05-26,2026-09-25,6622,0,0.0,active,0.0,0.0,,,,,,,,,,,0,0,,0,,,n/a,,False,0,
MTUM,MTUM,etf,False,False,benchmark_list,2013-04-18,2026-09-25,3381,0,0.0,active,2.0,0.0005915409642117716,,,,,,,,,,,0,0,,0,,,n/a,,False,0,
QQQ,QQQ,etf,False,False,benchmark_list,1999-03-10,2026-09-25,6930,0,0.0,active,0.0,0.0,,,,,,,,,,,0,0,,0,,,n/a,,False,0,
QUAL,QUAL,etf,False,False,benchmark_list,2013-07-18,2026-09-25,3318,0,0.0,active,1.0,0.0003013863773357444,,,,,,,,,,,0,0,,0,,,n/a,,False,0,
RSP,RSP,etf,False,False,benchmark_list,2003-05-01,2026-09-25,5889,0,0.0,active,0.0,0.0,,,,,,,,,,,0,0,,0,,,n/a,,False,0,
SGOV,SGOV,etf,False,False,benchmark_list,2020-06-01,2026-09-25,1589,0,0.0,active,0.0,0.0,,,,,,,,,,,0,0,,0,,,n/a,,False,0,13.0
SHV,SHV,etf,False,False,benchmark_list,2007-01-11,2026-09-25,4958,0,0.0,active,0.0,0.0,,,,,,,,,,,0,0,,0,,,n/a,,False,0,17.0
SPHQ,SPHQ,etf,False,False,benchmark_list,2005-12-06,2026-09-25,5233,0,0.0,active,0.0,0.0,,,,,,,,,,,0,0,,0,,,n/a,,False,0,
SPY,SPY,etf,False,False,benchmark_list,1995-01-03,2026-09-25,7986,0,0.0,active,0.0,0.0,,,,,,,,,,,0,0,,0,,,n/a,,False,0,
USMV,USMV,etf,False,False,benchmark_list,2011-10-20,2026-09-25,3754,0,0.0,active,7.0,0.0018646776771443793,,,,,,,,,,,0,0,,0,,,n/a,,False,0,
VLUE,VLUE,etf,False,False,benchmark_list,2013-04-18,2026-09-25,3381,0,0.0,active,87.0,0.025732031943212066,2013,2013,,,,,,,,,0,0,,0,,,n/a,,False,0,
VOO,VOO,etf,False,False,benchmark_list,2010-09-09,2026-09-25,4036,0,0.0,active,0.0,0.0,,,,,,,,,,,0,0,,0,,,n/a,,False,0,
XLB,XLB,etf,False,False,benchmark_list,1998-12-22,2026-09-25,6982,0,0.0,active,0.0,0.0,,,,,,,,,,,0,0,,0,,,n/a,,False,0,
XLC,XLC,etf,False,False,benchmark_list,2018-06-19,2026-09-25,2079,0,0.0,active,0.0,0.0,,,,,,,,,,,0,0,,0,,,n/a,,False,0,
XLE,XLE,etf,False,False,benchmark_list,1998-12-22,2026-09-25,6982,0,0.0,active,0.0,0.0,,,,,,,,,,,0,0,,0,,,n/a,,False,0,
XLF,XLF,etf,False,False,benchmark_list,1998-12-22,2026-09-25,6982,0,0.0,active,0.0,0.0,,,,,,,,,,,0,0,,0,,,n/a,,False,0,
XLI,XLI,etf,False,False,benchmark_list,1998-12-22,2026-09-25,6982,0,0.0,active,1.0,0.00014322543683758235,,,,,,,,,,,0,0,,0,,,n/a,,False,0,
XLK,XLK,etf,False,False,benchmark_list,1998-12-22,2026-09-25,6982,0,0.0,active,0.0,0.0,,,,,,,,,,,0,0,,0,,,n/a,,False,0,
XLP,XLP,etf,False,False,benchmark_list,1998-12-22,2026-09-25,6982,0,0.0,active,0.0,0.0,,,,,,,,,,,0,0,,0,,,n/a,,False,0,
XLRE,XLRE,etf,False,False,benchmark_list,2015-10-08,2026-09-25,2757,0,0.0,active,5.0,0.0018135654697134566,,,,,,,,,,,0,0,,0,,,n/a,,False,0,
XLU,XLU,etf,False,False,benchmark_list,1998-12-22,2026-09-25,6982,0,0.0,active,0.0,0.0,,,,,,,,,,,0,0,,0,,,n/a,,False,0,
XLV,XLV,etf,False,False,benchmark_list,1998-12-22,2026-09-25,6982,0,0.0,active,0.0,0.0,,,,,,,,,,,0,0,,0,,,n/a,,False,0,
XLY,XLY,etf,False,False,benchmark_list,1998-12-22,2026-09-25,6982,0,0.0,active,0.0,0.0,,,,,,,,,,,0,0,,0,,,n/a,,False,0,
^GSPC,^GSPC,index,False,False,benchmark_list,1995-01-03,2026-09-25,7986,0,0.0,active,1.0,0.00012521913348359628,,,,,,,,,,,0,0,,0,,,n/a,,False,0,
^SP500TR,^SP500TR,index,False,False,benchmark_list,1995-01-03,2026-09-25,7986,0,0.0,active,7986.0,1.0,1995;1996;1997;1998;1999;2000;2001;2002;2003;2004;2005;2006;2007;2008;2009;2010;2011;2012;2013;2014;2015;2016;2017;2018;2019;2020;2021;2022;2023;2024;2025;2026,2026,,,,,,,,,0,0,,0,,,n/a,,False,0,
^VIX,^VIX,index,False,False,benchmark_list,1995-01-03,2026-09-25,7986,0,0.0,active,7986.0,1.0,1995;1996;1997;1998;1999;2000;2001;2002;2003;2004;2005;2006;2007;2008;2009;2010;2011;2012;2013;2014;2015;2016;2017;2018;2019;2020;2021;2022;2023;2024;2025;2026,2026,,,,,,,,,0,0,,0,,,n/a,,False,7,
^IRX,^IRX,rate,False,False,benchmark_list,1995-01-03,2026-09-25,7969,0,1.0,active,7924.0,0.9943531183335425,1995;1996;1997;1998;1999;2000;2001;2002;2003;2004;2005;2006;2007;2008;2009;2010;2011;2012;2013;2014;2015;2016;2017;2018;2019;2020;2021;2022;2023;2024;2025;2026,2026,,,,,,,,,0,0,,0,,,n/a,,False,0,19.0
^TNX,^TNX,rate,False,False,benchmark_list,1995-01-03,2026-09-25,7969,0,1.0,active,7927.0,0.9947295771113063,1995;1996;1997;1998;1999;2000;2001;2002;2003;2004;2005;2006;2007;2008;2009;2010;2011;2012;2013;2014;2015;2016;2017;2018;2019;2020;2021;2022;2023;2024;2025;2026,2026,,,,,,,,,0,0,,0,,,n/a,,False,0,
CSPX.L,CSPX.L,ucits_etf,False,False,benchmark_list,2010-09-15,2026-09-25,4047,0,1.0,active,,,,,,,,,,,,,0,0,,0,,,n/a,,False,0,
IUSA.L,IUSA.L,ucits_etf,False,False,benchmark_list,2009-01-02,2026-09-25,4477,0,1.0,active,,,,,,,,,,,,,0,0,,0,,,n/a,,False,0,
SPXS.L,SPXS.L,ucits_etf,False,False,benchmark_list,2010-05-25,2026-09-25,4119,1,7.0,active,,,,,,,,,,,,,0,0,,0,,,n/a,,False,1,
SPY5.L,SPY5.L,ucits_etf,False,False,benchmark_list,2012-03-19,2026-09-25,3666,0,1.0,active,,,,,,,,,,,,,0,0,,0,,,n/a,,False,0,
VUAA.L,VUAA.L,ucits_etf,False,False,benchmark_list,2019-05-14,2026-09-25,1861,0,1.0,active,,,,,,,,,,,,,0,0,,0,,,n/a,,False,0,
