,members,with_price,with_price_valid,with_price_best
2000-01-03,491,229,229,238
2000-01-04,492,229,229,238
2000-01-05,492,229,229,238
2000-01-06,492,229,229,238
2000-01-07,492,229,229,238
2000-01-10,492,229,229,238
2000-01-11,492,229,229,238
2000-01-12,492,229,229,238
2000-01-13,492,229,229,238
2000-01-14,492,229,229,238
2000-01-18,492,229,229,238
2000-01-19,492,229,229,238
2000-01-20,492,229,229,238
2000-01-21,492,229,229,238
2000-01-24,492,229,229,238
2000-01-25,492,229,229,238
2000-01-26,492,229,229,238
2000-01-27,492,229,229,238
2000-01-28,492,229,229,238
2000-01-31,492,230,230,239
2000-02-01,492,230,230,239
2000-02-02,492,230,230,239
2000-02-03,492,230,230,239
2000-02-04,492,230,230,239
2000-02-07,492,230,230,239
2000-02-08,492,230,230,239
2000-02-09,492,230,230,239
2000-02-10,492,230,230,239
2000-02-11,492,230,230,239
2000-02-14,492,230,230,239
2000-02-15,492,230,230,239
2000-02-16,492,230,230,239
2000-02-17,492,230,230,239
2000-02-18,492,230,230,239
2000-02-22,492,230,230,239
2000-02-23,492,230,230,239
2000-02-24,492,230,230,239
2000-02-25,492,230,230,239
2000-02-28,492,230,230,239
2000-02-29,492,230,230,239
2000-03-01,492,230,230,239
2000-03-02,492,230,230,239
2000-03-03,492,230,230,239
2000-03-06,492,230,230,239
2000-03-07,492,230,230,239
2000-03-08,492,230,230,239
2000-03-09,492,230,230,239
2000-03-10,492,230,230,239
2000-03-13,492,230,230,239
2000-03-14,492,230,230,239
2000-03-15,492,230,230,239
2000-03-16,492,229,229,238
2000-03-17,492,229,229,238
2000-03-20,492,229,229,238
2000-03-21,492,229,229,238
2000-03-22,492,229,229,238
2000-03-23,492,229,229,238
2000-03-24,492,229,229,238
2000-03-27,492,229,229,238
2000-03-28,492,229,229,238
2000-03-29,492,229,229,238
2000-03-30,492,229,229,238
2000-03-31,492,229,229,238
2000-04-03,492,229,229,238
2000-04-04,492,229,229,238
2000-04-05,492,229,229,238
2000-04-06,492,229,229,238
2000-04-07,492,229,229,238
2000-04-10,492,229,229,238
2000-04-11,492,229,229,238
2000-04-12,492,229,229,238
2000-04-13,492,229,229,238
2000-04-14,492,229,229,238
2000-04-17,492,229,229,238
2000-04-18,492,229,229,238
2000-04-19,492,229,229,238
2000-04-20,492,229,229,238
2000-04-24,492,229,229,238
2000-04-25,492,229,229,238
2000-04-26,492,229,229,238
2000-04-27,492,229,229,238
2000-04-28,492,229,229,238
2000-05-01,492,229,229,238
2000-05-02,492,229,229,238
2000-05-03,492,229,229,238
2000-05-04,491,229,229,238
2000-05-05,493,229,229,238
2000-05-08,493,229,229,238
2000-05-09,493,229,229,238
2000-05-10,493,229,229,238
2000-05-11,493,229,229,238
2000-05-12,493,229,229,238
2000-05-15,493,229,229,238
2000-05-16,493,229,229,238
2000-05-17,493,229,229,238
2000-05-18,493,229,229,238
2000-05-19,493,229,229,238
2000-05-22,493,229,229,238
2000-05-23,493,229,229,238
2000-05-24,493,229,229,238
2000-05-25,493,229,229,238
2000-05-26,493,229,229,238
2000-05-30,493,229,229,238
2000-05-31,493,229,229,238
2000-06-01,493,229,229,238
2000-06-02,493,229,229,238
2000-06-05,493,229,229,238
2000-06-06,493,229,229,238
2000-06-07,493,229,229,238
2000-06-08,493,230,230,239
2000-06-09,493,230,230,239
2000-06-12,493,230,230,239
2000-06-13,492,230,230,239
2000-06-14,492,230,230,239
2000-06-15,491,230,230,239
2000-06-16,491,229,229,238
2000-06-19,492,229,229,238
2000-06-20,491,229,229,238
2000-06-21,492,230,230,239
2000-06-22,492,230,230,239
2000-06-23,492,230,230,239
2000-06-26,492,230,230,239
2000-06-27,492,230,230,239
2000-06-28,492,231,231,240
2000-06-29,492,231,231,240
2000-06-30,492,231,231,240
2000-07-03,491,231,231,240
2000-07-05,491,231,231,240
2000-07-06,492,231,231,240
2000-07-07,492,231,231,240
2000-07-10,492,231,231,240
2000-07-11,492,231,231,240
2000-07-12,492,231,231,240
2000-07-13,492,231,231,240
2000-07-14,492,231,231,240
2000-07-17,492,231,231,240
2000-07-18,492,231,231,240
2000-07-19,492,231,231,240
2000-07-20,492,231,231,240
2000-07-21,492,231,231,240
2000-07-24,492,231,231,240
2000-07-25,492,231,231,240
2000-07-26,492,231,231,240
2000-07-27,492,232,232,241
2000-07-28,492,232,232,241
2000-07-31,492,232,232,241
2000-08-01,492,232,232,241
2000-08-02,492,232,232,241
2000-08-03,492,232,232,241
2000-08-04,492,232,232,241
2000-08-07,492,232,232,241
2000-08-08,492,232,232,241
2000-08-09,492,232,232,241
2000-08-10,492,232,232,241
2000-08-11,492,232,232,241
2000-08-14,492,232,232,241
2000-08-15,492,232,232,241
2000-08-16,492,232,232,241
2000-08-17,492,232,232,241
2000-08-18,492,232,232,241
2000-08-21,492,232,232,241
2000-08-22,492,232,232,241
2000-08-23,492,232,232,241
2000-08-24,492,232,232,241
2000-08-25,492,232,232,241
2000-08-28,492,232,232,241
2000-08-29,492,232,232,241
2000-08-30,492,233,233,242
2000-08-31,492,233,233,242
2000-09-01,492,233,233,242
2000-09-05,492,233,233,242
2000-09-06,492,233,233,242
2000-09-07,492,233,233,242
2000-09-08,492,233,233,242
2000-09-11,492,233,233,242
2000-09-12,492,233,233,242
2000-09-13,492,233,233,242
2000-09-14,492,233,233,242
2000-09-15,492,233,233,242
2000-09-18,492,233,233,242
2000-09-19,492,233,233,242
2000-09-20,492,233,233,242
2000-09-21,492,233,233,242
2000-09-22,492,233,233,242
2000-09-25,492,233,233,242
2000-09-26,492,233,233,242
2000-09-27,492,233,233,242
2000-09-28,492,233,233,242
2000-09-29,492,233,233,242
2000-10-02,492,233,233,242
2000-10-03,492,233,233,242
2000-10-04,492,233,233,242
2000-10-05,492,233,233,242
2000-10-06,492,233,233,242
2000-10-09,492,233,233,242
2000-10-10,492,233,233,242
2000-10-11,492,233,233,242
2000-10-12,492,233,233,242
2000-10-13,492,233,233,242
2000-10-16,492,233,233,242
2000-10-17,492,233,233,242
2000-10-18,492,234,234,243
2000-10-19,492,234,234,243
2000-10-20,492,234,234,243
2000-10-23,492,234,234,243
2000-10-24,492,234,234,243
2000-10-25,492,234,234,243
2000-10-26,492,234,234,243
2000-10-27,492,234,234,243
2000-10-30,492,234,234,243
2000-10-31,492,234,234,243
2000-11-01,492,234,234,243
2000-11-02,492,236,236,245
2000-11-03,492,236,236,245
2000-11-06,492,236,236,245
2000-11-07,492,236,236,245
2000-11-08,492,236,236,245
2000-11-09,492,236,236,245
2000-11-10,492,236,236,245
2000-11-13,492,236,236,245
2000-11-14,492,236,236,245
2000-11-15,492,236,236,245
2000-11-16,492,236,236,245
2000-11-17,492,236,236,245
2000-11-20,492,236,236,245
2000-11-21,492,236,236,245
2000-11-22,492,236,236,245
2000-11-24,492,236,236,245
2000-11-27,492,236,236,245
2000-11-28,492,236,236,245
2000-11-29,492,236,236,245
2000-11-30,492,236,236,245
2000-12-01,491,236,236,245
2000-12-04,491,236,236,245
2000-12-05,492,237,237,246
2000-12-06,492,237,237,246
2000-12-07,492,237,237,246
2000-12-08,492,237,237,246
2000-12-11,492,237,237,246
2000-12-12,492,238,238,247
2000-12-13,492,238,238,247
2000-12-14,492,238,238,247
2000-12-15,492,238,238,247
2000-12-18,492,238,238,247
2000-12-19,492,238,238,247
2000-12-20,492,238,238,247
2000-12-21,492,238,238,247
2000-12-22,492,239,239,248
2000-12-26,492,239,239,248
2000-12-27,492,239,239,248
2000-12-28,492,239,239,248
2000-12-29,492,239,239,248
2001-01-02,493,240,240,249
2001-01-03,493,240,240,249
2001-01-04,493,240,240,249
2001-01-05,493,240,240,249
2001-01-08,493,240,240,249
2001-01-09,493,240,240,249
2001-01-10,493,240,240,249
2001-01-11,493,240,240,249
2001-01-12,493,240,240,249
2001-01-16,494,240,240,249
2001-01-17,494,240,240,249
2001-01-18,494,240,240,249
2001-01-19,494,240,240,249
2001-01-22,494,240,240,249
2001-01-23,494,240,240,249
2001-01-24,494,240,240,249
2001-01-25,494,240,240,249
2001-01-26,494,240,240,249
2001-01-29,494,240,240,249
2001-01-30,494,241,241,250
2001-01-31,494,241,241,250
2001-02-01,494,241,241,250
2001-02-02,494,241,241,250
2001-02-05,494,241,241,250
2001-02-06,494,241,241,250
2001-02-07,494,241,241,250
2001-02-08,494,241,241,250
2001-02-09,494,241,241,250
2001-02-12,494,241,241,250
2001-02-13,494,241,241,250
2001-02-14,494,241,241,250
2001-02-15,494,241,241,250
2001-02-16,494,241,241,250
2001-02-20,494,241,241,250
2001-02-21,494,241,241,250
2001-02-22,494,241,241,250
2001-02-23,494,241,241,250
2001-02-26,494,241,241,250
2001-02-27,495,241,241,250
2001-02-28,495,241,241,250
2001-03-01,495,242,242,251
2001-03-02,495,242,242,251
2001-03-05,495,242,242,251
2001-03-06,495,242,242,251
2001-03-07,495,242,242,251
2001-03-08,495,242,242,251
2001-03-09,495,242,242,251
2001-03-12,495,242,242,251
2001-03-13,495,242,242,251
2001-03-14,495,242,242,251
2001-03-15,495,242,242,251
2001-03-16,495,242,242,251
2001-03-19,495,242,242,251
2001-03-20,495,242,242,251
2001-03-21,495,242,242,251
2001-03-22,495,242,242,251
2001-03-23,495,242,242,251
2001-03-26,495,242,242,251
2001-03-27,495,242,242,251
2001-03-28,495,242,242,251
2001-03-29,495,242,242,251
2001-03-30,495,242,242,251
2001-04-02,495,243,243,252
2001-04-03,495,243,243,252
2001-04-04,495,243,243,252
2001-04-05,495,243,243,252
2001-04-06,495,243,243,252
2001-04-09,495,243,243,252
2001-04-10,495,243,243,252
2001-04-11,495,243,243,252
2001-04-12,495,243,243,252
2001-04-16,495,243,243,252
2001-04-17,495,243,243,252
2001-04-18,495,243,243,252
2001-04-19,495,243,243,252
2001-04-20,495,243,243,252
2001-04-23,495,243,243,252
2001-04-24,495,243,243,252
2001-04-25,495,243,243,252
2001-04-26,495,243,243,252
2001-04-27,495,243,243,252
2001-04-30,495,243,243,252
2001-05-01,495,243,243,252
2001-05-02,495,243,243,252
2001-05-03,495,243,243,252
2001-05-04,495,243,243,252
2001-05-07,495,243,243,252
2001-05-08,495,243,243,252
2001-05-09,495,243,243,252
2001-05-10,495,243,243,252
2001-05-11,495,243,243,252
2001-05-14,495,243,243,252
2001-05-15,495,243,243,252
2001-05-16,495,243,243,252
2001-05-17,495,243,243,252
2001-05-18,495,243,243,252
2001-05-21,495,243,243,252
2001-05-22,495,243,243,252
2001-05-23,495,243,243,252
2001-05-24,495,243,243,252
2001-05-25,495,243,243,252
2001-05-29,495,243,243,252
2001-05-30,495,243,243,252
2001-05-31,495,243,243,252
2001-06-01,495,243,243,252
2001-06-04,495,243,243,252
2001-06-05,495,243,243,252
2001-06-06,495,243,243,252
2001-06-07,495,243,243,252
2001-06-08,495,243,243,252
2001-06-11,495,243,243,252
2001-06-12,495,243,243,252
2001-06-13,495,243,243,252
2001-06-14,495,243,243,252
2001-06-15,495,243,243,252
2001-06-18,495,243,243,252
2001-06-19,495,243,243,252
2001-06-20,495,243,243,252
2001-06-21,495,243,243,252
2001-06-22,495,243,243,252
2001-06-25,495,244,244,253
2001-06-26,495,244,244,253
2001-06-27,495,244,244,253
2001-06-28,495,244,244,253
2001-06-29,495,244,244,253
2001-07-02,495,244,244,253
2001-07-03,495,244,244,253
2001-07-05,495,244,244,253
2001-07-06,495,244,244,253
2001-07-09,495,244,244,253
2001-07-10,495,244,244,253
2001-07-11,495,244,244,253
2001-07-12,495,244,244,253
2001-07-13,495,244,244,253
2001-07-16,495,244,244,253
2001-07-17,495,244,244,253
2001-07-18,495,244,244,253
2001-07-19,495,244,244,253
2001-07-20,495,244,244,253
2001-07-23,495,244,244,253
2001-07-24,495,244,244,253
2001-07-25,495,244,244,253
2001-07-26,495,244,244,253
2001-07-27,495,244,244,253
2001-07-30,495,244,244,253
2001-07-31,495,244,244,253
2001-08-01,495,244,244,253
2001-08-02,495,244,244,253
2001-08-03,495,244,244,253
2001-08-06,495,244,244,253
2001-08-07,495,244,244,253
2001-08-08,495,244,244,253
2001-08-09,495,244,244,253
2001-08-10,495,244,244,253
2001-08-13,495,244,244,253
2001-08-14,495,244,244,253
2001-08-15,495,244,244,253
2001-08-16,495,244,244,253
2001-08-17,495,244,244,253
2001-08-20,495,244,244,253
2001-08-21,495,244,244,253
2001-08-22,495,244,244,253
2001-08-23,495,244,244,253
2001-08-24,495,244,244,253
2001-08-27,495,244,244,253
2001-08-28,495,244,244,253
2001-08-29,494,244,244,253
2001-08-30,495,244,244,254
2001-08-31,495,244,244,254
2001-09-04,496,244,244,254
2001-09-05,496,244,244,254
2001-09-06,496,244,244,254
2001-09-07,496,244,244,254
2001-09-10,496,244,244,254
2001-09-17,495,244,244,254
2001-09-18,495,244,244,254
2001-09-19,495,244,244,254
2001-09-20,495,244,244,254
2001-09-21,496,244,244,254
2001-09-24,496,244,244,254
2001-09-25,496,244,244,254
2001-09-26,496,244,244,254
2001-09-27,496,244,244,254
2001-09-28,496,244,244,254
2001-10-01,496,244,244,254
2001-10-02,496,244,244,254
2001-10-03,496,244,244,254
2001-10-04,496,244,244,254
2001-10-05,496,244,244,254
2001-10-08,496,244,244,254
2001-10-09,496,244,244,254
2001-10-10,496,244,244,254
2001-10-11,496,244,244,254
2001-10-12,496,244,244,254
2001-10-15,496,244,244,254
2001-10-16,496,244,244,254
2001-10-17,496,244,244,254
2001-10-18,496,244,244,254
2001-10-19,496,244,244,254
2001-10-22,496,244,244,254
2001-10-23,496,244,244,254
2001-10-24,496,244,244,254
2001-10-25,496,244,244,254
2001-10-26,496,244,244,254
2001-10-29,496,244,244,254
2001-10-30,496,244,244,254
2001-10-31,496,244,244,254
2001-11-01,496,244,244,254
2001-11-02,496,244,244,254
2001-11-05,496,244,244,254
2001-11-06,496,244,244,254
2001-11-07,496,244,244,254
2001-11-08,496,244,244,254
2001-11-09,496,244,244,254
2001-11-12,496,244,244,254
2001-11-13,496,244,244,254
2001-11-14,496,244,244,254
2001-11-15,496,244,244,254
2001-11-16,496,244,244,254
2001-11-19,496,244,244,254
2001-11-20,496,244,244,254
2001-11-21,496,244,244,254
2001-11-23,496,244,244,254
2001-11-26,496,244,244,254
2001-11-27,496,244,244,254
2001-11-28,496,244,244,254
2001-11-29,496,244,244,254
2001-11-30,496,245,245,255
2001-12-03,496,245,245,256
2001-12-04,496,245,245,256
2001-12-05,496,245,245,256
2001-12-06,496,245,245,256
2001-12-07,496,245,245,256
2001-12-10,496,245,245,256
2001-12-11,496,245,245,256
2001-12-12,496,245,245,256
2001-12-13,495,246,246,257
2001-12-14,496,246,246,257
2001-12-17,496,246,246,257
2001-12-18,496,246,246,257
2001-12-19,496,246,246,257
2001-12-20,496,246,246,257
2001-12-21,496,246,246,257
2001-12-24,496,246,246,257
2001-12-26,496,246,246,257
2001-12-27,496,246,246,257
2001-12-28,496,246,246,257
2001-12-31,496,246,246,257
2002-01-02,496,246,246,257
2002-01-03,496,246,246,257
2002-01-04,496,246,246,257
2002-01-07,496,246,246,257
2002-01-08,496,246,246,257
2002-01-09,496,246,246,257
2002-01-10,496,246,246,257
2002-01-11,496,246,246,257
2002-01-14,496,246,246,257
2002-01-15,496,246,246,257
2002-01-16,496,246,246,257
2002-01-17,496,246,246,257
2002-01-18,496,246,246,257
2002-01-22,496,246,246,257
2002-01-23,496,246,246,257
2002-01-24,496,246,246,257
2002-01-25,496,246,246,257
2002-01-28,496,246,246,257
2002-01-29,496,246,246,257
2002-01-30,495,246,246,257
2002-01-31,495,246,246,257
2002-02-01,495,246,246,257
2002-02-04,495,246,246,257
2002-02-05,495,246,246,257
2002-02-06,495,246,246,257
2002-02-07,495,246,246,257
2002-02-08,495,246,246,257
2002-02-11,495,246,246,257
2002-02-12,495,246,246,257
2002-02-13,495,246,246,257
2002-02-14,495,246,246,257
2002-02-15,495,246,246,257
2002-02-19,495,246,246,257
2002-02-20,495,246,246,257
2002-02-21,495,246,246,257
2002-02-22,495,246,246,257
2002-02-25,495,246,246,257
2002-02-26,495,246,246,257
2002-02-27,495,246,246,257
2002-02-28,495,246,246,257
2002-03-01,495,246,246,257
2002-03-04,495,246,246,257
2002-03-05,495,246,246,257
2002-03-06,495,246,246,257
2002-03-07,495,246,246,257
2002-03-08,495,246,246,257
2002-03-11,495,246,246,257
2002-03-12,495,246,246,257
2002-03-13,495,246,246,257
2002-03-14,495,246,246,257
2002-03-15,495,246,246,257
2002-03-18,495,246,246,257
2002-03-19,495,246,246,257
2002-03-20,495,246,246,257
2002-03-21,495,246,246,257
2002-03-22,495,246,246,257
2002-03-25,495,246,246,257
2002-03-26,495,246,246,257
2002-03-27,495,246,246,257
2002-03-28,495,246,246,257
2002-04-01,495,246,246,257
2002-04-02,495,246,246,257
2002-04-03,495,246,246,257
2002-04-04,495,246,246,257
2002-04-05,495,246,246,257
2002-04-08,495,246,246,257
2002-04-09,495,246,246,257
2002-04-10,495,246,246,257
2002-04-11,495,246,246,257
2002-04-12,495,246,246,257
2002-04-15,495,246,246,257
2002-04-16,495,246,246,257
2002-04-17,495,246,246,257
2002-04-18,495,246,246,257
2002-04-19,495,246,246,257
2002-04-22,495,246,246,257
2002-04-23,495,246,246,257
2002-04-24,495,246,246,257
2002-04-25,495,246,246,257
2002-04-26,495,246,246,257
2002-04-29,495,246,246,257
2002-04-30,495,246,246,257
2002-05-01,495,246,246,257
2002-05-02,495,246,246,257
2002-05-03,495,246,246,257
2002-05-06,495,247,247,258
2002-05-07,495,247,247,258
2002-05-08,495,247,247,258
2002-05-09,495,247,247,258
2002-05-10,495,247,247,258
2002-05-13,495,248,248,259
2002-05-14,495,248,248,259
2002-05-15,495,248,248,259
2002-05-16,495,248,248,259
2002-05-17,495,248,248,259
2002-05-20,495,248,248,259
2002-05-21,495,248,248,259
2002-05-22,495,248,248,259
2002-05-23,495,248,248,259
2002-05-24,495,248,248,259
2002-05-28,495,248,248,259
2002-05-29,495,248,248,259
2002-05-30,495,248,248,259
2002-05-31,495,248,248,259
2002-06-03,495,248,248,259
2002-06-04,495,248,248,259
2002-06-05,495,248,248,259
2002-06-06,495,248,248,259
2002-06-07,495,248,248,259
2002-06-10,495,248,248,259
2002-06-11,495,248,248,259
2002-06-12,495,248,248,259
2002-06-13,495,248,248,259
2002-06-14,495,248,248,259
2002-06-17,495,248,248,259
2002-06-18,495,248,248,259
2002-06-19,495,248,248,259
2002-06-20,495,248,248,259
2002-06-21,495,248,248,259
2002-06-24,495,248,248,259
2002-06-25,495,248,248,259
2002-06-26,495,249,249,260
2002-06-27,495,249,249,260
2002-06-28,495,249,249,260
2002-07-01,495,249,249,260
2002-07-02,495,249,249,260
2002-07-03,495,249,249,260
2002-07-05,495,249,249,260
2002-07-08,495,249,249,260
2002-07-09,495,249,249,260
2002-07-10,495,249,249,260
2002-07-11,495,249,249,260
2002-07-12,495,249,249,260
2002-07-15,495,249,249,260
2002-07-16,494,249,249,260
2002-07-17,495,249,249,260
2002-07-18,495,249,249,260
2002-07-19,495,249,249,260
2002-07-22,495,254,254,265
2002-07-23,495,254,254,265
2002-07-24,495,254,254,265
2002-07-25,495,253,253,265
2002-07-26,495,253,253,265
2002-07-29,495,253,253,265
2002-07-30,495,253,253,265
2002-07-31,495,253,253,265
2002-08-01,495,253,253,265
2002-08-02,495,253,253,265
2002-08-05,495,253,253,265
2002-08-06,495,253,253,265
2002-08-07,495,253,253,265
2002-08-08,495,253,253,265
2002-08-09,495,253,253,265
2002-08-12,495,253,253,265
2002-08-13,495,253,253,265
2002-08-14,495,253,253,265
2002-08-15,495,253,253,265
2002-08-16,495,253,253,265
2002-08-19,495,253,253,265
2002-08-20,495,253,253,265
2002-08-21,494,253,253,265
2002-08-22,494,253,253,265
2002-08-23,494,253,253,265
2002-08-26,494,253,253,265
2002-08-27,494,253,253,265
2002-08-28,494,253,253,265
2002-08-29,494,253,253,265
2002-08-30,494,253,253,265
2002-09-03,493,253,253,265
2002-09-04,494,253,253,265
2002-09-05,494,253,253,265
2002-09-06,494,253,253,265
2002-09-09,494,253,253,265
2002-09-10,494,253,253,265
2002-09-11,494,253,253,265
2002-09-12,494,253,253,265
2002-09-13,494,253,253,265
2002-09-16,494,253,253,265
2002-09-17,494,253,253,265
2002-09-18,494,253,253,265
2002-09-19,494,253,253,265
2002-09-20,494,253,253,265
2002-09-23,494,253,253,265
2002-09-24,494,253,253,265
2002-09-25,494,253,253,265
2002-09-26,494,253,253,265
2002-09-27,494,253,253,265
2002-09-30,494,253,253,265
2002-10-01,494,253,253,265
2002-10-02,494,253,253,265
2002-10-03,494,253,253,265
2002-10-04,494,253,253,265
2002-10-07,494,253,253,265
2002-10-08,494,253,253,265
2002-10-09,494,253,253,265
2002-10-10,494,253,253,265
2002-10-11,494,253,253,265
2002-10-14,494,253,253,265
2002-10-15,494,253,253,265
2002-10-16,494,253,253,265
2002-10-17,494,253,253,265
2002-10-18,494,253,253,265
2002-10-21,494,253,253,265
2002-10-22,494,253,253,265
2002-10-23,494,253,253,265
2002-10-24,494,253,253,265
2002-10-25,494,253,253,265
2002-10-28,494,253,253,265
2002-10-29,494,253,253,265
2002-10-30,494,253,253,265
2002-10-31,494,253,253,265
2002-11-01,494,253,253,265
2002-11-04,494,253,253,265
2002-11-05,494,253,253,265
2002-11-06,494,253,253,265
2002-11-07,494,253,253,265
2002-11-08,494,253,253,265
2002-11-11,494,253,253,265
2002-11-12,494,253,253,265
2002-11-13,494,253,253,265
2002-11-14,494,253,253,265
2002-11-15,494,253,253,265
2002-11-18,494,253,253,265
2002-11-19,494,253,253,265
2002-11-20,494,253,253,265
2002-11-21,494,253,253,265
2002-11-22,494,253,253,265
2002-11-25,494,253,253,265
2002-11-26,494,253,253,265
2002-11-27,494,253,253,265
2002-11-29,494,253,253,265
2002-12-02,494,253,253,265
2002-12-03,494,253,253,265
2002-12-04,494,253,253,265
2002-12-05,494,253,253,265
2002-12-06,494,253,253,265
2002-12-09,494,253,253,265
2002-12-10,494,253,253,265
2002-12-11,494,253,253,265
2002-12-12,494,254,254,266
2002-12-13,494,254,254,266
2002-12-16,494,254,254,266
2002-12-17,494,254,254,266
2002-12-18,494,254,254,266
2002-12-19,494,254,254,266
2002-12-20,494,254,254,266
2002-12-23,494,254,254,266
2002-12-24,494,254,254,266
2002-12-26,494,254,254,266
2002-12-27,494,254,254,266
2002-12-30,494,254,254,266
2002-12-31,494,254,254,266
2003-01-02,494,254,254,266
2003-01-03,494,254,254,266
2003-01-06,494,254,254,266
2003-01-07,494,254,254,266
2003-01-08,494,254,254,266
2003-01-09,494,254,254,266
2003-01-10,494,254,254,266
2003-01-13,494,254,254,266
2003-01-14,494,254,254,266
2003-01-15,494,254,254,266
2003-01-16,494,254,254,266
2003-01-17,494,254,254,266
2003-01-21,494,254,254,266
2003-01-22,494,254,254,266
2003-01-23,494,254,254,266
2003-01-24,494,254,254,266
2003-01-27,494,254,254,266
2003-01-28,494,254,254,266
2003-01-29,494,254,254,266
2003-01-30,494,254,254,266
2003-01-31,494,254,254,266
2003-02-03,494,254,254,266
2003-02-04,494,254,254,266
2003-02-05,494,254,254,266
2003-02-06,494,254,254,266
2003-02-07,494,254,254,266
2003-02-10,494,254,254,266
2003-02-11,494,254,254,266
2003-02-12,494,254,254,266
2003-02-13,494,254,254,266
2003-02-14,494,254,254,266
2003-02-18,494,254,254,266
2003-02-19,494,254,254,266
2003-02-20,494,254,254,266
2003-02-21,493,254,254,266
2003-02-24,494,255,255,267
2003-02-25,494,255,255,267
2003-02-26,494,255,255,267
2003-02-27,494,255,255,267
2003-02-28,494,255,255,267
2003-03-03,494,255,255,267
2003-03-04,494,255,255,267
2003-03-05,494,255,255,267
2003-03-06,494,255,255,267
2003-03-07,494,255,255,267
2003-03-10,494,255,255,267
2003-03-11,494,255,255,267
2003-03-12,494,255,255,267
2003-03-13,494,255,255,267
2003-03-14,494,256,256,268
2003-03-17,494,256,256,268
2003-03-18,494,256,256,268
2003-03-19,494,256,256,268
2003-03-20,494,256,256,268
2003-03-21,494,256,256,268
2003-03-24,494,256,256,268
2003-03-25,494,256,256,268
2003-03-26,494,256,256,268
2003-03-27,494,256,256,268
2003-03-28,494,256,256,268
2003-03-31,494,256,256,268
2003-04-01,494,256,256,268
2003-04-02,494,256,256,268
2003-04-03,494,256,256,268
2003-04-04,494,256,256,268
2003-04-07,494,256,256,268
2003-04-08,494,256,256,268
2003-04-09,494,256,256,268
2003-04-10,494,256,256,268
2003-04-11,494,256,256,268
2003-04-14,494,256,256,268
2003-04-15,494,256,256,268
2003-04-16,494,256,256,268
2003-04-17,494,256,256,268
2003-04-21,494,256,256,268
2003-04-22,494,256,256,268
2003-04-23,494,256,256,268
2003-04-24,494,256,256,268
2003-04-25,494,256,256,268
2003-04-28,494,256,256,268
2003-04-29,494,256,256,268
2003-04-30,494,256,256,268
2003-05-01,494,256,256,268
2003-05-02,494,256,256,268
2003-05-05,494,256,256,268
2003-05-06,494,256,256,268
2003-05-07,494,256,256,268
2003-05-08,494,256,256,268
2003-05-09,494,256,256,268
2003-05-12,494,256,256,268
2003-05-13,494,256,256,268
2003-05-14,494,256,256,268
2003-05-15,494,256,256,268
2003-05-16,494,256,256,268
2003-05-19,494,256,256,268
2003-05-20,494,256,256,268
2003-05-21,494,256,256,268
2003-05-22,494,256,256,268
2003-05-23,494,256,256,268
2003-05-27,494,256,256,268
2003-05-28,494,256,256,268
2003-05-29,494,256,256,268
2003-05-30,494,256,256,268
2003-06-02,494,256,256,268
2003-06-03,494,256,256,268
2003-06-04,494,256,256,268
2003-06-05,494,256,256,268
2003-06-06,494,256,256,268
2003-06-09,494,256,256,268
2003-06-10,494,256,256,268
2003-06-11,494,256,256,268
2003-06-12,494,256,256,268
2003-06-13,494,256,256,268
2003-06-16,494,256,256,268
2003-06-17,494,256,256,268
2003-06-18,494,256,256,268
2003-06-19,494,256,256,268
2003-06-20,494,256,256,268
2003-06-23,494,256,256,268
2003-06-24,494,256,256,268
2003-06-25,494,256,256,268
2003-06-26,494,256,256,268
2003-06-27,494,256,256,268
2003-06-30,494,256,256,268
2003-07-01,494,256,256,268
2003-07-02,494,256,256,268
2003-07-03,494,256,256,268
2003-07-07,494,256,256,268
2003-07-08,494,256,256,268
2003-07-09,494,256,256,268
2003-07-10,494,256,256,268
2003-07-11,494,256,256,268
2003-07-14,494,256,256,268
2003-07-15,494,256,256,268
2003-07-16,494,256,256,268
2003-07-17,494,257,257,269
2003-07-18,494,257,257,269
2003-07-21,494,257,257,269
2003-07-22,494,257,257,269
2003-07-23,494,257,257,269
2003-07-24,494,257,257,269
2003-07-25,494,257,257,269
2003-07-28,494,257,257,269
2003-07-29,494,257,257,269
2003-07-30,494,257,257,269
2003-07-31,494,257,257,269
2003-08-01,494,257,257,269
2003-08-04,494,257,257,269
2003-08-05,494,257,257,269
2003-08-06,494,257,257,269
2003-08-07,494,257,257,269
2003-08-08,494,257,257,269
2003-08-11,494,257,257,269
2003-08-12,494,257,257,269
2003-08-13,494,257,257,269
2003-08-14,494,257,257,269
2003-08-15,494,257,257,269
2003-08-18,494,257,257,269
2003-08-19,494,257,257,269
2003-08-20,494,257,257,269
2003-08-21,494,257,257,269
2003-08-22,494,257,257,269
2003-08-25,494,257,257,269
2003-08-26,494,257,257,269
2003-08-27,494,257,257,269
2003-08-28,494,257,257,269
2003-08-29,494,257,257,269
2003-09-02,494,257,257,269
2003-09-03,494,257,257,269
2003-09-04,494,257,257,269
2003-09-05,494,257,257,269
2003-09-08,494,257,257,269
2003-09-09,494,257,257,269
2003-09-10,494,257,257,269
2003-09-11,494,257,257,269
2003-09-12,494,257,257,269
2003-09-15,494,257,257,269
2003-09-16,494,257,257,269
2003-09-17,494,257,257,269
2003-09-18,494,257,257,269
2003-09-19,494,257,257,269
2003-09-22,494,257,257,269
2003-09-23,494,257,257,269
2003-09-24,494,257,257,269
2003-09-25,494,257,257,269
2003-09-26,494,257,257,269
2003-09-29,494,257,257,269
2003-09-30,494,257,257,269
2003-10-01,494,257,257,269
2003-10-02,494,257,257,269
2003-10-03,494,257,257,269
2003-10-06,494,257,257,269
2003-10-07,494,257,257,269
2003-10-08,494,257,257,269
2003-10-09,494,257,257,269
2003-10-10,494,257,257,269
2003-10-13,494,257,257,269
2003-10-14,494,257,257,269
2003-10-15,494,257,257,269
2003-10-16,494,257,257,269
2003-10-17,494,257,257,269
2003-10-20,494,257,257,269
2003-10-21,494,257,257,269
2003-10-22,494,257,257,269
2003-10-23,494,257,257,269
2003-10-24,494,257,257,269
2003-10-27,494,257,257,269
2003-10-28,494,257,257,269
2003-10-29,494,257,257,269
2003-10-30,494,257,257,269
2003-10-31,494,257,257,269
2003-11-03,494,257,257,269
2003-11-04,494,257,257,269
2003-11-05,494,257,257,269
2003-11-06,494,257,257,269
2003-11-07,494,257,257,269
2003-11-10,494,257,257,269
2003-11-11,494,257,257,269
2003-11-12,494,257,257,269
2003-11-13,494,258,258,270
2003-11-14,494,258,258,270
2003-11-17,494,258,258,270
2003-11-18,494,258,258,270
2003-11-19,494,258,258,270
2003-11-20,494,258,258,270
2003-11-21,494,258,258,270
2003-11-24,494,258,258,270
2003-11-25,494,258,258,270
2003-11-26,494,258,258,270
2003-11-28,494,258,258,270
2003-12-01,494,258,258,270
2003-12-02,494,258,258,270
2003-12-03,494,258,258,270
2003-12-04,494,258,258,270
2003-12-05,494,258,258,270
2003-12-08,494,258,258,270
2003-12-09,494,258,258,270
2003-12-10,494,258,258,270
2003-12-11,494,258,258,270
2003-12-12,494,258,258,270
2003-12-15,494,258,258,270
2003-12-16,494,258,258,270
2003-12-17,494,258,258,270
2003-12-18,494,258,258,270
2003-12-19,494,258,258,270
2003-12-22,494,258,258,270
2003-12-23,494,258,258,270
2003-12-24,494,258,258,270
2003-12-26,494,258,258,270
2003-12-29,494,258,258,270
2003-12-30,494,258,258,270
2003-12-31,494,258,258,270
2004-01-02,494,258,258,270
2004-01-05,494,258,258,270
2004-01-06,494,258,258,270
2004-01-07,494,258,258,270
2004-01-08,494,258,258,270
2004-01-09,494,258,258,270
2004-01-12,494,258,258,270
2004-01-13,494,258,258,270
2004-01-14,494,258,258,270
2004-01-15,494,258,258,270
2004-01-16,494,258,258,270
2004-01-20,494,258,258,270
2004-01-21,494,258,258,270
2004-01-22,494,258,258,270
2004-01-23,494,258,258,270
2004-01-26,494,258,258,270
2004-01-27,494,258,258,270
2004-01-28,494,258,258,270
2004-01-29,494,258,258,270
2004-01-30,494,258,258,270
2004-02-02,494,258,258,270
2004-02-03,494,258,258,270
2004-02-04,494,258,258,270
2004-02-05,494,258,258,270
2004-02-06,494,258,258,270
2004-02-09,494,258,258,270
2004-02-10,494,258,258,270
2004-02-11,494,258,258,270
2004-02-12,494,258,258,270
2004-02-13,494,258,258,270
2004-02-17,494,258,258,270
2004-02-18,494,258,258,270
2004-02-19,494,258,258,270
2004-02-20,494,258,258,270
2004-02-23,494,258,258,270
2004-02-24,494,258,258,270
2004-02-25,494,258,258,270
2004-02-26,494,258,258,270
2004-02-27,494,259,259,271
2004-03-01,494,259,259,271
2004-03-02,494,259,259,271
2004-03-03,494,259,259,271
2004-03-04,494,259,259,271
2004-03-05,494,259,259,271
2004-03-08,494,259,259,271
2004-03-09,494,259,259,271
2004-03-10,494,259,259,271
2004-03-11,494,259,259,271
2004-03-12,494,259,259,271
2004-03-15,494,259,259,271
2004-03-16,494,259,259,271
2004-03-17,494,259,259,271
2004-03-18,494,259,259,271
2004-03-19,494,259,259,271
2004-03-22,494,259,259,271
2004-03-23,494,259,259,271
2004-03-24,494,259,259,271
2004-03-25,494,259,259,271
2004-03-26,494,259,259,271
2004-03-29,494,259,259,271
2004-03-30,494,259,259,271
2004-03-31,494,259,259,271
2004-04-01,494,259,259,271
2004-04-02,495,259,259,271
2004-04-05,495,259,259,271
2004-04-06,495,259,259,271
2004-04-07,495,259,259,271
2004-04-08,495,259,259,271
2004-04-12,495,259,259,271
2004-04-13,495,259,259,271
2004-04-14,495,259,259,271
2004-04-15,495,259,259,271
2004-04-16,495,259,259,271
2004-04-19,495,259,259,271
2004-04-20,495,259,259,271
2004-04-21,495,259,259,271
2004-04-22,495,259,259,271
2004-04-23,495,259,259,272
2004-04-26,495,259,259,272
2004-04-27,495,259,259,272
2004-04-28,495,259,259,272
2004-04-29,495,260,260,273
2004-04-30,495,260,260,273
2004-05-03,495,260,260,273
2004-05-04,495,260,260,273
2004-05-05,495,260,260,273
2004-05-06,495,260,260,273
2004-05-07,495,260,260,273
2004-05-10,495,260,260,273
2004-05-11,495,260,260,273
2004-05-12,495,260,260,273
2004-05-13,495,260,260,273
2004-05-14,495,260,260,273
2004-05-17,495,260,260,273
2004-05-18,495,260,260,273
2004-05-19,495,260,260,273
2004-05-20,495,260,260,273
2004-05-21,495,260,260,273
2004-05-24,495,260,260,273
2004-05-25,495,260,260,273
2004-05-26,495,260,260,273
2004-05-27,495,260,260,273
2004-05-28,495,260,260,273
2004-06-01,495,260,260,273
2004-06-02,495,260,260,273
2004-06-03,495,260,260,273
2004-06-04,495,260,260,273
2004-06-07,495,260,260,273
2004-06-08,495,260,260,273
2004-06-09,495,260,260,273
2004-06-10,495,260,260,273
2004-06-14,495,260,260,273
2004-06-15,495,260,260,273
2004-06-16,495,260,260,273
2004-06-17,495,260,260,273
2004-06-18,495,260,260,273
2004-06-21,495,260,260,273
2004-06-22,495,260,260,273
2004-06-23,495,260,260,273
2004-06-24,495,260,260,273
2004-06-25,495,260,260,273
2004-06-28,495,260,260,273
2004-06-29,495,260,260,273
2004-06-30,495,260,260,273
2004-07-01,495,261,261,274
2004-07-02,495,261,261,274
2004-07-06,495,261,261,274
2004-07-07,495,261,261,274
2004-07-08,495,261,261,274
2004-07-09,495,261,261,274
2004-07-12,495,261,261,274
2004-07-13,495,261,261,274
2004-07-14,495,261,261,274
2004-07-15,495,261,261,274
2004-07-16,495,261,261,274
2004-07-19,495,261,261,274
2004-07-20,495,261,261,274
2004-07-21,495,261,261,274
2004-07-22,495,261,261,274
2004-07-23,495,261,261,274
2004-07-26,495,261,261,274
2004-07-27,495,261,261,274
2004-07-28,495,261,261,274
2004-07-29,495,261,261,274
2004-07-30,495,261,261,274
2004-08-02,495,261,261,274
2004-08-03,495,261,261,274
2004-08-04,495,261,261,274
2004-08-05,495,261,261,274
2004-08-06,495,261,261,274
2004-08-09,495,261,261,274
2004-08-10,495,261,261,274
2004-08-11,495,261,261,274
2004-08-12,495,261,261,274
2004-08-13,495,261,261,274
2004-08-16,495,261,261,274
2004-08-17,495,261,261,274
2004-08-18,495,261,261,274
2004-08-19,495,261,261,274
2004-08-20,495,261,261,274
2004-08-23,495,261,261,274
2004-08-24,495,261,261,274
2004-08-25,495,261,261,274
2004-08-26,495,261,261,274
2004-08-27,495,261,261,274
2004-08-30,495,261,261,274
2004-08-31,495,261,261,274
2004-09-01,495,262,262,275
2004-09-02,495,262,262,275
2004-09-03,495,262,262,275
2004-09-07,495,262,262,275
2004-09-08,495,262,262,275
2004-09-09,495,262,262,275
2004-09-10,495,262,262,275
2004-09-13,495,262,262,275
2004-09-14,495,262,262,275
2004-09-15,495,262,262,275
2004-09-16,495,262,262,275
2004-09-17,495,262,262,275
2004-09-20,495,262,262,275
2004-09-21,495,262,262,275
2004-09-22,495,262,262,275
2004-09-23,495,262,262,275
2004-09-24,495,262,262,275
2004-09-27,495,262,262,275
2004-09-28,495,262,262,275
2004-09-29,495,262,262,275
2004-09-30,495,262,262,275
2004-10-01,495,262,262,275
2004-10-04,495,262,262,275
2004-10-05,495,262,262,275
2004-10-06,495,262,262,275
2004-10-07,495,262,262,275
2004-10-08,495,262,262,275
2004-10-11,495,262,262,275
2004-10-12,495,262,262,275
2004-10-13,495,262,262,275
2004-10-14,495,262,262,275
2004-10-15,495,262,262,275
2004-10-18,495,262,262,275
2004-10-19,495,262,262,275
2004-10-20,495,262,262,275
2004-10-21,495,262,262,275
2004-10-22,495,262,262,275
2004-10-25,495,262,262,275
2004-10-26,495,262,262,275
2004-10-27,495,262,262,275
2004-10-28,495,262,262,275
2004-10-29,495,262,262,275
2004-11-01,495,263,263,276
2004-11-02,495,263,263,276
2004-11-03,495,263,263,276
2004-11-04,495,263,263,276
2004-11-05,495,263,263,276
2004-11-08,495,263,263,276
2004-11-09,495,263,263,276
2004-11-10,495,263,263,276
2004-11-11,495,263,263,276
2004-11-12,495,263,263,276
2004-11-15,495,263,263,276
2004-11-16,495,263,263,276
2004-11-17,495,263,263,276
2004-11-18,495,263,263,276
2004-11-19,495,263,263,276
2004-11-22,495,263,263,276
2004-11-23,495,263,263,276
2004-11-24,495,263,263,276
2004-11-26,495,263,263,276
2004-11-29,495,263,263,276
2004-11-30,495,263,263,276
2004-12-01,495,263,263,276
2004-12-02,495,263,263,276
2004-12-03,495,263,263,276
2004-12-06,495,263,263,276
2004-12-07,495,263,263,276
2004-12-08,495,263,263,276
2004-12-09,495,263,263,276
2004-12-10,495,263,263,276
2004-12-13,495,263,263,276
2004-12-14,495,263,263,276
2004-12-15,495,263,263,276
2004-12-16,495,263,263,276
2004-12-17,495,263,263,276
2004-12-20,495,261,261,274
2004-12-21,495,261,261,274
2004-12-22,495,261,261,274
2004-12-23,495,261,261,274
2004-12-27,495,261,261,274
2004-12-28,495,261,261,274
2004-12-29,495,261,261,274
2004-12-30,495,261,261,274
2004-12-31,495,261,261,274
2005-01-03,495,261,261,274
2005-01-04,495,261,261,274
2005-01-05,495,261,261,274
2005-01-06,495,261,261,274
2005-01-07,495,261,261,274
2005-01-10,495,261,261,274
2005-01-11,495,261,261,274
2005-01-12,495,261,261,274
2005-01-13,495,261,261,274
2005-01-14,495,261,261,274
2005-01-18,495,261,261,274
2005-01-19,495,261,261,274
2005-01-20,495,261,261,274
2005-01-21,495,261,261,274
2005-01-24,495,261,261,274
2005-01-25,495,261,261,274
2005-01-26,495,261,261,274
2005-01-27,495,261,261,274
2005-01-28,495,261,261,274
2005-01-31,495,261,261,274
2005-02-01,495,261,261,274
2005-02-02,495,261,261,274
2005-02-03,495,261,261,274
2005-02-04,495,261,261,274
2005-02-07,495,261,261,274
2005-02-08,495,261,261,274
2005-02-09,495,261,261,274
2005-02-10,495,261,261,274
2005-02-11,495,261,261,274
2005-02-14,495,261,261,274
2005-02-15,495,261,261,274
2005-02-16,495,261,261,274
2005-02-17,495,261,261,274
2005-02-18,495,261,261,274
2005-02-22,495,261,261,274
2005-02-23,495,261,261,274
2005-02-24,495,261,261,274
2005-02-25,495,261,261,274
2005-02-28,495,261,261,274
2005-03-01,495,261,261,274
2005-03-02,495,261,261,274
2005-03-03,495,261,261,274
2005-03-04,495,261,261,274
2005-03-07,495,261,261,274
2005-03-08,495,261,261,274
2005-03-09,495,261,261,274
2005-03-10,495,261,261,274
2005-03-11,495,261,261,274
2005-03-14,495,262,262,275
2005-03-15,495,262,262,275
2005-03-16,495,262,262,275
2005-03-17,495,262,262,275
2005-03-18,495,262,262,275
2005-03-21,495,262,262,275
2005-03-22,495,262,262,275
2005-03-23,495,262,262,275
2005-03-24,495,262,262,275
2005-03-28,496,262,262,275
2005-03-29,496,262,262,275
2005-03-30,496,262,262,275
2005-03-31,496,262,262,275
2005-04-01,496,262,262,275
2005-04-04,496,262,262,275
2005-04-05,496,262,262,275
2005-04-06,496,262,262,275
2005-04-07,496,262,262,275
2005-04-08,496,262,262,275
2005-04-11,496,262,262,275
2005-04-12,496,262,262,275
2005-04-13,496,262,262,275
2005-04-14,496,262,262,275
2005-04-15,496,262,262,275
2005-04-18,496,262,262,275
2005-04-19,496,262,262,275
2005-04-20,496,262,262,275
2005-04-21,496,262,262,275
2005-04-22,496,262,262,275
2005-04-25,496,262,262,275
2005-04-26,496,262,262,275
2005-04-27,496,262,262,275
2005-04-28,496,262,262,275
2005-04-29,496,262,262,275
2005-05-02,496,262,262,275
2005-05-03,496,262,262,275
2005-05-04,496,262,262,275
2005-05-05,496,262,262,275
2005-05-06,496,262,262,275
2005-05-09,496,262,262,275
2005-05-10,496,262,262,275
2005-05-11,496,262,262,275
2005-05-12,496,262,262,275
2005-05-13,496,262,262,275
2005-05-16,496,262,262,275
2005-05-17,496,262,262,275
2005-05-18,496,262,262,275
2005-05-19,496,262,262,275
2005-05-20,496,262,262,275
2005-05-23,496,262,262,275
2005-05-24,496,262,262,275
2005-05-25,496,262,262,275
2005-05-26,496,262,262,275
2005-05-27,496,262,262,275
2005-05-31,496,262,262,275
2005-06-01,496,262,262,275
2005-06-02,496,262,262,275
2005-06-03,496,262,262,275
2005-06-06,496,262,262,275
2005-06-07,496,262,262,275
2005-06-08,496,262,262,275
2005-06-09,496,262,262,275
2005-06-10,496,262,262,275
2005-06-13,496,262,262,275
2005-06-14,496,262,262,275
2005-06-15,496,262,262,275
2005-06-16,496,262,262,275
2005-06-17,496,262,262,275
2005-06-20,496,262,262,275
2005-06-21,496,262,262,275
2005-06-22,496,262,262,275
2005-06-23,496,262,262,275
2005-06-24,496,262,262,275
2005-06-27,496,262,262,275
2005-06-28,496,262,262,275
2005-06-29,496,262,262,275
2005-06-30,496,262,262,275
2005-07-01,496,262,262,275
2005-07-05,496,264,264,277
2005-07-06,496,264,264,277
2005-07-07,496,264,264,277
2005-07-08,496,264,264,277
2005-07-11,496,264,264,277
2005-07-12,496,264,264,277
2005-07-13,496,264,264,277
2005-07-14,496,264,264,277
2005-07-15,496,264,264,277
2005-07-18,496,264,264,277
2005-07-19,496,264,264,277
2005-07-20,496,264,264,277
2005-07-21,496,264,264,277
2005-07-22,496,264,264,277
2005-07-25,496,264,264,277
2005-07-26,496,264,264,277
2005-07-27,496,264,264,277
2005-07-28,496,264,264,277
2005-07-29,496,264,264,277
2005-08-01,496,264,264,277
2005-08-02,496,264,264,277
2005-08-03,496,264,264,277
2005-08-04,496,264,264,277
2005-08-05,496,264,264,277
2005-08-08,496,264,264,277
2005-08-09,496,264,264,277
2005-08-10,496,264,264,277
2005-08-11,496,265,265,278
2005-08-12,496,266,266,279
2005-08-15,496,267,267,280
2005-08-16,496,267,267,280
2005-08-17,496,267,267,280
2005-08-18,496,267,267,280
2005-08-19,496,268,268,281
2005-08-22,496,268,268,281
2005-08-23,496,268,268,281
2005-08-24,496,268,268,281
2005-08-25,496,268,268,281
2005-08-26,496,268,268,281
2005-08-29,495,268,268,281
2005-08-30,496,268,268,281
2005-08-31,496,268,268,281
2005-09-01,496,268,268,281
2005-09-02,496,268,268,281
2005-09-06,496,268,268,281
2005-09-07,496,268,268,281
2005-09-08,496,268,268,281
2005-09-09,496,268,268,281
2005-09-12,496,268,268,281
2005-09-13,496,268,268,281
2005-09-14,496,268,268,281
2005-09-15,496,268,268,281
2005-09-16,496,268,268,281
2005-09-19,496,268,268,281
2005-09-20,496,268,268,281
2005-09-21,496,268,268,281
2005-09-22,496,268,268,281
2005-09-23,496,268,268,281
2005-09-26,496,268,268,281
2005-09-27,496,268,268,281
2005-09-28,496,268,268,281
2005-09-29,496,268,268,281
2005-09-30,496,268,268,281
2005-10-03,495,269,269,282
2005-10-04,496,270,270,283
2005-10-05,496,270,270,283
2005-10-06,496,270,270,283
2005-10-07,496,270,270,283
2005-10-10,496,270,270,283
2005-10-11,496,270,270,283
2005-10-12,496,270,270,283
2005-10-13,496,270,270,283
2005-10-14,496,270,270,283
2005-10-17,496,270,270,283
2005-10-18,496,270,270,283
2005-10-19,496,270,270,283
2005-10-20,496,270,270,283
2005-10-21,496,270,270,283
2005-10-24,496,270,270,283
2005-10-25,496,270,270,283
2005-10-26,496,270,270,283
2005-10-27,496,270,270,283
2005-10-28,496,270,270,283
2005-10-31,496,270,270,283
2005-11-01,496,270,270,283
2005-11-02,496,270,270,283
2005-11-03,496,270,270,283
2005-11-04,496,270,270,283
2005-11-07,496,270,270,283
2005-11-08,496,270,270,283
2005-11-09,496,270,270,283
2005-11-10,496,270,270,283
2005-11-11,496,270,270,283
2005-11-14,496,270,270,283
2005-11-15,496,270,270,283
2005-11-16,496,270,270,283
2005-11-17,496,270,270,283
2005-11-18,496,270,270,283
2005-11-21,497,271,271,284
2005-11-22,497,271,271,284
2005-11-23,497,271,271,284
2005-11-25,497,271,271,284
2005-11-28,497,271,271,284
2005-11-29,497,271,271,284
2005-11-30,497,271,271,284
2005-12-01,497,271,271,284
2005-12-02,497,272,272,285
2005-12-05,497,272,272,286
2005-12-06,497,272,272,286
2005-12-07,497,272,272,286
2005-12-08,497,272,272,286
2005-12-09,497,272,272,286
2005-12-12,497,272,272,286
2005-12-13,497,272,272,286
2005-12-14,497,272,272,286
2005-12-15,497,272,272,286
2005-12-16,497,272,272,286
2005-12-19,497,272,272,286
2005-12-20,497,273,273,287
2005-12-21,497,273,273,287
2005-12-22,497,273,273,287
2005-12-23,497,273,273,287
2005-12-27,497,273,273,287
2005-12-28,497,273,273,287
2005-12-29,497,273,273,287
2005-12-30,497,273,273,287
2006-01-03,497,273,273,287
2006-01-04,496,273,273,287
2006-01-05,497,274,274,288
2006-01-06,497,274,274,288
2006-01-09,497,274,274,288
2006-01-10,497,274,274,288
2006-01-11,497,274,274,288
2006-01-12,497,274,274,288
2006-01-13,497,274,274,288
2006-01-17,497,274,274,288
2006-01-18,497,274,274,288
2006-01-19,497,274,274,288
2006-01-20,497,274,274,288
2006-01-23,497,274,274,288
2006-01-24,497,274,274,288
2006-01-25,497,274,274,288
2006-01-26,497,274,274,288
2006-01-27,497,274,274,288
2006-01-30,497,274,274,288
2006-01-31,497,274,274,288
2006-02-01,497,275,275,289
2006-02-02,497,275,275,289
2006-02-03,497,275,275,289
2006-02-06,497,275,275,289
2006-02-07,497,275,275,289
2006-02-08,497,275,275,289
2006-02-09,497,275,275,289
2006-02-10,497,275,275,289
2006-02-13,497,275,275,289
2006-02-14,497,275,275,289
2006-02-15,497,275,275,289
2006-02-16,497,275,275,289
2006-02-17,497,275,275,289
2006-02-21,497,275,275,289
2006-02-22,497,275,275,289
2006-02-23,497,275,275,289
2006-02-24,497,275,275,289
2006-02-27,497,275,275,289
2006-02-28,497,275,275,289
2006-03-01,497,275,275,289
2006-03-02,497,275,275,289
2006-03-03,497,275,275,289
2006-03-06,497,275,275,289
2006-03-07,497,275,275,289
2006-03-08,497,275,275,289
2006-03-09,497,275,275,289
2006-03-10,497,275,275,289
2006-03-13,497,275,275,289
2006-03-14,497,275,275,289
2006-03-15,497,275,275,289
2006-03-16,497,275,275,289
2006-03-17,497,275,275,289
2006-03-20,497,275,275,289
2006-03-21,497,275,275,289
2006-03-22,497,275,275,289
2006-03-23,497,275,275,289
2006-03-24,497,275,275,289
2006-03-27,497,275,275,289
2006-03-28,497,275,275,289
2006-03-29,497,275,275,289
2006-03-30,497,275,275,289
2006-03-31,497,275,275,289
2006-04-03,497,278,278,292
2006-04-04,497,278,278,292
2006-04-05,497,278,278,292
2006-04-06,497,278,278,292
2006-04-07,497,278,278,292
2006-04-10,497,278,278,292
2006-04-11,497,278,278,292
2006-04-12,497,278,278,292
2006-04-13,497,278,278,292
2006-04-17,497,278,278,292
2006-04-18,497,278,278,292
2006-04-19,497,278,278,292
2006-04-20,497,278,278,292
2006-04-21,497,278,278,292
2006-04-24,497,278,278,292
2006-04-25,497,278,278,292
2006-04-26,497,278,278,292
2006-04-27,497,278,278,292
2006-04-28,497,278,278,292
2006-05-01,497,278,278,292
2006-05-02,497,278,278,292
2006-05-03,497,278,278,292
2006-05-04,497,278,278,292
2006-05-05,497,278,278,292
2006-05-08,497,278,278,292
2006-05-09,497,278,278,292
2006-05-10,497,278,278,292
2006-05-11,497,278,278,292
2006-05-12,497,278,278,292
2006-05-15,497,278,278,292
2006-05-16,497,278,278,292
2006-05-17,497,278,278,292
2006-05-18,497,278,278,292
2006-05-19,497,278,278,292
2006-05-22,497,278,278,292
2006-05-23,497,278,278,292
2006-05-24,497,278,278,292
2006-05-25,497,278,278,292
2006-05-26,497,278,278,292
2006-05-30,497,278,278,292
2006-05-31,497,278,278,292
2006-06-01,497,278,278,292
2006-06-02,497,278,278,292
2006-06-05,497,278,278,292
2006-06-06,497,278,278,292
2006-06-07,497,278,278,292
2006-06-08,497,278,278,292
2006-06-09,497,278,278,292
2006-06-12,497,278,278,292
2006-06-13,497,278,278,292
2006-06-14,497,278,278,292
2006-06-15,497,278,278,292
2006-06-16,497,278,278,292
2006-06-19,497,278,278,292
2006-06-20,497,278,278,292
2006-06-21,497,278,278,292
2006-06-22,497,278,278,292
2006-06-23,497,278,278,292
2006-06-26,497,278,278,292
2006-06-27,497,278,278,292
2006-06-28,497,279,279,293
2006-06-29,497,279,279,293
2006-06-30,497,279,279,293
2006-07-03,497,279,279,293
2006-07-05,497,279,279,293
2006-07-06,497,279,279,293
2006-07-07,497,279,279,293
2006-07-10,497,279,279,293
2006-07-11,497,279,279,293
2006-07-12,497,279,279,293
2006-07-13,497,279,279,293
2006-07-14,497,279,279,293
2006-07-17,497,279,279,293
2006-07-18,497,279,279,293
2006-07-19,497,279,279,293
2006-07-20,497,279,279,293
2006-07-21,497,279,279,293
2006-07-24,497,279,279,293
2006-07-25,497,279,279,293
2006-07-26,497,279,279,293
2006-07-27,497,279,279,293
2006-07-28,497,279,279,293
2006-07-31,497,279,279,293
2006-08-01,497,278,278,292
2006-08-02,497,278,278,292
2006-08-03,497,278,278,292
2006-08-04,497,278,278,292
2006-08-07,497,278,278,292
2006-08-08,497,278,278,292
2006-08-09,497,278,278,292
2006-08-10,497,278,278,292
2006-08-11,497,279,279,293
2006-08-14,497,279,279,293
2006-08-15,497,279,279,293
2006-08-16,497,279,279,293
2006-08-17,497,279,279,293
2006-08-18,497,279,279,293
2006-08-21,497,279,279,293
2006-08-22,497,279,279,293
2006-08-23,497,279,279,293
2006-08-24,497,279,279,293
2006-08-25,497,279,279,293
2006-08-28,497,279,279,293
2006-08-29,497,279,279,293
2006-08-30,497,279,279,293
2006-08-31,497,279,279,293
2006-09-01,497,279,279,293
2006-09-05,497,279,279,293
2006-09-06,497,279,279,293
2006-09-07,497,279,279,293
2006-09-08,497,279,279,293
2006-09-11,497,279,279,293
2006-09-12,497,279,279,293
2006-09-13,497,279,279,293
2006-09-14,497,279,279,293
2006-09-15,497,279,279,293
2006-09-18,497,279,279,293
2006-09-19,497,279,279,293
2006-09-20,497,279,279,293
2006-09-21,497,279,279,293
2006-09-22,497,279,279,293
2006-09-25,497,279,279,293
2006-09-26,497,279,279,293
2006-09-27,497,279,279,293
2006-09-28,497,279,279,293
2006-09-29,497,279,279,293
2006-10-02,497,280,280,294
2006-10-03,497,280,280,294
2006-10-04,497,280,280,294
2006-10-05,497,280,280,294
2006-10-06,497,280,280,294
2006-10-09,497,280,280,294
2006-10-10,497,280,280,294
2006-10-11,497,280,280,294
2006-10-12,497,280,280,294
2006-10-13,497,280,280,294
2006-10-16,497,280,280,294
2006-10-17,497,280,280,294
2006-10-18,497,280,280,294
2006-10-19,497,280,280,294
2006-10-20,497,280,280,294
2006-10-23,497,280,280,294
2006-10-24,497,280,280,294
2006-10-25,497,280,280,294
2006-10-26,497,280,280,294
2006-10-27,497,280,280,294
2006-10-30,497,280,280,294
2006-10-31,497,280,280,294
2006-11-01,497,280,280,294
2006-11-02,497,280,280,294
2006-11-03,497,280,280,294
2006-11-06,497,280,280,294
2006-11-07,497,280,280,294
2006-11-08,497,280,280,294
2006-11-09,497,280,280,294
2006-11-10,497,281,281,295
2006-11-13,497,281,281,295
2006-11-14,497,281,281,295
2006-11-15,497,281,281,295
2006-11-16,497,281,281,295
2006-11-17,497,282,282,296
2006-11-20,497,282,282,296
2006-11-21,497,282,282,296
2006-11-22,497,282,282,296
2006-11-24,497,282,282,296
2006-11-27,497,282,282,296
2006-11-28,497,282,282,296
2006-11-29,497,282,282,296
2006-11-30,497,282,282,296
2006-12-01,497,282,282,296
2006-12-04,497,283,283,297
2006-12-05,497,283,283,297
2006-12-06,497,283,283,297
2006-12-07,497,283,283,297
2006-12-08,497,283,283,297
2006-12-11,497,283,283,297
2006-12-12,497,283,283,297
2006-12-13,497,283,283,297
2006-12-14,497,283,283,297
2006-12-15,497,283,283,297
2006-12-18,497,283,283,297
2006-12-19,497,283,283,297
2006-12-20,497,284,284,298
2006-12-21,497,284,284,298
2006-12-22,497,284,284,298
2006-12-26,497,284,284,298
2006-12-27,497,284,284,298
2006-12-28,497,284,284,298
2006-12-29,497,284,284,298
2007-01-03,496,283,283,297
2007-01-04,497,283,283,297
2007-01-05,497,283,283,297
2007-01-08,497,283,283,297
2007-01-09,497,283,283,297
2007-01-10,497,283,283,297
2007-01-11,497,283,283,297
2007-01-12,497,283,283,297
2007-01-16,497,283,283,297
2007-01-17,497,283,283,297
2007-01-18,497,283,283,297
2007-01-19,497,283,283,297
2007-01-22,497,283,283,297
2007-01-23,497,283,283,297
2007-01-24,497,283,283,297
2007-01-25,497,283,283,297
2007-01-26,497,283,283,297
2007-01-29,497,283,283,297
2007-01-30,497,283,283,297
2007-01-31,497,283,283,297
2007-02-01,496,283,283,297
2007-02-02,497,284,284,298
2007-02-05,497,284,284,298
2007-02-06,497,284,284,298
2007-02-07,497,284,284,298
2007-02-08,497,284,284,298
2007-02-09,497,284,284,298
2007-02-12,497,284,284,298
2007-02-13,497,284,284,298
2007-02-14,497,284,284,298
2007-02-15,497,284,284,298
2007-02-16,497,284,284,298
2007-02-20,497,284,284,298
2007-02-21,497,284,284,298
2007-02-22,497,284,284,298
2007-02-23,497,284,284,298
2007-02-26,497,284,284,298
2007-02-27,497,284,284,298
2007-02-28,497,284,284,298
2007-03-01,497,284,284,298
2007-03-02,497,285,285,299
2007-03-05,497,285,285,299
2007-03-06,497,285,285,299
2007-03-07,497,285,285,299
2007-03-08,497,285,285,299
2007-03-09,497,285,285,299
2007-03-12,497,285,285,299
2007-03-13,497,285,285,299
2007-03-14,497,285,285,299
2007-03-15,497,285,285,299
2007-03-16,497,285,285,299
2007-03-19,497,285,285,299
2007-03-20,497,286,286,300
2007-03-21,497,286,286,300
2007-03-22,497,286,286,300
2007-03-23,497,286,286,300
2007-03-26,497,286,286,300
2007-03-27,497,286,286,300
2007-03-28,497,286,286,300
2007-03-29,497,287,287,301
2007-03-30,497,287,287,301
2007-04-02,497,288,288,302
2007-04-03,497,288,288,302
2007-04-04,497,288,288,302
2007-04-05,497,288,288,302
2007-04-09,497,288,288,302
2007-04-10,497,289,289,303
2007-04-11,497,289,289,303
2007-04-12,497,289,289,303
2007-04-13,497,289,289,303
2007-04-16,497,289,289,303
2007-04-17,497,289,289,303
2007-04-18,497,289,289,303
2007-04-19,497,289,289,303
2007-04-20,497,289,289,303
2007-04-23,497,289,289,303
2007-04-24,497,289,289,303
2007-04-25,497,289,289,303
2007-04-26,497,289,289,303
2007-04-27,497,289,289,303
2007-04-30,497,289,289,303
2007-05-01,497,289,289,303
2007-05-02,497,289,289,303
2007-05-03,497,289,289,303
2007-05-04,497,289,289,303
2007-05-07,497,289,289,303
2007-05-08,497,289,289,303
2007-05-09,497,289,289,303
2007-05-10,497,289,289,303
2007-05-11,497,289,289,303
2007-05-14,497,289,289,303
2007-05-15,497,289,289,303
2007-05-16,497,289,289,303
2007-05-17,497,289,289,303
2007-05-18,497,289,289,303
2007-05-21,497,289,289,303
2007-05-22,497,289,289,303
2007-05-23,497,289,289,303
2007-05-24,497,289,289,303
2007-05-25,497,289,289,303
2007-05-29,497,289,289,303
2007-05-30,497,289,289,303
2007-05-31,497,289,289,303
2007-06-01,497,289,289,303
2007-06-04,497,289,289,303
2007-06-05,497,289,289,303
2007-06-06,497,289,289,303
2007-06-07,497,289,289,303
2007-06-08,497,289,289,303
2007-06-11,497,289,289,303
2007-06-12,497,289,289,303
2007-06-13,497,289,289,303
2007-06-14,497,289,289,303
2007-06-15,497,289,289,303
2007-06-18,497,289,289,303
2007-06-19,497,289,289,303
2007-06-20,497,289,289,303
2007-06-21,497,289,289,303
2007-06-22,497,289,289,303
2007-06-25,497,289,289,303
2007-06-26,497,289,289,303
2007-06-27,497,289,289,303
2007-06-28,497,289,289,303
2007-06-29,497,289,289,303
2007-07-02,497,289,289,303
2007-07-03,497,289,289,303
2007-07-05,497,289,289,303
2007-07-06,497,289,289,303
2007-07-09,497,289,289,303
2007-07-10,497,289,289,303
2007-07-11,497,289,289,303
2007-07-12,497,290,290,304
2007-07-13,497,290,290,304
2007-07-16,497,290,290,304
2007-07-17,497,290,290,304
2007-07-18,497,290,290,304
2007-07-19,497,290,290,304
2007-07-20,497,290,290,304
2007-07-23,497,290,290,304
2007-07-24,497,290,290,304
2007-07-25,497,290,290,304
2007-07-26,497,290,290,304
2007-07-27,497,290,290,304
2007-07-30,497,290,290,304
2007-07-31,497,290,290,304
2007-08-01,497,290,290,304
2007-08-02,497,290,290,304
2007-08-03,497,290,290,304
2007-08-06,497,290,290,304
2007-08-07,497,290,290,304
2007-08-08,497,290,290,304
2007-08-09,497,290,290,304
2007-08-10,497,290,290,304
2007-08-13,497,290,290,304
2007-08-14,497,290,290,304
2007-08-15,497,290,290,304
2007-08-16,497,290,290,304
2007-08-17,497,290,290,304
2007-08-20,497,290,290,304
2007-08-21,497,290,290,304
2007-08-22,497,290,290,304
2007-08-23,497,290,290,304
2007-08-24,497,290,290,304
2007-08-27,497,291,291,305
2007-08-28,497,291,291,305
2007-08-29,497,291,291,305
2007-08-30,497,291,291,305
2007-08-31,497,291,291,305
2007-09-04,497,291,291,305
2007-09-05,497,291,291,305
2007-09-06,497,291,291,305
2007-09-07,497,292,292,306
2007-09-10,497,292,292,306
2007-09-11,497,292,292,306
2007-09-12,497,292,292,306
2007-09-13,497,292,292,306
2007-09-14,497,292,292,306
2007-09-17,497,292,292,306
2007-09-18,497,292,292,306
2007-09-19,497,292,292,306
2007-09-20,497,292,292,306
2007-09-21,497,292,292,306
2007-09-24,497,292,292,306
2007-09-25,496,292,292,306
2007-09-26,497,293,293,307
2007-09-27,497,293,293,307
2007-09-28,497,293,293,307
2007-10-01,497,294,294,308
2007-10-02,497,295,295,309
2007-10-03,497,295,295,309
2007-10-04,497,295,295,309
2007-10-05,497,295,295,309
2007-10-08,497,295,295,309
2007-10-09,497,295,295,309
2007-10-10,497,296,296,310
2007-10-11,497,296,296,310
2007-10-12,497,296,296,310
2007-10-15,497,296,296,310
2007-10-16,497,296,296,310
2007-10-17,497,296,296,310
2007-10-18,497,296,296,310
2007-10-19,497,296,296,310
2007-10-22,497,296,296,310
2007-10-23,497,296,296,310
2007-10-24,497,296,296,310
2007-10-25,497,296,296,310
2007-10-26,497,296,296,311
2007-10-29,497,296,296,311
2007-10-30,497,296,296,311
2007-10-31,497,296,296,311
2007-11-01,497,296,296,311
2007-11-02,497,296,296,311
2007-11-05,497,296,296,311
2007-11-06,497,296,296,311
2007-11-07,497,296,296,311
2007-11-08,497,296,296,311
2007-11-09,497,296,296,311
2007-11-12,497,296,296,311
2007-11-13,497,296,296,311
2007-11-14,497,296,296,311
2007-11-15,497,296,296,311
2007-11-16,497,297,297,312
2007-11-19,497,298,298,313
2007-11-20,497,298,298,313
2007-11-21,497,298,298,313
2007-11-23,497,298,298,313
2007-11-26,497,298,298,313
2007-11-27,497,298,298,313
2007-11-28,497,298,298,313
2007-11-29,497,298,298,313
2007-11-30,497,298,298,313
2007-12-03,497,298,298,313
2007-12-04,497,298,298,313
2007-12-05,497,298,298,313
2007-12-06,497,298,298,313
2007-12-07,497,298,298,313
2007-12-10,497,298,298,313
2007-12-11,497,298,298,313
2007-12-12,497,298,298,313
2007-12-13,497,298,298,313
2007-12-14,497,299,299,314
2007-12-17,497,299,299,314
2007-12-18,497,299,299,314
2007-12-19,497,299,299,314
2007-12-20,497,299,299,314
2007-12-21,497,300,300,315
2007-12-24,497,300,300,315
2007-12-26,497,300,300,315
2007-12-27,497,300,300,315
2007-12-28,497,300,300,315
2007-12-31,497,301,301,316
2008-01-02,497,301,301,316
2008-01-03,497,301,301,316
2008-01-04,497,301,301,316
2008-01-07,497,301,301,316
2008-01-08,497,301,301,316
2008-01-09,497,301,301,316
2008-01-10,497,301,301,316
2008-01-11,497,301,301,316
2008-01-14,497,301,301,316
2008-01-15,497,301,301,316
2008-01-16,497,301,301,316
2008-01-17,497,301,301,316
2008-01-18,497,301,301,316
2008-01-22,497,301,301,316
2008-01-23,497,301,301,316
2008-01-24,497,302,302,317
2008-01-25,497,302,302,317
2008-01-28,497,302,302,317
2008-01-29,497,302,302,317
2008-01-30,497,302,302,317
2008-01-31,497,302,302,317
2008-02-01,497,302,302,317
2008-02-04,497,302,302,317
2008-02-05,497,302,302,317
2008-02-06,497,302,302,317
2008-02-07,497,302,302,317
2008-02-08,497,302,302,317
2008-02-11,497,302,302,317
2008-02-12,497,302,302,317
2008-02-13,497,302,302,317
2008-02-14,497,302,302,317
2008-02-15,497,302,302,317
2008-02-19,497,302,302,317
2008-02-20,497,302,302,317
2008-02-21,497,302,302,317
2008-02-22,497,302,302,317
2008-02-25,497,302,302,317
2008-02-26,497,302,302,317
2008-02-27,497,302,302,317
2008-02-28,497,302,302,317
2008-02-29,497,302,302,317
2008-03-03,497,302,302,317
2008-03-04,497,302,302,317
2008-03-05,497,302,302,317
2008-03-06,497,302,302,317
2008-03-07,497,302,302,317
2008-03-10,497,302,302,317
2008-03-11,497,302,302,317
2008-03-12,497,302,302,317
2008-03-13,497,302,302,317
2008-03-14,497,302,302,317
2008-03-17,497,302,302,317
2008-03-18,497,302,302,317
2008-03-19,497,302,302,317
2008-03-20,497,302,302,317
2008-03-24,497,302,302,317
2008-03-25,497,302,302,317
2008-03-26,497,302,302,317
2008-03-27,497,302,302,317
2008-03-28,497,302,302,317
2008-03-31,497,303,303,318
2008-04-01,497,303,303,318
2008-04-02,497,303,303,318
2008-04-03,497,303,303,318
2008-04-04,497,303,303,318
2008-04-07,497,303,303,318
2008-04-08,497,303,303,318
2008-04-09,497,303,303,318
2008-04-10,497,303,303,318
2008-04-11,497,303,303,318
2008-04-14,497,303,303,318
2008-04-15,497,303,303,318
2008-04-16,497,303,303,318
2008-04-17,497,303,303,318
2008-04-18,497,303,303,318
2008-04-21,497,303,303,318
2008-04-22,497,303,303,318
2008-04-23,497,303,303,318
2008-04-24,497,303,303,318
2008-04-25,497,303,303,318
2008-04-28,497,303,303,318
2008-04-29,497,303,303,318
2008-04-30,497,303,303,318
2008-05-01,497,303,303,318
2008-05-02,497,303,303,318
2008-05-05,497,303,303,318
2008-05-06,497,304,304,319
2008-05-07,497,304,304,319
2008-05-08,497,304,304,319
2008-05-09,497,304,304,319
2008-05-12,497,304,304,319
2008-05-13,497,304,304,319
2008-05-14,497,304,304,319
2008-05-15,497,304,304,319
2008-05-16,497,304,304,319
2008-05-19,497,304,304,319
2008-05-20,497,304,304,319
2008-05-21,497,304,304,319
2008-05-22,497,304,304,319
2008-05-23,497,304,304,319
2008-05-27,497,304,304,319
2008-05-28,497,304,304,319
2008-05-29,497,304,304,319
2008-05-30,497,304,304,319
2008-06-02,497,305,305,320
2008-06-03,497,305,305,320
2008-06-04,497,305,305,320
2008-06-05,497,305,305,320
2008-06-06,497,304,304,319
2008-06-09,497,304,304,319
2008-06-10,497,304,304,319
2008-06-11,497,304,304,319
2008-06-12,497,304,304,319
2008-06-13,497,304,304,319
2008-06-16,497,304,304,319
2008-06-17,497,304,304,319
2008-06-18,497,304,304,319
2008-06-19,497,304,304,319
2008-06-20,497,304,304,319
2008-06-23,497,303,303,318
2008-06-24,497,303,303,318
2008-06-25,497,303,303,318
2008-06-26,497,303,303,318
2008-06-27,497,303,303,318
2008-06-30,497,303,303,318
2008-07-01,497,302,302,317
2008-07-02,497,302,302,317
2008-07-03,497,302,302,317
2008-07-07,497,302,302,317
2008-07-08,497,302,302,317
2008-07-09,497,302,302,317
2008-07-10,497,302,302,317
2008-07-11,497,302,302,317
2008-07-14,497,302,302,317
2008-07-15,497,302,302,317
2008-07-16,497,302,302,317
2008-07-17,497,302,302,317
2008-07-18,498,303,303,318
2008-07-21,498,303,303,318
2008-07-22,498,303,303,318
2008-07-23,498,303,303,318
2008-07-24,498,303,303,318
2008-07-25,498,303,303,318
2008-07-28,498,303,303,318
2008-07-29,498,303,303,318
2008-07-30,498,303,303,318
2008-07-31,498,303,303,318
2008-08-01,498,303,303,318
2008-08-04,498,303,303,318
2008-08-05,498,303,303,318
2008-08-06,498,303,303,318
2008-08-07,498,303,303,318
2008-08-08,498,303,303,318
2008-08-11,498,303,303,318
2008-08-12,498,303,303,318
2008-08-13,498,303,303,318
2008-08-14,498,303,303,318
2008-08-15,498,303,303,318
2008-08-18,498,303,303,318
2008-08-19,498,303,303,318
2008-08-20,498,303,303,318
2008-08-21,498,304,304,319
2008-08-22,498,304,304,319
2008-08-25,498,304,304,319
2008-08-26,497,304,304,319
2008-08-27,498,305,305,320
2008-08-28,498,305,305,320
2008-08-29,498,305,305,320
2008-09-02,498,305,305,320
2008-09-03,498,305,305,320
2008-09-04,498,305,305,320
2008-09-05,498,305,305,320
2008-09-08,498,305,305,320
2008-09-09,498,305,305,320
2008-09-10,498,305,305,320
2008-09-11,496,303,303,318
2008-09-12,496,303,303,318
2008-09-15,498,305,305,320
2008-09-16,498,305,305,320
2008-09-17,497,305,305,320
2008-09-18,497,305,305,320
2008-09-19,497,305,305,320
2008-09-22,498,305,305,321
2008-09-23,497,305,305,321
2008-09-24,498,305,305,321
2008-09-25,498,305,305,321
2008-09-26,498,305,305,321
2008-09-29,498,305,305,321
2008-09-30,497,305,305,321
2008-10-01,497,305,305,321
2008-10-02,498,306,306,322
2008-10-03,498,306,306,322
2008-10-06,498,306,306,322
2008-10-07,498,307,307,323
2008-10-08,498,307,307,323
2008-10-09,498,307,307,323
2008-10-10,498,307,307,323
2008-10-13,498,307,307,323
2008-10-14,498,307,307,323
2008-10-15,498,307,307,323
2008-10-16,498,307,307,323
2008-10-17,498,307,307,323
2008-10-20,498,307,307,323
2008-10-21,498,307,307,323
2008-10-22,498,307,307,323
2008-10-23,498,307,307,323
2008-10-24,498,307,307,323
2008-10-27,498,307,307,323
2008-10-28,498,307,307,323
2008-10-29,498,307,307,323
2008-10-30,498,307,307,323
2008-10-31,498,307,307,323
2008-11-03,498,307,307,323
2008-11-04,498,307,307,323
2008-11-05,498,307,307,323
2008-11-06,498,307,307,323
2008-11-07,498,307,307,323
2008-11-10,498,307,307,323
2008-11-11,497,306,306,322
2008-11-12,497,306,306,322
2008-11-13,497,306,306,322
2008-11-14,497,307,307,323
2008-11-17,498,307,307,323
2008-11-18,497,307,307,323
2008-11-19,498,307,307,323
2008-11-20,498,307,307,323
2008-11-21,498,307,307,323
2008-11-24,498,307,307,323
2008-11-25,498,307,307,323
2008-11-26,498,307,307,323
2008-11-28,498,307,307,323
2008-12-01,498,307,307,323
2008-12-02,498,307,307,323
2008-12-03,498,307,307,323
2008-12-04,498,307,307,323
2008-12-05,498,308,308,324
2008-12-08,498,308,308,324
2008-12-09,498,308,308,324
2008-12-10,498,308,308,324
2008-12-11,498,308,308,324
2008-12-12,498,308,308,324
2008-12-15,498,308,308,324
2008-12-16,498,308,308,324
2008-12-17,498,308,308,324
2008-12-18,498,308,308,324
2008-12-19,498,308,308,324
2008-12-22,498,308,308,324
2008-12-23,498,308,308,324
2008-12-24,498,308,308,324
2008-12-26,498,308,308,324
2008-12-29,498,308,308,324
2008-12-30,498,308,308,324
2008-12-31,498,308,308,324
2009-01-02,498,309,309,325
2009-01-05,498,309,309,325
2009-01-06,498,310,310,326
2009-01-07,498,310,310,326
2009-01-08,498,310,310,326
2009-01-09,498,310,310,326
2009-01-12,498,310,310,326
2009-01-13,498,310,310,326
2009-01-14,498,310,310,326
2009-01-15,498,310,310,326
2009-01-16,498,310,310,326
2009-01-20,498,310,310,326
2009-01-21,498,310,310,326
2009-01-22,498,310,310,326
2009-01-23,498,310,310,326
2009-01-26,498,310,310,326
2009-01-27,498,310,310,326
2009-01-28,498,310,310,326
2009-01-29,498,310,310,326
2009-01-30,498,311,311,327
2009-02-02,498,311,311,327
2009-02-03,498,311,311,327
2009-02-04,498,311,311,327
2009-02-05,498,311,311,327
2009-02-06,498,311,311,327
2009-02-09,498,311,311,327
2009-02-10,498,311,311,327
2009-02-11,498,311,311,327
2009-02-12,498,311,311,327
2009-02-13,498,311,311,327
2009-02-17,498,311,311,327
2009-02-18,498,311,311,327
2009-02-19,498,311,311,327
2009-02-20,498,311,311,327
2009-02-23,498,311,311,327
2009-02-24,498,311,311,327
2009-02-25,498,311,311,327
2009-02-26,498,311,311,327
2009-02-27,498,311,311,327
2009-03-02,498,311,311,327
2009-03-03,498,311,311,327
2009-03-04,498,313,313,329
2009-03-05,498,313,313,329
2009-03-06,498,313,313,329
2009-03-09,498,313,313,329
2009-03-10,498,313,313,329
2009-03-11,498,313,313,329
2009-03-12,498,313,313,329
2009-03-13,498,313,313,329
2009-03-16,498,313,313,329
2009-03-17,499,314,314,330
2009-03-18,499,314,314,330
2009-03-19,499,314,314,330
2009-03-20,499,314,314,330
2009-03-23,499,314,314,330
2009-03-24,499,314,314,330
2009-03-25,499,314,314,330
2009-03-26,499,314,314,330
2009-03-27,499,315,315,331
2009-03-30,499,315,315,331
2009-03-31,499,315,315,331
2009-04-01,499,315,315,331
2009-04-02,499,315,315,331
2009-04-03,499,315,315,331
2009-04-06,499,315,315,331
2009-04-07,499,315,315,331
2009-04-08,499,315,315,331
2009-04-09,499,315,315,331
2009-04-13,499,315,315,331
2009-04-14,499,315,315,331
2009-04-15,499,315,315,331
2009-04-16,499,315,315,331
2009-04-17,499,315,315,331
2009-04-20,499,315,315,331
2009-04-21,499,315,315,331
2009-04-22,499,315,315,331
2009-04-23,499,315,315,331
2009-04-24,499,315,315,331
2009-04-27,499,315,315,331
2009-04-28,499,315,315,331
2009-04-29,499,315,315,331
2009-04-30,499,315,315,331
2009-05-01,499,315,315,331
2009-05-04,499,315,315,331
2009-05-05,499,315,315,331
2009-05-06,499,315,315,331
2009-05-07,499,315,315,331
2009-05-08,499,315,315,331
2009-05-11,499,315,315,331
2009-05-12,499,315,315,331
2009-05-13,499,315,315,331
2009-05-14,499,315,315,331
2009-05-15,499,315,315,331
2009-05-18,499,315,315,331
2009-05-19,499,315,315,331
2009-05-20,499,315,315,331
2009-05-21,499,315,315,331
2009-05-22,499,315,315,331
2009-05-26,499,315,315,331
2009-05-27,499,315,315,331
2009-05-28,499,315,315,331
2009-05-29,499,315,315,331
2009-06-01,499,315,315,331
2009-06-02,499,315,315,331
2009-06-03,498,315,315,331
2009-06-04,498,315,315,331
2009-06-05,498,316,316,332
2009-06-08,498,316,316,332
2009-06-09,499,316,316,332
2009-06-10,499,316,316,332
2009-06-11,499,316,316,332
2009-06-12,499,316,316,332
2009-06-15,499,316,316,332
2009-06-16,499,316,316,332
2009-06-17,499,316,316,332
2009-06-18,499,316,316,332
2009-06-19,499,316,316,332
2009-06-22,499,316,316,332
2009-06-23,499,316,316,332
2009-06-24,499,316,316,332
2009-06-25,499,316,316,332
2009-06-26,498,315,315,331
2009-06-29,498,315,315,331
2009-06-30,499,316,316,332
2009-07-01,499,318,318,334
2009-07-02,499,318,318,334
2009-07-06,499,318,318,334
2009-07-07,499,318,318,334
2009-07-08,499,318,318,334
2009-07-09,499,318,318,334
2009-07-10,499,318,318,334
2009-07-13,499,318,318,334
2009-07-14,499,318,318,334
2009-07-15,499,318,318,334
2009-07-16,499,318,318,334
2009-07-17,499,318,318,334
2009-07-20,499,318,318,334
2009-07-21,499,318,318,334
2009-07-22,499,318,318,334
2009-07-23,499,318,318,334
2009-07-24,499,318,318,334
2009-07-27,499,318,318,334
2009-07-28,499,318,318,334
2009-07-29,499,318,318,334
2009-07-30,499,318,318,334
2009-07-31,499,318,318,334
2009-08-03,499,318,318,334
2009-08-04,499,318,318,334
2009-08-05,499,318,318,334
2009-08-06,499,318,318,334
2009-08-07,499,318,318,334
2009-08-10,499,318,318,334
2009-08-11,499,318,318,334
2009-08-12,499,318,318,334
2009-08-13,499,318,318,334
2009-08-14,499,318,318,334
2009-08-17,499,318,318,334
2009-08-18,499,318,318,334
2009-08-19,499,319,319,335
2009-08-20,499,319,319,335
2009-08-21,499,319,319,335
2009-08-24,499,319,319,335
2009-08-25,499,319,319,335
2009-08-26,499,319,319,335
2009-08-27,499,319,319,335
2009-08-28,499,319,319,335
2009-08-31,499,319,319,335
2009-09-01,499,318,318,334
2009-09-02,499,318,318,334
2009-09-03,499,318,318,334
2009-09-04,499,318,318,334
2009-09-08,499,318,318,334
2009-09-09,499,318,318,334
2009-09-10,499,318,318,334
2009-09-11,499,318,318,334
2009-09-14,499,318,318,334
2009-09-15,499,318,318,334
2009-09-16,499,318,318,334
2009-09-17,499,318,318,334
2009-09-18,499,318,318,334
2009-09-21,499,318,318,334
2009-09-22,499,318,318,334
2009-09-23,499,318,318,334
2009-09-24,499,318,318,334
2009-09-25,499,318,318,334
2009-09-28,499,318,318,334
2009-09-29,499,318,318,334
2009-09-30,499,318,318,334
2009-10-01,499,318,318,334
2009-10-02,499,318,318,334
2009-10-05,499,318,318,334
2009-10-06,499,317,317,333
2009-10-07,499,318,318,334
2009-10-08,499,317,317,333
2009-10-09,499,318,318,334
2009-10-12,499,317,317,333
2009-10-13,499,317,317,333
2009-10-14,499,318,318,334
2009-10-15,499,317,317,333
2009-10-16,499,319,319,335
2009-10-19,499,319,319,335
2009-10-20,499,319,319,335
2009-10-21,499,319,319,335
2009-10-22,499,319,319,335
2009-10-23,499,319,319,335
2009-10-26,499,318,318,334
2009-10-27,499,318,318,334
2009-10-28,499,318,318,334
2009-10-29,499,319,319,335
2009-10-30,499,319,319,335
2009-11-02,499,319,319,335
2009-11-03,499,319,319,335
2009-11-04,498,318,318,334
2009-11-05,498,319,319,335
2009-11-06,499,319,319,335
2009-11-09,499,319,319,335
2009-11-10,499,320,320,336
2009-11-11,499,320,320,336
2009-11-12,499,320,320,336
2009-11-13,499,319,319,335
2009-11-16,499,320,320,336
2009-11-17,499,319,319,335
2009-11-18,499,320,320,336
2009-11-19,499,320,320,336
2009-11-20,499,320,320,336
2009-11-23,499,320,320,336
2009-11-24,499,320,320,336
2009-11-25,499,320,320,336
2009-11-27,499,320,320,336
2009-11-30,499,320,320,336
2009-12-01,499,320,320,336
2009-12-02,499,320,320,336
2009-12-03,499,320,320,336
2009-12-04,499,320,320,336
2009-12-07,499,320,320,336
2009-12-08,499,320,320,336
2009-12-09,499,320,320,336
2009-12-10,499,320,320,336
2009-12-11,499,320,320,336
2009-12-14,499,320,320,336
2009-12-15,499,320,320,336
2009-12-16,499,320,320,336
2009-12-17,499,320,320,336
2009-12-18,499,320,320,336
2009-12-21,499,321,321,337
2009-12-22,499,321,321,337
2009-12-23,499,322,322,338
2009-12-24,499,322,322,338
2009-12-28,499,321,321,337
2009-12-29,499,322,322,338
2009-12-30,499,321,321,337
2009-12-31,499,322,322,338
2010-01-04,499,322,322,338
2010-01-05,499,322,322,338
2010-01-06,499,322,322,338
2010-01-07,499,322,322,338
2010-01-08,499,322,322,338
2010-01-11,499,322,322,338
2010-01-12,499,322,322,338
2010-01-13,499,322,322,338
2010-01-14,499,322,322,338
2010-01-15,499,321,321,337
2010-01-19,499,322,322,338
2010-01-20,499,322,322,338
2010-01-21,499,322,322,338
2010-01-22,499,322,322,338
2010-01-25,499,322,322,338
2010-01-26,499,322,322,338
2010-01-27,498,322,322,338
2010-01-28,498,322,322,338
2010-01-29,499,323,323,339
2010-02-01,499,323,323,339
2010-02-02,499,323,323,339
2010-02-03,499,323,323,339
2010-02-04,499,323,323,339
2010-02-05,499,323,323,339
2010-02-08,499,323,323,339
2010-02-09,499,324,324,340
2010-02-10,499,324,324,340
2010-02-11,499,324,324,340
2010-02-12,499,324,324,340
2010-02-16,499,325,325,341
2010-02-17,499,325,325,341
2010-02-18,499,325,325,341
2010-02-19,499,325,325,341
2010-02-22,499,326,326,342
2010-02-23,499,326,326,342
2010-02-24,499,326,326,342
2010-02-25,499,326,326,342
2010-02-26,498,326,326,342
2010-03-01,499,327,327,343
2010-03-02,499,327,327,343
2010-03-03,499,327,327,343
2010-03-04,499,327,327,343
2010-03-05,499,327,327,343
2010-03-08,499,327,327,343
2010-03-09,499,327,327,343
2010-03-10,499,327,327,343
2010-03-11,499,327,327,343
2010-03-12,499,327,327,343
2010-03-15,499,328,328,344
2010-03-16,499,328,328,344
2010-03-17,499,328,328,344
2010-03-18,499,328,328,344
2010-03-19,499,328,328,344
2010-03-22,499,328,328,344
2010-03-23,499,328,328,344
2010-03-24,499,328,328,344
2010-03-25,499,328,328,344
2010-03-26,499,328,328,344
2010-03-29,499,328,328,344
2010-03-30,499,328,328,344
2010-03-31,499,328,328,344
2010-04-01,499,328,328,344
2010-04-05,499,327,327,343
2010-04-06,499,327,327,343
2010-04-07,499,328,328,344
2010-04-08,499,328,328,344
2010-04-09,499,328,328,344
2010-04-12,499,328,328,344
2010-04-13,499,328,328,344
2010-04-14,499,328,328,344
2010-04-15,499,328,328,344
2010-04-16,499,328,328,344
2010-04-19,499,328,328,344
2010-04-20,499,328,328,344
2010-04-21,499,328,328,344
2010-04-22,499,328,328,344
2010-04-23,499,328,328,344
2010-04-26,499,328,328,344
2010-04-27,499,328,328,344
2010-04-28,499,328,328,344
2010-04-29,498,328,328,344
2010-04-30,499,328,328,344
2010-05-03,499,328,328,344
2010-05-04,499,328,328,344
2010-05-05,499,328,328,344
2010-05-06,499,328,328,344
2010-05-07,499,328,328,344
2010-05-10,499,327,327,343
2010-05-11,499,328,328,344
2010-05-12,499,328,328,344
2010-05-13,499,328,328,344
2010-05-14,499,328,328,344
2010-05-17,499,328,328,344
2010-05-18,499,328,328,344
2010-05-19,499,328,328,344
2010-05-20,499,328,328,344
2010-05-21,499,328,328,344
2010-05-24,499,327,327,343
2010-05-25,499,328,328,344
2010-05-26,499,328,328,344
2010-05-27,499,328,328,344
2010-05-28,499,328,328,344
2010-06-01,499,328,328,344
2010-06-02,499,328,328,344
2010-06-03,499,328,328,344
2010-06-04,499,328,328,344
2010-06-07,499,328,328,344
2010-06-08,499,328,328,344
2010-06-09,499,328,328,344
2010-06-10,499,328,328,344
2010-06-11,499,328,328,344
2010-06-14,499,328,328,344
2010-06-15,499,328,328,344
2010-06-16,499,328,328,344
2010-06-17,499,328,328,344
2010-06-18,499,328,328,344
2010-06-21,499,327,327,343
2010-06-22,499,328,328,344
2010-06-23,499,328,328,344
2010-06-24,499,328,328,344
2010-06-25,499,328,328,344
2010-06-28,499,329,329,345
2010-06-29,499,329,329,345
2010-06-30,499,329,329,345
2010-07-01,499,328,328,344
2010-07-02,499,329,329,345
2010-07-06,499,329,329,345
2010-07-07,499,329,329,345
2010-07-08,499,329,329,345
2010-07-09,499,329,329,345
2010-07-12,499,328,328,344
2010-07-13,499,329,329,345
2010-07-14,499,329,329,345
2010-07-15,498,329,329,345
2010-07-16,498,329,329,345
2010-07-19,498,329,329,345
2010-07-20,498,329,329,345
2010-07-21,498,329,329,345
2010-07-22,498,329,329,345
2010-07-23,498,329,329,345
2010-07-26,498,329,329,345
2010-07-27,498,329,329,345
2010-07-28,498,329,329,345
2010-07-29,498,329,329,345
2010-07-30,498,329,329,345
2010-08-02,498,328,328,344
2010-08-03,498,329,329,345
2010-08-04,498,329,329,345
2010-08-05,498,329,329,345
2010-08-06,498,329,329,345
2010-08-09,498,329,329,345
2010-08-10,498,329,329,345
2010-08-11,498,329,329,345
2010-08-12,498,329,329,345
2010-08-13,498,329,329,345
2010-08-16,498,329,329,345
2010-08-17,498,329,329,345
2010-08-18,498,329,329,345
2010-08-19,498,329,329,345
2010-08-20,498,329,329,345
2010-08-23,498,329,329,345
2010-08-24,498,329,329,345
2010-08-25,498,329,329,345
2010-08-26,498,329,329,345
2010-08-27,497,328,328,344
2010-08-30,497,328,328,344
2010-08-31,497,328,328,344
2010-09-01,497,328,328,344
2010-09-02,497,328,328,344
2010-09-03,497,328,328,344
2010-09-07,497,328,328,344
2010-09-08,497,328,328,344
2010-09-09,497,328,328,344
2010-09-10,497,328,328,344
2010-09-13,497,328,328,344
2010-09-14,497,328,328,344
2010-09-15,497,328,328,344
2010-09-16,497,328,328,344
2010-09-17,497,328,328,344
2010-09-20,497,328,328,344
2010-09-21,497,328,328,344
2010-09-22,497,328,328,344
2010-09-23,497,328,328,344
2010-09-24,497,328,328,344
2010-09-27,497,328,328,344
2010-09-28,497,328,328,344
2010-09-29,497,328,328,344
2010-09-30,497,328,328,344
2010-10-01,497,328,328,344
2010-10-04,497,328,328,344
2010-10-05,497,328,328,344
2010-10-06,497,328,328,344
2010-10-07,497,328,328,344
2010-10-08,497,328,328,344
2010-10-11,497,327,327,343
2010-10-12,497,328,328,344
2010-10-13,497,328,328,344
2010-10-14,497,328,328,344
2010-10-15,497,328,328,344
2010-10-18,497,328,328,344
2010-10-19,497,328,328,344
2010-10-20,497,328,328,344
2010-10-21,497,328,328,344
2010-10-22,497,328,328,344
2010-10-25,497,328,328,344
2010-10-26,497,328,328,344
2010-10-27,497,328,328,344
2010-10-28,497,328,328,344
2010-10-29,497,328,328,344
2010-11-01,497,328,328,344
2010-11-02,497,328,328,344
2010-11-03,497,328,328,344
2010-11-04,497,328,328,344
2010-11-05,497,328,328,344
2010-11-08,497,328,328,344
2010-11-09,497,328,328,344
2010-11-10,497,328,328,344
2010-11-11,497,328,328,344
2010-11-12,497,328,328,344
2010-11-15,497,328,328,344
2010-11-16,497,328,328,344
2010-11-17,497,328,328,344
2010-11-18,497,328,328,344
2010-11-19,497,328,328,344
2010-11-22,497,328,328,344
2010-11-23,497,328,328,344
2010-11-24,497,328,328,344
2010-11-26,497,328,328,344
2010-11-29,497,328,328,344
2010-11-30,497,328,328,344
2010-12-01,497,328,328,344
2010-12-02,497,328,328,344
2010-12-03,497,328,328,344
2010-12-06,497,328,328,344
2010-12-07,497,328,328,344
2010-12-08,497,328,328,344
2010-12-09,497,328,328,344
2010-12-10,497,328,328,344
2010-12-13,497,328,328,344
2010-12-14,497,328,328,344
2010-12-15,497,328,328,344
2010-12-16,497,328,328,344
2010-12-17,497,328,328,344
2010-12-20,497,328,328,344
2010-12-21,497,328,328,344
2010-12-22,497,328,328,344
2010-12-23,497,328,328,344
2010-12-27,497,327,327,343
2010-12-28,497,327,327,343
2010-12-29,497,328,328,344
2010-12-30,497,328,328,344
2010-12-31,497,328,328,344
2011-01-03,497,327,327,343
2011-01-04,497,328,328,344
2011-01-05,497,328,328,344
2011-01-06,497,328,328,344
2011-01-07,497,328,328,344
2011-01-10,497,328,328,344
2011-01-11,497,328,328,344
2011-01-12,497,328,328,344
2011-01-13,497,328,328,344
2011-01-14,497,328,328,344
2011-01-18,497,328,328,344
2011-01-19,497,327,327,343
2011-01-20,497,328,328,344
2011-01-21,497,328,328,344
2011-01-24,497,328,328,344
2011-01-25,497,328,328,344
2011-01-26,497,328,328,344
2011-01-27,497,328,328,344
2011-01-28,497,328,328,344
2011-01-31,497,328,328,344
2011-02-01,497,328,328,344
2011-02-02,497,328,328,344
2011-02-03,497,328,328,344
2011-02-04,497,328,328,344
2011-02-07,497,328,328,344
2011-02-08,497,328,328,344
2011-02-09,497,328,328,344
2011-02-10,497,328,328,344
2011-02-11,497,328,328,344
2011-02-14,497,328,328,344
2011-02-15,497,328,328,344
2011-02-16,497,328,328,344
2011-02-17,497,328,328,344
2011-02-18,497,328,328,344
2011-02-22,497,328,328,344
2011-02-23,497,328,328,344
2011-02-24,497,328,328,344
2011-02-25,497,328,328,344
2011-02-28,497,328,328,344
2011-03-01,497,328,328,344
2011-03-02,497,328,328,344
2011-03-03,497,328,328,344
2011-03-04,497,328,328,344
2011-03-07,497,328,328,344
2011-03-08,497,327,327,343
2011-03-09,497,328,328,344
2011-03-10,497,328,328,344
2011-03-11,497,328,328,344
2011-03-14,497,328,328,344
2011-03-15,497,328,328,344
2011-03-16,497,328,328,344
2011-03-17,497,328,328,344
2011-03-18,497,328,328,344
2011-03-21,497,328,328,344
2011-03-22,497,328,328,344
2011-03-23,497,328,328,344
2011-03-24,497,328,328,344
2011-03-25,497,328,328,344
2011-03-28,497,328,328,344
2011-03-29,497,328,328,344
2011-03-30,497,328,328,344
2011-03-31,497,328,328,344
2011-04-01,497,329,329,345
2011-04-04,497,329,329,345
2011-04-05,497,329,329,345
2011-04-06,497,329,329,345
2011-04-07,497,329,329,345
2011-04-08,497,329,329,345
2011-04-11,497,329,329,345
2011-04-12,497,329,329,345
2011-04-13,497,329,329,345
2011-04-14,497,329,329,345
2011-04-15,497,329,329,345
2011-04-18,497,329,329,345
2011-04-19,497,329,329,345
2011-04-20,497,329,329,345
2011-04-21,497,329,329,345
2011-04-25,497,329,329,345
2011-04-26,497,329,329,345
2011-04-27,497,329,329,345
2011-04-28,497,330,330,346
2011-04-29,497,330,330,346
2011-05-02,497,330,330,346
2011-05-03,497,330,330,346
2011-05-04,497,330,330,346
2011-05-05,497,330,330,346
2011-05-06,497,330,330,346
2011-05-09,497,330,330,346
2011-05-10,497,330,330,346
2011-05-11,497,330,330,346
2011-05-12,497,330,330,346
2011-05-13,497,330,330,346
2011-05-16,497,330,330,346
2011-05-17,497,330,330,346
2011-05-18,497,330,330,346
2011-05-19,497,330,330,346
2011-05-20,497,330,330,346
2011-05-23,497,329,329,345
2011-05-24,497,330,330,346
2011-05-25,497,330,330,346
2011-05-26,497,330,330,346
2011-05-27,497,330,330,346
2011-05-31,497,330,330,346
2011-06-01,497,330,330,346
2011-06-02,497,330,330,346
2011-06-03,497,330,330,346
2011-06-06,497,330,330,346
2011-06-07,497,330,330,346
2011-06-08,497,330,330,346
2011-06-09,497,330,330,346
2011-06-10,497,330,330,346
2011-06-13,497,330,330,346
2011-06-14,497,330,330,346
2011-06-15,497,330,330,346
2011-06-16,497,330,330,346
2011-06-17,497,330,330,346
2011-06-20,497,330,330,346
2011-06-21,497,330,330,346
2011-06-22,497,330,330,346
2011-06-23,497,330,330,346
2011-06-24,497,330,330,346
2011-06-27,497,330,330,346
2011-06-28,497,329,329,345
2011-06-29,497,330,330,346
2011-06-30,497,330,330,346
2011-07-01,497,330,330,346
2011-07-05,497,331,331,347
2011-07-06,497,332,332,348
2011-07-07,497,332,332,348
2011-07-08,497,332,332,348
2011-07-11,497,332,332,348
2011-07-12,497,332,332,348
2011-07-13,497,332,332,348
2011-07-14,497,332,332,348
2011-07-15,497,332,332,348
2011-07-18,497,332,332,348
2011-07-19,497,332,332,348
2011-07-20,497,332,332,348
2011-07-21,497,332,332,348
2011-07-22,497,332,332,348
2011-07-25,497,332,332,348
2011-07-26,497,332,332,348
2011-07-27,497,332,332,348
2011-07-28,497,332,332,348
2011-07-29,497,332,332,348
2011-08-01,497,331,331,347
2011-08-02,497,332,332,348
2011-08-03,497,332,332,348
2011-08-04,497,332,332,348
2011-08-05,497,332,332,348
2011-08-08,497,332,332,348
2011-08-09,497,332,332,348
2011-08-10,497,332,332,348
2011-08-11,497,332,332,348
2011-08-12,497,332,332,348
2011-08-15,497,332,332,348
2011-08-16,497,332,332,348
2011-08-17,497,332,332,348
2011-08-18,497,332,332,348
2011-08-19,497,332,332,348
2011-08-22,497,332,332,348
2011-08-23,497,332,332,348
2011-08-24,497,331,331,347
2011-08-25,497,332,332,348
2011-08-26,497,332,332,348
2011-08-29,497,332,332,348
2011-08-30,497,332,332,348
2011-08-31,497,332,332,348
2011-09-01,497,332,332,348
2011-09-02,497,332,332,348
2011-09-06,497,332,332,348
2011-09-07,497,332,332,348
2011-09-08,497,332,332,348
2011-09-09,497,332,332,348
2011-09-12,497,332,332,348
2011-09-13,497,332,332,348
2011-09-14,497,332,332,348
2011-09-15,497,332,332,348
2011-09-16,497,332,332,348
2011-09-19,497,332,332,348
2011-09-20,497,332,332,348
2011-09-21,497,331,331,347
2011-09-22,497,332,332,348
2011-09-23,497,332,332,348
2011-09-26,497,333,333,349
2011-09-27,497,333,333,349
2011-09-28,497,333,333,349
2011-09-29,497,333,333,349
2011-09-30,497,333,333,349
2011-10-03,497,333,333,349
2011-10-04,497,332,332,348
2011-10-05,497,333,333,349
2011-10-06,497,333,333,349
2011-10-07,497,333,333,349
2011-10-10,497,332,332,348
2011-10-11,497,333,333,349
2011-10-12,497,333,333,349
2011-10-13,497,332,332,348
2011-10-14,496,333,333,349
2011-10-17,497,334,334,350
2011-10-18,497,334,334,350
2011-10-19,497,334,334,350
2011-10-20,497,334,334,350
2011-10-21,497,334,334,350
2011-10-24,497,334,334,350
2011-10-25,497,334,334,350
2011-10-26,497,334,334,350
2011-10-27,497,334,334,350
2011-10-28,497,334,334,350
2011-10-31,497,334,334,350
2011-11-01,497,334,334,350
2011-11-02,497,334,334,350
2011-11-03,497,334,334,350
2011-11-04,497,334,334,350
2011-11-07,497,334,334,350
2011-11-08,497,334,334,350
2011-11-09,497,334,334,350
2011-11-10,497,334,334,350
2011-11-11,497,334,334,350
2011-11-14,497,334,334,350
2011-11-15,497,334,334,350
2011-11-16,497,334,334,350
2011-11-17,497,334,334,350
2011-11-18,497,334,334,350
2011-11-21,497,334,334,350
2011-11-22,497,334,334,350
2011-11-23,497,334,334,350
2011-11-25,497,334,334,350
2011-11-28,497,334,334,350
2011-11-29,497,334,334,350
2011-11-30,497,334,334,350
2011-12-01,497,334,334,350
2011-12-02,497,334,334,350
2011-12-05,497,334,334,350
2011-12-06,497,334,334,350
2011-12-07,497,334,334,350
2011-12-08,497,334,334,350
2011-12-09,497,334,334,350
2011-12-12,496,334,334,350
2011-12-13,497,334,334,350
2011-12-14,497,334,334,350
2011-12-15,497,334,334,350
2011-12-16,497,334,334,350
2011-12-19,497,337,337,353
2011-12-20,497,337,337,353
2011-12-21,497,338,338,354
2011-12-22,497,338,338,354
2011-12-23,497,338,338,354
2011-12-27,497,338,338,354
2011-12-28,497,338,338,354
2011-12-29,497,338,338,354
2011-12-30,497,338,338,354
2012-01-03,497,337,337,353
2012-01-04,497,337,337,353
2012-01-05,497,337,337,353
2012-01-06,497,337,337,353
2012-01-09,497,337,337,353
2012-01-10,497,337,337,353
2012-01-11,497,337,337,353
2012-01-12,497,337,337,353
2012-01-13,497,337,337,353
2012-01-17,497,337,337,353
2012-01-18,497,337,337,353
2012-01-19,497,337,337,353
2012-01-20,497,337,337,353
2012-01-23,497,337,337,353
2012-01-24,497,337,337,353
2012-01-25,497,337,337,353
2012-01-26,497,337,337,353
2012-01-27,497,337,337,353
2012-01-30,497,337,337,353
2012-01-31,497,337,337,353
2012-02-01,497,337,337,353
2012-02-02,497,337,337,353
2012-02-03,497,337,337,353
2012-02-06,497,337,337,353
2012-02-07,497,337,337,353
2012-02-08,497,337,337,353
2012-02-09,497,337,337,353
2012-02-10,497,337,337,353
2012-02-13,497,337,337,353
2012-02-14,497,337,337,353
2012-02-15,497,337,337,353
2012-02-16,497,337,337,353
2012-02-17,497,337,337,353
2012-02-21,497,337,337,353
2012-02-22,497,337,337,353
2012-02-23,497,337,337,353
2012-02-24,497,337,337,353
2012-02-27,497,337,337,353
2012-02-28,497,337,337,353
2012-02-29,497,337,337,353
2012-03-01,497,337,337,353
2012-03-02,497,337,337,353
2012-03-05,497,337,337,353
2012-03-06,497,337,337,353
2012-03-07,497,337,337,353
2012-03-08,497,337,337,353
2012-03-09,497,337,337,353
2012-03-12,497,337,337,353
2012-03-13,497,338,338,354
2012-03-14,497,338,338,354
2012-03-15,497,338,338,354
2012-03-16,497,338,338,354
2012-03-19,497,338,338,354
2012-03-20,497,338,338,354
2012-03-21,497,338,338,354
2012-03-22,497,338,338,354
2012-03-23,497,338,338,354
2012-03-26,497,338,338,354
2012-03-27,497,338,338,354
2012-03-28,497,338,338,354
2012-03-29,497,338,338,354
2012-03-30,497,338,338,354
2012-04-02,496,338,338,354
2012-04-03,496,338,338,354
2012-04-04,497,339,339,355
2012-04-05,497,339,339,355
2012-04-09,497,339,339,355
2012-04-10,497,339,339,355
2012-04-11,497,339,339,355
2012-04-12,497,339,339,355
2012-04-13,497,339,339,355
2012-04-16,497,339,339,355
2012-04-17,497,339,339,355
2012-04-18,497,339,339,355
2012-04-19,497,339,339,355
2012-04-20,497,339,339,355
2012-04-23,497,339,339,355
2012-04-24,497,339,339,355
2012-04-25,497,339,339,355
2012-04-26,497,339,339,355
2012-04-27,497,339,339,355
2012-04-30,497,339,339,355
2012-05-01,497,340,340,356
2012-05-02,497,340,340,356
2012-05-03,497,340,340,356
2012-05-04,497,340,340,356
2012-05-07,497,340,340,356
2012-05-08,497,340,340,356
2012-05-09,497,340,340,356
2012-05-10,497,340,340,356
2012-05-11,497,340,340,356
2012-05-14,497,340,340,356
2012-05-15,497,340,340,356
2012-05-16,497,340,340,356
2012-05-17,497,340,340,356
2012-05-18,497,340,340,356
2012-05-21,497,340,340,356
2012-05-22,496,340,340,356
2012-05-23,496,340,340,356
2012-05-24,496,340,340,356
2012-05-25,497,340,340,356
2012-05-29,497,340,340,356
2012-05-30,497,340,340,356
2012-05-31,497,340,340,356
2012-06-01,497,340,340,356
2012-06-04,497,340,340,356
2012-06-05,497,341,341,357
2012-06-06,497,341,341,357
2012-06-07,497,341,341,357
2012-06-08,497,341,341,357
2012-06-11,497,341,341,357
2012-06-12,497,341,341,357
2012-06-13,497,341,341,357
2012-06-14,497,341,341,357
2012-06-15,497,341,341,357
2012-06-18,497,341,341,357
2012-06-19,497,341,341,357
2012-06-20,497,341,341,357
2012-06-21,497,341,341,357
2012-06-22,497,341,341,357
2012-06-25,497,341,341,357
2012-06-26,497,341,341,357
2012-06-27,497,341,341,357
2012-06-28,497,341,341,357
2012-06-29,497,342,342,358
2012-07-02,497,343,343,359
2012-07-03,497,343,343,359
2012-07-05,497,343,343,359
2012-07-06,497,343,343,359
2012-07-09,497,343,343,359
2012-07-10,497,343,343,359
2012-07-11,497,343,343,359
2012-07-12,497,343,343,359
2012-07-13,497,343,343,359
2012-07-16,497,343,343,359
2012-07-17,497,343,343,359
2012-07-18,497,343,343,359
2012-07-19,497,343,343,359
2012-07-20,497,343,343,359
2012-07-23,497,343,343,359
2012-07-24,497,343,343,359
2012-07-25,497,343,343,359
2012-07-26,497,343,343,359
2012-07-27,496,342,342,358
2012-07-30,496,342,342,358
2012-07-31,497,342,342,358
2012-08-01,497,342,342,358
2012-08-02,497,342,342,358
2012-08-03,497,342,342,358
2012-08-06,497,342,342,358
2012-08-07,497,342,342,358
2012-08-08,497,342,342,358
2012-08-09,497,342,342,358
2012-08-10,497,342,342,358
2012-08-13,497,342,342,358
2012-08-14,497,342,342,358
2012-08-15,497,342,342,358
2012-08-16,497,342,342,358
2012-08-17,497,342,342,358
2012-08-20,497,342,342,358
2012-08-21,497,342,342,358
2012-08-22,497,342,342,358
2012-08-23,497,342,342,358
2012-08-24,497,342,342,358
2012-08-27,497,342,342,358
2012-08-28,497,342,342,358
2012-08-29,497,342,342,358
2012-08-30,497,342,342,358
2012-08-31,497,342,342,358
2012-09-04,497,342,342,358
2012-09-05,497,343,343,359
2012-09-06,497,343,343,359
2012-09-07,497,343,343,359
2012-09-10,497,343,343,359
2012-09-11,497,343,343,359
2012-09-12,497,343,343,359
2012-09-13,497,343,343,359
2012-09-14,497,343,343,359
2012-09-17,497,343,343,359
2012-09-18,497,343,343,359
2012-09-19,497,343,343,359
2012-09-20,497,344,344,360
2012-09-21,497,344,344,360
2012-09-24,497,344,344,360
2012-09-25,497,344,344,360
2012-09-26,497,344,344,360
2012-09-27,497,344,344,360
2012-09-28,497,344,344,360
2012-10-01,496,345,345,361
2012-10-02,497,345,345,361
2012-10-03,497,345,345,361
2012-10-04,497,345,345,361
2012-10-05,497,344,344,360
2012-10-08,497,344,344,360
2012-10-09,497,344,344,360
2012-10-10,497,344,344,360
2012-10-11,497,344,344,360
2012-10-12,497,344,344,360
2012-10-15,497,344,344,360
2012-10-16,497,344,344,360
2012-10-17,497,344,344,360
2012-10-18,497,344,344,360
2012-10-19,497,344,344,360
2012-10-22,497,344,344,360
2012-10-23,497,344,344,360
2012-10-24,497,344,344,360
2012-10-25,497,344,344,360
2012-10-26,497,344,344,360
2012-10-31,497,344,344,360
2012-11-01,497,344,344,360
2012-11-02,497,344,344,360
2012-11-05,497,344,344,360
2012-11-06,497,344,344,360
2012-11-07,497,344,344,360
2012-11-08,497,344,344,360
2012-11-09,497,344,344,360
2012-11-12,497,344,344,360
2012-11-13,497,344,344,360
2012-11-14,497,344,344,360
2012-11-15,497,344,344,360
2012-11-16,497,344,344,360
2012-11-19,497,344,344,360
2012-11-20,497,344,344,360
2012-11-21,497,344,344,360
2012-11-23,497,344,344,360
2012-11-26,497,344,344,360
2012-11-27,497,344,344,360
2012-11-28,497,344,344,360
2012-11-29,497,344,344,360
2012-11-30,497,344,344,360
2012-12-03,497,345,345,361
2012-12-04,497,345,345,361
2012-12-05,497,345,345,361
2012-12-06,497,345,345,361
2012-12-07,497,345,345,361
2012-12-10,497,345,345,361
2012-12-11,497,345,345,361
2012-12-12,497,346,346,362
2012-12-13,497,346,346,362
2012-12-14,497,346,346,362
2012-12-17,497,346,346,362
2012-12-18,497,346,346,362
2012-12-19,497,346,346,362
2012-12-20,497,346,346,362
2012-12-21,497,346,346,362
2012-12-24,497,347,347,363
2012-12-26,497,347,347,363
2012-12-27,497,347,347,363
2012-12-28,497,347,347,363
2012-12-31,497,347,347,363
2013-01-02,497,348,348,364
2013-01-03,497,348,348,364
2013-01-04,497,348,348,364
2013-01-07,497,348,348,364
2013-01-08,497,348,348,364
2013-01-09,497,348,348,364
2013-01-10,497,348,348,364
2013-01-11,497,348,348,364
2013-01-14,497,348,348,364
2013-01-15,497,348,348,364
2013-01-16,497,348,348,364
2013-01-17,497,348,348,364
2013-01-18,497,348,348,364
2013-01-22,497,348,348,364
2013-01-23,497,348,348,364
2013-01-24,497,348,348,364
2013-01-25,497,348,348,364
2013-01-28,497,348,348,364
2013-01-29,497,348,348,364
2013-01-30,497,348,348,364
2013-01-31,497,348,348,364
2013-02-01,497,348,348,364
2013-02-04,497,348,348,364
2013-02-05,497,348,348,364
2013-02-06,497,348,348,364
2013-02-07,497,348,348,364
2013-02-08,497,348,348,364
2013-02-11,497,348,348,364
2013-02-12,497,348,348,364
2013-02-13,497,348,348,364
2013-02-14,497,349,349,365
2013-02-15,497,349,349,365
2013-02-19,497,349,349,365
2013-02-20,497,349,349,365
2013-02-21,497,349,349,365
2013-02-22,497,349,349,365
2013-02-25,497,349,349,365
2013-02-26,497,349,349,365
2013-02-27,497,349,349,365
2013-02-28,497,349,349,365
2013-03-01,497,349,349,365
2013-03-04,497,349,349,365
2013-03-05,497,349,349,365
2013-03-06,497,349,349,365
2013-03-07,497,349,349,365
2013-03-08,497,349,349,365
2013-03-11,497,349,349,365
2013-03-12,497,349,349,365
2013-03-13,497,349,349,365
2013-03-14,497,349,349,365
2013-03-15,497,349,349,365
2013-03-18,497,349,349,365
2013-03-19,497,349,349,365
2013-03-20,497,349,349,365
2013-03-21,497,349,349,365
2013-03-22,497,349,349,365
2013-03-25,497,349,349,365
2013-03-26,497,349,349,365
2013-03-27,497,349,349,365
2013-03-28,497,349,349,365
2013-04-01,497,349,349,365
2013-04-02,497,349,349,365
2013-04-03,497,349,349,365
2013-04-04,497,349,349,365
2013-04-05,497,349,349,365
2013-04-08,497,349,349,365
2013-04-09,497,349,349,365
2013-04-10,497,349,349,365
2013-04-11,497,349,349,365
2013-04-12,497,349,349,365
2013-04-15,497,349,349,365
2013-04-16,497,349,349,365
2013-04-17,497,349,349,365
2013-04-18,497,349,349,365
2013-04-19,497,349,349,365
2013-04-22,497,349,349,365
2013-04-23,497,349,349,365
2013-04-24,497,349,349,365
2013-04-25,497,349,349,365
2013-04-26,497,349,349,365
2013-04-29,497,349,349,365
2013-04-30,497,349,349,365
2013-05-01,497,349,349,365
2013-05-02,497,349,349,365
2013-05-03,497,349,349,365
2013-05-06,497,349,349,365
2013-05-07,496,349,349,365
2013-05-08,496,349,349,365
2013-05-09,497,350,350,366
2013-05-10,497,350,350,366
2013-05-13,497,350,350,366
2013-05-14,497,350,350,366
2013-05-15,497,350,350,366
2013-05-16,497,350,350,366
2013-05-17,497,350,350,366
2013-05-20,497,350,350,366
2013-05-21,497,350,350,366
2013-05-22,497,350,350,366
2013-05-23,497,350,350,366
2013-05-24,497,350,350,366
2013-05-28,497,350,350,366
2013-05-29,497,350,350,366
2013-05-30,497,350,350,366
2013-05-31,497,350,350,366
2013-06-03,497,350,350,366
2013-06-04,497,350,350,366
2013-06-05,497,350,350,366
2013-06-06,497,350,350,366
2013-06-07,497,351,351,367
2013-06-10,497,351,351,367
2013-06-11,497,351,351,367
2013-06-12,497,351,351,367
2013-06-13,497,351,351,367
2013-06-14,497,351,351,367
2013-06-17,497,351,351,367
2013-06-18,497,351,351,367
2013-06-19,497,351,351,367
2013-06-20,497,351,351,367
2013-06-21,497,351,351,367
2013-06-24,497,351,351,367
2013-06-25,497,351,351,367
2013-06-26,497,351,351,367
2013-06-27,497,351,351,367
2013-06-28,497,351,351,367
2013-07-01,497,352,352,368
2013-07-02,497,352,352,368
2013-07-03,497,352,352,368
2013-07-05,497,352,352,368
2013-07-08,497,352,352,368
2013-07-09,497,352,352,368
2013-07-10,497,352,352,368
2013-07-11,497,352,352,368
2013-07-12,497,352,352,368
2013-07-15,497,352,352,368
2013-07-16,497,352,352,368
2013-07-17,497,352,352,368
2013-07-18,497,352,352,368
2013-07-19,497,352,352,368
2013-07-22,497,352,352,368
2013-07-23,497,352,352,368
2013-07-24,497,352,352,368
2013-07-25,497,352,352,368
2013-07-26,497,352,352,368
2013-07-29,497,352,352,368
2013-07-30,497,352,352,368
2013-07-31,497,352,352,368
2013-08-01,497,352,352,368
2013-08-02,497,352,352,368
2013-08-05,497,352,352,368
2013-08-06,497,352,352,368
2013-08-07,497,352,352,368
2013-08-08,497,352,352,368
2013-08-09,497,352,352,368
2013-08-12,497,352,352,368
2013-08-13,497,352,352,368
2013-08-14,497,352,352,368
2013-08-15,497,352,352,368
2013-08-16,497,352,352,368
2013-08-19,497,352,352,368
2013-08-20,497,352,352,368
2013-08-21,497,352,352,368
2013-08-22,497,352,352,368
2013-08-23,497,352,352,368
2013-08-26,497,352,352,368
2013-08-27,497,352,352,368
2013-08-28,497,352,352,368
2013-08-29,497,352,352,368
2013-08-30,497,352,352,368
2013-09-03,497,352,352,368
2013-09-04,497,352,352,368
2013-09-05,497,352,352,368
2013-09-06,497,352,352,368
2013-09-09,497,352,352,368
2013-09-10,497,352,352,368
2013-09-11,497,353,353,369
2013-09-12,497,353,353,369
2013-09-13,497,353,353,369
2013-09-16,497,353,353,369
2013-09-17,497,353,353,369
2013-09-18,497,353,353,369
2013-09-19,497,353,353,369
2013-09-20,497,353,353,369
2013-09-23,497,353,353,369
2013-09-24,497,353,353,369
2013-09-25,497,353,353,369
2013-09-26,497,353,353,369
2013-09-27,497,353,353,369
2013-09-30,497,353,353,369
2013-10-01,497,353,353,369
2013-10-02,497,353,353,369
2013-10-03,497,353,353,369
2013-10-04,497,353,353,369
2013-10-07,497,353,353,369
2013-10-08,497,353,353,369
2013-10-09,497,353,353,369
2013-10-10,497,353,353,369
2013-10-11,497,353,353,369
2013-10-14,497,353,353,369
2013-10-15,497,353,353,369
2013-10-16,497,353,353,369
2013-10-17,497,353,353,369
2013-10-18,497,353,353,369
2013-10-21,497,353,353,369
2013-10-22,497,353,353,369
2013-10-23,497,353,353,369
2013-10-24,497,353,353,369
2013-10-25,497,353,353,369
2013-10-28,497,353,353,369
2013-10-29,497,354,354,370
2013-10-30,497,354,354,370
2013-10-31,497,354,354,370
2013-11-01,497,354,354,370
2013-11-04,497,354,354,370
2013-11-05,497,354,354,370
2013-11-06,497,354,354,370
2013-11-07,497,354,354,370
2013-11-08,497,354,354,370
2013-11-11,497,354,354,370
2013-11-12,497,354,354,370
2013-11-13,497,354,354,370
2013-11-14,497,354,354,370
2013-11-15,497,354,354,370
2013-11-18,497,354,354,370
2013-11-19,497,354,354,370
2013-11-20,497,354,354,370
2013-11-21,497,354,354,370
2013-11-22,497,354,354,370
2013-11-25,497,354,354,370
2013-11-26,497,354,354,370
2013-11-27,497,354,354,370
2013-11-29,497,354,354,370
2013-12-02,497,355,355,371
2013-12-03,497,355,355,371
2013-12-04,497,355,355,371
2013-12-05,497,355,355,371
2013-12-06,497,355,355,371
2013-12-09,496,355,355,371
2013-12-10,497,355,355,371
2013-12-11,497,355,355,371
2013-12-12,497,355,355,371
2013-12-13,497,355,355,371
2013-12-16,497,355,355,371
2013-12-17,497,355,355,371
2013-12-18,497,355,355,371
2013-12-19,497,355,355,371
2013-12-20,497,355,355,371
2013-12-23,497,353,353,370
2013-12-24,497,353,353,370
2013-12-26,497,353,353,370
2013-12-27,497,353,353,370
2013-12-30,497,353,353,370
2013-12-31,497,353,353,370
2014-01-02,497,353,353,370
2014-01-03,497,353,353,370
2014-01-06,497,353,353,370
2014-01-07,497,353,353,370
2014-01-08,497,353,353,370
2014-01-09,497,353,353,370
2014-01-10,497,353,353,370
2014-01-13,497,353,353,370
2014-01-14,497,353,353,370
2014-01-15,497,353,353,370
2014-01-16,497,353,353,370
2014-01-17,497,353,353,370
2014-01-21,497,353,353,370
2014-01-22,497,353,353,370
2014-01-23,497,353,353,370
2014-01-24,497,354,354,371
2014-01-27,497,354,354,371
2014-01-28,497,354,354,371
2014-01-29,497,354,354,371
2014-01-30,497,354,354,371
2014-01-31,497,354,354,371
2014-02-03,497,354,354,371
2014-02-04,497,354,354,371
2014-02-05,497,354,354,371
2014-02-06,497,354,354,371
2014-02-07,497,354,354,371
2014-02-10,497,354,354,371
2014-02-11,497,354,354,371
2014-02-12,497,354,354,371
2014-02-13,497,354,354,371
2014-02-14,497,354,354,371
2014-02-18,497,354,354,371
2014-02-19,497,354,354,371
2014-02-20,497,354,354,371
2014-02-21,497,354,354,371
2014-02-24,497,354,354,371
2014-02-25,497,354,354,371
2014-02-26,497,354,354,371
2014-02-27,497,354,354,371
2014-02-28,497,354,354,371
2014-03-03,497,354,354,371
2014-03-04,497,354,354,371
2014-03-05,497,354,354,371
2014-03-06,497,354,354,371
2014-03-07,497,354,354,371
2014-03-10,497,354,354,371
2014-03-11,497,354,354,371
2014-03-12,497,354,354,371
2014-03-13,497,354,354,371
2014-03-14,497,354,354,371
2014-03-17,497,354,354,371
2014-03-18,497,354,354,371
2014-03-19,497,354,354,371
2014-03-20,497,354,354,371
2014-03-21,497,354,354,371
2014-03-24,497,354,354,371
2014-03-25,497,354,354,371
2014-03-26,497,354,354,371
2014-03-27,497,354,354,371
2014-03-28,497,354,354,371
2014-03-31,497,354,354,371
2014-04-01,497,354,354,371
2014-04-02,497,354,354,371
2014-04-03,498,355,355,372
2014-04-04,498,355,355,372
2014-04-07,498,355,355,372
2014-04-08,498,355,355,372
2014-04-09,498,355,355,372
2014-04-10,498,355,355,372
2014-04-11,498,355,355,372
2014-04-14,498,355,355,372
2014-04-15,498,355,355,372
2014-04-16,498,355,355,372
2014-04-17,498,355,355,372
2014-04-21,498,355,355,372
2014-04-22,498,355,355,372
2014-04-23,498,355,355,372
2014-04-24,498,355,355,372
2014-04-25,498,355,355,372
2014-04-28,498,355,355,372
2014-04-29,498,355,355,372
2014-04-30,498,355,355,372
2014-05-01,498,356,356,373
2014-05-02,498,356,356,373
2014-05-05,498,356,356,373
2014-05-06,498,356,356,373
2014-05-07,497,356,356,373
2014-05-08,498,357,357,374
2014-05-09,498,357,357,374
2014-05-12,498,357,357,374
2014-05-13,498,357,357,374
2014-05-14,498,357,357,374
2014-05-15,498,357,357,374
2014-05-16,498,357,357,374
2014-05-19,498,357,357,374
2014-05-20,498,357,357,374
2014-05-21,498,357,357,374
2014-05-22,498,357,357,374
2014-05-23,498,357,357,374
2014-05-27,498,357,357,374
2014-05-28,498,357,357,374
2014-05-29,498,357,357,374
2014-05-30,498,357,357,374
2014-06-02,498,357,357,374
2014-06-03,498,357,357,374
2014-06-04,498,357,357,374
2014-06-05,498,357,357,374
2014-06-06,498,357,357,374
2014-06-09,498,357,357,374
2014-06-10,498,357,357,374
2014-06-11,498,357,357,374
2014-06-12,498,357,357,374
2014-06-13,498,357,357,374
2014-06-16,498,357,357,374
2014-06-17,498,357,357,374
2014-06-18,498,357,357,374
2014-06-19,498,357,357,374
2014-06-20,498,357,357,374
2014-06-23,498,357,357,374
2014-06-24,498,357,357,374
2014-06-25,498,357,357,374
2014-06-26,498,357,357,374
2014-06-27,498,357,357,374
2014-06-30,498,357,357,374
2014-07-01,498,358,358,375
2014-07-02,498,359,359,376
2014-07-03,498,359,359,376
2014-07-07,498,359,359,376
2014-07-08,498,359,359,376
2014-07-09,498,359,359,376
2014-07-10,498,359,359,376
2014-07-11,498,359,359,376
2014-07-14,498,359,359,376
2014-07-15,498,359,359,376
2014-07-16,498,359,359,376
2014-07-17,498,359,359,376
2014-07-18,498,359,359,376
2014-07-21,498,359,359,376
2014-07-22,498,359,359,376
2014-07-23,498,359,359,376
2014-07-24,498,359,359,376
2014-07-25,498,359,359,376
2014-07-28,498,359,359,376
2014-07-29,498,359,359,376
2014-07-30,498,359,359,376
2014-07-31,498,359,359,376
2014-08-01,498,359,359,376
2014-08-04,498,359,359,376
2014-08-05,498,359,359,376
2014-08-06,498,359,359,376
2014-08-07,499,359,359,376
2014-08-08,499,359,359,376
2014-08-11,499,359,359,376
2014-08-12,499,359,359,376
2014-08-13,499,359,359,376
2014-08-14,499,359,359,376
2014-08-15,499,359,359,376
2014-08-18,499,359,359,376
2014-08-19,499,359,359,376
2014-08-20,499,359,359,376
2014-08-21,499,359,359,376
2014-08-22,499,359,359,376
2014-08-25,499,359,359,376
2014-08-26,499,359,359,376
2014-08-27,499,359,359,376
2014-08-28,499,359,359,376
2014-08-29,499,359,359,376
2014-09-02,499,359,359,376
2014-09-03,499,359,359,376
2014-09-04,499,359,359,376
2014-09-05,499,359,359,376
2014-09-08,499,359,359,376
2014-09-09,499,359,359,376
2014-09-10,499,359,359,376
2014-09-11,499,359,359,376
2014-09-12,499,359,359,376
2014-09-15,499,359,359,376
2014-09-16,499,359,359,376
2014-09-17,499,359,359,376
2014-09-18,499,359,359,376
2014-09-19,499,359,359,376
2014-09-22,499,360,360,377
2014-09-23,499,360,360,377
2014-09-24,499,360,360,377
2014-09-25,499,360,360,377
2014-09-26,499,360,360,377
2014-09-29,499,360,360,377
2014-09-30,499,360,360,377
2014-10-01,499,360,360,377
2014-10-02,499,360,360,377
2014-10-03,499,360,360,377
2014-10-06,499,360,360,377
2014-10-07,499,360,360,377
2014-10-08,499,360,360,377
2014-10-09,499,360,360,377
2014-10-10,499,360,360,377
2014-10-13,499,360,360,377
2014-10-14,499,360,360,377
2014-10-15,499,360,360,377
2014-10-16,499,360,360,377
2014-10-17,499,360,360,377
2014-10-20,499,360,360,377
2014-10-21,499,360,360,377
2014-10-22,499,360,360,377
2014-10-23,499,360,360,377
2014-10-24,499,360,360,377
2014-10-27,499,360,360,377
2014-10-28,499,360,360,377
2014-10-29,499,360,360,377
2014-10-30,499,360,360,377
2014-10-31,499,360,360,377
2014-11-03,499,360,360,377
2014-11-04,499,360,360,377
2014-11-05,499,359,359,376
2014-11-06,499,359,359,376
2014-11-07,499,359,359,376
2014-11-10,499,359,359,376
2014-11-11,499,359,359,376
2014-11-12,499,359,359,376
2014-11-13,499,359,359,376
2014-11-14,499,359,359,376
2014-11-17,499,359,359,376
2014-11-18,499,359,359,376
2014-11-19,499,359,359,376
2014-11-20,499,359,359,376
2014-11-21,499,359,359,376
2014-11-24,499,359,359,376
2014-11-25,499,359,359,376
2014-11-26,499,359,359,376
2014-11-28,499,359,359,376
2014-12-01,499,359,359,376
2014-12-02,499,359,359,376
2014-12-03,499,359,359,376
2014-12-04,499,359,359,376
2014-12-05,499,360,360,377
2014-12-08,499,360,360,377
2014-12-09,499,360,360,377
2014-12-10,499,360,360,377
2014-12-11,499,360,360,377
2014-12-12,499,360,360,377
2014-12-15,499,360,360,377
2014-12-16,499,360,360,377
2014-12-17,499,360,360,377
2014-12-18,499,360,360,377
2014-12-19,499,360,360,377
2014-12-22,499,360,360,377
2014-12-23,499,360,360,377
2014-12-24,499,360,360,377
2014-12-26,499,360,360,377
2014-12-29,499,360,360,377
2014-12-30,499,360,360,377
2014-12-31,499,360,360,377
2015-01-02,499,360,360,377
2015-01-05,499,360,360,377
2015-01-06,499,360,360,377
2015-01-07,499,360,360,377
2015-01-08,499,360,360,377
2015-01-09,499,360,360,377
2015-01-12,499,360,360,377
2015-01-13,499,360,360,377
2015-01-14,499,360,360,377
2015-01-15,499,360,360,377
2015-01-16,499,360,360,377
2015-01-20,499,360,360,377
2015-01-21,499,360,360,377
2015-01-22,499,360,360,377
2015-01-23,499,360,360,377
2015-01-26,499,360,360,377
2015-01-27,499,361,361,378
2015-01-28,499,361,361,378
2015-01-29,499,361,361,378
2015-01-30,499,361,361,378
2015-02-02,499,361,361,378
2015-02-03,499,361,361,378
2015-02-04,499,361,361,378
2015-02-05,499,361,361,378
2015-02-06,499,361,361,378
2015-02-09,499,361,361,378
2015-02-10,499,361,361,378
2015-02-11,499,361,361,378
2015-02-12,499,361,361,378
2015-02-13,499,361,361,378
2015-02-17,499,361,361,378
2015-02-18,499,361,361,378
2015-02-19,499,361,361,378
2015-02-20,499,361,361,378
2015-02-23,499,361,361,378
2015-02-24,499,361,361,378
2015-02-25,499,361,361,378
2015-02-26,499,361,361,378
2015-02-27,499,361,361,378
2015-03-02,499,361,361,378
2015-03-03,499,361,361,378
2015-03-04,499,361,361,378
2015-03-05,499,361,361,378
2015-03-06,499,361,361,378
2015-03-09,499,361,361,378
2015-03-10,499,361,361,378
2015-03-11,499,361,361,378
2015-03-12,499,362,362,379
2015-03-13,499,362,362,379
2015-03-16,499,362,362,379
2015-03-17,498,362,362,379
2015-03-18,499,363,363,380
2015-03-19,499,363,363,380
2015-03-20,499,363,363,380
2015-03-23,500,365,365,382
2015-03-24,500,365,365,382
2015-03-25,500,365,365,382
2015-03-26,500,365,365,382
2015-03-27,500,365,365,382
2015-03-30,500,365,365,382
2015-03-31,500,365,365,382
2015-04-01,500,365,365,382
2015-04-02,500,365,365,382
2015-04-06,500,365,365,382
2015-04-07,500,366,366,383
2015-04-08,500,366,366,383
2015-04-09,500,366,366,383
2015-04-10,500,366,366,383
2015-04-13,500,366,366,383
2015-04-14,500,366,366,383
2015-04-15,500,366,366,383
2015-04-16,500,366,366,383
2015-04-17,500,366,366,383
2015-04-20,500,366,366,383
2015-04-21,500,366,366,383
2015-04-22,500,366,366,383
2015-04-23,500,366,366,383
2015-04-24,500,366,366,383
2015-04-27,500,366,366,383
2015-04-28,500,366,366,383
2015-04-29,500,366,366,383
2015-04-30,500,366,366,383
2015-05-01,500,366,366,383
2015-05-04,500,366,366,383
2015-05-05,500,366,366,383
2015-05-06,500,366,366,383
2015-05-07,500,366,366,383
2015-05-08,500,366,366,383
2015-05-11,500,366,366,383
2015-05-12,500,366,366,383
2015-05-13,500,366,366,383
2015-05-14,500,366,366,383
2015-05-15,500,366,366,383
2015-05-18,500,366,366,383
2015-05-19,500,366,366,383
2015-05-20,500,366,366,383
2015-05-21,500,366,366,383
2015-05-22,500,366,366,383
2015-05-26,500,366,366,383
2015-05-27,500,366,366,383
2015-05-28,500,366,366,383
2015-05-29,500,366,366,383
2015-06-01,500,366,366,383
2015-06-02,500,366,366,383
2015-06-03,500,366,366,383
2015-06-04,500,366,366,383
2015-06-05,500,366,366,383
2015-06-08,500,366,366,383
2015-06-09,500,366,366,383
2015-06-10,500,366,366,383
2015-06-11,500,366,366,383
2015-06-12,500,367,367,384
2015-06-15,500,367,367,384
2015-06-16,500,367,367,384
2015-06-17,500,367,367,384
2015-06-18,500,367,367,384
2015-06-19,500,367,367,384
2015-06-22,500,367,367,384
2015-06-23,500,367,367,384
2015-06-24,500,367,367,384
2015-06-25,500,367,367,384
2015-06-26,500,367,367,384
2015-06-29,500,367,367,384
2015-06-30,499,367,367,384
2015-07-01,500,368,368,385
2015-07-02,500,367,367,384
2015-07-06,500,368,368,385
2015-07-07,499,368,368,385
2015-07-08,499,368,368,385
2015-07-09,500,369,369,386
2015-07-10,500,369,369,386
2015-07-13,500,369,369,386
2015-07-14,500,369,369,386
2015-07-15,500,369,369,386
2015-07-16,500,369,369,386
2015-07-17,500,369,369,386
2015-07-20,500,370,370,387
2015-07-21,500,370,370,387
2015-07-22,500,370,370,387
2015-07-23,500,370,370,387
2015-07-24,500,370,370,387
2015-07-27,499,370,370,387
2015-07-28,499,370,370,387
2015-07-29,500,371,371,388
2015-07-30,500,371,371,388
2015-07-31,500,371,371,388
2015-08-03,500,371,371,388
2015-08-04,500,371,371,388
2015-08-05,500,371,371,388
2015-08-06,500,371,371,388
2015-08-07,500,371,371,388
2015-08-10,500,371,371,388
2015-08-11,500,371,371,388
2015-08-12,500,371,371,388
2015-08-13,500,371,371,388
2015-08-14,500,371,371,388
2015-08-17,500,371,371,388
2015-08-18,500,371,371,388
2015-08-19,500,371,371,388
2015-08-20,500,371,371,388
2015-08-21,500,371,371,388
2015-08-24,500,371,371,388
2015-08-25,500,371,371,388
2015-08-26,500,371,371,388
2015-08-27,500,371,371,388
2015-08-28,500,371,371,388
2015-08-31,500,371,371,388
2015-09-01,500,371,371,388
2015-09-02,500,371,371,388
2015-09-03,500,372,372,389
2015-09-04,500,372,372,389
2015-09-08,500,372,372,389
2015-09-09,500,372,372,389
2015-09-10,500,372,372,389
2015-09-11,500,372,372,389
2015-09-14,500,372,372,389
2015-09-15,500,372,372,389
2015-09-16,500,372,372,389
2015-09-17,500,372,372,389
2015-09-18,500,372,372,389
2015-09-21,503,373,373,390
2015-09-22,503,373,373,390
2015-09-23,503,373,373,390
2015-09-24,503,373,373,390
2015-09-25,503,373,373,390
2015-09-28,503,373,373,390
2015-09-29,503,373,373,390
2015-09-30,503,373,373,390
2015-10-01,503,373,373,390
2015-10-02,503,373,373,390
2015-10-05,503,373,373,390
2015-10-06,503,373,373,390
2015-10-07,503,373,373,390
2015-10-08,503,374,374,391
2015-10-09,503,374,374,391
2015-10-12,503,374,374,391
2015-10-13,503,374,374,391
2015-10-14,503,374,374,391
2015-10-15,503,374,374,391
2015-10-16,503,374,374,391
2015-10-19,503,374,374,391
2015-10-20,503,374,374,391
2015-10-21,503,374,374,391
2015-10-22,503,374,374,391
2015-10-23,503,374,374,391
2015-10-26,503,374,374,391
2015-10-27,503,374,374,391
2015-10-28,503,374,374,391
2015-10-29,503,374,374,391
2015-10-30,503,374,374,391
2015-11-02,503,375,375,392
2015-11-03,503,375,375,392
2015-11-04,503,375,375,392
2015-11-05,503,375,375,392
2015-11-06,503,375,375,392
2015-11-09,503,375,375,392
2015-11-10,504,376,376,393
2015-11-11,504,376,376,393
2015-11-12,504,376,376,393
2015-11-13,504,376,376,393
2015-11-16,504,376,376,393
2015-11-17,503,375,375,392
2015-11-18,502,375,375,392
2015-11-19,503,376,376,393
2015-11-20,503,376,376,393
2015-11-23,503,376,376,393
2015-11-24,503,376,376,393
2015-11-25,503,376,376,393
2015-11-27,503,376,376,393
2015-11-30,504,376,376,393
2015-12-01,503,375,375,392
2015-12-02,503,375,375,392
2015-12-03,503,375,375,392
2015-12-04,503,375,375,392
2015-12-07,503,375,375,392
2015-12-08,503,375,375,392
2015-12-09,503,375,375,392
2015-12-10,503,375,375,392
2015-12-11,503,375,375,392
2015-12-14,502,375,375,392
2015-12-15,502,375,375,392
2015-12-16,502,375,375,392
2015-12-17,502,375,375,392
2015-12-18,502,375,375,392
2015-12-21,502,375,375,392
2015-12-22,502,375,375,392
2015-12-23,502,375,375,392
2015-12-24,502,375,375,392
2015-12-28,501,375,375,392
2015-12-29,502,376,376,393
2015-12-30,502,376,376,393
2015-12-31,502,376,376,393
2016-01-04,504,378,378,395
2016-01-05,504,377,377,394
2016-01-06,504,377,377,394
2016-01-07,504,377,377,394
2016-01-08,504,377,377,394
2016-01-11,504,377,377,394
2016-01-12,504,377,377,394
2016-01-13,504,377,377,394
2016-01-14,504,377,377,394
2016-01-15,504,377,377,394
2016-01-19,505,378,378,395
2016-01-20,505,378,378,395
2016-01-21,505,378,378,395
2016-01-22,505,378,378,395
2016-01-25,505,378,378,395
2016-01-26,505,378,378,395
2016-01-27,505,378,378,395
2016-01-28,505,378,378,395
2016-01-29,505,378,378,395
2016-02-01,505,380,380,397
2016-02-02,505,380,380,397
2016-02-03,505,380,380,397
2016-02-04,505,380,380,397
2016-02-05,505,380,380,397
2016-02-08,505,380,380,397
2016-02-09,505,380,380,397
2016-02-10,505,380,380,397
2016-02-11,505,380,380,397
2016-02-12,505,380,380,397
2016-02-16,505,380,380,397
2016-02-17,505,380,380,397
2016-02-18,505,380,380,397
2016-02-19,505,380,380,397
2016-02-22,505,380,380,397
2016-02-23,505,380,380,397
2016-02-24,505,380,380,397
2016-02-25,505,380,380,397
2016-02-26,505,380,380,397
2016-02-29,505,380,380,397
2016-03-01,505,380,380,397
2016-03-02,505,380,380,397
2016-03-03,504,380,380,397
2016-03-04,504,380,380,397
2016-03-07,505,381,381,398
2016-03-08,505,381,381,398
2016-03-09,505,381,381,398
2016-03-10,505,381,381,398
2016-03-11,505,381,381,398
2016-03-14,505,381,381,398
2016-03-15,505,381,381,398
2016-03-16,505,381,381,398
2016-03-17,505,381,381,398
2016-03-18,505,381,381,398
2016-03-21,505,381,381,398
2016-03-22,505,381,381,398
2016-03-23,505,381,381,398
2016-03-24,504,381,381,398
2016-03-28,504,381,381,398
2016-03-29,504,381,381,398
2016-03-30,505,382,382,399
2016-03-31,505,382,382,399
2016-04-01,505,382,382,399
2016-04-04,505,382,382,399
2016-04-05,505,382,382,399
2016-04-06,505,382,382,399
2016-04-07,505,382,382,399
2016-04-08,506,383,383,400
2016-04-11,506,383,383,400
2016-04-12,506,383,383,400
2016-04-13,506,383,383,400
2016-04-14,506,383,383,400
2016-04-15,506,383,383,400
2016-04-18,506,383,383,400
2016-04-19,506,383,383,400
2016-04-20,506,383,383,400
2016-04-21,506,383,383,400
2016-04-22,506,383,383,400
2016-04-25,506,383,383,400
2016-04-26,506,383,383,400
2016-04-27,506,383,383,400
2016-04-28,506,383,383,400
2016-04-29,506,383,383,400
2016-05-02,505,383,383,400
2016-05-03,506,384,384,401
2016-05-04,506,384,384,401
2016-05-05,506,384,384,401
2016-05-06,506,384,384,401
2016-05-09,506,384,384,401
2016-05-10,506,384,384,401
2016-05-11,506,384,384,401
2016-05-12,505,384,384,401
2016-05-13,506,385,385,402
2016-05-16,506,385,385,402
2016-05-17,506,385,385,402
2016-05-18,506,386,386,403
2016-05-19,506,386,386,403
2016-05-20,506,386,386,403
2016-05-23,506,387,387,404
2016-05-24,506,387,387,404
2016-05-25,506,387,387,404
2016-05-26,506,387,387,404
2016-05-27,506,387,387,404
2016-05-31,505,387,387,404
2016-06-01,505,387,387,404
2016-06-02,505,387,387,404
2016-06-03,505,388,388,405
2016-06-06,505,388,388,405
2016-06-07,505,388,388,405
2016-06-08,505,388,388,405
2016-06-09,505,388,388,405
2016-06-10,505,388,388,405
2016-06-13,505,388,388,405
2016-06-14,505,388,388,405
2016-06-15,505,388,388,405
2016-06-16,505,388,388,405
2016-06-17,505,388,388,405
2016-06-20,505,388,388,405
2016-06-21,504,388,388,405
2016-06-22,504,388,388,405
2016-06-23,504,388,388,405
2016-06-24,505,388,388,405
2016-06-27,505,388,388,405
2016-06-28,505,388,388,405
2016-06-29,505,388,388,405
2016-06-30,505,388,388,405
2016-07-01,504,390,390,407
2016-07-05,505,391,391,408
2016-07-06,505,391,391,408
2016-07-07,505,391,391,408
2016-07-08,505,391,391,408
2016-07-11,505,391,391,408
2016-07-12,505,391,391,408
2016-07-13,505,391,391,408
2016-07-14,505,391,391,408
2016-07-15,505,391,391,408
2016-07-18,505,391,391,408
2016-07-19,505,391,391,408
2016-07-20,505,391,391,408
2016-07-21,505,391,391,408
2016-07-22,505,391,391,408
2016-07-25,505,391,391,408
2016-07-26,505,391,391,408
2016-07-27,505,391,391,408
2016-07-28,505,391,391,408
2016-07-29,505,391,391,408
2016-08-01,505,391,391,408
2016-08-02,505,391,391,408
2016-08-03,505,391,391,408
2016-08-04,505,391,391,408
2016-08-05,505,391,391,408
2016-08-08,505,391,391,408
2016-08-09,505,391,391,408
2016-08-10,505,391,391,408
2016-08-11,505,391,391,408
2016-08-12,505,391,391,408
2016-08-15,505,391,391,408
2016-08-16,505,391,391,408
2016-08-17,505,391,391,408
2016-08-18,505,391,391,408
2016-08-19,505,391,391,408
2016-08-22,505,391,391,408
2016-08-23,505,391,391,408
2016-08-24,505,391,391,408
2016-08-25,505,391,391,408
2016-08-26,505,391,391,408
2016-08-29,505,391,391,408
2016-08-30,505,391,391,408
2016-08-31,505,391,391,408
2016-09-01,505,391,391,408
2016-09-02,505,391,391,408
2016-09-06,506,392,392,409
2016-09-07,505,392,392,409
2016-09-08,506,393,393,410
2016-09-09,506,393,393,410
2016-09-12,506,393,393,410
2016-09-13,506,393,393,410
2016-09-14,506,393,393,410
2016-09-15,506,393,393,410
2016-09-16,506,393,393,410
2016-09-19,506,393,393,410
2016-09-20,506,393,393,410
2016-09-21,506,393,393,410
2016-09-22,506,393,393,410
2016-09-23,506,394,394,411
2016-09-26,506,394,394,411
2016-09-27,506,394,394,411
2016-09-28,506,394,394,411
2016-09-29,506,394,394,411
2016-09-30,506,394,394,411
2016-10-03,506,395,395,412
2016-10-04,506,395,395,412
2016-10-05,506,395,395,412
2016-10-06,506,395,395,412
2016-10-07,506,395,395,412
2016-10-10,506,395,395,412
2016-10-11,506,395,395,412
2016-10-12,506,395,395,412
2016-10-13,506,395,395,412
2016-10-14,506,395,395,412
2016-10-17,506,395,395,412
2016-10-18,506,395,395,412
2016-10-19,506,395,395,412
2016-10-20,506,395,395,412
2016-10-21,506,395,395,412
2016-10-24,506,395,395,412
2016-10-25,506,395,395,412
2016-10-26,506,395,395,412
2016-10-27,506,395,395,412
2016-10-28,506,395,395,412
2016-10-31,506,395,395,412
2016-11-01,506,395,395,412
2016-11-02,506,395,395,412
2016-11-03,506,395,395,412
2016-11-04,506,395,395,412
2016-11-07,506,395,395,412
2016-11-08,506,395,395,412
2016-11-09,506,395,395,412
2016-11-10,506,395,395,412
2016-11-11,506,395,395,412
2016-11-14,506,395,395,412
2016-11-15,506,395,395,412
2016-11-16,506,395,395,412
2016-11-17,506,395,395,412
2016-11-18,506,395,395,412
2016-11-21,506,395,395,412
2016-11-22,506,395,395,412
2016-11-23,506,395,395,412
2016-11-25,506,395,395,412
2016-11-28,506,395,395,412
2016-11-29,506,395,395,412
2016-11-30,506,395,395,412
2016-12-01,506,395,395,412
2016-12-02,506,395,395,412
2016-12-05,506,395,395,412
2016-12-06,506,395,395,412
2016-12-07,506,395,395,412
2016-12-08,506,395,395,412
2016-12-09,506,395,395,412
2016-12-12,506,395,395,412
2016-12-13,506,395,395,412
2016-12-14,506,395,395,412
2016-12-15,506,395,395,412
2016-12-16,506,395,395,412
2016-12-19,506,395,395,412
2016-12-20,506,395,395,412
2016-12-21,506,395,395,412
2016-12-22,506,395,395,412
2016-12-23,506,395,395,412
2016-12-27,506,395,395,412
2016-12-28,506,395,395,412
2016-12-29,506,395,395,412
2016-12-30,506,395,395,412
2017-01-03,506,395,395,412
2017-01-04,506,395,395,412
2017-01-05,506,396,396,413
2017-01-06,506,396,396,413
2017-01-09,506,396,396,413
2017-01-10,506,396,396,413
2017-01-11,506,396,396,413
2017-01-12,506,396,396,413
2017-01-13,506,396,396,413
2017-01-17,506,396,396,413
2017-01-18,506,396,396,413
2017-01-19,506,396,396,413
2017-01-20,506,396,396,413
2017-01-23,506,396,396,413
2017-01-24,506,396,396,413
2017-01-25,506,396,396,413
2017-01-26,506,396,396,413
2017-01-27,506,396,396,413
2017-01-30,506,396,396,413
2017-01-31,506,396,396,413
2017-02-01,506,396,396,413
2017-02-02,506,396,396,413
2017-02-03,506,396,396,413
2017-02-06,506,396,396,413
2017-02-07,506,396,396,413
2017-02-08,506,396,396,413
2017-02-09,506,396,396,413
2017-02-10,506,396,396,413
2017-02-13,506,396,396,413
2017-02-14,506,396,396,413
2017-02-15,506,396,396,413
2017-02-16,506,396,396,413
2017-02-17,506,396,396,413
2017-02-21,506,396,396,413
2017-02-22,506,396,396,413
2017-02-23,506,396,396,413
2017-02-24,506,396,396,413
2017-02-27,505,396,396,413
2017-02-28,506,397,397,414
2017-03-01,506,397,397,414
2017-03-02,506,398,398,415
2017-03-03,506,398,398,415
2017-03-06,506,398,398,415
2017-03-07,506,398,398,415
2017-03-08,506,398,398,415
2017-03-09,506,398,398,415
2017-03-10,506,398,398,415
2017-03-13,505,398,398,415
2017-03-14,505,398,398,415
2017-03-15,505,398,398,415
2017-03-16,506,399,399,416
2017-03-17,506,399,399,416
2017-03-20,506,400,400,417
2017-03-21,506,400,400,417
2017-03-22,506,400,400,417
2017-03-23,506,400,400,417
2017-03-24,506,400,400,417
2017-03-27,506,400,400,417
2017-03-28,506,400,400,417
2017-03-29,506,400,400,417
2017-03-30,506,400,400,417
2017-03-31,506,400,400,417
2017-04-03,506,400,400,417
2017-04-04,506,401,401,418
2017-04-05,506,402,402,419
2017-04-06,506,402,402,419
2017-04-07,506,402,402,419
2017-04-10,506,402,402,419
2017-04-11,506,402,402,419
2017-04-12,506,402,402,419
2017-04-13,506,402,402,419
2017-04-17,506,402,402,419
2017-04-18,506,402,402,419
2017-04-19,506,402,402,419
2017-04-20,506,402,402,419
2017-04-21,506,402,402,419
2017-04-24,506,402,402,419
2017-04-25,506,402,402,419
2017-04-26,506,402,402,419
2017-04-27,506,402,402,419
2017-04-28,506,402,402,419
2017-05-01,506,402,402,419
2017-05-02,506,402,402,419
2017-05-03,506,402,402,419
2017-05-04,506,402,402,419
2017-05-05,506,402,402,419
2017-05-08,506,402,402,419
2017-05-09,506,402,402,419
2017-05-10,506,402,402,419
2017-05-11,506,402,402,419
2017-05-12,506,403,403,420
2017-05-15,506,403,403,420
2017-05-16,506,403,403,420
2017-05-17,506,403,403,420
2017-05-18,506,403,403,420
2017-05-19,506,403,403,420
2017-05-22,506,403,403,420
2017-05-23,506,403,403,420
2017-05-24,506,403,403,420
2017-05-25,506,403,403,420
2017-05-26,506,403,403,420
2017-05-30,506,403,403,420
2017-05-31,506,403,403,420
2017-06-01,506,403,403,420
2017-06-02,506,403,403,420
2017-06-05,506,403,403,420
2017-06-06,506,403,403,420
2017-06-07,506,403,403,420
2017-06-08,506,403,403,420
2017-06-09,506,403,403,420
2017-06-12,506,403,403,420
2017-06-13,506,403,403,420
2017-06-14,506,403,403,420
2017-06-15,505,403,403,420
2017-06-16,505,403,403,420
2017-06-19,506,403,403,421
2017-06-20,506,403,403,421
2017-06-21,506,403,403,421
2017-06-22,506,403,403,421
2017-06-23,506,403,403,421
2017-06-26,506,403,403,421
2017-06-27,506,403,403,421
2017-06-28,506,403,403,421
2017-06-29,506,403,403,421
2017-06-30,506,403,403,421
2017-07-03,506,403,403,421
2017-07-05,506,403,403,421
2017-07-06,506,403,403,421
2017-07-07,506,403,403,421
2017-07-10,506,403,403,421
2017-07-11,506,403,403,421
2017-07-12,506,403,403,421
2017-07-13,506,403,403,421
2017-07-14,506,403,403,421
2017-07-17,506,403,403,421
2017-07-18,506,403,403,421
2017-07-19,506,403,403,421
2017-07-20,506,403,403,421
2017-07-21,506,403,403,421
2017-07-24,506,403,403,421
2017-07-25,505,403,403,421
2017-07-26,506,405,405,423
2017-07-27,506,405,405,423
2017-07-28,506,405,405,423
2017-07-31,506,405,405,423
2017-08-01,506,405,405,423
2017-08-02,506,405,405,423
2017-08-03,506,405,405,423
2017-08-04,506,405,405,423
2017-08-07,507,406,406,424
2017-08-08,506,405,405,423
2017-08-09,506,405,405,423
2017-08-10,506,405,405,423
2017-08-11,506,405,405,423
2017-08-14,506,405,405,423
2017-08-15,506,405,405,423
2017-08-16,506,405,405,423
2017-08-17,506,405,405,423
2017-08-18,506,405,405,423
2017-08-21,506,405,405,423
2017-08-22,506,405,405,423
2017-08-23,506,405,405,423
2017-08-24,506,405,405,423
2017-08-25,506,405,405,423
2017-08-28,505,405,405,423
2017-08-29,506,406,406,424
2017-08-30,506,406,406,424
2017-08-31,506,406,406,424
2017-09-01,506,406,406,424
2017-09-05,506,406,406,424
2017-09-06,506,406,406,424
2017-09-07,506,406,406,424
2017-09-08,506,406,406,424
2017-09-11,506,406,406,424
2017-09-12,506,406,406,424
2017-09-13,505,406,406,424
2017-09-14,505,406,406,424
2017-09-15,505,406,406,424
2017-09-18,506,407,407,425
2017-09-19,506,407,407,425
2017-09-20,506,407,407,425
2017-09-21,506,407,407,425
2017-09-22,506,407,407,425
2017-09-25,506,407,407,425
2017-09-26,506,407,407,425
2017-09-27,506,407,407,425
2017-09-28,506,407,407,425
2017-09-29,506,407,407,425
2017-10-02,506,407,407,425
2017-10-03,506,407,407,425
2017-10-04,506,407,407,425
2017-10-05,506,407,407,425
2017-10-06,506,407,407,425
2017-10-09,506,407,407,425
2017-10-10,506,407,407,425
2017-10-11,506,407,407,425
2017-10-12,506,407,407,425
2017-10-13,506,408,408,426
2017-10-16,506,408,408,426
2017-10-17,506,408,408,426
2017-10-18,506,408,408,426
2017-10-19,506,408,408,426
2017-10-20,506,408,408,426
2017-10-23,506,408,408,426
2017-10-24,506,408,408,426
2017-10-25,506,408,408,426
2017-10-26,506,408,408,426
2017-10-27,506,408,408,426
2017-10-30,506,408,408,426
2017-10-31,506,408,408,426
2017-11-01,506,408,408,426
2017-11-02,506,408,408,426
2017-11-03,506,408,408,426
2017-11-06,506,408,408,426
2017-11-07,506,408,408,426
2017-11-08,506,408,408,426
2017-11-09,506,408,408,426
2017-11-10,506,408,408,426
2017-11-13,506,408,408,426
2017-11-14,506,408,408,426
2017-11-15,506,408,408,426
2017-11-16,506,408,408,426
2017-11-17,506,408,408,426
2017-11-20,506,408,408,426
2017-11-21,506,408,408,426
2017-11-22,506,408,408,426
2017-11-24,506,408,408,426
2017-11-27,506,408,408,426
2017-11-28,506,408,408,426
2017-11-29,506,408,408,426
2017-11-30,506,408,408,426
2017-12-01,506,408,408,426
2017-12-04,506,408,408,426
2017-12-05,506,408,408,426
2017-12-06,506,408,408,426
2017-12-07,506,408,408,426
2017-12-08,506,408,408,426
2017-12-11,506,408,408,426
2017-12-12,506,408,408,426
2017-12-13,506,408,408,426
2017-12-14,506,408,408,426
2017-12-15,506,408,408,426
2017-12-18,506,408,408,426
2017-12-19,506,408,408,426
2017-12-20,506,408,408,426
2017-12-21,506,408,408,426
2017-12-22,506,408,408,426
2017-12-26,506,408,408,426
2017-12-27,506,408,408,426
2017-12-28,506,408,408,426
2017-12-29,505,408,408,426
2018-01-02,505,408,408,426
2018-01-03,506,409,409,427
2018-01-04,506,409,409,427
2018-01-05,506,409,409,427
2018-01-08,506,409,409,427
2018-01-09,506,409,409,427
2018-01-10,506,409,409,427
2018-01-11,506,409,409,427
2018-01-12,506,409,409,427
2018-01-16,506,409,409,427
2018-01-17,506,409,409,427
2018-01-18,506,409,409,427
2018-01-19,506,409,409,427
2018-01-22,506,409,409,427
2018-01-23,506,409,409,427
2018-01-24,506,409,409,427
2018-01-25,506,409,409,427
2018-01-26,506,409,409,427
2018-01-29,506,409,409,427
2018-01-30,506,409,409,427
2018-01-31,506,409,409,427
2018-02-01,506,409,409,427
2018-02-02,506,409,409,427
2018-02-05,506,409,409,427
2018-02-06,506,409,409,427
2018-02-07,506,409,409,427
2018-02-08,506,409,409,427
2018-02-09,506,409,409,427
2018-02-12,506,409,409,427
2018-02-13,506,409,409,427
2018-02-14,506,409,409,427
2018-02-15,506,409,409,427
2018-02-16,506,409,409,427
2018-02-20,506,409,409,427
2018-02-21,506,409,409,427
2018-02-22,506,409,409,427
2018-02-23,506,409,409,427
2018-02-26,506,409,409,427
2018-02-27,506,409,409,427
2018-02-28,506,409,409,427
2018-03-01,506,409,409,427
2018-03-02,506,409,409,427
2018-03-05,506,409,409,427
2018-03-06,506,409,409,427
2018-03-07,506,410,410,428
2018-03-08,506,410,410,428
2018-03-09,506,410,410,428
2018-03-12,506,410,410,428
2018-03-13,506,410,410,428
2018-03-14,506,410,410,428
2018-03-15,506,410,410,428
2018-03-16,506,410,410,428
2018-03-19,506,411,411,429
2018-03-20,506,411,411,429
2018-03-21,506,411,411,429
2018-03-22,506,411,411,429
2018-03-23,506,411,411,429
2018-03-26,506,411,411,429
2018-03-27,506,411,411,429
2018-03-28,506,411,411,429
2018-03-29,506,411,411,429
2018-04-02,506,411,411,429
2018-04-03,506,411,411,429
2018-04-04,506,412,412,430
2018-04-05,506,412,412,430
2018-04-06,506,412,412,430
2018-04-09,506,412,412,430
2018-04-10,506,412,412,430
2018-04-11,506,412,412,430
2018-04-12,506,412,412,430
2018-04-13,506,412,412,430
2018-04-16,506,412,412,430
2018-04-17,506,412,412,430
2018-04-18,506,412,412,430
2018-04-19,506,412,412,430
2018-04-20,506,412,412,430
2018-04-23,506,412,412,430
2018-04-24,506,412,412,430
2018-04-25,506,412,412,430
2018-04-26,506,412,412,430
2018-04-27,506,412,412,430
2018-04-30,506,412,412,430
2018-05-01,506,412,412,430
2018-05-02,506,412,412,430
2018-05-03,506,412,412,430
2018-05-04,506,412,412,430
2018-05-07,506,412,412,430
2018-05-08,506,412,412,430
2018-05-09,506,412,412,430
2018-05-10,506,412,412,430
2018-05-11,506,412,412,430
2018-05-14,506,412,412,430
2018-05-15,506,412,412,430
2018-05-16,506,412,412,430
2018-05-17,506,412,412,430
2018-05-18,506,412,412,430
2018-05-21,506,412,412,430
2018-05-22,506,412,412,430
2018-05-23,506,412,412,430
2018-05-24,506,412,412,430
2018-05-25,506,412,412,430
2018-05-29,506,412,412,430
2018-05-30,506,412,412,430
2018-05-31,506,412,412,430
2018-06-01,506,412,412,430
2018-06-04,506,412,412,430
2018-06-05,506,412,412,430
2018-06-06,506,412,412,430
2018-06-07,506,412,412,430
2018-06-08,506,412,412,430
2018-06-11,506,412,412,430
2018-06-12,506,412,412,430
2018-06-13,506,412,412,430
2018-06-14,506,412,412,430
2018-06-15,505,412,412,430
2018-06-18,505,411,411,429
2018-06-19,505,411,411,429
2018-06-20,506,411,411,430
2018-06-21,506,411,411,430
2018-06-22,506,411,411,430
2018-06-25,506,411,411,430
2018-06-26,506,411,411,430
2018-06-27,506,411,411,430
2018-06-28,506,411,411,430
2018-06-29,506,411,411,430
2018-07-02,506,411,411,430
2018-07-03,506,411,411,430
2018-07-05,506,411,411,430
2018-07-06,506,411,411,430
2018-07-09,506,411,411,430
2018-07-10,506,411,411,430
2018-07-11,506,411,411,430
2018-07-12,506,411,411,430
2018-07-13,506,411,411,430
2018-07-16,506,411,411,430
2018-07-17,506,411,411,430
2018-07-18,506,411,411,430
2018-07-19,506,411,411,430
2018-07-20,506,411,411,430
2018-07-23,506,411,411,430
2018-07-24,506,411,411,430
2018-07-25,506,411,411,430
2018-07-26,506,411,411,430
2018-07-27,506,411,411,430
2018-07-30,506,411,411,430
2018-07-31,506,411,411,430
2018-08-01,506,411,411,430
2018-08-02,506,411,411,430
2018-08-03,506,411,411,430
2018-08-06,506,411,411,430
2018-08-07,506,411,411,430
2018-08-08,506,411,411,430
2018-08-09,506,411,411,430
2018-08-10,506,411,411,430
2018-08-13,506,411,411,430
2018-08-14,506,411,411,430
2018-08-15,506,411,411,430
2018-08-16,506,411,411,430
2018-08-17,506,411,411,430
2018-08-20,506,411,411,430
2018-08-21,506,411,411,430
2018-08-22,506,411,411,430
2018-08-23,506,411,411,430
2018-08-24,506,411,411,430
2018-08-27,506,411,411,430
2018-08-28,506,412,412,431
2018-08-29,506,412,412,431
2018-08-30,506,412,412,431
2018-08-31,506,412,412,431
2018-09-04,506,412,412,431
2018-09-05,506,412,412,431
2018-09-06,506,412,412,431
2018-09-07,506,412,412,431
2018-09-10,506,412,412,431
2018-09-11,506,412,412,431
2018-09-12,505,412,412,431
2018-09-13,505,412,412,431
2018-09-14,505,412,412,431
2018-09-17,506,412,412,431
2018-09-18,506,412,412,431
2018-09-19,505,412,412,431
2018-09-20,505,412,412,431
2018-09-21,505,412,412,431
2018-09-24,505,412,412,431
2018-09-25,505,412,412,431
2018-09-26,505,412,412,431
2018-09-27,505,412,412,431
2018-09-28,505,412,412,431
2018-10-01,505,413,413,432
2018-10-02,505,413,413,432
2018-10-03,505,413,413,432
2018-10-04,505,413,413,432
2018-10-05,505,413,413,432
2018-10-08,505,413,413,432
2018-10-09,505,413,413,432
2018-10-10,505,413,413,432
2018-10-11,505,414,414,433
2018-10-12,505,414,414,433
2018-10-15,505,414,414,433
2018-10-16,505,414,414,433
2018-10-17,505,414,414,433
2018-10-18,505,414,414,433
2018-10-19,505,414,414,433
2018-10-22,505,414,414,433
2018-10-23,505,414,414,433
2018-10-24,505,414,414,433
2018-10-25,505,414,414,433
2018-10-26,505,414,414,433
2018-10-29,505,414,414,433
2018-10-30,505,414,414,433
2018-10-31,504,414,414,433
2018-11-01,504,414,414,433
2018-11-02,504,414,414,433
2018-11-05,504,414,414,433
2018-11-06,505,416,416,435
2018-11-07,505,416,416,435
2018-11-08,505,416,416,435
2018-11-09,505,416,416,435
2018-11-12,505,416,416,435
2018-11-13,505,416,416,435
2018-11-14,505,416,416,435
2018-11-15,505,416,416,435
2018-11-16,505,416,416,435
2018-11-19,505,416,416,435
2018-11-20,505,416,416,435
2018-11-21,505,416,416,435
2018-11-23,505,416,416,435
2018-11-26,505,416,416,435
2018-11-27,504,416,416,435
2018-11-28,504,416,416,435
2018-11-29,503,416,416,435
2018-11-30,503,416,416,435
2018-12-03,505,418,418,437
2018-12-04,505,418,418,437
2018-12-06,505,418,418,437
2018-12-07,505,418,418,437
2018-12-10,505,418,418,437
2018-12-11,505,418,418,437
2018-12-12,505,418,418,437
2018-12-13,505,418,418,437
2018-12-14,505,418,418,437
2018-12-17,505,418,418,437
2018-12-18,505,418,418,437
2018-12-19,505,418,418,437
2018-12-20,505,418,418,437
2018-12-21,504,418,418,437
2018-12-24,505,419,419,438
2018-12-26,505,419,419,438
2018-12-27,505,419,419,438
2018-12-28,505,419,419,438
2018-12-31,505,419,419,438
2019-01-02,505,419,419,438
2019-01-03,505,419,419,438
2019-01-04,505,419,419,438
2019-01-07,505,419,419,438
2019-01-08,505,419,419,438
2019-01-09,505,419,419,438
2019-01-10,505,419,419,438
2019-01-11,505,419,419,438
2019-01-14,505,419,419,438
2019-01-15,505,419,419,438
2019-01-16,505,419,419,438
2019-01-17,505,419,419,438
2019-01-18,505,419,419,438
2019-01-22,505,419,419,438
2019-01-23,505,419,419,438
2019-01-24,505,419,419,438
2019-01-25,505,419,419,438
2019-01-28,505,419,419,438
2019-01-29,505,419,419,438
2019-01-30,505,419,419,438
2019-01-31,505,419,419,438
2019-02-01,505,419,419,438
2019-02-04,505,419,419,438
2019-02-05,505,419,419,438
2019-02-06,505,419,419,438
2019-02-07,505,419,419,438
2019-02-08,505,419,419,438
2019-02-11,505,419,419,438
2019-02-12,505,419,419,438
2019-02-13,505,419,419,438
2019-02-14,505,419,419,438
2019-02-15,505,420,420,439
2019-02-19,505,420,420,439
2019-02-20,505,420,420,439
2019-02-21,505,420,420,439
2019-02-22,505,420,420,439
2019-02-25,505,420,420,439
2019-02-26,505,420,420,439
2019-02-27,505,420,420,439
2019-02-28,505,420,420,439
2019-03-01,505,420,420,439
2019-03-04,505,420,420,439
2019-03-05,505,420,420,439
2019-03-06,505,420,420,439
2019-03-07,505,420,420,439
2019-03-08,505,420,420,439
2019-03-11,505,420,420,439
2019-03-12,505,421,421,440
2019-03-13,505,422,422,441
2019-03-14,505,422,422,441
2019-03-15,505,422,422,441
2019-03-18,505,422,422,441
2019-03-19,505,422,422,441
2019-03-20,505,422,422,441
2019-03-21,505,422,422,441
2019-03-22,505,422,422,441
2019-03-25,505,422,422,441
2019-03-26,505,422,422,441
2019-03-27,505,422,422,441
2019-03-28,505,422,422,441
2019-03-29,505,422,422,441
2019-04-01,505,422,422,441
2019-04-02,505,422,422,441
2019-04-03,505,422,422,441
2019-04-04,505,422,422,441
2019-04-05,505,422,422,441
2019-04-08,505,422,422,441
2019-04-09,505,422,422,441
2019-04-10,505,422,422,441
2019-04-11,505,422,422,441
2019-04-12,505,422,422,441
2019-04-15,505,422,422,441
2019-04-16,505,422,422,441
2019-04-17,505,422,422,441
2019-04-18,505,422,422,441
2019-04-22,505,422,422,441
2019-04-23,505,422,422,441
2019-04-24,505,422,422,441
2019-04-25,505,422,422,441
2019-04-26,505,422,422,441
2019-04-29,505,422,422,441
2019-04-30,505,422,422,441
2019-05-01,505,422,422,441
2019-05-02,505,422,422,441
2019-05-03,505,422,422,441
2019-05-06,505,422,422,441
2019-05-07,505,422,422,441
2019-05-08,505,422,422,441
2019-05-09,505,422,422,441
2019-05-10,505,422,422,441
2019-05-13,505,422,422,441
2019-05-14,505,422,422,441
2019-05-15,505,422,422,441
2019-05-16,505,422,422,441
2019-05-17,505,422,422,441
2019-05-20,505,422,422,441
2019-05-21,505,422,422,441
2019-05-22,505,422,422,441
2019-05-23,505,422,422,441
2019-05-24,505,422,422,441
2019-05-28,505,422,422,441
2019-05-29,505,422,422,441
2019-05-30,505,422,422,441
2019-05-31,505,422,422,441
2019-06-03,505,424,424,442
2019-06-04,505,424,424,442
2019-06-05,505,424,424,442
2019-06-06,505,424,424,442
2019-06-07,505,424,424,442
2019-06-10,505,424,424,442
2019-06-11,505,424,424,442
2019-06-12,505,424,424,442
2019-06-13,505,424,424,442
2019-06-14,505,424,424,442
2019-06-17,505,424,424,442
2019-06-18,505,424,424,442
2019-06-19,505,424,424,442
2019-06-20,505,424,424,442
2019-06-21,505,424,424,442
2019-06-24,505,424,424,442
2019-06-25,505,424,424,442
2019-06-26,505,424,424,442
2019-06-27,505,424,424,442
2019-06-28,505,424,424,442
2019-07-01,505,425,425,443
2019-07-02,505,425,425,443
2019-07-03,505,425,425,443
2019-07-05,505,425,425,443
2019-07-08,505,425,425,443
2019-07-09,505,425,425,443
2019-07-10,505,425,425,443
2019-07-11,505,425,425,443
2019-07-12,505,425,425,443
2019-07-15,505,426,426,444
2019-07-16,505,426,426,444
2019-07-17,505,426,426,444
2019-07-18,505,426,426,444
2019-07-19,505,426,426,444
2019-07-22,505,426,426,444
2019-07-23,505,426,426,444
2019-07-24,505,426,426,444
2019-07-25,505,426,426,444
2019-07-26,505,426,426,444
2019-07-29,505,426,426,444
2019-07-30,505,426,426,444
2019-07-31,505,426,426,444
2019-08-01,505,426,426,444
2019-08-02,505,426,426,444
2019-08-05,505,426,426,444
2019-08-06,505,426,426,444
2019-08-07,505,426,426,444
2019-08-08,505,427,427,444
2019-08-09,505,429,429,446
2019-08-12,505,429,429,446
2019-08-13,505,429,429,446
2019-08-14,505,429,429,446
2019-08-15,505,429,429,446
2019-08-16,505,429,429,446
2019-08-19,505,429,429,446
2019-08-20,505,429,429,446
2019-08-21,505,429,429,446
2019-08-22,505,429,429,446
2019-08-23,505,429,429,446
2019-08-26,505,429,429,446
2019-08-27,505,429,429,446
2019-08-28,505,429,429,446
2019-08-29,505,429,429,446
2019-08-30,505,429,429,446
2019-09-03,505,429,429,446
2019-09-04,505,429,429,446
2019-09-05,505,429,429,446
2019-09-06,505,429,429,446
2019-09-09,505,429,429,446
2019-09-10,505,429,429,446
2019-09-11,505,429,429,446
2019-09-12,505,429,429,446
2019-09-13,505,429,429,446
2019-09-16,505,429,429,446
2019-09-17,505,429,429,446
2019-09-18,505,429,429,446
2019-09-19,505,429,429,446
2019-09-20,505,429,429,446
2019-09-23,505,430,430,447
2019-09-24,505,430,430,447
2019-09-25,505,430,430,447
2019-09-26,505,430,430,447
2019-09-27,505,430,430,447
2019-09-30,505,430,430,447
2019-10-01,505,430,430,447
2019-10-02,505,430,430,447
2019-10-03,505,430,430,447
2019-10-04,505,430,430,447
2019-10-07,505,430,430,447
2019-10-08,505,430,430,447
2019-10-09,505,430,430,447
2019-10-10,505,430,430,447
2019-10-11,505,430,430,447
2019-10-14,505,430,430,447
2019-10-15,505,430,430,447
2019-10-16,505,430,430,447
2019-10-17,505,430,430,447
2019-10-18,505,431,431,447
2019-10-21,505,431,431,447
2019-10-22,505,431,431,447
2019-10-23,505,431,431,447
2019-10-24,505,431,431,447
2019-10-25,505,431,431,447
2019-10-28,505,431,431,447
2019-10-29,505,431,431,447
2019-10-30,505,431,431,447
2019-10-31,505,431,431,447
2019-11-01,505,431,431,447
2019-11-04,505,431,431,447
2019-11-05,505,431,431,449
2019-11-06,505,431,431,449
2019-11-07,505,431,431,449
2019-11-08,505,431,431,449
2019-11-11,505,431,431,449
2019-11-12,505,431,431,449
2019-11-13,505,431,431,449
2019-11-14,505,431,431,449
2019-11-15,505,431,431,449
2019-11-18,505,431,431,449
2019-11-19,505,431,431,449
2019-11-20,505,431,431,449
2019-11-21,505,432,432,450
2019-11-22,505,432,432,450
2019-11-25,505,432,432,450
2019-11-26,505,432,432,450
2019-11-27,505,432,432,450
2019-11-29,505,432,432,450
2019-12-02,505,432,432,450
2019-12-03,505,432,432,450
2019-12-04,505,432,432,450
2019-12-05,505,433,433,451
2019-12-06,505,433,433,451
2019-12-09,505,434,434,452
2019-12-10,505,435,435,452
2019-12-11,505,435,435,452
2019-12-12,505,435,435,452
2019-12-13,505,435,435,452
2019-12-16,505,435,435,452
2019-12-17,505,435,435,452
2019-12-18,505,435,435,452
2019-12-19,505,435,435,452
2019-12-20,505,435,435,452
2019-12-23,505,435,435,452
2019-12-24,505,435,435,452
2019-12-26,505,435,435,452
2019-12-27,505,435,435,452
2019-12-30,505,435,435,452
2019-12-31,505,435,435,452
2020-01-02,505,435,435,452
2020-01-03,505,435,435,452
2020-01-06,505,435,435,452
2020-01-07,505,435,435,452
2020-01-08,505,435,435,452
2020-01-09,505,435,435,452
2020-01-10,505,435,435,452
2020-01-13,505,435,435,452
2020-01-14,505,435,435,452
2020-01-15,505,435,435,452
2020-01-16,505,435,435,452
2020-01-17,505,435,435,452
2020-01-21,505,435,435,452
2020-01-22,505,435,435,452
2020-01-23,505,435,435,452
2020-01-24,505,435,435,452
2020-01-27,505,435,435,452
2020-01-28,505,436,436,453
2020-01-29,505,436,436,453
2020-01-30,505,436,436,453
2020-01-31,505,436,436,453
2020-02-03,505,436,436,453
2020-02-04,505,436,436,453
2020-02-05,505,436,436,453
2020-02-06,505,436,436,453
2020-02-07,505,436,436,453
2020-02-10,505,436,436,453
2020-02-11,505,436,436,453
2020-02-12,505,436,436,453
2020-02-13,505,436,436,453
2020-02-14,505,436,436,453
2020-02-18,505,436,436,453
2020-02-19,505,436,436,453
2020-02-20,505,436,436,453
2020-02-21,505,436,436,453
2020-02-24,505,436,436,453
2020-02-25,505,436,436,453
2020-02-26,505,436,436,453
2020-02-27,505,436,436,453
2020-02-28,505,436,436,453
2020-03-02,505,436,436,453
2020-03-03,505,437,437,454
2020-03-04,505,437,437,454
2020-03-05,505,437,437,454
2020-03-06,505,437,437,454
2020-03-09,505,437,437,454
2020-03-10,505,437,437,454
2020-03-11,505,437,437,454
2020-03-12,505,437,437,454
2020-03-13,505,437,437,454
2020-03-16,505,437,437,454
2020-03-17,505,437,437,454
2020-03-18,505,437,437,454
2020-03-19,505,437,437,454
2020-03-20,505,437,437,454
2020-03-23,505,437,437,454
2020-03-24,505,437,437,454
2020-03-25,505,437,437,454
2020-03-26,505,437,437,454
2020-03-27,505,437,437,454
2020-03-30,505,437,437,454
2020-03-31,505,437,437,454
2020-04-01,505,437,437,454
2020-04-02,505,437,437,454
2020-04-03,507,440,440,456
2020-04-06,505,440,440,456
2020-04-07,505,440,440,456
2020-04-08,505,440,440,456
2020-04-09,505,440,440,456
2020-04-13,505,440,440,456
2020-04-14,505,440,440,456
2020-04-15,505,440,440,456
2020-04-16,505,440,440,456
2020-04-17,505,440,440,456
2020-04-20,505,440,440,456
2020-04-21,505,440,440,456
2020-04-22,505,440,440,456
2020-04-23,505,440,440,456
2020-04-24,505,440,440,456
2020-04-27,505,440,440,456
2020-04-28,505,440,440,456
2020-04-29,505,440,440,456
2020-04-30,505,440,440,456
2020-05-01,505,440,440,456
2020-05-04,505,440,440,456
2020-05-05,505,440,440,456
2020-05-06,505,440,440,456
2020-05-07,505,440,440,456
2020-05-08,505,440,440,456
2020-05-11,505,440,440,456
2020-05-12,505,441,441,457
2020-05-13,505,441,441,457
2020-05-14,505,441,441,457
2020-05-15,505,441,441,457
2020-05-18,505,441,441,457
2020-05-19,505,441,441,457
2020-05-20,505,441,441,457
2020-05-21,505,441,441,457
2020-05-22,505,441,441,457
2020-05-26,505,441,441,457
2020-05-27,505,441,441,457
2020-05-28,505,441,441,457
2020-05-29,505,441,441,457
2020-06-01,505,441,441,457
2020-06-02,505,441,441,457
2020-06-03,505,441,441,457
2020-06-04,505,441,441,457
2020-06-05,505,441,441,457
2020-06-08,505,441,441,457
2020-06-09,505,441,441,457
2020-06-10,505,441,441,457
2020-06-11,505,441,441,457
2020-06-12,505,441,441,457
2020-06-15,505,441,441,457
2020-06-16,505,441,441,457
2020-06-17,505,441,441,457
2020-06-18,505,441,441,457
2020-06-19,505,441,441,457
2020-06-22,505,443,443,459
2020-06-23,505,443,443,459
2020-06-24,505,443,443,459
2020-06-25,505,443,443,459
2020-06-26,505,443,443,459
2020-06-29,505,443,443,459
2020-06-30,505,443,443,459
2020-07-01,505,443,443,459
2020-07-02,505,443,443,459
2020-07-06,505,443,443,459
2020-07-07,505,443,443,459
2020-07-08,505,443,443,459
2020-07-09,505,443,443,459
2020-07-10,505,443,443,459
2020-07-13,505,443,443,459
2020-07-14,505,443,443,459
2020-07-15,505,443,443,459
2020-07-16,505,443,443,459
2020-07-17,505,443,443,459
2020-07-20,505,443,443,459
2020-07-21,505,443,443,459
2020-07-22,505,443,443,459
2020-07-23,505,443,443,459
2020-07-24,505,443,443,459
2020-07-27,505,443,443,459
2020-07-28,505,443,443,459
2020-07-29,505,443,443,459
2020-07-30,505,443,443,459
2020-07-31,505,443,443,459
2020-08-03,505,443,443,459
2020-08-04,505,443,443,459
2020-08-05,505,443,443,459
2020-08-06,505,443,443,459
2020-08-07,505,443,443,459
2020-08-10,505,443,443,459
2020-08-11,505,443,443,459
2020-08-12,505,443,443,459
2020-08-13,505,443,443,459
2020-08-14,505,443,443,459
2020-08-17,505,443,443,459
2020-08-18,505,443,443,459
2020-08-19,505,443,443,459
2020-08-20,505,443,443,459
2020-08-21,505,443,443,459
2020-08-24,505,443,443,459
2020-08-25,505,443,443,459
2020-08-26,505,443,443,459
2020-08-27,505,443,443,459
2020-08-28,505,443,443,459
2020-08-31,505,443,443,459
2020-09-01,505,443,443,459
2020-09-02,505,443,443,459
2020-09-03,505,443,443,459
2020-09-04,505,443,443,459
2020-09-08,505,443,443,459
2020-09-09,505,443,443,459
2020-09-10,505,443,443,459
2020-09-11,505,443,443,459
2020-09-14,505,443,443,459
2020-09-15,505,443,443,459
2020-09-16,505,443,443,459
2020-09-17,505,443,443,459
2020-09-18,505,444,444,459
2020-09-21,505,443,443,458
2020-09-22,505,443,443,458
2020-09-23,505,443,443,458
2020-09-24,505,443,443,458
2020-09-25,505,443,443,458
2020-09-28,505,443,443,458
2020-09-29,505,443,443,458
2020-09-30,505,443,443,458
2020-10-01,505,443,443,458
2020-10-02,505,443,443,458
2020-10-05,505,443,443,458
2020-10-06,505,443,443,458
2020-10-07,505,444,444,459
2020-10-08,505,444,444,459
2020-10-09,505,444,444,459
2020-10-12,505,445,445,460
2020-10-13,505,445,445,460
2020-10-14,505,445,445,460
2020-10-15,505,445,445,460
2020-10-16,505,445,445,460
2020-10-19,505,445,445,460
2020-10-20,505,445,445,460
2020-10-21,505,445,445,460
2020-10-22,505,445,445,460
2020-10-23,505,445,445,460
2020-10-26,505,445,445,460
2020-10-27,505,445,445,460
2020-10-28,505,445,445,460
2020-10-29,505,445,445,460
2020-10-30,505,445,445,460
2020-11-02,505,445,445,460
2020-11-03,505,445,445,460
2020-11-04,505,445,445,460
2020-11-05,505,445,445,460
2020-11-06,505,445,445,460
2020-11-09,505,445,445,460
2020-11-10,505,445,445,460
2020-11-11,505,445,445,460
2020-11-12,505,445,445,460
2020-11-13,505,445,445,460
2020-11-16,505,445,445,460
2020-11-17,505,446,446,460
2020-11-18,505,446,446,460
2020-11-19,505,446,446,460
2020-11-20,505,446,446,460
2020-11-23,505,446,446,460
2020-11-24,505,446,446,460
2020-11-25,505,446,446,460
2020-11-27,505,446,446,460
2020-11-30,505,446,446,460
2020-12-01,505,446,446,460
2020-12-02,505,446,446,460
2020-12-03,505,446,446,460
2020-12-04,505,446,446,460
2020-12-07,505,446,446,460
2020-12-08,505,446,446,460
2020-12-09,505,446,446,460
2020-12-10,505,446,446,460
2020-12-11,505,446,446,460
2020-12-14,505,446,446,460
2020-12-15,505,446,446,460
2020-12-16,505,446,446,460
2020-12-17,505,446,446,460
2020-12-18,505,446,446,460
2020-12-21,505,446,446,460
2020-12-22,505,446,446,460
2020-12-23,505,446,446,460
2020-12-24,505,446,446,460
2020-12-28,505,446,446,460
2020-12-29,505,446,446,460
2020-12-30,505,446,446,460
2020-12-31,505,446,446,460
2021-01-04,505,446,446,460
2021-01-05,505,446,446,460
2021-01-06,505,446,446,460
2021-01-07,505,447,447,461
2021-01-08,505,447,447,461
2021-01-11,505,447,447,461
2021-01-12,505,447,447,461
2021-01-13,505,447,447,461
2021-01-14,505,447,447,461
2021-01-15,505,447,447,461
2021-01-19,505,447,447,461
2021-01-20,505,447,447,461
2021-01-21,505,448,448,462
2021-01-22,505,448,448,462
2021-01-25,505,448,448,462
2021-01-26,505,448,448,462
2021-01-27,505,448,448,462
2021-01-28,505,448,448,462
2021-01-29,505,448,448,462
2021-02-01,505,448,448,462
2021-02-02,505,448,448,462
2021-02-03,505,448,448,462
2021-02-04,505,448,448,462
2021-02-05,505,448,448,462
2021-02-08,505,448,448,462
2021-02-09,505,448,448,462
2021-02-10,505,448,448,462
2021-02-11,505,448,448,462
2021-02-12,505,448,448,462
2021-02-16,505,448,448,462
2021-02-17,505,448,448,462
2021-02-18,505,448,448,462
2021-02-19,505,448,448,462
2021-02-22,505,448,448,462
2021-02-23,505,448,448,462
2021-02-24,505,448,448,462
2021-02-25,505,448,448,462
2021-02-26,505,448,448,462
2021-03-01,505,448,448,462
2021-03-02,505,448,448,462
2021-03-03,505,448,448,462
2021-03-04,505,448,448,462
2021-03-05,505,448,448,462
2021-03-08,505,448,448,462
2021-03-09,505,448,448,462
2021-03-10,505,448,448,462
2021-03-11,505,448,448,462
2021-03-12,505,448,448,462
2021-03-15,505,448,448,462
2021-03-16,505,448,448,462
2021-03-17,505,448,448,462
2021-03-18,505,448,448,462
2021-03-19,505,448,448,462
2021-03-22,505,448,448,462
2021-03-23,505,448,448,462
2021-03-24,505,448,448,462
2021-03-25,505,448,448,462
2021-03-26,505,448,448,462
2021-03-29,505,448,448,462
2021-03-30,505,448,448,462
2021-03-31,505,448,448,462
2021-04-01,505,448,448,462
2021-04-05,505,448,448,462
2021-04-06,505,448,448,462
2021-04-07,505,448,448,462
2021-04-08,505,448,448,462
2021-04-09,505,448,448,462
2021-04-12,505,448,448,462
2021-04-13,505,448,448,462
2021-04-14,505,448,448,462
2021-04-15,505,448,448,462
2021-04-16,505,448,448,462
2021-04-19,505,448,448,462
2021-04-20,505,449,449,463
2021-04-21,505,449,449,463
2021-04-22,505,449,449,463
2021-04-23,505,449,449,463
2021-04-26,505,449,449,463
2021-04-27,505,449,449,463
2021-04-28,505,449,449,463
2021-04-29,505,449,449,463
2021-04-30,505,449,449,463
2021-05-03,505,449,449,463
2021-05-04,505,449,449,463
2021-05-05,505,449,449,463
2021-05-06,505,449,449,463
2021-05-07,505,449,449,463
2021-05-10,505,449,449,463
2021-05-11,505,449,449,463
2021-05-12,505,449,449,463
2021-05-13,505,449,449,463
2021-05-14,505,450,450,464
2021-05-17,505,450,450,464
2021-05-18,505,450,450,464
2021-05-19,505,450,450,464
2021-05-20,505,450,450,464
2021-05-21,505,450,450,464
2021-05-24,505,450,450,464
2021-05-25,505,450,450,464
2021-05-26,505,450,450,464
2021-05-27,505,450,450,464
2021-05-28,505,450,450,464
2021-06-01,505,450,450,464
2021-06-02,505,450,450,464
2021-06-03,505,450,450,464
2021-06-04,505,451,451,465
2021-06-07,505,451,451,465
2021-06-08,505,451,451,465
2021-06-09,505,451,451,465
2021-06-10,505,451,451,465
2021-06-11,505,451,451,465
2021-06-14,505,451,451,465
2021-06-15,505,451,451,465
2021-06-16,505,451,451,465
2021-06-17,505,451,451,465
2021-06-18,505,451,451,465
2021-06-21,505,451,451,465
2021-06-22,505,451,451,465
2021-06-23,505,451,451,465
2021-06-24,505,451,451,465
2021-06-25,505,451,451,465
2021-06-28,505,451,451,465
2021-06-29,505,451,451,465
2021-06-30,505,451,451,465
2021-07-01,505,451,451,465
2021-07-02,505,451,451,465
2021-07-06,505,451,451,465
2021-07-07,505,451,451,465
2021-07-08,505,451,451,465
2021-07-09,505,451,451,465
2021-07-12,505,451,451,465
2021-07-13,505,451,451,465
2021-07-14,505,451,451,465
2021-07-15,505,451,451,465
2021-07-16,505,451,451,465
2021-07-19,505,451,451,465
2021-07-20,505,451,451,465
2021-07-21,505,452,452,466
2021-07-22,505,452,452,466
2021-07-23,505,452,452,466
2021-07-26,505,452,452,466
2021-07-27,505,452,452,466
2021-07-28,505,452,452,466
2021-07-29,505,452,452,466
2021-07-30,505,452,452,466
2021-08-02,505,452,452,466
2021-08-03,505,453,453,466
2021-08-04,505,453,453,466
2021-08-05,505,453,453,466
2021-08-06,505,453,453,466
2021-08-09,505,453,453,466
2021-08-10,505,453,453,466
2021-08-11,505,453,453,466
2021-08-12,505,453,453,466
2021-08-13,505,453,453,466
2021-08-16,505,453,453,466
2021-08-17,505,453,453,466
2021-08-18,505,453,453,466
2021-08-19,505,453,453,466
2021-08-20,505,453,453,466
2021-08-23,505,453,453,466
2021-08-24,505,453,453,466
2021-08-25,505,453,453,466
2021-08-26,505,453,453,466
2021-08-27,505,453,453,466
2021-08-30,505,454,454,467
2021-08-31,505,454,454,467
2021-09-01,505,454,454,467
2021-09-02,505,454,454,467
2021-09-03,505,454,454,467
2021-09-07,505,454,454,467
2021-09-08,505,454,454,467
2021-09-09,505,454,454,467
2021-09-10,505,454,454,467
2021-09-13,505,454,454,467
2021-09-14,505,454,454,467
2021-09-15,505,454,454,467
2021-09-16,505,454,454,467
2021-09-17,505,454,454,467
2021-09-20,505,453,453,466
2021-09-21,505,453,453,466
2021-09-22,505,453,453,466
2021-09-23,505,453,453,466
2021-09-24,505,453,453,466
2021-09-27,505,453,453,466
2021-09-28,505,453,453,466
2021-09-29,505,453,453,466
2021-09-30,505,453,453,466
2021-10-01,505,453,453,466
2021-10-04,505,453,453,466
2021-10-05,505,453,453,466
2021-10-06,505,453,453,466
2021-10-07,505,453,453,466
2021-10-08,505,453,453,466
2021-10-11,505,453,453,466
2021-10-12,505,453,453,466
2021-10-13,505,453,453,466
2021-10-14,505,453,453,466
2021-10-15,505,453,453,466
2021-10-18,505,453,453,466
2021-10-19,505,453,453,466
2021-10-20,505,453,453,466
2021-10-21,505,453,453,466
2021-10-22,505,453,453,466
2021-10-25,505,453,453,466
2021-10-26,505,453,453,466
2021-10-27,505,453,453,466
2021-10-28,505,453,453,466
2021-10-29,505,453,453,466
2021-11-01,505,453,453,466
2021-11-02,505,453,453,466
2021-11-03,505,453,453,466
2021-11-04,505,453,453,466
2021-11-05,505,453,453,466
2021-11-08,505,453,453,466
2021-11-09,505,453,453,466
2021-11-10,505,453,453,466
2021-11-11,505,453,453,466
2021-11-12,505,453,453,466
2021-11-15,505,453,453,466
2021-11-16,505,453,453,466
2021-11-17,505,453,453,466
2021-11-18,505,453,453,466
2021-11-19,505,453,453,466
2021-11-22,505,453,453,466
2021-11-23,505,453,453,466
2021-11-24,505,453,453,466
2021-11-26,505,453,453,466
2021-11-29,505,453,453,466
2021-11-30,505,453,453,466
2021-12-01,505,453,453,466
2021-12-02,505,453,453,466
2021-12-03,505,453,453,466
2021-12-06,505,453,453,466
2021-12-07,505,453,453,466
2021-12-08,505,453,453,466
2021-12-09,505,453,453,466
2021-12-10,505,453,453,466
2021-12-13,505,453,453,466
2021-12-14,505,454,454,467
2021-12-15,505,454,454,467
2021-12-16,505,454,454,467
2021-12-17,505,454,454,467
2021-12-20,505,455,455,468
2021-12-21,505,455,455,468
2021-12-22,505,455,455,468
2021-12-23,505,455,455,468
2021-12-27,505,455,455,468
2021-12-28,505,455,455,468
2021-12-29,505,455,455,468
2021-12-30,505,455,455,468
2021-12-31,505,455,455,468
2022-01-03,505,455,455,468
2022-01-04,505,455,455,468
2022-01-05,505,455,455,468
2022-01-06,505,455,455,468
2022-01-07,505,455,455,468
2022-01-10,505,456,456,469
2022-01-11,505,456,456,469
2022-01-12,505,456,456,469
2022-01-13,505,456,456,469
2022-01-14,505,456,456,469
2022-01-18,505,456,456,469
2022-01-19,505,456,456,469
2022-01-20,505,456,456,469
2022-01-21,505,456,456,469
2022-01-24,505,456,456,469
2022-01-25,505,456,456,469
2022-01-26,505,456,456,469
2022-01-27,505,456,456,469
2022-01-28,505,456,456,469
2022-01-31,505,456,456,469
2022-02-01,505,456,456,469
2022-02-02,505,457,457,470
2022-02-03,505,457,457,470
2022-02-04,505,457,457,470
2022-02-07,505,457,457,470
2022-02-08,505,457,457,470
2022-02-09,505,457,457,470
2022-02-10,505,457,457,470
2022-02-11,505,457,457,470
2022-02-14,505,457,457,470
2022-02-15,505,458,458,471
2022-02-16,505,458,458,471
2022-02-17,505,459,459,471
2022-02-18,505,459,459,471
2022-02-22,505,459,459,471
2022-02-23,505,459,459,471
2022-02-24,505,459,459,471
2022-02-25,505,459,459,471
2022-02-28,505,459,459,471
2022-03-01,505,459,459,471
2022-03-02,505,460,460,472
2022-03-03,505,460,460,472
2022-03-04,505,460,460,472
2022-03-07,505,460,460,472
2022-03-08,505,460,460,472
2022-03-09,505,460,460,472
2022-03-10,505,460,460,472
2022-03-11,505,460,460,472
2022-03-14,505,460,460,472
2022-03-15,505,460,460,472
2022-03-16,505,460,460,472
2022-03-17,505,460,460,472
2022-03-18,505,460,460,472
2022-03-21,505,460,460,472
2022-03-22,505,460,460,472
2022-03-23,505,460,460,472
2022-03-24,505,460,460,472
2022-03-25,505,460,460,472
2022-03-28,505,460,460,472
2022-03-29,505,460,460,472
2022-03-30,505,460,460,472
2022-03-31,505,460,460,472
2022-04-01,505,460,460,472
2022-04-04,505,461,461,473
2022-04-05,505,461,461,473
2022-04-06,505,461,461,473
2022-04-07,505,461,461,473
2022-04-08,505,461,461,473
2022-04-11,504,462,462,474
2022-04-12,504,462,462,474
2022-04-13,504,462,462,474
2022-04-14,504,462,462,474
2022-04-18,504,462,462,474
2022-04-19,504,462,462,474
2022-04-20,504,462,462,474
2022-04-21,504,462,462,474
2022-04-22,504,462,462,474
2022-04-25,504,462,462,474
2022-04-26,504,462,462,474
2022-04-27,504,462,462,474
2022-04-28,504,462,462,474
2022-04-29,504,462,462,474
2022-05-02,504,462,462,474
2022-05-03,504,462,462,474
2022-05-04,504,462,462,474
2022-05-05,504,462,462,474
2022-05-06,504,462,462,474
2022-05-09,504,462,462,474
2022-05-10,504,463,463,474
2022-05-11,504,463,463,474
2022-05-12,504,463,463,474
2022-05-13,504,463,463,474
2022-05-16,504,463,463,474
2022-05-17,504,463,463,474
2022-05-18,504,463,463,474
2022-05-19,504,463,463,474
2022-05-20,504,463,463,474
2022-05-23,504,463,463,474
2022-05-24,504,463,463,474
2022-05-25,504,463,463,474
2022-05-26,504,463,463,474
2022-05-27,504,463,463,474
2022-05-31,504,463,463,474
2022-06-01,504,463,463,474
2022-06-02,504,463,463,474
2022-06-03,504,463,463,474
2022-06-06,504,463,463,474
2022-06-07,504,463,463,474
2022-06-08,504,464,464,475
2022-06-09,504,465,465,475
2022-06-10,504,465,465,475
2022-06-13,504,465,465,475
2022-06-14,504,465,465,475
2022-06-15,504,465,465,475
2022-06-16,504,465,465,475
2022-06-17,504,465,465,475
2022-06-21,503,464,464,474
2022-06-22,503,464,464,474
2022-06-23,503,464,464,474
2022-06-24,503,464,464,474
2022-06-27,503,464,464,474
2022-06-28,503,465,465,474
2022-06-29,503,465,465,474
2022-06-30,503,465,465,474
2022-07-01,503,465,465,474
2022-07-05,503,465,465,474
2022-07-06,503,465,465,474
2022-07-07,503,465,465,474
2022-07-08,503,465,465,474
2022-07-11,503,465,465,474
2022-07-12,503,465,465,474
2022-07-13,503,465,465,474
2022-07-14,503,465,465,474
2022-07-15,503,465,465,474
2022-07-18,503,465,465,474
2022-07-19,503,465,465,474
2022-07-20,503,465,465,474
2022-07-21,503,465,465,474
2022-07-22,503,465,465,474
2022-07-25,503,465,465,474
2022-07-26,503,465,465,474
2022-07-27,503,465,465,474
2022-07-28,503,465,465,474
2022-07-29,503,465,465,474
2022-08-01,503,465,465,474
2022-08-02,503,465,465,474
2022-08-03,503,465,465,474
2022-08-04,503,465,465,474
2022-08-05,503,465,465,474
2022-08-08,503,465,465,474
2022-08-09,503,465,465,474
2022-08-10,503,465,465,474
2022-08-11,503,465,465,474
2022-08-12,503,465,465,474
2022-08-15,503,465,465,474
2022-08-16,503,465,465,474
2022-08-17,503,465,465,474
2022-08-18,503,465,465,474
2022-08-19,503,465,465,474
2022-08-22,503,465,465,474
2022-08-23,503,465,465,474
2022-08-24,503,465,465,474
2022-08-25,503,465,465,474
2022-08-26,503,465,465,474
2022-08-29,503,465,465,474
2022-08-30,503,465,465,474
2022-08-31,503,465,465,474
2022-09-01,503,465,465,474
2022-09-02,503,465,465,474
2022-09-06,503,465,465,474
2022-09-07,503,465,465,474
2022-09-08,503,465,465,474
2022-09-09,503,465,465,474
2022-09-12,503,465,465,474
2022-09-13,503,465,465,474
2022-09-14,503,465,465,474
2022-09-15,503,465,465,474
2022-09-16,503,465,465,474
2022-09-19,503,465,465,474
2022-09-20,503,465,465,474
2022-09-21,503,465,465,474
2022-09-22,503,465,465,474
2022-09-23,503,465,465,474
2022-09-26,503,465,465,474
2022-09-27,503,465,465,474
2022-09-28,503,465,465,474
2022-09-29,503,465,465,474
2022-09-30,503,465,465,474
2022-10-03,503,467,467,476
2022-10-04,503,467,467,476
2022-10-05,503,467,467,476
2022-10-06,503,467,467,476
2022-10-07,503,467,467,476
2022-10-10,503,467,467,476
2022-10-11,503,467,467,476
2022-10-12,503,468,468,477
2022-10-13,503,468,468,477
2022-10-14,503,468,468,477
2022-10-17,503,468,468,477
2022-10-18,503,468,468,477
2022-10-19,503,468,468,477
2022-10-20,503,468,468,477
2022-10-21,503,468,468,477
2022-10-24,503,468,468,477
2022-10-25,503,468,468,477
2022-10-26,503,468,468,477
2022-10-27,503,468,468,477
2022-10-28,503,468,468,477
2022-10-31,503,468,468,477
2022-11-01,503,469,469,478
2022-11-02,503,469,469,478
2022-11-03,503,469,469,478
2022-11-04,503,469,469,478
2022-11-07,503,469,469,478
2022-11-08,503,470,470,478
2022-11-09,503,470,470,478
2022-11-10,503,470,470,478
2022-11-11,503,470,470,478
2022-11-14,503,470,470,478
2022-11-15,503,470,470,478
2022-11-16,503,470,470,478
2022-11-17,503,470,470,478
2022-11-18,503,470,470,478
2022-11-21,503,470,470,478
2022-11-22,503,470,470,478
2022-11-23,503,470,470,478
2022-11-25,503,470,470,478
2022-11-28,503,470,470,478
2022-11-29,503,470,470,478
2022-11-30,503,470,470,478
2022-12-01,503,470,470,478
2022-12-02,503,470,470,478
2022-12-05,503,470,470,478
2022-12-06,503,470,470,478
2022-12-07,503,470,470,478
2022-12-08,503,470,470,478
2022-12-09,503,470,470,478
2022-12-12,503,470,470,478
2022-12-13,503,470,470,478
2022-12-14,503,470,470,478
2022-12-15,503,470,470,478
2022-12-16,503,470,470,478
2022-12-19,503,471,471,479
2022-12-20,503,471,471,479
2022-12-21,503,471,471,479
2022-12-22,503,472,472,480
2022-12-23,503,472,472,480
2022-12-27,503,472,472,480
2022-12-28,503,472,472,480
2022-12-29,503,472,472,480
2022-12-30,503,472,472,480
2023-01-03,503,472,472,480
2023-01-04,503,472,472,480
2023-01-05,503,472,472,480
2023-01-06,503,472,472,480
2023-01-09,503,472,472,480
2023-01-10,503,472,472,480
2023-01-11,503,472,472,480
2023-01-12,503,472,472,480
2023-01-13,503,472,472,480
2023-01-17,503,472,472,480
2023-01-18,503,472,472,480
2023-01-19,503,472,472,480
2023-01-20,503,472,472,480
2023-01-23,503,472,472,480
2023-01-24,503,472,472,480
2023-01-25,503,472,472,480
2023-01-26,503,472,472,480
2023-01-27,503,472,472,480
2023-01-30,503,472,472,480
2023-01-31,503,472,472,480
2023-02-01,503,472,472,480
2023-02-02,503,472,472,480
2023-02-03,503,472,472,480
2023-02-06,503,472,472,480
2023-02-07,503,472,472,480
2023-02-08,503,472,472,480
2023-02-09,503,472,472,480
2023-02-10,503,472,472,480
2023-02-13,503,472,472,480
2023-02-14,503,472,472,480
2023-02-15,503,472,472,480
2023-02-16,503,472,472,480
2023-02-17,503,472,472,480
2023-02-21,503,472,472,480
2023-02-22,503,472,472,480
2023-02-23,503,472,472,480
2023-02-24,503,472,472,480
2023-02-27,503,472,472,480
2023-02-28,503,472,472,480
2023-03-01,503,472,472,480
2023-03-02,503,472,472,480
2023-03-03,503,472,472,480
2023-03-06,503,472,472,480
2023-03-07,503,472,472,480
2023-03-08,503,472,472,480
2023-03-09,503,472,472,480
2023-03-10,503,472,472,480
2023-03-13,503,472,472,480
2023-03-14,503,472,472,480
2023-03-15,503,474,474,482
2023-03-16,503,474,474,482
2023-03-17,503,474,474,482
2023-03-20,503,474,474,482
2023-03-21,503,474,474,482
2023-03-22,503,474,474,482
2023-03-23,503,474,474,482
2023-03-24,503,474,474,482
2023-03-27,503,474,474,482
2023-03-28,503,474,474,482
2023-03-29,503,474,474,482
2023-03-30,503,474,474,482
2023-03-31,503,474,474,482
2023-04-03,503,474,474,482
2023-04-04,503,474,474,482
2023-04-05,503,474,474,482
2023-04-06,503,474,474,482
2023-04-10,503,474,474,482
2023-04-11,503,474,474,482
2023-04-12,503,474,474,482
2023-04-13,503,474,474,482
2023-04-14,503,474,474,482
2023-04-17,503,474,474,482
2023-04-18,503,474,474,482
2023-04-19,503,474,474,482
2023-04-20,503,474,474,482
2023-04-21,503,474,474,482
2023-04-24,503,474,474,482
2023-04-25,503,474,474,482
2023-04-26,503,474,474,482
2023-04-27,503,474,474,482
2023-04-28,503,474,474,482
2023-05-01,503,474,474,482
2023-05-02,503,474,474,482
2023-05-03,503,474,474,482
2023-05-04,503,475,475,483
2023-05-05,503,475,475,483
2023-05-08,503,475,475,483
2023-05-09,503,475,475,483
2023-05-10,503,475,475,483
2023-05-11,503,475,475,483
2023-05-12,503,475,475,483
2023-05-15,503,475,475,483
2023-05-16,503,476,476,483
2023-05-17,503,476,476,483
2023-05-18,503,476,476,483
2023-05-19,503,476,476,483
2023-05-22,503,476,476,483
2023-05-23,503,476,476,483
2023-05-24,503,476,476,483
2023-05-25,503,476,476,483
2023-05-26,503,476,476,483
2023-05-30,503,476,476,483
2023-05-31,503,476,476,483
2023-06-01,503,476,476,483
2023-06-02,503,476,476,483
2023-06-05,503,476,476,483
2023-06-06,503,476,476,483
2023-06-07,503,475,475,483
2023-06-08,503,475,475,483
2023-06-09,503,475,475,483
2023-06-12,503,475,475,483
2023-06-13,503,475,475,483
2023-06-14,503,475,475,483
2023-06-15,503,475,475,483
2023-06-16,503,475,475,483
2023-06-20,503,476,476,484
2023-06-21,503,476,476,484
2023-06-22,503,476,476,484
2023-06-23,503,476,476,484
2023-06-26,503,476,476,484
2023-06-27,503,476,476,484
2023-06-28,503,476,476,484
2023-06-29,503,476,476,484
2023-06-30,503,476,476,484
2023-07-03,503,476,476,484
2023-07-05,503,476,476,484
2023-07-06,503,476,476,484
2023-07-07,503,476,476,484
2023-07-10,503,477,477,484
2023-07-11,503,477,477,484
2023-07-12,503,477,477,484
2023-07-13,503,477,477,484
2023-07-14,503,477,477,484
2023-07-17,503,477,477,484
2023-07-18,503,477,477,484
2023-07-19,503,477,477,484
2023-07-20,503,477,477,484
2023-07-21,503,477,477,484
2023-07-24,503,477,477,484
2023-07-25,503,477,477,484
2023-07-26,503,477,477,484
2023-07-27,503,477,477,484
2023-07-28,503,477,477,484
2023-07-31,503,477,477,484
2023-08-01,503,477,477,484
2023-08-02,503,477,477,484
2023-08-03,503,477,477,484
2023-08-04,503,477,477,484
2023-08-07,503,477,477,484
2023-08-08,503,477,477,484
2023-08-09,503,477,477,484
2023-08-10,503,477,477,484
2023-08-11,503,477,477,484
2023-08-14,503,477,477,484
2023-08-15,503,477,477,484
2023-08-16,503,477,477,484
2023-08-17,503,477,477,484
2023-08-18,503,477,477,484
2023-08-21,503,477,477,484
2023-08-22,503,477,477,484
2023-08-23,503,477,477,484
2023-08-24,503,477,477,484
2023-08-25,503,477,477,484
2023-08-28,503,477,477,484
2023-08-29,503,477,477,484
2023-08-30,503,478,478,484
2023-08-31,503,478,478,484
2023-09-01,503,478,478,484
2023-09-05,503,478,478,484
2023-09-06,503,478,478,484
2023-09-07,503,478,478,484
2023-09-08,503,478,478,484
2023-09-11,503,478,478,484
2023-09-12,503,478,478,484
2023-09-13,503,478,478,484
2023-09-14,503,478,478,484
2023-09-15,503,478,478,484
2023-09-18,503,478,478,484
2023-09-19,503,478,478,484
2023-09-20,503,478,478,484
2023-09-21,503,478,478,484
2023-09-22,503,478,478,484
2023-09-25,503,478,478,484
2023-09-26,503,478,478,484
2023-09-27,503,478,478,484
2023-09-28,503,478,478,484
2023-09-29,503,478,478,484
2023-10-02,503,477,477,483
2023-10-03,503,477,477,483
2023-10-04,503,478,478,484
2023-10-05,503,478,478,484
2023-10-06,503,478,478,484
2023-10-09,503,478,478,484
2023-10-10,503,478,478,484
2023-10-11,503,478,478,484
2023-10-12,503,478,478,484
2023-10-13,503,478,478,484
2023-10-16,503,478,478,484
2023-10-17,503,478,478,484
2023-10-18,503,479,479,485
2023-10-19,503,479,479,485
2023-10-20,503,479,479,485
2023-10-23,503,479,479,485
2023-10-24,503,479,479,485
2023-10-25,503,479,479,485
2023-10-26,503,479,479,485
2023-10-27,503,479,479,485
2023-10-30,503,479,479,485
2023-10-31,503,479,479,485
2023-11-01,503,479,479,485
2023-11-02,503,479,479,485
2023-11-03,503,479,479,485
2023-11-06,503,479,479,485
2023-11-07,503,479,479,485
2023-11-08,503,479,479,485
2023-11-09,503,479,479,485
2023-11-10,503,479,479,485
2023-11-13,503,479,479,485
2023-11-14,503,479,479,485
2023-11-15,503,479,479,485
2023-11-16,503,479,479,485
2023-11-17,503,479,479,485
2023-11-20,503,479,479,485
2023-11-21,503,479,479,485
2023-11-22,503,479,479,485
2023-11-24,503,479,479,485
2023-11-27,503,479,479,485
2023-11-28,503,479,479,485
2023-11-29,503,479,479,485
2023-11-30,503,479,479,485
2023-12-01,503,479,479,485
2023-12-04,503,479,479,485
2023-12-05,503,479,479,485
2023-12-06,503,479,479,485
2023-12-07,503,479,479,485
2023-12-08,503,479,479,485
2023-12-11,503,479,479,485
2023-12-12,503,479,479,485
2023-12-13,503,479,479,485
2023-12-14,503,479,479,485
2023-12-15,503,479,479,485
2023-12-18,503,480,480,486
2023-12-19,503,480,480,486
2023-12-20,503,480,480,486
2023-12-21,503,480,480,486
2023-12-22,503,480,480,486
2023-12-26,503,480,480,486
2023-12-27,503,480,480,486
2023-12-28,503,480,480,486
2023-12-29,503,480,480,486
2024-01-02,503,480,480,486
2024-01-03,503,480,480,486
2024-01-04,503,480,480,486
2024-01-05,503,480,480,486
2024-01-08,503,480,480,486
2024-01-09,503,480,480,486
2024-01-10,503,480,480,486
2024-01-11,503,480,480,486
2024-01-12,503,480,480,486
2024-01-16,503,480,480,486
2024-01-17,503,480,480,486
2024-01-18,503,480,480,486
2024-01-19,503,480,480,486
2024-01-22,503,480,480,486
2024-01-23,503,480,480,486
2024-01-24,503,480,480,486
2024-01-25,503,480,480,486
2024-01-26,503,480,480,486
2024-01-29,503,480,480,486
2024-01-30,503,480,480,486
2024-01-31,503,480,480,486
2024-02-01,503,480,480,486
2024-02-02,503,480,480,486
2024-02-05,503,480,480,486
2024-02-06,503,480,480,486
2024-02-07,503,480,480,486
2024-02-08,503,480,480,486
2024-02-09,503,480,480,486
2024-02-12,503,480,480,486
2024-02-13,503,480,480,486
2024-02-14,503,480,480,486
2024-02-15,503,480,480,486
2024-02-16,503,480,480,486
2024-02-20,503,480,480,486
2024-02-21,503,480,480,486
2024-02-22,503,480,480,486
2024-02-23,503,480,480,486
2024-02-26,503,480,480,486
2024-02-27,503,480,480,486
2024-02-28,503,480,480,486
2024-02-29,503,480,480,486
2024-03-01,503,480,480,486
2024-03-04,503,481,481,486
2024-03-05,503,481,481,486
2024-03-06,503,481,481,486
2024-03-07,503,481,481,486
2024-03-08,503,481,481,486
2024-03-11,503,481,481,486
2024-03-12,503,481,481,486
2024-03-13,503,481,481,486
2024-03-14,503,481,481,486
2024-03-15,503,481,481,486
2024-03-18,503,481,481,486
2024-03-19,503,481,481,486
2024-03-20,503,481,481,486
2024-03-21,503,481,481,486
2024-03-22,503,481,481,486
2024-03-25,503,482,482,486
2024-03-26,503,482,482,486
2024-03-27,503,482,482,486
2024-03-28,503,482,482,486
2024-04-01,503,482,482,486
2024-04-02,503,482,482,486
2024-04-03,503,482,482,486
2024-04-04,503,482,482,486
2024-04-05,503,482,482,486
2024-04-08,503,482,482,486
2024-04-09,503,482,482,486
2024-04-10,503,482,482,486
2024-04-11,503,482,482,486
2024-04-12,503,482,482,486
2024-04-15,503,482,482,486
2024-04-16,503,482,482,486
2024-04-17,503,482,482,486
2024-04-18,503,482,482,486
2024-04-19,503,482,482,486
2024-04-22,503,482,482,486
2024-04-23,503,482,482,486
2024-04-24,503,482,482,486
2024-04-25,503,482,482,486
2024-04-26,503,482,482,486
2024-04-29,503,482,482,486
2024-04-30,503,482,482,486
2024-05-01,503,482,482,486
2024-05-02,503,482,482,486
2024-05-03,503,482,482,486
2024-05-06,503,482,482,486
2024-05-07,503,482,482,486
2024-05-08,503,483,483,487
2024-05-09,503,483,483,487
2024-05-10,503,483,483,487
2024-05-13,503,483,483,487
2024-05-14,503,483,483,487
2024-05-15,503,483,483,487
2024-05-16,503,483,483,487
2024-05-17,503,483,483,487
2024-05-20,503,483,483,487
2024-05-21,503,483,483,487
2024-05-22,503,483,483,487
2024-05-23,503,483,483,487
2024-05-24,503,483,483,487
2024-05-28,503,483,483,487
2024-05-29,503,483,483,487
2024-05-30,503,483,483,487
2024-05-31,503,483,483,487
2024-06-03,503,483,483,487
2024-06-04,503,483,483,487
2024-06-05,503,483,483,487
2024-06-06,503,483,483,487
2024-06-07,503,483,483,487
2024-06-10,503,483,483,487
2024-06-11,503,483,483,487
2024-06-12,503,483,483,487
2024-06-13,503,483,483,487
2024-06-14,503,483,483,487
2024-06-17,503,483,483,487
2024-06-18,503,483,483,487
2024-06-20,503,483,483,487
2024-06-21,503,483,483,487
2024-06-24,503,484,484,488
2024-06-25,503,484,484,488
2024-06-26,503,484,484,488
2024-06-27,503,484,484,488
2024-06-28,503,484,484,488
2024-07-01,503,484,484,488
2024-07-02,503,484,484,488
2024-07-03,503,484,484,488
2024-07-05,503,484,484,488
2024-07-08,503,485,485,489
2024-07-09,503,485,485,489
2024-07-10,503,485,485,489
2024-07-11,503,485,485,489
2024-07-12,503,485,485,489
2024-07-15,503,485,485,489
2024-07-16,503,485,485,489
2024-07-17,503,485,485,489
2024-07-18,503,485,485,489
2024-07-19,503,485,485,489
2024-07-22,503,485,485,489
2024-07-23,503,485,485,489
2024-07-24,503,485,485,489
2024-07-25,503,485,485,489
2024-07-26,503,485,485,489
2024-07-29,503,485,485,489
2024-07-30,503,485,485,489
2024-07-31,503,485,485,489
2024-08-01,503,485,485,489
2024-08-02,503,485,485,489
2024-08-05,503,485,485,489
2024-08-06,503,485,485,489
2024-08-07,503,485,485,489
2024-08-08,503,485,485,489
2024-08-09,503,485,485,489
2024-08-12,503,485,485,489
2024-08-13,503,485,485,489
2024-08-14,503,485,485,489
2024-08-15,503,485,485,489
2024-08-16,503,485,485,489
2024-08-19,503,485,485,489
2024-08-20,503,485,485,489
2024-08-21,503,485,485,489
2024-08-22,503,485,485,489
2024-08-23,503,485,485,489
2024-08-26,503,485,485,489
2024-08-27,503,485,485,489
2024-08-28,503,485,485,489
2024-08-29,503,485,485,489
2024-08-30,503,485,485,489
2024-09-03,503,485,485,489
2024-09-04,503,485,485,489
2024-09-05,503,485,485,489
2024-09-06,503,485,485,489
2024-09-09,503,485,485,489
2024-09-10,503,485,485,489
2024-09-11,503,485,485,489
2024-09-12,503,485,485,489
2024-09-13,503,485,485,489
2024-09-16,503,485,485,489
2024-09-17,503,485,485,489
2024-09-18,503,485,485,489
2024-09-19,503,485,485,489
2024-09-20,503,485,485,489
2024-09-23,503,485,485,489
2024-09-24,503,485,485,489
2024-09-25,503,485,485,489
2024-09-26,503,485,485,489
2024-09-27,503,485,485,489
2024-09-30,504,486,486,490
2024-10-01,503,485,485,489
2024-10-02,503,485,485,489
2024-10-03,503,485,485,489
2024-10-04,503,485,485,489
2024-10-07,503,485,485,489
2024-10-08,503,485,485,489
2024-10-09,503,485,485,489
2024-10-10,503,485,485,489
2024-10-11,503,485,485,489
2024-10-14,503,485,485,489
2024-10-15,503,485,485,489
2024-10-16,503,485,485,489
2024-10-17,503,485,485,489
2024-10-18,503,485,485,489
2024-10-21,503,485,485,489
2024-10-22,503,485,485,489
2024-10-23,503,485,485,489
2024-10-24,503,485,485,489
2024-10-25,503,485,485,489
2024-10-28,503,485,485,489
2024-10-29,503,485,485,489
2024-10-30,503,485,485,489
2024-10-31,503,485,485,489
2024-11-01,503,485,485,489
2024-11-04,503,485,485,489
2024-11-05,503,485,485,489
2024-11-06,503,485,485,489
2024-11-07,503,485,485,489
2024-11-08,503,485,485,489
2024-11-11,503,485,485,489
2024-11-12,503,485,485,489
2024-11-13,503,485,485,489
2024-11-14,503,485,485,489
2024-11-15,503,485,485,489
2024-11-18,503,485,485,489
2024-11-19,503,485,485,489
2024-11-20,503,485,485,489
2024-11-21,503,485,485,489
2024-11-22,503,485,485,489
2024-11-25,503,485,485,489
2024-11-26,503,486,486,490
2024-11-27,503,486,486,490
2024-11-29,503,486,486,490
2024-12-02,503,486,486,490
2024-12-03,503,486,486,490
2024-12-04,503,486,486,490
2024-12-05,503,486,486,490
2024-12-06,503,486,486,490
2024-12-09,503,486,486,490
2024-12-10,503,486,486,490
2024-12-11,503,486,486,490
2024-12-12,503,486,486,490
2024-12-13,503,486,486,490
2024-12-16,503,486,486,490
2024-12-17,503,486,486,490
2024-12-18,503,486,486,490
2024-12-19,503,486,486,490
2024-12-20,503,486,486,490
2024-12-23,503,487,487,491
2024-12-24,503,487,487,491
2024-12-26,503,487,487,491
2024-12-27,503,487,487,491
2024-12-30,503,487,487,491
2024-12-31,503,487,487,491
2025-01-02,503,487,487,491
2025-01-03,503,487,487,491
2025-01-06,503,487,487,491
2025-01-07,503,487,487,491
2025-01-08,503,487,487,491
2025-01-10,503,487,487,491
2025-01-13,503,487,487,491
2025-01-14,503,487,487,491
2025-01-15,503,487,487,491
2025-01-16,503,487,487,491
2025-01-17,503,487,487,491
2025-01-21,503,487,487,491
2025-01-22,503,487,487,491
2025-01-23,503,487,487,491
2025-01-24,503,487,487,491
2025-01-27,503,487,487,491
2025-01-28,503,487,487,491
2025-01-29,503,487,487,491
2025-01-30,503,487,487,491
2025-01-31,503,487,487,491
2025-02-03,503,487,487,491
2025-02-04,503,487,487,491
2025-02-05,503,487,487,491
2025-02-06,503,487,487,491
2025-02-07,503,487,487,491
2025-02-10,503,487,487,491
2025-02-11,503,487,487,491
2025-02-12,503,487,487,491
2025-02-13,503,487,487,491
2025-02-14,503,487,487,491
2025-02-18,503,487,487,491
2025-02-19,503,487,487,491
2025-02-20,503,487,487,491
2025-02-21,503,487,487,491
2025-02-24,503,487,487,491
2025-02-25,503,487,487,491
2025-02-26,503,487,487,491
2025-02-27,503,487,487,491
2025-02-28,503,487,487,491
2025-03-03,503,487,487,491
2025-03-04,503,487,487,491
2025-03-05,503,487,487,491
2025-03-06,503,487,487,491
2025-03-07,503,487,487,491
2025-03-10,503,487,487,491
2025-03-11,503,487,487,491
2025-03-12,503,487,487,491
2025-03-13,503,487,487,491
2025-03-14,503,487,487,491
2025-03-17,503,487,487,491
2025-03-18,503,487,487,491
2025-03-19,503,487,487,491
2025-03-20,503,487,487,491
2025-03-21,503,487,487,491
2025-03-24,503,487,487,491
2025-03-25,503,487,487,491
2025-03-26,503,487,487,491
2025-03-27,503,487,487,491
2025-03-28,503,487,487,491
2025-03-31,503,487,487,491
2025-04-01,503,487,487,491
2025-04-02,503,487,487,491
2025-04-03,503,487,487,491
2025-04-04,503,487,487,491
2025-04-07,503,487,487,491
2025-04-08,503,487,487,491
2025-04-09,503,487,487,491
2025-04-10,503,487,487,491
2025-04-11,503,487,487,491
2025-04-14,503,487,487,491
2025-04-15,503,487,487,491
2025-04-16,503,487,487,491
2025-04-17,503,487,487,491
2025-04-21,503,487,487,491
2025-04-22,503,487,487,491
2025-04-23,503,487,487,491
2025-04-24,503,487,487,491
2025-04-25,503,487,487,491
2025-04-28,503,487,487,491
2025-04-29,503,487,487,491
2025-04-30,503,487,487,491
2025-05-01,503,487,487,491
2025-05-02,503,487,487,491
2025-05-05,503,487,487,491
2025-05-06,503,487,487,491
2025-05-07,503,487,487,491
2025-05-08,503,487,487,491
2025-05-09,503,487,487,491
2025-05-12,503,487,487,491
2025-05-13,503,487,487,491
2025-05-14,503,487,487,491
2025-05-15,503,487,487,491
2025-05-16,503,487,487,491
2025-05-19,503,488,488,492
2025-05-20,503,488,488,492
2025-05-21,503,488,488,492
2025-05-22,503,488,488,492
2025-05-23,503,488,488,492
2025-05-27,503,488,488,492
2025-05-28,503,488,488,492
2025-05-29,503,488,488,492
2025-05-30,503,488,488,492
2025-06-02,503,488,488,492
2025-06-03,503,488,488,492
2025-06-04,503,488,488,492
2025-06-05,503,488,488,492
2025-06-06,503,488,488,492
2025-06-09,503,488,488,492
2025-06-10,503,488,488,492
2025-06-11,503,488,488,492
2025-06-12,503,488,488,492
2025-06-13,503,488,488,492
2025-06-16,503,488,488,492
2025-06-17,503,488,488,492
2025-06-18,503,488,488,492
2025-06-20,503,488,488,492
2025-06-23,503,488,488,492
2025-06-24,503,488,488,492
2025-06-25,503,488,488,492
2025-06-26,503,488,488,492
2025-06-27,503,488,488,492
2025-06-30,503,488,488,492
2025-07-01,503,488,488,492
2025-07-02,503,488,488,492
2025-07-03,503,488,488,492
2025-07-07,503,488,488,492
2025-07-08,503,488,488,492
2025-07-09,503,489,489,493
2025-07-10,503,489,489,493
2025-07-11,503,489,489,493
2025-07-14,503,489,489,493
2025-07-15,503,489,489,493
2025-07-16,503,489,489,493
2025-07-17,503,489,489,493
2025-07-18,503,490,490,494
2025-07-21,503,490,490,494
2025-07-22,503,490,490,494
2025-07-23,503,491,491,495
2025-07-24,503,491,491,495
2025-07-25,503,491,491,495
2025-07-28,503,491,491,495
2025-07-29,503,491,491,495
2025-07-30,503,491,491,495
2025-07-31,503,491,491,495
2025-08-01,503,491,491,495
2025-08-04,503,491,491,495
2025-08-05,503,491,491,495
2025-08-06,503,491,491,495
2025-08-07,503,491,491,495
2025-08-08,503,491,491,495
2025-08-11,503,491,491,495
2025-08-12,503,491,491,495
2025-08-13,503,491,491,495
2025-08-14,503,491,491,495
2025-08-15,503,491,491,495
2025-08-18,503,491,491,495
2025-08-19,503,491,491,495
2025-08-20,503,491,491,495
2025-08-21,503,491,491,495
2025-08-22,503,491,491,495
2025-08-25,503,491,491,495
2025-08-26,503,491,491,495
2025-08-27,503,491,491,495
2025-08-28,503,492,492,496
2025-08-29,503,492,492,496
2025-09-02,503,492,492,496
2025-09-03,503,492,492,496
2025-09-04,503,492,492,496
2025-09-05,503,492,492,496
2025-09-08,503,492,492,496
2025-09-09,503,492,492,496
2025-09-10,503,492,492,496
2025-09-11,503,492,492,496
2025-09-12,503,492,492,496
2025-09-15,503,492,492,496
2025-09-16,503,492,492,496
2025-09-17,503,492,492,496
2025-09-18,503,492,492,496
2025-09-19,503,492,492,496
2025-09-22,503,492,492,496
2025-09-23,503,492,492,496
2025-09-24,503,492,492,496
2025-09-25,503,492,492,496
2025-09-26,503,492,492,496
2025-09-29,503,492,492,496
2025-09-30,503,492,492,496
2025-10-01,503,492,492,496
2025-10-02,503,492,492,496
2025-10-03,503,492,492,496
2025-10-06,503,492,492,496
2025-10-07,503,492,492,496
2025-10-08,503,492,492,496
2025-10-09,503,492,492,496
2025-10-10,503,492,492,496
2025-10-13,503,492,492,496
2025-10-14,503,492,492,496
2025-10-15,503,492,492,496
2025-10-16,503,492,492,496
2025-10-17,503,492,492,496
2025-10-20,503,492,492,496
2025-10-21,503,492,492,496
2025-10-22,503,492,492,496
2025-10-23,503,492,492,496
2025-10-24,503,492,492,496
2025-10-27,503,492,492,496
2025-10-28,503,492,492,496
2025-10-29,503,492,492,496
2025-10-30,504,493,493,497
2025-10-31,503,492,492,496
2025-11-03,504,493,493,497
2025-11-04,503,492,492,496
2025-11-05,503,492,492,496
2025-11-06,503,492,492,496
2025-11-07,503,492,492,496
2025-11-10,503,492,492,496
2025-11-11,503,493,493,496
2025-11-12,503,492,492,495
2025-11-13,503,493,493,496
2025-11-14,503,493,493,496
2025-11-17,503,493,493,496
2025-11-18,503,493,493,496
2025-11-19,503,493,493,496
2025-11-20,503,493,493,496
2025-11-21,503,493,493,496
2025-11-24,503,493,493,496
2025-11-25,503,493,493,496
2025-11-26,503,493,493,496
2025-11-28,503,494,494,497
2025-12-01,503,494,494,497
2025-12-02,503,494,494,497
2025-12-03,503,494,494,497
2025-12-04,503,494,494,497
2025-12-05,503,494,494,497
2025-12-08,503,494,494,497
2025-12-09,503,494,494,497
2025-12-10,503,494,494,497
2025-12-11,503,495,495,498
2025-12-12,503,495,495,498
2025-12-15,503,495,495,498
2025-12-16,503,495,495,498
2025-12-17,503,495,495,498
2025-12-18,503,495,495,498
2025-12-19,503,495,495,498
2025-12-22,503,495,495,498
2025-12-23,503,495,495,498
2025-12-24,503,495,495,498
2025-12-26,503,495,495,498
2025-12-29,503,495,495,498
2025-12-30,503,495,495,498
2025-12-31,503,495,495,498
2026-01-02,503,495,495,498
2026-01-05,503,495,495,498
2026-01-06,503,495,495,498
2026-01-07,503,495,495,498
2026-01-08,503,495,495,498
2026-01-09,503,495,495,498
2026-01-12,503,495,495,498
2026-01-13,503,495,495,498
2026-01-14,503,496,496,498
2026-01-15,503,496,496,498
2026-01-16,503,496,496,498
2026-01-20,503,496,496,498
2026-01-21,503,496,496,498
2026-01-22,503,496,496,498
2026-01-23,503,496,496,498
2026-01-26,503,496,496,498
2026-01-27,503,496,496,498
2026-01-28,503,496,496,498
2026-01-29,503,496,496,498
2026-01-30,503,496,496,498
2026-02-02,503,496,496,498
2026-02-03,503,496,496,498
2026-02-04,503,496,496,498
2026-02-05,503,496,496,498
2026-02-06,503,496,496,498
2026-02-09,503,497,497,499
2026-02-10,503,497,497,499
2026-02-11,503,497,497,499
2026-02-12,503,497,497,499
2026-02-13,503,497,497,499
2026-02-17,503,497,497,499
2026-02-18,503,497,497,499
2026-02-19,503,497,497,499
2026-02-20,503,497,497,499
2026-02-23,503,497,497,499
2026-02-24,503,497,497,499
2026-02-25,503,497,497,499
2026-02-26,503,497,497,499
2026-02-27,503,497,497,499
2026-03-02,503,497,497,499
2026-03-03,503,497,497,499
2026-03-04,503,497,497,499
2026-03-05,503,497,497,499
2026-03-06,503,497,497,499
2026-03-09,503,497,497,499
2026-03-10,503,497,497,499
2026-03-11,503,497,497,499
2026-03-12,503,497,497,499
2026-03-13,503,497,497,499
2026-03-16,503,497,497,499
2026-03-17,503,497,497,499
2026-03-18,503,497,497,499
2026-03-19,503,497,497,499
2026-03-20,503,497,497,499
2026-03-23,503,496,496,498
2026-03-24,503,496,496,498
2026-03-25,503,496,496,498
2026-03-26,503,496,496,498
2026-03-27,503,496,496,498
2026-03-30,503,496,496,498
2026-03-31,503,496,496,498
2026-04-01,503,496,496,498
2026-04-02,503,496,496,498
2026-04-06,503,496,496,498
2026-04-07,503,496,496,498
2026-04-08,503,496,496,498
2026-04-09,503,497,497,499
2026-04-10,503,497,497,499
2026-04-13,503,497,497,499
2026-04-14,503,497,497,499
2026-04-15,503,497,497,499
2026-04-16,503,497,497,499
2026-04-17,503,497,497,499
2026-04-20,503,497,497,499
2026-04-21,503,497,497,499
2026-04-22,503,497,497,499
2026-04-23,503,497,497,499
2026-04-24,503,497,497,499
2026-04-27,503,497,497,499
2026-04-28,503,497,497,499
2026-04-29,503,497,497,499
2026-04-30,503,497,497,499
2026-05-01,503,497,497,499
2026-05-04,503,497,497,499
2026-05-05,503,497,497,499
2026-05-06,503,497,497,499
2026-05-07,503,498,498,500
2026-05-08,503,498,498,500
2026-05-11,503,498,498,500
2026-05-12,503,498,498,500
2026-05-13,503,498,498,500
2026-05-14,503,498,498,500
2026-05-15,503,498,498,500
2026-05-18,503,498,498,500
2026-05-19,503,498,498,500
2026-05-20,503,498,498,500
2026-05-21,503,499,499,500
2026-05-22,503,499,499,500
2026-05-26,503,499,499,500
2026-05-27,503,499,499,500
2026-05-28,503,499,499,500
2026-05-29,503,499,499,500
2026-06-01,504,500,500,501
2026-06-02,503,499,499,500
2026-06-03,503,499,499,500
2026-06-04,503,499,499,500
2026-06-05,503,499,499,500
2026-06-08,503,499,499,500
2026-06-09,503,499,499,500
2026-06-10,503,499,499,500
2026-06-11,503,499,499,500
2026-06-12,503,499,499,500
2026-06-15,503,499,499,500
2026-06-16,503,499,499,500
2026-06-17,503,499,499,500
2026-06-18,503,499,499,500
2026-06-22,503,499,499,500
2026-06-23,503,499,499,500
2026-06-24,503,500,500,501
2026-06-25,503,500,500,501
2026-06-26,503,500,500,501
2026-06-29,504,501,501,502
2026-06-30,503,500,500,501
2026-07-01,503,500,500,501
2026-07-02,503,500,500,501
2026-07-06,503,500,500,501
2026-07-07,503,500,500,501
2026-07-08,503,500,500,501
2026-07-09,503,500,500,501
2026-07-10,503,500,500,501
2026-07-13,503,500,500,501
2026-07-14,503,500,500,501
2026-07-15,503,500,500,501
2026-07-16,503,500,500,501
2026-07-17,503,500,500,501
2026-07-20,503,500,500,501
2026-07-21,503,500,500,501
2026-07-22,503,500,500,501
2026-07-23,503,500,500,501
2026-07-24,503,500,500,501
2026-07-27,503,500,500,501
2026-07-28,503,500,500,501
2026-07-29,503,500,500,501
2026-07-30,503,500,500,501
2026-07-31,503,500,500,501
2026-08-03,503,500,500,501
2026-08-04,503,501,501,502
2026-08-05,503,501,501,502
2026-08-06,503,501,501,502
2026-08-07,503,501,501,502
2026-08-10,503,501,501,502
2026-08-11,503,501,501,502
2026-08-12,503,501,501,502
2026-08-13,503,501,501,502
2026-08-14,503,502,502,503
2026-08-17,503,502,502,502
2026-08-18,503,503,503,503
2026-08-19,503,503,503,503
2026-08-20,503,503,503,503
2026-08-21,503,503,503,503
2026-08-24,503,503,503,503
2026-08-25,503,503,503,503
2026-08-26,503,503,503,503
2026-08-27,503,503,503,503
2026-08-28,503,503,503,503
2026-08-31,503,503,503,503
2026-09-01,503,503,503,503
2026-09-02,503,503,503,503
2026-09-03,503,503,503,503
2026-09-04,503,503,503,503
2026-09-08,503,503,503,503
2026-09-09,503,503,503,503
2026-09-10,503,503,503,503
2026-09-11,503,503,503,503
2026-09-14,503,503,503,503
2026-09-15,503,503,503,503
2026-09-16,503,503,503,503
2026-09-17,503,503,503,503
2026-09-18,503,503,503,503
2026-09-21,503,503,503,503
2026-09-22,503,503,503,503
2026-09-23,503,503,503,503
2026-09-24,503,503,503,503
2026-09-25,503,503,503,503
