ticker,ticker_orig,asset_class,sources,in_current,in_fja_since2000,wiki_pre2000_only,suffix_stripped,current_name,gics_sector,gics_sub_industry,wiki_date_added,cik,member_first,member_last_excl,n_spells,wiki_added_dates,wiki_removed_dates,wiki_names,wiki_removal_reasons
A,A,equity,fja05680;wiki_current,True,True,False,False,Agilent Technologies,Health Care,Life Sciences Tools & Services,2000-06-05,1090872.0,2000-06-05,,1.0,,,,
AA,AA,equity,wiki_changes_removed,False,False,False,False,,,,,,,,,,2016-11-01,Alcoa,Alcoa completed the corporate spin-off off Arconic.
AABA,AABA,equity,fja05680,False,True,False,False,,,,,,1999-12-08,2017-06-19,1.0,,,,
AAL,AAL,equity,fja05680;wiki_changes_added;wiki_changes_removed,False,True,False,False,,,,,,2015-03-23,2024-09-23,1.0,2015-03-23,2024-09-23,American Airlines Group,Market capitalization changes.
AAMRQ,AAMRQ,equity,fja05680,False,True,False,False,,,,,,1996-01-02,2003-03-14,1.0,,,,
AAP,AAP,equity,fja05680;wiki_changes_added;wiki_changes_removed,False,True,False,False,,,,,,2015-07-09,2023-08-25,1.0,2015-07-08,2023-08-25,Advance Auto Parts,Johnson & Johnson offered to exchange the shares of Kenvue held for shares of Johnson & Johnson in a split-off exchange offer.
AAPL,AAPL,equity,fja05680;wiki_current,True,True,False,False,Apple Inc.,Information Technology,"Technology Hardware, Storage & Peripherals",1982-11-30,320193.0,1996-01-02,,1.0,,,,
ABBV,ABBV,equity,fja05680;wiki_changes_added;wiki_current,True,True,False,False,AbbVie,Health Care,Biotechnology,2012-12-31,1551152.0,2013-01-02,,1.0,2013-01-02,,AbbVie,
ABC,ABC,equity,fja05680,False,True,False,False,,,,,,2001-08-30,2023-08-30,1.0,,,,
ABI,ABI,equity,fja05680,False,True,False,False,,,,,,1996-01-02,2008-11-24,1.0,,,,
ABK,ABK,equity,wiki_changes_added;wiki_changes_removed,False,False,False,False,,,,,,,,,2000-12-05,2008-06-10,Ambac Financial,Market capitalization changes.
ABKFQ,ABKFQ,equity,fja05680,False,True,False,False,,,,,,2000-12-11,2008-06-11,1.0,,,,
ABMD,ABMD,equity,fja05680;wiki_changes_added;wiki_changes_removed,False,True,False,False,,,,,,2018-05-31,2022-12-22,1.0,2018-05-31,2022-12-22,Abiomed,Johnson & Johnson acquired Abiomed.
ABNB,ABNB,equity,fja05680;wiki_changes_added;wiki_current,True,True,False,False,Airbnb,Consumer Discretionary,"Hotels, Resorts & Cruise Lines",2023-09-18,1559720.0,2023-09-18,,1.0,2023-09-18,,Airbnb,
ABS,ABS,equity,fja05680;wiki_changes_removed,False,True,False,False,,,,,,1996-01-02,2006-06-02,1.0,,2006-06-02,Albertsons,Albertsons was acquired by SuperValu and CVS Corp.
ABT,ABT,equity,fja05680;wiki_current,True,True,False,False,Abbott Laboratories,Health Care,Health Care Equipment,1957-03-04,1800.0,1996-01-02,,1.0,,,,
ABX,ABX,equity,fja05680,False,True,False,False,,,,,,1996-01-02,2002-07-22,1.0,,,,
ACAS,ACAS,equity,fja05680;wiki_changes_removed,False,True,False,False,,,,,,2007-07-09,2009-03-04,1.0,,2009-03-03,American Capital,Market capitalization changes.
ACE,ACE,equity,wiki_changes_removed,False,False,False,False,,,,,,,,,,2016-01-19,Chubb,ACE Ltd acquired Chubb and retained the CB ticker.
ACGL,ACGL,equity,fja05680;wiki_changes_added;wiki_current,True,True,False,False,Arch Capital Group,Financials,Property & Casualty Insurance,2022-11-01,947484.0,2022-11-01,,1.0,2022-11-01,,Arch Capital Group,
ACKH,ACKH,equity,fja05680,False,True,False,False,,,,,,1996-01-02,2000-11-17,1.0,,,,
ACN,ACN,equity,fja05680;wiki_changes_added;wiki_current,True,True,False,False,Accenture,Information Technology,IT Consulting & Other Services,2011-07-06,1467373.0,2011-07-06,,1.0,2011-07-05,,Accenture,
ACS,ACS,equity,fja05680,False,True,False,False,,,,,,2004-04-02,2010-02-08,1.0,,,,
ACT,ACT,equity,wiki_changes_added,False,False,True,False,,,,,,,,,1999-04-12,,Actavis,
ACV,ACV,equity,fja05680,False,True,False,False,,,,,,1996-01-02,2006-11-17,1.0,,,,
ADBE,ADBE,equity,fja05680;wiki_current,True,True,False,False,Adobe Inc.,Information Technology,Application Software,1997-05-05,796343.0,1997-05-06,,1.0,,,,
ADCT,ADCT,equity,fja05680;wiki_changes_removed,False,True,False,False,,,,,,1999-08-02,2007-07-02,1.0,,2007-07-02,ADC Telecommunications,Discover Financial Services was listed on New York Stock Exchange.
ADI,ADI,equity,fja05680;wiki_current,True,True,False,False,Analog Devices,Information Technology,Semiconductors,1999-10-12,6281.0,1999-10-12,,1.0,,,,
ADM,ADM,equity,fja05680;wiki_current,True,True,False,False,Archer Daniels Midland,Consumer Staples,Agricultural Products & Services,1957-03-04,7084.0,1996-01-02,,1.0,,,,
ADP,ADP,equity,fja05680;wiki_current,True,True,False,False,Automatic Data Processing,Industrials,Human Resource & Employment Services,1981-03-31,8670.0,1996-01-02,,1.0,,,,
ADS,ADS,equity,fja05680;wiki_changes_added;wiki_changes_removed,False,True,False,False,,,,,,2013-12-23,2020-06-22,1.0,2013-12-23,2020-06-22,Alliance Data Systems,Market capitalization changes.
ADSK,ADSK,equity,fja05680;wiki_current,True,True,False,False,Autodesk,Information Technology,Application Software,1989-12-01,769397.0,1996-01-02,,1.0,,,,
ADT,ADT,equity,fja05680;wiki_changes_added;wiki_changes_removed,False,True,False,False,,,,,,2012-10-02,2016-05-02,1.0,2012-10-01,2016-05-03,ADT,ADT was acquired by Apollo.
AEE,AEE,equity,fja05680;wiki_current,True,True,False,False,Ameren,Utilities,Multi-Utilities,1991-09-19,1002910.0,1996-01-02,,1.0,,,,
AEP,AEP,equity,fja05680;wiki_current,True,True,False,False,American Electric Power,Utilities,Electric Utilities,1957-03-04,4904.0,1996-01-02,,1.0,,,,
AES,AES,equity,fja05680;wiki_current,True,True,False,False,AES Corporation,Utilities,Independent Power Producers & Energy Traders,1998-10-02,874761.0,1998-10-02,,1.0,,,,
AET,AET,equity,fja05680;wiki_changes_removed,False,True,False,False,,,,,,1996-01-02,2018-11-29,1.0,,2018-12-03,Aetna,CVS acquired Aetna.
AFL,AFL,equity,fja05680;wiki_current,True,True,False,False,Aflac,Financials,Life & Health Insurance,1999-05-28,4977.0,1999-05-28,,1.0,,,,
AFS-A,AFS.A,equity,fja05680,False,True,False,False,,,,,,1998-04-08,2000-12-01,1.0,,,,
AGC,AGC,equity,fja05680,False,True,False,False,,,,,,1996-01-02,2001-08-29,1.0,,,,
AGN,AGN,equity,fja05680;wiki_changes_removed,False,True,False,False,,,,,,1996-01-02,2020-05-12,1.0,,2015-03-23;2020-05-12,Allergan,Allergan was acquired by AbbVie. || Allergan was acquired by Actavis (and changed its name to Allergan).
AIG,AIG,equity,fja05680;wiki_current,True,True,False,False,American International Group,Financials,Multi-line Insurance,1980-03-31,5272.0,1996-01-02,,1.0,,,,
AIV,AIV,equity,fja05680;wiki_changes_removed,False,True,False,False,,,,,,2003-03-14,2020-12-21,1.0,,2020-12-21,Aimco,Aimco completed the corporate spin-off of Apartment Income REIT.
AIZ,AIZ,equity,fja05680;wiki_current,True,True,False,False,Assurant,Financials,Multi-line Insurance,2007-04-10,1267238.0,2007-04-10,,1.0,,,,
AJG,AJG,equity,fja05680;wiki_changes_added;wiki_current,True,True,False,False,Arthur J. Gallagher & Co.,Financials,Insurance Brokers,2016-05-31,354190.0,2016-05-31,,1.0,2016-05-31,,Arthur J. Gallagher & Co.,
AKAM,AKAM,equity,fja05680;wiki_current,True,True,False,False,Akamai Technologies,Information Technology,Internet Services & Infrastructure,2007-07-12,1086222.0,2007-07-12,,1.0,,,,
AKS,AKS,equity,fja05680;wiki_changes_added;wiki_changes_removed,False,True,False,False,,,,,,2008-07-01,2011-12-19,1.0,2008-07-01,2011-12-16,AK Steel,Market capitalization changes.
AL,AL,equity,fja05680,False,True,False,False,,,,,,1996-01-02,2002-07-22,1.0,,,,
ALB,ALB,equity,fja05680;wiki_changes_added;wiki_current,True,True,False,False,Albemarle Corporation,Materials,Specialty Chemicals,2016-07-01,915913.0,2016-07-01,,1.0,2016-07-01,,Albemarle Corporation,
ALGN,ALGN,equity,fja05680;wiki_changes_added;wiki_current,True,True,False,False,Align Technology,Health Care,Health Care Supplies,2017-06-19,1097149.0,2017-06-19,,1.0,2017-06-19,,Align Technology,
ALK,ALK,equity,fja05680;wiki_changes_added;wiki_changes_removed,False,True,False,False,,,,,,2016-05-13,2023-12-18,1.0,2016-05-13,2023-12-18,Alaska Air Group,Market capitalization changes.
ALL,ALL,equity,fja05680;wiki_current,True,True,False,False,Allstate,Financials,Property & Casualty Insurance,1995-07-13,899051.0,1996-01-02,,1.0,,,,
ALLE,ALLE,equity,fja05680;wiki_changes_added;wiki_current,True,True,False,False,Allegion,Industrials,Building Products,2013-12-02,1579241.0,2013-12-02,,1.0,2013-12-02,,Allegion,
ALTR,ALTR,equity,fja05680;wiki_changes_removed,False,True,False,False,,,,,,2000-04-18,2015-12-28,1.0,,2015-12-29,Altera,Altera was acquired by Intel.
ALXN,ALXN,equity,fja05680;wiki_changes_added;wiki_changes_removed,False,True,False,False,,,,,,2012-05-25,2021-07-21,1.0,2012-05-21,2021-07-21,Alexion Pharmaceuticals,AstraZeneca acquired Alexion Pharmaceuticals.
AM,AM,equity,fja05680,False,True,False,False,,,,,,1996-01-02,2004-05-03,1.0,,,,
AMAT,AMAT,equity,fja05680;wiki_current,True,True,False,False,Applied Materials,Information Technology,Semiconductor Materials & Equipment,1995-03-16,6951.0,1996-01-02,,1.0,,,,
AMCC,AMCC,equity,fja05680,False,True,False,False,,,,,,2001-01-02,2006-05-18,1.0,,,,
AMCR,AMCR,equity,fja05680;wiki_changes_added;wiki_current,True,True,False,False,Amcor,Materials,Paper & Plastic Packaging Products & Materials,2019-06-07,1748790.0,2019-06-07,,1.0,2019-06-11,,Amcor,
AMD,AMD,equity,fja05680;wiki_changes_added;wiki_changes_removed;wiki_current,True,True,False,False,Advanced Micro Devices,Information Technology,Semiconductors,2017-03-20,2488.0,1996-01-02,,2.0,2017-03-20,2013-09-20,Advanced Micro Devices,Market capitalization changes.
AME,AME,equity,fja05680;wiki_changes_added;wiki_current,True,True,False,False,Ametek,Industrials,Electrical Components & Equipment,2013-09-23,1037868.0,2013-09-23,,1.0,2013-09-20,,Ametek,
AMG,AMG,equity,fja05680;wiki_changes_added;wiki_changes_removed,False,True,False,False,,,,,,2014-07-01,2019-12-23,1.0,2014-07-01,2019-12-23,Affiliated Managers Group,Market capitalization changes.
AMGN,AMGN,equity,fja05680;wiki_current,True,True,False,False,Amgen,Health Care,Biotechnology,1992-01-02,318154.0,1996-01-02,,1.0,,,,
AMP,AMP,equity,fja05680;wiki_current,True,True,False,False,Ameriprise Financial,Financials,Asset Management & Custody Banks,2005-10-03,820027.0,2005-10-03,,1.0,,,,
AMT,AMT,equity,fja05680;wiki_current,True,True,False,False,American Tower,Real Estate,Telecom Tower REITs,2007-11-19,1053507.0,2007-11-19,,1.0,,,,
AMTM,AMTM,equity,fja05680;wiki_changes_added;wiki_changes_removed,False,True,False,False,,,,,,2024-09-30,2024-12-23,1.0,2024-09-30,2024-12-23,Amentum,Market capitalization changes.
AMZN,AMZN,equity,fja05680;wiki_changes_added;wiki_current,True,True,False,False,Amazon,Consumer Discretionary,Broadline Retail,2005-11-18,1018724.0,2005-11-21,,1.0,2005-11-18,,Amazon,
AN,AN,equity,fja05680;wiki_changes_removed,False,True,False,False,,,,,,2003-02-24,2017-08-08,1.0,,1998-12-11;2017-08-08,Amoco;AutoNation,BP purchased Amoco. || MetLife completed the corporate spin-off of Brighthouse Financial.
ANDV,ANDV,equity,fja05680;wiki_changes_removed,False,True,False,False,,,,,,2007-09-27,2018-10-01,1.0,,2018-10-01,Andeavor,ANDV was acquired by Marathon Petroleum.
ANDW,ANDW,equity,fja05680,False,True,False,False,,,,,,1996-01-02,2006-10-02,1.0,,,,
ANET,ANET,equity,fja05680;wiki_changes_added;wiki_current,True,True,False,False,Arista Networks,Information Technology,Communications Equipment,2018-08-28,1596532.0,2018-08-28,,1.0,2018-08-28,,Arista Networks,
ANF,ANF,equity,fja05680;wiki_changes_removed,False,True,False,False,,,,,,2007-03-29,2013-12-23,1.0,,2013-12-23,Abercrombie & Fitch,Market capitalization changes.
ANR,ANR,equity,wiki_changes_added;wiki_changes_removed,False,False,False,False,,,,,,,,,2011-06-01,2012-10-02,Alpha Natural Resources,Kraft split into two companies.
ANRZQ,ANRZQ,equity,fja05680,False,True,False,False,,,,,,2011-06-02,2012-10-02,1.0,,,,
ANSS,ANSS,equity,fja05680;wiki_changes_added;wiki_changes_removed,False,True,False,False,,,,,,2017-06-19,2025-07-18,1.0,2017-06-19,2025-07-18,Ansys,Synopsys acquired Ansys.
ANTM,ANTM,equity,fja05680,False,True,False,False,,,,,,2002-07-25,2022-06-28,1.0,,,,
AON,AON,equity,fja05680;wiki_current,True,True,False,False,Aon plc,Financials,Insurance Brokers,1996-04-23,315293.0,1996-04-23,,1.0,,,,
AOS,AOS,equity,fja05680;wiki_changes_added;wiki_current,True,True,False,False,A. O. Smith,Industrials,Building Products,2017-07-26,91142.0,2017-07-26,,1.0,2017-07-26,,A. O. Smith,
APA,APA,equity,fja05680;wiki_current,True,True,False,False,APA Corporation,Energy,Oil & Gas Exploration & Production,1997-07-28,1841666.0,1997-07-28,,1.0,,,,
APC,APC,equity,fja05680;wiki_changes_removed,False,True,False,False,,,,,,1997-07-28,2019-08-09,1.0,,2019-08-09,Anadarko Petroleum,Occidental Petroleum acquired Anadarko Petroleum.
APCC,APCC,equity,fja05680,False,True,False,False,,,,,,2000-06-01,2007-02-15,1.0,,,,
APD,APD,equity,fja05680;wiki_current,True,True,False,False,Air Products,Materials,Industrial Gases,1985-04-30,2969.0,1996-01-02,,1.0,,,,
APH,APH,equity,fja05680;wiki_current,True,True,False,False,Amphenol,Information Technology,Electronic Components,2008-09-30,820313.0,2008-09-30,,1.0,,,,
APO,APO,equity,fja05680;wiki_changes_added;wiki_current,True,True,False,False,Apollo Global Management,Financials,Asset Management & Custody Banks,2024-12-23,1858681.0,2024-12-23,,1.0,2024-12-23,,Apollo Global Management,
APOL,APOL,equity,fja05680;wiki_changes_removed,False,True,False,False,,,,,,2002-05-15,2013-07-01,1.0,,2013-07-01,Apollo Education Group,Market capitalization changes.
APP,APP,equity,fja05680;wiki_changes_added;wiki_current,True,True,False,False,AppLovin,Communication Services,Advertising,2025-09-22,1751008.0,2025-09-22,,1.0,2025-09-22,,AppLovin,
APTV,APTV,equity,fja05680;wiki_current,True,True,False,False,Aptiv,Consumer Discretionary,Automotive Parts & Equipment,2012-12-24,1521332.0,2012-12-24,,1.0,,,,
ARC,ARC,equity,fja05680,False,True,False,False,,,,,,1996-01-02,2000-04-18,1.0,,,,
ARE,ARE,equity,fja05680;wiki_changes_added;wiki_current,True,True,False,False,Alexandria Real Estate Equities,Real Estate,Office REITs,2017-03-20,1035443.0,2017-03-20,,1.0,2017-03-20,,Alexandria Real Estate Equities,
ARES,ARES,equity,fja05680;wiki_changes_added;wiki_current,True,True,False,False,Ares Management,Financials,Asset Management & Custody Banks,2025-12-11,1176948.0,2025-12-11,,1.0,2025-12-11,,Ares Management,
ARG,ARG,equity,fja05680;wiki_changes_added;wiki_changes_removed,False,True,False,False,,,,,,2009-09-09,2016-05-23,1.0,2009-09-28,2016-05-23,Airgas,Airgas was acquired by Air Liquide.
ARNC,ARNC,equity,fja05680;wiki_changes_added;wiki_changes_removed,False,True,False,False,,,,,,1996-01-02,2020-04-06,1.0,2016-11-01,2020-04-01,Arconic,Arconic separated into 2 companies - Howmet remained in the index.
ASH,ASH,equity,fja05680,False,True,False,False,,,,,,1996-01-02,2008-11-14,1.0,,,,
ASN,ASN,equity,fja05680,False,True,False,False,,,,,,2004-12-20,2007-10-08,1.0,,,,
ASO,ASO,equity,fja05680,False,True,False,False,,,,,,1999-03-10,2006-11-06,1.0,,,,
AT,AT,equity,fja05680,False,True,False,False,,,,,,1996-01-02,2007-11-19,1.0,,,,
ATGE,ATGE,equity,fja05680,False,True,False,False,,,,,,2009-06-09,2012-10-01,1.0,,,,
ATI,ATI,equity,fja05680;wiki_changes_removed,False,True,False,False,,,,,,1996-01-02,2015-07-02,1.0,,2015-07-02,Allegheny Technologies,Spin off of Columbia Pipeline.
ATO,ATO,equity,fja05680;wiki_changes_added;wiki_current,True,True,False,False,Atmos Energy,Utilities,Gas Utilities,2019-02-15,731802.0,2019-02-15,,1.0,2019-02-15,,Atmos Energy,
ATVI,ATVI,equity,fja05680;wiki_changes_added;wiki_changes_removed,False,True,False,False,,,,,,2015-08-31,2023-10-18,1.0,2015-08-28,2023-10-18,Activision Blizzard,Acquisition of Activision Blizzard by Microsoft.
AV,AV,equity,fja05680;wiki_changes_removed,False,True,False,False,,,,,,2000-10-02,2007-10-26,1.0,,2007-10-26,Avaya,Avaya was acquired.
AVB,AVB,equity,fja05680;wiki_changes_added;wiki_changes_removed,False,True,False,False,,,,,,2007-01-10,2026-08-18,1.0,2007-01-10,2026-08-18,AvalonBay Communities,Equity Residential (now Vivmark Residential) acquired AvalonBay Communities.
AVGO,AVGO,equity,fja05680;wiki_changes_added;wiki_current,True,True,False,False,Broadcom,Information Technology,Semiconductors,2014-05-08,1730168.0,2014-05-08,,1.0,2014-05-08,,Avago Technologies,
AVP,AVP,equity,fja05680;wiki_changes_removed,False,True,False,False,,,,,,1996-01-02,2015-03-23,1.0,,2015-03-23,Avon Products,Market capitalization changes.
AVY,AVY,equity,fja05680;wiki_current,True,True,False,False,Avery Dennison,Materials,Paper & Plastic Packaging Products & Materials,1987-12-31,8818.0,1996-01-02,,1.0,,,,
AW,AW,equity,fja05680,False,True,False,False,,,,,,1999-08-02,2008-12-05,1.0,,,,
AWE,AWE,equity,fja05680,False,True,False,False,,,,,,2001-07-09,2004-10-27,1.0,,,,
AWK,AWK,equity,fja05680;wiki_changes_added;wiki_current,True,True,False,False,American Water Works,Utilities,Water Utilities,2016-03-04,1410636.0,2016-03-04,,1.0,2016-03-04,,American Water Works,
AXON,AXON,equity,fja05680;wiki_changes_added;wiki_current,True,True,False,False,Axon Enterprise,Industrials,Aerospace & Defense,2023-05-04,1069183.0,2023-05-04,,1.0,2023-05-04,,Axon Enterprise,
AXP,AXP,equity,fja05680;wiki_current,True,True,False,False,American Express,Financials,Consumer Finance,1976-06-30,4962.0,1996-01-02,,1.0,,,,
AYE,AYE,equity,fja05680;wiki_changes_added;wiki_changes_removed,False,True,False,False,,,,,,2000-12-11,2011-02-28,1.0,2000-12-05,1976-07-01;2011-02-25,Allegheny Energy,"Alleghany was acquired by First Energy. || S&P 500 reorganized to have fewer industrials and utilities, and more financial companies to add ""new strength and breadth""."
AYI,AYI,equity,fja05680;wiki_changes_added;wiki_changes_removed,False,True,False,False,,,,,,2016-05-03,2018-06-18,1.0,2016-05-03,2018-06-18,Acuity Brands,Market capitalization changes.
AZA-A,AZA.A,equity,fja05680,False,True,False,False,,,,,,1996-01-02,2001-06-25,1.0,,,,
AZO,AZO,equity,fja05680;wiki_current,True,True,False,False,AutoZone,Consumer Discretionary,Automotive Retail,1997-01-02,866787.0,1997-01-02,,1.0,,,,
BA,BA,equity,fja05680;wiki_current,True,True,False,False,Boeing,Industrials,Aerospace & Defense,1957-03-04,12927.0,1996-01-02,,1.0,,,,
BAC,BAC,equity,fja05680;wiki_current,True,True,False,False,Bank of America,Financials,Diversified Banks,1976-06-30,70858.0,1996-01-02,,1.0,,,,
BALL,BALL,equity,fja05680;wiki_current,True,True,False,False,Ball Corporation,Materials,"Metal, Glass & Plastic Containers",1984-10-31,9389.0,2022-05-10,,1.0,,,,
BAX,BAX,equity,fja05680;wiki_current,True,True,False,False,Baxter International,Health Care,Health Care Equipment,1972-09-30,10456.0,1996-01-02,,1.0,,,,
BBBY,BBBY,equity,fja05680;wiki_changes_removed,False,True,False,False,,,,,,1999-10-01,2017-07-26,1.0,,2017-07-26,Bed Bath & Beyond,Market capitalization changes.
BBT,BBT,equity,fja05680,False,True,False,False,,,,,,1997-12-04,2019-12-09,1.0,,,,
BBWI,BBWI,equity,fja05680;wiki_changes_removed,False,True,False,False,,,,,,2021-08-03,2024-10-01,1.0,,2024-10-01,"Bath & Body Works, Inc.",Market capitalization changes.
BBY,BBY,equity,fja05680;wiki_current,True,True,False,False,Best Buy,Consumer Discretionary,Computer & Electronics Retail,1999-06-29,764478.0,1999-06-30,,1.0,,,,
BC,BC,equity,fja05680;wiki_changes_removed,False,True,False,False,,,,,,1996-01-02,2008-06-23,1.0,,2008-06-23,Brunswick,Market capitalization changes.
BCR,BCR,equity,fja05680;wiki_changes_removed,False,True,False,False,,,,,,1996-01-02,2017-12-29,1.0,,2018-01-03,CR Bard,Becton Dickinson acquired CR Bard.
BDK,BDK,equity,fja05680,False,True,False,False,,,,,,1996-01-02,2010-03-15,1.0,,,,
BDX,BDX,equity,fja05680;wiki_current,True,True,False,False,Becton Dickinson,Health Care,Health Care Equipment,1972-09-30,10795.0,1996-01-02,,1.0,,,,
BE,BE,equity,wiki_changes_added;wiki_current,True,False,False,False,Bloom Energy,Industrials,Electrical Components & Equipment,2026-09-21,1664703.0,2026-09-21,,1.0,2026-09-21,,Bloom Energy,
BEAM,BEAM,equity,fja05680;wiki_changes_removed,False,True,False,False,,,,,,1996-01-02,2014-05-01,1.0,,2014-05-01,Suntory Global Spirits,Beam was acquired by Suntory.
BEN,BEN,equity,fja05680;wiki_current,True,True,False,False,Franklin Resources,Financials,Asset Management & Custody Banks,1998-04-30,38777.0,1998-04-29,,1.0,,,,
BF-B,BF.B,equity,fja05680;wiki_current,True,True,False,False,Brown–Forman,Consumer Staples,Distillers & Vintners,1982-10-31,14693.0,1996-01-02,,1.0,,,,
BFO,BFO,equity,fja05680,False,True,False,False,,,,,,1996-01-02,2000-10-03,1.0,,,,
BG,BG,equity,fja05680;wiki_changes_added;wiki_current,True,True,False,False,Bunge Global,Consumer Staples,Agricultural Products & Services,2023-03-15,1996862.0,2023-03-15,,1.0,2023-03-15,,Bunge Global,
BGEN,BGEN,equity,fja05680,False,True,False,False,,,,,,2000-01-31,2003-11-13,1.0,,,,
BGG,BGG,equity,fja05680,False,True,False,False,,,,,,1996-01-02,2001-04-03,1.0,,,,
BHF,BHF,equity,fja05680;wiki_changes_added;wiki_changes_removed,False,True,False,False,,,,,,2017-08-07,2019-04-02,1.0,2017-08-08,2019-04-02,Brighthouse Financial,DowDuPont completed the corporate spin-off of Dow Inc.
BHGE,BHGE,equity,fja05680,False,True,False,False,,,,,,1996-01-02,2019-10-18,1.0,,,,
BHI,BHI,equity,wiki_changes_removed,False,False,False,False,,,,,,,,,,2017-07-07,Baker Hughes,Baker Hughes merged with GE Oil & Gas to form a new company.
BHMSQ,BHMSQ,equity,fja05680,False,True,False,False,,,,,,1996-01-02,2000-12-11,1.0,,,,
BIG,BIG,equity,fja05680;wiki_changes_removed,False,True,False,False,,,,,,1998-01-20,2013-02-14,1.0,,2013-02-15,Big Lots,Market capitalization changes.
BIIB,BIIB,equity,fja05680;wiki_current,True,True,False,False,Biogen,Health Care,Biotechnology,2003-11-13,875045.0,2003-11-13,,1.0,,,,
BIO,BIO,equity,fja05680;wiki_changes_added;wiki_changes_removed,False,True,False,False,,,,,,2020-06-22,2024-09-23,1.0,2020-06-22,2024-09-23,Bio-Rad Laboratories,Market capitalization changes.
BJS,BJS,equity,fja05680;wiki_changes_removed,False,True,False,False,,,,,,2002-05-15,2010-04-29,1.0,,2010-04-29,BJ Services,BJ Services was acquired by Baker Hughes.
BK,BK,equity,fja05680,False,True,False,False,,,,,,1996-01-02,2026-05-21,1.0,,,,
BKNG,BKNG,equity,fja05680;wiki_current,True,True,False,False,Booking Holdings,Consumer Discretionary,"Hotels, Resorts & Cruise Lines",2009-11-06,1075531.0,2009-11-06,,1.0,,,,
BKR,BKR,equity,fja05680;wiki_changes_added;wiki_current,True,True,False,False,Baker Hughes,Energy,Oil & Gas Equipment & Services,2017-07-07,1701605.0,2019-10-18,,1.0,2017-07-07,,Baker Hughes,
BLDR,BLDR,equity,fja05680;wiki_changes_added;wiki_changes_removed,False,True,False,False,,,,,,2023-12-18,2026-09-21,1.0,2023-12-18,2026-09-21,Builders FirstSource,Market capitalization changes.
BLK,BLK,equity,fja05680;wiki_changes_added;wiki_current,True,True,False,False,BlackRock,Financials,Asset Management & Custody Banks,2011-04-04,2012383.0,2011-04-04,,1.0,2011-04-01,,BlackRock,
BLL,BLL,equity,fja05680,False,True,False,False,,,,,,1996-01-02,2022-05-10,1.0,,,,
BLS,BLS,equity,fja05680,False,True,False,False,,,,,,1996-01-02,2007-01-03,1.0,,,,
BMC,BMC,equity,fja05680;wiki_changes_removed,False,True,False,False,,,,,,1998-10-01,2013-09-11,1.0,,2013-09-10,BMC Software,BMC was acquired by a consortium.
BMET,BMET,equity,fja05680,False,True,False,False,,,,,,1996-01-02,2007-07-12,1.0,,,,
BMS,BMS,equity,fja05680;wiki_changes_added;wiki_changes_removed,False,True,False,False,,,,,,1996-01-02,2014-12-05,1.0,2019-06-07,2014-12-05;2019-06-11,Bemis;Bemis Company,BMS changed to AMCR post merger with Amcor; subsequently renamed to Amcor. || Market capitalization changes.
BMY,BMY,equity,fja05680;wiki_current,True,True,False,False,Bristol Myers Squibb,Health Care,Pharmaceuticals,1957-03-04,14272.0,1996-01-02,,1.0,,,,
BNI,BNI,equity,fja05680,False,True,False,False,,,,,,1996-01-02,2010-02-16,1.0,,,,
BNY,BNY,equity,fja05680;wiki_current,True,True,False,False,BNY Mellon,Financials,Asset Management & Custody Banks,1995-03-31,1390777.0,2026-05-21,,1.0,,,,
BOL,BOL,equity,fja05680,False,True,False,False,,,,,,1996-01-02,2007-10-29,1.0,,,,
BR,BR,equity,fja05680;wiki_changes_added;wiki_current,True,True,False,False,Broadridge Financial Solutions,Industrials,Data Processing & Outsourced Services,2018-06-18,1383312.0,1996-01-02,,2.0,2018-06-18,,Broadridge Financial Solutions,
BRCM,BRCM,equity,fja05680;wiki_changes_removed,False,True,False,False,,,,,,2000-07-03,2016-02-01,1.0,,2016-02-01,Broadcom Corporation,
BRK-B,BRK.B,equity,fja05680;wiki_current,True,True,False,False,Berkshire Hathaway,Financials,Multi-Sector Holdings,2010-02-16,1067983.0,2010-02-16,,1.0,,,,
BRL,BRL,equity,fja05680,False,True,False,False,,,,,,2006-02-27,2008-12-23,1.0,,,,
BRO,BRO,equity,fja05680;wiki_changes_added;wiki_current,True,True,False,False,Brown & Brown,Financials,Insurance Brokers,2021-09-20,79282.0,2021-09-20,,1.0,2021-09-20,,Brown & Brown,
BS,BS,equity,wiki_changes_removed,False,False,False,False,,,,,,,,,,2000-12-05,Bethlehem Steel,Market capitalization changes.
BSC,BSC,equity,fja05680,False,True,False,False,,,,,,1998-07-01,2008-06-02,1.0,,,,
BSX,BSX,equity,fja05680;wiki_current,True,True,False,False,Boston Scientific,Health Care,Health Care Equipment,1995-02-24,885725.0,1996-01-02,,1.0,,,,
BTU,BTU,equity,wiki_changes_removed,False,False,False,False,,,,,,,,,,2014-09-20,Peabody Energy,Market capitalization changes.
BTUUQ,BTUUQ,equity,fja05680,False,True,False,False,,,,,,2006-11-20,2014-09-22,1.0,,,,
BUD,BUD,equity,fja05680;wiki_changes_added,False,True,False,False,,,,,,1996-01-02,2008-11-18,1.0,1976-07-01,,Anheuser Busch,
BVSN,BVSN,equity,fja05680,False,True,False,False,,,,,,2000-11-06,2001-09-04,1.0,,,,
BWA,BWA,equity,fja05680;wiki_changes_added;wiki_changes_removed,False,True,False,False,,,,,,2011-12-19,2025-03-24,1.0,2011-12-16,2025-03-24,BorgWarner,Market capitalization changes.
BX,BX,equity,fja05680;wiki_changes_added;wiki_current,True,True,False,False,Blackstone Inc.,Financials,Asset Management & Custody Banks,2023-09-18,1393818.0,2023-09-18,,1.0,2023-09-18,,Blackstone,
BXLT,BXLT,equity,fja05680;wiki_changes_added;wiki_changes_removed,False,True,False,False,,,,,,2015-07-01,2016-06-03,1.0,2015-07-01,2016-06-03,Baxalta,SHPG acquired Baxalta.
BXP,BXP,equity,fja05680;wiki_current,True,True,False,False,"BXP, Inc.",Real Estate,Office REITs,2006-04-03,1037540.0,2006-04-03,,1.0,,,,
C,C,equity,fja05680;wiki_current,True,True,False,False,Citigroup,Financials,Diversified Banks,1988-05-31,831001.0,1996-01-02,,1.0,,,,
CA,CA,equity,fja05680;wiki_changes_removed,False,True,False,False,,,,,,1996-01-02,2018-11-06,1.0,,2018-11-06,CA Technologies,CA was acquired by Broadcom.
CAG,CAG,equity,fja05680;wiki_changes_removed,False,True,False,False,,,,,,1996-01-02,2026-06-30,1.0,,2026-06-30,Conagra Brands,Market capitalization changes.
CAH,CAH,equity,fja05680;wiki_current,True,True,False,False,Cardinal Health,Health Care,Health Care Distributors,1997-05-27,721371.0,1997-05-27,,1.0,,,,
CAM,CAM,equity,fja05680;wiki_changes_removed,False,True,False,False,,,,,,2008-01-29,2016-04-04,1.0,,2016-04-04,Cameron International,Schlumberger acquired Cameron.
CAR,CAR,equity,fja05680,False,True,False,False,,,,,,1996-01-02,2006-08-01,1.0,,,,
CARR,CARR,equity,fja05680;wiki_changes_added;wiki_current,True,True,False,False,Carrier Global,Industrials,Building Products,2020-04-03,1783180.0,2020-04-03,,1.0,2020-04-03,,Carrier,
CASY,CASY,equity,fja05680;wiki_changes_added;wiki_current,True,True,False,False,Casey's,Consumer Staples,Food Retail,2026-04-09,726958.0,2026-04-09,,1.0,2026-04-09,,Casey's,
CAT,CAT,equity,fja05680;wiki_current,True,True,False,False,Caterpillar Inc.,Industrials,Construction Machinery & Heavy Transportation Equipment,1957-03-04,18230.0,1996-01-02,,1.0,,,,
CB,CB,equity,fja05680;wiki_changes_added;wiki_current,True,True,False,False,Chubb Limited,Financials,Property & Casualty Insurance,2010-07-15,896159.0,1996-01-02,,1.0,2010-07-14,,Chubb,
CBE,CBE,equity,fja05680;wiki_changes_added;wiki_changes_removed,False,True,False,False,,,,,,1996-01-02,2012-12-03,2.0,2011-11-18,2009-09-28;2012-12-03,Cooper Industries,Cooper redomesticated to Ireland. || Cooper was acquired by Eaton Corp. (ETN)
CBH,CBH,equity,fja05680,False,True,False,False,,,,,,2006-06-06,2008-03-31,1.0,,,,
CBOE,CBOE,equity,fja05680;wiki_changes_added;wiki_current,True,True,False,False,Cboe Global Markets,Financials,Financial Exchanges & Data,2017-03-01,1374310.0,2017-03-01,,1.0,2017-03-01,,Cboe Holdings,
CBRE,CBRE,equity,fja05680;wiki_current,True,True,False,False,CBRE Group,Real Estate,Real Estate Services,2006-11-10,1138118.0,2006-11-10,,1.0,,,,
CBS,CBS,equity,fja05680,False,True,False,False,,,,,,1996-01-02,2019-12-05,1.0,,,,
CBSS,CBSS,equity,fja05680,False,True,False,False,,,,,,2004-12-20,2007-09-07,1.0,,,,
CCE,CCE,equity,fja05680;wiki_changes_removed,False,True,False,False,,,,,,1998-10-08,2016-05-31,1.0,,2016-05-31,Coca-Cola Enterprises,Coca-Cola Enterprises merged with European bottlers.
CCEP,CCEP,equity,fja05680,False,True,False,False,,,,,,2016-01-04,2016-05-31,1.0,,,,
CCI,CCI,equity,fja05680;wiki_changes_added;wiki_current,True,True,False,False,Crown Castle,Real Estate,Telecom Tower REITs,2012-03-14,1051470.0,2012-03-13,,1.0,2012-03-13,,Crown Castle,
CCK,CCK,equity,fja05680;wiki_changes_removed,False,True,False,False,,,,,,1996-01-02,2000-12-11,1.0,,2000-12-05,Crown Holdings,Market capitalization changes.
CCL,CCL,equity,fja05680;wiki_changes_added;wiki_current,True,True,False,False,Carnival Corporation,Consumer Discretionary,"Hotels, Resorts & Cruise Lines",1998-12-22,815097.0,1998-12-22,,1.0,1998-12-11,,Carnival Corporation,
CCR,CCR,equity,wiki_changes_added,False,False,True,False,,,,,,,,,1997-06-17,,Countrywide Credit Industries,
CCTYQ,CCTYQ,equity,fja05680,False,True,False,False,,,,,,1996-01-02,2008-03-31,1.0,,,,
CCU,CCU,equity,fja05680,False,True,False,False,,,,,,1997-09-02,2008-07-31,1.0,,,,
CDAY,CDAY,equity,fja05680;wiki_changes_added;wiki_changes_removed,False,True,False,False,,,,,,2021-09-20,2024-02-01,1.0,2021-09-20,2024-02-01,Ceridian,Ceridian changed its ticker symbol from CDAY to DAY.
CDNS,CDNS,equity,fja05680;wiki_changes_added;wiki_current,True,True,False,False,Cadence Design Systems,Information Technology,Application Software,2017-09-18,813672.0,2017-09-18,,1.0,2017-09-18,,Cadence Design Systems,
CDW,CDW,equity,fja05680;wiki_changes_added;wiki_current,True,True,False,False,CDW Corporation,Information Technology,Technology Distributors,2019-09-23,1402057.0,2019-09-23,,1.0,2019-09-23,,CDW,
CE,CE,equity,fja05680;wiki_changes_added;wiki_changes_removed,False,True,False,False,,,,,,2001-04-02,2025-03-24,2.0,2018-12-24,2025-03-24,Celanese,Market capitalization changes.
CEG,CEG,equity,fja05680;wiki_changes_added;wiki_changes_removed;wiki_current,True,True,False,False,Constellation Energy,Utilities,Electric Utilities,2022-02-02,1868275.0,1996-01-02,,2.0,2022-02-02,2012-03-13,Constellation Energy;Constellation Energy Group,Constellation was acquired by Exelon
CELG,CELG,equity,fja05680;wiki_changes_removed,False,True,False,False,,,,,,2006-11-06,2019-11-21,1.0,,2019-11-21,Celgene,Bristol-Myers Squibb acquired Celgene.
CEN,CEN,equity,fja05680,False,True,False,False,,,,,,1996-01-02,2001-04-02,1.0,,,,
CEPH,CEPH,equity,fja05680;wiki_changes_removed,False,True,False,False,,,,,,2008-11-17,2011-10-14,1.0,,2011-10-14,Cephalon,Cephalon was acquired by Teva Pharmaceutical Industries.
CERN,CERN,equity,fja05680;wiki_changes_added;wiki_changes_removed,False,True,False,False,,,,,,2010-04-30,2022-06-08,1.0,2010-04-29,2022-06-08,Cerner,Oracle acquired Cerner.
CF,CF,equity,fja05680;wiki_current,True,True,False,False,CF Industries,Materials,Fertilizers & Agricultural Chemicals,2008-08-27,1324404.0,2000-06-19,,2.0,,,,
CFC,CFC,equity,fja05680;wiki_changes_removed,False,True,False,False,,,,,,1997-06-18,2008-07-01,1.0,,2008-07-01,Countrywide Financial Corp,Market capitalization changes.
CFG,CFG,equity,fja05680;wiki_changes_added;wiki_current,True,True,False,False,Citizens Financial Group,Financials,Regional Banks,2016-01-29,759944.0,2016-02-01,,1.0,2016-02-01,,Citizens,
CFN,CFN,equity,fja05680;wiki_changes_removed,False,True,False,False,,,,,,2009-09-01,2015-03-17,1.0,,2015-03-18,Carefusion,Carefusion was acquired by Becton Dickinson.
CG,CG,equity,fja05680,False,True,False,False,,,,,,1996-01-02,2000-11-02,1.0,,,,
CGP,CGP,equity,fja05680,False,True,False,False,,,,,,1996-01-02,2001-01-30,1.0,,,,
CHA,CHA,equity,fja05680,False,True,False,False,,,,,,1996-01-02,2000-06-19,1.0,,,,
CHD,CHD,equity,fja05680;wiki_changes_added;wiki_current,True,True,False,False,Church & Dwight,Consumer Staples,Household Products,2015-12-29,313927.0,2015-12-29,,1.0,2015-12-29,,Church & Dwight,
CHIR,CHIR,equity,fja05680,False,True,False,False,,,,,,2000-11-24,2006-04-20,1.0,,,,
CHK,CHK,equity,fja05680;wiki_changes_removed,False,True,False,False,,,,,,2006-03-03,2018-03-19,1.0,,2018-03-19,Chesapeake Energy,Market capitalization changes.
CHRW,CHRW,equity,fja05680;wiki_current,True,True,False,False,C.H. Robinson,Industrials,Air Freight & Logistics,2007-03-02,1043277.0,2007-03-02,,1.0,,,,
CHTR,CHTR,equity,fja05680;wiki_changes_added;wiki_current,True,True,False,False,Charter Communications,Communication Services,Cable & Satellite,2016-09-08,1091667.0,2016-09-08,,1.0,2016-09-08,,Charter Communications,
CI,CI,equity,fja05680;wiki_current,True,True,False,False,Cigna,Health Care,Health Care Services,1976-06-30,1739940.0,1996-01-02,,1.0,,,,
CIEN,CIEN,equity,fja05680;wiki_changes_added;wiki_changes_removed;wiki_current,True,True,False,False,Ciena,Information Technology,Communications Equipment,2026-02-09,936395.0,2001-08-30,,2.0,2026-02-09,2009-12-18,Ciena,Market capitalization changes.
CIN,CIN,equity,fja05680,False,True,False,False,,,,,,1996-01-02,2006-04-03,1.0,,,,
CINF,CINF,equity,fja05680;wiki_current,True,True,False,False,Cincinnati Financial,Financials,Property & Casualty Insurance,1997-12-18,20286.0,1997-12-18,,1.0,,,,
CIT-A,CIT.A,equity,fja05680,False,True,False,False,,,,,,2000-07-17,2001-06-04,1.0,,,,
CITGQ,CITGQ,equity,fja05680,False,True,False,False,,,,,,2004-10-27,2009-07-27,1.0,,,,
CL,CL,equity,fja05680;wiki_current,True,True,False,False,Colgate-Palmolive,Consumer Staples,Household Products,1957-03-04,21665.0,1996-01-02,,1.0,,,,
CLF,CLF,equity,fja05680;wiki_changes_added;wiki_changes_removed,False,True,False,False,,,,,,2009-12-21,2014-04-02,1.0,2009-12-18,2014-04-02,Cliffs Natural Resources,Market capitalization changes.
CLX,CLX,equity,fja05680;wiki_current,True,True,False,False,Clorox,Consumer Staples,Household Products,1969-03-31,21076.0,1996-01-02,,1.0,,,,
CMA,CMA,equity,fja05680;wiki_changes_removed,False,True,False,False,,,,,,1996-01-02,2024-06-24,1.0,,2024-06-24,Comerica,Market capitalization changes.
CMCSA,CMCSA,equity,fja05680;wiki_current,True,True,False,False,Comcast,Communication Services,Cable & Satellite,2002-11-19,1166691.0,1996-01-02,,1.0,,,,
CMCSK,CMCSK,equity,fja05680;wiki_changes_added;wiki_changes_removed,False,True,False,False,,,,,,2015-09-21,2015-12-14,1.0,2015-09-18,2015-12-15,Comcast Class K Special;Comcast Series K,CMCSK shares were no longer listed.
CME,CME,equity,fja05680;wiki_current,True,True,False,False,CME Group,Financials,Financial Exchanges & Data,2006-08-11,1156375.0,2006-08-11,,1.0,,,,
CMG,CMG,equity,fja05680;wiki_changes_added;wiki_current,True,True,False,False,Chipotle Mexican Grill,Consumer Discretionary,Restaurants,2011-04-28,1058090.0,2011-04-28,,1.0,2011-04-27,,Chipotle Mexican Grill,
CMI,CMI,equity,fja05680;wiki_current,True,True,False,False,Cummins,Industrials,Construction Machinery & Heavy Transportation Equipment,1965-03-31,26172.0,1996-01-02,,1.0,,,,
CMS,CMS,equity,fja05680;wiki_current,True,True,False,False,CMS Energy,Utilities,Multi-Utilities,1957-03-04,811156.0,1999-05-03,,1.0,,,,
CMVT,CMVT,equity,fja05680,False,True,False,False,,,,,,1999-10-27,2007-02-01,1.0,,,,
CMX,CMX,equity,fja05680,False,True,False,False,,,,,,2004-03-25,2007-03-23,1.0,,,,
CNC,CNC,equity,fja05680;wiki_changes_added;wiki_current,True,True,False,False,Centene Corporation,Health Care,Managed Health Care,2016-03-30,1071739.0,1997-01-15,,2.0,2016-03-30,,Centene Corporation,
CNG,CNG,equity,fja05680,False,True,False,False,,,,,,1996-01-02,2000-01-31,1.0,,,,
CNP,CNP,equity,fja05680;wiki_current,True,True,False,False,CenterPoint Energy,Utilities,Multi-Utilities,1985-07-31,1130310.0,1996-01-02,,1.0,,,,
CNX,CNX,equity,fja05680;wiki_changes_removed,False,True,False,False,,,,,,2006-06-28,2016-03-04,1.0,,2016-03-04,Consol Energy,
CNXT,CNXT,equity,fja05680,False,True,False,False,,,,,,2000-01-31,2002-06-26,1.0,,,,
COC-B,COC.B,equity,fja05680,False,True,False,False,,,,,,1999-08-09,2002-09-03,1.0,,,,
COF,COF,equity,fja05680;wiki_current,True,True,False,False,Capital One,Financials,Consumer Finance,1998-07-01,927628.0,1998-07-01,,1.0,,,,
COG,COG,equity,fja05680;wiki_changes_added,False,True,False,False,,,,,,2008-06-23,2021-10-04,1.0,2008-06-23,,Cabot Oil & Gas,
COHR,COHR,equity,fja05680;wiki_changes_added;wiki_current,True,True,False,False,Coherent Corp.,Information Technology,Electronic Components,2026-03-23,820318.0,2026-03-23,,1.0,2026-03-23,,Coherent Corp.,
COIN,COIN,equity,fja05680;wiki_changes_added;wiki_current,True,True,False,False,Coinbase,Financials,Financial Exchanges & Data,2025-05-19,1679788.0,2025-05-19,,1.0,2025-05-19,,Coinbase,
COL,COL,equity,fja05680;wiki_changes_removed,False,True,False,False,,,,,,2001-07-02,2018-11-27,1.0,,2018-12-03,Rockwell Collins,UTX acquired Rockwell Collins.
COMS,COMS,equity,fja05680,False,True,False,False,,,,,,1996-01-02,2000-07-28,1.0,,,,
COO,COO,equity,fja05680;wiki_changes_added;wiki_current,True,True,False,False,Cooper Companies (The),Health Care,Health Care Supplies,2016-09-23,711404.0,2016-09-23,,1.0,2016-09-22,,The Cooper Companies,
COP,COP,equity,fja05680;wiki_current,True,True,False,False,ConocoPhillips,Energy,Oil & Gas Exploration & Production,1957-03-04,1163165.0,1996-01-02,,1.0,,,,
COR,COR,equity,fja05680;wiki_current,True,True,False,False,Cencora,Health Care,Health Care Distributors,2001-08-30,1140859.0,2023-08-30,,1.0,,,,
COST,COST,equity,fja05680;wiki_current,True,True,False,False,Costco,Consumer Staples,Consumer Staples Merchandise Retail,1993-10-01,909832.0,1996-01-02,,1.0,,,,
COTY,COTY,equity,fja05680;wiki_changes_added;wiki_changes_removed,False,True,False,False,,,,,,2016-10-03,2020-09-21,1.0,2016-09-30,2020-09-21,Coty,Market capitalization changes.
COV,COV,equity,fja05680;wiki_changes_added;wiki_changes_removed,False,True,False,False,,,,,,2007-07-02,2015-01-27,2.0,2011-02-28,2009-06-05;2015-01-27,Covidien,"Covidien moved its place of incorporation to Ireland, making it ineligible for inclusion in the index. || Covidien was acquired by Medtronic."
CPAY,CPAY,equity,fja05680;wiki_current,True,True,False,False,Corpay,Financials,Transaction & Payment Processing Services,2018-06-20,1175454.0,2024-03-25,,1.0,,,,
CPB,CPB,equity,fja05680;wiki_changes_removed,False,True,False,False,,,,,,1996-01-02,2026-06-22,1.0,,2026-06-22,Campbell's,Market capitalization changes.
CPGX,CPGX,equity,fja05680;wiki_changes_added;wiki_changes_removed,False,True,False,False,,,,,,2015-07-02,2016-07-01,1.0,2015-07-02,2016-07-05,Columbia Pipeline Group,CPGX was acquired by TRP.
CPNLQ,CPNLQ,equity,fja05680,False,True,False,False,,,,,,2000-12-01,2005-12-02,1.0,,,,
CPQ,CPQ,equity,fja05680,False,True,False,False,,,,,,1996-01-02,2002-05-06,1.0,,,,
CPRI,CPRI,equity,fja05680;wiki_changes_removed,False,True,False,False,,,,,,2016-01-04,2020-05-12,1.0,,2020-05-12,Capri Holdings,Market capitalization changes.
CPRT,CPRT,equity,fja05680;wiki_changes_added;wiki_current,True,True,False,False,Copart,Industrials,Diversified Support Services,2018-07-02,900075.0,2018-07-02,,1.0,2018-07-02,,Copart,
CPT,CPT,equity,fja05680;wiki_changes_added;wiki_current,True,True,False,False,Camden Property Trust,Real Estate,Multi-Family Residential REITs,2022-04-04,906345.0,2022-04-04,,1.0,2022-04-04,,Camden Property Trust,
CPWR,CPWR,equity,fja05680;wiki_changes_added;wiki_changes_removed,False,True,False,False,,,,,,1999-01-04,2012-01-03,1.0,1998-12-11,2011-12-31,Compuware,Market capitalization changes.
CR,CR,equity,fja05680,False,True,False,False,,,,,,1996-01-02,2004-12-20,1.0,,,,
CRH,CRH,equity,fja05680;wiki_changes_added;wiki_current,True,True,False,False,CRH plc,Materials,Construction Materials,2025-12-22,849395.0,2025-12-22,,1.0,2025-12-22,,CRH,
CRL,CRL,equity,fja05680;wiki_changes_added;wiki_current,True,True,False,False,Charles River Laboratories,Health Care,Life Sciences Tools & Services,2021-05-14,1100682.0,2021-05-14,,1.0,2021-05-14,,Charles River Laboratories,
CRM,CRM,equity,fja05680;wiki_changes_added;wiki_current,True,True,False,False,Salesforce,Information Technology,Application Software,2008-09-15,1108524.0,2008-09-15,,1.0,2008-09-12,,Salesforce,
CRWD,CRWD,equity,fja05680;wiki_changes_added;wiki_current,True,True,False,False,CrowdStrike,Information Technology,Systems Software,2024-06-24,1535527.0,2024-06-24,,1.0,2024-06-24,,CrowdStrike,
CSC,CSC,equity,wiki_changes_removed,False,False,False,False,,,,,,,,,,2015-12-01,Computer Sciences Corporation,CSC completed the corporate spin-off off CSRA.
CSCO,CSCO,equity,fja05680;wiki_current,True,True,False,False,Cisco,Information Technology,Communications Equipment,1993-12-01,858877.0,1996-01-02,,1.0,,,,
CSGP,CSGP,equity,fja05680;wiki_changes_added;wiki_current,True,True,False,False,CoStar Group,Real Estate,Real Estate Services,2022-09-19,1057352.0,2022-09-19,,1.0,2022-09-19,,CoStar Group,
CSR,CSR,equity,fja05680,False,True,False,False,,,,,,1996-01-02,2000-06-16,1.0,,,,
CSRA,CSRA,equity,fja05680;wiki_changes_added;wiki_changes_removed,False,True,False,False,,,,,,2015-11-30,2018-04-04,1.0,2015-12-01,2018-04-04,CSRA,General Dynamics acquired CSRA.
CSX,CSX,equity,fja05680;wiki_current,True,True,False,False,CSX Corporation,Industrials,Rail Transportation,1957-03-04,277948.0,1996-01-02,,1.0,,,,
CTAS,CTAS,equity,fja05680;wiki_current,True,True,False,False,Cintas,Industrials,Diversified Support Services,2001-03-01,723254.0,2001-03-01,,1.0,,,,
CTB,CTB,equity,fja05680,False,True,False,False,,,,,,1996-01-02,2006-07-18,1.0,,,,
CTL,CTL,equity,fja05680,False,True,False,False,,,,,,1999-03-25,2020-09-18,1.0,,,,
CTLT,CTLT,equity,fja05680;wiki_changes_added;wiki_changes_removed,False,True,False,False,,,,,,2020-09-21,2024-12-23,1.0,2020-09-21,2024-12-23,Catalent,Novo Holdings A/S acquired Catalent.
CTRA,CTRA,equity,fja05680;wiki_changes_removed,False,True,False,False,,,,,,2021-10-04,2026-05-07,1.0,,2026-05-07,Coterra Energy,Devon Energy acquired Coterra Energy.
CTSH,CTSH,equity,fja05680;wiki_current,True,True,False,False,Cognizant,Information Technology,IT Consulting & Other Services,2006-11-17,1058290.0,2006-11-17,,1.0,,,,
CTVA,CTVA,equity,fja05680;wiki_changes_added;wiki_current,True,True,False,False,Corteva,Materials,Fertilizers & Agricultural Chemicals,2019-06-03,1755672.0,2019-06-03,,1.0,2019-06-03,,Corteva,
CTX,CTX,equity,fja05680;wiki_changes_removed,False,True,False,False,,,,,,1996-01-02,2009-08-19,1.0,,2009-08-19,Centex Corp.,Centex was acquired by Pulte Homes.
CTXS,CTXS,equity,fja05680;wiki_changes_removed,False,True,False,False,,,,,,1999-12-01,2022-10-03,1.0,,2022-10-03,Citrix Systems,Vista Equity Partners acquired Citrix Systems.
CVC,CVC,equity,fja05680;wiki_changes_added;wiki_changes_removed,False,True,False,False,,,,,,2010-12-20,2016-06-21,1.0,2010-12-17,2016-06-22,Cablevision;Cablevision Systems,Cablevision Systems was acquired by Altice.
CVG,CVG,equity,fja05680;wiki_changes_added;wiki_changes_removed,False,True,False,False,,,,,,2000-06-13,2009-12-21,1.0,2000-06-12,2009-12-18,Convergys,Market capitalization changes.
CVH,CVH,equity,fja05680;wiki_changes_removed,False,True,False,False,,,,,,2005-08-30,2013-05-07,1.0,,2013-05-08,Coventry Health Care,CVH was acquired by Aetna.
CVNA,CVNA,equity,fja05680;wiki_changes_added;wiki_current,True,True,False,False,Carvana,Consumer Discretionary,Automotive Retail,2025-12-22,1690820.0,2025-12-22,,1.0,2025-12-22,,Carvana,
CVS,CVS,equity,fja05680;wiki_current,True,True,False,False,CVS Health,Health Care,Health Care Services,1957-03-04,64803.0,1996-01-02,,1.0,,,,
CVX,CVX,equity,fja05680;wiki_current,True,True,False,False,Chevron Corporation,Energy,Integrated Oil & Gas,1957-03-04,93410.0,1996-01-02,,1.0,,,,
CXO,CXO,equity,fja05680;wiki_changes_added;wiki_changes_removed,False,True,False,False,,,,,,2016-02-22,2021-01-21,1.0,2016-02-22,2021-01-21,Concho Resources,ConocoPhillips acquired Concho Resources.
CZR,CZR,equity,fja05680;wiki_changes_added;wiki_changes_removed,False,True,False,False,,,,,,2021-03-22,2025-09-22,1.0,2021-03-22,2025-09-22,Caesars Entertainment,Market capitalization changes.
D,D,equity,fja05680;wiki_current,True,True,False,False,Dominion Energy,Utilities,Multi-Utilities,2016-11-30,715957.0,1996-01-02,,1.0,,,,
DAL,DAL,equity,fja05680;wiki_changes_added;wiki_current,True,True,False,False,Delta Air Lines,Industrials,Passenger Airlines,2013-09-11,27904.0,2013-09-11,,1.0,2013-09-10,,Delta Air Lines,
DALRQ,DALRQ,equity,fja05680,False,True,False,False,,,,,,1996-01-02,2005-08-19,1.0,,,,
DASH,DASH,equity,fja05680;wiki_changes_added;wiki_current,True,True,False,False,DoorDash,Consumer Discretionary,Specialized Consumer Services,2025-03-24,1792789.0,2025-03-24,,1.0,2025-03-24,,DoorDash,
DAY,DAY,equity,fja05680;wiki_changes_added;wiki_changes_removed,False,True,False,False,,,,,,2024-02-01,2026-02-09,1.0,2024-02-01,2026-02-09,Dayforce,Thoma Bravo L.P. acquired Dayforce.
DCNAQ,DCNAQ,equity,fja05680,False,True,False,False,,,,,,1996-01-02,2006-03-03,1.0,,,,
DD,DD,equity,fja05680;wiki_changes_added;wiki_changes_removed;wiki_current,True,True,False,False,DuPont,Industrials,Industrial Conglomerates,2019-06-03,1666700.0,1996-01-02,,2.0,2019-06-03,2017-09-01,DuPont,The Dow Chemical Company acquired DuPont.
DDOG,DDOG,equity,fja05680;wiki_changes_added;wiki_current,True,True,False,False,Datadog,Information Technology,Application Software,2025-07-09,1561550.0,2025-07-09,,1.0,2025-07-09,,Datadog,
DDR,DDR,equity,fja05680,False,True,False,False,,,,,,2007-03-23,2009-03-30,1.0,,,,
DDS,DDS,equity,fja05680,False,True,False,False,,,,,,1996-01-02,2008-10-22,1.0,,,,
DE,DE,equity,fja05680;wiki_current,True,True,False,False,Deere & Company,Industrials,Agricultural & Farm Machinery,1957-03-04,315189.0,1996-01-02,,1.0,,,,
DECK,DECK,equity,fja05680;wiki_changes_added;wiki_current,True,True,False,False,Deckers Brands,Consumer Discretionary,Footwear,2024-03-18,910521.0,2024-03-18,,1.0,2024-03-18,,Deckers Brands,
DELL,DELL,equity,fja05680;wiki_changes_added;wiki_changes_removed;wiki_current,True,True,False,False,Dell Technologies,Information Technology,"Technology Hardware, Storage & Peripherals",2024-09-23,1571996.0,1996-09-06,,2.0,2024-09-23,2013-10-29,Dell;Dell Technologies,Founder Michael Dell and Silver Lake Partners acquired Dell.
DF,DF,equity,fja05680;wiki_changes_removed,False,True,False,False,,,,,,2006-04-03,2013-05-24,1.0,,2013-05-23,Dean Foods,DF was too small after spinoff of White Wave Foods.
DFS,DFS,equity,fja05680;wiki_changes_added;wiki_changes_removed,False,True,False,False,,,,,,2007-07-02,2025-05-19,1.0,2007-07-02,2025-05-19,Discover Financial,Capital One acquired Discover Financial.
DG,DG,equity,fja05680;wiki_changes_added;wiki_current,True,True,False,False,Dollar General,Consumer Staples,Consumer Staples Merchandise Retail,2012-12-03,29534.0,1998-07-16,,2.0,2012-12-03,,Dollar General,
DGX,DGX,equity,fja05680;wiki_current,True,True,False,False,Quest Diagnostics,Health Care,Health Care Services,2002-12-12,1022079.0,2002-12-12,,1.0,,,,
DHI,DHI,equity,fja05680;wiki_current,True,True,False,False,D. R. Horton,Consumer Discretionary,Homebuilding,2005-06-22,882184.0,2005-07-05,,1.0,,,,
DHR,DHR,equity,fja05680;wiki_current,True,True,False,False,Danaher Corporation,Health Care,Life Sciences Tools & Services,1998-11-18,313616.0,1998-11-18,,1.0,,,,
DIS,DIS,equity,fja05680;wiki_changes_added;wiki_current,True,True,False,False,Walt Disney Company (The),Communication Services,Movies & Entertainment,1976-06-30,1744489.0,1996-01-02,,1.0,1976-07-01,,The Walt Disney Company,
DISCA,DISCA,equity,fja05680;wiki_changes_removed,False,True,False,False,,,,,,2010-03-01,2022-04-11,1.0,,2022-04-11,"Discovery, Inc.",WarnerMedia and Discovery merged to create Warner Bros. Discovery.
DISCK,DISCK,equity,fja05680;wiki_changes_added;wiki_changes_removed,False,True,False,False,,,,,,2014-08-07,2022-04-11,1.0,2014-08-06,2022-04-11,"Discovery Communications;Discovery, Inc.",WarnerMedia and Discovery merged to create Warner Bros. Discovery.
DISH,DISH,equity,fja05680;wiki_changes_added;wiki_changes_removed,False,True,False,False,,,,,,2017-03-13,2023-06-20,1.0,2017-03-13,2023-06-20,Dish Network,Market capitalization changes.
DJ,DJ,equity,fja05680;wiki_changes_removed,False,True,False,False,,,,,,1996-01-02,2007-12-14,1.0,,2007-12-13,Dow Jones,Dow Jones was acquired by News Corporation.
DLPH,DLPH,equity,wiki_changes_added,False,False,False,False,,,,,,,,,2012-12-21,,Delphi Automotive,
DLR,DLR,equity,fja05680;wiki_changes_added;wiki_current,True,True,False,False,Digital Realty,Real Estate,Data Center REITs,2016-05-18,1297996.0,2016-05-18,,1.0,2016-05-18,,Digital Realty,
DLTR,DLTR,equity,fja05680;wiki_changes_added;wiki_current,True,True,False,False,Dollar Tree,Consumer Staples,Consumer Staples Merchandise Retail,2011-12-19,935703.0,2011-12-19,,1.0,2011-12-16,,Dollar Tree,
DLX,DLX,equity,fja05680,False,True,False,False,,,,,,1996-01-02,2004-12-20,1.0,,,,
DNB,DNB,equity,fja05680;wiki_changes_removed,False,True,False,False,,,,,,2008-12-02,2017-04-05,1.0,,2017-04-05,Dun & Bradstreet,Gartner acquired CEB.
DNR,DNR,equity,fja05680;wiki_changes_removed,False,True,False,False,,,,,,2009-04-02,2015-03-23,1.0,,2015-03-23,Denbury Resources,Market capitalization changes.
DO,DO,equity,fja05680;wiki_changes_removed,False,True,False,False,,,,,,2009-02-26,2016-10-03,1.0,,2016-09-30,Diamond Offshore Drilling,Siris Capital Group acquired Polycom.
DOC,DOC,equity,fja05680;wiki_current,True,True,False,False,Healthpeak Properties,Real Estate,Health Care REITs,2008-03-31,765880.0,2024-03-04,,1.0,,,,
DOV,DOV,equity,fja05680;wiki_current,True,True,False,False,Dover Corporation,Industrials,Industrial Machinery & Supplies & Components,1985-10-31,29905.0,1996-01-02,,1.0,,,,
DOW,DOW,equity,fja05680;wiki_changes_added;wiki_changes_removed;wiki_current,True,True,False,False,Dow Inc.,Materials,Commodity Chemicals,2019-04-01,1751788.0,1996-01-02,,2.0,2019-04-02,2017-09-01,Dow;Dow Chemical Company,The Dow Chemical Company renamed to DowDuPont Inc.
DPHIQ,DPHIQ,equity,fja05680,False,True,False,False,,,,,,1999-05-28,2005-10-11,1.0,,,,
DPS,DPS,equity,wiki_changes_removed,False,False,False,False,,,,,,,,,,2018-07-02,Dr Pepper Snapple Group,DPS was acquired by Keurig Green Mountain.
DPZ,DPZ,equity,fja05680;wiki_changes_added;wiki_current,True,True,False,False,Domino's,Consumer Discretionary,Restaurants,2020-05-12,1286681.0,2020-05-12,,1.0,2020-05-12,,Domino's Pizza,
DRE,DRE,equity,fja05680;wiki_changes_added;wiki_changes_removed,False,True,False,False,,,,,,2017-07-26,2022-10-03,1.0,2017-07-26,2022-10-03,Duke Realty,Prologis acquired Duke Realty.
DRI,DRI,equity,fja05680;wiki_current,True,True,False,False,Darden Restaurants,Consumer Discretionary,Restaurants,1995-05-31,940944.0,1996-01-02,,1.0,,,,
DTE,DTE,equity,fja05680;wiki_current,True,True,False,False,DTE Energy,Utilities,Multi-Utilities,1957-03-04,936340.0,1996-01-02,,1.0,,,,
DTV,DTV,equity,fja05680;wiki_changes_removed,False,True,False,False,,,,,,2006-12-04,2015-07-27,1.0,,2015-07-29,DirecTV,DirecTV was acquired by AT&T.
DUK,DUK,equity,fja05680;wiki_current,True,True,False,False,Duke Energy,Utilities,Electric Utilities,1976-06-30,1326160.0,1996-01-02,,1.0,,,,
DV,DV,equity,wiki_changes_removed,False,False,False,False,,,,,,,,,,2012-10-01,DeVry,Tyco spin-off merged with Pentair.
DVA,DVA,equity,fja05680;wiki_current,True,True,False,False,DaVita,Health Care,Health Care Services,2008-07-31,927066.0,2008-07-31,,1.0,,,,
DVN,DVN,equity,fja05680;wiki_current,True,True,False,False,Devon Energy,Energy,Oil & Gas Exploration & Production,2000-08-30,1090012.0,2000-08-30,,1.0,,,,
DWDP,DWDP,equity,fja05680;wiki_changes_added;wiki_changes_removed,False,True,False,False,,,,,,2017-09-01,2019-06-03,1.0,2017-09-01,2019-06-03,DuPont,DWDP changed to DD after spinning off Corteva.
DXC,DXC,equity,fja05680;wiki_changes_added;wiki_changes_removed,False,True,False,False,,,,,,1996-01-02,2023-10-02,2.0,2017-04-04,2023-10-03,DXC Technology,Market capitalization changes.
DXCM,DXCM,equity,fja05680;wiki_changes_added;wiki_current,True,True,False,False,Dexcom,Health Care,Health Care Equipment,2020-05-12,1093557.0,2020-05-12,,1.0,2020-05-12,,Dexcom,
DYN,DYN,equity,fja05680;wiki_changes_removed,False,True,False,False,,,,,,2000-10-03,2009-12-21,1.0,,2009-12-18,Dynegy,Market capitalization changes.
EA,EA,equity,fja05680;wiki_changes_removed,False,True,False,False,,,,,,2002-07-22,2026-08-05,1.0,,2026-08-05,Electronic Arts,"An investor consortium comprising Saudi Arabia's Public Investment Fund (PIF), Silver Lake, and Affinity Partners acquired Electronic Arts."
EBAY,EBAY,equity,fja05680;wiki_current,True,True,False,False,eBay Inc.,Consumer Discretionary,Broadline Retail,2002-07-22,1065088.0,2002-07-22,,1.0,,,,
EC,EC,equity,fja05680,False,True,False,False,,,,,,1996-01-02,2006-06-06,1.0,,,,
ECHO,ECHO,equity,fja05680;wiki_current,True,True,False,False,EchoStar,Communication Services,Wireless Telecommunication Services,2026-03-23,1415404.0,2026-06-24,,1.0,,,,
ECL,ECL,equity,fja05680;wiki_current,True,True,False,False,Ecolab,Materials,Specialty Chemicals,1989-01-31,31462.0,1996-01-02,,1.0,,,,
ED,ED,equity,fja05680;wiki_current,True,True,False,False,Consolidated Edison,Utilities,Multi-Utilities,1957-03-04,1047862.0,1996-01-02,,1.0,,,,
EDS,EDS,equity,fja05680,False,True,False,False,,,,,,1998-08-11,2008-08-26,1.0,,,,
EFU,EFU,equity,fja05680,False,True,False,False,,,,,,1996-01-02,2000-11-02,1.0,,,,
EFX,EFX,equity,fja05680;wiki_current,True,True,False,False,Equifax,Industrials,Research & Consulting Services,1997-06-19,33185.0,1997-06-19,,1.0,,,,
EG,EG,equity,fja05680;wiki_current,True,True,False,False,Everest Group,Financials,Reinsurance,2017-06-19,1095073.0,2023-07-10,,1.0,,,,
EHC,EHC,equity,fja05680,False,True,False,False,,,,,,1997-01-08,2003-03-21,1.0,,,,
EIX,EIX,equity,fja05680;wiki_current,True,True,False,False,Edison International,Utilities,Electric Utilities,1957-03-04,827052.0,1996-01-02,,1.0,,,,
EK,EK,equity,wiki_changes_removed,False,False,False,False,,,,,,,,,,2010-12-17,Eastman Kodak,Market capitalization changes.
EKDKQ,EKDKQ,equity,fja05680,False,True,False,False,,,,,,1996-01-02,2010-12-20,1.0,,,,
EL,EL,equity,fja05680;wiki_current,True,True,False,False,Estée Lauder Companies (The),Consumer Staples,Personal Care Products,2006-01-05,1001250.0,2006-01-05,,1.0,,,,
ELV,ELV,equity,fja05680;wiki_current,True,True,False,False,Elevance Health,Health Care,Managed Health Care,2002-07-25,1156039.0,2022-06-28,,1.0,,,,
EMC,EMC,equity,fja05680;wiki_changes_removed,False,True,False,False,,,,,,1996-03-28,2016-09-07,1.0,,2016-09-08,EMC Corporation,Dell acquired EMC.
EME,EME,equity,fja05680;wiki_changes_added;wiki_current,True,True,False,False,Emcor,Industrials,Construction & Engineering,2025-09-22,105634.0,2025-09-22,,1.0,2025-09-22,,Emcor,
EMN,EMN,equity,fja05680;wiki_changes_removed,False,True,False,False,,,,,,1996-01-02,2025-11-04,1.0,,2025-11-04,Eastman Chemical Co.,Market capitalization changes.
EMR,EMR,equity,fja05680;wiki_current,True,True,False,False,Emerson Electric,Industrials,Electrical Components & Equipment,1965-03-31,32604.0,1996-01-02,,1.0,,,,
ENDP,ENDP,equity,fja05680;wiki_changes_added;wiki_changes_removed,False,True,False,False,,,,,,2015-01-27,2017-03-02,1.0,2015-01-27,2017-03-02,Endo International,Regency Centers acquired EQY.
ENPH,ENPH,equity,fja05680;wiki_changes_added;wiki_changes_removed,False,True,False,False,,,,,,2021-01-07,2025-09-22,1.0,2021-01-07,2025-09-22,Enphase Energy,Market capitalization changes.
ENRNQ,ENRNQ,equity,fja05680,False,True,False,False,,,,,,1996-01-02,2001-11-30,1.0,,,,
EOG,EOG,equity,fja05680;wiki_current,True,True,False,False,EOG Resources,Energy,Oil & Gas Exploration & Production,2000-11-02,821189.0,2000-11-02,,1.0,,,,
EOP,EOP,equity,fja05680,False,True,False,False,,,,,,2001-10-10,2007-02-12,1.0,,,,
EP,EP,equity,fja05680;wiki_changes_removed,False,True,False,False,,,,,,1999-10-26,2012-05-25,1.0,,2012-05-17,El Paso Corporation,El Paso was acquired by Kinder Morgan.
EPAM,EPAM,equity,fja05680;wiki_changes_added;wiki_changes_removed,False,True,False,False,,,,,,2021-12-14,2026-06-02,1.0,2021-12-14,2026-06-02,EPAM Systems,Market capitalization changes.
EQ,EQ,equity,fja05680,False,True,False,False,,,,,,2006-05-18,2009-07-01,1.0,,,,
EQIX,EQIX,equity,fja05680;wiki_changes_added;wiki_current,True,True,False,False,Equinix,Real Estate,Data Center REITs,2015-03-20,1101239.0,2015-03-23,,1.0,2015-03-23,,Equinix,
EQR,EQR,equity,fja05680,False,True,False,False,,,,,,2001-12-03,2026-08-18,1.0,,,,
EQT,EQT,equity,fja05680;wiki_changes_added;wiki_changes_removed;wiki_current,True,True,False,False,EQT Corporation,Energy,Oil & Gas Exploration & Production,2022-10-03,33213.0,2008-12-19,,2.0,2022-10-03,2018-11-13,EQT Corporation,EQT completed the corporate spin-off of ETRN.
ERIE,ERIE,equity,fja05680;wiki_changes_added;wiki_current,True,True,False,False,Erie Indemnity,Financials,Insurance Brokers,2024-09-23,922621.0,2024-09-23,,1.0,2024-09-23,,Erie Indemnity,
ES,ES,equity,fja05680;wiki_current,True,True,False,False,Eversource Energy,Utilities,Electric Utilities,2009-07-24,72741.0,2009-03-17,,1.0,,,,
ESRX,ESRX,equity,fja05680;wiki_changes_added;wiki_changes_removed,False,True,False,False,,,,,,2003-09-26,2018-12-21,1.0,2003-09-25,2018-12-24,Express Scripts,Cigna acquired Express Scripts.
ESS,ESS,equity,fja05680;wiki_changes_added;wiki_current,True,True,False,False,Essex Property Trust,Real Estate,Multi-Family Residential REITs,2014-04-02,920522.0,2014-04-02,,1.0,2014-04-02,,Essex Property Trust,
ESV,ESV,equity,fja05680;wiki_changes_added;wiki_changes_removed,False,True,False,False,,,,,,2007-01-04,2016-03-30,2.0,2012-07-31,2016-03-30,Ensco;Ensco plc,Centene acquired Health Net.
ETFC,ETFC,equity,fja05680;wiki_changes_removed,False,True,False,False,,,,,,2004-04-01,2020-10-07,1.0,,2020-10-07,E-Trade,Morgan Stanley acquired E*Trade.
ETN,ETN,equity,fja05680;wiki_current,True,True,False,False,Eaton Corporation,Industrials,Electrical Components & Equipment,1957-03-04,1551182.0,1996-01-02,,1.0,,,,
ETR,ETR,equity,fja05680;wiki_current,True,True,False,False,Entergy,Utilities,Electric Utilities,1957-03-04,65984.0,1996-01-02,,1.0,,,,
ETS,ETS,equity,fja05680,False,True,False,False,,,,,,1996-01-02,2001-08-06,1.0,,,,
ETSY,ETSY,equity,fja05680;wiki_changes_added;wiki_changes_removed,False,True,False,False,,,,,,2020-09-21,2024-09-23,1.0,2020-09-21,2024-09-23,Etsy,Market capitalization changes.
EVHC,EVHC,equity,fja05680;wiki_changes_added;wiki_changes_removed,False,True,False,False,,,,,,2016-12-02,2018-10-11,1.0,2016-12-02,2018-10-11,Envision Healthcare,EVHC was acquired by KKR.
EVRG,EVRG,equity,fja05680;wiki_changes_added;wiki_current,True,True,False,False,Evergy,Utilities,Electric Utilities,2018-06-05,1711269.0,2018-06-05,,1.0,2018-06-05,,Evergy,
EW,EW,equity,fja05680;wiki_changes_added;wiki_current,True,True,False,False,Edwards Lifesciences,Health Care,Health Care Equipment,2011-04-01,1099800.0,2011-04-01,,1.0,2011-03-31,,Edwards Lifesciences,
EXC,EXC,equity,fja05680;wiki_current,True,True,False,False,Exelon,Utilities,Electric Utilities,1957-03-04,1109357.0,1996-01-02,,1.0,,,,
EXE,EXE,equity,fja05680;wiki_changes_added;wiki_current,True,True,False,False,Expand Energy,Energy,Oil & Gas Exploration & Production,2025-03-24,895126.0,2025-03-24,,1.0,2025-03-24,,Expand Energy,
EXPD,EXPD,equity,fja05680;wiki_current,True,True,False,False,Expeditors International,Industrials,Air Freight & Logistics,2007-10-10,746515.0,2007-10-10,,1.0,,,,
EXPE,EXPE,equity,fja05680;wiki_changes_added;wiki_current,True,True,False,False,Expedia Group,Consumer Discretionary,"Hotels, Resorts & Cruise Lines",2007-10-02,1324424.0,2007-10-02,,1.0,2007-10-02,,Expedia,
EXR,EXR,equity,fja05680;wiki_changes_added;wiki_current,True,True,False,False,Extra Space Storage,Real Estate,Self-Storage REITs,2016-01-19,1289490.0,2016-01-19,,1.0,2016-01-19,,Extra Space Storage,
F,F,equity,fja05680;wiki_current,True,True,False,False,Ford Motor Company,Consumer Discretionary,Automobile Manufacturers,1957-03-04,37996.0,1996-01-02,,1.0,,,,
FANG,FANG,equity,fja05680;wiki_changes_added;wiki_current,True,True,False,False,Diamondback Energy,Energy,Oil & Gas Exploration & Production,2018-12-03,1539838.0,2018-12-03,,1.0,2018-12-03,,Diamondback Energy,
FAST,FAST,equity,fja05680;wiki_changes_added;wiki_current,True,True,False,False,Fastenal,Industrials,Trading Companies & Distributors,2008-09-15,815556.0,2008-09-15,,1.0,2008-09-12,,Fastenal,
FB,FB,equity,fja05680;wiki_changes_added,False,True,False,False,,,,,,2013-12-23,2022-06-09,1.0,2013-12-23,,Facebook,
FBF,FBF,equity,fja05680,False,True,False,False,,,,,,1996-01-02,2004-04-01,1.0,,,,
FBHS,FBHS,equity,fja05680;wiki_changes_added;wiki_changes_removed,False,True,False,False,,,,,,2016-06-24,2022-12-19,1.0,2016-06-22,2022-12-19,Fortune Brands Home & Security,Market capitalization changes.
FCPT,FCPT,equity,fja05680,False,True,False,False,,,,,,2015-11-10,2015-11-17,1.0,,,,
FCX,FCX,equity,fja05680;wiki_current,True,True,False,False,Freeport-McMoRan,Materials,Copper,2011-07-01,831259.0,1996-01-02,,1.0,,,,
FDC,FDC,equity,fja05680;wiki_changes_removed,False,True,False,False,,,,,,1996-01-02,2007-09-25,1.0,,2007-09-26,First Data,FDC was acquired by KKR.
FDO,FDO,equity,fja05680;wiki_changes_removed,False,True,False,False,,,,,,2001-08-06,2015-07-07,1.0,,2015-07-08,Family Dollar,Family Dollar was acquired.
FDS,FDS,equity,fja05680;wiki_changes_added;wiki_current,True,True,False,False,FactSet,Financials,Financial Exchanges & Data,2021-12-20,1013237.0,2021-12-20,,1.0,2021-12-20,,FactSet,
FDX,FDX,equity,fja05680;wiki_current,True,True,False,False,FedEx,Industrials,Air Freight & Logistics,1980-12-31,1048911.0,1996-01-02,,1.0,,,,
FDXF,FDXF,equity,fja05680;wiki_changes_added;wiki_current,True,True,False,False,FedEx Freight,Industrials,Cargo Ground Transportation,2026-06-01,2082247.0,2026-06-01,,1.0,2026-06-01,,FedEx Freight,
FE,FE,equity,fja05680;wiki_current,True,True,False,False,FirstEnergy,Utilities,Electric Utilities,1997-11-28,1031296.0,1996-01-02,,1.0,,,,
FERG,FERG,equity,fja05680;wiki_changes_added;wiki_current,True,True,False,False,Ferguson Enterprises,Industrials,Trading Companies & Distributors,2026-08-05,2011641.0,2026-08-05,,1.0,2026-08-05,,Ferguson Enterprises,
FFIV,FFIV,equity,fja05680;wiki_changes_added;wiki_current,True,True,False,False,"F5, Inc.",Information Technology,Communications Equipment,2010-12-20,1048695.0,2010-12-20,,1.0,2010-12-17,,F5 Networks,
FHN,FHN,equity,fja05680;wiki_changes_removed,False,True,False,False,,,,,,2002-05-06,2013-06-24,1.0,,2013-06-21,First Horizon,Pfizer completed the corporate spin-off of Zoetis.
FI,FI,equity,fja05680,False,True,False,False,,,,,,2023-06-07,2025-11-11,1.0,,,,
FICO,FICO,equity,fja05680;wiki_changes_added;wiki_current,True,True,False,False,Fair Isaac,Information Technology,Application Software,2023-03-20,814547.0,2023-03-20,,1.0,2023-03-20,,Fair Isaac,
FII,FII,equity,fja05680;wiki_changes_removed,False,True,False,False,,,,,,2003-04-16,2013-01-02,1.0,,2013-01-02,Federated Investors,Abbott Labs completed the corporate spin-off of AbbVie.
FIS,FIS,equity,fja05680;wiki_current,True,True,False,False,Fidelity National Information Services,Financials,Transaction & Payment Processing Services,2006-11-10,1136893.0,2006-11-10,,1.0,,,,
FISV,FISV,equity,fja05680;wiki_current,True,True,False,False,Fiserv,Financials,Transaction & Payment Processing Services,2001-04-02,798354.0,2001-04-02,,2.0,,,,
FITB,FITB,equity,fja05680;wiki_current,True,True,False,False,Fifth Third Bancorp,Financials,Regional Banks,1996-03-29,35527.0,1996-03-08,,1.0,,,,
FIX,FIX,equity,fja05680;wiki_changes_added;wiki_current,True,True,False,False,Comfort Systems USA,Industrials,Construction & Engineering,2025-12-22,1035983.0,2025-12-22,,1.0,2025-12-22,,Comfort Systems USA,
FJ,FJ,equity,fja05680,False,True,False,False,,,,,,1996-01-02,2000-11-24,1.0,,,,
FL,FL,equity,fja05680;wiki_changes_added;wiki_changes_removed,False,True,False,False,,,,,,2016-04-04,2019-08-09,1.0,2016-04-04,2019-08-09,Foot Locker,Market capitalization changes.
FLEX,FLEX,equity,fja05680;wiki_changes_added;wiki_current,True,True,False,False,Flex Ltd.,Information Technology,Electronic Manufacturing Services,2026-06-22,866374.0,2026-06-22,,1.0,2026-06-22,,Flex Ltd.,
FLIR,FLIR,equity,fja05680;wiki_changes_removed,False,True,False,False,,,,,,2009-01-02,2021-05-14,1.0,,2021-05-14,FLIR Systems,Teledyne Technologies acquired FLIR Systems.
FLR,FLR,equity,fja05680;wiki_changes_removed,False,True,False,False,,,,,,2000-12-22,2019-06-03,1.0,,2019-06-03,Fluor Corporation,DowDuPont completed the corporate spin-off of Corteva.
FLS,FLS,equity,fja05680;wiki_changes_removed,False,True,False,False,,,,,,2008-10-02,2021-03-22,1.0,,2021-03-22,Flowserve,Market capitalization changes.
FLT,FLT,equity,fja05680;wiki_changes_added,False,True,False,False,,,,,,2018-06-20,2024-03-25,1.0,2018-06-20,,FleetCor Technologies,
FLTWQ,FLTWQ,equity,fja05680,False,True,False,False,,,,,,1996-01-02,2000-01-31,1.0,,,,
FMC,FMC,equity,fja05680;wiki_changes_added;wiki_changes_removed,False,True,False,False,,,,,,1996-01-02,2025-03-24,2.0,2009-08-19,2025-03-24,FMC Corporation,Market capitalization changes.
FMCC,FMCC,equity,fja05680,False,True,False,False,,,,,,1996-01-02,2008-09-11,1.0,,,,
FNM,FNM,equity,wiki_changes_removed,False,False,False,False,,,,,,,,,,2008-09-12,Fannie Mae,Market capitalization changes.
FNMA,FNMA,equity,fja05680,False,True,False,False,,,,,,1996-01-02,2008-09-11,1.0,,,,
FOSL,FOSL,equity,fja05680;wiki_changes_added;wiki_changes_removed,False,True,False,False,,,,,,2012-04-04,2016-01-05,1.0,2012-04-03,2016-01-05,Fossil Group,Willis Holdings merged with Towers Watson and was renamed Willis Towers Watson.
FOX,FOX,equity,fja05680;wiki_changes_added;wiki_changes_removed;wiki_current,True,True,False,False,Fox Corporation (Class B),Communication Services,Broadcasting,2019-03-19,1754301.0,2015-09-21,,1.0,2015-09-18;2019-03-19,2019-03-19,21st Century Fox;Fox Corporation;Twenty-First Century Fox Class B,21st Century Fox merged with Disney and some parts spun off as Fox Corporation.
FOXA,FOXA,equity,fja05680;wiki_changes_added;wiki_changes_removed;wiki_current,True,True,False,False,Fox Corporation (Class A),Communication Services,Broadcasting,2019-03-19,1754301.0,2004-12-20,,1.0,2019-03-19,2019-03-19,21st Century Fox;Fox Corporation,21st Century Fox merged with Disney and some parts spun off as Fox Corporation.
FPC,FPC,equity,fja05680,False,True,False,False,,,,,,1999-06-22,2000-12-01,1.0,,,,
FRC,FRC,equity,fja05680;wiki_changes_added;wiki_changes_removed,False,True,False,False,,,,,,2019-01-02,2023-05-04,1.0,2019-01-02,2023-05-04,First Republic Bank,The Federal Deposit Insurance Corporation (FDIC) placed First Republic Bank into receivership.
FRE,FRE,equity,wiki_changes_removed,False,False,False,False,,,,,,,,,,2008-09-12,Freddie Mac,Market capitalization changes.
FRT,FRT,equity,fja05680;wiki_changes_added;wiki_current,True,True,False,False,Federal Realty Investment Trust,Real Estate,Retail REITs,2016-02-01,34903.0,2016-02-01,,1.0,2016-02-01,,Federal Realty Investment Trust,
FRX,FRX,equity,fja05680;wiki_changes_removed,False,True,False,False,,,,,,2000-11-22,2014-07-01,1.0,,2014-07-01,Forest Laboratories,Actavis acquired Forest Laboratories.
FSH,FSH,equity,fja05680,False,True,False,False,,,,,,2004-08-03,2006-11-10,1.0,,,,
FSL,FSL,equity,fja05680,False,True,False,False,,,,,,2004-12-03,2006-12-04,1.0,,,,
FSLR,FSLR,equity,fja05680;wiki_changes_added;wiki_changes_removed;wiki_current,True,True,False,False,First Solar,Information Technology,Semiconductors,2022-12-19,1274494.0,2009-10-16,,2.0,2022-12-19,2017-03-20,First Solar,Market capitalization changes.
FSR,FSR,equity,wiki_changes_added,False,False,True,False,,,,,,,,,1998-12-11,,Firstar,
FTI,FTI,equity,fja05680;wiki_changes_added;wiki_changes_removed,False,True,False,False,,,,,,2009-06-05,2021-02-12,1.0,2009-06-05,2021-02-12,FMC Technologies;TechnipFMC,Corporate spin-off of Technip Energies.
FTNT,FTNT,equity,fja05680;wiki_changes_added;wiki_current,True,True,False,False,Fortinet,Information Technology,Systems Software,2018-10-11,1262039.0,2018-10-11,,1.0,2018-10-11,,Fortinet,
FTR,FTR,equity,fja05680;wiki_changes_removed,False,True,False,False,,,,,,2001-02-27,2017-03-20,1.0,,2017-03-20,Frontier Communications,Market capitalization changes.
FTV,FTV,equity,fja05680;wiki_changes_added;wiki_current,True,True,False,False,Fortive,Industrials,Industrial Machinery & Supplies & Components,2016-07-01,1659166.0,2016-07-05,,1.0,2016-07-05,,Fortive Corp,
FWLT,FWLT,equity,fja05680,False,True,False,False,,,,,,1996-01-02,2000-01-31,1.0,,,,
G,G,equity,fja05680,False,True,False,False,,,,,,1996-01-02,2005-10-03,1.0,,,,
GAPTQ,GAPTQ,equity,fja05680,False,True,False,False,,,,,,1996-01-02,2000-08-30,1.0,,,,
GAS,GAS,equity,fja05680;wiki_changes_added;wiki_changes_removed,False,True,False,False,,,,,,1996-01-02,2016-07-01,2.0,2011-12-12,2011-12-12;2016-07-01,AGL Resources;AGL Resources.;Nicor Gas,"AGL Resources was acquired by Southern Company. || Nicor was acquired by AGL, which retained the GAS ticker."
GD,GD,equity,fja05680;wiki_current,True,True,False,False,General Dynamics,Industrials,Aerospace & Defense,1957-03-04,40533.0,1996-01-02,,1.0,,,,
GDDY,GDDY,equity,fja05680;wiki_changes_added;wiki_current,True,True,False,False,GoDaddy,Information Technology,Internet Services & Infrastructure,2024-06-24,1609711.0,2024-06-24,,1.0,2024-06-24,,GoDaddy,
GDT,GDT,equity,fja05680,False,True,False,False,,,,,,1996-12-19,2006-04-24,1.0,,,,
GDW,GDW,equity,fja05680,False,True,False,False,,,,,,1996-01-02,2006-10-02,1.0,,,,
GE,GE,equity,fja05680;wiki_current,True,True,False,False,GE Aerospace,Industrials,Aerospace & Defense,1957-03-04,40545.0,1996-01-02,,1.0,,,,
GEHC,GEHC,equity,fja05680;wiki_changes_added;wiki_current,True,True,False,False,GE HealthCare,Health Care,Health Care Equipment,2023-01-04,1932393.0,2023-01-04,,1.0,2023-01-04,,GE HealthCare,
GEN,GEN,equity,fja05680;wiki_current,True,True,False,False,Gen Digital,Information Technology,Systems Software,2003-03-25,849399.0,2022-11-08,,1.0,,,,
GENZ,GENZ,equity,fja05680;wiki_changes_removed,False,True,False,False,,,,,,2001-12-14,2011-04-04,1.0,,2011-04-01,Genzyme,Genzyme was acquired by Sanofi Aventis.
GEV,GEV,equity,fja05680;wiki_changes_added;wiki_current,True,True,False,False,GE Vernova,Industrials,Heavy Electrical Equipment,2024-04-02,1996810.0,2024-04-02,,1.0,2024-04-02,,GE Vernova,
GGP,GGP,equity,fja05680;wiki_changes_added;wiki_changes_removed,False,True,False,False,,,,,,2007-07-02,2018-08-28,2.0,2013-12-10,2018-08-28,GGP Inc.;General Growth Properties,GGP was acquired by Brookfield Property Partners.
GHC,GHC,equity,fja05680;wiki_changes_removed,False,True,False,False,,,,,,2007-12-31,2014-09-22,1.0,,2014-09-20,Graham Holdings,Market capitalization changes.
GILD,GILD,equity,fja05680;wiki_current,True,True,False,False,Gilead Sciences,Health Care,Biotechnology,2004-07-01,882095.0,2004-07-01,,1.0,,,,
GIS,GIS,equity,fja05680;wiki_current,True,True,False,False,General Mills,Consumer Staples,Packaged Foods & Meats,1957-03-04,40704.0,1996-01-02,,1.0,,,,
GL,GL,equity,fja05680;wiki_current,True,True,False,False,Globe Life,Financials,Life & Health Insurance,1989-04-30,320335.0,2019-08-08,,1.0,,,,
GLK,GLK,equity,fja05680;wiki_changes_removed,False,True,False,False,,,,,,1996-01-02,2005-07-05,1.0,,2005-07-01,Great Lakes Chemical,Great Lakes Chemical was acquired by Crompton Corp.
GLW,GLW,equity,fja05680;wiki_current,True,True,False,False,Corning Inc.,Information Technology,Electronic Components,1995-02-27,24741.0,1996-01-02,,1.0,,,,
GM,GM,equity,fja05680;wiki_changes_added;wiki_current,True,True,False,False,General Motors,Consumer Discretionary,Automobile Manufacturers,2013-06-06,1467858.0,2013-06-07,,1.0,2013-06-06,,General Motors,
GMCR,GMCR,equity,fja05680;wiki_changes_added;wiki_changes_removed,False,True,False,False,,,,,,2014-03-24,2016-03-03,1.0,2014-03-21,2016-03-07,Keurig Green Mountain,JAB Holding Company acquired Keurig Green Mountain.
GME,GME,equity,fja05680;wiki_changes_added;wiki_changes_removed,False,True,False,False,,,,,,2007-12-14,2016-04-25,1.0,2007-12-13,2016-04-25,GameStop,Global Payments acquired Heartland Payment Systems.
GNRC,GNRC,equity,fja05680;wiki_changes_added;wiki_current,True,True,False,False,Generac,Industrials,Heavy Electrical Equipment,2021-03-22,1474735.0,2021-03-22,,1.0,2021-03-22,,Generac Holdings,
GNW,GNW,equity,fja05680;wiki_changes_removed,False,True,False,False,,,,,,2005-12-02,2015-11-18,1.0,,2015-11-18,Genworth Financial,GE completed the corporate spin-off of Synchrony Financial.
GOOG,GOOG,equity,fja05680;wiki_current,True,True,False,False,Alphabet Inc. (Class C),Communication Services,Interactive Media & Services,2014-04-03,1652044.0,2014-04-03,,1.0,,,,
GOOGL,GOOGL,equity,fja05680;wiki_changes_added;wiki_current,True,True,False,False,Alphabet Inc. (Class A),Communication Services,Interactive Media & Services,2006-04-03,1652044.0,2006-04-03,,1.0,2014-04-03,,Google,
GP,GP,equity,fja05680,False,True,False,False,,,,,,1996-01-02,2005-12-20,1.0,,,,
GPC,GPC,equity,fja05680;wiki_current,True,True,False,False,Genuine Parts Company,Consumer Discretionary,Distributors,1973-12-31,40987.0,1996-01-02,,1.0,,,,
GPN,GPN,equity,fja05680;wiki_changes_added;wiki_current,True,True,False,False,Global Payments,Financials,Transaction & Payment Processing Services,2016-04-25,1123360.0,2016-04-25,,1.0,2016-04-25,,Global Payments,
GPS,GPS,equity,fja05680;wiki_changes_removed,False,True,False,False,,,,,,1996-01-02,2022-02-02,1.0,,2022-02-03,Gap,Market capitalization changes.
GPU,GPU,equity,fja05680,False,True,False,False,,,,,,1996-01-02,2001-11-07,1.0,,,,
GR,GR,equity,fja05680;wiki_changes_removed,False,True,False,False,,,,,,1996-01-02,2012-07-27,1.0,,2012-07-31,Goodrich Corporation,Goodrich was acquired by United Technologies.
GRA,GRA,equity,fja05680;wiki_changes_removed,False,True,False,False,,,,,,1996-01-02,2000-12-11,1.0,,2000-12-05,WR Grace,Market capitalization changes.
GRMN,GRMN,equity,fja05680;wiki_changes_added;wiki_current,True,True,False,False,Garmin,Consumer Discretionary,Consumer Electronics,2012-12-12,1121788.0,2012-12-12,,1.0,2012-12-11,,Garmin,
GRN,GRN,equity,wiki_changes_removed,False,False,True,False,,,,,,,,,,1998-12-11,General Re,Berkshire Hathaway acquired General Re.
GS,GS,equity,fja05680;wiki_current,True,True,False,False,Goldman Sachs,Financials,Investment Banking & Brokerage,2002-07-22,886982.0,2002-07-22,,1.0,,,,
GT,GT,equity,fja05680;wiki_changes_removed,False,True,False,False,,,,,,1996-01-02,2019-02-27,1.0,,2019-02-27,The Goodyear Tire & Rubber Company,Wabtec acquired GE transportation business
GTE,GTE,equity,fja05680,False,True,False,False,,,,,,1996-01-02,2000-07-03,1.0,,,,
GTW,GTW,equity,fja05680,False,True,False,False,,,,,,1998-04-27,2006-08-01,1.0,,,,
GWW,GWW,equity,fja05680;wiki_current,True,True,False,False,W. W. Grainger,Industrials,Industrial Machinery & Supplies & Components,1981-06-30,277135.0,1996-01-02,,1.0,,,,
GX,GX,equity,fja05680,False,True,False,False,,,,,,1999-09-29,2001-10-10,1.0,,,,
H,H,equity,fja05680,False,True,False,False,,,,,,1996-01-02,2007-04-10,2.0,,,,
HAL,HAL,equity,fja05680;wiki_current,True,True,False,False,Halliburton,Energy,Oil & Gas Equipment & Services,1957-03-04,45012.0,1996-01-02,,1.0,,,,
HAR,HAR,equity,fja05680;wiki_changes_removed,False,True,False,False,,,,,,2006-02-01,2017-03-13,1.0,,2017-03-16,Harman International,Samsung Electronics acquired Harman International Industries.
HAS,HAS,equity,fja05680;wiki_current,True,True,False,False,Hasbro,Consumer Discretionary,Leisure Products,1984-09-30,46080.0,1996-01-02,,1.0,,,,
HBAN,HBAN,equity,fja05680;wiki_current,True,True,False,False,Huntington Bancshares,Financials,Regional Banks,1997-08-28,49196.0,1997-08-06,,1.0,,,,
HBI,HBI,equity,fja05680;wiki_changes_added;wiki_changes_removed,False,True,False,False,,,,,,2015-03-23,2021-12-20,1.0,2015-03-23,2021-12-20,Hanesbrands,Market capitalization changes.
HCA,HCA,equity,fja05680;wiki_changes_added;wiki_current,True,True,False,False,HCA Healthcare,Health Care,Health Care Facilities,2015-01-27,860730.0,1996-01-02,,2.0,2015-01-27,,HCA Holdings,
HCBK,HCBK,equity,fja05680;wiki_changes_removed,False,True,False,False,,,,,,2007-02-15,2015-11-02,1.0,,2015-11-02,Hudson City Bancorp,HPQ completed the corporate spin-off of Hewlett Packard Enterprise.
HCP,HCP,equity,fja05680,False,True,False,False,,,,,,2008-03-31,2019-11-05,1.0,,,,
HCR,HCR,equity,fja05680,False,True,False,False,,,,,,1998-09-28,2007-11-09,1.0,,,,
HD,HD,equity,fja05680;wiki_current,True,True,False,False,Home Depot (The),Consumer Discretionary,Home Improvement Retail,1988-03-31,354950.0,1996-01-02,,1.0,,,,
HES,HES,equity,fja05680;wiki_changes_removed,False,True,False,False,,,,,,1996-01-02,2025-07-23,1.0,,2025-07-23,Hess Corporation,Chevron acquired Hess.
HET,HET,equity,fja05680,False,True,False,False,,,,,,1996-01-02,2008-01-29,1.0,,,,
HFC,HFC,equity,fja05680;wiki_changes_added;wiki_changes_removed,False,True,False,False,,,,,,2018-06-18,2021-06-04,1.0,2018-06-18,2021-06-04,HollyFrontier,Market capitalization changes.
HI,HI,equity,fja05680,False,True,False,False,,,,,,1996-01-02,2003-03-31,1.0,,,,
HIG,HIG,equity,fja05680;wiki_current,True,True,False,False,Hartford (The),Financials,Property & Casualty Insurance,1957-03-04,874766.0,1996-01-02,,1.0,,,,
HII,HII,equity,fja05680;wiki_changes_added;wiki_current,True,True,False,False,Huntington Ingalls Industries,Industrials,Aerospace & Defense,2018-01-03,1501585.0,2018-01-03,,1.0,2018-01-03,,Huntington Ingalls Industries,
HLT,HLT,equity,fja05680;wiki_changes_added;wiki_current,True,True,False,False,Hilton Worldwide,Consumer Discretionary,"Hotels, Resorts & Cruise Lines",2017-06-19,1585689.0,1996-01-02,,2.0,2017-06-19,,Hilton,
HM,HM,equity,fja05680,False,True,False,False,,,,,,1996-01-02,2001-12-17,1.0,,,,
HMA,HMA,equity,fja05680,False,True,False,False,,,,,,2001-11-07,2007-03-02,1.0,,,,
HNG,HNG,equity,wiki_changes_removed,False,False,True,False,,,,,,,,,,1976-07-01,Houston Natural Gas,"S&P 500 reorganized to have fewer industrials and utilities, and more financial companies to add ""new strength and breadth""."
HNZ,HNZ,equity,fja05680;wiki_changes_removed,False,True,False,False,,,,,,1996-01-02,2013-06-07,1.0,,2013-06-06,Heinz,HNZ was acquired by a consortium.
HOG,HOG,equity,fja05680;wiki_changes_removed,False,True,False,False,,,,,,2000-01-31,2020-06-22,1.0,,2020-06-22,Harley-Davidson,Market capitalization changes.
HOLX,HOLX,equity,fja05680;wiki_changes_added;wiki_changes_removed,False,True,False,False,,,,,,2016-03-30,2026-04-09,1.0,2016-03-30,2026-04-09,Hologic,Blackstone Inc. and TPG Inc. acquired Hologic.
HON,HON,equity,fja05680;wiki_current,True,True,False,False,Honeywell Technologies,Industrials,Industrial Conglomerates,1957-03-04,773840.0,1996-01-02,,1.0,,,,
HONA,HONA,equity,fja05680;wiki_changes_added;wiki_current,True,True,False,False,Honeywell Aerospace,Industrials,Aerospace & Defense,2026-06-29,2089271.0,2026-06-29,,1.0,2026-06-29,,Honeywell Aerospace,
HOOD,HOOD,equity,fja05680;wiki_changes_added;wiki_current,True,True,False,False,Robinhood Markets,Financials,Investment Banking & Brokerage,2025-09-22,1783879.0,2025-09-22,,1.0,2025-09-22,,Robinhood Markets,
HOT,HOT,equity,fja05680;wiki_changes_removed,False,True,False,False,,,,,,2000-11-17,2016-09-23,1.0,,2016-09-22,Starwood Hotels and Resorts,MAR acquired Starwood Hotels
HP,HP,equity,fja05680;wiki_changes_added;wiki_changes_removed,False,True,False,False,,,,,,2010-03-01,2020-05-22,1.0,2010-02-26,2020-05-22,Helmerich & Payne,Market capitalization changes.
HPC,HPC,equity,fja05680,False,True,False,False,,,,,,1996-01-02,2008-11-14,1.0,,,,
HPE,HPE,equity,fja05680;wiki_changes_added;wiki_current,True,True,False,False,Hewlett Packard Enterprise,Information Technology,"Technology Hardware, Storage & Peripherals",2015-11-02,1645590.0,2015-11-02,,1.0,2015-11-02,,Hewlett Packard Enterprise,
HPH,HPH,equity,wiki_changes_removed,False,False,True,False,,,,,,,,,,1999-06-09,Harnischfeger Industries,Harnischfeger filed for bankruptcy.
HPQ,HPQ,equity,fja05680;wiki_current,True,True,False,False,HP Inc.,Information Technology,"Technology Hardware, Storage & Peripherals",1974-12-31,47217.0,1996-01-02,,1.0,,,,
HRB,HRB,equity,fja05680;wiki_changes_removed,False,True,False,False,,,,,,1996-01-02,2020-09-21,1.0,,2020-09-21,H&R Block,Market capitalization changes.
HRL,HRL,equity,fja05680;wiki_changes_added;wiki_current,True,True,False,False,Hormel Foods,Consumer Staples,Packaged Foods & Meats,2009-03-04,48465.0,2009-03-04,,1.0,2009-03-03,,Hormel Foods,
HRS,HRS,equity,fja05680;wiki_changes_added,False,True,False,False,,,,,,2008-09-22,2019-06-01,1.0,2008-09-16,,Harris Corporation,
HSH,HSH,equity,fja05680,False,True,False,False,,,,,,1996-01-02,2012-06-29,1.0,,,,
HSIC,HSIC,equity,fja05680;wiki_changes_added;wiki_current,True,True,False,False,Henry Schein,Health Care,Health Care Distributors,2015-03-17,1000228.0,2015-03-18,,1.0,2015-03-18,,Henry Schein,
HSP,HSP,equity,fja05680;wiki_changes_removed,False,True,False,False,,,,,,2004-05-03,2015-09-03,1.0,,2015-09-02,Hospira,Hospira was acquired.
HST,HST,equity,fja05680;wiki_current,True,True,False,False,Host Hotels & Resorts,Real Estate,Hotel & Resort REITs,2007-03-20,1070750.0,2007-03-20,,1.0,,,,
HSY,HSY,equity,fja05680;wiki_current,True,True,False,False,Hershey Company (The),Consumer Staples,Packaged Foods & Meats,1957-03-04,47111.0,1996-01-02,,1.0,,,,
HUBB,HUBB,equity,fja05680;wiki_changes_added;wiki_current,True,True,False,False,Hubbell Incorporated,Industrials,Industrial Machinery & Supplies & Components,2023-10-18,48898.0,2023-10-18,,1.0,2023-10-18,,Hubbell,
HUM,HUM,equity,fja05680;wiki_current,True,True,False,False,Humana,Health Care,Managed Health Care,2012-12-10,49071.0,1996-01-02,,1.0,,,,
HWM,HWM,equity,fja05680;wiki_changes_added;wiki_current,True,True,False,False,Howmet Aerospace,Industrials,Aerospace & Defense,2016-10-21,4281.0,2020-04-06,,1.0,2020-04-01,,Howmet Aerospace,
IAC,IAC,equity,fja05680,False,True,False,False,,,,,,2006-12-01,2008-08-21,1.0,,,,
IBKR,IBKR,equity,fja05680;wiki_changes_added;wiki_current,True,True,False,False,Interactive Brokers,Financials,Investment Banking & Brokerage,2025-08-28,1381197.0,2025-08-28,,1.0,2025-08-28,,Interactive Brokers,
IBM,IBM,equity,fja05680;wiki_current,True,True,False,False,IBM,Information Technology,IT Consulting & Other Services,1957-03-04,51143.0,1996-01-02,,1.0,,,,
ICE,ICE,equity,fja05680;wiki_changes_added;wiki_current,True,True,False,False,Intercontinental Exchange,Financials,Financial Exchanges & Data,2007-09-26,1571949.0,2007-09-26,,1.0,2007-09-26,,Intercontinental Exchange,
IDXX,IDXX,equity,fja05680;wiki_changes_added;wiki_current,True,True,False,False,Idexx Laboratories,Health Care,Health Care Equipment,2017-01-05,874716.0,2017-01-05,,1.0,2017-01-05,,Idexx Laboratories,
IEX,IEX,equity,fja05680;wiki_changes_added;wiki_current,True,True,False,False,IDEX Corporation,Industrials,Industrial Machinery & Supplies & Components,2019-08-09,832101.0,2019-08-09,,1.0,2019-08-09,,IDEX Corporation,
IFF,IFF,equity,fja05680;wiki_current,True,True,False,False,International Flavors & Fragrances,Materials,Specialty Chemicals,1976-03-31,51253.0,1996-01-02,,1.0,,,,
IGT,IGT,equity,fja05680;wiki_changes_removed,False,True,False,False,,,,,,2001-09-04,2014-06-20,1.0,,2014-06-20,International Game Technology,Market capitalization changes.
IKN,IKN,equity,fja05680,False,True,False,False,,,,,,1996-01-02,2000-06-29,1.0,,,,
ILMN,ILMN,equity,fja05680;wiki_changes_added;wiki_changes_removed;wiki_current,True,True,False,False,"Illumina, Inc.",Health Care,Life Sciences Tools & Services,2026-09-21,1110803.0,2015-11-19,,2.0,2015-11-19;2026-09-21,2024-06-24,"Illumina;Illumina, Inc.",Market capitalization changes.
IMNX,IMNX,equity,fja05680,False,True,False,False,,,,,,2001-09-21,2002-07-16,1.0,,,,
INCLF,INCLF,equity,fja05680,False,True,False,False,,,,,,1996-01-02,2002-07-22,1.0,,,,
INCY,INCY,equity,fja05680;wiki_changes_added;wiki_current,True,True,False,False,Incyte,Health Care,Biotechnology,2017-02-28,879169.0,2017-02-28,,1.0,2017-02-28,,Incyte,
INFO,INFO,equity,fja05680;wiki_changes_added;wiki_changes_removed,False,True,False,False,,,,,,2017-06-02,2022-03-02,1.0,2017-06-02,2022-03-02,IHS Markit,S&P Global acquired IHS Markit.
INTC,INTC,equity,fja05680;wiki_current,True,True,False,False,Intel,Information Technology,Semiconductors,1976-12-31,50863.0,1996-01-02,,1.0,,,,
INTU,INTU,equity,fja05680;wiki_changes_added;wiki_current,True,True,False,False,Intuit,Information Technology,Application Software,2000-12-05,896878.0,2000-12-11,,1.0,2000-12-05,,Intuit,
INVH,INVH,equity,fja05680;wiki_changes_added;wiki_current,True,True,False,False,Invitation Homes,Real Estate,Single-Family Residential REITs,2022-09-19,1687229.0,2022-09-19,,1.0,2022-09-19,,Invitation Homes,
IP,IP,equity,fja05680;wiki_current,True,True,False,False,International Paper,Materials,Paper & Plastic Packaging Products & Materials,1957-03-04,51434.0,1996-01-02,,1.0,,,,
IPG,IPG,equity,fja05680;wiki_changes_removed,False,True,False,False,,,,,,1996-01-02,2025-11-28,1.0,,2025-11-28,Interpublic Group,Omnicom Group acquired (The) Interpublic Group.
IPGP,IPGP,equity,fja05680;wiki_changes_added;wiki_changes_removed,False,True,False,False,,,,,,2018-03-07,2022-06-21,1.0,2018-03-07,2022-06-21,IPG Photonics,Market capitalization changes.
IQV,IQV,equity,fja05680;wiki_changes_added;wiki_current,True,True,False,False,IQVIA,Health Care,Life Sciences Tools & Services,2017-08-29,1478242.0,2017-08-29,,1.0,2017-11-15,,IQVIA,
IR,IR,equity,fja05680;wiki_changes_added;wiki_current,True,True,False,False,Ingersoll Rand,Industrials,Industrial Machinery & Supplies & Components,2020-03-03,1699150.0,1996-01-02,,2.0,2010-11-17;2020-03-02,,Ingersoll Rand;Ingersoll-Rand,
IRM,IRM,equity,fja05680;wiki_current,True,True,False,False,Iron Mountain,Real Estate,Other Specialized REITs,2009-01-06,1020569.0,2009-01-06,,1.0,,,,
ISRG,ISRG,equity,fja05680;wiki_current,True,True,False,False,Intuitive Surgical,Health Care,Health Care Equipment,2008-06-02,1035267.0,2008-06-02,,1.0,,,,
IT,IT,equity,fja05680;wiki_changes_added;wiki_current,True,True,False,False,Gartner,Information Technology,IT Consulting & Other Services,2017-04-05,749251.0,2017-04-05,,1.0,2017-04-05,,Gartner,
ITT,ITT,equity,fja05680;wiki_changes_removed,False,True,False,False,,,,,,1996-01-02,2011-11-01,1.0,,2011-10-31,ITT,ITT Corp. completed the corporate spin-off of Xylem.
ITW,ITW,equity,fja05680;wiki_current,True,True,False,False,Illinois Tool Works,Industrials,Industrial Machinery & Supplies & Components,1986-02-28,49826.0,1996-01-02,,1.0,,,,
IVZ,IVZ,equity,fja05680;wiki_current,True,True,False,False,Invesco,Financials,Asset Management & Custody Banks,2008-08-21,914208.0,2008-08-21,,1.0,,,,
J,J,equity,fja05680;wiki_current,True,True,False,False,Jacobs Solutions,Industrials,Construction & Engineering,2007-10-26,52988.0,2019-12-10,,1.0,,,,
JAVA,JAVA,equity,fja05680,False,True,False,False,,,,,,1996-01-02,2010-01-27,1.0,,,,
JBHT,JBHT,equity,fja05680;wiki_changes_added;wiki_current,True,True,False,False,J.B. Hunt,Industrials,Cargo Ground Transportation,2015-07-01,728535.0,2015-07-01,,1.0,2015-07-01,,J.B. Hunt,
JBL,JBL,equity,fja05680;wiki_changes_added;wiki_changes_removed;wiki_current,True,True,False,False,Jabil,Information Technology,Electronic Manufacturing Services,2023-12-18,898293.0,2001-01-30,,2.0,2023-12-18,2014-11-05,Jabil;Jabil Circuit,Market capitalization changes.
JCI,JCI,equity,fja05680;wiki_current,True,True,False,False,Johnson Controls,Industrials,Building Products,2010-08-27,833444.0,1996-01-02,,1.0,,,,
JCP,JCP,equity,fja05680;wiki_changes_removed,False,True,False,False,,,,,,1996-01-02,2013-12-02,1.0,,2013-12-02,JCPenney,Ingersoll Rand completed the corporate spin-off of Allegion.
JDSU,JDSU,equity,wiki_changes_added;wiki_changes_removed,False,False,False,False,,,,,,,,,2000-07-27,2013-12-23,JDS Uniphase,Market capitalization changes.
JEC,JEC,equity,fja05680;wiki_changes_added,False,True,False,False,,,,,,2007-10-26,2019-12-10,1.0,2007-10-26,,Jacobs Engineering Group,
JEF,JEF,equity,fja05680;wiki_changes_removed,False,True,False,False,,,,,,2007-08-27,2019-09-26,1.0,,2019-09-26,Jefferies Financial Group,SPB completed the corporate spin-off of Jefferies Financial Group.
JHF,JHF,equity,fja05680,False,True,False,False,,,,,,2001-06-29,2004-04-29,1.0,,,,
JKHY,JKHY,equity,fja05680;wiki_changes_added;wiki_current,True,True,False,False,Jack Henry & Associates,Financials,Transaction & Payment Processing Services,2018-11-13,779152.0,2018-11-13,,1.0,2018-11-13,,Jack Henry & Associates,
JNJ,JNJ,equity,fja05680;wiki_current,True,True,False,False,Johnson & Johnson,Health Care,Pharmaceuticals,1973-06-30,200406.0,1996-01-02,,1.0,,,,
JNPR,JNPR,equity,fja05680;wiki_changes_added;wiki_changes_removed,False,True,False,False,,,,,,2006-06-02,2025-07-09,1.0,2006-06-02,2025-07-09,Juniper Networks,Hewlett Packard Enterprise acquired Juniper Networks.
JNS,JNS,equity,fja05680;wiki_changes_removed,False,True,False,False,,,,,,2000-07-13,2011-11-23,1.0,,2011-11-18,Janus Capital Group,Market capitalization changes.
JNY,JNY,equity,fja05680;wiki_changes_removed,False,True,False,False,,,,,,2001-12-17,2009-03-04,1.0,,2009-03-03,Jones Apparel Group,Market capitalization changes.
JOS,JOS,equity,fja05680,False,True,False,False,,,,,,1996-01-02,2000-05-10,1.0,,,,
JOY,JOY,equity,fja05680;wiki_changes_removed,False,True,False,False,,,,,,2011-02-28,2015-10-08,1.0,,2015-10-07,Joy Global,Market capitalization changes.
JOYG,JOYG,equity,wiki_changes_added,False,False,False,False,,,,,,,,,2011-02-25,,Joy Global,
JP,JP,equity,fja05680,False,True,False,False,,,,,,1996-01-02,2006-04-03,1.0,,,,
JPM,JPM,equity,fja05680;wiki_current,True,True,False,False,JPMorgan Chase,Financials,Diversified Banks,1975-06-30,19617.0,1996-01-02,,1.0,,,,
JWN,JWN,equity,fja05680;wiki_changes_removed,False,True,False,False,,,,,,1996-01-02,2020-06-22,1.0,,2020-06-22,Nordstrom,Market capitalization changes.
K,K,equity,fja05680;wiki_changes_removed,False,True,False,False,,,,,,1996-01-02,2025-12-11,1.0,,2025-12-11,Kellanova,Mars Inc. acquired Kellanova.
KATE,KATE,equity,fja05680,False,True,False,False,,,,,,1996-01-02,2008-12-02,1.0,,,,
KBH,KBH,equity,fja05680;wiki_changes_removed,False,True,False,False,,,,,,1996-01-02,2009-12-21,1.0,,2009-12-18,KB Home,Market capitalization changes.
KDP,KDP,equity,fja05680;wiki_changes_added;wiki_current,True,True,False,False,Keurig Dr Pepper,Consumer Staples,Soft Drinks & Non-alcoholic Beverages,2022-06-21,1418135.0,2008-10-07,,2.0,2022-06-21,,Keurig Dr Pepper,
KEY,KEY,equity,fja05680;wiki_current,True,True,False,False,KeyCorp,Financials,Regional Banks,1994-03-01,91576.0,1996-01-02,,1.0,,,,
KEYS,KEYS,equity,fja05680;wiki_changes_added;wiki_current,True,True,False,False,Keysight Technologies,Information Technology,Electronic Equipment & Instruments,2018-11-06,1601046.0,2018-11-06,,1.0,2018-11-06,,Keysight,
KFT,KFT,equity,wiki_changes_added;wiki_changes_removed,False,False,False,False,,,,,,,,,2007-03-30,2012-10-02,Kraft Foods,Old Kraft Foods was renamed Mondelez.
KG,KG,equity,fja05680;wiki_changes_removed,False,True,False,False,,,,,,2000-10-03,2010-12-20,1.0,,2010-12-17,King Pharmaceuticals,King was acquired by Pfizer.
KHC,KHC,equity,fja05680;wiki_changes_added;wiki_current,True,True,False,False,Kraft Heinz,Consumer Staples,Packaged Foods & Meats,2015-07-06,1637459.0,2015-07-06,,1.0,2015-07-06,,Kraft Heinz,
KIM,KIM,equity,fja05680;wiki_current,True,True,False,False,Kimco Realty,Real Estate,Retail REITs,2006-04-04,879101.0,2006-04-03,,1.0,,,,
KKR,KKR,equity,fja05680;wiki_changes_added;wiki_current,True,True,False,False,KKR & Co.,Financials,Asset Management & Custody Banks,2024-06-24,1404912.0,2024-06-24,,1.0,2024-06-24,,KKR,
KLAC,KLAC,equity,fja05680;wiki_current,True,True,False,False,KLA Corporation,Information Technology,Semiconductor Materials & Equipment,1997-09-30,319201.0,1997-09-15,,1.0,,,,
KM,KM,equity,fja05680,False,True,False,False,,,,,,1996-01-02,2002-01-17,1.0,,,,
KMB,KMB,equity,fja05680;wiki_current,True,True,False,False,Kimberly-Clark,Consumer Staples,Household Products,1957-03-04,55785.0,1996-01-02,,1.0,,,,
KMG,KMG,equity,fja05680,False,True,False,False,,,,,,1996-01-02,2006-08-11,1.0,,,,
KMI,KMI,equity,fja05680;wiki_changes_added;wiki_current,True,True,False,False,Kinder Morgan,Energy,Oil & Gas Storage & Transportation,2012-05-25,1506307.0,2000-12-12,,2.0,2012-05-17,,Kinder Morgan,
KMX,KMX,equity,fja05680;wiki_changes_added;wiki_changes_removed,False,True,False,False,,,,,,2010-06-28,2025-10-31,1.0,2010-06-28,2025-10-31,CarMax,Market capitalization changes.
KO,KO,equity,fja05680;wiki_current,True,True,False,False,Coca-Cola Company (The),Consumer Staples,Soft Drinks & Non-alcoholic Beverages,1957-03-04,21344.0,1996-01-02,,1.0,,,,
KORS,KORS,equity,fja05680;wiki_changes_added,False,True,False,False,,,,,,2013-11-13,2018-09-19,1.0,2013-11-13,,Michael Kors,
KR,KR,equity,fja05680;wiki_current,True,True,False,False,Kroger,Consumer Staples,Food Retail,1957-03-04,56873.0,1996-01-02,,1.0,,,,
KRB,KRB,equity,fja05680,False,True,False,False,,,,,,1996-01-02,2006-01-03,1.0,,,,
KRFT,KRFT,equity,fja05680;wiki_changes_added;wiki_changes_removed,False,True,False,False,,,,,,2012-10-02,2015-07-06,1.0,2012-10-02,2015-07-06,Kraft Foods,Kraft merged with Heinz.
KRI,KRI,equity,fja05680,False,True,False,False,,,,,,1996-01-02,2006-06-28,1.0,,,,
KSE,KSE,equity,fja05680;wiki_changes_removed,False,True,False,False,,,,,,2000-08-21,2007-08-27,1.0,,2007-08-24,KeySpan,KeySpan was acquired by National Grid plc.
KSS,KSS,equity,fja05680;wiki_changes_removed,False,True,False,False,,,,,,1998-08-14,2020-09-21,1.0,,2020-09-21,Kohl's,Market capitalization changes.
KSU,KSU,equity,fja05680;wiki_changes_added;wiki_changes_removed,False,True,False,False,,,,,,1999-04-05,2021-12-14,2.0,2013-05-23,2021-12-14,Kansas City Southern,Canadian Pacific acquired Kansas City Southern.
KVUE,KVUE,equity,fja05680;wiki_changes_added;wiki_current,True,True,False,False,Kenvue,Consumer Staples,Personal Care Products,2023-08-25,1944048.0,2023-08-25,,1.0,2023-08-25,,Kenvue,
L,L,equity,fja05680;wiki_current,True,True,False,False,Loews Corporation,Financials,Multi-line Insurance,1995-05-31,60086.0,1996-01-02,,1.0,,,,
LB,LB,equity,fja05680,False,True,False,False,,,,,,1996-01-02,2021-08-03,1.0,,,,
LDG,LDG,equity,fja05680,False,True,False,False,,,,,,1996-01-02,2001-07-02,1.0,,,,
LDOS,LDOS,equity,fja05680;wiki_changes_added;wiki_current,True,True,False,False,Leidos,Industrials,Diversified Support Services,2019-08-09,1336920.0,2009-12-21,,2.0,2019-08-09,,Leidos,
LDW,LDW,equity,wiki_changes_removed,False,False,True,False,,,,,,,,,,1999-12-08,Laidlaw,Market capitalization changes.
LEG,LEG,equity,fja05680;wiki_changes_removed,False,True,False,False,,,,,,1999-10-18,2021-12-20,1.0,,2021-12-20,Leggett & Platt,Market capitalization changes.
LEH,LEH,equity,wiki_changes_removed,False,False,False,False,,,,,,,,,,2008-09-16,Lehman Brothers,Lehman Brothers filed for bankruptcy.
LEHMQ,LEHMQ,equity,fja05680,False,True,False,False,,,,,,1998-01-12,2008-09-17,1.0,,,,
LEN,LEN,equity,fja05680;wiki_current,True,True,False,False,Lennar,Consumer Discretionary,Homebuilding,2005-10-04,920760.0,2005-10-04,,1.0,,,,
LH,LH,equity,fja05680;wiki_current,True,True,False,False,Labcorp,Health Care,Health Care Services,2004-11-01,920148.0,2004-11-01,,1.0,,,,
LHX,LHX,equity,fja05680;wiki_current,True,True,False,False,L3Harris,Industrials,Aerospace & Defense,2008-09-22,202058.0,2019-06-01,,1.0,,,,
LIFE,LIFE,equity,fja05680;wiki_changes_removed,False,True,False,False,,,,,,2008-11-24,2014-01-24,1.0,,2014-01-24,Life Technologies,Life Technologies was acquired by Thermo Fisher Scientific.
LII,LII,equity,fja05680;wiki_changes_added;wiki_current,True,True,False,False,Lennox International,Industrials,Building Products,2024-12-23,1069202.0,2024-12-23,,1.0,2024-12-23,,Lennox International,
LIN,LIN,equity,fja05680;wiki_current,True,True,False,False,Linde plc,Materials,Industrial Gases,1992-07-01,1707925.0,2018-11-06,,1.0,,,,
LITE,LITE,equity,fja05680;wiki_changes_added;wiki_current,True,True,False,False,Lumentum,Information Technology,Communications Equipment,2026-03-23,1633978.0,2026-03-23,,1.0,2026-03-23,,Lumentum,
LKQ,LKQ,equity,fja05680;wiki_changes_added;wiki_changes_removed,False,True,False,False,,,,,,2016-05-23,2025-12-22,1.0,2016-05-23,2025-12-22,LKQ Corporation,Market capitalization changes.
LLL,LLL,equity,fja05680;wiki_changes_removed,False,True,False,False,,,,,,2004-12-01,2019-07-01,1.0,,2019-07-01,L3 Technologies,L3 was acquired by Harris Corporation.
LLTC,LLTC,equity,fja05680;wiki_changes_removed,False,True,False,False,,,,,,2000-04-03,2017-03-13,1.0,,2017-03-13,Linear Technology,Analog Devices acquired Linear Technology.
LLY,LLY,equity,fja05680;wiki_current,True,True,False,False,Lilly (Eli),Health Care,Pharmaceuticals,1970-12-31,59478.0,1996-01-02,,1.0,,,,
LM,LM,equity,fja05680;wiki_changes_removed,False,True,False,False,,,,,,2006-04-24,2016-12-02,1.0,,2016-12-02,Legg Mason,Market capitalization changes.
LMT,LMT,equity,fja05680;wiki_current,True,True,False,False,Lockheed Martin,Industrials,Aerospace & Defense,1957-03-04,936468.0,1996-01-02,,1.0,,,,
LNC,LNC,equity,fja05680;wiki_changes_removed,False,True,False,False,,,,,,1996-01-02,2023-09-18,1.0,,2023-09-18,Lincoln National Corporation,Market capitalization changes.
LNT,LNT,equity,fja05680;wiki_changes_added;wiki_current,True,True,False,False,Alliant Energy,Utilities,Electric Utilities,2016-07-01,352541.0,2016-07-01,,1.0,2016-07-01,,Alliant Energy Corp,
LO,LO,equity,fja05680;wiki_changes_added;wiki_changes_removed,False,True,False,False,,,,,,2008-06-11,2015-06-12,1.0,2008-06-10,2015-06-11,Lorillard Tobacco Company,Lorillard was acquired.
LOW,LOW,equity,fja05680;wiki_current,True,True,False,False,Lowe's,Consumer Discretionary,Home Improvement Retail,1984-02-29,60667.0,1996-01-02,,1.0,,,,
LPX,LPX,equity,fja05680,False,True,False,False,,,,,,1996-01-02,2006-11-10,1.0,,,,
LRCX,LRCX,equity,fja05680;wiki_changes_added;wiki_current,True,True,False,False,Lam Research,Information Technology,Semiconductor Materials & Equipment,2012-06-29,707549.0,2012-06-05,,1.0,2012-06-05,,Lam Research,
LSI,LSI,equity,fja05680;wiki_changes_removed,False,True,False,False,,,,,,1996-01-02,2014-05-07,1.0,,2014-05-08,LSI Corporation,Avago acquired LSI.
LU,LU,equity,fja05680,False,True,False,False,,,,,,1996-10-01,2006-12-01,1.0,,,,
LUK,LUK,equity,wiki_changes_added,False,False,False,False,,,,,,,,,2007-08-24,,Leucadia National,
LULU,LULU,equity,fja05680;wiki_changes_added;wiki_current,True,True,False,False,Lululemon Athletica,Consumer Discretionary,"Apparel, Accessories & Luxury Goods",2023-10-18,1397187.0,2023-10-18,,1.0,2023-10-18,,Lululemon Athletica,
LUMN,LUMN,equity,fja05680;wiki_changes_removed,False,True,False,False,,,,,,2020-09-18,2023-03-20,1.0,,2023-03-20,Lumen Technologies,Market capitalization changes.
LUV,LUV,equity,fja05680;wiki_current,True,True,False,False,Southwest Airlines,Industrials,Passenger Airlines,1994-07-01,92380.0,1996-01-02,,1.0,,,,
LVLT,LVLT,equity,fja05680;wiki_changes_added;wiki_changes_removed,False,True,False,False,,,,,,2014-11-05,2017-10-13,1.0,2014-11-05,2017-10-13,Level 3 Communications,CenturyLink acquired Level 3 Communications.
LVS,LVS,equity,fja05680;wiki_changes_added;wiki_current,True,True,False,False,Las Vegas Sands,Consumer Discretionary,Casinos & Gaming,2019-10-03,1300514.0,2019-10-03,,1.0,2019-10-03,,Las Vegas Sands,
LW,LW,equity,fja05680;wiki_changes_added;wiki_changes_removed,False,True,False,False,,,,,,2018-12-03,2026-03-23,1.0,2018-12-03,2026-03-23,Lamb Weston,Market capitalization changes.
LXK,LXK,equity,fja05680;wiki_changes_removed,False,True,False,False,,,,,,1999-08-13,2012-10-01,1.0,,2012-10-01,Lexmark,Tyco completed the corporate spin-off of ADT.
LYB,LYB,equity,fja05680;wiki_changes_added;wiki_current,True,True,False,False,LyondellBasell,Materials,Specialty Chemicals,2012-09-05,1489393.0,2012-09-05,,1.0,2012-09-05,,LyondellBasell,
LYV,LYV,equity,fja05680;wiki_changes_added;wiki_current,True,True,False,False,Live Nation Entertainment,Communication Services,Movies & Entertainment,2019-12-23,1335258.0,2019-12-23,,1.0,2019-12-23,,Live Nation Entertainment,
M,M,equity,fja05680;wiki_changes_removed,False,True,False,False,,,,,,1996-01-02,2020-04-06,1.0,,2020-04-06,Macy's,Market capitalization changes.
MA,MA,equity,fja05680;wiki_current,True,True,False,False,Mastercard,Financials,Transaction & Payment Processing Services,2008-07-18,1141391.0,2008-07-18,,1.0,,,,
MAA,MAA,equity,fja05680;wiki_changes_added;wiki_current,True,True,False,False,Mid-America Apartment Communities,Real Estate,Multi-Family Residential REITs,2016-12-02,912595.0,2016-12-02,,1.0,2016-12-02,,Mid-America Apartments,
MAC,MAC,equity,fja05680;wiki_changes_added;wiki_changes_removed,False,True,False,False,,,,,,2013-05-09,2019-12-23,1.0,2013-05-08,2019-12-23,Macerich,Market capitalization changes.
MAR,MAR,equity,fja05680;wiki_current,True,True,False,False,Marriott International,Consumer Discretionary,"Hotels, Resorts & Cruise Lines",1998-05-29,1048286.0,1998-05-21,,1.0,,,,
MAS,MAS,equity,fja05680;wiki_current,True,True,False,False,Masco,Industrials,Building Products,1981-06-30,62996.0,1996-01-02,,1.0,,,,
MAT,MAT,equity,fja05680;wiki_changes_removed,False,True,False,False,,,,,,1996-01-02,2019-06-07,1.0,,2019-06-07,Mattel,Merger of Bemis and Amcor; Bemis was the surviving entity.
MAY,MAY,equity,fja05680,False,True,False,False,,,,,,1996-01-02,2005-08-29,1.0,,,,
MBC,MBC,equity,wiki_changes_added;wiki_changes_removed,False,False,False,False,,,,,,,,,2022-12-15,2022-12-19,MasterBrand,Market capitalization changes.
MBI,MBI,equity,fja05680;wiki_changes_removed,False,True,False,False,,,,,,1996-12-03,2009-12-21,1.0,,2009-12-18,MBIA,Market capitalization changes.
MCD,MCD,equity,fja05680;wiki_current,True,True,False,False,McDonald's,Consumer Discretionary,Restaurants,1970-06-30,63908.0,1996-01-02,,1.0,,,,
MCHP,MCHP,equity,fja05680;wiki_current,True,True,False,False,Microchip Technology,Information Technology,Semiconductors,2007-09-07,827054.0,2007-09-07,,1.0,,,,
MCK,MCK,equity,fja05680;wiki_changes_removed;wiki_current,True,True,False,False,McKesson Corporation,Health Care,Health Care Distributors,1999-01-13,927653.0,1999-01-13,,1.0,,1994-09-30,McKesson,McKesson sold PCS Health Services to Eli Lilly.
MCO,MCO,equity,fja05680;wiki_current,True,True,False,False,Moody's Corporation,Financials,Financial Exchanges & Data,1998-07-01,1059556.0,1996-01-02,,1.0,,,,
MDLZ,MDLZ,equity,fja05680;wiki_changes_added;wiki_current,True,True,False,False,Mondelez International,Consumer Staples,Packaged Foods & Meats,2012-10-02,1103982.0,2007-04-02,,1.0,2012-10-02,,Mondelez,
MDP,MDP,equity,fja05680;wiki_changes_removed,False,True,False,False,,,,,,1996-01-02,2011-01-04,1.0,,2011-01-03,Meredith Corp,Motorola completed the corporate spin-off of Motorola Mobility.
MDR,MDR,equity,fja05680,False,True,False,False,,,,,,1996-01-02,2003-08-20,1.0,,,,
MDT,MDT,equity,fja05680;wiki_current,True,True,False,False,Medtronic,Health Care,Health Care Equipment,1986-10-31,1613103.0,1996-01-02,,1.0,,,,
MEA,MEA,equity,fja05680,False,True,False,False,,,,,,1996-01-02,2002-01-30,1.0,,,,
MEDI,MEDI,equity,fja05680,False,True,False,False,,,,,,2000-06-16,2007-06-01,1.0,,,,
MEE,MEE,equity,fja05680;wiki_changes_added;wiki_changes_removed,False,True,False,False,,,,,,1996-01-02,2011-06-02,2.0,2008-06-23,2011-06-01,Massey Energy,Alpha Natural Resources acquired Massey Energy.
MEL,MEL,equity,fja05680,False,True,False,False,,,,,,1996-01-02,2007-07-02,1.0,,,,
MER,MER,equity,fja05680,False,True,False,False,,,,,,1996-01-02,2009-01-02,1.0,,,,
MERQ,MERQ,equity,fja05680,False,True,False,False,,,,,,2000-06-29,2006-01-04,1.0,,,,
MET,MET,equity,fja05680;wiki_current,True,True,False,False,MetLife,Financials,Life & Health Insurance,2000-12-11,1099219.0,2000-12-11,,1.0,,,,
META,META,equity,fja05680;wiki_current,True,True,False,False,Meta Platforms,Communication Services,Interactive Media & Services,2013-12-23,1326801.0,2022-06-09,,1.0,,,,
MFE,MFE,equity,fja05680;wiki_changes_removed,False,True,False,False,,,,,,2008-12-23,2011-03-01,1.0,,2011-02-28,McAfee,McAfee was acquired by Intel.
MGM,MGM,equity,fja05680;wiki_changes_added;wiki_current,True,True,False,False,MGM Resorts,Consumer Discretionary,Casinos & Gaming,2017-07-26,789570.0,2017-07-26,,1.0,2017-07-26,,MGM Resorts International,
MHK,MHK,equity,fja05680;wiki_changes_added;wiki_changes_removed,False,True,False,False,,,,,,2013-12-23,2025-12-22,1.0,2013-12-23,2025-12-22,Mohawk Industries,Market capitalization changes.
MHS,MHS,equity,fja05680;wiki_changes_removed,False,True,False,False,,,,,,2003-08-20,2012-04-02,1.0,,2012-04-03,Medco Health Solutions,Medco was acquired by Express Scripts.
MI,MI,equity,fja05680;wiki_changes_removed,False,True,False,False,,,,,,2002-02-11,2011-07-06,1.0,,2011-07-05,Marshall & Ilsley,Marshall & Ilsley was acquired by Bank of Montreal.
MIL,MIL,equity,fja05680;wiki_changes_removed,False,True,False,False,,,,,,1996-01-02,2010-07-15,1.0,,2010-07-14,Millipore,Millipore was acquired by Merck KGaA.
MIR,MIR,equity,fja05680,False,True,False,False,,,,,,1997-08-07,2003-07-17,2.0,,,,
MJN,MJN,equity,fja05680;wiki_changes_added;wiki_changes_removed,False,True,False,False,,,,,,2009-12-21,2017-06-15,1.0,2009-12-18,2017-06-19,Mead Johnson;Mead Johnson Nutrition,Reckitt Benckiser acquired Mead Johnson Nutrition.
MKC,MKC,equity,fja05680;wiki_current,True,True,False,False,McCormick & Company,Consumer Staples,Packaged Foods & Meats,2003-03-20,63754.0,2003-03-21,,1.0,,,,
MKG,MKG,equity,fja05680,False,True,False,False,,,,,,1996-01-02,2000-10-18,1.0,,,,
MKTX,MKTX,equity,fja05680;wiki_changes_added;wiki_changes_removed,False,True,False,False,,,,,,2019-07-01,2025-09-22,1.0,2019-07-01,2025-09-22,MarketAxess,Market capitalization changes.
MLM,MLM,equity,fja05680;wiki_changes_added;wiki_current,True,True,False,False,Martin Marietta Materials,Materials,Construction Materials,2014-07-02,916076.0,2014-07-02,,1.0,2014-07-02,,Martin Marietta,
MMC,MMC,equity,fja05680,False,True,False,False,,,,,,1996-01-02,2026-01-14,1.0,,,,
MMI,MMI,equity,fja05680;wiki_changes_added;wiki_changes_removed,False,True,False,False,,,,,,2011-01-04,2012-05-22,1.0,2011-01-03,2012-05-21,Motorola Mobility,Motorola Mobility was acquired by Google.
MMM,MMM,equity,fja05680;wiki_current,True,True,False,False,3M,Industrials,Industrial Conglomerates,1957-03-04,66740.0,1996-01-02,,1.0,,,,
MNK,MNK,equity,fja05680;wiki_changes_added;wiki_changes_removed,False,True,False,False,,,,,,2014-08-19,2017-07-26,1.0,2014-08-18,2017-07-26,Mallinckrodt,Market capitalization changes.
MNST,MNST,equity,fja05680;wiki_changes_added;wiki_current,True,True,False,False,Monster Beverage,Consumer Staples,Soft Drinks & Non-alcoholic Beverages,2012-06-28,865752.0,2012-06-29,,1.0,2012-06-29,,Monster Beverage,
MO,MO,equity,fja05680;wiki_current,True,True,False,False,Altria,Consumer Staples,Tobacco,1957-03-04,764180.0,1996-01-02,,1.0,,,,
MOH,MOH,equity,fja05680;wiki_changes_added;wiki_changes_removed,False,True,False,False,,,,,,2022-03-02,2026-03-23,1.0,2022-03-02,2026-03-23,Molina Healthcare,Market capitalization changes.
MOLX,MOLX,equity,fja05680;wiki_changes_removed,False,True,False,False,,,,,,1999-12-01,2013-12-09,1.0,,2013-12-10,Molex,MOLX was acquired by Koch Industries.
MON,MON,equity,fja05680;wiki_changes_removed,False,True,False,False,,,,,,2002-08-14,2018-06-07,1.0,,2018-06-07,Monsanto,Bayer acquired Monsanto.
MOS,MOS,equity,fja05680;wiki_changes_added;wiki_current,True,True,False,False,Mosaic Company (The),Materials,Fertilizers & Agricultural Chemicals,2011-09-26,1285785.0,2011-09-26,,1.0,2011-09-23,,The Mosaic Company,
MPC,MPC,equity,fja05680;wiki_changes_added;wiki_current,True,True,False,False,Marathon Petroleum,Energy,Oil & Gas Refining & Marketing,2011-07-01,1510295.0,2011-07-01,,1.0,2011-06-30,,Marathon Oil,
MPWR,MPWR,equity,fja05680;wiki_changes_added;wiki_current,True,True,False,False,Monolithic Power Systems,Information Technology,Semiconductors,2021-02-12,1280452.0,2021-02-12,,1.0,2021-02-12,,Monolithic Power Systems,
MRK,MRK,equity,fja05680;wiki_current,True,True,False,False,Merck & Co.,Health Care,Pharmaceuticals,1957-03-04,310158.0,1996-01-02,,1.0,,,,
MRNA,MRNA,equity,fja05680;wiki_changes_added;wiki_current,True,True,False,False,Moderna,Health Care,Biotechnology,2021-07-21,1682852.0,2021-07-21,,1.0,2021-07-21,,Moderna,
MRO,MRO,equity,fja05680;wiki_changes_removed,False,True,False,False,,,,,,1996-01-02,2024-11-26,1.0,,2024-11-26,Marathon Oil,ConocoPhillips acquired Marathon Oil.
MRSH,MRSH,equity,fja05680;wiki_current,True,True,False,False,Marsh McLennan,Financials,Insurance Brokers,1987-08-31,62709.0,2026-01-14,,1.0,,,,
MRVL,MRVL,equity,fja05680;wiki_changes_added;wiki_current,True,True,False,False,Marvell Technology,Information Technology,Semiconductors,2026-06-22,1835632.0,2026-06-22,,1.0,2026-06-22,,Marvell Technology,
MS,MS,equity,fja05680;wiki_current,True,True,False,False,Morgan Stanley,Financials,Investment Banking & Brokerage,1993-07-29,895421.0,1996-01-02,,1.0,,,,
MSCI,MSCI,equity,fja05680;wiki_changes_added;wiki_current,True,True,False,False,MSCI,Financials,Financial Exchanges & Data,2018-04-04,1408198.0,2018-04-04,,1.0,2018-04-04,,MSCI,
MSFT,MSFT,equity,fja05680;wiki_current,True,True,False,False,Microsoft,Information Technology,Systems Software,1994-06-01,789019.0,1996-01-02,,1.0,,,,
MSI,MSI,equity,fja05680;wiki_current,True,True,False,False,Motorola Solutions,Information Technology,Communications Equipment,1957-03-04,68505.0,1996-01-02,,1.0,,,,
MTB,MTB,equity,fja05680;wiki_current,True,True,False,False,M&T Bank,Financials,Regional Banks,2004-02-23,36270.0,2004-02-27,,1.0,,,,
MTCH,MTCH,equity,fja05680;wiki_changes_added;wiki_changes_removed,False,True,False,False,,,,,,2021-09-20,2026-03-23,1.0,2021-09-20,2026-03-23,Match Group,Market capitalization changes.
MTD,MTD,equity,fja05680;wiki_changes_added;wiki_current,True,True,False,False,Mettler Toledo,Health Care,Life Sciences Tools & Services,2016-09-06,1037646.0,2016-09-06,,1.0,2016-09-06,,Mettler Toledo,
MTG,MTG,equity,fja05680,False,True,False,False,,,,,,1996-07-19,2008-10-31,1.0,,,,
MTLQQ,MTLQQ,equity,fja05680,False,True,False,False,,,,,,1996-01-02,2009-06-03,1.0,,,,
MTW,MTW,equity,fja05680,False,True,False,False,,,,,,2007-11-16,2009-09-01,1.0,,,,
MU,MU,equity,fja05680;wiki_current,True,True,False,False,Micron Technology,Information Technology,Semiconductors,1994-09-27,723125.0,1996-01-02,,1.0,,,,
MUR,MUR,equity,fja05680;wiki_changes_removed,False,True,False,False,,,,,,2005-08-15,2017-07-26,1.0,,2017-07-26,Murphy Oil,Market capitalization changes.
MWV,MWV,equity,fja05680,False,True,False,False,,,,,,1996-01-02,2015-07-02,1.0,,,,
MWW,MWW,equity,fja05680;wiki_changes_removed,False,True,False,False,,,,,,2001-06-04,2011-12-19,1.0,,2011-12-16,Monster Worldwide,Market capitalization changes.
MXIM,MXIM,equity,fja05680;wiki_changes_added;wiki_changes_removed,False,True,False,False,,,,,,2000-05-10,2021-08-30,2.0,2018-12-03,2007-09-27;2021-08-30,Maxim Integrated;Maxim Integrated Products,Analog Devices acquired Maxim Integrated Products. || MXIM was delisted from NASDAQ exchange.
MYG,MYG,equity,fja05680,False,True,False,False,,,,,,1996-01-02,2006-04-03,1.0,,,,
MYL,MYL,equity,fja05680,False,True,False,False,,,,,,2004-04-23,2020-11-17,1.0,,,,
MZIAQ,MZIAQ,equity,fja05680,False,True,False,False,,,,,,1996-01-02,2000-06-29,1.0,,,,
NAV,NAV,equity,fja05680,False,True,False,False,,,,,,1996-01-02,2006-12-20,1.0,,,,
NAVI,NAVI,equity,fja05680;wiki_changes_added;wiki_changes_removed,False,True,False,False,,,,,,2014-05-01,2018-06-05,1.0,2014-05-01,2018-06-05,Navient,Westar Energy acquired Great Plains Energy and changed name to Evergy.
NBL,NBL,equity,fja05680;wiki_changes_removed,False,True,False,False,,,,,,2007-10-08,2020-10-12,1.0,,2020-10-12,Noble Energy,Chevron acquired Noble Energy.
NBR,NBR,equity,fja05680;wiki_changes_removed,False,True,False,False,,,,,,2000-10-18,2015-03-23,1.0,,2015-03-23,Nabors Industries,Market capitalization changes.
NC,NC,equity,fja05680,False,True,False,False,,,,,,1996-01-02,2000-06-05,1.0,,,,
NCC,NCC,equity,fja05680;wiki_changes_added,False,True,False,False,,,,,,1996-01-02,2009-01-02,1.0,1994-09-30,,National City,
NCE,NCE,equity,fja05680,False,True,False,False,,,,,,1998-11-03,2000-08-21,1.0,,,,
NCLH,NCLH,equity,fja05680;wiki_changes_added;wiki_current,True,True,False,False,Norwegian Cruise Line Holdings,Consumer Discretionary,"Hotels, Resorts & Cruise Lines",2017-10-13,1513761.0,2017-10-13,,1.0,2017-10-13,,Norwegian Cruise Line Holdings,
NCR,NCR,equity,fja05680;wiki_changes_removed,False,True,False,False,,,,,,2000-01-04,2007-10-01,1.0,,2007-10-01,NCR Corporation,NCR Corporation completed the corporate spin-off of Teradata.
NDAQ,NDAQ,equity,fja05680;wiki_current,True,True,False,False,"Nasdaq, Inc.",Financials,Financial Exchanges & Data,2008-10-22,1120193.0,2008-10-22,,1.0,,,,
NDSN,NDSN,equity,fja05680;wiki_changes_added;wiki_current,True,True,False,False,Nordson Corporation,Industrials,Industrial Machinery & Supplies & Components,2022-02-15,72331.0,2022-02-15,,1.0,2022-02-15,,Nordson Corporation,
NE,NE,equity,fja05680;wiki_changes_removed,False,True,False,False,,,,,,2001-01-16,2015-07-20,2.0,,2015-07-20,Noble Corporation,eBay completed the corporate spin-off of PayPal.
NEE,NEE,equity,fja05680;wiki_current,True,True,False,False,NextEra Energy,Utilities,Multi-Utilities,1976-06-30,753308.0,1996-01-02,,1.0,,,,
NEM,NEM,equity,fja05680;wiki_current,True,True,False,False,Newmont,Materials,Gold,1969-06-30,1164727.0,1996-01-02,,1.0,,,,
NFB,NFB,equity,fja05680,False,True,False,False,,,,,,2002-07-17,2006-12-01,1.0,,,,
NFLX,NFLX,equity,fja05680;wiki_changes_added;wiki_current,True,True,False,False,Netflix,Communication Services,Movies & Entertainment,2010-12-20,1065280.0,2010-12-20,,1.0,2010-12-17,,Netflix,
NFX,NFX,equity,fja05680;wiki_changes_added;wiki_changes_removed,False,True,False,False,,,,,,2010-12-20,2019-02-15,1.0,2010-12-17,2019-02-15,Newfield Exploration,Encana acquired Newfield Exploration.
NGH,NGH,equity,fja05680,False,True,False,False,,,,,,1998-09-16,2000-12-12,1.0,,,,
NI,NI,equity,fja05680;wiki_current,True,True,False,False,NiSource,Utilities,Multi-Utilities,2000-11-02,1111711.0,2000-11-02,,1.0,,,,
NKE,NKE,equity,fja05680;wiki_current,True,True,False,False,"Nike, Inc.",Consumer Discretionary,"Apparel, Accessories & Luxury Goods",1988-11-30,320187.0,1996-01-02,,1.0,,,,
NKTR,NKTR,equity,fja05680;wiki_changes_added;wiki_changes_removed,False,True,False,False,,,,,,2018-03-19,2019-10-03,1.0,2018-03-19,2019-10-03,Nektar Therapeutics,Market capitalization changes.
NLOK,NLOK,equity,fja05680,False,True,False,False,,,,,,2019-11-05,2022-11-08,1.0,,,,
NLSN,NLSN,equity,fja05680;wiki_changes_added;wiki_changes_removed,False,True,False,False,,,,,,2013-07-09,2022-10-12,1.0,2013-07-08,2022-10-12,Nielsen Holdings,Elliott Investment Management acquired Nielsen Holdings.
NLV,NLV,equity,fja05680,False,True,False,False,,,,,,1996-04-01,2000-01-06,1.0,,,,
NMK,NMK,equity,fja05680,False,True,False,False,,,,,,1996-01-02,2002-02-01,1.0,,,,
NOC,NOC,equity,fja05680;wiki_current,True,True,False,False,Northrop Grumman,Industrials,Aerospace & Defense,1957-03-04,1133421.0,1996-01-02,,1.0,,,,
NOV,NOV,equity,fja05680;wiki_changes_removed,False,True,False,False,,,,,,2005-03-14,2021-09-20,1.0,,2021-09-20,Nov,Market capitalization changes.
NOVL,NOVL,equity,fja05680;wiki_changes_removed,False,True,False,False,,,,,,1996-01-02,2011-04-28,1.0,,2011-04-27,Novell,Novell was acquired by private equity firms.
NOW,NOW,equity,fja05680;wiki_changes_added;wiki_current,True,True,False,False,ServiceNow,Information Technology,Systems Software,2019-11-21,1373715.0,2019-11-21,,1.0,2019-11-21,,ServiceNow,
NRG,NRG,equity,fja05680;wiki_current,True,True,False,False,NRG Energy,Utilities,Independent Power Producers & Energy Traders,2010-01-29,1013871.0,2010-01-29,,1.0,,,,
NRTLQ,NRTLQ,equity,fja05680,False,True,False,False,,,,,,1996-01-02,2002-07-22,1.0,,,,
NSC,NSC,equity,fja05680;wiki_current,True,True,False,False,Norfolk Southern,Industrials,Rail Transportation,1957-03-04,702165.0,1996-01-02,,1.0,,,,
NSI,NSI,equity,fja05680,False,True,False,False,,,,,,1996-01-02,2001-12-03,1.0,,,,
NSM,NSM,equity,fja05680;wiki_changes_removed,False,True,False,False,,,,,,1996-01-02,2011-09-26,1.0,,2011-09-23,National Semiconductor,National Semi was acquired by Texas Instruments.
NTAP,NTAP,equity,fja05680;wiki_current,True,True,False,False,NetApp,Information Technology,"Technology Hardware, Storage & Peripherals",1999-06-25,1002047.0,1999-06-25,,1.0,,,,
NTRS,NTRS,equity,fja05680;wiki_current,True,True,False,False,Northern Trust,Financials,Asset Management & Custody Banks,1998-01-30,73124.0,1998-01-30,,1.0,,,,
NUE,NUE,equity,fja05680;wiki_current,True,True,False,False,Nucor,Materials,Steel,1985-04-30,73309.0,1996-01-02,,1.0,,,,
NVDA,NVDA,equity,fja05680;wiki_current,True,True,False,False,Nvidia,Information Technology,Semiconductors,2001-11-30,1045810.0,2001-11-30,,1.0,,,,
NVLS,NVLS,equity,fja05680;wiki_changes_removed,False,True,False,False,,,,,,2000-06-19,2012-06-05,1.0,,2012-06-05,Novellus Systems,Novellus Systems was acquired by Lam Research.
NVR,NVR,equity,fja05680;wiki_changes_added;wiki_current,True,True,False,False,"NVR, Inc.",Consumer Discretionary,Homebuilding,2019-09-26,906163.0,2019-09-26,,1.0,2019-09-26,,NVR,
NWL,NWL,equity,fja05680;wiki_changes_removed,False,True,False,False,,,,,,1996-01-02,2023-09-18,1.0,,2023-09-18,Newell Brands,Market capitalization changes.
NWS,NWS,equity,fja05680;wiki_changes_added;wiki_current,True,True,False,False,News Corp (Class B),Communication Services,Publishing,2015-09-18,1564708.0,2015-09-21,,1.0,2015-09-18,,News Corporation Class B,
NWSA,NWSA,equity,fja05680;wiki_changes_added;wiki_current,True,True,False,False,News Corp (Class A),Communication Services,Publishing,2013-08-01,1564708.0,2013-07-01,,1.0,2013-07-01,,21st Century Fox,
NXPI,NXPI,equity,fja05680;wiki_changes_added;wiki_current,True,True,False,False,NXP Semiconductors,Information Technology,Semiconductors,2021-03-22,1413447.0,2021-03-22,,1.0,2021-03-22,,NXP,
NXTL,NXTL,equity,fja05680,False,True,False,False,,,,,,1998-04-01,2005-08-15,1.0,,,,
NYT,NYT,equity,fja05680;wiki_changes_removed,False,True,False,False,,,,,,1996-01-02,2010-12-20,1.0,,2010-12-17,The New York Times Company,Market capitalization changes.
NYX,NYX,equity,fja05680;wiki_changes_removed,False,True,False,False,,,,,,2007-10-25,2013-11-13,1.0,,2013-11-13,NYSE Euronext,ICE Exchange acquired NYSE Euronext.
O,O,equity,fja05680;wiki_changes_added;wiki_current,True,True,False,False,Realty Income,Real Estate,Retail REITs,2015-04-07,726728.0,2015-04-07,,1.0,2015-04-07,,Realty Income Corporation,
OAT,OAT,equity,fja05680,False,True,False,False,,,,,,1996-01-02,2001-08-03,1.0,,,,
ODFL,ODFL,equity,fja05680;wiki_changes_added;wiki_current,True,True,False,False,Old Dominion,Industrials,Cargo Ground Transportation,2019-12-09,878927.0,2019-12-09,,1.0,2019-12-09,,Old Dominion Freight Line,
ODP,ODP,equity,fja05680;wiki_changes_removed,False,True,False,False,,,,,,1999-06-24,2010-12-20,1.0,,2010-12-17,Office Depot,Market capitalization changes.
OGN,OGN,equity,fja05680;wiki_changes_added;wiki_changes_removed,False,True,False,False,,,,,,2021-06-04,2023-10-18,1.0,2021-06-03,2023-10-18,Organon & Co.,Market capitalization changes.
OI,OI,equity,fja05680;wiki_changes_added;wiki_changes_removed,False,True,False,False,,,,,,1997-08-04,2016-12-02,2.0,2008-12-31,2000-12-05;2016-12-02,Owens-Illinois,Market capitalization changes.
OK,OK,equity,fja05680,False,True,False,False,,,,,,1999-12-02,2001-04-02,1.0,,,,
OKE,OKE,equity,fja05680;wiki_current,True,True,False,False,Oneok,Energy,Oil & Gas Storage & Transportation,2010-03-15,1039684.0,1996-01-02,,2.0,,,,
OMC,OMC,equity,fja05680;wiki_current,True,True,False,False,Omnicom Group,Communication Services,Advertising,1997-12-31,29989.0,1997-12-24,,1.0,,,,
OMX,OMX,equity,fja05680;wiki_changes_removed,False,True,False,False,,,,,,1996-01-02,2008-06-23,1.0,,2008-06-23,OfficeMax,Market capitalization changes.
ON,ON,equity,fja05680;wiki_changes_added;wiki_current,True,True,False,False,ON Semiconductor,Information Technology,Semiconductors,2022-06-21,1097864.0,2022-06-21,,1.0,2022-06-21,,ON Semiconductor,
ONE,ONE,equity,fja05680,False,True,False,False,,,,,,1996-01-02,2004-07-01,1.0,,,,
ORCL,ORCL,equity,fja05680;wiki_current,True,True,False,False,Oracle Corporation,Information Technology,Application Software,1989-08-31,1341439.0,1996-01-02,,1.0,,,,
ORLY,ORLY,equity,fja05680;wiki_current,True,True,False,False,O'Reilly Automotive,Consumer Discretionary,Automotive Retail,2009-03-27,898173.0,2009-03-27,,1.0,,,,
OTIS,OTIS,equity,fja05680;wiki_changes_added;wiki_current,True,True,False,False,Otis Worldwide,Industrials,Industrial Machinery & Supplies & Components,2020-04-03,1781335.0,2020-04-03,,1.0,2020-04-03,,Otis Worldwide,
OWENQ,OWENQ,equity,fja05680,False,True,False,False,,,,,,1996-01-02,2000-10-02,1.0,,,,
OXY,OXY,equity,fja05680;wiki_current,True,True,False,False,Occidental Petroleum,Energy,Oil & Gas Exploration & Production,1957-03-04,797468.0,1996-01-02,,1.0,,,,
P,P,equity,wiki_changes_added;wiki_current,True,False,False,False,Everpure,Information Technology,"Technology Hardware, Storage & Peripherals",2026-09-21,1474432.0,2026-09-21,,1.0,2026-09-21,,Everpure,
PALM,PALM,equity,fja05680,False,True,False,False,,,,,,2000-07-28,2002-08-14,1.0,,,,
PANW,PANW,equity,fja05680;wiki_changes_added;wiki_current,True,True,False,False,Palo Alto Networks,Information Technology,Systems Software,2023-06-20,1327567.0,2023-06-20,,1.0,2023-06-20,,Palo Alto Networks,
PARA,PARA,equity,fja05680,False,True,False,False,,,,,,2022-02-17,2025-08-08,1.0,,,,
PAYC,PAYC,equity,fja05680;wiki_changes_added;wiki_changes_removed,False,True,False,False,,,,,,2020-01-28,2026-03-23,1.0,2020-01-28,2026-03-23,Paycom,Market capitalization changes.
PAYX,PAYX,equity,fja05680;wiki_current,True,True,False,False,Paychex,Industrials,Human Resource & Employment Services,1998-10-01,723531.0,1998-10-01,,1.0,,,,
PBCT,PBCT,equity,fja05680;wiki_changes_removed,False,True,False,False,,,,,,2008-11-13,2022-04-04,1.0,,2022-04-04,People's United Financial,M&T Bank acquired People's United Financial.
PBG,PBG,equity,fja05680,False,True,False,False,,,,,,2001-05-14,2010-03-01,1.0,,,,
PBI,PBI,equity,fja05680;wiki_changes_removed,False,True,False,False,,,,,,1996-01-02,2017-03-01,1.0,,2017-03-01,Pitney Bowes,CBOE acquired BATS.
PBY,PBY,equity,fja05680,False,True,False,False,,,,,,1996-01-02,2000-04-03,1.0,,,,
PCAR,PCAR,equity,fja05680;wiki_current,True,True,False,False,Paccar,Industrials,Construction Machinery & Heavy Transportation Equipment,1980-12-31,75362.0,1996-01-02,,1.0,,,,
PCG,PCG,equity,fja05680;wiki_changes_added;wiki_changes_removed;wiki_current,True,True,False,False,PG&E Corporation,Utilities,Multi-Utilities,2022-10-03,1004980.0,1996-01-02,,2.0,2022-10-03,2019-01-18,PG&E;Pacific Gas & Electric Company,Pacific Gas & Electric Company filed for bankruptcy.
PCH,PCH,equity,fja05680,False,True,False,False,,,,,,1996-01-02,2001-07-09,1.0,,,,
PCL,PCL,equity,fja05680;wiki_changes_removed,False,True,False,False,,,,,,2002-01-17,2016-02-22,1.0,,2016-02-22,Plum Creek Timber,Weyerhaeuser acquired Plum Creek Timber.
PCLN,PCLN,equity,wiki_changes_added,False,False,False,False,,,,,,,,,2009-11-03,,Priceline.com,
PCP,PCP,equity,fja05680;wiki_changes_removed,False,True,False,False,,,,,,2007-06-01,2016-02-01,1.0,,2016-02-01,Precision Castparts Corporation,
PCS,PCS,equity,fja05680;wiki_changes_added;wiki_changes_removed,False,True,False,False,,,,,,1998-11-24,2004-04-23,1.0,2009-06-29,2013-04-30,MetroPCS,A majority of MetroPCS was acquired by T-Mobile.
PD,PD,equity,fja05680,False,True,False,False,,,,,,1996-01-02,2007-03-20,1.0,,,,
PDCO,PDCO,equity,fja05680;wiki_changes_removed,False,True,False,False,,,,,,2005-10-11,2018-03-19,1.0,,2018-03-19,Patterson Companies,Market capitalization changes.
PDG,PDG,equity,fja05680,False,True,False,False,,,,,,1996-01-02,2002-07-22,1.0,,,,
PEAK,PEAK,equity,fja05680,False,True,False,False,,,,,,2019-11-05,2024-03-04,1.0,,,,
PEG,PEG,equity,fja05680;wiki_current,True,True,False,False,Public Service Enterprise Group,Utilities,Electric Utilities,1957-03-04,788784.0,1996-01-02,,1.0,,,,
PENN,PENN,equity,fja05680;wiki_changes_added;wiki_changes_removed,False,True,False,False,,,,,,2021-03-22,2022-09-19,1.0,2021-03-22,2022-09-19,Penn Entertainment;Penn National Gaming,Market capitalization changes.
PEP,PEP,equity,fja05680;wiki_current,True,True,False,False,PepsiCo,Consumer Staples,Soft Drinks & Non-alcoholic Beverages,1957-03-04,77476.0,1996-01-02,,1.0,,,,
PETM,PETM,equity,fja05680;wiki_changes_added;wiki_changes_removed,False,True,False,False,,,,,,2012-10-05,2015-03-12,1.0,2012-10-10,2015-03-12,PetSmart,PetSmart was acquired by private equity consortium.
PFE,PFE,equity,fja05680;wiki_current,True,True,False,False,Pfizer,Health Care,Pharmaceuticals,1957-03-04,78003.0,1996-01-02,,1.0,,,,
PFG,PFG,equity,fja05680;wiki_current,True,True,False,False,Principal Financial Group,Financials,Life & Health Insurance,2002-07-22,1126328.0,2002-07-22,,1.0,,,,
PG,PG,equity,fja05680;wiki_current,True,True,False,False,Procter & Gamble,Consumer Staples,Personal Care Products,1957-03-04,80424.0,1996-01-02,,1.0,,,,
PGL,PGL,equity,fja05680,False,True,False,False,,,,,,1996-01-02,2007-02-22,1.0,,,,
PGN,PGN,equity,fja05680;wiki_changes_removed,False,True,False,False,,,,,,1996-01-02,2012-07-02,1.0,,2012-07-02,Progress Energy,Progress Energy was acquired by Duke Energy.
PGR,PGR,equity,fja05680;wiki_current,True,True,False,False,Progressive Corporation,Financials,Property & Casualty Insurance,1997-08-04,80661.0,1997-08-04,,1.0,,,,
PH,PH,equity,fja05680;wiki_current,True,True,False,False,Parker Hannifin,Industrials,Industrial Machinery & Supplies & Components,1985-11-30,76334.0,1996-01-02,,1.0,,,,
PHA,PHA,equity,fja05680,False,True,False,False,,,,,,1996-01-02,2003-04-16,1.0,,,,
PHM,PHM,equity,fja05680;wiki_current,True,True,False,False,PulteGroup,Consumer Discretionary,Homebuilding,1984-04-30,822416.0,1996-01-02,,1.0,,,,
PKG,PKG,equity,fja05680;wiki_changes_added;wiki_current,True,True,False,False,Packaging Corporation of America,Materials,Paper & Plastic Packaging Products & Materials,2017-07-26,75677.0,2017-07-26,,1.0,2017-07-26,,Packaging Corporation of America,
PKI,PKI,equity,fja05680,False,True,False,False,,,,,,1996-01-02,2023-05-16,1.0,,,,
PLD,PLD,equity,fja05680;wiki_current,True,True,False,False,Prologis,Real Estate,Industrial REITs,2003-07-17,1045609.0,2003-07-17,,1.0,,,,
PLL,PLL,equity,fja05680;wiki_changes_removed,False,True,False,False,,,,,,1996-01-02,2015-08-31,1.0,,2015-08-28,Pall Corporation,Pall was acquired.
PLTR,PLTR,equity,fja05680;wiki_changes_added;wiki_current,True,True,False,False,Palantir Technologies,Information Technology,Application Software,2024-09-23,1321655.0,2024-09-23,,1.0,2024-09-23,,Palantir Technologies,
PM,PM,equity,fja05680;wiki_current,True,True,False,False,Philip Morris International,Consumer Staples,Tobacco,2008-03-31,1413329.0,2008-03-31,,1.0,,,,
PMCS,PMCS,equity,fja05680,False,True,False,False,,,,,,2001-08-03,2007-07-02,1.0,,,,
PNC,PNC,equity,fja05680;wiki_current,True,True,False,False,PNC Financial Services,Financials,Diversified Banks,1988-04-30,713676.0,1996-01-02,,1.0,,,,
PNR,PNR,equity,fja05680;wiki_changes_added;wiki_current,True,True,False,False,Pentair,Industrials,Industrial Machinery & Supplies & Components,2012-10-01,77360.0,2012-10-01,,1.0,2012-10-01,,Pentair,
PNU,PNU,equity,fja05680,False,True,False,False,,,,,,1996-01-02,2000-04-03,1.0,,,,
PNW,PNW,equity,fja05680;wiki_current,True,True,False,False,Pinnacle West Capital,Utilities,Multi-Utilities,1999-10-04,764622.0,1999-10-04,,1.0,,,,
PODD,PODD,equity,fja05680;wiki_changes_added;wiki_current,True,True,False,False,Insulet Corporation,Health Care,Health Care Equipment,2023-03-15,1145197.0,2023-03-15,,1.0,2023-03-15,,Insulet,
POM,POM,equity,fja05680;wiki_changes_removed,False,True,False,False,,,,,,2007-11-09,2016-03-24,1.0,,2016-03-30,Pepco Holdings,Exelon acquired Pepco.
POOL,POOL,equity,fja05680;wiki_changes_added;wiki_changes_removed,False,True,False,False,,,,,,2020-10-07,2026-06-22,1.0,2020-10-07,2026-06-22,Pool Corporation,Market capitalization changes.
PPG,PPG,equity,fja05680;wiki_current,True,True,False,False,PPG Industries,Materials,Specialty Chemicals,1957-03-04,79879.0,1996-01-02,,1.0,,,,
PPL,PPL,equity,fja05680;wiki_current,True,True,False,False,PPL Corporation,Utilities,Electric Utilities,2001-10-01,922224.0,1996-01-02,,1.0,,,,
PRD,PRD,equity,fja05680,False,True,False,False,,,,,,1996-01-02,2000-12-12,1.0,,,,
PRGO,PRGO,equity,fja05680;wiki_changes_added;wiki_changes_removed,False,True,False,False,,,,,,2011-12-19,2021-09-20,1.0,2011-12-16,2021-09-20,Perrigo,Market capitalization changes.
PRU,PRU,equity,fja05680;wiki_current,True,True,False,False,Prudential Financial,Financials,Life & Health Insurance,2002-07-22,1137774.0,2002-07-22,,1.0,,,,
PSA,PSA,equity,fja05680;wiki_current,True,True,False,False,Public Storage,Real Estate,Self-Storage REITs,2005-08-19,1393311.0,2005-08-19,,1.0,,,,
PSFT,PSFT,equity,fja05680,False,True,False,False,,,,,,1998-10-02,2004-12-29,1.0,,,,
PSKY,PSKY,equity,fja05680;wiki_current,True,True,False,False,Paramount Skydance Corporation,Communication Services,Movies & Entertainment,1994-09-30,2041610.0,2025-08-08,,1.0,,,,
PSX,PSX,equity,fja05680;wiki_changes_added;wiki_current,True,True,False,False,Phillips 66,Energy,Oil & Gas Refining & Marketing,2012-05-01,1534701.0,2012-05-01,,1.0,2012-04-23,,Phillips 66,
PTC,PTC,equity,fja05680;wiki_changes_added;wiki_current,True,True,False,False,PTC Inc.,Information Technology,Application Software,2021-04-20,857005.0,1997-04-03,,2.0,2021-04-20,,PTC,
PTV,PTV,equity,fja05680;wiki_changes_removed,False,True,False,False,,,,,,1999-11-05,2010-11-17,1.0,,2010-11-17,Pactiv,Reynolds Group Holdings acquired Pactiv.
PVH,PVH,equity,fja05680;wiki_changes_added;wiki_changes_removed,False,True,False,False,,,,,,2013-02-14,2022-09-19,1.0,2013-02-15,2022-09-19,PVH,Market capitalization changes.
PVN,PVN,equity,fja05680,False,True,False,False,,,,,,1996-01-02,2005-10-03,1.0,,,,
PWER,PWER,equity,fja05680,False,True,False,False,,,,,,2000-10-23,2005-03-14,1.0,,,,
PWJ,PWJ,equity,fja05680,False,True,False,False,,,,,,1999-06-04,2000-11-06,1.0,,,,
PWR,PWR,equity,fja05680;wiki_current,True,True,False,False,Quanta Services,Industrials,Construction & Engineering,2009-07-01,1050915.0,2009-07-01,,1.0,,,,
PX,PX,equity,fja05680,False,True,False,False,,,,,,1996-01-02,2018-10-31,1.0,,,,
PXD,PXD,equity,fja05680;wiki_changes_removed,False,True,False,False,,,,,,2008-09-24,2024-05-08,1.0,,2024-05-08,Pioneer Natural Resources,ExxonMobil acquired Pioneer Natural Resources.
PYPL,PYPL,equity,fja05680;wiki_changes_added;wiki_current,True,True,False,False,PayPal,Financials,Transaction & Payment Processing Services,2015-07-20,1633917.0,2015-07-20,,1.0,2015-07-20,,PayPal,
Q,Q,equity,fja05680;wiki_changes_added;wiki_changes_removed;wiki_current,True,True,False,False,Qnity Electronics,Information Technology,Semiconductor Materials & Equipment,2025-11-03,2058873.0,2000-07-06,,2.0,2017-08-29;2025-11-03,2011-03-31;2017-11-15,Qnity Electronics;QuintilesIMS;Qwest Communications,QuintilesIMS changed its name to IQVIA and ticker symbol from Q to IQV. || Qwest was acquired by CenturyLink.
QCOM,QCOM,equity,fja05680;wiki_current,True,True,False,False,Qualcomm,Information Technology,Semiconductors,1999-07-22,804328.0,1999-07-22,,1.0,,,,
QEP,QEP,equity,fja05680;wiki_changes_added;wiki_changes_removed,False,True,False,False,,,,,,2010-07-01,2015-07-01,1.0,2010-06-30,2015-07-01,QEP Resources,Baxter completed the corporate spin-off of Baxalta.
QLGC,QLGC,equity,fja05680,False,True,False,False,,,,,,2000-12-12,2011-01-18,1.0,,,,
QRVO,QRVO,equity,fja05680;wiki_changes_added;wiki_changes_removed,False,True,False,False,,,,,,2015-06-12,2024-12-23,1.0,2015-06-11,2024-12-23,Qorvo,Market capitalization changes.
QTRN,QTRN,equity,fja05680;wiki_changes_removed,False,True,False,False,,,,,,1999-11-16,2003-09-26,1.0,,2003-09-25,Quintiles Transnational,Acquired.
R,R,equity,fja05680;wiki_changes_removed,False,True,False,False,,,,,,1996-01-02,2017-06-19,1.0,,2017-06-19,Ryder System,Market capitalization changes.
RAD,RAD,equity,fja05680;wiki_changes_removed,False,True,False,False,,,,,,1996-01-02,2000-07-27,1.0,,2000-07-27,Rite Aid,Market capitalization changes.
RAI,RAI,equity,fja05680;wiki_changes_removed,False,True,False,False,,,,,,2002-09-04,2017-07-25,1.0,,2017-07-26,Reynolds American,British American Tobacco (NYSE MKT:BTI) acquired Reynolds American.
RAL,RAL,equity,fja05680,False,True,False,False,,,,,,1996-01-02,2001-12-13,1.0,,,,
RATL,RATL,equity,fja05680,False,True,False,False,,,,,,2002-02-01,2003-02-21,1.0,,,,
RBK,RBK,equity,fja05680,False,True,False,False,,,,,,1996-01-02,2006-02-01,1.0,,,,
RCL,RCL,equity,fja05680;wiki_changes_added;wiki_current,True,True,False,False,Royal Caribbean Group,Consumer Discretionary,"Hotels, Resorts & Cruise Lines",2014-12-05,884887.0,2014-12-05,,1.0,2014-12-05,,Royal Caribbean Cruises,
RDC,RDC,equity,fja05680;wiki_changes_removed,False,True,False,False,,,,,,1996-01-02,2014-08-19,1.0,,2014-08-18,Rowan Companies,Market capitalization changes.
RDDT,RDDT,equity,fja05680;wiki_changes_added;wiki_current,True,True,False,False,Reddit,Communication Services,Interactive Media & Services,2026-08-18,1713445.0,2026-08-18,,1.0,2026-08-18,,Reddit,
RDS-A,RDS.A,equity,fja05680,False,True,False,False,,,,,,1996-01-02,2002-07-22,1.0,,,,
RE,RE,equity,fja05680;wiki_changes_added,False,True,False,False,,,,,,2017-06-19,2023-07-10,1.0,2017-06-19,,Everest Re,
REG,REG,equity,fja05680;wiki_changes_added;wiki_current,True,True,False,False,Regency Centers,Real Estate,Retail REITs,2017-03-02,910606.0,2017-03-02,,1.0,2017-03-02,,Regency Centers,
REGN,REGN,equity,fja05680;wiki_changes_added;wiki_current,True,True,False,False,Regeneron Pharmaceuticals,Health Care,Biotechnology,2013-05-01,872589.0,2013-05-01,,1.0,2013-04-30,,Regeneron Pharmaceuticals,
RF,RF,equity,fja05680;wiki_current,True,True,False,False,Regions Financial Corporation,Financials,Regional Banks,1998-08-28,1281761.0,1998-08-28,,1.0,,,,
RHI,RHI,equity,fja05680;wiki_changes_removed,False,True,False,False,,,,,,2000-12-05,2024-06-24,1.0,,2024-06-24,Robert Half,Market capitalization changes.
RHT,RHT,equity,fja05680;wiki_changes_removed,False,True,False,False,,,,,,2009-07-27,2019-07-15,1.0,,2019-07-15,Red Hat,IBM acquired Red Hat.
RIG,RIG,equity,fja05680;wiki_changes_added;wiki_changes_removed,False,True,False,False,,,,,,1999-12-31,2017-07-26,2.0,2013-10-29,2017-07-26,Transocean,Market capitalization changes.
RJF,RJF,equity,fja05680;wiki_changes_added;wiki_current,True,True,False,False,Raymond James Financial,Financials,Investment Banking & Brokerage,2017-03-20,720005.0,2017-03-20,,1.0,2017-03-20,,Raymond James Financial,
RL,RL,equity,fja05680;wiki_current,True,True,False,False,Ralph Lauren Corporation,Consumer Discretionary,"Apparel, Accessories & Luxury Goods",2007-02-02,1037038.0,2007-02-02,,1.0,,,,
RLM,RLM,equity,fja05680,False,True,False,False,,,,,,1996-01-02,2000-05-04,1.0,,,,
RMD,RMD,equity,fja05680;wiki_changes_added;wiki_current,True,True,False,False,ResMed|,Health Care,Health Care Equipment,2017-07-26,943819.0,2017-07-26,,1.0,2017-07-26,,ResMed,
RML,RML,equity,fja05680,False,True,False,False,,,,,,1996-01-02,2000-12-12,1.0,,,,
RNB,RNB,equity,fja05680,False,True,False,False,,,,,,1996-01-02,2000-01-03,1.0,,,,
ROH,ROH,equity,fja05680,False,True,False,False,,,,,,1996-01-02,2009-04-02,1.0,,,,
ROK,ROK,equity,fja05680;wiki_current,True,True,False,False,Rockwell Automation,Industrials,Electrical Components & Equipment,2000-03-12,1024478.0,1996-01-02,,1.0,,,,
ROL,ROL,equity,fja05680;wiki_changes_added;wiki_current,True,True,False,False,"Rollins, Inc.",Industrials,Environmental & Facilities Services,2018-10-01,84839.0,2018-10-01,,1.0,2018-10-01,,Rollins,
ROP,ROP,equity,fja05680;wiki_current,True,True,False,False,Roper Technologies,Information Technology,Electronic Equipment & Instruments,2009-12-23,882835.0,2009-12-23,,1.0,,,,
ROST,ROST,equity,fja05680;wiki_changes_added;wiki_current,True,True,False,False,Ross Stores,Consumer Discretionary,Apparel Retail,2009-12-21,745732.0,2009-12-21,,1.0,2009-12-18,,Ross Stores,
RRC,RRC,equity,fja05680;wiki_changes_added;wiki_changes_removed,False,True,False,False,,,,,,2007-12-21,2018-06-18,1.0,2007-12-20,2018-06-18,Range Resources,Market capitalization changes.
RRD,RRD,equity,fja05680;wiki_changes_removed,False,True,False,False,,,,,,1996-01-02,2012-12-12,1.0,,2012-12-11,RR Donnelley,Market capitalization changes.
RSG,RSG,equity,fja05680;wiki_current,True,True,False,False,Republic Services,Industrials,Environmental & Facilities Services,2008-12-05,1060391.0,2008-12-05,,1.0,,,,
RSH,RSH,equity,wiki_changes_removed,False,False,False,False,,,,,,,,,,2011-06-30,RadioShack,Market capitalization changes.
RSHCQ,RSHCQ,equity,fja05680,False,True,False,False,,,,,,1996-01-02,2011-07-01,1.0,,,,
RTN,RTN,equity,fja05680;wiki_changes_removed,False,True,False,False,,,,,,1996-01-02,2020-04-06,1.0,,2020-04-06,Raytheon Company,United Technologies corporate spin-off of Otis and Carrier and acquired Raytheon Company.
RTX,RTX,equity,fja05680;wiki_current,True,True,False,False,RTX Corporation,Industrials,Aerospace & Defense,1957-03-04,101829.0,2020-04-03,,1.0,,,,
RVTY,RVTY,equity,fja05680;wiki_current,True,True,False,False,Revvity,Health Care,Health Care Equipment,1985-05-31,31791.0,2023-05-16,,1.0,,,,
RX,RX,equity,fja05680;wiki_changes_removed,False,True,False,False,,,,,,1996-11-04,2010-02-26,1.0,,2010-02-26,IMS Health,IMS was acquired by affiliates of TPG Capital
S,S,equity,fja05680;wiki_changes_removed,False,True,False,False,,,,,,1996-01-02,2013-07-09,1.0,,2013-07-08,Sprint Nextel,Softbank consortium purchase resulted in public float below 50%.
SAF,SAF,equity,fja05680,False,True,False,False,,,,,,1996-01-02,2008-09-23,1.0,,,,
SAI,SAI,equity,wiki_changes_added;wiki_changes_removed,False,False,False,False,,,,,,,,,2009-12-18,2013-09-20,SAIC,Market capitalization changes.
SANM,SANM,equity,fja05680,False,True,False,False,,,,,,2000-06-21,2007-07-02,1.0,,,,
SAPE,SAPE,equity,fja05680,False,True,False,False,,,,,,2000-05-05,2002-05-13,1.0,,,,
SATS,SATS,equity,fja05680;wiki_changes_added,False,True,False,False,,,,,,2026-03-23,2026-06-24,1.0,2026-03-23,,EchoStar,
SBAC,SBAC,equity,fja05680;wiki_changes_added;wiki_current,True,True,False,False,SBA Communications,Real Estate,Telecom Tower REITs,2017-09-01,1034054.0,2017-09-01,,1.0,2017-09-01,,SBA Communications,
SBL,SBL,equity,fja05680;wiki_changes_added;wiki_changes_removed,False,True,False,False,,,,,,2000-12-11,2007-01-10,1.0,2000-12-05,2007-01-10,Symbol Technologies,Symbol Technologies was acquired by Motorola.
SBNY,SBNY,equity,fja05680;wiki_changes_added;wiki_changes_removed,False,True,False,False,,,,,,2021-12-20,2023-03-15,1.0,2021-12-20,2023-03-15,Signature Bank,The FDIC placed Signature Bank into FDIC Receivership.
SBUX,SBUX,equity,fja05680;wiki_changes_added;wiki_current,True,True,False,False,Starbucks,Consumer Discretionary,Restaurants,2000-06-07,829224.0,2000-06-08,,1.0,2000-06-07,,Starbucks,
SCG,SCG,equity,fja05680;wiki_changes_removed,False,True,False,False,,,,,,2009-01-02,2019-01-02,1.0,,2019-01-02,SCANA,Dominion Energy acquired SCANA.
SCHW,SCHW,equity,fja05680;wiki_current,True,True,False,False,Charles Schwab Corporation,Financials,Investment Banking & Brokerage,1997-06-02,316709.0,1997-06-02,,1.0,,,,
SCI,SCI,equity,fja05680,False,True,False,False,,,,,,1996-01-02,2000-03-16,1.0,,,,
SDS,SDS,equity,fja05680,False,True,False,False,,,,,,2002-07-22,2005-08-12,1.0,,,,
SE,SE,equity,fja05680;wiki_changes_removed,False,True,False,False,,,,,,2007-01-03,2017-02-27,1.0,,2017-02-28,Spectra Energy,SE was acquired by ENB
SEBL,SEBL,equity,fja05680,False,True,False,False,,,,,,2000-05-05,2006-02-01,1.0,,,,
SEDG,SEDG,equity,fja05680;wiki_changes_added;wiki_changes_removed,False,True,False,False,,,,,,2021-12-20,2023-12-18,1.0,2021-12-20,2023-12-18,SolarEdge,Market capitalization changes.
SEE,SEE,equity,fja05680;wiki_changes_removed,False,True,False,False,,,,,,1998-04-01,2023-12-18,1.0,,2023-12-18,Sealed Air,Market capitalization changes.
SEG,SEG,equity,fja05680,False,True,False,False,,,,,,1996-08-16,2000-11-22,1.0,,,,
SFA,SFA,equity,fja05680,False,True,False,False,,,,,,1996-01-02,2006-02-27,1.0,,,,
SGID,SGID,equity,fja05680,False,True,False,False,,,,,,1996-01-02,2000-06-21,1.0,,,,
SGP,SGP,equity,fja05680;wiki_changes_removed,False,True,False,False,,,,,,1996-01-02,2009-11-04,1.0,,2009-11-03,Schering-Plough,Schering-Plough was acquired by Merck & Co.
SHLD,SHLD,equity,fja05680;wiki_changes_removed,False,True,False,False,,,,,,2005-03-28,2012-09-05,1.0,,2012-09-05,Sears Holdings,SHLD below public float threshold.
SHW,SHW,equity,fja05680;wiki_current,True,True,False,False,Sherwin-Williams,Materials,Specialty Chemicals,1964-06-30,89800.0,1996-01-02,,1.0,,,,
SIAL,SIAL,equity,fja05680;wiki_changes_removed,False,True,False,False,,,,,,1996-01-02,2015-11-18,1.0,,2015-11-19,Sigma-Aldrich,Sigma-Aldrich was acquired by Merck KGaA.
SIG,SIG,equity,fja05680;wiki_changes_added;wiki_changes_removed,False,True,False,False,,,,,,2015-07-29,2018-03-19,1.0,2015-07-29,2018-03-19,Signet Jewelers,Market capitalization changes.
SII,SII,equity,fja05680;wiki_changes_removed,False,True,False,False,,,,,,2006-10-02,2010-08-27,1.0,,2010-08-26,Smith International,Smith was acquired by Schlumberger.
SIVB,SIVB,equity,fja05680;wiki_changes_added;wiki_changes_removed,False,True,False,False,,,,,,2018-03-19,2023-03-15,1.0,2018-03-19,2023-03-15,SVB Financial Group,"The FDIC placed SVB's main subsidiary, Silicon Valley Bank, into receivership."
SJM,SJM,equity,fja05680;wiki_current,True,True,False,False,J.M. Smucker Company (The),Consumer Staples,Packaged Foods & Meats,2008-11-06,91419.0,2008-11-06,,1.0,,,,
SLB,SLB,equity,fja05680;wiki_current,True,True,False,False,Schlumberger,Energy,Oil & Gas Equipment & Services,1957-03-04,87347.0,1996-01-02,,1.0,,,,
SLE,SLE,equity,wiki_changes_removed,False,False,False,False,,,,,,,,,,2012-06-29,Sara Lee Corporation,Split up of Sara Lee.
SLG,SLG,equity,fja05680;wiki_changes_added;wiki_changes_removed,False,True,False,False,,,,,,2015-03-23,2021-03-22,1.0,2015-03-23,2021-03-22,SL Green Realty,Market capitalization changes.
SLM,SLM,equity,fja05680;wiki_changes_removed,False,True,False,False,,,,,,1998-07-01,2014-05-01,1.0,,2014-05-01,SLM Corporation,SLM completed the corporate spin-off of Navient.
SLR,SLR,equity,fja05680;wiki_changes_removed,False,True,False,False,,,,,,1998-12-31,2007-10-02,1.0,,2007-10-02,Solectron,Solectron was acquired by Flextronics.
SMCI,SMCI,equity,fja05680;wiki_changes_added;wiki_current,True,True,False,False,Supermicro,Information Technology,"Technology Hardware, Storage & Peripherals",2024-03-18,1375365.0,2024-03-18,,1.0,2024-03-18,,Supermicro,
SMI,SMI,equity,fja05680,False,True,False,False,,,,,,1996-01-02,2000-12-12,1.0,,,,
SMS,SMS,equity,fja05680;wiki_changes_removed,False,True,False,False,,,,,,1996-01-02,2000-06-08,1.0,,2000-06-07,Shared Medical Systems,Siemens AG acquired Shared Medical Systems.
SNA,SNA,equity,fja05680;wiki_current,True,True,False,False,Snap-on,Industrials,Industrial Machinery & Supplies & Components,1982-09-30,91440.0,1996-01-02,,1.0,,,,
SNDK,SNDK,equity,fja05680;wiki_changes_added;wiki_changes_removed;wiki_current,True,True,False,False,Sandisk,Information Technology,"Technology Hardware, Storage & Peripherals",2025-11-28,2023554.0,2006-04-20,,2.0,2025-11-28,2016-05-13,SanDisk;Sandisk,Sandisk was acquired by Western Digital.
SNI,SNI,equity,fja05680;wiki_changes_removed,False,True,False,False,,,,,,2008-07-01,2018-03-07,1.0,,2018-03-07,Scripps Networks Interactive,Discovery Communications acquired Scripps Networks Interactive.
SNPS,SNPS,equity,fja05680;wiki_changes_added;wiki_current,True,True,False,False,Synopsys,Information Technology,Application Software,2017-03-16,883241.0,2017-03-16,,1.0,2017-03-16,,Synopsys,
SNV,SNV,equity,fja05680,False,True,False,False,,,,,,1997-12-01,2008-01-02,1.0,,,,
SO,SO,equity,fja05680;wiki_current,True,True,False,False,Southern Company,Utilities,Electric Utilities,1957-03-04,92122.0,1996-01-02,,1.0,,,,
SOLS,SOLS,equity,fja05680;wiki_changes_added;wiki_changes_removed,False,True,False,False,,,,,,2025-10-30,2025-12-22,1.0,2025-10-30,2025-12-22,Solstice Advanced Materials,Market capitalization changes.
SOLV,SOLV,equity,fja05680;wiki_changes_added;wiki_current,True,True,False,False,Solventum,Health Care,Health Care Technology,2024-04-01,1964738.0,2024-04-01,,1.0,2024-04-01,,Solventum,
SOTR,SOTR,equity,fja05680,False,True,False,False,,,,,,1999-03-01,2004-11-01,1.0,,,,
SOV,SOV,equity,fja05680,False,True,False,False,,,,,,2004-07-01,2009-01-30,1.0,,,,
SPG,SPG,equity,fja05680;wiki_current,True,True,False,False,Simon Property Group,Real Estate,Retail REITs,2002-06-26,1063761.0,2002-06-26,,1.0,,,,
SPGI,SPGI,equity,fja05680;wiki_current,True,True,False,False,S&P Global,Financials,Financial Exchanges & Data,1957-03-04,64040.0,1996-01-02,,1.0,,,,
SPLS,SPLS,equity,fja05680;wiki_changes_removed,False,True,False,False,,,,,,1998-10-07,2017-09-13,1.0,,2017-09-18,Staples,Sycamore Partners acquired Staples.
SRCL,SRCL,equity,fja05680;wiki_changes_removed,False,True,False,False,,,,,,2008-11-19,2018-12-03,1.0,,2018-12-03,Stericycle,Market capitalization changes.
SRE,SRE,equity,fja05680;wiki_current,True,True,False,False,Sempra,Utilities,Multi-Utilities,2017-03-17,1032208.0,1998-06-29,,1.0,,,,
SSP,SSP,equity,fja05680,False,True,False,False,,,,,,2005-12-20,2008-07-01,1.0,,,,
STE,STE,equity,fja05680;wiki_changes_added;wiki_current,True,True,False,False,Steris,Health Care,Health Care Equipment,2019-12-23,1757898.0,2019-12-23,,1.0,2019-12-23,,Steris,
STI,STI,equity,fja05680;wiki_changes_removed,False,True,False,False,,,,,,1996-01-02,2019-12-09,1.0,,2019-12-09,SunTrust Banks,BB&T acquired SunTrust to form Truist Financial.
STJ,STJ,equity,fja05680;wiki_changes_removed,False,True,False,False,,,,,,1996-01-02,2017-01-05,1.0,,2017-01-05,St Jude Medical,Abbott Laboratories acquired St. Jude Medical.
STLD,STLD,equity,fja05680;wiki_changes_added;wiki_current,True,True,False,False,Steel Dynamics,Materials,Steel,2022-12-22,1022671.0,2022-12-22,,1.0,2022-12-22,,Steel Dynamics,
STR,STR,equity,fja05680;wiki_changes_removed,False,True,False,False,,,,,,2006-12-01,2010-07-01,1.0,,2010-06-30,Questar,"Company split. QEP retained, but ticker changed."
STT,STT,equity,fja05680;wiki_current,True,True,False,False,State Street Corporation,Financials,Asset Management & Custody Banks,2003-03-14,93751.0,1997-08-18,,1.0,,,,
STX,STX,equity,fja05680;wiki_changes_added;wiki_current,True,True,False,False,Seagate Technology,Information Technology,"Technology Hardware, Storage & Peripherals",2012-07-02,1137789.0,2012-07-02,,1.0,2012-07-02,,Seagate Technology,
STZ,STZ,equity,fja05680;wiki_changes_added;wiki_current,True,True,False,False,Constellation Brands,Consumer Staples,Distillers & Vintners,2005-07-01,16918.0,2005-07-05,,1.0,2005-07-01,,Constellation Brands,
SUB,SUB,equity,fja05680,False,True,False,False,,,,,,1998-01-28,2001-03-01,1.0,,,,
SUN,SUN,equity,fja05680;wiki_changes_removed,False,True,False,False,,,,,,1996-01-02,2012-10-05,1.0,,1998-12-11;2012-10-10,SunAmerica;Sunoco,AIG acquired SunAmerica. || Sunoco was acquired by Energy Transfer Partners (ETP)
SUNEQ,SUNEQ,equity,fja05680,False,True,False,False,,,,,,2007-05-31,2011-12-19,1.0,,,,
SVU,SVU,equity,fja05680;wiki_changes_removed,False,True,False,False,,,,,,1996-01-02,2012-05-01,1.0,,2012-04-23,Supervalu,ConocoPhillips completed the corporate spin-off of Phillips 66.
SW,SW,equity,fja05680;wiki_current,True,True,False,False,Smurfit Westrock,Materials,Paper & Plastic Packaging Products & Materials,2024-07-08,2005951.0,2024-07-08,,1.0,,,,
SWK,SWK,equity,fja05680;wiki_current,True,True,False,False,Stanley Black & Decker,Industrials,Industrial Machinery & Supplies & Components,1982-09-30,93556.0,1996-01-02,,1.0,,,,
SWKS,SWKS,equity,fja05680;wiki_changes_added;wiki_current,True,True,False,False,Skyworks Solutions,Information Technology,Semiconductors,2015-03-12,4127.0,2015-03-12,,1.0,2015-03-12,,Skyworks,
SWN,SWN,equity,fja05680;wiki_changes_removed,False,True,False,False,,,,,,2008-06-06,2017-04-04,1.0,,2017-04-04,Southwestern Energy,"HPE completed the corporate spin-off of Everett, merged with CSC to form DXC Technology."
SWY,SWY,equity,fja05680;wiki_changes_removed,False,True,False,False,,,,,,1998-11-13,2015-01-27,1.0,,2015-01-27,Safeway,Safeway was acquired by a private equity consortium.
SXCL,SXCL,equity,fja05680,False,True,False,False,,,,,,1999-10-01,2001-05-14,1.0,,,,
SYF,SYF,equity,fja05680;wiki_changes_added;wiki_current,True,True,False,False,Synchrony Financial,Financials,Consumer Finance,2015-11-18,1601712.0,2015-11-18,,1.0,2015-11-18,,Synchrony Financial,
SYK,SYK,equity,fja05680;wiki_current,True,True,False,False,Stryker Corporation,Health Care,Health Care Equipment,2000-12-12,310764.0,2000-12-12,,1.0,,,,
SYMC,SYMC,equity,fja05680,False,True,False,False,,,,,,2003-03-31,2019-11-05,1.0,,,,
SYY,SYY,equity,fja05680;wiki_current,True,True,False,False,Sysco,Consumer Staples,Food Distributors,1986-12-31,96021.0,1996-01-02,,1.0,,,,
T,T,equity,fja05680;wiki_changes_removed;wiki_current,True,True,False,False,AT&T,Communication Services,Integrated Telecommunication Services,1983-11-30,732717.0,1996-01-02,,1.0,,2005-11-18,AT&T Corporation,AT&T Corp. was acquired by SBC Communications
TAP,TAP,equity,fja05680;wiki_changes_removed,False,True,False,False,,,,,,1996-01-02,2026-09-21,1.0,,2026-09-21,Molson Coors,Market capitalization changes.
TDC,TDC,equity,fja05680;wiki_changes_added;wiki_changes_removed,False,True,False,False,,,,,,2007-10-01,2017-06-19,1.0,2007-10-01,2017-06-19,Teradata,Market capitalization changes.
TDG,TDG,equity,fja05680;wiki_changes_added;wiki_current,True,True,False,False,TransDigm Group,Industrials,Aerospace & Defense,2016-06-03,1260221.0,2016-06-03,,1.0,2016-06-03,,TransDigm Group,
TDY,TDY,equity,fja05680;wiki_changes_added;wiki_current,True,True,False,False,Teledyne Technologies,Information Technology,Electronic Equipment & Instruments,2020-06-22,1094285.0,2020-06-22,,1.0,2020-06-22,,Teledyne,
TE,TE,equity,fja05680;wiki_changes_removed,False,True,False,False,,,,,,2001-10-10,2016-07-01,1.0,,2016-07-01,TECO Energy,TECO Energy was acquired by EMA.
TECH,TECH,equity,fja05680;wiki_changes_added;wiki_current,True,True,False,False,Bio-Techne,Health Care,Life Sciences Tools & Services,2021-08-30,842023.0,2021-08-30,,1.0,2021-08-30,,Bio-Techne,
TEG,TEG,equity,fja05680;wiki_changes_removed,False,True,False,False,,,,,,2007-02-22,2015-06-30,1.0,,2015-07-01,Integrys Energy Group,Integrys was acquired.
TEK,TEK,equity,fja05680,False,True,False,False,,,,,,1996-01-02,2007-11-16,1.0,,,,
TEL,TEL,equity,fja05680;wiki_changes_added;wiki_changes_removed;wiki_current,True,True,False,False,TE Connectivity,Information Technology,Electronic Manufacturing Services,2011-10-17,1385157.0,2007-07-02,,2.0,2011-10-14,2009-06-25,TE Connectivity,"Tyco Electronics was removed because it was reincorporating in Switzerland, making it ineligible for inclusion."
TER,TER,equity,fja05680;wiki_changes_added;wiki_changes_removed;wiki_current,True,True,False,False,Teradyne,Information Technology,Semiconductor Materials & Equipment,2020-09-21,97210.0,1999-11-15,,2.0,2020-09-21,2013-12-23,Teradyne,Market capitalization changes.
TEX,TEX,equity,fja05680,False,True,False,False,,,,,,2006-12-20,2008-11-06,1.0,,,,
TFC,TFC,equity,fja05680;wiki_current,True,True,False,False,Truist Financial,Financials,Diversified Banks,1997-12-04,92230.0,2019-12-09,,1.0,,,,
TFX,TFX,equity,fja05680;wiki_changes_added;wiki_changes_removed,False,True,False,False,,,,,,2019-01-18,2025-03-24,1.0,2019-01-18,2025-03-24,Teleflex,Market capitalization changes.
TGNA,TGNA,equity,fja05680;wiki_changes_removed,False,True,False,False,,,,,,1996-01-02,2017-06-02,1.0,,2017-06-02,Tegna,TGNA completed the corporate spin-off of Cars.com.
TGT,TGT,equity,fja05680;wiki_current,True,True,False,False,Target Corporation,Consumer Staples,Consumer Staples Merchandise Retail,1976-12-31,27419.0,1996-01-02,,1.0,,,,
THC,THC,equity,fja05680;wiki_changes_removed,False,True,False,False,,,,,,1996-01-02,2016-04-18,1.0,,2016-04-18,Tenet Healthcare,
TIE,TIE,equity,fja05680;wiki_changes_removed,False,True,False,False,,,,,,2007-10-29,2012-12-24,1.0,,2012-12-21,Titanium Metals,TIE was acquired by Precision Cast Parts.
TIF,TIF,equity,fja05680;wiki_changes_removed,False,True,False,False,,,,,,2000-06-21,2021-01-07,1.0,,2021-01-07,Tiffany & Co,LVMH Moet Hennessy-Louis Vuitton SE acquired Tiffany & Co.
TIN,TIN,equity,fja05680,False,True,False,False,,,,,,1996-01-02,2007-12-31,1.0,,,,
TJX,TJX,equity,fja05680;wiki_current,True,True,False,False,TJX Companies,Consumer Discretionary,Apparel Retail,1985-09-30,109198.0,1996-01-02,,1.0,,,,
TKO,TKO,equity,fja05680;wiki_changes_added;wiki_current,True,True,False,False,TKO Group Holdings,Communication Services,Movies & Entertainment,2025-03-24,1973266.0,2025-03-24,,1.0,2025-03-24,,TKO Group Holdings,
TKR,TKR,equity,fja05680,False,True,False,False,,,,,,1996-01-02,2001-08-07,1.0,,,,
TLAB,TLAB,equity,fja05680;wiki_changes_removed,False,True,False,False,,,,,,1996-01-02,2011-12-21,1.0,,2011-12-20,Tellabs,Expedia completed the corporate spin-off of TripAdvisor.
TMC,TMC,equity,fja05680;wiki_changes_removed,False,True,False,False,,,,,,1996-01-02,2000-06-13,1.0,,2000-06-12,Times Mirror,Tribune Co. acquired Times Mirror.
TMC-A,TMC.A,equity,fja05680,False,True,False,False,,,,,,1996-01-02,2000-06-13,1.0,,,,
TMK,TMK,equity,fja05680,False,True,False,False,,,,,,1996-01-02,2019-08-08,1.0,,,,
TMO,TMO,equity,fja05680;wiki_current,True,True,False,False,Thermo Fisher Scientific,Health Care,Life Sciences Tools & Services,2004-08-03,97745.0,1997-01-02,,1.0,,,,
TMUS,TMUS,equity,fja05680;wiki_changes_added;wiki_current,True,True,False,False,T-Mobile US,Communication Services,Wireless Telecommunication Services,2019-07-15,1283699.0,2009-06-30,,2.0,2019-07-15,,T-Mobile US,
TNB,TNB,equity,fja05680,False,True,False,False,,,,,,1996-01-02,2004-08-03,1.0,,,,
TOS,TOS,equity,fja05680,False,True,False,False,,,,,,1999-09-20,2001-09-17,1.0,,,,
TOY,TOY,equity,fja05680,False,True,False,False,,,,,,1996-01-02,2005-07-22,1.0,,,,
TPL,TPL,equity,fja05680;wiki_changes_added;wiki_current,True,True,False,False,Texas Pacific Land Corporation,Energy,Oil & Gas Exploration & Production,2024-11-26,1811074.0,2024-11-26,,1.0,2024-11-26,,Texas Pacific Land Corporation,
TPR,TPR,equity,fja05680;wiki_current,True,True,False,False,"Tapestry, Inc.",Consumer Discretionary,"Apparel, Accessories & Luxury Goods",2004-09-01,1116132.0,2004-09-01,,1.0,,,,
TRB,TRB,equity,fja05680;wiki_changes_removed,False,True,False,False,,,,,,1996-01-02,2007-12-21,1.0,,2007-12-20,Tribune Media,Tribune was acquired.
TRGP,TRGP,equity,fja05680;wiki_changes_added;wiki_current,True,True,False,False,Targa Resources,Energy,Oil & Gas Storage & Transportation,2022-10-12,1389170.0,2022-10-12,,1.0,2022-10-12,,Targa Resources,
TRIP,TRIP,equity,fja05680;wiki_changes_added;wiki_changes_removed,False,True,False,False,,,,,,2011-12-21,2019-12-23,1.0,2011-12-20,2019-12-23,TripAdvisor,Market capitalization changes.
TRMB,TRMB,equity,fja05680;wiki_changes_added;wiki_current,True,True,False,False,Trimble Inc.,Information Technology,Application Software,2021-01-21,864749.0,2021-01-21,,1.0,2021-01-21,,Trimble,
TROW,TROW,equity,fja05680;wiki_current,True,True,False,False,T. Rowe Price,Financials,Asset Management & Custody Banks,2019-07-29,1113169.0,1999-10-13,,1.0,,,,
TRV,TRV,equity,fja05680;wiki_current,True,True,False,False,Travelers Companies (The),Financials,Property & Casualty Insurance,2002-08-21,86312.0,1996-01-02,,1.0,,,,
TRW,TRW,equity,fja05680,False,True,False,False,,,,,,1996-01-02,2002-12-12,1.0,,,,
TSCO,TSCO,equity,fja05680;wiki_changes_added;wiki_current,True,True,False,False,Tractor Supply,Consumer Discretionary,Other Specialty Retail,2014-01-24,916365.0,2014-01-24,,1.0,2014-01-24,,Tractor Supply,
TSG,TSG,equity,fja05680;wiki_changes_removed,False,True,False,False,,,,,,2000-03-16,2007-04-02,1.0,,2007-03-30,Sabre Corporation,Sabre was acquired.
TSLA,TSLA,equity,fja05680;wiki_changes_added;wiki_current,True,True,False,False,"Tesla, Inc.",Consumer Discretionary,Automobile Manufacturers,2020-12-21,1318605.0,2020-12-21,,1.0,2020-12-21,,Tesla,
TSN,TSN,equity,fja05680;wiki_current,True,True,False,False,Tyson Foods,Consumer Staples,Packaged Foods & Meats,2005-08-10,100493.0,2005-08-11,,1.0,,,,
TSO,TSO,equity,wiki_changes_added,False,False,False,False,,,,,,,,,2007-09-27,,Tesoro Corporation,
TSS,TSS,equity,fja05680;wiki_changes_removed,False,True,False,False,,,,,,2008-01-02,2019-09-23,1.0,,2019-09-23,TSYS,Global Payments acquired TSS.
TT,TT,equity,fja05680;wiki_current,True,True,False,False,Trane Technologies,Industrials,Building Products,2010-11-17,1466258.0,2002-05-13,,2.0,,,,
TTD,TTD,equity,fja05680;wiki_changes_added;wiki_changes_removed,False,True,False,False,,,,,,2025-07-18,2026-09-21,1.0,2025-07-18,2026-09-21,The Trade Desk,Market capitalization changes.
TTWO,TTWO,equity,fja05680;wiki_changes_added;wiki_current,True,True,False,False,Take-Two Interactive,Communication Services,Interactive Home Entertainment,2018-03-19,946581.0,2018-03-19,,1.0,2018-03-19,,Take-Two Interactive,
TUP,TUP,equity,fja05680,False,True,False,False,,,,,,1996-05-31,2004-03-25,1.0,,,,
TWC,TWC,equity,fja05680;wiki_changes_removed,False,True,False,False,,,,,,2009-03-30,2016-05-18,1.0,,2016-05-18,Time Warner Cable,Time Warner Cable was acquired by Charter.
TWTR,TWTR,equity,fja05680;wiki_changes_added;wiki_changes_removed,False,True,False,False,,,,,,2018-06-07,2022-11-01,1.0,2018-06-07,2022-11-01,Twitter,Elon Musk acquired Twitter.
TWX,TWX,equity,fja05680;wiki_changes_removed,False,True,False,False,,,,,,1996-01-02,2018-06-15,1.0,,2018-06-20,Time Warner,AT&T acquired Time Warner.
TX,TX,equity,fja05680,False,True,False,False,,,,,,1996-01-02,2001-10-10,1.0,,,,
TXN,TXN,equity,fja05680;wiki_current,True,True,False,False,Texas Instruments,Information Technology,Semiconductors,2001-03-12,97476.0,1996-01-02,,1.0,,,,
TXT,TXT,equity,fja05680;wiki_current,True,True,False,False,Textron,Industrials,Aerospace & Defense,1978-12-31,217346.0,1996-01-02,,1.0,,,,
TXU,TXU,equity,fja05680,False,True,False,False,,,,,,1996-01-02,2007-10-10,1.0,,,,
TYC,TYC,equity,wiki_changes_added;wiki_changes_removed,False,False,False,False,,,,,,,,,2010-08-26,2016-09-06,Tyco International,TYC acquired JCI and retained JCI ticker.
TYL,TYL,equity,fja05680;wiki_changes_added;wiki_current,True,True,False,False,Tyler Technologies,Information Technology,Application Software,2020-06-22,860731.0,2020-06-22,,1.0,2020-06-22,,Tyler Technologies,
UA,UA,equity,fja05680;wiki_changes_added;wiki_changes_removed,False,True,False,False,,,,,,2016-04-08,2022-06-21,1.0,2014-05-01;2016-04-08,2022-06-21,Under Armour;Under Armour (Class C),Market capitalization changes.
UAA,UAA,equity,fja05680;wiki_changes_removed,False,True,False,False,,,,,,2014-05-01,2022-06-21,1.0,,2022-06-21,Under Armour (Class A),Market capitalization changes.
UAL,UAL,equity,fja05680;wiki_changes_added;wiki_current,True,True,False,False,United Airlines Holdings,Industrials,Passenger Airlines,2015-09-03,100517.0,2015-09-03,,1.0,2015-09-02,,United Continental Holdings,
UAWGQ,UAWGQ,equity,fja05680,False,True,False,False,,,,,,1996-01-02,2002-05-15,1.0,,,,
UBER,UBER,equity,fja05680;wiki_changes_added;wiki_current,True,True,False,False,Uber,Industrials,Passenger Ground Transportation,2023-12-18,1543151.0,2023-12-18,,1.0,2023-12-18,,Uber,
UCL,UCL,equity,fja05680,False,True,False,False,,,,,,1996-01-02,2005-08-11,1.0,,,,
UCM,UCM,equity,fja05680,False,True,False,False,,,,,,1996-01-02,2000-10-23,1.0,,,,
UDR,UDR,equity,fja05680;wiki_changes_added;wiki_current,True,True,False,False,"UDR, Inc.",Real Estate,Multi-Family Residential REITs,2016-03-07,74208.0,2016-03-07,,1.0,2016-03-07,,UDR,
UHS,UHS,equity,fja05680;wiki_changes_added;wiki_current,True,True,False,False,Universal Health Services,Health Care,Health Care Facilities,2014-09-20,352915.0,2014-09-22,,1.0,2014-09-20,,Universal Health Services,
UIS,UIS,equity,fja05680,False,True,False,False,,,,,,1996-01-02,2008-11-11,1.0,,,,
UK,UK,equity,fja05680,False,True,False,False,,,,,,1996-01-02,2001-02-07,1.0,,,,
ULTA,ULTA,equity,fja05680;wiki_changes_added;wiki_current,True,True,False,False,Ulta Beauty,Consumer Discretionary,Other Specialty Retail,2016-04-18,1403568.0,2016-04-18,,1.0,2016-04-18,,Ulta Beauty,
UMG,UMG,equity,fja05680,False,True,False,False,,,,,,1996-01-02,2000-06-15,1.0,,,,
UN,UN,equity,fja05680,False,True,False,False,,,,,,1996-01-02,2002-07-22,1.0,,,,
UNH,UNH,equity,fja05680;wiki_current,True,True,False,False,UnitedHealth Group,Health Care,Managed Health Care,1994-07-01,731766.0,1996-01-02,,1.0,,,,
UNM,UNM,equity,fja05680;wiki_changes_removed,False,True,False,False,,,,,,1996-01-02,2021-09-20,1.0,,2021-09-20,Unum,Market capitalization changes.
UNP,UNP,equity,fja05680;wiki_current,True,True,False,False,Union Pacific Corporation,Industrials,Rail Transportation,1957-03-04,100885.0,1996-01-02,,1.0,,,,
UPC,UPC,equity,fja05680,False,True,False,False,,,,,,1998-10-01,2004-07-01,1.0,,,,
UPR,UPR,equity,fja05680,False,True,False,False,,,,,,1996-10-16,2000-07-17,1.0,,,,
UPS,UPS,equity,fja05680;wiki_current,True,True,False,False,United Parcel Service,Industrials,Air Freight & Logistics,2002-07-22,1090727.0,2002-07-22,,1.0,,,,
URBN,URBN,equity,fja05680;wiki_changes_removed,False,True,False,False,,,,,,2010-02-08,2017-03-20,1.0,,2017-03-20,Urban Outfitters,Market capitalization changes.
URI,URI,equity,fja05680;wiki_changes_added;wiki_current,True,True,False,False,United Rentals,Industrials,Trading Companies & Distributors,2014-09-20,1067701.0,2014-09-22,,1.0,2014-09-20,,United Rentals,
USB,USB,equity,fja05680;wiki_current,True,True,False,False,U.S. Bancorp,Financials,Diversified Banks,1999-11-01,36104.0,1996-01-02,,1.0,,,,
USL,USL,equity,wiki_changes_removed,False,False,True,False,,,,,,,,,,1997-06-17,USLife,AIG acquired USLife.
UST,UST,equity,fja05680,False,True,False,False,,,,,,1996-01-02,2009-01-06,1.0,,,,
USW,USW,equity,fja05680,False,True,False,False,,,,,,1996-01-02,2000-07-03,1.0,,,,
UTX,UTX,equity,fja05680,False,True,False,False,,,,,,1996-01-02,2020-04-03,1.0,,,,
UVN,UVN,equity,fja05680,False,True,False,False,,,,,,2001-02-07,2007-03-29,1.0,,,,
V,V,equity,fja05680;wiki_changes_added;wiki_current,True,True,False,False,Visa Inc.,Financials,Transaction & Payment Processing Services,2009-12-21,1403161.0,2009-12-21,,1.0,2009-12-18,,Visa,
VAR,VAR,equity,fja05680;wiki_changes_removed,False,True,False,False,,,,,,2007-02-12,2021-04-20,1.0,,2021-04-20,Varian Medical Systems,Siemens Healthineers acquired Varian Medical Systems.
VEEV,VEEV,equity,fja05680;wiki_changes_added;wiki_current,True,True,False,False,Veeva Systems,Health Care,Health Care Technology,2026-05-07,1393052.0,2026-05-07,,1.0,2026-05-07,,Veeva Systems,
VFC,VFC,equity,fja05680;wiki_changes_removed,False,True,False,False,,,,,,1996-01-02,2024-04-01,1.0,,2024-04-03,VF Corporation,Market capitalization changes.
VIAB,VIAB,equity,fja05680;wiki_changes_removed,False,True,False,False,,,,,,2006-01-03,2019-12-05,1.0,,2019-12-05,Viacom,CBS acquired Viacom to form ViacomCBS.
VIAC,VIAC,equity,fja05680,False,True,False,False,,,,,,2019-12-05,2022-02-17,1.0,,,,
VIAV,VIAV,equity,fja05680,False,True,False,False,,,,,,2000-07-27,2013-12-23,1.0,,,,
VICI,VICI,equity,fja05680;wiki_changes_added;wiki_current,True,True,False,False,Vici Properties,Real Estate,Hotel & Resort REITs,2022-06-08,1705696.0,2022-06-08,,1.0,2022-06-08,,Vici Properties,
VLO,VLO,equity,fja05680;wiki_current,True,True,False,False,Valero Energy,Energy,Oil & Gas Refining & Marketing,2002-12-20,1035002.0,2004-04-29,,1.0,,,,
VLTO,VLTO,equity,fja05680;wiki_changes_added;wiki_current,True,True,False,False,Veralto,Industrials,Environmental & Facilities Services,2023-10-02,1967680.0,2023-10-02,,1.0,2023-10-02,,Veralto,
VMC,VMC,equity,fja05680;wiki_current,True,True,False,False,Vulcan Materials Company,Materials,Construction Materials,1999-06-30,1396009.0,1999-07-01,,1.0,,,,
VMRK,VMRK,equity,fja05680;wiki_current,True,True,False,False,Vivmark Residential,Real Estate,Multi-Family Residential REITs,2001-12-03,906107.0,2026-08-18,,1.0,,,,
VNO,VNO,equity,fja05680;wiki_changes_removed,False,True,False,False,,,,,,2005-08-12,2023-01-04,1.0,,2023-01-05,Vornado Realty Trust,Market capitalization changes.
VNT,VNT,equity,fja05680;wiki_changes_added;wiki_changes_removed,False,True,False,False,,,,,,2020-10-12,2021-03-22,1.0,2020-10-09,2021-03-22,Vontier,Market capitalization changes.
VO,VO,equity,fja05680,False,True,False,False,,,,,,1996-01-02,2000-12-11,1.0,,,,
VRSK,VRSK,equity,fja05680;wiki_changes_added;wiki_current,True,True,False,False,Verisk Analytics,Industrials,Research & Consulting Services,2015-10-08,1442145.0,2015-10-08,,1.0,2015-10-07,,Verisk Analytics,
VRSN,VRSN,equity,fja05680;wiki_current,True,True,False,False,Verisign,Information Technology,Internet Services & Infrastructure,2006-02-01,1014473.0,2006-02-01,,1.0,,,,
VRT,VRT,equity,fja05680;wiki_changes_added;wiki_current,True,True,False,False,Vertiv,Industrials,Electrical Components & Equipment,2026-03-23,1674101.0,2026-03-23,,1.0,2026-03-23,,Vertiv,
VRTS,VRTS,equity,fja05680,False,True,False,False,,,,,,2000-04-03,2005-07-05,1.0,,,,
VRTX,VRTX,equity,fja05680;wiki_changes_added;wiki_current,True,True,False,False,Vertex Pharmaceuticals,Health Care,Biotechnology,2013-09-23,875320.0,2013-09-23,,1.0,2013-09-20,,Vertex Pharmaceuticals,
VST,VST,equity,fja05680;wiki_changes_added;wiki_current,True,True,False,False,Vistra Corp.,Utilities,Electric Utilities,2024-05-08,1692819.0,2024-05-08,,1.0,2024-05-08,,Vistra,
VSTNQ,VSTNQ,equity,fja05680,False,True,False,False,,,,,,2000-06-29,2006-01-03,1.0,,,,
VTR,VTR,equity,fja05680;wiki_changes_added;wiki_current,True,True,False,False,Ventas,Real Estate,Health Care REITs,2009-03-04,740260.0,2009-03-04,,1.0,2009-03-03,,Ventas,
VTRS,VTRS,equity,fja05680;wiki_current,True,True,False,False,Viatris,Health Care,Pharmaceuticals,2004-04-23,1792044.0,2020-11-17,,1.0,,,,
VTSS,VTSS,equity,fja05680,False,True,False,False,,,,,,2000-12-12,2002-08-21,1.0,,,,
VZ,VZ,equity,fja05680;wiki_current,True,True,False,False,Verizon,Communication Services,Integrated Telecommunication Services,1983-11-30,732712.0,1996-01-02,,1.0,,,,
WAB,WAB,equity,fja05680;wiki_changes_added;wiki_current,True,True,False,False,Wabtec,Industrials,Construction Machinery & Heavy Transportation Equipment,2019-02-27,943452.0,2019-02-27,,1.0,2019-02-27,,Wabtec,
WAMUQ,WAMUQ,equity,fja05680,False,True,False,False,,,,,,1997-07-02,2008-09-30,1.0,,,,
WAT,WAT,equity,fja05680;wiki_current,True,True,False,False,Waters Corporation,Health Care,Life Sciences Tools & Services,2002-01-02,1000697.0,2002-01-02,,1.0,,,,
WB,WB,equity,fja05680;wiki_changes_removed,False,True,False,False,,,,,,1996-01-02,2009-01-02,1.0,,2008-12-31,Wachovia Bank,Wachovia Bank was acquired by Wells Fargo.
WBA,WBA,equity,fja05680;wiki_changes_removed,False,True,False,False,,,,,,1996-01-02,2025-08-28,1.0,,2025-08-28,Walgreens Boots Alliance,Sycamore Partners acquired Walgreen Boots Alliance.
WBD,WBD,equity,fja05680;wiki_changes_added;wiki_current,True,True,False,False,Warner Bros. Discovery,Communication Services,Broadcasting,2022-04-11,1437107.0,2022-04-11,,1.0,2022-04-11,,Warner Bros. Discovery,
WCG,WCG,equity,fja05680;wiki_changes_added;wiki_changes_removed,False,True,False,False,,,,,,2018-09-17,2020-01-28,1.0,2018-09-14,2020-01-28,WellCare,Centene acquired Wellcare.
WCOEQ,WCOEQ,equity,fja05680,False,True,False,False,,,,,,1996-04-01,2002-05-15,1.0,,,,
WDAY,WDAY,equity,fja05680;wiki_changes_added;wiki_current,True,True,False,False,"Workday, Inc.",Information Technology,Application Software,2024-12-23,1327811.0,2024-12-23,,1.0,2024-12-23,,"Workday, Inc.",
WDC,WDC,equity,fja05680;wiki_current,True,True,False,False,Western Digital,Information Technology,"Technology Hardware, Storage & Peripherals",2009-07-01,106040.0,2009-07-01,,1.0,,,,
WEC,WEC,equity,fja05680;wiki_current,True,True,False,False,WEC Energy Group,Utilities,Electric Utilities,2008-10-31,783325.0,2008-10-31,,1.0,,,,
WELL,WELL,equity,fja05680;wiki_current,True,True,False,False,Welltower,Real Estate,Health Care REITs,2009-01-30,766704.0,2009-01-30,,1.0,,,,
WEN,WEN,equity,fja05680,False,True,False,False,,,,,,1996-01-02,2008-09-30,1.0,,,,
WFC,WFC,equity,fja05680;wiki_current,True,True,False,False,Wells Fargo,Financials,Diversified Banks,1976-06-30,72971.0,1996-01-02,,1.0,,,,
WFM,WFM,equity,fja05680;wiki_changes_removed,False,True,False,False,,,,,,2006-01-03,2017-08-28,1.0,,2017-08-29,Whole Foods Market,Amazon acquired Whole Foods Market.
WFR,WFR,equity,wiki_changes_removed,False,False,False,False,,,,,,,,,,2011-12-16,MEMC Electronic Materials,Market capitalization changes.
WFT,WFT,equity,fja05680,False,True,False,False,,,,,,2005-07-22,2009-02-26,1.0,,,,
WHR,WHR,equity,fja05680;wiki_changes_removed,False,True,False,False,,,,,,1996-01-02,2024-03-18,1.0,,2024-03-18,Whirlpool Corporation,Market capitalization changes.
WIN,WIN,equity,fja05680;wiki_changes_removed,False,True,False,False,,,,,,2006-07-18,2015-04-07,1.0,,2015-04-07,Windstream Communications,Market capitalization changes.
WLA,WLA,equity,fja05680,False,True,False,False,,,,,,1996-01-02,2000-06-20,1.0,,,,
WLL,WLL,equity,fja05680,False,True,False,False,,,,,,1996-01-02,2002-02-11,1.0,,,,
WLP,WLP,equity,fja05680;wiki_changes_added,False,True,False,False,,,,,,1999-06-09,2004-12-01,1.0,1999-06-09,,Wellpoint,
WLTW,WLTW,equity,fja05680;wiki_changes_added;wiki_changes_removed,False,True,False,False,,,,,,2016-01-05,2022-01-10,1.0,2016-01-05,2022-01-10,Willis Towers Watson,Willis Towers Watson changed its ticker symbol from WLTW to WTW.
WM,WM,equity,fja05680;wiki_current,True,True,False,False,Waste Management,Industrials,Environmental & Facilities Services,1998-08-31,823768.0,1998-07-17,,1.0,,,,
WMB,WMB,equity,fja05680;wiki_current,True,True,False,False,Williams Companies,Energy,Oil & Gas Storage & Transportation,1975-03-31,107263.0,1996-01-02,,1.0,,,,
WMT,WMT,equity,fja05680;wiki_current,True,True,False,False,Walmart,Consumer Staples,Consumer Staples Merchandise Retail,1982-08-31,104169.0,1996-01-02,,1.0,,,,
WNDXQ,WNDXQ,equity,fja05680,False,True,False,False,,,,,,1996-01-02,2004-12-03,1.0,,,,
WOR,WOR,equity,fja05680,False,True,False,False,,,,,,1996-01-02,2004-12-20,1.0,,,,
WPX,WPX,equity,fja05680;wiki_changes_added;wiki_changes_removed,False,True,False,False,,,,,,2012-01-03,2014-03-24,1.0,2011-12-31,2014-03-21,WPX Energy,Market capitalization changes.
WRB,WRB,equity,fja05680;wiki_changes_added;wiki_current,True,True,False,False,W. R. Berkley Corporation,Financials,Property & Casualty Insurance,2019-12-05,11544.0,2019-12-05,,1.0,2019-12-05,,W. R. Berkley Corporation,
WRK,WRK,equity,fja05680,False,True,False,False,,,,,,2015-07-02,2024-07-08,1.0,,,,
WSM,WSM,equity,fja05680;wiki_changes_added;wiki_current,True,True,False,False,"Williams-Sonoma, Inc.",Consumer Discretionary,Homefurnishing Retail,2025-03-24,719955.0,2025-03-24,,1.0,2025-03-24,,"Williams-Sonoma, Inc.",
WST,WST,equity,fja05680;wiki_changes_added;wiki_current,True,True,False,False,West Pharmaceutical Services,Health Care,Health Care Supplies,2020-05-22,105770.0,2020-05-22,,1.0,2020-05-22,,West Pharmaceutical Services,
WTW,WTW,equity,fja05680;wiki_changes_added;wiki_current,True,True,False,False,Willis Towers Watson,Financials,Insurance Brokers,2016-01-05,1140536.0,2022-01-10,,1.0,2022-01-10,,Willis Towers Watson,
WU,WU,equity,fja05680;wiki_changes_removed,False,True,False,False,,,,,,2006-10-02,2021-12-20,1.0,,2021-12-20,Western Union,Market capitalization changes.
WWY,WWY,equity,fja05680,False,True,False,False,,,,,,1996-01-02,2008-10-07,1.0,,,,
WY,WY,equity,fja05680;wiki_current,True,True,False,False,Weyerhaeuser,Real Estate,Timber REITs,1979-10-01,106535.0,1996-01-02,,1.0,,,,
WYE,WYE,equity,fja05680,False,True,False,False,,,,,,1996-01-02,2009-10-16,1.0,,,,
WYN,WYN,equity,wiki_changes_removed,False,False,False,False,,,,,,,,,,2018-05-31,Wyndham Worldwide,Wyndham Worldwide completed the corporate spin-off of Wyndham Hotels & Resorts.
WYND,WYND,equity,fja05680,False,True,False,False,,,,,,2006-08-01,2018-05-31,1.0,,,,
WYNN,WYNN,equity,fja05680;wiki_current,True,True,False,False,Wynn Resorts,Consumer Discretionary,Casinos & Gaming,2008-11-14,1174922.0,2008-11-14,,1.0,,,,
X,X,equity,fja05680;wiki_changes_removed,False,True,False,False,,,,,,1996-01-02,2014-07-02,1.0,,2014-07-02,United States Steel,Market capitalization changes.
XEC,XEC,equity,fja05680;wiki_changes_added;wiki_changes_removed,False,True,False,False,,,,,,2014-06-20,2020-03-03,1.0,2014-06-20,2020-03-02,Cimarex Energy,"Gardner Denver acquired Ingersoll Rand's industrial businesses then changed its name to the ""new"" Ingersoll Rand Inc."
XEL,XEL,equity,fja05680;wiki_current,True,True,False,False,Xcel Energy,Utilities,Multi-Utilities,1957-03-04,72903.0,1996-01-02,,1.0,,,,
XL,XL,equity,fja05680;wiki_changes_removed,False,True,False,False,,,,,,2001-09-04,2018-09-12,1.0,,2018-09-14,XL Group,XL was acquired by Axa.
XLNX,XLNX,equity,fja05680;wiki_changes_removed,False,True,False,False,,,,,,1999-11-08,2022-02-15,1.0,,2022-02-15,Xilinx,Advanced Micro Devices acquired Xilinx.
XOM,XOM,equity,fja05680;wiki_current,True,True,False,False,ExxonMobil,Energy,Integrated Oil & Gas,1957-03-04,2115436.0,1996-01-02,,1.0,,,,
XRAY,XRAY,equity,fja05680;wiki_changes_removed,False,True,False,False,,,,,,2008-11-14,2024-04-02,1.0,,2024-04-03,Dentsply Sirona,Market capitalization changes.
XRX,XRX,equity,fja05680;wiki_changes_removed,False,True,False,False,,,,,,1996-01-02,2021-03-22,1.0,,2021-03-22,Xerox,Market capitalization changes.
XTO,XTO,equity,fja05680;wiki_changes_removed,False,True,False,False,,,,,,2004-12-29,2010-06-28,1.0,,2010-06-28,XTO Energy,XTO was acquired by ExxonMobil.
XYL,XYL,equity,fja05680;wiki_changes_added;wiki_current,True,True,False,False,Xylem Inc.,Industrials,Industrial Machinery & Supplies & Components,2011-11-01,1524472.0,2011-11-01,,1.0,2011-10-31,,Xylem,
XYZ,XYZ,equity,fja05680;wiki_changes_added;wiki_current,True,True,False,False,"Block, Inc.",Financials,Transaction & Payment Processing Services,2025-07-23,1512673.0,2025-07-23,,1.0,2025-07-23,,"Block, Inc.",
YHOO,YHOO,equity,wiki_changes_added;wiki_changes_removed,False,False,False,False,,,,,,,,,1999-12-08,2017-06-19,Yahoo!,Verizon acquired Yahoo operations; remainder of Yahoo became Altaba.
YNR,YNR,equity,fja05680,False,True,False,False,,,,,,2000-01-06,2000-10-03,1.0,,,,
YUM,YUM,equity,fja05680;wiki_current,True,True,False,False,Yum! Brands,Consumer Discretionary,Restaurants,1997-10-06,1041061.0,1997-10-07,,1.0,,,,
ZBH,ZBH,equity,fja05680;wiki_current,True,True,False,False,Zimmer Biomet,Health Care,Health Care Equipment,2001-08-07,1136869.0,2001-08-07,,1.0,,,,
ZBRA,ZBRA,equity,fja05680;wiki_changes_added;wiki_current,True,True,False,False,Zebra Technologies,Information Technology,Electronic Equipment & Instruments,2019-12-23,877212.0,2019-12-23,,1.0,2019-12-23,,Zebra Technologies,
ZION,ZION,equity,fja05680;wiki_changes_removed,False,True,False,False,,,,,,2001-06-25,2024-03-18,1.0,,2024-03-18,Zions Bancorporation,Market capitalization changes.
ZTS,ZTS,equity,fja05680;wiki_changes_added;wiki_current,True,True,False,False,Zoetis,Health Care,Pharmaceuticals,2013-06-21,1555280.0,2013-06-24,,1.0,2013-06-21,,Zoetis,
BIL,BIL,etf,benchmark_list,False,False,False,False,,,,,,,,,,,,
IVV,IVV,etf,benchmark_list,False,False,False,False,,,,,,,,,,,,
IWD,IWD,etf,benchmark_list,False,False,False,False,,,,,,,,,,,,
IWF,IWF,etf,benchmark_list,False,False,False,False,,,,,,,,,,,,
MTUM,MTUM,etf,benchmark_list,False,False,False,False,,,,,,,,,,,,
QQQ,QQQ,etf,benchmark_list,False,False,False,False,,,,,,,,,,,,
QUAL,QUAL,etf,benchmark_list,False,False,False,False,,,,,,,,,,,,
RSP,RSP,etf,benchmark_list,False,False,False,False,,,,,,,,,,,,
SGOV,SGOV,etf,benchmark_list,False,False,False,False,,,,,,,,,,,,
SHV,SHV,etf,benchmark_list,False,False,False,False,,,,,,,,,,,,
SPHQ,SPHQ,etf,benchmark_list,False,False,False,False,,,,,,,,,,,,
SPY,SPY,etf,benchmark_list,False,False,False,False,,,,,,,,,,,,
USMV,USMV,etf,benchmark_list,False,False,False,False,,,,,,,,,,,,
VLUE,VLUE,etf,benchmark_list,False,False,False,False,,,,,,,,,,,,
VOO,VOO,etf,benchmark_list,False,False,False,False,,,,,,,,,,,,
XLB,XLB,etf,benchmark_list,False,False,False,False,,,,,,,,,,,,
XLC,XLC,etf,benchmark_list,False,False,False,False,,,,,,,,,,,,
XLE,XLE,etf,benchmark_list,False,False,False,False,,,,,,,,,,,,
XLF,XLF,etf,benchmark_list,False,False,False,False,,,,,,,,,,,,
XLI,XLI,etf,benchmark_list,False,False,False,False,,,,,,,,,,,,
XLK,XLK,etf,benchmark_list,False,False,False,False,,,,,,,,,,,,
XLP,XLP,etf,benchmark_list,False,False,False,False,,,,,,,,,,,,
XLRE,XLRE,etf,benchmark_list,False,False,False,False,,,,,,,,,,,,
XLU,XLU,etf,benchmark_list,False,False,False,False,,,,,,,,,,,,
XLV,XLV,etf,benchmark_list,False,False,False,False,,,,,,,,,,,,
XLY,XLY,etf,benchmark_list,False,False,False,False,,,,,,,,,,,,
^GSPC,^GSPC,index,benchmark_list,False,False,False,False,,,,,,,,,,,,
^SP500TR,^SP500TR,index,benchmark_list,False,False,False,False,,,,,,,,,,,,
^VIX,^VIX,index,benchmark_list,False,False,False,False,,,,,,,,,,,,
^IRX,^IRX,rate,benchmark_list,False,False,False,False,,,,,,,,,,,,
^TNX,^TNX,rate,benchmark_list,False,False,False,False,,,,,,,,,,,,
CSPX.L,CSPX.L,ucits_etf,benchmark_list,False,False,False,False,,,,,,,,,,,,
IUSA.L,IUSA.L,ucits_etf,benchmark_list,False,False,False,False,,,,,,,,,,,,
SPXS.L,SPXS.L,ucits_etf,benchmark_list,False,False,False,False,,,,,,,,,,,,
SPY5.L,SPY5.L,ucits_etf,benchmark_list,False,False,False,False,,,,,,,,,,,,
VUAA.L,VUAA.L,ucits_etf,benchmark_list,False,False,False,False,,,,,,,,,,,,
