cik,sec_name,sic,sic_description,entity_type,category,fiscal_year_end,state_of_incorporation,sec_tickers,sec_exchanges,former_names,ticker
6201,American Airlines Group Inc.,4512,"Air Transportation, Scheduled",operating,Large accelerated filer,1231,DE,AAL,Nasdaq,AMR CORP (1994-05-16..2013-12-09),AAL
1158449,ADVANCE AUTO PARTS INC,5531,Retail-Auto & Home Supply Stores,operating,Large accelerated filer,0102,DE,AAP,NYSE,,AAP
1703056,ADT Inc.,7381,"Services-Detective, Guard & Armored Car Services",operating,Large accelerated filer,1231,DE,ADT,NYSE,"ADT Inc. (2017-10-26..2026-08-31) | ADT, Inc. (2017-09-28..2018-01-30) | Prime Security Services Parent, Inc. (2017-04-11..2017-04-11)",ADT
922864,APARTMENT INVESTMENT & MANAGEMENT CO,6798,Real Estate Investment Trusts,operating,Large accelerated filer,1231,MD,AIV,NYSE,,AIV
766421,"ALASKA AIR GROUP, INC.",4512,"Air Transportation, Scheduled",operating,Large accelerated filer,1231,DE,ALK,NYSE,ALASKA AIR GROUP INC (1994-02-15..2012-05-18),ALK
1004434,"AFFILIATED MANAGERS GROUP, INC.",6282,Investment Advice,operating,Large accelerated filer,1231,DE,AMG;MGR;MGRB;MGRD;MGRE,NYSE;NYSE;NYSE;NYSE;NYSE,AFFILIATED MANAGERS GROUP INC (1997-10-20..2013-09-20),AMG
2011286,"Amentum Holdings, Inc.",7389,"Services-Business Services, NEC",operating,Large accelerated filer,1002,DE,AMTM,NYSE,Amazon Holdco Inc. (2024-03-07..2024-09-18),AMTM
350698,"AUTONATION, INC.",5500,Retail-Auto Dealers & Gasoline Stations,operating,Large accelerated filer,1231,DE,AN,NYSE,AUTONATION INC /FL (1999-06-04..2009-08-06) | REPUBLIC INDUSTRIES INC (1995-12-22..1999-02-16) | REPUBLIC WASTE INDUSTRIES INC (1995-10-31..1995-09-21),AN
1018840,ABERCROMBIE & FITCH CO /DE/,5651,Retail-Family Clothing Stores,operating,Large accelerated filer,0130,OH,ANF,NYSE,ABERCROMBIE & FITCH CO /DE/ (1996-09-26..2026-09-09),ANF
2080921,ARKO Petroleum Corp.,5172,Wholesale-Petroleum & Petroleum Products (No Bulk Stations),operating,Non-accelerated filer,1231,DE,APC,Nasdaq,,APC
1018963,ATI INC,3317,Steel Pipe & Tubes,operating,Large accelerated filer,1228,DE,ATI,NYSE,ALLEGHENY TECHNOLOGIES INC (1999-12-13..2022-06-22) | ALLEGHENY TELEDYNE INC (1996-07-17..1999-08-25),ATI
1144215,ACUITY INC. (DE),3640,Electric Lighting & Wiring Equipment,operating,Large accelerated filer,0831,DE,AYI,NYSE,ACUITY BRANDS INC (2001-11-30..2025-04-17) | L&C SPINCO INC (2001-07-13..2001-10-29),AYI
1108134,Beacon Financial Corp,6036,"Savings Institutions, Not Federally Chartered",operating,Large accelerated filer,1231,DE,BBT,NYSE,BERKSHIRE HILLS BANCORP INC (2000-08-11..2025-08-25),BBT
701985,"Bath & Body Works, Inc.",5990,"Retail-Retail Stores, NEC",operating,Large accelerated filer,0130,DE,BBWI,NYSE,"L Brands, Inc. (2013-04-02..2021-07-30) | LIMITED BRANDS INC (2002-06-17..2013-03-22) | LIMITED INC (1994-06-13..2002-06-12)",BBWI
1745999,Beam Therapeutics Inc.,2836,"Biological Products, (No Diagnostic Substances)",operating,Large accelerated filer,1231,DE,BEAM,Nasdaq,Beam Therapeutics Inc. (2018-08-09..2026-09-25),BEAM
1685040,"Brighthouse Financial, Inc.",6311,Life Insurance,operating,Large accelerated filer,1231,DE,BHF;BHFAL;BHFAM;BHFAN;BHFAO;BHFAP,Nasdaq;Nasdaq;Nasdaq;Nasdaq;Nasdaq;Nasdaq,,BHF
12208,"BIO-RAD LABORATORIES, INC.",3826,Laboratory Analytical Instruments,operating,Large accelerated filer,1231,DE,BIO;BIO-B,NYSE;NYSE,BIO RAD LABORATORIES INC (1994-05-12..2018-06-18),BIO
1316835,"Builders FirstSource, Inc.",5211,Retail-Lumber & Other Building Materials Dealers,operating,Large accelerated filer,1231,DE,BLDR,NYSE,,BLDR
908255,BORGWARNER INC,3714,Motor Vehicle Parts & Accessories,operating,Large accelerated filer,1231,DE,BWA,NYSE,BORG WARNER AUTOMOTIVE INC (1995-02-15..2000-02-15),BWA
23217,CONAGRA BRANDS INC.,2000,Food and Kindred Products,operating,Large accelerated filer,0530,DE,CAG,NYSE,CONAGRA FOODS INC /DE/ (2000-10-11..2016-10-21) | CONAGRA INC /DE/ (1994-04-22..2000-06-30),CAG
1650107,COCA-COLA EUROPACIFIC PARTNERS plc,2086,Bottled & Canned Soft Drinks & Carbonated Waters,other,Large accelerated filer,1231,X0,CCEP,Nasdaq,COCA-COLA EUROPEAN PARTNERS plc (2016-01-12..2021-05-10) | COCA-COLA EUROPEAN PARTNERS LTD (2015-08-19..2016-04-11) | Spark Orange Ltd (2015-08-06..2015-08-06),CCEP
1306830,Celanese Corp,2820,"Plastic Material, Synth Resin/Rubber, Cellulos (No Glass)",operating,Large accelerated filer,1231,DE,CE,NYSE,,CE
764065,CLEVELAND-CLIFFS INC.,1000,Metal Mining,operating,Large accelerated filer,1231,OH,CLF,NYSE,CLIFFS NATURAL RESOURCES INC. (2008-09-03..2017-08-14) | CLEVELAND CLIFFS INC (1994-03-25..2008-10-15),CLF
1070412,CNX Resources Corp,1311,Crude Petroleum & Natural Gas,operating,Large accelerated filer,1231,DE,CNX,NYSE,CONSOL ENERGY INC (2005-01-27..2017-11-17) | CONSOL Energy Inc (2005-01-27..2017-11-17),CNX
1024305,COTY INC.,2844,"Perfumes, Cosmetics & Other Toilet Preparations",operating,Large accelerated filer,0630,,COTY,NYSE,COTY INC / (2007-03-23..2013-06-13),COTY
16732,CAMPBELL'S Co,2000,Food and Kindred Products,operating,Large accelerated filer,0803,NJ,CPB,Nasdaq,CAMPBELL SOUP CO (1994-12-14..2024-11-12),CPB
1530721,Capri Holdings Ltd,3100,Leather & Leather Products,operating,Large accelerated filer,0329,D8,CPRI,NYSE,Michael Kors Holdings Ltd (2011-12-02..2018-12-21),CPRI
827099,Ocean Thermal Energy Corp,4931,Electric & Other Services Combined,operating,Non-accelerated filer<br>Smaller reporting company,1231,NV,CPWR,OTC,TETRIDYN SOLUTIONS INC (2006-06-07..2017-05-08) | CREATIVE VENDING CORP (1996-10-24..2006-05-24),CPWR
1590895,"Caesars Entertainment, Inc.",7011,Hotels & Motels,operating,Large accelerated filer,1231,DE,CZR,Nasdaq,"Eldorado Resorts, Inc. (2014-09-19..2020-07-17) | Eclair Holdings Co (2013-11-04..2014-09-19)",CZR
1688568,DXC Technology Co,7374,Services-Computer Processing & Data Preparation,operating,Large accelerated filer,0331,NV,DXC,NYSE,"Everett SpinCo, Inc. (2016-11-02..2017-03-31)",DXC
1818794,"Dyne Therapeutics, Inc.",2834,Pharmaceutical Preparations,operating,Large accelerated filer,1231,DE,DYN,Nasdaq,,DYN
915389,EASTMAN CHEMICAL CO,2821,"Plastic Materials, Synth Resins & Nonvulcan Elastomers",operating,Large accelerated filer,1231,DE,EMN,NYSE,,EMN
1463101,"Enphase Energy, Inc.",3674,Semiconductors & Related Devices,operating,Large accelerated filer,1231,DE,ENPH,Nasdaq,,ENPH
887396,EMPIRE PETROLEUM CORP,1311,Crude Petroleum & Natural Gas,operating,Non-accelerated filer<br>Smaller reporting company,1231,DE,EP,NYSE,AMERICOMM RESOURCES CORP (1996-05-08..2001-08-27),EP
1352010,"EPAM Systems, Inc.",7371,Services-Computer Programming Services,operating,Large accelerated filer,1231,DE,EPAM,NYSE,EPAM SYSTEMS INC (2006-01-31..2007-12-12),EPAM
1746466,"Equillium, Inc.",2834,Pharmaceutical Preparations,operating,Non-accelerated filer<br>Smaller reporting company,1231,DE,EQ,Nasdaq,,EQ
1370637,ETSY INC,7389,"Services-Business Services, NEC",operating,Large accelerated filer,1231,DE,ETSY,NYSE,,ETSY
1650132,"Four Corners Property Trust, Inc.",6798,Real Estate Investment Trusts,operating,Large accelerated filer,1231,MD,FCPT,NYSE,,FCPT
36966,FIRST HORIZON CORP,6021,National Commercial Banks,operating,Large accelerated filer,1231,TN,FHN;FHN-PE;FHN-PF;FHN-PH,NYSE;NYSE;NYSE;NYSE,FIRST HORIZON NATIONAL CORP (2004-04-22..2020-11-25) | FIRST TENNESSEE NATIONAL CORP (1994-01-31..2004-04-22),FHN
1124198,FLUOR CORP,1600,Heavy Construction Other Than Bldg Const - Contractors,operating,Large accelerated filer,1231,DE,FLR,NYSE,,FLR
30625,FLOWSERVE CORP,3561,Pumps & Pumping Equipment,operating,Large accelerated filer,1231,NY,FLS,NYSE,DURCO INTERNATIONAL INC (1997-07-23..1997-05-15) | DURIRON CO INC (1994-05-13..1997-03-14),FLS
37785,FMC CORP,2800,Chemicals & Allied Products,operating,Large accelerated filer,1231,DE,FMC,NYSE,,FMC
883569,"Fossil Group, Inc.",3873,"Watches, Clocks, Clockwork Operated Devices/Parts",operating,Accelerated filer<br>Smaller reporting company,1231,DE,FOSL,Nasdaq,FOSSIL INC (1995-02-09..2013-05-24) | FOSSIL INCORPORATED (1994-02-14..1994-02-14),FOSL
1681459,TechnipFMC plc,3533,Oil & Gas Field Machinery & Equipment,operating,Large accelerated filer,1231,X0,FTI,NYSE,TechnipFMC Ltd (2016-08-10..2016-12-21),FTI
104889,Graham Holdings Co,8200,Services-Educational Services,operating,Large accelerated filer,1231,DE,GHC,NYSE,WASHINGTON POST CO (1994-06-24..2013-11-18),GHC
1326380,GameStop Corp.,5734,Retail-Computer & Computer Software Stores,operating,Large accelerated filer,0130,DE,GME;GME-WT,NYSE;NYSE,GSC Holdings Corp. (2005-05-23..2005-10-11),GME
1276520,GENWORTH FINANCIAL INC,6311,Life Insurance,operating,Large accelerated filer,1231,DE,GNW,NYSE,,GNW
42582,GOODYEAR TIRE & RUBBER CO /OH/,3011,Tires & Inner Tubes,operating,Large accelerated filer,1231,OH,GT,Nasdaq,,GT
793952,"HARLEY-DAVIDSON, INC.",3751,"Motorcycles, Bicycles & Parts",operating,Large accelerated filer,1231,WI,HOG,NYSE,HARLEY DAVIDSON INC (1994-06-27..2019-06-14),HOG
46765,"Helmerich & Payne, Inc.",1381,Drilling Oil & Gas Wells,operating,Large accelerated filer,0930,DE,HP,NYSE,HELMERICH & PAYNE INC (1994-01-26..2015-08-07),HP
12659,H&R BLOCK INC,7200,Services-Personal Services,operating,Large accelerated filer,0630,MO,HRB,NYSE,,HRB
1111928,IPG PHOTONICS CORP,3674,Semiconductors & Related Devices,operating,Large accelerated filer,1231,DE,IPGP,Nasdaq,,IPGP
216228,ITT INC.,3561,Pumps & Pumping Equipment,operating,Large accelerated filer,1231,,ITT,NYSE,ITT CORP (2010-03-09..2016-05-16) | ITT Corp (2010-03-09..2016-05-16) | ITT INDUSTRIES INC (1995-12-21..2006-06-29),ITT
96223,Jefferies Financial Group Inc.,6211,"Security Brokers, Dealers & Flotation Companies",operating,Large accelerated filer,1130,NY,JEF,NYSE,Jefferies Financial Group Inc. (2018-05-23..2026-09-25) | LEUCADIA NATIONAL CORP (1994-06-01..2018-05-15),JEF
795266,KB HOME,1531,Operative Builders,operating,Large accelerated filer,1130,DE,KBH,NYSE,KAUFMAN & BROAD HOME CORP (1994-02-11..2001-01-05),KBH
2055116,Kestrel Group Ltd,6331,"Fire, Marine & Casualty Insurance",operating,Accelerated filer<br>Smaller reporting company,1231,D0,KG,Nasdaq,Ranger Bermuda Topco Ltd (2025-03-10..2025-05-29),KG
1170010,CARMAX INC,5500,Retail-Auto Dealers & Gasoline Stations,operating,Large accelerated filer,0228,VA,KMX,NYSE,,KMX
885639,KOHLS Corp,5311,Retail-Department Stores,operating,Large accelerated filer,0129,WI,KSS,NYSE,KOHLS CORPORATION (1995-04-04..2010-12-09),KSS
1995807,LandBridge Co LLC,6792,Oil Royalty Traders,operating,Large accelerated filer,1231,DE,LB,NYSE,,LB
1788451,Ethos Technologies Inc.,6411,"Insurance Agents, Brokers & Service",operating,<br>Emerging growth company,1231,DE,LIFE,Nasdaq,,LIFE
1065696,LKQ CORP,5010,Wholesale-Motor Vehicles & Motor Vehicle Parts & Supplies,operating,Large accelerated filer,1231,DE,LKQ,Nasdaq,LKQ CORP (2003-07-28..2026-09-02),LKQ
59558,LINCOLN NATIONAL CORP,6311,Life Insurance,operating,Large accelerated filer,1231,IN,LNC;LNC-PD,NYSE;NYSE,LINCOLN NATIONAL CORP ET AL (1994-08-01..1994-08-16),LNC
18926,"Lumen Technologies, Inc.",4813,Telephone Communications (No Radiotelephone),operating,Large accelerated filer,1231,LA,LUMN,NYSE,"CENTURYLINK, INC (2010-11-09..2021-01-20) | CENTURYTEL INC (1999-07-09..2010-11-08) | CENTURY TELEPHONE ENTERPRISES INC (1994-01-28..1999-05-14)",LUMN
1679273,"Lamb Weston Holdings, Inc.",2030,"Canned, Frozen & Preservd Fruit, Veg & Food Specialties",operating,Large accelerated filer,0531,DE,LW,NYSE,,LW
794367,"Macy's, Inc.",5311,Retail-Department Stores,operating,Large accelerated filer,0201,DE,M,NYSE,FEDERATED DEPARTMENT STORES INC /DE/ (1995-05-31..2007-05-31),M
912242,MACERICH CO,6798,Real Estate Investment Trusts,operating,Large accelerated filer,1231,MD,MAC,NYSE,,MAC
63276,MATTEL INC /DE/,3942,Dolls & Stuffed Toys,operating,Large accelerated filer,1231,DE,MAT,Nasdaq,,MAT
814585,MBIA INC,6351,Surety Insurance,operating,Non-accelerated filer<br>Smaller reporting company,1231,CT,MBI,NYSE,,MBI
851968,MOHAWK INDUSTRIES INC,2273,Carpets & Rugs,operating,Large accelerated filer,1231,DE,MHK,NYSE,MOHAWK INDUSTRIES INC. (1995-02-08..1995-02-08),MHK
1958713,NFT Ltd,6199,Finance Services,other,Non-accelerated filer,1231,E9,MI,NYSE,,MI
1278021,MARKETAXESS HOLDINGS INC,6211,"Security Brokers, Dealers & Flotation Companies",operating,Large accelerated filer,1231,,MKTX,Nasdaq,MARKETAXESS HOLDINGS INC (2004-05-07..2026-09-18) | MARKETAXESS HOLDING INC (2004-02-11..2004-04-01),MKTX
1578732,"Marcus & Millichap, Inc.",6531,Real Estate Agents & Managers (For Others),operating,Large accelerated filer,1231,,MMI,NYSE,,MMI
1179929,"MOLINA HEALTHCARE, INC.",6324,Hospital & Medical Service Plans,operating,Large accelerated filer,1231,DE,MOH,NYSE,MOLINA HEALTHCARE INC (2002-12-30..2019-07-03),MOH
891103,"Match Group, Inc.",7370,"Services-Computer Programming, Data Processing, Etc.",operating,Large accelerated filer,1231,DE,MTCH,Nasdaq,IAC/INTERACTIVECORP (2004-07-14..2020-07-01) | INTERACTIVECORP (2003-05-09..2004-07-12) | USA INTERACTIVE (2002-05-10..2003-06-20) | USA NETWORKS INC (1998-09-25..2002-05-06) | HSN INC (1997-07-28..1998-02-04) | SILVER KING COMMUNICATIONS INC (1995-12-08..1996-12-24),MTCH
61986,MANITOWOC CO INC,3531,Construction Machinery & Equip,operating,Accelerated filer,1231,WI,MTW,NYSE,,MTW
717423,MURPHY OIL CORP,1311,Crude Petroleum & Natural Gas,operating,Large accelerated filer,1231,DE,MUR,NYSE,MURPHY OIL CORP /DE (1994-02-14..2019-07-12),MUR
1593538,NAVIENT CORP,6211,"Security Brokers, Dealers & Flotation Companies",operating,Large accelerated filer,1231,DE,NAVI;JSM,Nasdaq;Nasdaq,New Corp (2013-12-06..2014-02-28),NAVI
1163739,NABORS INDUSTRIES LTD,1381,Drilling Oil & Gas Wells,operating,Accelerated filer,1231,D0,NBR,NYSE,,NBR
1895262,Noble Corp plc,1381,Drilling Oil & Gas Wells,operating,Large accelerated filer,1231,X0,NE;NE-WT;NE-WTA,NYSE;NYSE;NYSE,Noble Finco Ltd (2021-12-20..2022-05-10),NE
906709,NEKTAR THERAPEUTICS,2834,Pharmaceutical Preparations,operating,Non-accelerated filer<br>Smaller reporting company,1231,DE,NKTR,Nasdaq,INHALE THERAPEUTIC SYSTEMS INC (1998-10-15..2003-01-10) | INHALE THERAPEUTIC SYSTEMS (1996-07-11..1998-05-14),NKTR
1021860,NOV Inc.,3533,Oil & Gas Field Machinery & Equipment,operating,Large accelerated filer,1231,DE,NOV,NYSE,NATIONAL OILWELL VARCO INC (2005-03-11..2020-12-22) | NATIONAL OILWELL INC (1996-10-04..2005-03-08),NOV
814453,NEWELL BRANDS INC.,3089,"Plastics Products, NEC",operating,Large accelerated filer,1231,DE,NWL,Nasdaq,"NEWELL BRANDS, INC. (2019-10-17..2019-10-25) | NEWELL BRANDS INC (2016-02-11..2019-10-09) | NEWELL RUBBERMAID INC (1999-09-29..2016-04-15) | NEWELL CO (1995-08-10..1999-03-23)",NWL
71691,NEW YORK TIMES CO,2711,Newspapers: Publishing or  Publishing & Printing,operating,Large accelerated filer,1231,NY,NYT,NYSE,,NYT
1821825,Organon & Co.,2834,Pharmaceutical Preparations,operating,Large accelerated filer,1231,,OGN,NYSE,,OGN
812074,"O-I Glass, Inc. /DE/",3221,Glass Containers,operating,Large accelerated filer,1231,DE,OI,NYSE,OWENS ILLINOIS INC /DE/ (1994-01-07..2019-12-19),OI
1826011,"Banzai International, Inc.",7372,Services-Prepackaged Software,operating,Non-accelerated filer<br>Smaller reporting company,1231,DE,PARA;PARAW,Nasdaq;Nasdaq,7GC & Co. Holdings Inc. (2020-10-23..2023-12-15),PARA
1590955,"Paycom Software, Inc.",7372,Services-Prepackaged Software,operating,Large accelerated filer,1231,DE,PAYC,NYSE,,PAYC
78814,PITNEY BOWES INC /DE/,3579,"Office Machines, NEC",operating,Large accelerated filer,1231,DE,PBI;PBI-PB,NYSE;NYSE,,PBI
921738,"PENN Entertainment, Inc.",7011,Hotels & Motels,operating,Large accelerated filer,1231,PA,PENN,Nasdaq,PENN NATIONAL GAMING INC (1996-06-24..2022-06-15),PENN
1877971,POMDOCTOR Ltd,5900,Retail-Miscellaneous Retail,other,Non-accelerated filer<br>Emerging growth company,1231,E9,POM,Nasdaq,,POM
945841,POOL CORP,5090,Wholesale-Misc Durable Goods,operating,Large accelerated filer,1231,DE,POOL,Nasdaq,SCP POOL CORP (1996-08-26..2006-05-11),POOL
1585364,PERRIGO Co plc,2834,Pharmaceutical Preparations,operating,Large accelerated filer,1231,L2,PRGO,NYSE,PERRIGO Co Ltd (2013-08-28..2013-11-12),PRGO
78239,PVH CORP. /DE/,2320,"Men's & Boys' Furnishgs, Work Clothg, & Allied Garments",operating,Large accelerated filer,0131,DE,PVH,NYSE,PHILLIPS VAN HEUSEN CORP /DE/ (1994-06-17..2011-06-23),PVH
1604778,"Qorvo, Inc.",3674,Semiconductors & Related Devices,operating,Large accelerated filer,0403,DE,QRVO,Nasdaq,"Rocky Holding, Inc. (2014-04-14..2014-10-08)",QRVO
85961,RYDER SYSTEM INC,7510,Services-Auto Rental & Leasing (No Drivers),operating,Large accelerated filer,1231,FL,R,NYSE,,R
315213,ROBERT HALF INC.,7363,Services-Help Supply Services,operating,Large accelerated filer,1231,DE,RHI,NYSE,ROBERT HALF INTERNATIONAL INC. (2019-07-23..2023-05-19) | HALF ROBERT INTERNATIONAL INC /DE/ (1994-05-09..2019-05-29),RHI
1451505,Transocean Ltd.,1381,Drilling Oil & Gas Wells,operating,Large accelerated filer,1231,V8,RIG,NYSE,,RIG
315852,RANGE RESOURCES CORP,1311,Crude Petroleum & Natural Gas,operating,Large accelerated filer,1231,DE,RRC,NYSE,LOMAK PETROLEUM INC (1994-03-28..1998-07-16),RRC
1583708,"SentinelOne, Inc.",7372,Services-Prepackaged Software,operating,Large accelerated filer,0131,DE,S,NYSE,"Sentinel Labs, Inc. (2013-08-06..2021-06-08)",S
1703399,Sea Ltd,7380,Services-Miscellaneous Business Services,other,Large accelerated filer,1231,E9,SE,NYSE,Sea Ltd (2017-04-24..2026-09-25),SE
1419612,"SOLAREDGE TECHNOLOGIES, INC.",3674,Semiconductors & Related Devices,operating,Large accelerated filer,1231,DE,SEDG,Nasdaq,SolarEdge Technologies Inc (2007-11-21..2019-08-08),SEDG
1778922,"SpyGlass Pharma, Inc.",3841,Surgical & Medical Instruments & Apparatus,operating,Non-accelerated filer<br>Smaller reporting company<br>Emerging growth company,1231,DE,SGP,Nasdaq,"SpyGlassPharma, Inc. (2023-07-11..2025-06-05) | SpyGlass Ophthalmics, Inc. (2019-06-05..2021-01-05)",SGP
832988,SIGNET JEWELERS LTD,5944,Retail-Jewelry Stores,operating,Large accelerated filer,0201,,SIG,NYSE,SIGNET GROUP PLC (1997-09-11..2008-09-11),SIG
1512920,SPROTT INC.,6199,Finance Services,other,<br>Emerging growth company,,A6,SII,NYSE,,SII
1040971,SL GREEN REALTY CORP,6798,Real Estate Investment Trusts,operating,Large accelerated filer,1231,MD,SLG;SLG-PI,NYSE;NYSE,,SLG
1032033,SLM Corp,6141,Personal Credit Institutions,operating,Large accelerated filer,1231,DE,SLM;SLMBP,Nasdaq;Nasdaq,USA EDUCATION INC (2000-11-07..2002-05-15) | SLM HOLDING CORP (1997-04-01..2000-06-14),SLM
2064953,Solstice Advanced Materials Inc.,2800,Chemicals & Allied Products,operating,Non-accelerated filer,1231,DE,SOLS,Nasdaq,"Solstice Advanced Materials, LLC (2025-05-01..2025-08-21)",SOLS
1881551,Solidion Technology Inc.,3690,"Miscellaneous Electrical Machinery, Equipment & Supplies",operating,<br>Emerging growth company,1231,DE,STI,Nasdaq,Nubia Brand International Corp. (2021-09-27..2024-02-02),STI
1552275,Sunoco LP,2911,Petroleum Refining,operating,Large accelerated filer,1231,OK,SUN,NYSE,Susser Petroleum Partners LP (2012-06-22..2014-10-27),SUN
24545,MOLSON COORS BEVERAGE CO,2082,Malt Beverages,operating,Large accelerated filer,1231,DE,TAP-A;TAP,NYSE;NYSE,MOLSON COORS BREWING CO (2005-02-07..2019-11-26) | COORS ADOLPH CO (1994-03-28..2005-02-08),TAP
816761,TERADATA CORP /DE/,7372,Services-Prepackaged Software,operating,Large accelerated filer,1231,,TDC,NYSE,TERADATA CORP /DE/ (2007-05-10..2026-09-17),TDC
1992243,T1 Energy Inc.,3674,Semiconductors & Related Devices,operating,Non-accelerated filer<br>Smaller reporting company,1231,DE,TE,NYSE,"FREYR Battery, Inc. /DE/ (2023-09-08..2025-02-14)",TE
96943,TELEFLEX INC,3841,Surgical & Medical Instruments & Apparatus,operating,Large accelerated filer,1231,DE,TFX,NYSE,,TFX
70318,TENET HEALTHCARE CORP,8062,"Services-General Medical & Surgical Hospitals, NEC",operating,Large accelerated filer,1231,NV,THC,NYSE,NATIONAL MEDICAL ENTERPRISES INC /NV/ (1994-08-26..1995-03-27),THC
1526520,"TripAdvisor, Inc.",7370,"Services-Computer Programming, Data Processing, Etc.",operating,Large accelerated filer,1231,DE,TRIP,Nasdaq,,TRIP
1671933,"Trade Desk, Inc.",7370,"Services-Computer Programming, Data Processing, Etc.",operating,Large accelerated filer,1231,NV,TTD,Nasdaq,,TTD
1336917,"Under Armour, Inc.",2300,Apparel & Other Finishd Prods of  Fabrics & Similar Matl,operating,Large accelerated filer,0331,MD,UAA;UA,NYSE;NYSE,,UAA
5513,Unum Group,6321,Accident & Health Insurance,operating,Large accelerated filer,1231,DE,UNM;UNMA,NYSE;NYSE,UNUMPROVIDENT CORP (1999-08-05..2007-04-10) | PROVIDENT COMPANIES INC /DE/ (1996-12-13..1999-07-01) | PROVIDENT COMPANIES INC /TN/ (1996-05-09..1996-12-03) | PROVIDENT LIFE & ACCIDENT INSURANCE CO OF AMERICA (1995-08-30..1996-01-09),UNM
912615,URBAN OUTFITTERS INC,5651,Retail-Family Clothing Stores,operating,Large accelerated filer,0131,PA,URBN,Nasdaq,,URBN
103379,V F CORP,2320,"Men's & Boys' Furnishgs, Work Clothg, & Allied Garments",operating,Large accelerated filer,0328,PA,VFC,NYSE,V F CORP/NC (2002-03-20..2002-02-15) | V F CORP /PA/ (1994-04-29..2001-01-10),VFC
912093,VIAVI SOLUTIONS INC.,3674,Semiconductors & Related Devices,operating,Large accelerated filer,0627,DE,VIAV,Nasdaq,JDS UNIPHASE CORP /CA/ (1999-11-15..2015-07-16) | UNIPHASE CORP /CA/ (1996-02-14..1999-07-12),VIAV
899689,VORNADO REALTY TRUST,6798,Real Estate Investment Trusts,operating,Large accelerated filer,1231,MD,VNO;VNORP;VNO-PL;VNO-PM;VNO-PN;VNO-PO,NYSE;OTC;NYSE;NYSE;NYSE;NYSE,,VNO
1786842,Vontier Corp,3824,Totalizing Fluid Meters & Counting Devices,operating,Large accelerated filer,1231,DE,VNT,NYSE,TTF Holdings Corp. (2019-09-06..2019-11-15),VNT
1595761,WEIBO Corp,7370,"Services-Computer Programming, Data Processing, Etc.",other,Large accelerated filer,1231,E9,WB;WEIBF,Nasdaq;OTC,,WB
106640,WHIRLPOOL CORP /DE/,3630,Household Appliances,operating,Large accelerated filer,1231,DE,WHR;WHR-PA,NYSE;NYSE,,WHR
1365135,Western Union CO,7389,"Services-Business Services, NEC",operating,Large accelerated filer,1231,DE,WU,NYSE,,WU
818479,DENTSPLY SIRONA Inc.,3843,Dental Equipment & Supplies,operating,Large accelerated filer,1231,DE,XRAY,Nasdaq,DENTSPLY INTERNATIONAL INC /DE/ (1995-02-13..2016-02-29),XRAY
1770450,Xerox Holdings Corp,3577,"Computer Peripheral Equipment, NEC",operating,Large accelerated filer,1231,CT,XRX;XRXDW,Nasdaq;Nasdaq,,XRX
109380,"ZIONS BANCORPORATION, NATIONAL ASSOCIATION /UT/",6021,National Commercial Banks,operating,Large accelerated filer,1231,UT,ZION;ZIONP,Nasdaq;Nasdaq,ZIONS BANCORPORATION /UT/ (1994-03-29..2018-09-17),ZION
1090872,"AGILENT TECHNOLOGIES, INC.",3826,Laboratory Analytical Instruments,operating,Large accelerated filer,1031,DE,A,NYSE,AGILENT TECHNOLOGIES INC (1999-11-12..2019-09-16),A
320193,Apple Inc.,3571,Electronic Computers,operating,Large accelerated filer,0926,CA,AAPL,Nasdaq,APPLE INC (2007-01-10..2019-08-05) | APPLE COMPUTER INC (1994-01-26..2007-01-04) | APPLE COMPUTER INC/ FA (1997-07-28..1997-07-28),AAPL
1551152,AbbVie Inc.,2834,Pharmaceutical Preparations,operating,Large accelerated filer,1231,DE,ABBV,NYSE,,ABBV
1559720,"Airbnb, Inc.",7340,Services-To Dwellings & Other Buildings,operating,Large accelerated filer,1231,DE,ABNB,Nasdaq,"Airbnb, Inc. (2012-10-24..2026-09-17)",ABNB
1800,ABBOTT LABORATORIES,2834,Pharmaceutical Preparations,operating,Large accelerated filer,1231,IL,ABT,NYSE,,ABT
947484,ARCH CAPITAL GROUP LTD.,6331,"Fire, Marine & Casualty Insurance",operating,Large accelerated filer,1231,,ACGL;ACGLN;ACGLO,Nasdaq;Nasdaq;Nasdaq,ARCH CAPITAL GROUP LTD (2000-05-15..2005-03-10) | RISK CAPITAL HOLDINGS INC (1996-11-07..2000-03-16),ACGL
1467373,Accenture plc,7389,"Services-Business Services, NEC",operating,Large accelerated filer,0831,L2,ACN,NYSE,Accenture plc (2009-09-01..2026-09-08),ACN
796343,ADOBE INC.,7372,Services-Prepackaged Software,operating,Large accelerated filer,1127,DE,ADBE,Nasdaq,ADOBE SYSTEMS INC (1994-09-09..2018-10-03),ADBE
6281,ANALOG DEVICES INC,3674,Semiconductors & Related Devices,operating,Large accelerated filer,1031,MA,ADI,Nasdaq,,ADI
7084,Archer-Daniels-Midland Co,2070,Fats & Oils,operating,Large accelerated filer,1231,DE,ADM,NYSE,Archer-Daniels-Midland Co (2019-06-05..2026-09-11) | ARCHER DANIELS MIDLAND CO (1994-08-31..2019-05-07),ADM
8670,AUTOMATIC DATA PROCESSING INC,7374,Services-Computer Processing & Data Preparation,operating,Large accelerated filer,0630,DE,ADP,Nasdaq,,ADP
769397,"Autodesk, Inc.",7372,Services-Prepackaged Software,operating,Large accelerated filer,0131,DE,ADSK,Nasdaq,AUTODESK INC (1994-09-14..2019-09-25),ADSK
1002910,AMEREN CORP,4931,Electric & Other Services Combined,operating,Large accelerated filer,1231,MO,AEE,NYSE,,AEE
4904,AMERICAN ELECTRIC POWER CO INC,4911,Electric Services,operating,Large accelerated filer,1231,NY,AEP,Nasdaq,AMERICAN ELECTRIC POWER COMPANY INC (1994-05-16..2002-01-10),AEP
874761,AES CORP,4991,Cogeneration Services & Small Power Producers,operating,Large accelerated filer,1231,DE,AES,NYSE,AES CORPORATION (1996-10-09..2005-01-11),AES
4977,AFLAC INC,6321,Accident & Health Insurance,operating,Large accelerated filer,1231,GA,AFL,NYSE,,AFL
5272,"AMERICAN INTERNATIONAL GROUP, INC.",6331,"Fire, Marine & Casualty Insurance",operating,Large accelerated filer,1231,DE,AIG,NYSE,AMERICAN INTERNATIONAL GROUP INC (1994-08-12..2021-02-10),AIG
1267238,"ASSURANT, INC.",6399,"Insurance Carriers, NEC",operating,Large accelerated filer,1231,DE,AIZ;AIZN,NYSE;NYSE,ASSURANT INC (2003-10-24..2019-08-22),AIZ
354190,Arthur J. Gallagher & Co.,6411,"Insurance Agents, Brokers & Service",operating,Large accelerated filer,1231,DE,AJG,NYSE,GALLAGHER ARTHUR J & CO (1994-01-25..2019-08-14),AJG
1086222,AKAMAI TECHNOLOGIES INC,7389,"Services-Business Services, NEC",operating,Large accelerated filer,1231,DE,AKAM,Nasdaq,,AKAM
915913,ALBEMARLE CORP,2821,"Plastic Materials, Synth Resins & Nonvulcan Elastomers",operating,Large accelerated filer,1231,VA,ALB;ALB-PA,NYSE;NYSE,,ALB
1097149,ALIGN TECHNOLOGY INC,3842,"Orthopedic, Prosthetic & Surgical Appliances & Supplies",operating,Large accelerated filer,1231,DE,ALGN,Nasdaq,,ALGN
899051,ALLSTATE CORP,6331,"Fire, Marine & Casualty Insurance",operating,Large accelerated filer,1231,DE,ALL;ALL-PH;ALL-PB;ALL-PI;ALL-PJ,NYSE;NYSE;NYSE;NYSE;NYSE,,ALL
1579241,Allegion plc,7381,"Services-Detective, Guard & Armored Car Services",operating,Large accelerated filer,1231,L2,ALLE,NYSE,,ALLE
6951,APPLIED MATERIALS INC /DE,3674,Semiconductors & Related Devices,operating,Large accelerated filer,1026,DC,AMAT,Nasdaq,,AMAT
1748790,Amcor plc,3990,Miscellaneous Manufacturing Industries,operating,Large accelerated filer,0630,Y9,AMCR;AMCCF,NYSE;OTC,ARCTIC JERSEY Ltd (2018-08-06..2018-10-12),AMCR
2488,ADVANCED MICRO DEVICES INC,3674,Semiconductors & Related Devices,operating,Large accelerated filer,1226,DE,AMD,Nasdaq,,AMD
1037868,AMETEK INC/,3823,"Industrial Instruments For Measurement, Display, and Control",operating,Large accelerated filer,1231,DE,AME,NYSE,,AME
318154,AMGEN INC,2836,"Biological Products, (No Diagnostic Substances)",operating,Large accelerated filer,1231,DE,AMGN,Nasdaq,,AMGN
820027,AMERIPRISE FINANCIAL INC,6282,Investment Advice,operating,Large accelerated filer,1231,DE,AMP,NYSE,AMERICAN EXPRESS FINANCIAL CORP (2003-05-14..2005-07-26) | AMERICAN EXPRESS FINANCIAL ADVISORS (1995-10-25..2003-03-10) | IDS FINANCIAL CORP/MN/ (1994-02-14..1995-02-06),AMP
1053507,AMERICAN TOWER CORP /MA/,6798,Real Estate Investment Trusts,operating,Large accelerated filer,1231,DE,AMT,NYSE,AMERICAN TOWER SYSTEMS CORP (1998-02-13..1998-05-08),AMT
1018724,AMAZON COM INC,5961,Retail-Catalog & Mail-Order Houses,operating,Large accelerated filer,1231,DE,AMZN,Nasdaq,,AMZN
1596532,"Arista Networks, Inc.",3576,Computer Communications Equipment,operating,Large accelerated filer,1231,DE,ANET,NYSE,,ANET
315293,Aon plc,6411,"Insurance Agents, Brokers & Service",operating,Large accelerated filer,1231,L2,AON,NYSE,AON CORP (1995-11-14..2012-04-02),AON
91142,SMITH A O CORP,3630,Household Appliances,operating,Large accelerated filer,1231,DE,AOS,NYSE,,AOS
1841666,APA Corp,1311,Crude Petroleum & Natural Gas,operating,Large accelerated filer,1231,DE,APA,Nasdaq,,APA
2969,"Air Products & Chemicals, Inc.",2810,Industrial Inorganic Chemicals,operating,Large accelerated filer,0930,DE,APD,NYSE,AIR PRODUCTS & CHEMICALS INC /DE/ (1994-03-15..2022-04-07),APD
820313,AMPHENOL CORP /DE/,3678,Electronic Connectors,operating,Large accelerated filer,1231,DE,APH,NYSE,,APH
1858681,"Apollo Global Management, Inc.",6282,Investment Advice,operating,Large accelerated filer,1231,DE,APO;APOS,NYSE;NYSE,"Tango Holdings, Inc. (2021-05-07..2021-11-05)",APO
1751008,AppLovin Corp,7370,"Services-Computer Programming, Data Processing, Etc.",operating,Large accelerated filer,1231,DE,APP,Nasdaq,,APP
1521332,Aptiv PLC,3714,Motor Vehicle Parts & Accessories,operating,Large accelerated filer,1231,Y9,APTV,NYSE,Delphi Automotive PLC (2011-05-25..2017-11-29),APTV
1035443,"ALEXANDRIA REAL ESTATE EQUITIES, INC.",6798,Real Estate Investment Trusts,operating,Large accelerated filer,1231,MD,ARE,NYSE,"ALEXANDRIA REAL ESTATE EQUITIES, INC. (2019-08-12..2026-09-24) | ALEXANDRIA REAL ESTATE EQUITIES INC (1997-05-22..2019-08-09)",ARE
1176948,Ares Management Corp,6282,Investment Advice,operating,Large accelerated filer,1231,DE,ARES;ARES-PB,NYSE;NYSE,ARES MANAGEMENT LP (2002-07-01..2018-11-26),ARES
731802,ATMOS ENERGY CORP,4924,Natural Gas Distribution,operating,Large accelerated filer,0930,TX,ATO,NYSE,,ATO
1730168,Broadcom Inc.,3674,Semiconductors & Related Devices,operating,Large accelerated filer,1101,,AVGO,Nasdaq,Broadcom Ltd (2018-02-06..2018-03-09),AVGO
8818,Avery Dennison Corp,2670,Converted Paper & Paperboard Prods (No Contaners/Boxes),operating,Large accelerated filer,1231,DE,AVY,NYSE,AVERY DENNISON CORPORATION (1994-05-19..2011-03-17),AVY
1410636,"American Water Works Company, Inc.",4941,Water Supply,operating,Large accelerated filer,1231,DE,AWK,NYSE,,AWK
1069183,"AXON ENTERPRISE, INC.",3480,"Ordnance & Accessories, (No Vehicles/Guided Missiles)",operating,Large accelerated filer,1231,DE,AXON,Nasdaq,TASER INTERNATIONAL INC (2001-05-07..2017-03-23),AXON
4962,AMERICAN EXPRESS CO,6199,Finance Services,operating,Large accelerated filer,1231,NY,AXP,NYSE,,AXP
866787,AUTOZONE INC,5531,Retail-Auto & Home Supply Stores,operating,Large accelerated filer,0829,NV,AZO,NYSE,AUTOZONE INC (1996-06-10..2026-09-22),AZO
12927,BOEING CO,3721,Aircraft,operating,Large accelerated filer,1231,DE,BA;BA-PA,NYSE;NYSE,,BA
70858,BANK OF AMERICA CORP /DE/,6021,National Commercial Banks,operating,Large accelerated filer,1231,DE,BAC;BML-PG;BML-PL;BAC-PB;BAC-PK;BAC-PE;BAC-PL;BAC-PM;BAC-PN;BAC-PO;BAC-PP;BAC-PQ;BAC-PS;BACRP;BML-PH;BML-PJ;MER-PK,NYSE;NYSE;NYSE;NYSE;NYSE;NYSE;NYSE;NYSE;NYSE;NYSE;NYSE;NYSE;NYSE;OTC;NYSE;NYSE;NYSE,BANKAMERICA CORP/DE/ (1998-10-30..1999-04-23) | NATIONSBANK CORP (1994-05-13..1998-09-28),BAC
9389,BALL Corp,3411,Metal Cans,operating,Large accelerated filer,1231,IN,BALL,NYSE,,BALL
10456,BAXTER INTERNATIONAL INC,3841,Surgical & Medical Instruments & Apparatus,operating,Large accelerated filer,1231,DE,BAX,NYSE,,BAX
764478,BEST BUY CO INC,5731,"Retail-Radio, Tv & Consumer Electronics Stores",operating,Large accelerated filer,0130,MN,BBY,NYSE,,BBY
10795,BECTON DICKINSON & CO,3841,Surgical & Medical Instruments & Apparatus,operating,Large accelerated filer,0930,NJ,BDX,NYSE,,BDX
1664703,Bloom Energy Corp,3620,Electrical Industrial Apparatus,operating,Large accelerated filer,1231,DE,BE,NYSE,,BE
38777,FRANKLIN TEMPLETON INC,6282,Investment Advice,operating,Large accelerated filer,0930,DE,BEN,NYSE,FRANKLIN RESOURCES INC (1994-11-10..2026-08-14),BEN
14693,BROWN FORMAN CORP,2080,Beverages,operating,Large accelerated filer,0430,DE,BF-B;BF-A,NYSE;NYSE,,BF-B
1996862,Bunge Global SA,2070,Fats & Oils,operating,Large accelerated filer,1231,V8,BG,NYSE,,BG
875045,BIOGEN INC.,2836,"Biological Products, (No Diagnostic Substances)",operating,Large accelerated filer,1231,DE,BIIB,Nasdaq,BIOGEN IDEC INC. (2007-01-17..2015-03-20) | BIOGEN IDEC INC (2003-11-12..2007-04-25) | IDEC PHARMACEUTICALS CORP / DE (1997-10-01..2003-11-12) | IDEC PHARMACEUTICALS CORP / CA (1996-07-10..1997-02-14),BIIB
1075531,Booking Holdings Inc.,4700,Transportation Services,operating,Large accelerated filer,1231,DE,BKNG,Nasdaq,Priceline Group Inc. (2014-04-01..2018-02-16) | PRICELINE COM INC (1998-12-23..2014-03-19),BKNG
1701605,Baker Hughes Co,3533,Oil & Gas Field Machinery & Equipment,operating,Large accelerated filer,1231,DE,BKR,Nasdaq,"Baker Hughes a GE Co (2017-04-26..2019-10-10) | Bear Newco, Inc. (2017-03-29..2017-05-30)",BKR
2012383,"BlackRock, Inc.",6211,"Security Brokers, Dealers & Flotation Companies",operating,Large accelerated filer,1231,DE,BLK,NYSE,"BlackRock, Inc. (2024-10-01..2026-09-04) | BlackRock Funding, Inc. /DE (2024-02-20..2024-10-01)",BLK
14272,BRISTOL MYERS SQUIBB CO,2834,Pharmaceutical Preparations,operating,Large accelerated filer,1231,DE,BMY;CELG-RI,NYSE;NYSE,,BMY
1390777,Bank of New York Mellon Corp,6022,State Commercial Banks,operating,Large accelerated filer,1231,DE,BNY;BNY-PK,NYSE;NYSE,,BNY
1383312,"BROADRIDGE FINANCIAL SOLUTIONS, INC.",7389,"Services-Business Services, NEC",operating,Large accelerated filer,0630,DE,BR,NYSE,"BROADRIDGE FINANCIAL SOLUTIONS, INC. (2007-02-25..2026-08-14) | BROADRIDGE FINANCIAL SOLUTIONS, LLC (2007-02-09..2007-03-21) | BSG LLC (2006-12-19..2006-12-19)",BR
1067983,BERKSHIRE HATHAWAY INC,6331,"Fire, Marine & Casualty Insurance",operating,Large accelerated filer,1231,DE,BRK-B;BRK-A,NYSE;NYSE,NBH INC (1998-08-10..1999-01-05),BRK-B
79282,"BROWN & BROWN, INC.",6411,"Insurance Agents, Brokers & Service",operating,Large accelerated filer,0119,FL,BRO,NYSE,"BROWN & BROWN, INC (2017-11-13..2017-11-13) | BROWN & BROWN INC (1999-08-09..2017-11-03) | POE & BROWN INC (1994-02-14..1999-03-15)",BRO
885725,BOSTON SCIENTIFIC CORP,3841,Surgical & Medical Instruments & Apparatus,operating,Large accelerated filer,1231,DE,BSX,NYSE,,BSX
1393818,Blackstone Inc.,6282,Investment Advice,operating,Large accelerated filer,1231,DE,BX,NYSE,Blackstone Inc (2021-08-06..2022-04-07) | Blackstone Group Inc (2019-07-01..2021-08-05) | Blackstone Group L.P. (2007-03-22..2019-06-28),BX
1037540,"BXP, Inc.",6798,Real Estate Investment Trusts,operating,Large accelerated filer,1231,DE,BXP,NYSE,BOSTON PROPERTIES INC (1997-12-16..2024-06-20),BXP
831001,CITIGROUP INC,6021,National Commercial Banks,operating,Large accelerated filer,1231,DE,C;C-PN;C-PR,NYSE;NYSE;NYSE,CITIGROUP INC (1994-02-01..2026-09-25) | TRAVELERS GROUP INC (1995-11-13..1998-09-10) | TRAVELERS INC (1994-02-10..1995-01-30),C
721371,CARDINAL HEALTH INC,5122,"Wholesale-Drugs, Proprietaries & Druggists' Sundries",operating,Large accelerated filer,0630,OH,CAH,NYSE,CARDINAL HEALTH INC (1994-08-19..2026-09-21) | CARDINAL DISTRIBUTION INC (1994-02-16..1994-02-17),CAH
1783180,CARRIER GLOBAL Corp,3585,Air-Cond & Warm Air Heatg Equip & Comm & Indl Refrig Equip,operating,Large accelerated filer,1231,DE,CARR,NYSE,,CARR
726958,CASEYS GENERAL STORES INC,5500,Retail-Auto Dealers & Gasoline Stations,operating,Large accelerated filer,0430,IA,CASY,Nasdaq,,CASY
18230,CATERPILLAR INC,3531,Construction Machinery & Equip,operating,Large accelerated filer,1231,DE,CAT,NYSE,,CAT
896159,Chubb Ltd,6331,"Fire, Marine & Casualty Insurance",operating,Large accelerated filer,1231,V8,CB,NYSE,ACE LTD (2009-12-17..2016-01-15) | ACE Ltd (2009-12-17..2016-01-15),CB
1374310,"Cboe Global Markets, Inc.",6200,"Security & Commodity Brokers, Dealers, Exchanges & Services",operating,Large accelerated filer,1231,DE,CBOE,CBOE,"CBOE Holdings, Inc. (2007-01-25..2017-10-13)",CBOE
1138118,"CBRE GROUP, INC.",6500,Real Estate,operating,Large accelerated filer,1231,DE,CBRE,NYSE,CB RICHARD ELLIS GROUP INC (2004-02-18..2011-09-09) | CB RICHARD ELLIS SERVICES INC (2004-02-17..2004-02-17) | CBRE HOLDING INC (2001-07-16..2003-12-05),CBRE
1051470,CROWN CASTLE INC.,6798,Real Estate Investment Trusts,operating,Large accelerated filer,1231,DE,CCI,NYSE,CROWN CASTLE INTERNATIONAL CORP (1998-01-08..2022-07-25),CCI
815097,Carnival Corp Ltd.,4400,Water Transportation,operating,Large accelerated filer,1130,D0,CCL,NYSE,CARNIVAL CORP (1995-03-21..2026-04-29) | CARNIVAL CRUISE LINES INC (1994-01-21..1994-01-21),CCL
813672,CADENCE DESIGN SYSTEMS INC,7372,Services-Prepackaged Software,operating,Large accelerated filer,1231,DE,CDNS,Nasdaq,,CDNS
1402057,CDW Corp,5961,Retail-Catalog & Mail-Order Houses,operating,Large accelerated filer,1231,DE,CDW,Nasdaq,"VH Holdings, Inc. (2007-06-08..2007-06-08)",CDW
1868275,Constellation Energy Corp,4911,Electric Services,operating,Large accelerated filer,1231,PA,CEG,Nasdaq,"Constellation Newholdco, Inc. (2021-07-26..2021-11-12)",CEG
1324404,"CF Industries Holdings, Inc.",2870,Agricultural Chemicals,operating,Large accelerated filer,1231,DE,CF,NYSE,,CF
759944,CITIZENS FINANCIAL GROUP INC/RI,6022,State Commercial Banks,operating,Large accelerated filer,1231,DE,CFG;CFG-PE;CFG-PH;CFG-PI,NYSE;NYSE;NYSE;NYSE,CITIZENS FINANCIAL GROUP INC/DE (1999-07-01..2000-02-08),CFG
313927,CHURCH & DWIGHT CO INC /DE/,2840,"Soap, Detergents, Cleang Preparations, Perfumes, Cosmetics",operating,Large accelerated filer,1231,DE,CHD,NYSE,,CHD
1043277,"C. H. ROBINSON WORLDWIDE, INC.",4731,Arrangement of  Transportation of  Freight & Cargo,operating,Large accelerated filer,1231,DE,CHRW,Nasdaq,C H ROBINSON WORLDWIDE INC (1997-10-09..2019-07-02),CHRW
1091667,"CHARTER COMMUNICATIONS, INC. /MO/",4841,Cable & Other Pay Television Services,operating,Large accelerated filer,1231,,CHTR;CHTRP,Nasdaq;Nasdaq,CHARTER COMMUNICATIONS INC /MO/ (1999-12-02..2009-12-15),CHTR
1739940,Cigna Group,6324,Hospital & Medical Service Plans,operating,Large accelerated filer,1231,DE,CI,NYSE,"Cigna Corp (2018-12-26..2023-02-09) | Halfmoon Parent, Inc. (2018-05-16..2018-12-20)",CI
936395,CIENA CORP,3661,Telephone & Telegraph Apparatus,operating,Large accelerated filer,1031,MD,CIEN,NYSE,,CIEN
20286,CINCINNATI FINANCIAL CORP,6331,"Fire, Marine & Casualty Insurance",operating,Large accelerated filer,1231,OH,CINF,Nasdaq,,CINF
21665,COLGATE PALMOLIVE CO,2844,"Perfumes, Cosmetics & Other Toilet Preparations",operating,Large accelerated filer,1231,DE,CL,NYSE,COLGATE PALMOLIVE CO (1994-05-18..2026-09-18),CL
21076,CLOROX CO /DE/,2842,"Specialty Cleaning, Polishing and Sanitation Preparations",operating,Large accelerated filer,0630,DE,CLX,NYSE,CLOROX CO /DE/ (1994-03-28..2026-08-07),CLX
1166691,COMCAST CORP,4841,Cable & Other Pay Television Services,operating,Large accelerated filer,1231,PA,CMCSA;CCZ,Nasdaq;NYSE,AT&T COMCAST CORP (2002-04-10..2002-11-18),CMCSA
1156375,CME GROUP INC.,6200,"Security & Commodity Brokers, Dealers, Exchanges & Services",operating,Large accelerated filer,1231,DE,CME,Nasdaq,CHICAGO MERCANTILE EXCHANGE HOLDINGS INC (2001-08-07..2007-07-13),CME
1058090,CHIPOTLE MEXICAN GRILL INC,5812,Retail-Eating  Places,operating,Large accelerated filer,1231,,CMG,NYSE,,CMG
26172,CUMMINS INC,3510,Engines & Turbines,operating,Large accelerated filer,1231,IN,CMI,NYSE,CUMMINS ENGINE CO INC (1994-03-10..2001-08-29),CMI
811156,CMS ENERGY CORP,4931,Electric & Other Services Combined,operating,Large accelerated filer,1231,MI,CMS;CMSA;CMSC;CMSD;CMS-PC,NYSE;NYSE;NYSE;NYSE;NYSE,,CMS
1071739,CENTENE CORP,6324,Hospital & Medical Service Plans,operating,Large accelerated filer,1231,DE,CNC,NYSE,,CNC
1130310,CENTERPOINT ENERGY INC,4911,Electric Services,operating,Large accelerated filer,1231,TX,CNP,NYSE,CENTERPOINT ENERGY INC (2001-12-18..2026-09-14) | RELIANT ENERGY REGCO INC (2001-09-17..2001-09-17),CNP
927628,CAPITAL ONE FINANCIAL CORP,6021,National Commercial Banks,operating,Large accelerated filer,1231,DE,COF;COF-PI;COF-PJ;COF-PK;COF-PL;COF-PN,NYSE;NYSE;NYSE;NYSE;NYSE;NYSE,,COF
820318,COHERENT CORP.,3827,Optical Instruments & Lenses,operating,Large accelerated filer,0630,PA,COHR,NYSE,II-VI INC (1995-10-04..2022-09-01),COHR
1679788,"Coinbase Global, Inc.",6199,Finance Services,operating,Large accelerated filer,1231,TX,COIN,Nasdaq,,COIN
711404,"COOPER COMPANIES, INC.",3851,Ophthalmic Goods,operating,Large accelerated filer,1031,DE,COO,Nasdaq,COOPER COMPANIES INC (1994-08-01..2019-06-26),COO
1163165,CONOCOPHILLIPS,2911,Petroleum Refining,operating,Large accelerated filer,1231,DE,COP,NYSE,CORVETTEPORSCHE CORP (2001-12-07..2001-12-07),COP
1140859,"Cencora, Inc.",5122,"Wholesale-Drugs, Proprietaries & Druggists' Sundries",operating,Large accelerated filer,0930,DE,COR,NYSE,AMERISOURCEBERGEN CORP (2001-10-19..2023-08-15) | AMERISOURCE BERGEN CORP (2001-06-05..2001-10-09),COR
909832,COSTCO WHOLESALE CORP /NEW,5331,Retail-Variety Stores,operating,Large accelerated filer,0830,WA,COST,Nasdaq,COSTCO COMPANIES INC (1997-12-18..1999-06-29) | PRICE/COSTCO INC (1994-01-05..1997-01-06),COST
1175454,"CORPAY, INC.",7389,"Services-Business Services, NEC",operating,Large accelerated filer,1231,DE,CPAY,NYSE,FLEETCOR TECHNOLOGIES INC (2002-06-03..2024-03-14),CPAY
900075,COPART INC,5500,Retail-Auto Dealers & Gasoline Stations,operating,Large accelerated filer,0731,DE,CPRT,Nasdaq,,CPRT
906345,CAMDEN PROPERTY TRUST,6798,Real Estate Investment Trusts,operating,Large accelerated filer,1231,TX,CPT,NYSE,,CPT
849395,CRH PUBLIC LTD CO,3241,"Cement, Hydraulic",operating,Large accelerated filer,1231,L2,CRH,NYSE,,CRH
1100682,"CHARLES RIVER LABORATORIES INTERNATIONAL, INC.",8731,Services-Commercial Physical & Biological Research,operating,Large accelerated filer,1227,,CRL,NYSE,CHARLES RIVER LABORATORIES INTERNATIONAL INC (2000-06-23..2019-05-30) | CHARLES RIVER LABORATORIES HOLDINGS INC (1999-12-08..2000-01-28),CRL
1108524,"Salesforce, Inc.",7372,Services-Prepackaged Software,operating,Large accelerated filer,0131,DE,CRM,NYSE,"SALESFORCE.COM, INC. (2019-06-14..2022-03-31) | SALESFORCE COM INC (2003-12-18..2019-08-05)",CRM
1535527,"CrowdStrike Holdings, Inc.",7372,Services-Prepackaged Software,operating,Large accelerated filer,0131,DE,CRWD,Nasdaq,,CRWD
858877,"CISCO SYSTEMS, INC.",3576,Computer Communications Equipment,operating,Large accelerated filer,0725,DE,CSCO,Nasdaq,"CISCO SYSTEMS, INC. (2011-10-18..2026-09-18) | CISCO SYSTEMS INC (1995-02-13..2011-11-22)",CSCO
1057352,"COSTAR GROUP, INC.",7389,"Services-Business Services, NEC",operating,Large accelerated filer,1231,DE,CSGP,Nasdaq,"COSTAR GROUP, INC. (2019-07-23..2026-08-21) | COSTAR GROUP INC (1999-12-10..2019-06-25) | REALTY INFORMATION GROUP INC (1998-07-17..1999-05-05)",CSGP
277948,CSX CORP,4011,"Railroads, Line-Haul Operating",operating,Large accelerated filer,1231,VA,CSX,Nasdaq,,CSX
723254,CINTAS CORP,2320,"Men's & Boys' Furnishgs, Work Clothg, & Allied Garments",operating,Large accelerated filer,0531,WA,CTAS,Nasdaq,,CTAS
1058290,COGNIZANT TECHNOLOGY SOLUTIONS CORP,7371,Services-Computer Programming Services,operating,Large accelerated filer,1231,,CTSH,Nasdaq,,CTSH
1755672,"Corteva, Inc.",0100,Agricultural Production-Crops,operating,Large accelerated filer,1231,DE,CTVA,NYSE,,CTVA
1690820,CARVANA CO.,5500,Retail-Auto Dealers & Gasoline Stations,operating,Large accelerated filer,1231,DE,CVNA,NYSE,,CVNA
64803,CVS HEALTH Corp,5912,Retail-Drug Stores and Proprietary Stores,operating,Large accelerated filer,1231,DE,CVS,NYSE,CVS CAREMARK CORP (2006-12-27..2014-09-03) | CVS/CAREMARK CORP (2007-03-23..2007-05-08) | CVS CORP (1997-02-07..2007-03-22) | MELVILLE CORP (1994-03-31..1997-01-10),CVS
93410,CHEVRON CORP,2911,Petroleum Refining,operating,Large accelerated filer,1231,DE,CVX,NYSE,CHEVRONTEXACO CORP (2001-11-01..2005-05-04),CVX
715957,"DOMINION ENERGY, INC",4911,Electric Services,operating,Large accelerated filer,1231,VA,D,NYSE,DOMINION ENERGY INC /VA/ (2017-05-15..2019-10-03) | DOMINION RESOURCES INC /VA/ (1995-02-21..2017-05-15),D
27904,"DELTA AIR LINES, INC.",4512,"Air Transportation, Scheduled",operating,Large accelerated filer,1231,DE,DAL,NYSE,DELTA AIR LINES INC /DE/ (1994-02-14..2019-08-08),DAL
1792789,"DoorDash, Inc.",7389,"Services-Business Services, NEC",operating,Large accelerated filer,1231,NV,DASH,Nasdaq,"DoorDash, Inc. (2021-02-25..2026-09-21) | DoorDash Inc (2020-02-13..2021-02-24)",DASH
1666700,"DuPont de Nemours, Inc.",2821,"Plastic Materials, Synth Resins & Nonvulcan Elastomers",operating,Large accelerated filer,1231,DE,DD,NYSE,DowDuPont Inc. (2016-03-01..2019-05-31),DD
1561550,"Datadog, Inc.",7372,Services-Prepackaged Software,operating,Large accelerated filer,1231,NV,DDOG,Nasdaq,,DDOG
315189,DEERE & CO,3523,Farm Machinery & Equipment,operating,Large accelerated filer,1101,DE,DE,NYSE,,DE
910521,DECKERS OUTDOOR CORP,3021,Rubber & Plastics Footwear,operating,Large accelerated filer,0331,DE,DECK,NYSE,,DECK
1571996,Dell Technologies Inc.,3571,Electronic Computers,operating,Large accelerated filer,0129,TX,DELL,NYSE,Dell Technologies Inc (2016-01-14..2020-01-29) | Denali Holding Inc. (2013-07-24..2016-07-21),DELL
29534,DOLLAR GENERAL CORP,5331,Retail-Variety Stores,operating,Large accelerated filer,0129,TN,DG,NYSE,,DG
1022079,QUEST DIAGNOSTICS INC,8071,Services-Medical Laboratories,operating,Large accelerated filer,1231,DE,DGX,NYSE,CORNING CLINICAL LABORATORIES INC (1996-12-13..1997-03-19),DGX
882184,HORTON D R INC /DE/,1531,Operative Builders,operating,Large accelerated filer,0930,DE,DHI,NYSE,,DHI
313616,DANAHER CORP /DE/,3823,"Industrial Instruments For Measurement, Display, and Control",operating,Large accelerated filer,1231,DE,DHR,NYSE,,DHR
1744489,Walt Disney Co,7990,Services-Miscellaneous Amusement & Recreation,operating,Large accelerated filer,1003,DE,DIS,NYSE,TWDC Holdco 613 Corp (2018-06-25..2018-06-28) | TWDC Holdco 613 Corp. (2018-06-27..2018-06-27),DIS
1297996,"DIGITAL REALTY TRUST, INC.",6798,Real Estate Investment Trusts,operating,Large accelerated filer,1231,MD,DLR;DLR-PK;DLR-PJ;DLR-PL,NYSE;NYSE;NYSE;NYSE,,DLR
935703,"DOLLAR TREE, INC.",5331,Retail-Variety Stores,operating,Large accelerated filer,0130,VA,DLTR,Nasdaq,DOLLAR TREE INC (2008-02-01..2019-07-12) | DOLLAR TREE STORES INC (1996-12-09..2008-03-28),DLTR
765880,"HEALTHPEAK PROPERTIES, INC.",6798,Real Estate Investment Trusts,operating,Large accelerated filer,1231,MD,DOC,NYSE,"HCP, INC. (2007-09-20..2019-10-01) | HEALTH CARE PROPERTY INVESTORS INC (1994-03-28..2007-09-10)",DOC
29905,DOVER Corp,3530,"Construction, Mining & Materials Handling Machinery & Equip",operating,Large accelerated filer,1231,NY,DOV,NYSE,,DOV
1751788,DOW INC.,2821,"Plastic Materials, Synth Resins & Nonvulcan Elastomers",operating,Large accelerated filer,1231,DE,DOW,NYSE,Dow Holdings Inc. (2018-09-07..2019-02-12),DOW
1286681,DOMINOS PIZZA INC,5140,Wholesale-Groceries & Related Products,operating,Large accelerated filer,0102,DE,DPZ,Nasdaq,,DPZ
940944,DARDEN RESTAURANTS INC,5812,Retail-Eating  Places,operating,Large accelerated filer,0531,FL,DRI,NYSE,,DRI
936340,DTE ENERGY CO,4911,Electric Services,operating,Large accelerated filer,1231,MI,DTE;DTW;DTB;DTG;DTK,NYSE;NYSE;NYSE;NYSE;NYSE,DTE HOLDINGS INC (1995-03-09..1995-02-01),DTE
1326160,Duke Energy CORP,4931,Electric & Other Services Combined,operating,Large accelerated filer,1231,DE,DUK;DUKB;DUK-PA;DUKU,NYSE;NYSE;NYSE;NYSE,Duke Energy Holding Corp. (2005-07-01..2006-04-03) | Deer Holding Corp. (2005-05-09..2005-06-22),DUK
927066,DAVITA INC.,8090,"Services-Misc Health & Allied Services, NEC",operating,Large accelerated filer,1231,DE,DVA,NYSE,DAVITA HEALTHCARE PARTNERS INC. (2012-08-02..2016-08-12) | DAVITA INC (2000-11-17..2012-11-02) | TOTAL RENAL CARE HOLDINGS INC (1996-08-14..2000-01-28),DVA
1090012,DEVON ENERGY CORP/DE,1311,Crude Petroleum & Natural Gas,operating,Large accelerated filer,1231,DE,DVN,NYSE,DEVON ENERGY CORP (1999-11-12..2000-05-31) | DEVON DELAWARE CORP (1999-08-19..1999-08-16),DVN
1093557,DEXCOM INC,3841,Surgical & Medical Instruments & Apparatus,operating,Large accelerated filer,1231,DE,DXCM,Nasdaq,,DXCM
1065088,EBAY INC,7389,"Services-Business Services, NEC",operating,Large accelerated filer,1231,DE,EBAY,Nasdaq,,EBAY
1415404,EchoStar CORP,4899,"Communications Services, NEC",operating,Large accelerated filer,1231,NV,ECHO,Nasdaq,EchoStar Holding CORP (2007-11-06..2008-01-11),ECHO
31462,ECOLAB INC.,2840,"Soap, Detergents, Cleang Preparations, Perfumes, Cosmetics",operating,Large accelerated filer,1231,DE,ECL,NYSE,ECOLAB INC (1994-02-10..2015-09-10),ECL
1047862,CONSOLIDATED EDISON INC,4931,Electric & Other Services Combined,operating,Large accelerated filer,1231,NY,ED,NYSE,,ED
33185,EQUIFAX INC,7320,"Services-Consumer Credit Reporting, Collection Agencies",operating,Large accelerated filer,1231,GA,EFX,NYSE,EQUIFAX INC (1994-02-14..2026-09-08),EFX
1095073,"EVEREST GROUP, LTD.",6331,"Fire, Marine & Casualty Insurance",operating,Large accelerated filer,1231,D0,EG,NYSE,EVEREST RE GROUP LTD (2000-04-10..2023-07-06) | EVEREST REINSURANCE GROUP LTD (1999-12-22..2000-03-08),EG
827052,EDISON INTERNATIONAL,4911,Electric Services,operating,Large accelerated filer,1231,CA,EIX,NYSE,SCECORP (1994-02-14..1996-01-12),EIX
1001250,ESTEE LAUDER COMPANIES INC,2844,"Perfumes, Cosmetics & Other Toilet Preparations",operating,Large accelerated filer,0630,DE,EL,NYSE,,EL
1156039,"Elevance Health, Inc.",6324,Hospital & Medical Service Plans,operating,Large accelerated filer,1231,IN,ELV,NYSE,"Anthem, Inc. (2014-12-02..2022-06-24) | WELLPOINT, INC (2010-01-06..2014-11-12) | WELLPOINT INC (2004-11-30..2009-12-21) | ANTHEM INC (2001-12-17..2004-11-30)",ELV
105634,"EMCOR Group, Inc.",1731,Electrical Work,operating,Large accelerated filer,1231,DE,EME,NYSE,EMCOR GROUP INC (1994-12-22..2019-07-31) | JWP INC/DE/ (1994-01-07..1994-11-21),EME
32604,EMERSON ELECTRIC CO,3600,Electronic & Other Electrical Equipment (No Computer Equip),operating,Large accelerated filer,0930,MO,EMR,NYSE,,EMR
821189,EOG RESOURCES INC,1311,Crude Petroleum & Natural Gas,operating,Large accelerated filer,1231,DE,EOG,NYSE,ENRON OIL & GAS CO (1994-02-08..1999-08-10),EOG
1101239,EQUINIX INC,6798,Real Estate Investment Trusts,operating,Large accelerated filer,1231,DE,EQIX,Nasdaq,,EQIX
33213,EQT Corp,1311,Crude Petroleum & Natural Gas,operating,Large accelerated filer,1231,PA,EQT,NYSE,EQUITABLE RESOURCES INC /PA/ (1994-05-18..2009-02-04),EQT
922621,ERIE INDEMNITY CO,6411,"Insurance Agents, Brokers & Service",operating,Large accelerated filer,1231,PA,ERIE,Nasdaq,,ERIE
72741,EVERSOURCE ENERGY,4911,Electric Services,operating,Large accelerated filer,1231,MA,ES,NYSE,NORTHEAST UTILITIES (1994-07-28..2015-04-29) | NORTHEAST UTILITIES SYSTEM (1996-11-27..2004-11-30),ES
920522,"ESSEX PROPERTY TRUST, INC.",6798,Real Estate Investment Trusts,operating,Large accelerated filer,1231,MD,ESS,NYSE,ESSEX PORTFOLIO LP (2018-12-11..2018-12-11) | ESSEX PROPERTY TRUST INC (1996-08-14..2018-12-10),ESS
1551182,Eaton Corp plc,3590,Misc Industrial & Commercial Machinery & Equipment,operating,Large accelerated filer,1231,,ETN,NYSE,Eaton Corp Ltd (2012-06-22..2012-11-16),ETN
65984,ENTERGY CORP /DE/,4911,Electric Services,operating,Large accelerated filer,1231,DE,ETR,NYSE,ENTERGY CORP/FL (1994-02-14..1994-02-09),ETR
1711269,"Evergy, Inc.",4931,Electric & Other Services Combined,operating,Large accelerated filer,1231,,EVRG,Nasdaq,"Monarch Energy Holding, Inc. (2017-07-10..2017-11-16)",EVRG
1099800,Edwards Lifesciences Corp,3842,"Orthopedic, Prosthetic & Surgical Appliances & Supplies",operating,Large accelerated filer,1231,DE,EW,NYSE,CVG CONTROLLED INC (1999-12-08..2000-01-21),EW
1109357,EXELON CORP,4931,Electric & Other Services Combined,operating,Large accelerated filer,1231,PA,EXC,Nasdaq,,EXC
895126,EXPAND ENERGY Corp,1311,Crude Petroleum & Natural Gas,operating,Large accelerated filer,1231,OK,EXE,Nasdaq,CHESAPEAKE ENERGY CORP (1995-12-11..2024-09-26),EXE
746515,EXPEDITORS INTERNATIONAL OF WASHINGTON INC,4731,Arrangement of  Transportation of  Freight & Cargo,operating,Large accelerated filer,1231,WA,EXPD,NYSE,,EXPD
1324424,"Expedia Group, Inc.",4700,Transportation Services,operating,Large accelerated filer,1231,DE,EXPE,Nasdaq,"Expedia, Inc. (2005-04-25..2018-03-20)",EXPE
1289490,Extra Space Storage Inc.,6798,Real Estate Investment Trusts,operating,Large accelerated filer,1231,MD,EXR,NYSE,,EXR
37996,FORD MOTOR CO,3711,Motor Vehicles & Passenger Car Bodies,operating,Large accelerated filer,1231,DE,F;F-PB;F-PC;F-PD,NYSE;NYSE;NYSE;NYSE,,F
1539838,"Diamondback Energy, Inc.",1311,Crude Petroleum & Natural Gas,operating,Large accelerated filer,1231,DE,FANG,Nasdaq,"Diamondback Energy, Inc. (2012-02-14..2026-09-24)",FANG
815556,FASTENAL CO,5200,"Retail-Building Materials, Hardware, Garden Supply",operating,Large accelerated filer,1231,MN,FAST,Nasdaq,FASTENAL COMPANY (1995-03-20..2002-03-04),FAST
831259,FREEPORT-MCMORAN INC,1000,Metal Mining,operating,Large accelerated filer,1231,DE,FCX,NYSE,FREEPORT MCMORAN COPPER & GOLD INC (1994-01-12..2014-07-02),FCX
1013237,FACTSET RESEARCH SYSTEMS INC,7370,"Services-Computer Programming, Data Processing, Etc.",operating,Large accelerated filer,0831,DE,FDS,NYSE,,FDS
1048911,FEDEX CORP,4513,Air Courier Services,operating,Large accelerated filer,0531,DE,FDX,NYSE,FDX CORP (1997-11-04..2000-02-10),FDX
2082247,"FedEx Freight Holding Company, Inc.",4513,Air Courier Services,operating,Non-accelerated filer,0531,DE,FDXF,NYSE,,FDXF
1031296,FIRSTENERGY CORP,4911,Electric Services,operating,Large accelerated filer,1231,OH,FE,NYSE,,FE
2011641,Ferguson Enterprises Inc. /DE/,5070,Wholesale-Hardware & Plumbing & Heating Equipment & Supplies,operating,Large accelerated filer,1231,DE,FERG,NYSE,,FERG
1048695,"F5, INC.",3576,Computer Communications Equipment,operating,Large accelerated filer,0930,WA,FFIV,Nasdaq,"F5 NETWORKS, INC. (2019-07-03..2021-11-12) | F5 NETWORKS INC (1999-06-03..2019-05-31)",FFIV
814547,FAIR ISAAC CORP,7389,"Services-Business Services, NEC",operating,Large accelerated filer,0930,DE,FICO,NYSE,FAIR ISAAC & COMPANY INC (1995-06-28..2003-04-01),FICO
1136893,"Fidelity National Information Services, Inc.",7389,"Services-Business Services, NEC",operating,Large accelerated filer,1231,,FIS,NYSE,CERTEGY INC (2001-07-20..2006-02-01) | EQUIFAX PS INC (2001-04-03..2001-05-18),FIS
798354,FISERV INC,7389,"Services-Business Services, NEC",operating,Large accelerated filer,1231,WI,FISV,Nasdaq,,FISV
35527,FIFTH THIRD BANCORP,6022,State Commercial Banks,operating,Large accelerated filer,1231,OH,FITB;FITB-PA;FITB-PI;FITB-PK;FITB-PM,NYSE;NYSE;NYSE;NYSE;NYSE,,FITB
1035983,COMFORT SYSTEMS USA INC,1731,Electrical Work,operating,Large accelerated filer,1231,,FIX,NYSE,COMFORT SYSTEMS USA INC (1997-06-02..2026-08-27),FIX
866374,FLEX LTD.,3672,Printed Circuit Boards,operating,Large accelerated filer,0331,U0,FLEX,Nasdaq,FLEXTRONICS INTERNATIONAL LTD. (2006-07-05..2016-09-06) | FLEXTRONICS INTERNATIONAL LTD (1996-12-13..2006-05-31),FLEX
1754301,Fox Corp,4833,Television Broadcasting Stations,operating,Large accelerated filer,0630,DE,FOXA;FOX,Nasdaq;Nasdaq,"NEW FOX, INC. (2018-10-09..2018-10-09)",FOXA
34903,FEDERAL REALTY INVESTMENT TRUST,6798,Real Estate Investment Trusts,operating,Large accelerated filer,1231,MD,FRT;FRT-PC,NYSE;NYSE,,FRT
1274494,"FIRST SOLAR, INC.",3674,Semiconductors & Related Devices,operating,Large accelerated filer,1231,DE,FSLR,Nasdaq,FIRST SOLAR HOLDINGS LLC (2003-12-23..2003-12-23),FSLR
1262039,"Fortinet, Inc.",3577,"Computer Peripheral Equipment, NEC",operating,Large accelerated filer,1231,DE,FTNT,Nasdaq,FORTINET INC (2003-08-29..2019-05-08),FTNT
1659166,Fortive Corp,3823,"Industrial Instruments For Measurement, Display, and Control",operating,Large accelerated filer,1231,DE,FTV,NYSE,,FTV
40533,GENERAL DYNAMICS CORP,3730,Ship & Boat Building & Repairing,operating,Large accelerated filer,1231,DE,GD,NYSE,,GD
1609711,GoDaddy Inc.,7373,Services-Computer Integrated Systems Design,operating,Large accelerated filer,1231,DE,GDDY,NYSE,,GDDY
40545,GENERAL ELECTRIC CO,3600,Electronic & Other Electrical Equipment (No Computer Equip),operating,Large accelerated filer,1231,NY,GE,NYSE,,GE
1932393,GE HealthCare Technologies Inc.,3844,X-Ray Apparatus & Tubes & Related Irradiation Apparatus,operating,Large accelerated filer,1231,DE,GEHC,Nasdaq,GE Healthcare Holding LLC (2022-07-29..2022-12-14),GEHC
849399,Gen Digital Inc.,7372,Services-Prepackaged Software,operating,Large accelerated filer,0328,DE,GEN;GENVR,Nasdaq;Nasdaq,NortonLifeLock Inc. (2019-11-04..2022-10-12) | SYMANTEC CORP (1995-05-09..2019-10-24),GEN
1996810,GE Vernova Inc.,3600,Electronic & Other Electrical Equipment (No Computer Equip),operating,Large accelerated filer,1231,DE,GEV,NYSE,GE Vernova LLC (2023-10-27..2024-03-13),GEV
882095,"GILEAD SCIENCES, INC.",2836,"Biological Products, (No Diagnostic Substances)",operating,Large accelerated filer,1231,DE,GILD,Nasdaq,GILEAD SCIENCES INC (1994-02-14..2022-02-17),GILD
40704,GENERAL MILLS INC,2040,Grain Mill Products,operating,Large accelerated filer,0530,DE,GIS,NYSE,,GIS
320335,GLOBE LIFE INC.,6311,Life Insurance,operating,Large accelerated filer,1231,DE,GL;GL-PD,NYSE;NYSE,TORCHMARK CORP (1994-02-22..2019-08-02),GL
24741,CORNING INC /NY,3357,Drawing & Insulating of  Nonferrous Wire,operating,Large accelerated filer,1231,NY,GLW,NYSE,,GLW
1467858,General Motors Co,3711,Motor Vehicles & Passenger Car Bodies,operating,Large accelerated filer,1231,,GM,NYSE,,GM
1474735,GENERAC HOLDINGS INC.,3621,Motors & Generators,operating,Large accelerated filer,1231,DE,GNRC,NYSE,,GNRC
1652044,Alphabet Inc.,7370,"Services-Computer Programming, Data Processing, Etc.",operating,Large accelerated filer,1231,DE,GOOGL;GOOG;GOOGM;GOOGN,Nasdaq;Nasdaq;Nasdaq;Nasdaq,,GOOGL
40987,GENUINE PARTS CO,5013,Wholesale-Motor Vehicle Supplies & New Parts,operating,Large accelerated filer,1231,GA,GPC,NYSE,,GPC
1123360,GLOBAL PAYMENTS INC,7389,"Services-Business Services, NEC",operating,Large accelerated filer,1231,GA,GPN,NYSE,,GPN
1121788,GARMIN LTD,3812,"Search, Detection, Navigation, Guidance, Aeronautical Sys",operating,Large accelerated filer,1226,V8,GRMN,NYSE,,GRMN
886982,GOLDMAN SACHS GROUP INC,6211,"Security Brokers, Dealers & Flotation Companies",operating,Large accelerated filer,1231,DE,GS;GSCE;GS-PA;GS-PC;GS-PD,NYSE;OTC;NYSE;NYSE;NYSE,GOLDMAN SACHS GROUP INC/ (2001-02-07..2008-03-04),GS
277135,"W.W. GRAINGER, INC.",5000,Wholesale-Durable Goods,operating,Large accelerated filer,1231,IL,GWW,NYSE,GRAINGER W W INC (1994-03-24..2019-10-15),GWW
45012,HALLIBURTON CO,1389,"Oil & Gas Field Services, NEC",operating,Large accelerated filer,1231,DE,HAL,NYSE,,HAL
46080,"HASBRO, INC.",3944,"Games, Toys & Children's Vehicles (No Dolls & Bicycles)",operating,Large accelerated filer,1227,RI,HAS,Nasdaq,HASBRO INC (1994-11-09..2019-07-02),HAS
49196,HUNTINGTON BANCSHARES INC /MD/,6021,National Commercial Banks,operating,Large accelerated filer,1231,MD,HBAN;HBANL;HBANM;HBANP;HBANZ,Nasdaq;Nasdaq;Nasdaq;Nasdaq;Nasdaq,HUNTINGTON BANCSHARES INC /MD/ (2021-03-26..2026-09-24) | HUNTINGTON BANCSHARES INC/MD (1994-02-14..2021-03-12),HBAN
860730,"HCA Healthcare, Inc.",8062,"Services-General Medical & Surgical Hospitals, NEC",operating,Large accelerated filer,1231,,HCA,NYSE,"HCA Holdings, Inc. (2010-06-03..2017-05-05) | HCA INC/TN (2001-08-07..2010-11-24) | HCA THE HEALTHCARE CO (2001-05-30..2001-05-21) | HCA-THE HEALTHCARE CO (2000-09-18..2001-02-14) | COLUMBIA HCA HEALTHCARE CORP (2000-05-26..2000-05-19) | COLUMBIA HCA HEALTHCARE CORP/ (1994-05-16..2000-02-16) | COLUMBIA HEALTHCARE CORP (1994-02-14..1994-03-01)",HCA
354950,"HOME DEPOT, INC.",5211,Retail-Lumber & Other Building Materials Dealers,operating,Large accelerated filer,0131,DE,HD,NYSE,HOME DEPOT INC (1994-06-06..2019-07-01),HD
874766,"HARTFORD INSURANCE GROUP, INC.",6331,"Fire, Marine & Casualty Insurance",operating,Large accelerated filer,1231,DE,HIG;HIG-PG,NYSE;NYSE,"HARTFORD INSURANCE GROUP, INC. (2025-02-06..2026-09-25) | HARTFORD FINANCIAL SERVICES GROUP, INC. (2019-06-07..2025-01-30) | HARTFORD FINANCIAL SERVICES GROUP INC/DE (1997-11-14..2019-05-23) | ITT HARTFORD GROUP INC /DE (1996-10-29..1998-02-13)",HIG
1501585,"HUNTINGTON INGALLS INDUSTRIES, INC.",3730,Ship & Boat Building & Repairing,operating,Large accelerated filer,1231,DE,HII,NYSE,"HUNTINGTON INGALLS INDUSTRIES, INC. (2010-12-09..2026-09-14) | New Ships, Inc. (2010-10-15..2010-11-24)",HII
1585689,Hilton Worldwide Holdings Inc.,7011,Hotels & Motels,operating,Large accelerated filer,1231,DE,HLT,NYSE,,HLT
773840,HONEYWELL INTERNATIONAL INC,3724,Aircraft Engines & Engine Parts,operating,Large accelerated filer,1231,DE,HON,Nasdaq,ALLIEDSIGNAL INC (1994-11-07..1999-11-12) | ALLIED SIGNAL INC (1994-06-23..1994-08-15),HON
2089271,Honeywell Aerospace Inc.,3724,Aircraft Engines & Engine Parts,operating,Non-accelerated filer,1231,DE,HONA,Nasdaq,Honeywell Aerospace LLC (2025-10-01..2026-01-28),HONA
1783879,"Robinhood Markets, Inc.",6211,"Security Brokers, Dealers & Flotation Companies",operating,Large accelerated filer,1231,DE,HOOD,Nasdaq,,HOOD
1645590,Hewlett Packard Enterprise Co,3570,Computer & office Equipment,operating,Large accelerated filer,1031,DE,HPE;HPE-PC,NYSE;NYSE,,HPE
47217,HP INC,3570,Computer & office Equipment,operating,Large accelerated filer,1031,DE,HPQ,NYSE,HEWLETT PACKARD CO (1994-01-26..2015-10-23),HPQ
48465,HORMEL FOODS CORP /DE/,2011,Meat Packing Plants,operating,Large accelerated filer,1025,DE,HRL,NYSE,HORMEL GEO A & CO (1994-06-14..1995-03-14),HRL
1000228,HENRY SCHEIN INC,5047,"Wholesale-Medical, Dental & Hospital Equipment & Supplies",operating,Large accelerated filer,1226,DE,HSIC,Nasdaq,SCHEIN HENRY INC (1996-05-13..2006-06-19),HSIC
1070750,"HOST HOTELS & RESORTS, INC.",6798,Real Estate Investment Trusts,operating,Large accelerated filer,1231,MD,HST,Nasdaq,HOST MARRIOTT CORP/ (1998-12-31..2006-04-14) | HMC MERGER CORP (1998-10-02..1998-11-10),HST
47111,HERSHEY CO,2060,Sugar & Confectionery Products,operating,Large accelerated filer,1231,DE,HSY,NYSE,HERSHEY FOODS CORP (1994-07-29..2005-04-20),HSY
48898,HUBBELL INC,3670,Electronic Components & Accessories,operating,Large accelerated filer,1231,CT,HUBB,NYSE,,HUBB
49071,HUMANA INC,6324,Hospital & Medical Service Plans,operating,Large accelerated filer,1231,DE,HUM,NYSE,,HUM
4281,Howmet Aerospace Inc.,3350,Rolling Drawing & Extruding of  Nonferrous Metals,operating,Large accelerated filer,1231,DE,HWM,NYSE,Arconic Inc. (2016-11-01..2020-03-26) | ALCOA INC. (2014-10-09..2016-10-27) | ALCOA INC (1999-02-10..2014-10-03) | ALUMINUM CO OF AMERICA (1994-02-08..1999-01-04),HWM
1381197,"Interactive Brokers Group, Inc.",6211,"Security Brokers, Dealers & Flotation Companies",operating,Large accelerated filer,1231,DE,IBKR,Nasdaq,,IBKR
51143,INTERNATIONAL BUSINESS MACHINES CORP,3570,Computer & office Equipment,operating,Large accelerated filer,1231,NY,IBM,NYSE,,IBM
1571949,"Intercontinental Exchange, Inc.",6200,"Security & Commodity Brokers, Dealers, Exchanges & Services",operating,Large accelerated filer,1231,DE,ICE,NYSE,"IntercontinentalExchange Group, Inc. (2013-03-20..2014-05-29)",ICE
874716,IDEXX LABORATORIES INC /DE,2835,In Vitro & In Vivo Diagnostic Substances,operating,Large accelerated filer,1231,DE,IDXX,Nasdaq,,IDXX
832101,IDEX CORP /DE/,3561,Pumps & Pumping Equipment,operating,Large accelerated filer,1231,DE,IEX,NYSE,,IEX
51253,INTERNATIONAL FLAVORS & FRAGRANCES INC,2860,Industrial Organic Chemicals,operating,Large accelerated filer,1231,NY,IFF,NYSE,,IFF
1110803,"ILLUMINA, INC.",3826,Laboratory Analytical Instruments,operating,Large accelerated filer,0103,DE,ILMN,Nasdaq,ILLUMINA INC (2000-04-14..2019-08-19),ILMN
879169,INCYTE CORP,8731,Services-Commercial Physical & Biological Research,operating,Large accelerated filer,1231,DE,INCY,Nasdaq,INCYTE INC (2003-03-28..2003-03-28) | INCYTE GENOMICS INC (2000-08-03..2003-02-25) | INCYTE PHARMACEUTICALS INC (1994-06-07..2000-04-18),INCY
50863,INTEL CORP,3674,Semiconductors & Related Devices,operating,Large accelerated filer,1227,DE,INTC,Nasdaq,,INTC
896878,INTUIT INC.,7372,Services-Prepackaged Software,operating,Large accelerated filer,0731,DE,INTU,Nasdaq,INTUIT INC (1996-10-17..2023-03-08),INTU
1687229,Invitation Homes Inc.,6510,Real Estate Operators (No Developers) & Lessors,operating,Large accelerated filer,1231,,INVH,NYSE,,INVH
51434,INTERNATIONAL PAPER CO /NEW/,2621,Paper Mills,operating,Large accelerated filer,1231,NY,IP;INPAP,NYSE;OTC,,IP
1478242,IQVIA HOLDINGS INC.,8731,Services-Commercial Physical & Biological Research,operating,Large accelerated filer,1231,DE,IQV,NYSE,"Quintiles IMS Holdings, Inc. (2016-10-03..2017-11-03) | Quintiles Transnational Holdings Inc. (2009-12-18..2016-09-22)",IQV
1699150,Ingersoll Rand Inc.,3560,General Industrial Machinery & Equipment,operating,Large accelerated filer,1231,DE,IR,NYSE,"GARDNER DENVER HOLDINGS, INC. (2017-02-28..2020-02-26)",IR
1020569,IRON MOUNTAIN INC,6798,Real Estate Investment Trusts,operating,Large accelerated filer,1231,DE,IRM,NYSE,IRON MOUNTAIN INC/PA (2000-02-14..2005-06-09) | PIERCE LEAHY CORP (1996-11-13..1999-02-16),IRM
1035267,INTUITIVE SURGICAL INC,3842,"Orthopedic, Prosthetic & Surgical Appliances & Supplies",operating,Large accelerated filer,1231,DE,ISRG,Nasdaq,,ISRG
749251,GARTNER INC,8741,Services-Management Services,operating,Large accelerated filer,1231,DE,IT,NYSE,GARTNER GROUP INC (1996-06-11..2001-02-08),IT
49826,ILLINOIS TOOL WORKS INC,3560,General Industrial Machinery & Equipment,operating,Large accelerated filer,1231,DE,ITW,NYSE,,ITW
914208,Invesco Ltd.,6282,Investment Advice,operating,Large accelerated filer,1231,D0,IVZ,NYSE,Invesco Asset Management Deutschland GMBH (2021-11-08..2021-11-08) | Invesco Ltd (2008-05-09..2008-05-16) | INVESCO PLC/LONDON/ (2007-05-31..2007-12-04) | AMVESCAP PLC/LONDON/ (1999-12-23..2007-05-24) | AMVESCAP /LONDON/ (1999-10-28..1999-12-17) | INVESCO PLC /LONDON (1994-01-07..1994-01-07),IVZ
52988,JACOBS SOLUTIONS INC.,1600,Heavy Construction Other Than Bldg Const - Contractors,operating,Large accelerated filer,1002,DE,J,NYSE,JACOBS ENGINEERING GROUP INC /DE/ (1994-05-12..2022-08-19),J
728535,HUNT J B TRANSPORT SERVICES INC,4213,Trucking (No Local),operating,Large accelerated filer,1231,AR,JBHT,Nasdaq,,JBHT
898293,JABIL INC,3672,Printed Circuit Boards,operating,Large accelerated filer,0831,DE,JBL,NYSE,JABIL CIRCUIT INC (1996-07-15..2017-06-05),JBL
833444,Johnson Controls International plc,3585,Air-Cond & Warm Air Heatg Equip & Comm & Indl Refrig Equip,operating,Large accelerated filer,0930,L2,JCI,NYSE,TYCO INTERNATIONAL plc (2014-11-17..2016-09-07) | TYCO INTERNATIONAL LTD (2010-03-08..2014-11-14) | TYCO INTERNATIONAL LTD /BER/ (1997-08-05..2010-04-07) | ADT LIMITED (1995-02-15..1997-07-08),JCI
779152,JACK HENRY & ASSOCIATES INC,7373,Services-Computer Integrated Systems Design,operating,Large accelerated filer,0630,DE,JKHY,Nasdaq,HENRY JACK & ASSOCIATES INC (1995-11-14..2023-03-16),JKHY
200406,JOHNSON & JOHNSON,2834,Pharmaceutical Preparations,operating,Large accelerated filer,0103,NJ,JNJ,NYSE,JOHNSON & JOHNSON ET AL (1995-10-06..1996-01-23),JNJ
19617,JPMORGAN CHASE & CO,6021,National Commercial Banks,operating,Large accelerated filer,1231,DE,JPM;JPM-PC;AMJB;JPM-PD;JPM-PJ;JPM-PK;JPM-PL;JPM-PM;VYLD,NYSE;NYSE;NYSE;NYSE;NYSE;NYSE;NYSE;NYSE;NYSE,JPMORGAN CHASE & CO (2009-02-02..2026-09-25) | J P MORGAN CHASE & CO (2001-02-08..2011-10-06) | CHASE MANHATTAN CORP /DE/ (1996-10-17..2000-11-21) | CHEMICAL BANKING CORP (1994-02-02..1996-03-28),JPM
1418135,Keurig Dr Pepper Inc.,2080,Beverages,operating,Large accelerated filer,1231,DE,KDP,Nasdaq,"Dr Pepper Snapple Group, Inc. (2007-12-17..2018-07-02) | CSAB Inc. (2007-11-13..2007-11-13)",KDP
91576,KEYCORP /NEW/,6021,National Commercial Banks,operating,Large accelerated filer,1231,OH,KEY;KEY-PK;KEY-PI;KEY-PJ;KEY-PL,NYSE;NYSE;NYSE;NYSE;NYSE,KEYCORP/NEW (1994-08-17..1995-02-14) | SOCIETY CORP (1994-02-15..1994-04-12),KEY
1601046,"Keysight Technologies, Inc.",3823,"Industrial Instruments For Measurement, Display, and Control",operating,Large accelerated filer,1031,DE,KEYS,NYSE,,KEYS
1637459,Kraft Heinz Co,2030,"Canned, Frozen & Preservd Fruit, Veg & Food Specialties",operating,Large accelerated filer,1226,DE,KHC,Nasdaq,H.J. Heinz Holding Corp (2015-03-25..2015-07-01),KHC
879101,KIMCO REALTY CORP,6798,Real Estate Investment Trusts,operating,Large accelerated filer,1231,MD,KIM;KIM-PL;KIM-PM;KIM-PN,NYSE;NYSE;NYSE;NYSE,,KIM
1404912,KKR & Co. Inc.,6282,Investment Advice,operating,Large accelerated filer,1231,,KKR;KKR-PD;KKRS;KKRT,NYSE;NYSE;NYSE;NYSE,KKR & Co. L.P. (2007-07-03..2018-06-29),KKR
319201,KLA CORP,3827,Optical Instruments & Lenses,operating,Large accelerated filer,0630,DE,KLAC,Nasdaq,KLA TENCOR CORP (1997-09-10..2019-07-03) | KLA INSTRUMENTS CORP (1994-01-26..1997-02-11),KLAC
55785,KIMBERLY CLARK CORP,2670,Converted Paper & Paperboard Prods (No Contaners/Boxes),operating,Large accelerated filer,1231,DE,KMB,Nasdaq,,KMB
1506307,"KINDER MORGAN, INC.",4922,Natural Gas Transmission,operating,Large accelerated filer,1231,DE,KMI;EP-PC,NYSE;NYSE,Kinder Morgan Holdco LLC (2010-11-23..2011-02-11),KMI
21344,COCA COLA CO,2080,Beverages,operating,Large accelerated filer,1231,DE,KO,NYSE,,KO
56873,KROGER CO,5411,Retail-Grocery Stores,operating,Large accelerated filer,0130,OH,KR,NYSE,,KR
1944048,Kenvue Inc.,2844,"Perfumes, Cosmetics & Other Toilet Preparations",operating,Large accelerated filer,0103,DE,KVUE,NYSE,"JNTL, Inc. (2022-08-30..2022-08-30)",KVUE
60086,LOEWS CORP,6331,"Fire, Marine & Casualty Insurance",operating,Large accelerated filer,1231,DE,L,NYSE,,L
1336920,"Leidos Holdings, Inc.",7373,Services-Computer Integrated Systems Design,operating,Large accelerated filer,0101,,LDOS,NYSE,"SAIC, Inc. (2005-09-01..2013-09-27)",LDOS
920760,LENNAR CORP /NEW/,1520,General Bldg Contractors - Residential Bldgs,operating,Large accelerated filer,1130,DE,LEN;LEN-B,NYSE;NYSE,PACIFIC GREYSTONE CORP /DE/ (1996-06-27..1997-09-26),LEN
920148,LABCORP HOLDINGS INC.,8071,Services-Medical Laboratories,operating,Large accelerated filer,1231,,LH,NYSE,LABORATORY CORP OF AMERICA HOLDINGS (1995-09-26..2024-05-16) | NATIONAL HEALTH LABORATORIES HOLDINGS INC (1994-07-08..1995-02-13),LH
202058,"L3HARRIS TECHNOLOGIES, INC. /DE/",3812,"Search, Detection, Navigation, Guidance, Aeronautical Sys",operating,Large accelerated filer,0102,DE,LHX,NYSE,HARRIS CORP /DE/ (1994-09-09..2019-06-25),LHX
1069202,LENNOX INTERNATIONAL INC,3585,Air-Cond & Warm Air Heatg Equip & Comm & Indl Refrig Equip,operating,Large accelerated filer,1231,DE,LII,NYSE,,LII
1707925,LINDE PLC,2810,Industrial Inorganic Chemicals,operating,Large accelerated filer,1231,L2,LIN,Nasdaq,ZAMALIGHT PLC (2017-06-01..2017-07-12),LIN
1633978,Lumentum Holdings Inc.,3669,"Communications Equipment, NEC",operating,Large accelerated filer,0627,DE,LITE,Nasdaq,,LITE
59478,ELI LILLY & Co,2834,Pharmaceutical Preparations,operating,Large accelerated filer,1231,IN,LLY,NYSE,LILLY ELI & CO (1994-10-26..2019-10-25) | LILLY ELI & CO ET AL (1994-07-27..1994-10-14),LLY
936468,LOCKHEED MARTIN CORP,3760,Guided Missiles & Space Vehicles & Parts,operating,Large accelerated filer,1231,MD,LMT,NYSE,LOCKHEED MARTIN CORP (1995-03-09..2026-08-28),LMT
352541,ALLIANT ENERGY CORP,4931,Electric & Other Services Combined,operating,Large accelerated filer,1231,WI,LNT,Nasdaq,ALLIANT ENERGY CORP (1999-12-15..2026-08-21) | INTERSTATE ENERGY CORP (1998-05-27..1999-05-13) | WPL HOLDINGS INC (1994-11-14..1998-02-23),LNT
60667,LOWES COMPANIES INC,5211,Retail-Lumber & Other Building Materials Dealers,operating,Large accelerated filer,0131,NC,LOW,NYSE,,LOW
707549,LAM RESEARCH CORP,3559,"Special Industry Machinery, NEC",operating,Large accelerated filer,0628,DE,LRCX,Nasdaq,,LRCX
1397187,lululemon athletica inc.,2300,Apparel & Other Finishd Prods of  Fabrics & Similar Matl,operating,Large accelerated filer,0131,DE,LULU,Nasdaq,Lululemon Corp. (2007-04-30..2007-06-19),LULU
92380,SOUTHWEST AIRLINES CO,4512,"Air Transportation, Scheduled",operating,Large accelerated filer,1231,TX,LUV,NYSE,,LUV
1300514,LAS VEGAS SANDS CORP,7011,Hotels & Motels,operating,Large accelerated filer,1231,NV,LVS,NYSE,,LVS
1489393,LyondellBasell Industries N.V.,2860,Industrial Organic Chemicals,operating,Large accelerated filer,1231,P7,LYB,NYSE,,LYB
1335258,"Live Nation Entertainment, Inc.",7900,Services-Amusement & Recreation Services,operating,Large accelerated filer,1231,DE,LYV,NYSE,"Live Nation, Inc. (2005-09-09..2010-01-26) | CCE Spinco, Inc. (2005-08-10..2006-01-10)",LYV
1141391,Mastercard Inc,7389,"Services-Business Services, NEC",operating,Large accelerated filer,1231,DE,MA,NYSE,,MA
912595,MID AMERICA APARTMENT COMMUNITIES INC.,6798,Real Estate Investment Trusts,operating,Large accelerated filer,1231,TN,MAA;MAA-PI,NYSE;NYSE,MID AMERICA APARTMENT COMMUNITIES INC (1995-02-03..2018-05-03),MAA
1048286,MARRIOTT INTERNATIONAL INC /MD/,7011,Hotels & Motels,operating,Large accelerated filer,1231,DE,MAR,Nasdaq,MARRIOTT INTERNATIONAL INC /MD/ (1998-04-09..2026-09-25) | NEW MARRIOTT MI INC (1998-03-16..1998-03-20),MAR
62996,MASCO CORP /DE/,3430,"Heating Equip, Except Elec & Warm Air; & Plumbing Fixtures",operating,Large accelerated filer,1231,DE,MAS,NYSE,,MAS
63908,MCDONALDS CORP,5812,Retail-Eating  Places,operating,Large accelerated filer,1231,DE,MCD,NYSE,,MCD
827054,MICROCHIP TECHNOLOGY INC,3674,Semiconductors & Related Devices,operating,Large accelerated filer,0331,DE,MCHP;MCHPP,Nasdaq;Nasdaq,,MCHP
927653,MCKESSON CORP,5122,"Wholesale-Drugs, Proprietaries & Druggists' Sundries",operating,Large accelerated filer,0331,DE,MCK,NYSE,MCKESSON HBOC INC (1999-09-10..2001-08-13),MCK
1059556,MOODYS CORP /DE/,7320,"Services-Consumer Credit Reporting, Collection Agencies",operating,Large accelerated filer,1231,DE,MCO,NYSE,DUN & BRADSTREET CORP /DE/ (1998-09-29..2000-02-04) | NEW DUN & BRADSTREET CORP (1998-04-16..1998-06-26),MCO
1103982,"Mondelez International, Inc.",2000,Food and Kindred Products,operating,Large accelerated filer,1231,IL,MDLZ,Nasdaq,KRAFT FOODS INC (2000-01-24..2012-09-28),MDLZ
1613103,Medtronic plc,3845,Electromedical & Electrotherapeutic Apparatus,operating,Large accelerated filer,0424,,MDT,NYSE,Medtronic Ltd (2015-01-15..2015-01-15) | Medtronic Holdings Ltd (2014-07-14..2014-11-21),MDT
1099219,METLIFE INC,6311,Life Insurance,operating,Large accelerated filer,1231,DE,MET;MET-PA;MET-PE;MET-PF,NYSE;NYSE;NYSE;NYSE,,MET
1326801,"Meta Platforms, Inc.",7370,"Services-Computer Programming, Data Processing, Etc.",operating,Large accelerated filer,1231,DE,META,Nasdaq,Facebook Inc (2005-05-06..2021-10-27),META
789570,MGM Resorts International,7011,Hotels & Motels,operating,Large accelerated filer,1231,DE,MGM,NYSE,MGM MIRAGE (2000-10-16..2010-05-19) | MGM GRAND INC (1994-03-11..2000-05-19),MGM
63754,MCCORMICK & CO INC,2090,Miscellaneous Food Preparations & Kindred Products,operating,Large accelerated filer,1130,MD,MKC;MKC-V,NYSE;NYSE,MCCORMICK & CO INC (1994-04-08..2026-09-24),MKC
916076,MARTIN MARIETTA MATERIALS INC,1400,Mining & Quarrying of  Nonmetallic Minerals (No Fuels),operating,Large accelerated filer,1231,NC,MLM,NYSE,,MLM
66740,3M CO,3841,Surgical & Medical Instruments & Apparatus,operating,Large accelerated filer,1231,DE,MMM,NYSE,MINNESOTA MINING & MANUFACTURING CO (1993-08-13..2002-02-06),MMM
865752,Monster Beverage Corp,2086,Bottled & Canned Soft Drinks & Carbonated Waters,operating,Large accelerated filer,1231,,MNST,Nasdaq,HANSEN NATURAL CORP (1996-11-13..2011-12-21),MNST
764180,"ALTRIA GROUP, INC.",2111,Cigarettes,operating,Large accelerated filer,1231,VA,MO,NYSE,ALTRIA GROUP INC (2003-01-29..2006-02-07) | PHILIP MORRIS COMPANIES INC (1994-04-13..2003-01-02),MO
1285785,MOSAIC CO,2870,Agricultural Chemicals,operating,Large accelerated filer,1231,,MOS,NYSE,GLOBAL NUTRITION SOLUTIONS INC (2004-04-08..2004-06-18),MOS
1510295,Marathon Petroleum Corp,2911,Petroleum Refining,operating,Large accelerated filer,1231,DE,MPC,NYSE,,MPC
1280452,"MONOLITHIC POWER SYSTEMS, INC.",3674,Semiconductors & Related Devices,operating,Large accelerated filer,1231,DE,MPWR,Nasdaq,MONOLITHIC POWER SYSTEMS INC (2004-07-13..2026-07-15),MPWR
310158,"Merck & Co., Inc.",2834,Pharmaceutical Preparations,operating,Large accelerated filer,1231,NJ,MRK,NYSE,Merck & Co. Inc. (2009-11-04..2014-12-09) | SCHERING PLOUGH CORP (1994-12-29..2009-10-29),MRK
1682852,"Moderna, Inc.",2836,"Biological Products, (No Diagnostic Substances)",operating,Large accelerated filer,1231,DE,MRNA,Nasdaq,"Moderna Therapeutics, Inc. (2016-08-24..2016-08-24)",MRNA
62709,"MARSH & MCLENNAN COMPANIES, INC.",6411,"Insurance Agents, Brokers & Service",operating,Large accelerated filer,1231,DE,MRSH,NYSE,MARSH & MCLENNAN COMPANIES INC (1994-05-13..2005-01-31),MRSH
1835632,"Marvell Technology, Inc.",3674,Semiconductors & Related Devices,operating,Large accelerated filer,0130,DE,MRVL,Nasdaq,,MRVL
895421,MORGAN STANLEY,6211,"Security Brokers, Dealers & Flotation Companies",operating,Large accelerated filer,1231,DE,MS;MS-PK;MS-PE;MS-PA;MS-PF;MS-PI;MS-PL;MS-PO;MS-PP;MS-PQ,NYSE;NYSE;NYSE;NYSE;NYSE;NYSE;NYSE;NYSE;NYSE;NYSE,MORGAN STANLEY (1999-11-23..2026-09-25) | MORGAN STANLEY (1999-11-23..2026-09-25) | MORGAN STANLEY DEAN WITTER & CO (1993-11-08..2002-07-12) | MORGAN STANLEY DEAN WITTER DISCOVER & CO (1997-06-19..1998-03-18) | DEAN WITTER DISCOVER & CO (1996-08-14..1997-05-08),MS
1408198,MSCI Inc.,7389,"Services-Business Services, NEC",operating,Large accelerated filer,1231,DE,MSCI,NYSE,,MSCI
789019,MICROSOFT CORP,7372,Services-Prepackaged Software,operating,Large accelerated filer,0630,WA,MSFT,Nasdaq,,MSFT
68505,"Motorola Solutions, Inc.",3663,Radio & Tv Broadcasting & Communications Equipment,operating,Large accelerated filer,1231,DE,MSI,NYSE,MOTOROLA INC (1994-08-10..2011-01-03),MSI
36270,M&T BANK CORP,6022,State Commercial Banks,operating,Large accelerated filer,1231,NY,MTB;MTB-PH;MTB-PJ;MTB-PK;MTB-PL,NYSE;NYSE;NYSE;NYSE;NYSE,FIRST EMPIRE STATE CORP (1994-03-10..1998-05-18),MTB
1037646,METTLER TOLEDO INTERNATIONAL INC/,3826,Laboratory Analytical Instruments,operating,Large accelerated filer,1231,DE,MTD,NYSE,MT INVESTORS INC/ (1997-12-16..1998-02-13) | METTLER TOLEDO INTERNATIONAL INC (1997-11-17..1997-11-17) | MT INVESTORS INC (1997-10-21..1997-11-10),MTD
723125,MICRON TECHNOLOGY INC,3674,Semiconductors & Related Devices,operating,Large accelerated filer,0903,DE,MU,Nasdaq,,MU
1513761,Norwegian Cruise Line Holdings Ltd.,4400,Water Transportation,operating,Large accelerated filer,1231,D0,NCLH,NYSE,,NCLH
1120193,"NASDAQ, INC.",6200,"Security & Commodity Brokers, Dealers, Exchanges & Services",operating,Large accelerated filer,1231,DE,NDAQ,Nasdaq,"NASDAQ OMX GROUP, INC. (2007-11-06..2015-08-10) | NASDAQ STOCK MARKET INC (2001-05-14..2008-02-27)",NDAQ
72331,NORDSON CORP,3569,"General Industrial Machinery & Equipment, NEC",operating,Large accelerated filer,1031,OH,NDSN,Nasdaq,,NDSN
753308,NEXTERA ENERGY INC,4911,Electric Services,operating,Large accelerated filer,1231,FL,NEE;NEE-PN;NEE-PS;NEE-PT;NEE-PU;NEE-PV;NEE-PW,NYSE;NYSE;NYSE;NYSE;NYSE;NYSE;NYSE,FPL GROUP INC (1994-02-28..2010-05-21),NEE
1164727,NEWMONT Corp /DE/,1040,Gold and Silver Ores,operating,Large accelerated filer,1231,DE,NEM;NEMCL,NYSE;OTC,NEWMONT GOLDCORP CORP /DE/ (2019-04-22..2020-01-03) | NEWMONT MINING CORP /DE/ (2002-03-12..2019-04-16) | DELTA HOLDCO CORP (2002-02-15..2002-02-05),NEM
1065280,NETFLIX INC,7841,Services-Video Tape Rental,operating,Large accelerated filer,1231,DE,NFLX,Nasdaq,NETFLIX COM INC (2000-04-18..2002-03-06),NFLX
1111711,NISOURCE INC.,4931,Electric & Other Services Combined,operating,Large accelerated filer,1231,DE,NI,NYSE,NISOURCE INC/DE (2000-11-03..2019-06-26) | NEW NISOURCE INC (2000-06-02..2000-11-02),NI
320187,"NIKE, Inc.",3021,Rubber & Plastics Footwear,operating,Large accelerated filer,0531,OR,NKE,NYSE,NIKE INC (1995-01-20..2019-08-05),NKE
1133421,NORTHROP GRUMMAN CORP /DE/,3812,"Search, Detection, Navigation, Guidance, Aeronautical Sys",operating,Large accelerated filer,1231,,NOC,NYSE,NNG INC (2001-02-01..2001-04-02),NOC
1373715,"ServiceNow, Inc.",7372,Services-Prepackaged Software,operating,Large accelerated filer,1231,DE,NOW,NYSE,SERVICE-NOW.COM (2006-08-22..2012-05-01),NOW
1013871,"NRG ENERGY, INC.",4911,Electric Services,operating,Large accelerated filer,1231,DE,NRG,NYSE,"NRG ENERGY, INC. (2004-12-02..2026-09-09) | NRG ENERGY INC (1996-05-10..2004-11-09)",NRG
702165,NORFOLK SOUTHERN CORP,4011,"Railroads, Line-Haul Operating",operating,Large accelerated filer,1231,VA,NSC,NYSE,,NSC
1002047,"NetApp, Inc.",3572,Computer Storage Devices,operating,Large accelerated filer,0424,CA,NTAP,Nasdaq,NETWORK APPLIANCE INC (1996-10-29..2008-05-12),NTAP
73124,NORTHERN TRUST CORP,6022,State Commercial Banks,operating,Large accelerated filer,1231,DE,NTRS;NTRSO,Nasdaq;Nasdaq,,NTRS
73309,NUCOR CORP,3312,"Steel Works, Blast Furnaces & Rolling Mills (Coke Ovens)",operating,Large accelerated filer,1231,DE,NUE,NYSE,,NUE
1045810,NVIDIA CORP,3674,Semiconductors & Related Devices,operating,Large accelerated filer,0131,DE,NVDA,Nasdaq,NVIDIA CORP/CA (1998-05-07..2002-06-04),NVDA
906163,NVR INC,1531,Operative Builders,operating,Large accelerated filer,1231,VA,NVR,NYSE,,NVR
1564708,NEWS CORP,2711,Newspapers: Publishing or  Publishing & Printing,operating,Large accelerated filer,0630,DE,NWSA;NWS;NWSLL,Nasdaq;Nasdaq;OTC,New Newscorp Inc (2013-06-12..2013-06-28) | New Newscorp LLC (2012-12-21..2013-05-24),NWSA
1413447,NXP Semiconductors N.V.,3674,Semiconductors & Related Devices,operating,Large accelerated filer,1231,,NXPI,Nasdaq,KASLION Acquisition B.V. (2007-09-26..2010-04-16),NXPI
726728,REALTY INCOME CORP,6798,Real Estate Investment Trusts,operating,Large accelerated filer,1231,MD,O,NYSE,,O
878927,"OLD DOMINION FREIGHT LINE, INC.",4213,Trucking (No Local),operating,Large accelerated filer,1231,VA,ODFL,Nasdaq,OLD DOMINION FREIGHT LINE INC/VA (1996-02-09..2019-08-21),ODFL
1039684,ONEOK INC /NEW/,4923,Natural Gas Transmisison & Distribution,operating,Large accelerated filer,1231,OK,OKE,NYSE,ONEOK INC /NEW/ (1997-11-28..2026-09-24) | WAI INC (1997-11-21..1997-11-28),OKE
29989,OMNICOM GROUP INC.,7311,Services-Advertising Agencies,operating,Large accelerated filer,1231,NY,OMC,NYSE,OMNICOM GROUP INC (1994-05-13..2013-02-19),OMC
1097864,ON SEMICONDUCTOR CORP,3674,Semiconductors & Related Devices,operating,Large accelerated filer,1231,DE,ON,Nasdaq,SCG HOLDING CORP (1999-11-05..2000-05-23),ON
1341439,ORACLE CORP,7372,Services-Prepackaged Software,operating,Large accelerated filer,0531,,ORCL;ORCL-PD,NYSE;NYSE,Ozark Holding Inc. (2005-10-19..2006-02-01),ORCL
898173,O REILLY AUTOMOTIVE INC,5531,Retail-Auto & Home Supply Stores,operating,Large accelerated filer,1231,,ORLY,Nasdaq,OREILLY AUTOMOTIVE INC (1996-08-13..1998-04-10),ORLY
1781335,Otis Worldwide Corp,3600,Electronic & Other Electrical Equipment (No Computer Equip),operating,Large accelerated filer,1231,DE,OTIS,NYSE,,OTIS
797468,OCCIDENTAL PETROLEUM CORP /DE/,1311,Crude Petroleum & Natural Gas,operating,Large accelerated filer,1231,DE,OXY;OXY-WT,NYSE;NYSE,,OXY
1474432,"Everpure, Inc.",3572,Computer Storage Devices,operating,Large accelerated filer,0131,DE,P,NYSE,"PURE Storage, Inc. (2015-05-15..2026-01-09) | Pure Storage, Inc. (2015-05-15..2026-01-09) | Os76, Inc. (2009-11-03..2009-11-06)",P
1327567,Palo Alto Networks Inc,3577,"Computer Peripheral Equipment, NEC",operating,Large accelerated filer,0731,DE,PANW,Nasdaq,Palo Alto Networks Inc (2005-05-16..2026-09-24),PANW
723531,PAYCHEX INC,8700,"Services-Engineering, Accounting, Research, Management",operating,Large accelerated filer,0531,DE,PAYX,Nasdaq,,PAYX
75362,PACCAR INC,3711,Motor Vehicles & Passenger Car Bodies,operating,Large accelerated filer,1231,DE,PCAR,Nasdaq,,PCAR
1004980,PG&E Corp,4931,Electric & Other Services Combined,operating,Large accelerated filer,1231,CA,PCG;PCG-PE;PCG-PD;PCG-PC;PCG-PH;PCG-PG;PCG-PI;PCG-PA;PCG-PB;PCG-PX,NYSE;NYSE;NYSE;NYSE;NYSE;NYSE;NYSE;NYSE;NYSE;NYSE,PG&E CORP (2012-08-09..2026-09-25) | PG&E Corp (2012-08-09..2026-09-25) | PG&E PARENT CO INC (1996-12-06..1996-02-21),PCG
788784,PUBLIC SERVICE ENTERPRISE GROUP INC,4931,Electric & Other Services Combined,operating,Large accelerated filer,1231,NJ,PEG,NYSE,,PEG
77476,PEPSICO INC,2080,Beverages,operating,Large accelerated filer,1226,NC,PEP,Nasdaq,,PEP
78003,PFIZER INC,2834,Pharmaceutical Preparations,operating,Large accelerated filer,1231,DE,PFE,NYSE,PFIZER INC (1994-03-18..2026-09-16),PFE
1126328,PRINCIPAL FINANCIAL GROUP INC,6321,Accident & Health Insurance,operating,Large accelerated filer,1231,DE,PFG,Nasdaq,,PFG
80424,PROCTER & GAMBLE Co,2840,"Soap, Detergents, Cleang Preparations, Perfumes, Cosmetics",operating,Large accelerated filer,0630,OH,PG,NYSE,,PG
80661,PROGRESSIVE CORP/OH/,6331,"Fire, Marine & Casualty Insurance",operating,Large accelerated filer,1231,OH,PGR,NYSE,,PGR
76334,Parker-Hannifin Corp,3490,Miscellaneous Fabricated Metal Products,operating,Large accelerated filer,0630,OH,PH,NYSE,PARKER HANNIFIN CORP (1994-02-11..2024-12-11),PH
822416,PULTEGROUP INC/MI/,1531,Operative Builders,operating,Large accelerated filer,1231,MI,PHM,NYSE,PULTE HOMES INC/MI/ (2001-12-20..2010-03-23) | PULTE CORP (1994-02-14..2001-05-02),PHM
75677,PACKAGING CORP OF AMERICA,2650,Paperboard Containers & Boxes,operating,Large accelerated filer,1231,,PKG,NYSE,,PKG
1045609,"Prologis, Inc.",6798,Real Estate Investment Trusts,operating,Large accelerated filer,1231,MD,PLD;PLDGP,NYSE;OTC,AMB PROPERTY CORP (1997-10-28..2011-06-03),PLD
1321655,Palantir Technologies Inc.,7372,Services-Prepackaged Software,operating,Large accelerated filer,1231,,PLTR,Nasdaq,Palantir Technologies Inc (2005-03-22..2011-09-07),PLTR
1413329,Philip Morris International Inc.,2111,Cigarettes,operating,Large accelerated filer,1231,VA,PM,NYSE,,PM
713676,"PNC FINANCIAL SERVICES GROUP, INC.",6021,National Commercial Banks,operating,Large accelerated filer,1231,PA,PNC,NYSE,PNC FINANCIAL SERVICES GROUP INC (2000-06-27..2011-11-10) | PNC BANK CORP (1994-02-14..2000-02-11),PNC
77360,PENTAIR plc,3550,Special Industry Machinery (No Metalworking Machinery),operating,Large accelerated filer,1231,L2,PNR,NYSE,PENTAIR LTD (2012-10-09..2014-06-03) | PENTAIR INC (1994-01-05..2012-10-02),PNR
764622,PINNACLE WEST CAPITAL CORP,4911,Electric Services,operating,Large accelerated filer,1231,AZ,PNW,NYSE,,PNW
1145197,INSULET CORP,3841,Surgical & Medical Instruments & Apparatus,operating,Large accelerated filer,1231,DE,PODD,Nasdaq,,PODD
79879,PPG INDUSTRIES INC,2851,"Paints, Varnishes, Lacquers, Enamels & Allied Prods",operating,Large accelerated filer,1231,PA,PPG,NYSE,,PPG
922224,PPL Corp,4911,Electric Services,operating,Large accelerated filer,1231,,PPL;PPLC,NYSE;NYSE,PP&L RESOURCES INC (1995-04-27..2000-02-07),PPL
1137774,PRUDENTIAL FINANCIAL INC,6311,Life Insurance,operating,Large accelerated filer,1231,NJ,PRU;PFH;PRH;PRS,NYSE;NYSE;NYSE;NYSE,,PRU
1393311,Public Storage,6798,Real Estate Investment Trusts,operating,Large accelerated filer,1231,MD,PSA;PSA-PH;PSA-PU;PSA-PF;PSA-PG;PSA-PI;PSA-PJ;PSA-PK;PSA-PL;PSA-PM;PSA-PN;PSA-PO;PSA-PP;PSA-PQ;PSA-PR;PSA-PS;PSA-PT,NYSE;NYSE;NYSE;NYSE;NYSE;NYSE;NYSE;NYSE;NYSE;NYSE;NYSE;NYSE;NYSE;NYSE;NYSE;NYSE;NYSE,,PSA
2041610,Paramount Skydance Corp,4833,Television Broadcasting Stations,operating,Large accelerated filer,1231,DE,PSKY,Nasdaq,"New Pluto Global, Inc. (2024-11-04..2025-08-01)",PSKY
1534701,Phillips 66,2911,Petroleum Refining,operating,Large accelerated filer,1231,DE,PSX,NYSE,,PSX
857005,PTC INC.,7372,Services-Prepackaged Software,operating,Large accelerated filer,0930,MA,PTC,Nasdaq,PARAMETRIC TECHNOLOGY CORP (1995-12-07..2013-01-24),PTC
1050915,"QUANTA SERVICES, INC.",1731,Electrical Work,operating,Large accelerated filer,1231,DE,PWR,NYSE,QUANTA SERVICES INC (1997-12-22..2019-05-31),PWR
1633917,"PayPal Holdings, Inc.",7389,"Services-Business Services, NEC",operating,Large accelerated filer,1231,,PYPL,Nasdaq,,PYPL
2058873,"Qnity Electronics, Inc.",3674,Semiconductors & Related Devices,operating,Non-accelerated filer,1231,DE,Q,NYSE,"Novus SpinCo 1, Inc. (2025-04-24..2025-04-24)",Q
804328,QUALCOMM INC/DE,3663,Radio & Tv Broadcasting & Communications Equipment,operating,Large accelerated filer,0927,DE,QCOM,Nasdaq,,QCOM
884887,ROYAL CARIBBEAN CRUISES LTD,4400,Water Transportation,operating,Large accelerated filer,1231,,RCL,NYSE,,RCL
1713445,"Reddit, Inc.",7374,Services-Computer Processing & Data Preparation,operating,Large accelerated filer,1231,DE,RDDT,NYSE,"Reddit, Inc. (2017-07-31..2026-09-21)",RDDT
910606,REGENCY CENTERS CORP,6798,Real Estate Investment Trusts,operating,Large accelerated filer,1231,FL,REG;REGCO;REGCP,Nasdaq;Nasdaq;Nasdaq,REGENCY REALTY CORP (1994-02-11..2001-02-12),REG
872589,"REGENERON PHARMACEUTICALS, INC.",2834,Pharmaceutical Preparations,operating,Large accelerated filer,1231,NY,REGN,Nasdaq,REGENERON PHARMACEUTICALS INC (1995-07-26..2019-06-19),REGN
1281761,REGIONS FINANCIAL CORP,6021,National Commercial Banks,operating,Large accelerated filer,1231,DE,RF;RF-PC;RF-PE;RF-PF,NYSE;NYSE;NYSE;NYSE,NEW REGIONS FINANCIAL CORP (2004-02-27..2004-04-29),RF
720005,RAYMOND JAMES FINANCIAL INC,6211,"Security Brokers, Dealers & Flotation Companies",operating,Large accelerated filer,0930,FL,RJF,NYSE,,RJF
1037038,RALPH LAUREN CORP,2320,"Men's & Boys' Furnishgs, Work Clothg, & Allied Garments",operating,Large accelerated filer,0328,DE,RL,NYSE,POLO RALPH LAUREN CORP (1997-06-12..2011-08-11),RL
943819,RESMED INC,3841,Surgical & Medical Instruments & Apparatus,operating,Large accelerated filer,0630,DE,RMD;RSMDF,NYSE;OTC,,RMD
1024478,"ROCKWELL AUTOMATION, INC",3829,"Measuring & Controlling Devices, NEC",operating,Large accelerated filer,0930,DE,ROK,NYSE,ROCKWELL AUTOMATION INC (2006-11-09..2019-06-19) | ROCKWELL  AUTOMATION INC (2002-06-28..2006-11-07) | ROCKWELL INTERNATIONAL CORP (1997-06-30..2002-05-07) | NEW ROCKWELL INTERNATIONAL CORP (1996-11-27..1997-01-03),ROK
84839,ROLLINS INC,7340,Services-To Dwellings & Other Buildings,operating,Large accelerated filer,1231,DE,ROL,NYSE,,ROL
882835,ROPER TECHNOLOGIES INC,3823,"Industrial Instruments For Measurement, Display, and Control",operating,Large accelerated filer,1231,DE,ROP,Nasdaq,ROPER TECHNOLOGIES INC (2015-04-27..2026-09-17) | ROPER INDUSTRIES INC (2008-06-04..2015-04-24) | ROPER INDUSTRIES INC /DE/ (1994-03-09..2008-05-14),ROP
745732,"ROSS STORES, INC.",5651,Retail-Family Clothing Stores,operating,Large accelerated filer,0201,DE,ROST,Nasdaq,ROSS STORES INC (1994-02-14..2019-07-15),ROST
1060391,"REPUBLIC SERVICES, INC.",4953,Refuse Systems,operating,Large accelerated filer,1231,DE,RSG,NYSE,REPUBLIC SERVICES INC (1998-07-08..2009-01-07),RSG
101829,RTX Corp,3724,Aircraft Engines & Engine Parts,operating,Large accelerated filer,1231,DE,RTX,NYSE,RAYTHEON TECHNOLOGIES CORP (2020-04-07..2023-06-29) | UNITED TECHNOLOGIES CORP /DE/ (1994-01-24..2020-04-06),RTX
31791,"REVVITY, INC.",3826,Laboratory Analytical Instruments,operating,Large accelerated filer,1229,MA,RVTY,NYSE,PERKINELMER INC (1999-11-05..2023-04-14) | EG&G INC (1994-03-17..1999-07-26),RVTY
1034054,SBA COMMUNICATIONS CORP,6798,Real Estate Investment Trusts,operating,Large accelerated filer,1231,FL,SBAC,Nasdaq,,SBAC
829224,STARBUCKS CORP,5810,Retail-Eating & Drinking Places,operating,Large accelerated filer,0928,WA,SBUX,Nasdaq,,SBUX
316709,SCHWAB CHARLES CORP,6211,"Security Brokers, Dealers & Flotation Companies",operating,Large accelerated filer,1231,DE,SCHW;SCHW-PD;SCHW-PJ,NYSE;NYSE;NYSE,,SCHW
89800,SHERWIN WILLIAMS CO,5200,"Retail-Building Materials, Hardware, Garden Supply",operating,Large accelerated filer,1231,OH,SHW,NYSE,,SHW
91419,J M SMUCKER Co,2033,"Canned, Fruits, Veg, Preserves, Jams & Jellies",operating,Large accelerated filer,0430,OH,SJM,NYSE,SMUCKER J M CO (1994-03-14..2014-10-06),SJM
87347,SLB LIMITED/NV,1389,"Oil & Gas Field Services, NEC",operating,Large accelerated filer,1231,P8,SLB,NYSE,SCHLUMBERGER LIMITED/NV (2015-10-19..2025-09-12) | SCHLUMBERGER LTD /NV/ (2002-10-02..2016-10-03) | SCHLUMBERGER LTD /NY/ (1996-11-13..2002-08-09),SLB
1375365,"Super Micro Computer, Inc.",3571,Electronic Computers,operating,Large accelerated filer,0630,CA,SMCI;SMCIP,Nasdaq;Nasdaq,,SMCI
91440,Snap-on Inc,3420,"Cutlery, Handtools & General Hardware",operating,Large accelerated filer,0102,DE,SNA,NYSE,SNAP ON INC (1994-09-23..2008-08-21) | SNAP ON TOOLS CORP (1994-03-03..1994-03-03),SNA
2023554,Sandisk Corp,3572,Computer Storage Devices,operating,Large accelerated filer,0628,DE,SNDK,Nasdaq,,SNDK
883241,SYNOPSYS INC,7372,Services-Prepackaged Software,operating,Large accelerated filer,1031,DE,SNPS,Nasdaq,,SNPS
92122,SOUTHERN CO,4911,Electric Services,operating,Large accelerated filer,1231,DE,SO;SOJC;SOJD;SOJE;SOJF;SOMN,NYSE;NYSE;NYSE;NYSE;NYSE;NYSE,SOUTHERN CO (1994-01-28..2026-09-04),SO
1964738,Solventum Corp,3841,Surgical & Medical Instruments & Apparatus,operating,Large accelerated filer,1231,DE,SOLV,NYSE,3M Health Care Co (2023-02-14..2024-02-09),SOLV
1063761,SIMON PROPERTY GROUP INC.,6798,Real Estate Investment Trusts,operating,Large accelerated filer,1231,IN,SPG;SPG-PJ,NYSE;NYSE,SIMON PROPERTY GROUP INC /DE/ (1998-09-28..2025-11-03) | CORPORATE PROPERTY INVESTORS INC (1998-09-17..1998-09-25),SPG
64040,S&P Global Inc.,7320,"Services-Consumer Credit Reporting, Collection Agencies",operating,Large accelerated filer,1231,NY,SPGI,NYSE,MCGRAW HILL FINANCIAL INC (2013-05-03..2016-05-03) | MCGRAW-HILL COMPANIES INC (1995-08-11..2013-04-30) | MCGRAW HILL INC (1994-06-29..1995-02-24),SPGI
1032208,SEMPRA,4932,Gas & Other Services Combined,operating,Large accelerated filer,1231,CA,SRE;SREA,NYSE;NYSE,SEMPRA ENERGY (1998-08-14..2023-05-15) | MINERAL ENERGY CO (1997-03-26..1998-06-05),SRE
1757898,STERIS plc,3842,"Orthopedic, Prosthetic & Surgical Appliances & Supplies",operating,Large accelerated filer,0331,L2,STE,NYSE,STERIS Ltd (2018-11-06..2019-03-28),STE
1022671,STEEL DYNAMICS INC,3312,"Steel Works, Blast Furnaces & Rolling Mills (Coke Ovens)",operating,Large accelerated filer,1231,IN,STLD,Nasdaq,STEEL DYNAMICS INC (1996-11-20..2026-09-18),STLD
93751,STATE STREET CORP,6022,State Commercial Banks,operating,Large accelerated filer,1231,MA,STT;STT-PG,NYSE;NYSE,STATE STREET CORP (2009-02-24..2026-09-22) | STATE STREET Corp (2009-02-24..2026-09-22) | STATE STREET BOSTON CORP (1994-03-14..1997-03-03),STT
1137789,Seagate Technology Holdings plc,3572,Computer Storage Devices,operating,Large accelerated filer,0627,,STX,Nasdaq,Seagate Technology plc (2010-07-09..2021-05-19) | SEAGATE TECHNOLOGY (2008-10-31..2010-07-06) | Seagate Technology (2008-10-31..2010-07-06) | SEAGATE TECHNOLOGY HOLDINGS (2001-04-20..2002-12-12),STX
16918,"CONSTELLATION BRANDS, INC.",2080,Beverages,operating,Large accelerated filer,0228,DE,STZ,NYSE,CONSTELLATION BRANDS INC (2000-10-13..2004-05-05) | CANANDAIGUA BRANDS INC (1997-12-23..2000-01-14) | CANANDAIGUA WINE CO INC (1994-10-19..1997-01-31),STZ
2005951,Smurfit Westrock plc,2650,Paperboard Containers & Boxes,operating,Large accelerated filer,1231,L2,SW,NYSE,Smurfit WestRock Ltd (2024-02-14..2024-06-20),SW
93556,"STANLEY BLACK & DECKER, INC.",3420,"Cutlery, Handtools & General Hardware",operating,Large accelerated filer,0102,CT,SWK,NYSE,STANLEY WORKS (1994-03-11..2010-03-12),SWK
4127,"SKYWORKS SOLUTIONS, INC.",3674,Semiconductors & Related Devices,operating,Large accelerated filer,1002,DE,SWKS,Nasdaq,SKYWORKS SOLUTIONS INC (2002-06-28..2011-06-17) | ALPHA INDUSTRIES INC (1995-02-08..2002-06-17),SWKS
1601712,Synchrony Financial,6199,Finance Services,operating,Large accelerated filer,1231,NY,SYF;SYF-PA;SYF-PB,NYSE;NYSE;NYSE,Synchrony Financial (2014-03-13..2026-09-14),SYF
310764,STRYKER CORP,3841,Surgical & Medical Instruments & Apparatus,operating,Large accelerated filer,1231,MI,SYK,NYSE,,SYK
96021,SYSCO CORP,5140,Wholesale-Groceries & Related Products,operating,Large accelerated filer,0627,DE,SYY,NYSE,,SYY
732717,AT&T INC.,4813,Telephone Communications (No Radiotelephone),operating,Large accelerated filer,1231,DE,T;TBB;T-PA;T-PC,NYSE;NYSE;NYSE;NYSE,SBC COMMUNICATIONS INC (1995-05-26..2005-11-18) | SOUTHWESTERN BELL CORP (1994-06-24..1995-04-26),T
1260221,TransDigm Group INC,3728,"Aircraft Parts & Auxiliary Equipment, NEC",operating,Large accelerated filer,0930,DE,TDG,NYSE,TD HOLDING CORP (2003-08-15..2005-12-20),TDG
1094285,TELEDYNE TECHNOLOGIES INC,3812,"Search, Detection, Navigation, Guidance, Aeronautical Sys",operating,Large accelerated filer,0103,DE,TDY,NYSE,,TDY
842023,BIO-TECHNE Corp,2836,"Biological Products, (No Diagnostic Substances)",operating,Large accelerated filer,0630,MN,TECH,Nasdaq,TECHNE CORP /MN/ (1995-09-20..2014-10-28),TECH
1385157,TE Connectivity plc,5065,"Wholesale-Electronic Parts & Equipment, NEC",operating,Large accelerated filer,0925,,TEL,NYSE,TE Connectivity Ltd. (2008-02-29..2024-09-23) | Tyco Electronics Ltd. (2007-01-18..2011-03-10),TEL
97210,"TERADYNE, INC",3825,Instruments For Meas & Testing of  Electricity & Elec Signals,operating,Large accelerated filer,1231,MA,TER,Nasdaq,TERADYNE INC (1994-05-06..2006-10-11),TER
92230,TRUIST FINANCIAL CORP,6021,National Commercial Banks,operating,Large accelerated filer,1231,NC,TFC;TFC-PI;TFC-PO;TFC-PR,NYSE;NYSE;NYSE;NYSE,BB&T CORP (1997-06-06..2019-12-06) | SOUTHERN NATIONAL CORP /NC/ (1994-05-19..1997-05-14),TFC
27419,TARGET CORP,5331,Retail-Variety Stores,operating,Large accelerated filer,0201,MN,TGT,NYSE,DAYTON HUDSON CORP (1994-12-09..1999-04-12),TGT
109198,TJX COMPANIES INC /DE/,5651,Retail-Family Clothing Stores,operating,Large accelerated filer,0201,DE,TJX,NYSE,TJX COMPANIES INC /DE/ (1994-04-22..2026-09-17),TJX
1973266,"TKO Group Holdings, Inc.",7900,Services-Amusement & Recreation Services,operating,Large accelerated filer,1231,DE,TKO,NYSE,New Whale Inc. (2023-05-12..2023-09-07),TKO
97745,THERMO FISHER SCIENTIFIC INC.,3829,"Measuring & Controlling Devices, NEC",operating,Large accelerated filer,1231,DE,TMO,NYSE,THERMO ELECTRON CORP (1994-02-18..2006-11-03),TMO
1283699,"T-Mobile US, Inc.",4812,Radiotelephone Communications,operating,Large accelerated filer,1231,DE,TMUS;TMUSI;TMUSL;TMUSZ,Nasdaq;Nasdaq;Nasdaq;Nasdaq,METROPCS COMMUNICATIONS INC (2004-03-23..2013-04-29),TMUS
1811074,Texas Pacific Land Corp,6792,Oil Royalty Traders,operating,Large accelerated filer,1231,DE,TPL,NYSE,,TPL
1116132,"TAPESTRY, INC.",3100,Leather & Leather Products,operating,Large accelerated filer,0627,MD,TPR,NYSE,COACH INC (2000-10-04..2017-10-11),TPR
1389170,Targa Resources Corp.,4922,Natural Gas Transmission,operating,Large accelerated filer,1231,,TRGP,NYSE,Targa Resources Corp. (2010-10-12..2026-09-17) | Targa Resources Investments Inc. (2007-02-08..2010-11-12),TRGP
864749,TRIMBLE INC.,3829,"Measuring & Controlling Devices, NEC",operating,Large accelerated filer,0102,DE,TRMB,Nasdaq,TRIMBLE NAVIGATION LTD /CA/ (1996-06-26..2016-09-06),TRMB
1113169,PRICE T ROWE GROUP INC,6282,Investment Advice,operating,Large accelerated filer,1231,MD,TROW,Nasdaq,,TROW
86312,"TRAVELERS COMPANIES, INC.",6331,"Fire, Marine & Casualty Insurance",operating,Large accelerated filer,1231,MN,TRV,NYSE,ST PAUL TRAVELERS COMPANIES INC (2004-04-01..2007-02-23) | ST PAUL COMPANIES INC /MN/ (1994-01-10..2004-03-31) | ST PAUL FIRE & MARINE INSURANCE CO/MD (1999-02-19..1999-02-19),TRV
916365,TRACTOR SUPPLY CO /DE/,5200,"Retail-Building Materials, Hardware, Garden Supply",operating,Large accelerated filer,1228,DE,TSCO,Nasdaq,,TSCO
1318605,"Tesla, Inc.",3711,Motor Vehicles & Passenger Car Bodies,operating,Large accelerated filer,1231,TX,TSLA,Nasdaq,TESLA MOTORS INC (2005-02-17..2017-01-27),TSLA
100493,"TYSON FOODS, INC.",2015,Poultry Slaughtering and Processing,operating,Large accelerated filer,1003,DE,TSN,NYSE,TYSON FOODS INC (1994-04-15..2019-02-07),TSN
1466258,Trane Technologies plc,3822,Auto Controls For Regulating Residential & Comml Environments,operating,Large accelerated filer,1231,L2,TT,NYSE,Ingersoll-Rand plc (2009-07-01..2020-02-24),TT
946581,TAKE TWO INTERACTIVE SOFTWARE INC,7372,Services-Prepackaged Software,operating,Large accelerated filer,0331,DE,TTWO,Nasdaq,,TTWO
97476,TEXAS INSTRUMENTS INC,3674,Semiconductors & Related Devices,operating,Large accelerated filer,1231,DE,TXN,Nasdaq,,TXN
217346,TEXTRON INC,3720,Aircraft & Parts,operating,Large accelerated filer,0102,DE,TXT,NYSE,,TXT
860731,TYLER TECHNOLOGIES INC,7372,Services-Prepackaged Software,operating,Large accelerated filer,1231,DE,TYL,NYSE,TYLER CORP /NEW/ (1996-08-14..1999-03-31),TYL
100517,"United Airlines Holdings, Inc.",4512,"Air Transportation, Scheduled",operating,Large accelerated filer,1231,DE,UAL,Nasdaq,"United Continental Holdings, Inc. (2010-07-22..2019-06-27) | UAL CORP /DE/ (1994-08-08..2010-09-30)",UAL
1543151,"Uber Technologies, Inc",7389,"Services-Business Services, NEC",operating,Large accelerated filer,1231,DE,UBER,NYSE,,UBER
74208,"UDR, Inc.",6798,Real Estate Investment Trusts,operating,Large accelerated filer,1231,MD,UDR,NYSE,UNITED DOMINION REALTY TRUST INC (1994-05-26..2007-03-14),UDR
352915,UNIVERSAL HEALTH SERVICES INC,8062,"Services-General Medical & Surgical Hospitals, NEC",operating,Large accelerated filer,1231,DE,UHS,NYSE,,UHS
1403568,"Ulta Beauty, Inc.",5990,"Retail-Retail Stores, NEC",operating,Large accelerated filer,0130,,ULTA,Nasdaq,"Ulta Salon, Cosmetics & Fragrance, Inc. (2007-07-06..2016-12-01)",ULTA
731766,UNITEDHEALTH GROUP INC,6324,Hospital & Medical Service Plans,operating,Large accelerated filer,1231,DE,UNH,NYSE,UNITED HEALTHCARE CORP (1995-04-04..2000-02-14),UNH
100885,UNION PACIFIC CORP,4011,"Railroads, Line-Haul Operating",operating,Large accelerated filer,1231,UT,UNP,NYSE,,UNP
1090727,UNITED PARCEL SERVICE INC,4210,Trucking & Courier Services (No Air),operating,Large accelerated filer,1231,DE,UPS,NYSE,,UPS
1067701,"UNITED RENTALS, INC.",7359,"Services-Equipment Rental & Leasing, NEC",operating,Large accelerated filer,1231,DE,URI,NYSE,UNITED RENTALS INC /DE (1998-11-16..2019-07-01),URI
36104,US BANCORP \DE\,6021,National Commercial Banks,operating,Large accelerated filer,1231,DE,USB;USB-PA;USB-PH;USB-PP;USB-PQ;USB-PR;USB-PS,NYSE;NYSE;NYSE;NYSE;NYSE;NYSE;NYSE,FIRST BANK SYSTEM INC (1994-08-15..1997-03-28),USB
1403161,VISA INC.,7389,"Services-Business Services, NEC",operating,Large accelerated filer,0930,DE,V,NYSE,,V
1393052,VEEVA SYSTEMS INC,7372,Services-Prepackaged Software,operating,Large accelerated filer,0131,DE,VEEV,NYSE,VERTICALS ONDEMAND INC (2007-03-07..2007-03-07),VEEV
1705696,VICI PROPERTIES INC.,6798,Real Estate Investment Trusts,operating,Large accelerated filer,1231,MD,VICI,NYSE,,VICI
1035002,VALERO ENERGY CORP/TX,2911,Petroleum Refining,operating,Large accelerated filer,1231,DE,VLO,NYSE,VALERO REFINING & MARKETING CO (1997-05-13..1997-07-21),VLO
1967680,Veralto Corp,3825,Instruments For Meas & Testing of  Electricity & Elec Signals,operating,Large accelerated filer,1231,X1,VLTO,NYSE,,VLTO
1396009,Vulcan Materials CO,1400,Mining & Quarrying of  Nonmetallic Minerals (No Fuels),operating,Large accelerated filer,1231,NJ,VMC,NYSE,"Virginia Holdco, Inc. (2007-04-12..2007-11-16)",VMC
906107,VIVMARK RESIDENTIAL,6798,Real Estate Investment Trusts,operating,Large accelerated filer,1231,,VMRK,NYSE,EQUITY RESIDENTIAL (2002-11-13..2026-08-12) | EQUITY RESIDENTIAL PROPERTIES TRUST (1994-02-10..2002-10-30),VMRK
1442145,"Verisk Analytics, Inc.",7374,Services-Computer Processing & Data Preparation,operating,Large accelerated filer,1231,DE,VRSK,Nasdaq,,VRSK
1014473,VERISIGN INC/CA,7371,Services-Computer Programming Services,operating,Large accelerated filer,1231,DE,VRSN,Nasdaq,,VRSN
1674101,Vertiv Holdings Co,3679,"Electronic Components, NEC",operating,Large accelerated filer,1231,DE,VRT,NYSE,GS Acquisition Holdings Corp (2018-04-23..2020-02-06),VRT
875320,VERTEX PHARMACEUTICALS INC / MA,2834,Pharmaceutical Preparations,operating,Large accelerated filer,1231,MA,VRTX,Nasdaq,,VRTX
1692819,Vistra Corp.,4911,Electric Services,operating,Large accelerated filer,1231,DE,VST,NYSE,Vistra Energy Corp. (2017-12-27..2020-06-29) | Vistra Energy Corp (2016-05-04..2018-01-29),VST
740260,"Ventas, Inc.",6798,Real Estate Investment Trusts,operating,Large accelerated filer,1231,DE,VTR,NYSE,VENTAS INC (1998-11-19..2019-06-25) | VENCOR INC (1994-12-08..1998-02-10),VTR
1792044,Viatris Inc,2834,Pharmaceutical Preparations,operating,Large accelerated filer,1231,DE,VTRS,Nasdaq,Upjohn Inc (2019-10-25..2020-11-10),VTRS
732712,VERIZON COMMUNICATIONS INC,4813,Telephone Communications (No Radiotelephone),operating,Large accelerated filer,1231,DE,VZ,NYSE,BELL ATLANTIC CORP (1994-06-30..2000-09-13),VZ
943452,WESTINGHOUSE AIR BRAKE TECHNOLOGIES CORP,3743,Railroad Equipment,operating,Large accelerated filer,1231,DE,WAB,NYSE,WABTEC CORP (2000-01-14..2000-01-14) | WESTINGHOUSE AIR BRAKE CO /DE/ (1996-08-07..1999-11-19),WAB
1000697,WATERS CORP /DE/,3826,Laboratory Analytical Instruments,operating,Large accelerated filer,1231,DE,WAT,NYSE,,WAT
1437107,"Warner Bros. Discovery, Inc.",4841,Cable & Other Pay Television Services,operating,Large accelerated filer,1231,DE,WBD,Nasdaq,"Discovery, Inc. (2018-03-06..2022-04-08) | Discovery Communications, Inc. (2008-06-11..2018-03-05)",WBD
1327811,"Workday, Inc.",7374,Services-Computer Processing & Data Preparation,operating,Large accelerated filer,0131,DE,WDAY,Nasdaq,Workday Inc (2007-01-10..2007-09-05) | North Tahoe Power Tools Inc (2005-05-17..2006-12-18),WDAY
106040,WESTERN DIGITAL CORP,3572,Computer Storage Devices,operating,Large accelerated filer,0703,DE,WDC,Nasdaq,,WDC
783325,"WEC ENERGY GROUP, INC.",4931,Electric & Other Services Combined,operating,Large accelerated filer,1231,WI,WEC,NYSE,WISCONSIN ENERGY CORP (1995-02-28..2015-06-29),WEC
766704,WELLTOWER INC.,6798,Real Estate Investment Trusts,operating,Large accelerated filer,1231,DE,WELL,NYSE,HEALTH CARE REIT INC /DE/ (1994-04-29..2015-09-25),WELL
72971,WELLS FARGO & COMPANY/MN,6021,National Commercial Banks,operating,Large accelerated filer,1231,DE,WFC;WFC-PY;WFC-PL;WFC-PC;WFCNP;WFC-PA;WFC-PD;WFC-PZ,NYSE;NYSE;NYSE;NYSE;OTC;NYSE;NYSE;NYSE,WELLS FARGO & CO/MN (1998-11-30..2012-04-10) | NORWEST CORP (1994-09-12..1998-10-21),WFC
823768,WASTE MANAGEMENT INC,4953,Refuse Systems,operating,Large accelerated filer,1231,DE,WM,NYSE,USA WASTE SERVICES INC (1994-08-05..1998-07-10),WM
107263,"WILLIAMS COMPANIES, INC.",4922,Natural Gas Transmission,operating,Large accelerated filer,1231,DE,WMB,NYSE,WILLIAMS COMPANIES INC (1994-12-16..2019-06-14),WMB
104169,Walmart Inc.,5331,Retail-Variety Stores,operating,Large accelerated filer,0131,DE,WMT,Nasdaq,Walmart Inc. (2018-01-31..2026-09-18) | WAL MART STORES INC (1994-02-14..2018-01-30),WMT
11544,BERKLEY W R CORP,6331,"Fire, Marine & Casualty Insurance",operating,Large accelerated filer,1231,DE,WRB;WRB-PE;WRB-PF;WRB-PG;WRB-PH,NYSE;NYSE;NYSE;NYSE;NYSE,,WRB
719955,WILLIAMS SONOMA INC,5700,"Retail-Home Furniture, Furnishings & Equipment Stores",operating,Large accelerated filer,0131,DE,WSM,NYSE,,WSM
105770,WEST PHARMACEUTICAL SERVICES INC,3841,Surgical & Medical Instruments & Apparatus,operating,Large accelerated filer,1231,PA,WST,NYSE,WEST CO INC (1994-04-05..1999-02-11),WST
1140536,WILLIS TOWERS WATSON PLC,6411,"Insurance Agents, Brokers & Service",operating,Large accelerated filer,1231,L2,WTW,Nasdaq,WILLIS GROUP HOLDINGS PLC (2010-01-19..2016-01-05) | WILLIS GROUP HOLDINGS LTD (2001-07-31..2010-01-04),WTW
106535,WEYERHAEUSER CO,6798,Real Estate Investment Trusts,operating,Large accelerated filer,1231,WA,WY,NYSE,,WY
1174922,WYNN RESORTS LTD,7011,Hotels & Motels,operating,Large accelerated filer,1231,,WYNN,Nasdaq,,WYNN
72903,XCEL ENERGY INC,4931,Electric & Other Services Combined,operating,Large accelerated filer,1231,MN,XEL;XELLL,Nasdaq;Nasdaq,NORTHERN STATES POWER CO /MN/ (1994-01-25..2000-02-14),XEL
2115436,ExxonMobil Holdings Corp,2911,Petroleum Refining,operating,Large accelerated filer,1231,TX,XOM,NYSE,,XOM
1524472,Xylem Inc.,3561,Pumps & Pumping Equipment,operating,Large accelerated filer,1231,IN,XYL,NYSE,"ITT WCO, Inc. (2011-07-11..2011-07-11)",XYL
1512673,"Block, Inc.",7372,Services-Prepackaged Software,operating,Large accelerated filer,1231,DE,XYZ;BSQKZ,NYSE;OTC,"Square, Inc. (2011-03-02..2021-12-08)",XYZ
1041061,YUM BRANDS INC,5812,Retail-Eating  Places,operating,Large accelerated filer,1231,NC,YUM,NYSE,TRICON GLOBAL RESTAURANTS INC (1997-08-20..2002-05-03),YUM
1136869,"ZIMMER BIOMET HOLDINGS, INC.",3842,"Orthopedic, Prosthetic & Surgical Appliances & Supplies",operating,Large accelerated filer,1231,DE,ZBH,NYSE,ZIMMER HOLDINGS INC (2001-03-26..2015-06-08),ZBH
877212,ZEBRA TECHNOLOGIES CORP,3560,General Industrial Machinery & Equipment,operating,Large accelerated filer,1231,,ZBRA,Nasdaq,ZEBRA TECHNOLOGIES CORP/DE (1995-09-08..2009-05-05),ZBRA
1555280,Zoetis Inc.,2834,Pharmaceutical Preparations,operating,Large accelerated filer,1231,,ZTS,NYSE,,ZTS
816284,CELGENE CORP /DE/,2834,Pharmaceutical Preparations,operating,Large accelerated filer,1231,DE,,,,CELG
1105705,"WARNER MEDIA, LLC",4841,Cable & Other Pay Television Services,operating,Large accelerated filer,1231,,,,TIME WARNER LLC (2018-06-15..2018-06-18) | TIME WARNER INC. (2007-12-11..2018-06-11) | TIME WARNER INC (2003-10-01..2007-11-09) | AOL TIME WARNER INC (2000-04-25..2003-10-14),TWX
6769,APACHE CORP,1311,Crude Petroleum & Natural Gas,operating,Non-accelerated filer,1231,DE,,,,APA
23082,COMPUTER SCIENCES CORP,7373,Services-Computer Integrated Systems Design,operating,Large Accelerated,0331,NV,,,,DXC
29915,DOW CHEMICAL CO /DE/,2821,"Plastic Materials, Synth Resins & Nonvulcan Elastomers",operating,Large accelerated filer,1231,DE,,,,DOW
31277,EATON CORP,3590,Misc Industrial & Commercial Machinery & Equipment,operating,Large Accelerated<br>Well Known Seasoned Issuer,1231,OH,,,,ETN
34088,EXXON MOBIL CORP,2911,Petroleum Refining,operating,Large accelerated filer,1231,NJ,,,EXXON CORP (1994-05-11..1999-11-30),XOM
64670,MEDTRONIC INC,3845,Electromedical & Electrotherapeutic Apparatus,operating,Large Accelerated<br>Well Known Seasoned Issuer,0425,MN,,,,MDT
97517,TEXAS PACIFIC LAND TRUST,6792,Oil Royalty Traders,operating,Large accelerated filer,1231,,,,,TPL
108772,XEROX CORP,3577,"Computer Peripheral Equipment, NEC",operating,Large Accelerated,1231,CT,,,,XRX
701221,Cigna Holding Co,6324,Hospital & Medical Service Plans,operating,Large Accelerated,1231,DE,,,CIGNA CORP (1994-12-23..2018-12-19),CI
813828,Paramount Global,4833,Television Broadcasting Stations,operating,Large accelerated filer,1231,DE,,,ViacomCBS Inc. (2019-12-04..2022-02-15) | CBS CORP (2006-01-09..2019-12-04) | VIACOM INC (1994-01-11..2006-01-05),PSKY
815065,STERIS CORP,3842,"Orthopedic, Prosthetic & Surgical Appliances & Supplies",operating,Large accelerated filer,0331,OH,,,,STE
820096,PERRIGO CO,2834,Pharmaceutical Preparations,operating,Large Accelerated,0630,,,,,PRGO
884905,LINDE INC,2810,Industrial Inorganic Chemicals,operating,Large accelerated filer,1231,DE,,,PRAXAIR INC (1995-02-14..2022-02-03),LIN
911160,RF MICRO DEVICES INC,3674,Semiconductors & Related Devices,operating,Large accelerated filer,0329,NC,,,,QRVO
1001039,TWDC Enterprises 18 Corp.,7990,Services-Miscellaneous Amusement & Recreation,operating,Large accelerated filer,0928,DE,,,WALT DISNEY CO/ (1996-10-15..2019-03-18) | DC HOLDCO INC (1995-09-20..1996-01-18),DIS
1058057,MARVELL TECHNOLOGY GROUP LTD,3674,Semiconductors & Related Devices,operating,Large accelerated filer,0130,D0,,,,MRVL
1144519,BUNGELTD,2070,Fats & Oils,operating,Large accelerated filer,1231,,,,BUNGE LTD (2005-03-01..2020-04-09) | Bunge LTD (2005-03-01..2020-04-09),BG
1288776,GOOGLE INC.,7370,"Services-Computer Programming, Data Processing, Etc.",operating,Large accelerated filer,1231,DE,,,,GOOGL
1318742,NCL CORP Ltd.,4400,Water Transportation,operating,Non-accelerated filer,1231,D0,,,,NCLH
1364742,"BlackRock Finance, Inc.",6211,"Security Brokers, Dealers & Flotation Companies",operating,Large accelerated filer,1231,DE,,,"BlackRock Inc. (2006-09-05..2024-09-26) | BlackRock, Inc. (2006-10-03..2006-10-05) | New BlackRock, Inc. (2006-06-09..2006-09-29)",BLK
1441634,Avago Technologies LTD,3674,Semiconductors & Related Devices,operating,Large accelerated filer,1031,,,,,AVGO
1458891,Noble Corp,1381,Drilling Oil & Gas Wells,operating,Large accelerated filer,1231,X0,,,Noble Holding Corp plc (2020-11-06..2021-02-05) | Noble Corp plc (2013-11-20..2020-11-05) | Noble Corp / Switzerland (2009-03-27..2013-11-15),NE
1491487,"Takung Art Co., Ltd",5990,"Retail-Retail Stores, NEC",operating,Non-accelerated filer<br>Smaller reporting company,1231,DE,,,"Takung Art Co., Ltd. (2014-11-06..2021-07-13) | Cardigant Medical Inc. (2011-08-16..2014-10-22)",MI
1623613,Mylan II B.V.,2834,Pharmaceutical Preparations,operating,Large accelerated filer,1231,P7,,,Mylan N.V. (2015-02-27..2020-11-06) | New Moon B.V. (2014-11-05..2014-12-24),VTRS
1624899,STERIS Ltd,3842,"Orthopedic, Prosthetic & Surgical Appliances & Supplies",operating,Large accelerated filer,0331,X0,,,Steris plc (2018-01-08..2019-04-08) | STERIS plc (2018-01-08..2019-04-08) | New STERIS Ltd (2014-11-26..2015-11-02),STE
1649338,Broadcom Pte. Ltd.,3674,Semiconductors & Related Devices,operating,Large accelerated filer,1030,,,,Broadcom Ltd (2016-01-22..2018-04-04) | Pavonia Ltd (2015-07-29..2015-10-20),AVGO
1832433,Ferguson (Jersey) Ltd,5070,Wholesale-Hardware & Plumbing & Heating Equipment & Supplies,operating,Large accelerated filer,0731,Y9,,,Ferguson plc (2020-11-20..2024-06-20),FERG
1844224,FREYR Battery,3690,"Miscellaneous Electrical Machinery, Equipment & Supplies",operating,<br>Emerging growth company,1231,N4,,,,TE
