section,metric,sample,horizon,statistic,value,unit,n_obs,source
A_rolling_returns,share_windows_positive_nominal_TR,"1926+ (Shiller monthly, starts 1926-01..end 2026-08)",1y,share,0.751672,fraction,1196,Shiller ie_data.xls via shillerdata.com (file saved 2026-09-02); monthly avg prices
A_rolling_returns,share_windows_positive_real_TR,"1926+ (Shiller monthly, starts 1926-01..end 2026-08)",1y,share,0.70903,fraction,1196,Shiller ie_data.xls via shillerdata.com (file saved 2026-09-02); monthly avg prices
A_rolling_returns,annualized_real_TR,"1926+ (Shiller monthly, starts 1926-01..end 2026-08)",1y,median,0.095393,decimal/yr,1196,Shiller ie_data.xls via shillerdata.com (file saved 2026-09-02); monthly avg prices
A_rolling_returns,annualized_nominal_TR,"1926+ (Shiller monthly, starts 1926-01..end 2026-08)",1y,p5,-0.213253,decimal/yr,1196,Shiller ie_data.xls via shillerdata.com (file saved 2026-09-02); monthly avg prices
A_rolling_returns,annualized_nominal_TR,"1926+ (Shiller monthly, starts 1926-01..end 2026-08)",1y,p25,0.001851,decimal/yr,1196,Shiller ie_data.xls via shillerdata.com (file saved 2026-09-02); monthly avg prices
A_rolling_returns,annualized_nominal_TR,"1926+ (Shiller monthly, starts 1926-01..end 2026-08)",1y,p50,0.135539,decimal/yr,1196,Shiller ie_data.xls via shillerdata.com (file saved 2026-09-02); monthly avg prices
A_rolling_returns,annualized_nominal_TR,"1926+ (Shiller monthly, starts 1926-01..end 2026-08)",1y,p75,0.248931,decimal/yr,1196,Shiller ie_data.xls via shillerdata.com (file saved 2026-09-02); monthly avg prices
A_rolling_returns,annualized_nominal_TR,"1926+ (Shiller monthly, starts 1926-01..end 2026-08)",1y,p95,0.428788,decimal/yr,1196,Shiller ie_data.xls via shillerdata.com (file saved 2026-09-02); monthly avg prices
A_rolling_returns,annualized_nominal_TR,"1926+ (Shiller monthly, starts 1926-01..end 2026-08)",1y,min,-0.622834,decimal/yr,1196,Shiller ie_data.xls via shillerdata.com (file saved 2026-09-02); monthly avg prices
A_rolling_returns,annualized_nominal_TR,"1926+ (Shiller monthly, starts 1926-01..end 2026-08)",1y,max,1.398059,decimal/yr,1196,Shiller ie_data.xls via shillerdata.com (file saved 2026-09-02); monthly avg prices
A_rolling_returns,annualized_nominal_TR,"1926+ (Shiller monthly, starts 1926-01..end 2026-08)",1y,mean,0.12421,decimal/yr,1196,Shiller ie_data.xls via shillerdata.com (file saved 2026-09-02); monthly avg prices
A_rolling_returns,share_windows_below_4pct_nominal,"1926+ (Shiller monthly, starts 1926-01..end 2026-08)",1y,share,0.298495,fraction,1196,Shiller ie_data.xls via shillerdata.com (file saved 2026-09-02); monthly avg prices
A_rolling_returns,share_windows_above_10pct_nominal,"1926+ (Shiller monthly, starts 1926-01..end 2026-08)",1y,share,0.587793,fraction,1196,Shiller ie_data.xls via shillerdata.com (file saved 2026-09-02); monthly avg prices
A_rolling_returns,share_windows_positive_nominal_TR,"1926+ (Shiller monthly, starts 1926-01..end 2026-08)",3y,share,0.848123,fraction,1172,Shiller ie_data.xls via shillerdata.com (file saved 2026-09-02); monthly avg prices
A_rolling_returns,share_windows_positive_real_TR,"1926+ (Shiller monthly, starts 1926-01..end 2026-08)",3y,share,0.767065,fraction,1172,Shiller ie_data.xls via shillerdata.com (file saved 2026-09-02); monthly avg prices
A_rolling_returns,annualized_real_TR,"1926+ (Shiller monthly, starts 1926-01..end 2026-08)",3y,median,0.082541,decimal/yr,1172,Shiller ie_data.xls via shillerdata.com (file saved 2026-09-02); monthly avg prices
A_rolling_returns,annualized_nominal_TR,"1926+ (Shiller monthly, starts 1926-01..end 2026-08)",3y,p5,-0.079134,decimal/yr,1172,Shiller ie_data.xls via shillerdata.com (file saved 2026-09-02); monthly avg prices
A_rolling_returns,annualized_nominal_TR,"1926+ (Shiller monthly, starts 1926-01..end 2026-08)",3y,p25,0.058359,decimal/yr,1172,Shiller ie_data.xls via shillerdata.com (file saved 2026-09-02); monthly avg prices
A_rolling_returns,annualized_nominal_TR,"1926+ (Shiller monthly, starts 1926-01..end 2026-08)",3y,p50,0.114849,decimal/yr,1172,Shiller ie_data.xls via shillerdata.com (file saved 2026-09-02); monthly avg prices
A_rolling_returns,annualized_nominal_TR,"1926+ (Shiller monthly, starts 1926-01..end 2026-08)",3y,p75,0.171668,decimal/yr,1172,Shiller ie_data.xls via shillerdata.com (file saved 2026-09-02); monthly avg prices
A_rolling_returns,annualized_nominal_TR,"1926+ (Shiller monthly, starts 1926-01..end 2026-08)",3y,p95,0.27795,decimal/yr,1172,Shiller ie_data.xls via shillerdata.com (file saved 2026-09-02); monthly avg prices
A_rolling_returns,annualized_nominal_TR,"1926+ (Shiller monthly, starts 1926-01..end 2026-08)",3y,min,-0.401999,decimal/yr,1172,Shiller ie_data.xls via shillerdata.com (file saved 2026-09-02); monthly avg prices
A_rolling_returns,annualized_nominal_TR,"1926+ (Shiller monthly, starts 1926-01..end 2026-08)",3y,max,0.39669,decimal/yr,1172,Shiller ie_data.xls via shillerdata.com (file saved 2026-09-02); monthly avg prices
A_rolling_returns,annualized_nominal_TR,"1926+ (Shiller monthly, starts 1926-01..end 2026-08)",3y,mean,0.107937,decimal/yr,1172,Shiller ie_data.xls via shillerdata.com (file saved 2026-09-02); monthly avg prices
A_rolling_returns,share_windows_below_4pct_nominal,"1926+ (Shiller monthly, starts 1926-01..end 2026-08)",3y,share,0.211604,fraction,1172,Shiller ie_data.xls via shillerdata.com (file saved 2026-09-02); monthly avg prices
A_rolling_returns,share_windows_above_10pct_nominal,"1926+ (Shiller monthly, starts 1926-01..end 2026-08)",3y,share,0.593857,fraction,1172,Shiller ie_data.xls via shillerdata.com (file saved 2026-09-02); monthly avg prices
A_rolling_returns,share_windows_positive_nominal_TR,"1926+ (Shiller monthly, starts 1926-01..end 2026-08)",5y,share,0.882404,fraction,1148,Shiller ie_data.xls via shillerdata.com (file saved 2026-09-02); monthly avg prices
A_rolling_returns,share_windows_positive_real_TR,"1926+ (Shiller monthly, starts 1926-01..end 2026-08)",5y,share,0.773519,fraction,1148,Shiller ie_data.xls via shillerdata.com (file saved 2026-09-02); monthly avg prices
A_rolling_returns,annualized_real_TR,"1926+ (Shiller monthly, starts 1926-01..end 2026-08)",5y,median,0.078782,decimal/yr,1148,Shiller ie_data.xls via shillerdata.com (file saved 2026-09-02); monthly avg prices
A_rolling_returns,annualized_nominal_TR,"1926+ (Shiller monthly, starts 1926-01..end 2026-08)",5y,p5,-0.045585,decimal/yr,1148,Shiller ie_data.xls via shillerdata.com (file saved 2026-09-02); monthly avg prices
A_rolling_returns,annualized_nominal_TR,"1926+ (Shiller monthly, starts 1926-01..end 2026-08)",5y,p25,0.056465,decimal/yr,1148,Shiller ie_data.xls via shillerdata.com (file saved 2026-09-02); monthly avg prices
A_rolling_returns,annualized_nominal_TR,"1926+ (Shiller monthly, starts 1926-01..end 2026-08)",5y,p50,0.112361,decimal/yr,1148,Shiller ie_data.xls via shillerdata.com (file saved 2026-09-02); monthly avg prices
A_rolling_returns,annualized_nominal_TR,"1926+ (Shiller monthly, starts 1926-01..end 2026-08)",5y,p75,0.156224,decimal/yr,1148,Shiller ie_data.xls via shillerdata.com (file saved 2026-09-02); monthly avg prices
A_rolling_returns,annualized_nominal_TR,"1926+ (Shiller monthly, starts 1926-01..end 2026-08)",5y,p95,0.227246,decimal/yr,1148,Shiller ie_data.xls via shillerdata.com (file saved 2026-09-02); monthly avg prices
A_rolling_returns,annualized_nominal_TR,"1926+ (Shiller monthly, starts 1926-01..end 2026-08)",5y,min,-0.1731,decimal/yr,1148,Shiller ie_data.xls via shillerdata.com (file saved 2026-09-02); monthly avg prices
A_rolling_returns,annualized_nominal_TR,"1926+ (Shiller monthly, starts 1926-01..end 2026-08)",5y,max,0.332288,decimal/yr,1148,Shiller ie_data.xls via shillerdata.com (file saved 2026-09-02); monthly avg prices
A_rolling_returns,annualized_nominal_TR,"1926+ (Shiller monthly, starts 1926-01..end 2026-08)",5y,mean,0.103249,decimal/yr,1148,Shiller ie_data.xls via shillerdata.com (file saved 2026-09-02); monthly avg prices
A_rolling_returns,share_windows_below_4pct_nominal,"1926+ (Shiller monthly, starts 1926-01..end 2026-08)",5y,share,0.211672,fraction,1148,Shiller ie_data.xls via shillerdata.com (file saved 2026-09-02); monthly avg prices
A_rolling_returns,share_windows_above_10pct_nominal,"1926+ (Shiller monthly, starts 1926-01..end 2026-08)",5y,share,0.586237,fraction,1148,Shiller ie_data.xls via shillerdata.com (file saved 2026-09-02); monthly avg prices
A_rolling_returns,share_windows_positive_nominal_TR,"1926+ (Shiller monthly, starts 1926-01..end 2026-08)",10y,share,0.954044,fraction,1088,Shiller ie_data.xls via shillerdata.com (file saved 2026-09-02); monthly avg prices
A_rolling_returns,share_windows_positive_real_TR,"1926+ (Shiller monthly, starts 1926-01..end 2026-08)",10y,share,0.870404,fraction,1088,Shiller ie_data.xls via shillerdata.com (file saved 2026-09-02); monthly avg prices
A_rolling_returns,annualized_real_TR,"1926+ (Shiller monthly, starts 1926-01..end 2026-08)",10y,median,0.076066,decimal/yr,1088,Shiller ie_data.xls via shillerdata.com (file saved 2026-09-02); monthly avg prices
A_rolling_returns,annualized_nominal_TR,"1926+ (Shiller monthly, starts 1926-01..end 2026-08)",10y,p5,0.004834,decimal/yr,1088,Shiller ie_data.xls via shillerdata.com (file saved 2026-09-02); monthly avg prices
A_rolling_returns,annualized_nominal_TR,"1926+ (Shiller monthly, starts 1926-01..end 2026-08)",10y,p25,0.071397,decimal/yr,1088,Shiller ie_data.xls via shillerdata.com (file saved 2026-09-02); monthly avg prices
A_rolling_returns,annualized_nominal_TR,"1926+ (Shiller monthly, starts 1926-01..end 2026-08)",10y,p50,0.107666,decimal/yr,1088,Shiller ie_data.xls via shillerdata.com (file saved 2026-09-02); monthly avg prices
A_rolling_returns,annualized_nominal_TR,"1926+ (Shiller monthly, starts 1926-01..end 2026-08)",10y,p75,0.148934,decimal/yr,1088,Shiller ie_data.xls via shillerdata.com (file saved 2026-09-02); monthly avg prices
A_rolling_returns,annualized_nominal_TR,"1926+ (Shiller monthly, starts 1926-01..end 2026-08)",10y,p95,0.180855,decimal/yr,1088,Shiller ie_data.xls via shillerdata.com (file saved 2026-09-02); monthly avg prices
A_rolling_returns,annualized_nominal_TR,"1926+ (Shiller monthly, starts 1926-01..end 2026-08)",10y,min,-0.040213,decimal/yr,1088,Shiller ie_data.xls via shillerdata.com (file saved 2026-09-02); monthly avg prices
A_rolling_returns,annualized_nominal_TR,"1926+ (Shiller monthly, starts 1926-01..end 2026-08)",10y,max,0.211722,decimal/yr,1088,Shiller ie_data.xls via shillerdata.com (file saved 2026-09-02); monthly avg prices
A_rolling_returns,annualized_nominal_TR,"1926+ (Shiller monthly, starts 1926-01..end 2026-08)",10y,mean,0.105393,decimal/yr,1088,Shiller ie_data.xls via shillerdata.com (file saved 2026-09-02); monthly avg prices
A_rolling_returns,share_windows_below_4pct_nominal,"1926+ (Shiller monthly, starts 1926-01..end 2026-08)",10y,share,0.121324,fraction,1088,Shiller ie_data.xls via shillerdata.com (file saved 2026-09-02); monthly avg prices
A_rolling_returns,share_windows_above_10pct_nominal,"1926+ (Shiller monthly, starts 1926-01..end 2026-08)",10y,share,0.534926,fraction,1088,Shiller ie_data.xls via shillerdata.com (file saved 2026-09-02); monthly avg prices
A_rolling_returns,share_windows_positive_nominal_TR,"1950+ (Shiller monthly, starts 1950-01..end 2026-08)",1y,share,0.790749,fraction,908,Shiller ie_data.xls via shillerdata.com (file saved 2026-09-02); monthly avg prices
A_rolling_returns,share_windows_positive_real_TR,"1950+ (Shiller monthly, starts 1950-01..end 2026-08)",1y,share,0.740088,fraction,908,Shiller ie_data.xls via shillerdata.com (file saved 2026-09-02); monthly avg prices
A_rolling_returns,annualized_real_TR,"1950+ (Shiller monthly, starts 1950-01..end 2026-08)",1y,median,0.098662,decimal/yr,908,Shiller ie_data.xls via shillerdata.com (file saved 2026-09-02); monthly avg prices
A_rolling_returns,annualized_nominal_TR,"1950+ (Shiller monthly, starts 1950-01..end 2026-08)",1y,p5,-0.151293,decimal/yr,908,Shiller ie_data.xls via shillerdata.com (file saved 2026-09-02); monthly avg prices
A_rolling_returns,annualized_nominal_TR,"1950+ (Shiller monthly, starts 1950-01..end 2026-08)",1y,p25,0.033714,decimal/yr,908,Shiller ie_data.xls via shillerdata.com (file saved 2026-09-02); monthly avg prices
A_rolling_returns,annualized_nominal_TR,"1950+ (Shiller monthly, starts 1950-01..end 2026-08)",1y,p50,0.138623,decimal/yr,908,Shiller ie_data.xls via shillerdata.com (file saved 2026-09-02); monthly avg prices
A_rolling_returns,annualized_nominal_TR,"1950+ (Shiller monthly, starts 1950-01..end 2026-08)",1y,p75,0.231099,decimal/yr,908,Shiller ie_data.xls via shillerdata.com (file saved 2026-09-02); monthly avg prices
A_rolling_returns,annualized_nominal_TR,"1950+ (Shiller monthly, starts 1950-01..end 2026-08)",1y,p95,0.377447,decimal/yr,908,Shiller ie_data.xls via shillerdata.com (file saved 2026-09-02); monthly avg prices
A_rolling_returns,annualized_nominal_TR,"1950+ (Shiller monthly, starts 1950-01..end 2026-08)",1y,min,-0.409145,decimal/yr,908,Shiller ie_data.xls via shillerdata.com (file saved 2026-09-02); monthly avg prices
A_rolling_returns,annualized_nominal_TR,"1950+ (Shiller monthly, starts 1950-01..end 2026-08)",1y,max,0.601758,decimal/yr,908,Shiller ie_data.xls via shillerdata.com (file saved 2026-09-02); monthly avg prices
A_rolling_returns,annualized_nominal_TR,"1950+ (Shiller monthly, starts 1950-01..end 2026-08)",1y,mean,0.127406,decimal/yr,908,Shiller ie_data.xls via shillerdata.com (file saved 2026-09-02); monthly avg prices
A_rolling_returns,share_windows_below_4pct_nominal,"1950+ (Shiller monthly, starts 1950-01..end 2026-08)",1y,share,0.262115,fraction,908,Shiller ie_data.xls via shillerdata.com (file saved 2026-09-02); monthly avg prices
A_rolling_returns,share_windows_above_10pct_nominal,"1950+ (Shiller monthly, starts 1950-01..end 2026-08)",1y,share,0.609031,fraction,908,Shiller ie_data.xls via shillerdata.com (file saved 2026-09-02); monthly avg prices
A_rolling_returns,share_windows_positive_nominal_TR,"1950+ (Shiller monthly, starts 1950-01..end 2026-08)",3y,share,0.895928,fraction,884,Shiller ie_data.xls via shillerdata.com (file saved 2026-09-02); monthly avg prices
A_rolling_returns,share_windows_positive_real_TR,"1950+ (Shiller monthly, starts 1950-01..end 2026-08)",3y,share,0.807692,fraction,884,Shiller ie_data.xls via shillerdata.com (file saved 2026-09-02); monthly avg prices
A_rolling_returns,annualized_real_TR,"1950+ (Shiller monthly, starts 1950-01..end 2026-08)",3y,median,0.086552,decimal/yr,884,Shiller ie_data.xls via shillerdata.com (file saved 2026-09-02); monthly avg prices
A_rolling_returns,annualized_nominal_TR,"1950+ (Shiller monthly, starts 1950-01..end 2026-08)",3y,p5,-0.0542,decimal/yr,884,Shiller ie_data.xls via shillerdata.com (file saved 2026-09-02); monthly avg prices
A_rolling_returns,annualized_nominal_TR,"1950+ (Shiller monthly, starts 1950-01..end 2026-08)",3y,p25,0.07431,decimal/yr,884,Shiller ie_data.xls via shillerdata.com (file saved 2026-09-02); monthly avg prices
A_rolling_returns,annualized_nominal_TR,"1950+ (Shiller monthly, starts 1950-01..end 2026-08)",3y,p50,0.117956,decimal/yr,884,Shiller ie_data.xls via shillerdata.com (file saved 2026-09-02); monthly avg prices
A_rolling_returns,annualized_nominal_TR,"1950+ (Shiller monthly, starts 1950-01..end 2026-08)",3y,p75,0.168098,decimal/yr,884,Shiller ie_data.xls via shillerdata.com (file saved 2026-09-02); monthly avg prices
A_rolling_returns,annualized_nominal_TR,"1950+ (Shiller monthly, starts 1950-01..end 2026-08)",3y,p95,0.264769,decimal/yr,884,Shiller ie_data.xls via shillerdata.com (file saved 2026-09-02); monthly avg prices
A_rolling_returns,annualized_nominal_TR,"1950+ (Shiller monthly, starts 1950-01..end 2026-08)",3y,min,-0.150645,decimal/yr,884,Shiller ie_data.xls via shillerdata.com (file saved 2026-09-02); monthly avg prices
A_rolling_returns,annualized_nominal_TR,"1950+ (Shiller monthly, starts 1950-01..end 2026-08)",3y,max,0.324755,decimal/yr,884,Shiller ie_data.xls via shillerdata.com (file saved 2026-09-02); monthly avg prices
A_rolling_returns,annualized_nominal_TR,"1950+ (Shiller monthly, starts 1950-01..end 2026-08)",3y,mean,0.115725,decimal/yr,884,Shiller ie_data.xls via shillerdata.com (file saved 2026-09-02); monthly avg prices
A_rolling_returns,share_windows_below_4pct_nominal,"1950+ (Shiller monthly, starts 1950-01..end 2026-08)",3y,share,0.162896,fraction,884,Shiller ie_data.xls via shillerdata.com (file saved 2026-09-02); monthly avg prices
A_rolling_returns,share_windows_above_10pct_nominal,"1950+ (Shiller monthly, starts 1950-01..end 2026-08)",3y,share,0.623303,fraction,884,Shiller ie_data.xls via shillerdata.com (file saved 2026-09-02); monthly avg prices
A_rolling_returns,share_windows_positive_nominal_TR,"1950+ (Shiller monthly, starts 1950-01..end 2026-08)",5y,share,0.924419,fraction,860,Shiller ie_data.xls via shillerdata.com (file saved 2026-09-02); monthly avg prices
A_rolling_returns,share_windows_positive_real_TR,"1950+ (Shiller monthly, starts 1950-01..end 2026-08)",5y,share,0.780233,fraction,860,Shiller ie_data.xls via shillerdata.com (file saved 2026-09-02); monthly avg prices
A_rolling_returns,annualized_real_TR,"1950+ (Shiller monthly, starts 1950-01..end 2026-08)",5y,median,0.084626,decimal/yr,860,Shiller ie_data.xls via shillerdata.com (file saved 2026-09-02); monthly avg prices
A_rolling_returns,annualized_nominal_TR,"1950+ (Shiller monthly, starts 1950-01..end 2026-08)",5y,p5,-0.007827,decimal/yr,860,Shiller ie_data.xls via shillerdata.com (file saved 2026-09-02); monthly avg prices
A_rolling_returns,annualized_nominal_TR,"1950+ (Shiller monthly, starts 1950-01..end 2026-08)",5y,p25,0.065177,decimal/yr,860,Shiller ie_data.xls via shillerdata.com (file saved 2026-09-02); monthly avg prices
A_rolling_returns,annualized_nominal_TR,"1950+ (Shiller monthly, starts 1950-01..end 2026-08)",5y,p50,0.120281,decimal/yr,860,Shiller ie_data.xls via shillerdata.com (file saved 2026-09-02); monthly avg prices
A_rolling_returns,annualized_nominal_TR,"1950+ (Shiller monthly, starts 1950-01..end 2026-08)",5y,p75,0.15616,decimal/yr,860,Shiller ie_data.xls via shillerdata.com (file saved 2026-09-02); monthly avg prices
A_rolling_returns,annualized_nominal_TR,"1950+ (Shiller monthly, starts 1950-01..end 2026-08)",5y,p95,0.230151,decimal/yr,860,Shiller ie_data.xls via shillerdata.com (file saved 2026-09-02); monthly avg prices
A_rolling_returns,annualized_nominal_TR,"1950+ (Shiller monthly, starts 1950-01..end 2026-08)",5y,min,-0.057633,decimal/yr,860,Shiller ie_data.xls via shillerdata.com (file saved 2026-09-02); monthly avg prices
A_rolling_returns,annualized_nominal_TR,"1950+ (Shiller monthly, starts 1950-01..end 2026-08)",5y,max,0.297112,decimal/yr,860,Shiller ie_data.xls via shillerdata.com (file saved 2026-09-02); monthly avg prices
A_rolling_returns,annualized_nominal_TR,"1950+ (Shiller monthly, starts 1950-01..end 2026-08)",5y,mean,0.113031,decimal/yr,860,Shiller ie_data.xls via shillerdata.com (file saved 2026-09-02); monthly avg prices
A_rolling_returns,share_windows_below_4pct_nominal,"1950+ (Shiller monthly, starts 1950-01..end 2026-08)",5y,share,0.182558,fraction,860,Shiller ie_data.xls via shillerdata.com (file saved 2026-09-02); monthly avg prices
A_rolling_returns,share_windows_above_10pct_nominal,"1950+ (Shiller monthly, starts 1950-01..end 2026-08)",5y,share,0.627907,fraction,860,Shiller ie_data.xls via shillerdata.com (file saved 2026-09-02); monthly avg prices
A_rolling_returns,share_windows_positive_nominal_TR,"1950+ (Shiller monthly, starts 1950-01..end 2026-08)",10y,share,0.97125,fraction,800,Shiller ie_data.xls via shillerdata.com (file saved 2026-09-02); monthly avg prices
A_rolling_returns,share_windows_positive_real_TR,"1950+ (Shiller monthly, starts 1950-01..end 2026-08)",10y,share,0.8425,fraction,800,Shiller ie_data.xls via shillerdata.com (file saved 2026-09-02); monthly avg prices
A_rolling_returns,annualized_real_TR,"1950+ (Shiller monthly, starts 1950-01..end 2026-08)",10y,median,0.080741,decimal/yr,800,Shiller ie_data.xls via shillerdata.com (file saved 2026-09-02); monthly avg prices
A_rolling_returns,annualized_nominal_TR,"1950+ (Shiller monthly, starts 1950-01..end 2026-08)",10y,p5,0.027335,decimal/yr,800,Shiller ie_data.xls via shillerdata.com (file saved 2026-09-02); monthly avg prices
A_rolling_returns,annualized_nominal_TR,"1950+ (Shiller monthly, starts 1950-01..end 2026-08)",10y,p25,0.073282,decimal/yr,800,Shiller ie_data.xls via shillerdata.com (file saved 2026-09-02); monthly avg prices
A_rolling_returns,annualized_nominal_TR,"1950+ (Shiller monthly, starts 1950-01..end 2026-08)",10y,p50,0.111424,decimal/yr,800,Shiller ie_data.xls via shillerdata.com (file saved 2026-09-02); monthly avg prices
A_rolling_returns,annualized_nominal_TR,"1950+ (Shiller monthly, starts 1950-01..end 2026-08)",10y,p75,0.147233,decimal/yr,800,Shiller ie_data.xls via shillerdata.com (file saved 2026-09-02); monthly avg prices
A_rolling_returns,annualized_nominal_TR,"1950+ (Shiller monthly, starts 1950-01..end 2026-08)",10y,p95,0.177459,decimal/yr,800,Shiller ie_data.xls via shillerdata.com (file saved 2026-09-02); monthly avg prices
A_rolling_returns,annualized_nominal_TR,"1950+ (Shiller monthly, starts 1950-01..end 2026-08)",10y,min,-0.035039,decimal/yr,800,Shiller ie_data.xls via shillerdata.com (file saved 2026-09-02); monthly avg prices
A_rolling_returns,annualized_nominal_TR,"1950+ (Shiller monthly, starts 1950-01..end 2026-08)",10y,max,0.192995,decimal/yr,800,Shiller ie_data.xls via shillerdata.com (file saved 2026-09-02); monthly avg prices
A_rolling_returns,annualized_nominal_TR,"1950+ (Shiller monthly, starts 1950-01..end 2026-08)",10y,mean,0.107597,decimal/yr,800,Shiller ie_data.xls via shillerdata.com (file saved 2026-09-02); monthly avg prices
A_rolling_returns,share_windows_below_4pct_nominal,"1950+ (Shiller monthly, starts 1950-01..end 2026-08)",10y,share,0.1025,fraction,800,Shiller ie_data.xls via shillerdata.com (file saved 2026-09-02); monthly avg prices
A_rolling_returns,share_windows_above_10pct_nominal,"1950+ (Shiller monthly, starts 1950-01..end 2026-08)",10y,share,0.5675,fraction,800,Shiller ie_data.xls via shillerdata.com (file saved 2026-09-02); monthly avg prices
A_rolling_returns,share_windows_positive_nominal_TR,"1990+ (Shiller monthly, starts 1990-01..end 2026-08)",1y,share,0.827103,fraction,428,Shiller ie_data.xls via shillerdata.com (file saved 2026-09-02); monthly avg prices
A_rolling_returns,share_windows_positive_real_TR,"1990+ (Shiller monthly, starts 1990-01..end 2026-08)",1y,share,0.813084,fraction,428,Shiller ie_data.xls via shillerdata.com (file saved 2026-09-02); monthly avg prices
A_rolling_returns,annualized_real_TR,"1990+ (Shiller monthly, starts 1990-01..end 2026-08)",1y,median,0.110972,decimal/yr,428,Shiller ie_data.xls via shillerdata.com (file saved 2026-09-02); monthly avg prices
A_rolling_returns,annualized_nominal_TR,"1990+ (Shiller monthly, starts 1990-01..end 2026-08)",1y,p5,-0.184019,decimal/yr,428,Shiller ie_data.xls via shillerdata.com (file saved 2026-09-02); monthly avg prices
A_rolling_returns,annualized_nominal_TR,"1990+ (Shiller monthly, starts 1990-01..end 2026-08)",1y,p25,0.058594,decimal/yr,428,Shiller ie_data.xls via shillerdata.com (file saved 2026-09-02); monthly avg prices
A_rolling_returns,annualized_nominal_TR,"1990+ (Shiller monthly, starts 1990-01..end 2026-08)",1y,p50,0.139124,decimal/yr,428,Shiller ie_data.xls via shillerdata.com (file saved 2026-09-02); monthly avg prices
A_rolling_returns,annualized_nominal_TR,"1990+ (Shiller monthly, starts 1990-01..end 2026-08)",1y,p75,0.21916,decimal/yr,428,Shiller ie_data.xls via shillerdata.com (file saved 2026-09-02); monthly avg prices
A_rolling_returns,annualized_nominal_TR,"1990+ (Shiller monthly, starts 1990-01..end 2026-08)",1y,p95,0.346213,decimal/yr,428,Shiller ie_data.xls via shillerdata.com (file saved 2026-09-02); monthly avg prices
A_rolling_returns,annualized_nominal_TR,"1990+ (Shiller monthly, starts 1990-01..end 2026-08)",1y,min,-0.409145,decimal/yr,428,Shiller ie_data.xls via shillerdata.com (file saved 2026-09-02); monthly avg prices
A_rolling_returns,annualized_nominal_TR,"1990+ (Shiller monthly, starts 1990-01..end 2026-08)",1y,max,0.558026,decimal/yr,428,Shiller ie_data.xls via shillerdata.com (file saved 2026-09-02); monthly avg prices
A_rolling_returns,annualized_nominal_TR,"1990+ (Shiller monthly, starts 1990-01..end 2026-08)",1y,mean,0.123076,decimal/yr,428,Shiller ie_data.xls via shillerdata.com (file saved 2026-09-02); monthly avg prices
A_rolling_returns,share_windows_below_4pct_nominal,"1990+ (Shiller monthly, starts 1990-01..end 2026-08)",1y,share,0.21028,fraction,428,Shiller ie_data.xls via shillerdata.com (file saved 2026-09-02); monthly avg prices
A_rolling_returns,share_windows_above_10pct_nominal,"1990+ (Shiller monthly, starts 1990-01..end 2026-08)",1y,share,0.63785,fraction,428,Shiller ie_data.xls via shillerdata.com (file saved 2026-09-02); monthly avg prices
A_rolling_returns,share_windows_positive_nominal_TR,"1990+ (Shiller monthly, starts 1990-01..end 2026-08)",3y,share,0.846535,fraction,404,Shiller ie_data.xls via shillerdata.com (file saved 2026-09-02); monthly avg prices
A_rolling_returns,share_windows_positive_real_TR,"1990+ (Shiller monthly, starts 1990-01..end 2026-08)",3y,share,0.819307,fraction,404,Shiller ie_data.xls via shillerdata.com (file saved 2026-09-02); monthly avg prices
A_rolling_returns,annualized_real_TR,"1990+ (Shiller monthly, starts 1990-01..end 2026-08)",3y,median,0.095023,decimal/yr,404,Shiller ie_data.xls via shillerdata.com (file saved 2026-09-02); monthly avg prices
A_rolling_returns,annualized_nominal_TR,"1990+ (Shiller monthly, starts 1990-01..end 2026-08)",3y,p5,-0.091965,decimal/yr,404,Shiller ie_data.xls via shillerdata.com (file saved 2026-09-02); monthly avg prices
A_rolling_returns,annualized_nominal_TR,"1990+ (Shiller monthly, starts 1990-01..end 2026-08)",3y,p25,0.083119,decimal/yr,404,Shiller ie_data.xls via shillerdata.com (file saved 2026-09-02); monthly avg prices
A_rolling_returns,annualized_nominal_TR,"1990+ (Shiller monthly, starts 1990-01..end 2026-08)",3y,p50,0.122212,decimal/yr,404,Shiller ie_data.xls via shillerdata.com (file saved 2026-09-02); monthly avg prices
A_rolling_returns,annualized_nominal_TR,"1990+ (Shiller monthly, starts 1990-01..end 2026-08)",3y,p75,0.167997,decimal/yr,404,Shiller ie_data.xls via shillerdata.com (file saved 2026-09-02); monthly avg prices
A_rolling_returns,annualized_nominal_TR,"1990+ (Shiller monthly, starts 1990-01..end 2026-08)",3y,p95,0.273039,decimal/yr,404,Shiller ie_data.xls via shillerdata.com (file saved 2026-09-02); monthly avg prices
A_rolling_returns,annualized_nominal_TR,"1990+ (Shiller monthly, starts 1990-01..end 2026-08)",3y,min,-0.150645,decimal/yr,404,Shiller ie_data.xls via shillerdata.com (file saved 2026-09-02); monthly avg prices
A_rolling_returns,annualized_nominal_TR,"1990+ (Shiller monthly, starts 1990-01..end 2026-08)",3y,max,0.324755,decimal/yr,404,Shiller ie_data.xls via shillerdata.com (file saved 2026-09-02); monthly avg prices
A_rolling_returns,annualized_nominal_TR,"1990+ (Shiller monthly, starts 1990-01..end 2026-08)",3y,mean,0.111256,decimal/yr,404,Shiller ie_data.xls via shillerdata.com (file saved 2026-09-02); monthly avg prices
A_rolling_returns,share_windows_below_4pct_nominal,"1990+ (Shiller monthly, starts 1990-01..end 2026-08)",3y,share,0.205446,fraction,404,Shiller ie_data.xls via shillerdata.com (file saved 2026-09-02); monthly avg prices
A_rolling_returns,share_windows_above_10pct_nominal,"1990+ (Shiller monthly, starts 1990-01..end 2026-08)",3y,share,0.65099,fraction,404,Shiller ie_data.xls via shillerdata.com (file saved 2026-09-02); monthly avg prices
A_rolling_returns,share_windows_positive_nominal_TR,"1990+ (Shiller monthly, starts 1990-01..end 2026-08)",5y,share,0.860526,fraction,380,Shiller ie_data.xls via shillerdata.com (file saved 2026-09-02); monthly avg prices
A_rolling_returns,share_windows_positive_real_TR,"1990+ (Shiller monthly, starts 1990-01..end 2026-08)",5y,share,0.763158,fraction,380,Shiller ie_data.xls via shillerdata.com (file saved 2026-09-02); monthly avg prices
A_rolling_returns,annualized_real_TR,"1990+ (Shiller monthly, starts 1990-01..end 2026-08)",5y,median,0.092443,decimal/yr,380,Shiller ie_data.xls via shillerdata.com (file saved 2026-09-02); monthly avg prices
A_rolling_returns,annualized_nominal_TR,"1990+ (Shiller monthly, starts 1990-01..end 2026-08)",5y,p5,-0.019878,decimal/yr,380,Shiller ie_data.xls via shillerdata.com (file saved 2026-09-02); monthly avg prices
A_rolling_returns,annualized_nominal_TR,"1990+ (Shiller monthly, starts 1990-01..end 2026-08)",5y,p25,0.028205,decimal/yr,380,Shiller ie_data.xls via shillerdata.com (file saved 2026-09-02); monthly avg prices
A_rolling_returns,annualized_nominal_TR,"1990+ (Shiller monthly, starts 1990-01..end 2026-08)",5y,p50,0.123002,decimal/yr,380,Shiller ie_data.xls via shillerdata.com (file saved 2026-09-02); monthly avg prices
A_rolling_returns,annualized_nominal_TR,"1990+ (Shiller monthly, starts 1990-01..end 2026-08)",5y,p75,0.157098,decimal/yr,380,Shiller ie_data.xls via shillerdata.com (file saved 2026-09-02); monthly avg prices
A_rolling_returns,annualized_nominal_TR,"1990+ (Shiller monthly, starts 1990-01..end 2026-08)",5y,p95,0.235867,decimal/yr,380,Shiller ie_data.xls via shillerdata.com (file saved 2026-09-02); monthly avg prices
A_rolling_returns,annualized_nominal_TR,"1990+ (Shiller monthly, starts 1990-01..end 2026-08)",5y,min,-0.057633,decimal/yr,380,Shiller ie_data.xls via shillerdata.com (file saved 2026-09-02); monthly avg prices
A_rolling_returns,annualized_nominal_TR,"1990+ (Shiller monthly, starts 1990-01..end 2026-08)",5y,max,0.280153,decimal/yr,380,Shiller ie_data.xls via shillerdata.com (file saved 2026-09-02); monthly avg prices
A_rolling_returns,annualized_nominal_TR,"1990+ (Shiller monthly, starts 1990-01..end 2026-08)",5y,mean,0.107383,decimal/yr,380,Shiller ie_data.xls via shillerdata.com (file saved 2026-09-02); monthly avg prices
A_rolling_returns,share_windows_below_4pct_nominal,"1990+ (Shiller monthly, starts 1990-01..end 2026-08)",5y,share,0.268421,fraction,380,Shiller ie_data.xls via shillerdata.com (file saved 2026-09-02); monthly avg prices
A_rolling_returns,share_windows_above_10pct_nominal,"1990+ (Shiller monthly, starts 1990-01..end 2026-08)",5y,share,0.631579,fraction,380,Shiller ie_data.xls via shillerdata.com (file saved 2026-09-02); monthly avg prices
A_rolling_returns,share_windows_positive_nominal_TR,"1990+ (Shiller monthly, starts 1990-01..end 2026-08)",10y,share,0.928125,fraction,320,Shiller ie_data.xls via shillerdata.com (file saved 2026-09-02); monthly avg prices
A_rolling_returns,share_windows_positive_real_TR,"1990+ (Shiller monthly, starts 1990-01..end 2026-08)",10y,share,0.9,fraction,320,Shiller ie_data.xls via shillerdata.com (file saved 2026-09-02); monthly avg prices
A_rolling_returns,annualized_real_TR,"1990+ (Shiller monthly, starts 1990-01..end 2026-08)",10y,median,0.074286,decimal/yr,320,Shiller ie_data.xls via shillerdata.com (file saved 2026-09-02); monthly avg prices
A_rolling_returns,annualized_nominal_TR,"1990+ (Shiller monthly, starts 1990-01..end 2026-08)",10y,p5,-0.006254,decimal/yr,320,Shiller ie_data.xls via shillerdata.com (file saved 2026-09-02); monthly avg prices
A_rolling_returns,annualized_nominal_TR,"1990+ (Shiller monthly, starts 1990-01..end 2026-08)",10y,p25,0.071397,decimal/yr,320,Shiller ie_data.xls via shillerdata.com (file saved 2026-09-02); monthly avg prices
A_rolling_returns,annualized_nominal_TR,"1990+ (Shiller monthly, starts 1990-01..end 2026-08)",10y,p50,0.097281,decimal/yr,320,Shiller ie_data.xls via shillerdata.com (file saved 2026-09-02); monthly avg prices
A_rolling_returns,annualized_nominal_TR,"1990+ (Shiller monthly, starts 1990-01..end 2026-08)",10y,p75,0.132858,decimal/yr,320,Shiller ie_data.xls via shillerdata.com (file saved 2026-09-02); monthly avg prices
A_rolling_returns,annualized_nominal_TR,"1990+ (Shiller monthly, starts 1990-01..end 2026-08)",10y,p95,0.163738,decimal/yr,320,Shiller ie_data.xls via shillerdata.com (file saved 2026-09-02); monthly avg prices
A_rolling_returns,annualized_nominal_TR,"1990+ (Shiller monthly, starts 1990-01..end 2026-08)",10y,min,-0.035039,decimal/yr,320,Shiller ie_data.xls via shillerdata.com (file saved 2026-09-02); monthly avg prices
A_rolling_returns,annualized_nominal_TR,"1990+ (Shiller monthly, starts 1990-01..end 2026-08)",10y,max,0.192995,decimal/yr,320,Shiller ie_data.xls via shillerdata.com (file saved 2026-09-02); monthly avg prices
A_rolling_returns,annualized_nominal_TR,"1990+ (Shiller monthly, starts 1990-01..end 2026-08)",10y,mean,0.094809,decimal/yr,320,Shiller ie_data.xls via shillerdata.com (file saved 2026-09-02); monthly avg prices
A_rolling_returns,share_windows_below_4pct_nominal,"1990+ (Shiller monthly, starts 1990-01..end 2026-08)",10y,share,0.146875,fraction,320,Shiller ie_data.xls via shillerdata.com (file saved 2026-09-02); monthly avg prices
A_rolling_returns,share_windows_above_10pct_nominal,"1990+ (Shiller monthly, starts 1990-01..end 2026-08)",10y,share,0.4875,fraction,320,Shiller ie_data.xls via shillerdata.com (file saved 2026-09-02); monthly avg prices
A_rolling_returns_xcheck,share_windows_positive_nominal_TR,"1990+ (^SP500TR month-end, starts 1990-01..end 2026-08)",1y,share,0.838785,fraction,428,"Yahoo Finance ^SP500TR daily closes (retrieved 2026-09-26), month-end"
A_rolling_returns_xcheck,annualized_nominal_TR,"1990+ (^SP500TR month-end, starts 1990-01..end 2026-08)",1y,p5,-0.182034,decimal/yr,428,"Yahoo Finance ^SP500TR daily closes (retrieved 2026-09-26), month-end"
A_rolling_returns_xcheck,annualized_nominal_TR,"1990+ (^SP500TR month-end, starts 1990-01..end 2026-08)",1y,p25,0.054644,decimal/yr,428,"Yahoo Finance ^SP500TR daily closes (retrieved 2026-09-26), month-end"
A_rolling_returns_xcheck,annualized_nominal_TR,"1990+ (^SP500TR month-end, starts 1990-01..end 2026-08)",1y,p50,0.142794,decimal/yr,428,"Yahoo Finance ^SP500TR daily closes (retrieved 2026-09-26), month-end"
A_rolling_returns_xcheck,annualized_nominal_TR,"1990+ (^SP500TR month-end, starts 1990-01..end 2026-08)",1y,p75,0.218247,decimal/yr,428,"Yahoo Finance ^SP500TR daily closes (retrieved 2026-09-26), month-end"
A_rolling_returns_xcheck,annualized_nominal_TR,"1990+ (^SP500TR month-end, starts 1990-01..end 2026-08)",1y,p95,0.350789,decimal/yr,428,"Yahoo Finance ^SP500TR daily closes (retrieved 2026-09-26), month-end"
A_rolling_returns_xcheck,annualized_nominal_TR,"1990+ (^SP500TR month-end, starts 1990-01..end 2026-08)",1y,min,-0.433206,decimal/yr,428,"Yahoo Finance ^SP500TR daily closes (retrieved 2026-09-26), month-end"
A_rolling_returns_xcheck,annualized_nominal_TR,"1990+ (^SP500TR month-end, starts 1990-01..end 2026-08)",1y,max,0.563516,decimal/yr,428,"Yahoo Finance ^SP500TR daily closes (retrieved 2026-09-26), month-end"
A_rolling_returns_xcheck,annualized_nominal_TR,"1990+ (^SP500TR month-end, starts 1990-01..end 2026-08)",1y,mean,0.124161,decimal/yr,428,"Yahoo Finance ^SP500TR daily closes (retrieved 2026-09-26), month-end"
A_rolling_returns_xcheck,share_windows_below_4pct_nominal,"1990+ (^SP500TR month-end, starts 1990-01..end 2026-08)",1y,share,0.21729,fraction,428,"Yahoo Finance ^SP500TR daily closes (retrieved 2026-09-26), month-end"
A_rolling_returns_xcheck,share_windows_above_10pct_nominal,"1990+ (^SP500TR month-end, starts 1990-01..end 2026-08)",1y,share,0.63785,fraction,428,"Yahoo Finance ^SP500TR daily closes (retrieved 2026-09-26), month-end"
A_rolling_returns_xcheck,share_windows_positive_nominal_TR,"1990+ (^SP500TR month-end, starts 1990-01..end 2026-08)",3y,share,0.85396,fraction,404,"Yahoo Finance ^SP500TR daily closes (retrieved 2026-09-26), month-end"
A_rolling_returns_xcheck,annualized_nominal_TR,"1990+ (^SP500TR month-end, starts 1990-01..end 2026-08)",3y,p5,-0.091065,decimal/yr,404,"Yahoo Finance ^SP500TR daily closes (retrieved 2026-09-26), month-end"
A_rolling_returns_xcheck,annualized_nominal_TR,"1990+ (^SP500TR month-end, starts 1990-01..end 2026-08)",3y,p25,0.081375,decimal/yr,404,"Yahoo Finance ^SP500TR daily closes (retrieved 2026-09-26), month-end"
A_rolling_returns_xcheck,annualized_nominal_TR,"1990+ (^SP500TR month-end, starts 1990-01..end 2026-08)",3y,p50,0.12162,decimal/yr,404,"Yahoo Finance ^SP500TR daily closes (retrieved 2026-09-26), month-end"
A_rolling_returns_xcheck,annualized_nominal_TR,"1990+ (^SP500TR month-end, starts 1990-01..end 2026-08)",3y,p75,0.16931,decimal/yr,404,"Yahoo Finance ^SP500TR daily closes (retrieved 2026-09-26), month-end"
A_rolling_returns_xcheck,annualized_nominal_TR,"1990+ (^SP500TR month-end, starts 1990-01..end 2026-08)",3y,p95,0.274895,decimal/yr,404,"Yahoo Finance ^SP500TR daily closes (retrieved 2026-09-26), month-end"
A_rolling_returns_xcheck,annualized_nominal_TR,"1990+ (^SP500TR month-end, starts 1990-01..end 2026-08)",3y,min,-0.16094,decimal/yr,404,"Yahoo Finance ^SP500TR daily closes (retrieved 2026-09-26), month-end"
A_rolling_returns_xcheck,annualized_nominal_TR,"1990+ (^SP500TR month-end, starts 1990-01..end 2026-08)",3y,max,0.328118,decimal/yr,404,"Yahoo Finance ^SP500TR daily closes (retrieved 2026-09-26), month-end"
A_rolling_returns_xcheck,annualized_nominal_TR,"1990+ (^SP500TR month-end, starts 1990-01..end 2026-08)",3y,mean,0.111912,decimal/yr,404,"Yahoo Finance ^SP500TR daily closes (retrieved 2026-09-26), month-end"
A_rolling_returns_xcheck,share_windows_below_4pct_nominal,"1990+ (^SP500TR month-end, starts 1990-01..end 2026-08)",3y,share,0.205446,fraction,404,"Yahoo Finance ^SP500TR daily closes (retrieved 2026-09-26), month-end"
A_rolling_returns_xcheck,share_windows_above_10pct_nominal,"1990+ (^SP500TR month-end, starts 1990-01..end 2026-08)",3y,share,0.673267,fraction,404,"Yahoo Finance ^SP500TR daily closes (retrieved 2026-09-26), month-end"
A_rolling_returns_xcheck,share_windows_positive_nominal_TR,"1990+ (^SP500TR month-end, starts 1990-01..end 2026-08)",5y,share,0.871053,fraction,380,"Yahoo Finance ^SP500TR daily closes (retrieved 2026-09-26), month-end"
A_rolling_returns_xcheck,annualized_nominal_TR,"1990+ (^SP500TR month-end, starts 1990-01..end 2026-08)",5y,p5,-0.019321,decimal/yr,380,"Yahoo Finance ^SP500TR daily closes (retrieved 2026-09-26), month-end"
A_rolling_returns_xcheck,annualized_nominal_TR,"1990+ (^SP500TR month-end, starts 1990-01..end 2026-08)",5y,p25,0.028586,decimal/yr,380,"Yahoo Finance ^SP500TR daily closes (retrieved 2026-09-26), month-end"
A_rolling_returns_xcheck,annualized_nominal_TR,"1990+ (^SP500TR month-end, starts 1990-01..end 2026-08)",5y,p50,0.121479,decimal/yr,380,"Yahoo Finance ^SP500TR daily closes (retrieved 2026-09-26), month-end"
A_rolling_returns_xcheck,annualized_nominal_TR,"1990+ (^SP500TR month-end, starts 1990-01..end 2026-08)",5y,p75,0.159068,decimal/yr,380,"Yahoo Finance ^SP500TR daily closes (retrieved 2026-09-26), month-end"
A_rolling_returns_xcheck,annualized_nominal_TR,"1990+ (^SP500TR month-end, starts 1990-01..end 2026-08)",5y,p95,0.237703,decimal/yr,380,"Yahoo Finance ^SP500TR daily closes (retrieved 2026-09-26), month-end"
A_rolling_returns_xcheck,annualized_nominal_TR,"1990+ (^SP500TR month-end, starts 1990-01..end 2026-08)",5y,min,-0.066347,decimal/yr,380,"Yahoo Finance ^SP500TR daily closes (retrieved 2026-09-26), month-end"
A_rolling_returns_xcheck,annualized_nominal_TR,"1990+ (^SP500TR month-end, starts 1990-01..end 2026-08)",5y,max,0.285552,decimal/yr,380,"Yahoo Finance ^SP500TR daily closes (retrieved 2026-09-26), month-end"
A_rolling_returns_xcheck,annualized_nominal_TR,"1990+ (^SP500TR month-end, starts 1990-01..end 2026-08)",5y,mean,0.107955,decimal/yr,380,"Yahoo Finance ^SP500TR daily closes (retrieved 2026-09-26), month-end"
A_rolling_returns_xcheck,share_windows_below_4pct_nominal,"1990+ (^SP500TR month-end, starts 1990-01..end 2026-08)",5y,share,0.268421,fraction,380,"Yahoo Finance ^SP500TR daily closes (retrieved 2026-09-26), month-end"
A_rolling_returns_xcheck,share_windows_above_10pct_nominal,"1990+ (^SP500TR month-end, starts 1990-01..end 2026-08)",5y,share,0.634211,fraction,380,"Yahoo Finance ^SP500TR daily closes (retrieved 2026-09-26), month-end"
A_rolling_returns_xcheck,share_windows_positive_nominal_TR,"1990+ (^SP500TR month-end, starts 1990-01..end 2026-08)",10y,share,0.925,fraction,320,"Yahoo Finance ^SP500TR daily closes (retrieved 2026-09-26), month-end"
A_rolling_returns_xcheck,annualized_nominal_TR,"1990+ (^SP500TR month-end, starts 1990-01..end 2026-08)",10y,p5,-0.007639,decimal/yr,320,"Yahoo Finance ^SP500TR daily closes (retrieved 2026-09-26), month-end"
A_rolling_returns_xcheck,annualized_nominal_TR,"1990+ (^SP500TR month-end, starts 1990-01..end 2026-08)",10y,p25,0.071617,decimal/yr,320,"Yahoo Finance ^SP500TR daily closes (retrieved 2026-09-26), month-end"
A_rolling_returns_xcheck,annualized_nominal_TR,"1990+ (^SP500TR month-end, starts 1990-01..end 2026-08)",10y,p50,0.098673,decimal/yr,320,"Yahoo Finance ^SP500TR daily closes (retrieved 2026-09-26), month-end"
A_rolling_returns_xcheck,annualized_nominal_TR,"1990+ (^SP500TR month-end, starts 1990-01..end 2026-08)",10y,p75,0.131744,decimal/yr,320,"Yahoo Finance ^SP500TR daily closes (retrieved 2026-09-26), month-end"
A_rolling_returns_xcheck,annualized_nominal_TR,"1990+ (^SP500TR month-end, starts 1990-01..end 2026-08)",10y,p95,0.163505,decimal/yr,320,"Yahoo Finance ^SP500TR daily closes (retrieved 2026-09-26), month-end"
A_rolling_returns_xcheck,annualized_nominal_TR,"1990+ (^SP500TR month-end, starts 1990-01..end 2026-08)",10y,min,-0.034322,decimal/yr,320,"Yahoo Finance ^SP500TR daily closes (retrieved 2026-09-26), month-end"
A_rolling_returns_xcheck,annualized_nominal_TR,"1990+ (^SP500TR month-end, starts 1990-01..end 2026-08)",10y,max,0.194905,decimal/yr,320,"Yahoo Finance ^SP500TR daily closes (retrieved 2026-09-26), month-end"
A_rolling_returns_xcheck,annualized_nominal_TR,"1990+ (^SP500TR month-end, starts 1990-01..end 2026-08)",10y,mean,0.095316,decimal/yr,320,"Yahoo Finance ^SP500TR daily closes (retrieved 2026-09-26), month-end"
A_rolling_returns_xcheck,share_windows_below_4pct_nominal,"1990+ (^SP500TR month-end, starts 1990-01..end 2026-08)",10y,share,0.140625,fraction,320,"Yahoo Finance ^SP500TR daily closes (retrieved 2026-09-26), month-end"
A_rolling_returns_xcheck,share_windows_above_10pct_nominal,"1990+ (^SP500TR month-end, starts 1990-01..end 2026-08)",10y,share,0.4875,fraction,320,"Yahoo Finance ^SP500TR daily closes (retrieved 2026-09-26), month-end"
B_calendar_windows,share_windows_positive_nominal_TR,"1928+ calendar-year windows (Damodaran), start years 1928..2025",1y,share,0.734694,fraction,98,"Damodaran histretSP.xls (NYU Stern; S&P 500 incl. dividends, 3m T-bill; 1928-2025; file dated 2026-01-01)"
B_calendar_windows,share_windows_stocks_beat_tbills,"1928+ calendar-year windows (Damodaran), start years 1928..2025",1y,share,0.673469,fraction,98,"Damodaran histretSP.xls (NYU Stern; S&P 500 incl. dividends, 3m T-bill; 1928-2025; file dated 2026-01-01)"
B_calendar_windows,annualized_nominal_TR,"1928+ calendar-year windows (Damodaran), start years 1928..2025",1y,median,0.152168,decimal/yr,98,"Damodaran histretSP.xls (NYU Stern; S&P 500 incl. dividends, 3m T-bill; 1928-2025; file dated 2026-01-01)"
B_calendar_windows,share_windows_positive_nominal_TR,"1928+ calendar-year windows (Damodaran), start years 1928..2023",3y,share,0.84375,fraction,96,"Damodaran histretSP.xls (NYU Stern; S&P 500 incl. dividends, 3m T-bill; 1928-2025; file dated 2026-01-01)"
B_calendar_windows,share_windows_stocks_beat_tbills,"1928+ calendar-year windows (Damodaran), start years 1928..2023",3y,share,0.802083,fraction,96,"Damodaran histretSP.xls (NYU Stern; S&P 500 incl. dividends, 3m T-bill; 1928-2025; file dated 2026-01-01)"
B_calendar_windows,annualized_nominal_TR,"1928+ calendar-year windows (Damodaran), start years 1928..2023",3y,median,0.113418,decimal/yr,96,"Damodaran histretSP.xls (NYU Stern; S&P 500 incl. dividends, 3m T-bill; 1928-2025; file dated 2026-01-01)"
B_calendar_windows,share_windows_positive_nominal_TR,"1928+ calendar-year windows (Damodaran), start years 1928..2021",5y,share,0.882979,fraction,94,"Damodaran histretSP.xls (NYU Stern; S&P 500 incl. dividends, 3m T-bill; 1928-2025; file dated 2026-01-01)"
B_calendar_windows,share_windows_stocks_beat_tbills,"1928+ calendar-year windows (Damodaran), start years 1928..2021",5y,share,0.776596,fraction,94,"Damodaran histretSP.xls (NYU Stern; S&P 500 incl. dividends, 3m T-bill; 1928-2025; file dated 2026-01-01)"
B_calendar_windows,annualized_nominal_TR,"1928+ calendar-year windows (Damodaran), start years 1928..2021",5y,median,0.125793,decimal/yr,94,"Damodaran histretSP.xls (NYU Stern; S&P 500 incl. dividends, 3m T-bill; 1928-2025; file dated 2026-01-01)"
B_calendar_windows,share_windows_positive_nominal_TR,"1928+ calendar-year windows (Damodaran), start years 1928..2016",10y,share,0.94382,fraction,89,"Damodaran histretSP.xls (NYU Stern; S&P 500 incl. dividends, 3m T-bill; 1928-2025; file dated 2026-01-01)"
B_calendar_windows,share_windows_stocks_beat_tbills,"1928+ calendar-year windows (Damodaran), start years 1928..2016",10y,share,0.853933,fraction,89,"Damodaran histretSP.xls (NYU Stern; S&P 500 incl. dividends, 3m T-bill; 1928-2025; file dated 2026-01-01)"
B_calendar_windows,annualized_nominal_TR,"1928+ calendar-year windows (Damodaran), start years 1928..2016",10y,median,0.109575,decimal/yr,89,"Damodaran histretSP.xls (NYU Stern; S&P 500 incl. dividends, 3m T-bill; 1928-2025; file dated 2026-01-01)"
B_calendar_windows,share_windows_positive_nominal_TR,"1950+ calendar-year windows (Damodaran), start years 1950..2025",1y,share,0.789474,fraction,76,"Damodaran histretSP.xls (NYU Stern; S&P 500 incl. dividends, 3m T-bill; 1928-2025; file dated 2026-01-01)"
B_calendar_windows,share_windows_stocks_beat_tbills,"1950+ calendar-year windows (Damodaran), start years 1950..2025",1y,share,0.710526,fraction,76,"Damodaran histretSP.xls (NYU Stern; S&P 500 incl. dividends, 3m T-bill; 1928-2025; file dated 2026-01-01)"
B_calendar_windows,annualized_nominal_TR,"1950+ calendar-year windows (Damodaran), start years 1950..2025",1y,median,0.157516,decimal/yr,76,"Damodaran histretSP.xls (NYU Stern; S&P 500 incl. dividends, 3m T-bill; 1928-2025; file dated 2026-01-01)"
B_calendar_windows,share_windows_positive_nominal_TR,"1950+ calendar-year windows (Damodaran), start years 1950..2023",3y,share,0.891892,fraction,74,"Damodaran histretSP.xls (NYU Stern; S&P 500 incl. dividends, 3m T-bill; 1928-2025; file dated 2026-01-01)"
B_calendar_windows,share_windows_stocks_beat_tbills,"1950+ calendar-year windows (Damodaran), start years 1950..2023",3y,share,0.851351,fraction,74,"Damodaran histretSP.xls (NYU Stern; S&P 500 incl. dividends, 3m T-bill; 1928-2025; file dated 2026-01-01)"
B_calendar_windows,annualized_nominal_TR,"1950+ calendar-year windows (Damodaran), start years 1950..2023",3y,median,0.1223,decimal/yr,74,"Damodaran histretSP.xls (NYU Stern; S&P 500 incl. dividends, 3m T-bill; 1928-2025; file dated 2026-01-01)"
B_calendar_windows,share_windows_positive_nominal_TR,"1950+ calendar-year windows (Damodaran), start years 1950..2021",5y,share,0.916667,fraction,72,"Damodaran histretSP.xls (NYU Stern; S&P 500 incl. dividends, 3m T-bill; 1928-2025; file dated 2026-01-01)"
B_calendar_windows,share_windows_stocks_beat_tbills,"1950+ calendar-year windows (Damodaran), start years 1950..2021",5y,share,0.777778,fraction,72,"Damodaran histretSP.xls (NYU Stern; S&P 500 incl. dividends, 3m T-bill; 1928-2025; file dated 2026-01-01)"
B_calendar_windows,annualized_nominal_TR,"1950+ calendar-year windows (Damodaran), start years 1950..2021",5y,median,0.131837,decimal/yr,72,"Damodaran histretSP.xls (NYU Stern; S&P 500 incl. dividends, 3m T-bill; 1928-2025; file dated 2026-01-01)"
B_calendar_windows,share_windows_positive_nominal_TR,"1950+ calendar-year windows (Damodaran), start years 1950..2016",10y,share,0.970149,fraction,67,"Damodaran histretSP.xls (NYU Stern; S&P 500 incl. dividends, 3m T-bill; 1928-2025; file dated 2026-01-01)"
B_calendar_windows,share_windows_stocks_beat_tbills,"1950+ calendar-year windows (Damodaran), start years 1950..2016",10y,share,0.850746,fraction,67,"Damodaran histretSP.xls (NYU Stern; S&P 500 incl. dividends, 3m T-bill; 1928-2025; file dated 2026-01-01)"
B_calendar_windows,annualized_nominal_TR,"1950+ calendar-year windows (Damodaran), start years 1950..2016",10y,median,0.119052,decimal/yr,67,"Damodaran histretSP.xls (NYU Stern; S&P 500 incl. dividends, 3m T-bill; 1928-2025; file dated 2026-01-01)"
B_calendar_windows,share_windows_positive_nominal_TR,"1990+ calendar-year windows (Damodaran), start years 1990..2025",1y,share,0.805556,fraction,36,"Damodaran histretSP.xls (NYU Stern; S&P 500 incl. dividends, 3m T-bill; 1928-2025; file dated 2026-01-01)"
B_calendar_windows,share_windows_stocks_beat_tbills,"1990+ calendar-year windows (Damodaran), start years 1990..2025",1y,share,0.777778,fraction,36,"Damodaran histretSP.xls (NYU Stern; S&P 500 incl. dividends, 3m T-bill; 1928-2025; file dated 2026-01-01)"
B_calendar_windows,annualized_nominal_TR,"1990+ calendar-year windows (Damodaran), start years 1990..2025",1y,median,0.152168,decimal/yr,36,"Damodaran histretSP.xls (NYU Stern; S&P 500 incl. dividends, 3m T-bill; 1928-2025; file dated 2026-01-01)"
B_calendar_windows,share_windows_positive_nominal_TR,"1990+ calendar-year windows (Damodaran), start years 1990..2023",3y,share,0.823529,fraction,34,"Damodaran histretSP.xls (NYU Stern; S&P 500 incl. dividends, 3m T-bill; 1928-2025; file dated 2026-01-01)"
B_calendar_windows,share_windows_stocks_beat_tbills,"1990+ calendar-year windows (Damodaran), start years 1990..2023",3y,share,0.823529,fraction,34,"Damodaran histretSP.xls (NYU Stern; S&P 500 incl. dividends, 3m T-bill; 1928-2025; file dated 2026-01-01)"
B_calendar_windows,annualized_nominal_TR,"1990+ calendar-year windows (Damodaran), start years 1990..2023",3y,median,0.110169,decimal/yr,34,"Damodaran histretSP.xls (NYU Stern; S&P 500 incl. dividends, 3m T-bill; 1928-2025; file dated 2026-01-01)"
B_calendar_windows,share_windows_positive_nominal_TR,"1990+ calendar-year windows (Damodaran), start years 1990..2021",5y,share,0.84375,fraction,32,"Damodaran histretSP.xls (NYU Stern; S&P 500 incl. dividends, 3m T-bill; 1928-2025; file dated 2026-01-01)"
B_calendar_windows,share_windows_stocks_beat_tbills,"1990+ calendar-year windows (Damodaran), start years 1990..2021",5y,share,0.78125,fraction,32,"Damodaran histretSP.xls (NYU Stern; S&P 500 incl. dividends, 3m T-bill; 1928-2025; file dated 2026-01-01)"
B_calendar_windows,annualized_nominal_TR,"1990+ calendar-year windows (Damodaran), start years 1990..2021",5y,median,0.125793,decimal/yr,32,"Damodaran histretSP.xls (NYU Stern; S&P 500 incl. dividends, 3m T-bill; 1928-2025; file dated 2026-01-01)"
B_calendar_windows,share_windows_positive_nominal_TR,"1990+ calendar-year windows (Damodaran), start years 1990..2016",10y,share,0.925926,fraction,27,"Damodaran histretSP.xls (NYU Stern; S&P 500 incl. dividends, 3m T-bill; 1928-2025; file dated 2026-01-01)"
B_calendar_windows,share_windows_stocks_beat_tbills,"1990+ calendar-year windows (Damodaran), start years 1990..2016",10y,share,0.888889,fraction,27,"Damodaran histretSP.xls (NYU Stern; S&P 500 incl. dividends, 3m T-bill; 1928-2025; file dated 2026-01-01)"
B_calendar_windows,annualized_nominal_TR,"1990+ calendar-year windows (Damodaran), start years 1990..2016",10y,median,0.09255,decimal/yr,27,"Damodaran histretSP.xls (NYU Stern; S&P 500 incl. dividends, 3m T-bill; 1928-2025; file dated 2026-01-01)"
B_calendar_windows,geometric_mean_return_SP500_TR,1928-2025,annual,geo_mean,0.100177,decimal/yr,98,"Damodaran histretSP.xls (NYU Stern; S&P 500 incl. dividends, 3m T-bill; 1928-2025; file dated 2026-01-01)"
B_calendar_windows,geometric_mean_return_3m_Tbill,1928-2025,annual,geo_mean,0.033716,decimal/yr,98,"Damodaran histretSP.xls (NYU Stern; S&P 500 incl. dividends, 3m T-bill; 1928-2025; file dated 2026-01-01)"
B_calendar_windows,stdev_calendar_year_SP500_TR,1928-2025,annual,stdev,0.194034,decimal,98,"Damodaran histretSP.xls (NYU Stern; S&P 500 incl. dividends, 3m T-bill; 1928-2025; file dated 2026-01-01)"
B_calendar_windows,share_calendar_years_negative,1928-2025,1y,share,0.265306,fraction,98,"Damodaran histretSP.xls (NYU Stern; S&P 500 incl. dividends, 3m T-bill; 1928-2025; file dated 2026-01-01)"
B_calendar_windows,geometric_mean_return_SP500_TR,1950-2025,annual,geo_mean,0.116221,decimal/yr,76,"Damodaran histretSP.xls (NYU Stern; S&P 500 incl. dividends, 3m T-bill; 1928-2025; file dated 2026-01-01)"
B_calendar_windows,geometric_mean_return_3m_Tbill,1950-2025,annual,geo_mean,0.040852,decimal/yr,76,"Damodaran histretSP.xls (NYU Stern; S&P 500 incl. dividends, 3m T-bill; 1928-2025; file dated 2026-01-01)"
B_calendar_windows,stdev_calendar_year_SP500_TR,1950-2025,annual,stdev,0.169941,decimal,76,"Damodaran histretSP.xls (NYU Stern; S&P 500 incl. dividends, 3m T-bill; 1928-2025; file dated 2026-01-01)"
B_calendar_windows,share_calendar_years_negative,1950-2025,1y,share,0.210526,fraction,76,"Damodaran histretSP.xls (NYU Stern; S&P 500 incl. dividends, 3m T-bill; 1928-2025; file dated 2026-01-01)"
B_calendar_windows,geometric_mean_return_SP500_TR,1990-2025,annual,geo_mean,0.106977,decimal/yr,36,"Damodaran histretSP.xls (NYU Stern; S&P 500 incl. dividends, 3m T-bill; 1928-2025; file dated 2026-01-01)"
B_calendar_windows,geometric_mean_return_3m_Tbill,1990-2025,annual,geo_mean,0.02768,decimal/yr,36,"Damodaran histretSP.xls (NYU Stern; S&P 500 incl. dividends, 3m T-bill; 1928-2025; file dated 2026-01-01)"
B_calendar_windows,stdev_calendar_year_SP500_TR,1990-2025,annual,stdev,0.171568,decimal,36,"Damodaran histretSP.xls (NYU Stern; S&P 500 incl. dividends, 3m T-bill; 1928-2025; file dated 2026-01-01)"
B_calendar_windows,share_calendar_years_negative,1990-2025,1y,share,0.194444,fraction,36,"Damodaran histretSP.xls (NYU Stern; S&P 500 incl. dividends, 3m T-bill; 1928-2025; file dated 2026-01-01)"
C_drawdowns,episode_count,peaks 1928+ (^GSPC daily price),>=10%,count,26.0,episodes,26,Yahoo Finance ^GSPC daily closes 1927-12-30..2026-09-25 (price only)
C_drawdowns,episodes_per_decade,peaks 1928+ (^GSPC daily price),>=10%,rate,2.633381,per decade,26,Yahoo Finance ^GSPC daily closes 1927-12-30..2026-09-25 (price only)
C_drawdowns,avg_years_between_episodes,peaks 1928+ (^GSPC daily price),>=10%,mean,3.797399,years,26,Yahoo Finance ^GSPC daily closes 1927-12-30..2026-09-25 (price only)
C_drawdowns,depth,peaks 1928+ (^GSPC daily price),>=10%,median,-0.198485,decimal,26,Yahoo Finance ^GSPC daily closes 1927-12-30..2026-09-25 (price only)
C_drawdowns,depth,peaks 1928+ (^GSPC daily price),>=10%,mean,-0.254889,decimal,26,Yahoo Finance ^GSPC daily closes 1927-12-30..2026-09-25 (price only)
C_drawdowns,months_peak_to_trough,peaks 1928+ (^GSPC daily price),>=10%,median,5.880903,months,26,Yahoo Finance ^GSPC daily closes 1927-12-30..2026-09-25 (price only)
C_drawdowns,months_trough_to_recovery,peaks 1928+ (^GSPC daily price),>=10%,median,4.911704,months,26,Yahoo Finance ^GSPC daily closes 1927-12-30..2026-09-25 (price only)
C_drawdowns,months_peak_to_recovery,peaks 1928+ (^GSPC daily price),>=10%,median,14.225873,months,26,Yahoo Finance ^GSPC daily closes 1927-12-30..2026-09-25 (price only)
C_drawdowns,months_peak_to_recovery,peaks 1928+ (^GSPC daily price),>=10%,max,300.188912,months,26,Yahoo Finance ^GSPC daily closes 1927-12-30..2026-09-25 (price only)
C_drawdowns,unrecovered_episodes,peaks 1928+ (^GSPC daily price),>=10%,count,0.0,episodes,26,Yahoo Finance ^GSPC daily closes 1927-12-30..2026-09-25 (price only)
C_drawdowns,episode_count,peaks 1928+ (^GSPC daily price),>=20%,count,12.0,episodes,12,Yahoo Finance ^GSPC daily closes 1927-12-30..2026-09-25 (price only)
C_drawdowns,episodes_per_decade,peaks 1928+ (^GSPC daily price),>=20%,rate,1.215407,per decade,12,Yahoo Finance ^GSPC daily closes 1927-12-30..2026-09-25 (price only)
C_drawdowns,avg_years_between_episodes,peaks 1928+ (^GSPC daily price),>=20%,mean,8.227698,years,12,Yahoo Finance ^GSPC daily closes 1927-12-30..2026-09-25 (price only)
C_drawdowns,depth,peaks 1928+ (^GSPC daily price),>=20%,median,-0.337172,decimal,12,Yahoo Finance ^GSPC daily closes 1927-12-30..2026-09-25 (price only)
C_drawdowns,depth,peaks 1928+ (^GSPC daily price),>=20%,mean,-0.38998,decimal,12,Yahoo Finance ^GSPC daily closes 1927-12-30..2026-09-25 (price only)
C_drawdowns,months_peak_to_trough,peaks 1928+ (^GSPC daily price),>=20%,median,15.802875,months,12,Yahoo Finance ^GSPC daily closes 1927-12-30..2026-09-25 (price only)
C_drawdowns,months_trough_to_recovery,peaks 1928+ (^GSPC daily price),>=20%,median,17.478439,months,12,Yahoo Finance ^GSPC daily closes 1927-12-30..2026-09-25 (price only)
C_drawdowns,months_peak_to_recovery,peaks 1928+ (^GSPC daily price),>=20%,median,25.100616,months,12,Yahoo Finance ^GSPC daily closes 1927-12-30..2026-09-25 (price only)
C_drawdowns,months_peak_to_recovery,peaks 1928+ (^GSPC daily price),>=20%,max,300.188912,months,12,Yahoo Finance ^GSPC daily closes 1927-12-30..2026-09-25 (price only)
C_drawdowns,unrecovered_episodes,peaks 1928+ (^GSPC daily price),>=20%,count,0.0,episodes,12,Yahoo Finance ^GSPC daily closes 1927-12-30..2026-09-25 (price only)
C_drawdowns,episode_count,peaks 1928+ (^GSPC daily price),>=30%,count,7.0,episodes,7,Yahoo Finance ^GSPC daily closes 1927-12-30..2026-09-25 (price only)
C_drawdowns,episodes_per_decade,peaks 1928+ (^GSPC daily price),>=30%,rate,0.708987,per decade,7,Yahoo Finance ^GSPC daily closes 1927-12-30..2026-09-25 (price only)
C_drawdowns,avg_years_between_episodes,peaks 1928+ (^GSPC daily price),>=30%,mean,14.104625,years,7,Yahoo Finance ^GSPC daily closes 1927-12-30..2026-09-25 (price only)
C_drawdowns,depth,peaks 1928+ (^GSPC daily price),>=30%,median,-0.482036,decimal,7,Yahoo Finance ^GSPC daily closes 1927-12-30..2026-09-25 (price only)
C_drawdowns,depth,peaks 1928+ (^GSPC daily price),>=30%,mean,-0.491159,decimal,7,Yahoo Finance ^GSPC daily closes 1927-12-30..2026-09-25 (price only)
C_drawdowns,months_peak_to_trough,peaks 1928+ (^GSPC daily price),>=30%,median,17.839836,months,7,Yahoo Finance ^GSPC daily closes 1927-12-30..2026-09-25 (price only)
C_drawdowns,months_trough_to_recovery,peaks 1928+ (^GSPC daily price),>=30%,median,48.62423,months,7,Yahoo Finance ^GSPC daily closes 1927-12-30..2026-09-25 (price only)
C_drawdowns,months_peak_to_recovery,peaks 1928+ (^GSPC daily price),>=30%,median,65.609856,months,7,Yahoo Finance ^GSPC daily closes 1927-12-30..2026-09-25 (price only)
C_drawdowns,months_peak_to_recovery,peaks 1928+ (^GSPC daily price),>=30%,max,300.188912,months,7,Yahoo Finance ^GSPC daily closes 1927-12-30..2026-09-25 (price only)
C_drawdowns,unrecovered_episodes,peaks 1928+ (^GSPC daily price),>=30%,count,0.0,episodes,7,Yahoo Finance ^GSPC daily closes 1927-12-30..2026-09-25 (price only)
C_drawdowns,episode_count,peaks 1950+ (^GSPC daily price),>=10%,count,24.0,episodes,24,Yahoo Finance ^GSPC daily closes 1927-12-30..2026-09-25 (price only)
C_drawdowns,episodes_per_decade,peaks 1950+ (^GSPC daily price),>=10%,rate,3.12781,per decade,24,Yahoo Finance ^GSPC daily closes 1927-12-30..2026-09-25 (price only)
C_drawdowns,avg_years_between_episodes,peaks 1950+ (^GSPC daily price),>=10%,mean,3.197125,years,24,Yahoo Finance ^GSPC daily closes 1927-12-30..2026-09-25 (price only)
C_drawdowns,depth,peaks 1950+ (^GSPC daily price),>=10%,median,-0.198485,decimal,24,Yahoo Finance ^GSPC daily closes 1927-12-30..2026-09-25 (price only)
C_drawdowns,depth,peaks 1950+ (^GSPC daily price),>=10%,mean,-0.235936,decimal,24,Yahoo Finance ^GSPC daily closes 1927-12-30..2026-09-25 (price only)
C_drawdowns,months_peak_to_trough,peaks 1950+ (^GSPC daily price),>=10%,median,5.880903,months,24,Yahoo Finance ^GSPC daily closes 1927-12-30..2026-09-25 (price only)
C_drawdowns,months_trough_to_recovery,peaks 1950+ (^GSPC daily price),>=10%,median,4.911704,months,24,Yahoo Finance ^GSPC daily closes 1927-12-30..2026-09-25 (price only)
C_drawdowns,months_peak_to_recovery,peaks 1950+ (^GSPC daily price),>=10%,median,14.225873,months,24,Yahoo Finance ^GSPC daily closes 1927-12-30..2026-09-25 (price only)
C_drawdowns,months_peak_to_recovery,peaks 1950+ (^GSPC daily price),>=10%,max,90.151951,months,24,Yahoo Finance ^GSPC daily closes 1927-12-30..2026-09-25 (price only)
C_drawdowns,unrecovered_episodes,peaks 1950+ (^GSPC daily price),>=10%,count,0.0,episodes,24,Yahoo Finance ^GSPC daily closes 1927-12-30..2026-09-25 (price only)
C_drawdowns,episode_count,peaks 1950+ (^GSPC daily price),>=20%,count,11.0,episodes,11,Yahoo Finance ^GSPC daily closes 1927-12-30..2026-09-25 (price only)
C_drawdowns,episodes_per_decade,peaks 1950+ (^GSPC daily price),>=20%,rate,1.43358,per decade,11,Yahoo Finance ^GSPC daily closes 1927-12-30..2026-09-25 (price only)
C_drawdowns,avg_years_between_episodes,peaks 1950+ (^GSPC daily price),>=20%,mean,6.975546,years,11,Yahoo Finance ^GSPC daily closes 1927-12-30..2026-09-25 (price only)
C_drawdowns,depth,peaks 1950+ (^GSPC daily price),>=20%,median,-0.335095,decimal,11,Yahoo Finance ^GSPC daily closes 1927-12-30..2026-09-25 (price only)
C_drawdowns,depth,peaks 1950+ (^GSPC daily price),>=20%,mean,-0.347078,decimal,11,Yahoo Finance ^GSPC daily closes 1927-12-30..2026-09-25 (price only)
C_drawdowns,months_peak_to_trough,peaks 1950+ (^GSPC daily price),>=20%,median,14.620123,months,11,Yahoo Finance ^GSPC daily closes 1927-12-30..2026-09-25 (price only)
C_drawdowns,months_trough_to_recovery,peaks 1950+ (^GSPC daily price),>=20%,median,15.244353,months,11,Yahoo Finance ^GSPC daily closes 1927-12-30..2026-09-25 (price only)
C_drawdowns,months_peak_to_recovery,peaks 1950+ (^GSPC daily price),>=20%,median,24.50924,months,11,Yahoo Finance ^GSPC daily closes 1927-12-30..2026-09-25 (price only)
C_drawdowns,months_peak_to_recovery,peaks 1950+ (^GSPC daily price),>=20%,max,90.151951,months,11,Yahoo Finance ^GSPC daily closes 1927-12-30..2026-09-25 (price only)
C_drawdowns,unrecovered_episodes,peaks 1950+ (^GSPC daily price),>=20%,count,0.0,episodes,11,Yahoo Finance ^GSPC daily closes 1927-12-30..2026-09-25 (price only)
C_drawdowns,episode_count,peaks 1950+ (^GSPC daily price),>=30%,count,6.0,episodes,6,Yahoo Finance ^GSPC daily closes 1927-12-30..2026-09-25 (price only)
C_drawdowns,episodes_per_decade,peaks 1950+ (^GSPC daily price),>=30%,rate,0.781952,per decade,6,Yahoo Finance ^GSPC daily closes 1927-12-30..2026-09-25 (price only)
C_drawdowns,avg_years_between_episodes,peaks 1950+ (^GSPC daily price),>=30%,mean,12.788501,years,6,Yahoo Finance ^GSPC daily closes 1927-12-30..2026-09-25 (price only)
C_drawdowns,depth,peaks 1950+ (^GSPC daily price),>=30%,median,-0.421326,decimal,6,Yahoo Finance ^GSPC daily closes 1927-12-30..2026-09-25 (price only)
C_drawdowns,depth,peaks 1950+ (^GSPC daily price),>=30%,mean,-0.42937,decimal,6,Yahoo Finance ^GSPC daily closes 1927-12-30..2026-09-25 (price only)
C_drawdowns,months_peak_to_trough,peaks 1950+ (^GSPC daily price),>=30%,median,17.412731,months,6,Yahoo Finance ^GSPC daily closes 1927-12-30..2026-09-25 (price only)
C_drawdowns,months_trough_to_recovery,peaks 1950+ (^GSPC daily price),>=30%,median,34.989733,months,6,Yahoo Finance ^GSPC daily closes 1927-12-30..2026-09-25 (price only)
C_drawdowns,months_peak_to_recovery,peaks 1950+ (^GSPC daily price),>=30%,median,52.402464,months,6,Yahoo Finance ^GSPC daily closes 1927-12-30..2026-09-25 (price only)
C_drawdowns,months_peak_to_recovery,peaks 1950+ (^GSPC daily price),>=30%,max,90.151951,months,6,Yahoo Finance ^GSPC daily closes 1927-12-30..2026-09-25 (price only)
C_drawdowns,unrecovered_episodes,peaks 1950+ (^GSPC daily price),>=30%,count,0.0,episodes,6,Yahoo Finance ^GSPC daily closes 1927-12-30..2026-09-25 (price only)
C_drawdowns,episode_count,peaks 1990+ (^GSPC daily price),>=10%,count,12.0,episodes,12,Yahoo Finance ^GSPC daily closes 1927-12-30..2026-09-25 (price only)
C_drawdowns,episodes_per_decade,peaks 1990+ (^GSPC daily price),>=10%,rate,3.266995,per decade,12,Yahoo Finance ^GSPC daily closes 1927-12-30..2026-09-25 (price only)
C_drawdowns,avg_years_between_episodes,peaks 1990+ (^GSPC daily price),>=10%,mean,3.060917,years,12,Yahoo Finance ^GSPC daily closes 1927-12-30..2026-09-25 (price only)
C_drawdowns,depth,peaks 1990+ (^GSPC daily price),>=10%,median,-0.195571,decimal,12,Yahoo Finance ^GSPC daily closes 1927-12-30..2026-09-25 (price only)
C_drawdowns,depth,peaks 1990+ (^GSPC daily price),>=10%,mean,-0.242001,decimal,12,Yahoo Finance ^GSPC daily closes 1927-12-30..2026-09-25 (price only)
C_drawdowns,months_peak_to_trough,peaks 1990+ (^GSPC daily price),>=10%,median,2.924025,months,12,Yahoo Finance ^GSPC daily closes 1927-12-30..2026-09-25 (price only)
C_drawdowns,months_trough_to_recovery,peaks 1990+ (^GSPC daily price),>=10%,median,4.4846,months,12,Yahoo Finance ^GSPC daily closes 1927-12-30..2026-09-25 (price only)
C_drawdowns,months_peak_to_recovery,peaks 1990+ (^GSPC daily price),>=10%,median,6.932238,months,12,Yahoo Finance ^GSPC daily closes 1927-12-30..2026-09-25 (price only)
C_drawdowns,months_peak_to_recovery,peaks 1990+ (^GSPC daily price),>=10%,max,86.176591,months,12,Yahoo Finance ^GSPC daily closes 1927-12-30..2026-09-25 (price only)
C_drawdowns,unrecovered_episodes,peaks 1990+ (^GSPC daily price),>=10%,count,0.0,episodes,12,Yahoo Finance ^GSPC daily closes 1927-12-30..2026-09-25 (price only)
C_drawdowns,episode_count,peaks 1990+ (^GSPC daily price),>=20%,count,4.0,episodes,4,Yahoo Finance ^GSPC daily closes 1927-12-30..2026-09-25 (price only)
C_drawdowns,episodes_per_decade,peaks 1990+ (^GSPC daily price),>=20%,rate,1.088998,per decade,4,Yahoo Finance ^GSPC daily closes 1927-12-30..2026-09-25 (price only)
C_drawdowns,avg_years_between_episodes,peaks 1990+ (^GSPC daily price),>=20%,mean,9.182752,years,4,Yahoo Finance ^GSPC daily closes 1927-12-30..2026-09-25 (price only)
C_drawdowns,depth,peaks 1990+ (^GSPC daily price),>=20%,median,-0.41536,decimal,4,Yahoo Finance ^GSPC daily closes 1927-12-30..2026-09-25 (price only)
C_drawdowns,depth,peaks 1990+ (^GSPC daily price),>=20%,mean,-0.413181,decimal,4,Yahoo Finance ^GSPC daily closes 1927-12-30..2026-09-25 (price only)
C_drawdowns,months_peak_to_trough,peaks 1990+ (^GSPC daily price),>=20%,median,13.125257,months,4,Yahoo Finance ^GSPC daily closes 1927-12-30..2026-09-25 (price only)
C_drawdowns,months_trough_to_recovery,peaks 1990+ (^GSPC daily price),>=20%,median,31.934292,months,4,Yahoo Finance ^GSPC daily closes 1927-12-30..2026-09-25 (price only)
C_drawdowns,months_peak_to_recovery,peaks 1990+ (^GSPC daily price),>=20%,median,45.059548,months,4,Yahoo Finance ^GSPC daily closes 1927-12-30..2026-09-25 (price only)
C_drawdowns,months_peak_to_recovery,peaks 1990+ (^GSPC daily price),>=20%,max,86.176591,months,4,Yahoo Finance ^GSPC daily closes 1927-12-30..2026-09-25 (price only)
C_drawdowns,unrecovered_episodes,peaks 1990+ (^GSPC daily price),>=20%,count,0.0,episodes,4,Yahoo Finance ^GSPC daily closes 1927-12-30..2026-09-25 (price only)
C_drawdowns,episode_count,peaks 1990+ (^GSPC daily price),>=30%,count,3.0,episodes,3,Yahoo Finance ^GSPC daily closes 1927-12-30..2026-09-25 (price only)
C_drawdowns,episodes_per_decade,peaks 1990+ (^GSPC daily price),>=30%,rate,0.816749,per decade,3,Yahoo Finance ^GSPC daily closes 1927-12-30..2026-09-25 (price only)
C_drawdowns,avg_years_between_episodes,peaks 1990+ (^GSPC daily price),>=30%,mean,12.243669,years,3,Yahoo Finance ^GSPC daily closes 1927-12-30..2026-09-25 (price only)
C_drawdowns,depth,peaks 1990+ (^GSPC daily price),>=30%,median,-0.491469,decimal,3,Yahoo Finance ^GSPC daily closes 1927-12-30..2026-09-25 (price only)
C_drawdowns,depth,peaks 1990+ (^GSPC daily price),>=30%,mean,-0.466158,decimal,3,Yahoo Finance ^GSPC daily closes 1927-12-30..2026-09-25 (price only)
C_drawdowns,months_peak_to_trough,peaks 1990+ (^GSPC daily price),>=30%,median,16.985626,months,3,Yahoo Finance ^GSPC daily closes 1927-12-30..2026-09-25 (price only)
C_drawdowns,months_trough_to_recovery,peaks 1990+ (^GSPC daily price),>=30%,median,48.62423,months,3,Yahoo Finance ^GSPC daily closes 1927-12-30..2026-09-25 (price only)
C_drawdowns,months_peak_to_recovery,peaks 1990+ (^GSPC daily price),>=30%,median,65.609856,months,3,Yahoo Finance ^GSPC daily closes 1927-12-30..2026-09-25 (price only)
C_drawdowns,months_peak_to_recovery,peaks 1990+ (^GSPC daily price),>=30%,max,86.176591,months,3,Yahoo Finance ^GSPC daily closes 1927-12-30..2026-09-25 (price only)
C_drawdowns,unrecovered_episodes,peaks 1990+ (^GSPC daily price),>=30%,count,0.0,episodes,3,Yahoo Finance ^GSPC daily closes 1927-12-30..2026-09-25 (price only)
C_drawdowns,episode_count,peaks 1990+ (^SP500TR daily total return),>=10%,count,14.0,episodes,14,Yahoo Finance ^SP500TR daily closes 1988-01-04..2026-09-25
C_drawdowns,episodes_per_decade,peaks 1990+ (^SP500TR daily total return),>=10%,rate,3.811494,per decade,14,Yahoo Finance ^SP500TR daily closes 1988-01-04..2026-09-25
C_drawdowns,avg_years_between_episodes,peaks 1990+ (^SP500TR daily total return),>=10%,mean,2.623643,years,14,Yahoo Finance ^SP500TR daily closes 1988-01-04..2026-09-25
C_drawdowns,depth,peaks 1990+ (^SP500TR daily total return),>=10%,median,-0.189631,decimal,14,Yahoo Finance ^SP500TR daily closes 1988-01-04..2026-09-25
C_drawdowns,depth,peaks 1990+ (^SP500TR daily total return),>=10%,mean,-0.21729,decimal,14,Yahoo Finance ^SP500TR daily closes 1988-01-04..2026-09-25
C_drawdowns,months_peak_to_trough,peaks 1990+ (^SP500TR daily total return),>=10%,median,2.217659,months,14,Yahoo Finance ^SP500TR daily closes 1988-01-04..2026-09-25
C_drawdowns,months_trough_to_recovery,peaks 1990+ (^SP500TR daily total return),>=10%,median,3.843943,months,14,Yahoo Finance ^SP500TR daily closes 1988-01-04..2026-09-25
C_drawdowns,months_peak_to_recovery,peaks 1990+ (^SP500TR daily total return),>=10%,median,5.798768,months,14,Yahoo Finance ^SP500TR daily closes 1988-01-04..2026-09-25
C_drawdowns,months_peak_to_recovery,peaks 1990+ (^SP500TR daily total return),>=10%,max,73.691992,months,14,Yahoo Finance ^SP500TR daily closes 1988-01-04..2026-09-25
C_drawdowns,unrecovered_episodes,peaks 1990+ (^SP500TR daily total return),>=10%,count,0.0,episodes,14,Yahoo Finance ^SP500TR daily closes 1988-01-04..2026-09-25
C_drawdowns,episode_count,peaks 1990+ (^SP500TR daily total return),>=20%,count,4.0,episodes,4,Yahoo Finance ^SP500TR daily closes 1988-01-04..2026-09-25
C_drawdowns,episodes_per_decade,peaks 1990+ (^SP500TR daily total return),>=20%,rate,1.088998,per decade,4,Yahoo Finance ^SP500TR daily closes 1988-01-04..2026-09-25
C_drawdowns,avg_years_between_episodes,peaks 1990+ (^SP500TR daily total return),>=20%,mean,9.182752,years,4,Yahoo Finance ^SP500TR daily closes 1988-01-04..2026-09-25
C_drawdowns,depth,peaks 1990+ (^SP500TR daily total return),>=20%,median,-0.406023,decimal,4,Yahoo Finance ^SP500TR daily closes 1988-01-04..2026-09-25
C_drawdowns,depth,peaks 1990+ (^SP500TR daily total return),>=20%,mean,-0.402366,decimal,4,Yahoo Finance ^SP500TR daily closes 1988-01-04..2026-09-25
C_drawdowns,months_peak_to_trough,peaks 1990+ (^SP500TR daily total return),>=20%,median,13.125257,months,4,Yahoo Finance ^SP500TR daily closes 1988-01-04..2026-09-25
C_drawdowns,months_trough_to_recovery,peaks 1990+ (^SP500TR daily total return),>=20%,median,25.412731,months,4,Yahoo Finance ^SP500TR daily closes 1988-01-04..2026-09-25
C_drawdowns,months_peak_to_recovery,peaks 1990+ (^SP500TR daily total return),>=20%,median,38.537988,months,4,Yahoo Finance ^SP500TR daily closes 1988-01-04..2026-09-25
C_drawdowns,months_peak_to_recovery,peaks 1990+ (^SP500TR daily total return),>=20%,max,73.691992,months,4,Yahoo Finance ^SP500TR daily closes 1988-01-04..2026-09-25
C_drawdowns,unrecovered_episodes,peaks 1990+ (^SP500TR daily total return),>=20%,count,0.0,episodes,4,Yahoo Finance ^SP500TR daily closes 1988-01-04..2026-09-25
C_drawdowns,episode_count,peaks 1990+ (^SP500TR daily total return),>=30%,count,3.0,episodes,3,Yahoo Finance ^SP500TR daily closes 1988-01-04..2026-09-25
C_drawdowns,episodes_per_decade,peaks 1990+ (^SP500TR daily total return),>=30%,rate,0.816749,per decade,3,Yahoo Finance ^SP500TR daily closes 1988-01-04..2026-09-25
C_drawdowns,avg_years_between_episodes,peaks 1990+ (^SP500TR daily total return),>=30%,mean,12.243669,years,3,Yahoo Finance ^SP500TR daily closes 1988-01-04..2026-09-25
C_drawdowns,depth,peaks 1990+ (^SP500TR daily total return),>=30%,median,-0.474141,decimal,3,Yahoo Finance ^SP500TR daily closes 1988-01-04..2026-09-25
C_drawdowns,depth,peaks 1990+ (^SP500TR daily total return),>=30%,mean,-0.454849,decimal,3,Yahoo Finance ^SP500TR daily closes 1988-01-04..2026-09-25
C_drawdowns,months_peak_to_trough,peaks 1990+ (^SP500TR daily total return),>=30%,median,16.985626,months,3,Yahoo Finance ^SP500TR daily closes 1988-01-04..2026-09-25
C_drawdowns,months_trough_to_recovery,peaks 1990+ (^SP500TR daily total return),>=30%,median,36.796715,months,3,Yahoo Finance ^SP500TR daily closes 1988-01-04..2026-09-25
C_drawdowns,months_peak_to_recovery,peaks 1990+ (^SP500TR daily total return),>=30%,median,53.782341,months,3,Yahoo Finance ^SP500TR daily closes 1988-01-04..2026-09-25
C_drawdowns,months_peak_to_recovery,peaks 1990+ (^SP500TR daily total return),>=30%,max,73.691992,months,3,Yahoo Finance ^SP500TR daily closes 1988-01-04..2026-09-25
C_drawdowns,unrecovered_episodes,peaks 1990+ (^SP500TR daily total return),>=30%,count,0.0,episodes,3,Yahoo Finance ^SP500TR daily closes 1988-01-04..2026-09-25
C_drawdowns,episode_count,peaks 1926+ (Shiller monthly nominal TR),>=10%,count,18.0,episodes,18,Shiller ie_data.xls via shillerdata.com (file saved 2026-09-02); monthly avg prices
C_drawdowns,episodes_per_decade,peaks 1926+ (Shiller monthly nominal TR),>=10%,rate,1.789561,per decade,18,Shiller ie_data.xls via shillerdata.com (file saved 2026-09-02); monthly avg prices
C_drawdowns,avg_years_between_episodes,peaks 1926+ (Shiller monthly nominal TR),>=10%,mean,5.587963,years,18,Shiller ie_data.xls via shillerdata.com (file saved 2026-09-02); monthly avg prices
C_drawdowns,depth,peaks 1926+ (Shiller monthly nominal TR),>=10%,median,-0.190899,decimal,18,Shiller ie_data.xls via shillerdata.com (file saved 2026-09-02); monthly avg prices
C_drawdowns,depth,peaks 1926+ (Shiller monthly nominal TR),>=10%,mean,-0.246744,decimal,18,Shiller ie_data.xls via shillerdata.com (file saved 2026-09-02); monthly avg prices
C_drawdowns,months_peak_to_trough,peaks 1926+ (Shiller monthly nominal TR),>=10%,median,9.5,months,18,Shiller ie_data.xls via shillerdata.com (file saved 2026-09-02); monthly avg prices
C_drawdowns,months_trough_to_recovery,peaks 1926+ (Shiller monthly nominal TR),>=10%,median,9.0,months,18,Shiller ie_data.xls via shillerdata.com (file saved 2026-09-02); monthly avg prices
C_drawdowns,months_peak_to_recovery,peaks 1926+ (Shiller monthly nominal TR),>=10%,median,18.0,months,18,Shiller ie_data.xls via shillerdata.com (file saved 2026-09-02); monthly avg prices
C_drawdowns,months_peak_to_recovery,peaks 1926+ (Shiller monthly nominal TR),>=10%,max,184.0,months,18,Shiller ie_data.xls via shillerdata.com (file saved 2026-09-02); monthly avg prices
C_drawdowns,unrecovered_episodes,peaks 1926+ (Shiller monthly nominal TR),>=10%,count,0.0,episodes,18,Shiller ie_data.xls via shillerdata.com (file saved 2026-09-02); monthly avg prices
C_drawdowns,episode_count,peaks 1926+ (Shiller monthly nominal TR),>=20%,count,7.0,episodes,7,Shiller ie_data.xls via shillerdata.com (file saved 2026-09-02); monthly avg prices
C_drawdowns,episodes_per_decade,peaks 1926+ (Shiller monthly nominal TR),>=20%,rate,0.69594,per decade,7,Shiller ie_data.xls via shillerdata.com (file saved 2026-09-02); monthly avg prices
C_drawdowns,avg_years_between_episodes,peaks 1926+ (Shiller monthly nominal TR),>=20%,mean,14.369048,years,7,Shiller ie_data.xls via shillerdata.com (file saved 2026-09-02); monthly avg prices
C_drawdowns,depth,peaks 1926+ (Shiller monthly nominal TR),>=20%,median,-0.391568,decimal,7,Shiller ie_data.xls via shillerdata.com (file saved 2026-09-02); monthly avg prices
C_drawdowns,depth,peaks 1926+ (Shiller monthly nominal TR),>=20%,mean,-0.405863,decimal,7,Shiller ie_data.xls via shillerdata.com (file saved 2026-09-02); monthly avg prices
C_drawdowns,months_peak_to_trough,peaks 1926+ (Shiller monthly nominal TR),>=20%,median,18.0,months,7,Shiller ie_data.xls via shillerdata.com (file saved 2026-09-02); monthly avg prices
C_drawdowns,months_trough_to_recovery,peaks 1926+ (Shiller monthly nominal TR),>=20%,median,19.0,months,7,Shiller ie_data.xls via shillerdata.com (file saved 2026-09-02); monthly avg prices
C_drawdowns,months_peak_to_recovery,peaks 1926+ (Shiller monthly nominal TR),>=20%,median,42.0,months,7,Shiller ie_data.xls via shillerdata.com (file saved 2026-09-02); monthly avg prices
C_drawdowns,months_peak_to_recovery,peaks 1926+ (Shiller monthly nominal TR),>=20%,max,184.0,months,7,Shiller ie_data.xls via shillerdata.com (file saved 2026-09-02); monthly avg prices
C_drawdowns,unrecovered_episodes,peaks 1926+ (Shiller monthly nominal TR),>=20%,count,0.0,episodes,7,Shiller ie_data.xls via shillerdata.com (file saved 2026-09-02); monthly avg prices
C_drawdowns,episode_count,peaks 1926+ (Shiller monthly nominal TR),>=30%,count,4.0,episodes,4,Shiller ie_data.xls via shillerdata.com (file saved 2026-09-02); monthly avg prices
C_drawdowns,episodes_per_decade,peaks 1926+ (Shiller monthly nominal TR),>=30%,rate,0.39768,per decade,4,Shiller ie_data.xls via shillerdata.com (file saved 2026-09-02); monthly avg prices
C_drawdowns,avg_years_between_episodes,peaks 1926+ (Shiller monthly nominal TR),>=30%,mean,25.145833,years,4,Shiller ie_data.xls via shillerdata.com (file saved 2026-09-02); monthly avg prices
C_drawdowns,depth,peaks 1926+ (Shiller monthly nominal TR),>=30%,median,-0.452983,decimal,4,Shiller ie_data.xls via shillerdata.com (file saved 2026-09-02); monthly avg prices
C_drawdowns,depth,peaks 1926+ (Shiller monthly nominal TR),>=30%,mean,-0.528783,decimal,4,Shiller ie_data.xls via shillerdata.com (file saved 2026-09-02); monthly avg prices
C_drawdowns,months_peak_to_trough,peaks 1926+ (Shiller monthly nominal TR),>=30%,median,26.5,months,4,Shiller ie_data.xls via shillerdata.com (file saved 2026-09-02); monthly avg prices
C_drawdowns,months_trough_to_recovery,peaks 1926+ (Shiller monthly nominal TR),>=30%,median,42.5,months,4,Shiller ie_data.xls via shillerdata.com (file saved 2026-09-02); monthly avg prices
C_drawdowns,months_peak_to_recovery,peaks 1926+ (Shiller monthly nominal TR),>=30%,median,66.0,months,4,Shiller ie_data.xls via shillerdata.com (file saved 2026-09-02); monthly avg prices
C_drawdowns,months_peak_to_recovery,peaks 1926+ (Shiller monthly nominal TR),>=30%,max,184.0,months,4,Shiller ie_data.xls via shillerdata.com (file saved 2026-09-02); monthly avg prices
C_drawdowns,unrecovered_episodes,peaks 1926+ (Shiller monthly nominal TR),>=30%,count,0.0,episodes,4,Shiller ie_data.xls via shillerdata.com (file saved 2026-09-02); monthly avg prices
C_drawdowns,episode_count,peaks 1926+ (Shiller monthly real TR),>=10%,count,16.0,episodes,16,Shiller ie_data.xls via shillerdata.com (file saved 2026-09-02); monthly avg prices
C_drawdowns,episodes_per_decade,peaks 1926+ (Shiller monthly real TR),>=10%,rate,1.590721,per decade,16,Shiller ie_data.xls via shillerdata.com (file saved 2026-09-02); monthly avg prices
C_drawdowns,avg_years_between_episodes,peaks 1926+ (Shiller monthly real TR),>=10%,mean,6.286458,years,16,Shiller ie_data.xls via shillerdata.com (file saved 2026-09-02); monthly avg prices
C_drawdowns,depth,peaks 1926+ (Shiller monthly real TR),>=10%,median,-0.231299,decimal,16,Shiller ie_data.xls via shillerdata.com (file saved 2026-09-02); monthly avg prices
C_drawdowns,depth,peaks 1926+ (Shiller monthly real TR),>=10%,mean,-0.293802,decimal,16,Shiller ie_data.xls via shillerdata.com (file saved 2026-09-02); monthly avg prices
C_drawdowns,months_peak_to_trough,peaks 1926+ (Shiller monthly real TR),>=10%,median,10.0,months,16,Shiller ie_data.xls via shillerdata.com (file saved 2026-09-02); monthly avg prices
C_drawdowns,months_trough_to_recovery,peaks 1926+ (Shiller monthly real TR),>=10%,median,14.0,months,16,Shiller ie_data.xls via shillerdata.com (file saved 2026-09-02); monthly avg prices
C_drawdowns,months_peak_to_recovery,peaks 1926+ (Shiller monthly real TR),>=10%,median,24.0,months,16,Shiller ie_data.xls via shillerdata.com (file saved 2026-09-02); monthly avg prices
C_drawdowns,months_peak_to_recovery,peaks 1926+ (Shiller monthly real TR),>=10%,max,153.0,months,16,Shiller ie_data.xls via shillerdata.com (file saved 2026-09-02); monthly avg prices
C_drawdowns,unrecovered_episodes,peaks 1926+ (Shiller monthly real TR),>=10%,count,0.0,episodes,16,Shiller ie_data.xls via shillerdata.com (file saved 2026-09-02); monthly avg prices
C_drawdowns,episode_count,peaks 1926+ (Shiller monthly real TR),>=20%,count,9.0,episodes,9,Shiller ie_data.xls via shillerdata.com (file saved 2026-09-02); monthly avg prices
C_drawdowns,episodes_per_decade,peaks 1926+ (Shiller monthly real TR),>=20%,rate,0.89478,per decade,9,Shiller ie_data.xls via shillerdata.com (file saved 2026-09-02); monthly avg prices
C_drawdowns,avg_years_between_episodes,peaks 1926+ (Shiller monthly real TR),>=20%,mean,11.175926,years,9,Shiller ie_data.xls via shillerdata.com (file saved 2026-09-02); monthly avg prices
C_drawdowns,depth,peaks 1926+ (Shiller monthly real TR),>=20%,median,-0.353767,decimal,9,Shiller ie_data.xls via shillerdata.com (file saved 2026-09-02); monthly avg prices
C_drawdowns,depth,peaks 1926+ (Shiller monthly real TR),>=20%,mean,-0.407676,decimal,9,Shiller ie_data.xls via shillerdata.com (file saved 2026-09-02); monthly avg prices
C_drawdowns,months_peak_to_trough,peaks 1926+ (Shiller monthly real TR),>=20%,median,22.0,months,9,Shiller ie_data.xls via shillerdata.com (file saved 2026-09-02); monthly avg prices
C_drawdowns,months_trough_to_recovery,peaks 1926+ (Shiller monthly real TR),>=20%,median,32.0,months,9,Shiller ie_data.xls via shillerdata.com (file saved 2026-09-02); monthly avg prices
C_drawdowns,months_peak_to_recovery,peaks 1926+ (Shiller monthly real TR),>=20%,median,54.0,months,9,Shiller ie_data.xls via shillerdata.com (file saved 2026-09-02); monthly avg prices
C_drawdowns,months_peak_to_recovery,peaks 1926+ (Shiller monthly real TR),>=20%,max,153.0,months,9,Shiller ie_data.xls via shillerdata.com (file saved 2026-09-02); monthly avg prices
C_drawdowns,unrecovered_episodes,peaks 1926+ (Shiller monthly real TR),>=20%,count,0.0,episodes,9,Shiller ie_data.xls via shillerdata.com (file saved 2026-09-02); monthly avg prices
C_drawdowns,episode_count,peaks 1926+ (Shiller monthly real TR),>=30%,count,6.0,episodes,6,Shiller ie_data.xls via shillerdata.com (file saved 2026-09-02); monthly avg prices
C_drawdowns,episodes_per_decade,peaks 1926+ (Shiller monthly real TR),>=30%,rate,0.59652,per decade,6,Shiller ie_data.xls via shillerdata.com (file saved 2026-09-02); monthly avg prices
C_drawdowns,avg_years_between_episodes,peaks 1926+ (Shiller monthly real TR),>=30%,mean,16.763889,years,6,Shiller ie_data.xls via shillerdata.com (file saved 2026-09-02); monthly avg prices
C_drawdowns,depth,peaks 1926+ (Shiller monthly real TR),>=30%,median,-0.491857,decimal,6,Shiller ie_data.xls via shillerdata.com (file saved 2026-09-02); monthly avg prices
C_drawdowns,depth,peaks 1926+ (Shiller monthly real TR),>=30%,mean,-0.489951,decimal,6,Shiller ie_data.xls via shillerdata.com (file saved 2026-09-02); monthly avg prices
C_drawdowns,months_peak_to_trough,peaks 1926+ (Shiller monthly real TR),>=30%,median,28.0,months,6,Shiller ie_data.xls via shillerdata.com (file saved 2026-09-02); monthly avg prices
C_drawdowns,months_trough_to_recovery,peaks 1926+ (Shiller monthly real TR),>=30%,median,43.0,months,6,Shiller ie_data.xls via shillerdata.com (file saved 2026-09-02); monthly avg prices
C_drawdowns,months_peak_to_recovery,peaks 1926+ (Shiller monthly real TR),>=30%,median,92.0,months,6,Shiller ie_data.xls via shillerdata.com (file saved 2026-09-02); monthly avg prices
C_drawdowns,months_peak_to_recovery,peaks 1926+ (Shiller monthly real TR),>=30%,max,153.0,months,6,Shiller ie_data.xls via shillerdata.com (file saved 2026-09-02); monthly avg prices
C_drawdowns,unrecovered_episodes,peaks 1926+ (Shiller monthly real TR),>=30%,count,0.0,episodes,6,Shiller ie_data.xls via shillerdata.com (file saved 2026-09-02); monthly avg prices
C2_swing_declines,decline_count,swing highs 1928+ (^GSPC daily price),>=10% (zigzag),count,103.0,declines,103,"Yahoo Finance ^GSPC daily closes (price only); zigzag: decline >= r from swing high, ends on >= r rally from swing low"
C2_swing_declines,declines_per_decade,swing highs 1928+ (^GSPC daily price),>=10% (zigzag),rate,10.432242,per decade,103,"Yahoo Finance ^GSPC daily closes (price only); zigzag: decline >= r from swing high, ends on >= r rally from swing low"
C2_swing_declines,avg_years_between_declines,swing highs 1928+ (^GSPC daily price),>=10% (zigzag),mean,0.958567,years,103,"Yahoo Finance ^GSPC daily closes (price only); zigzag: decline >= r from swing high, ends on >= r rally from swing low"
C2_swing_declines,depth,swing highs 1928+ (^GSPC daily price),>=10% (zigzag),median,-0.169137,decimal,103,"Yahoo Finance ^GSPC daily closes (price only); zigzag: decline >= r from swing high, ends on >= r rally from swing low"
C2_swing_declines,months_peak_to_trough,swing highs 1928+ (^GSPC daily price),>=10% (zigzag),median,2.102669,months,103,"Yahoo Finance ^GSPC daily closes (price only); zigzag: decline >= r from swing high, ends on >= r rally from swing low"
C2_swing_declines,months_trough_to_regain_prior_high,swing highs 1928+ (^GSPC daily price),>=10% (zigzag),median,4.99384,months,103,"Yahoo Finance ^GSPC daily closes (price only); zigzag: decline >= r from swing high, ends on >= r rally from swing low"
C2_swing_declines,months_peak_to_regain_prior_high,swing highs 1928+ (^GSPC daily price),>=10% (zigzag),median,8.574949,months,103,"Yahoo Finance ^GSPC daily closes (price only); zigzag: decline >= r from swing high, ends on >= r rally from swing low"
C2_swing_declines,months_peak_to_regain_prior_high,swing highs 1928+ (^GSPC daily price),>=10% (zigzag),max,300.188912,months,103,"Yahoo Finance ^GSPC daily closes (price only); zigzag: decline >= r from swing high, ends on >= r rally from swing low"
C2_swing_declines,decline_count,swing highs 1950+ (^GSPC daily price),>=10% (zigzag),count,57.0,declines,57,"Yahoo Finance ^GSPC daily closes (price only); zigzag: decline >= r from swing high, ends on >= r rally from swing low"
C2_swing_declines,declines_per_decade,swing highs 1950+ (^GSPC daily price),>=10% (zigzag),rate,7.428548,per decade,57,"Yahoo Finance ^GSPC daily closes (price only); zigzag: decline >= r from swing high, ends on >= r rally from swing low"
C2_swing_declines,avg_years_between_declines,swing highs 1950+ (^GSPC daily price),>=10% (zigzag),mean,1.346158,years,57,"Yahoo Finance ^GSPC daily closes (price only); zigzag: decline >= r from swing high, ends on >= r rally from swing low"
C2_swing_declines,depth,swing highs 1950+ (^GSPC daily price),>=10% (zigzag),median,-0.153914,decimal,57,"Yahoo Finance ^GSPC daily closes (price only); zigzag: decline >= r from swing high, ends on >= r rally from swing low"
C2_swing_declines,months_peak_to_trough,swing highs 1950+ (^GSPC daily price),>=10% (zigzag),median,2.989733,months,57,"Yahoo Finance ^GSPC daily closes (price only); zigzag: decline >= r from swing high, ends on >= r rally from swing low"
C2_swing_declines,months_trough_to_regain_prior_high,swing highs 1950+ (^GSPC daily price),>=10% (zigzag),median,4.862423,months,57,"Yahoo Finance ^GSPC daily closes (price only); zigzag: decline >= r from swing high, ends on >= r rally from swing low"
C2_swing_declines,months_peak_to_regain_prior_high,swing highs 1950+ (^GSPC daily price),>=10% (zigzag),median,9.232033,months,57,"Yahoo Finance ^GSPC daily closes (price only); zigzag: decline >= r from swing high, ends on >= r rally from swing low"
C2_swing_declines,months_peak_to_regain_prior_high,swing highs 1950+ (^GSPC daily price),>=10% (zigzag),max,90.151951,months,57,"Yahoo Finance ^GSPC daily closes (price only); zigzag: decline >= r from swing high, ends on >= r rally from swing low"
C2_swing_declines,decline_count,swing highs 1990+ (^GSPC daily price),>=10% (zigzag),count,28.0,declines,28,"Yahoo Finance ^GSPC daily closes (price only); zigzag: decline >= r from swing high, ends on >= r rally from swing low"
C2_swing_declines,declines_per_decade,swing highs 1990+ (^GSPC daily price),>=10% (zigzag),rate,7.622987,per decade,28,"Yahoo Finance ^GSPC daily closes (price only); zigzag: decline >= r from swing high, ends on >= r rally from swing low"
C2_swing_declines,avg_years_between_declines,swing highs 1990+ (^GSPC daily price),>=10% (zigzag),mean,1.311822,years,28,"Yahoo Finance ^GSPC daily closes (price only); zigzag: decline >= r from swing high, ends on >= r rally from swing low"
C2_swing_declines,depth,swing highs 1990+ (^GSPC daily price),>=10% (zigzag),median,-0.187723,decimal,28,"Yahoo Finance ^GSPC daily closes (price only); zigzag: decline >= r from swing high, ends on >= r rally from swing low"
C2_swing_declines,months_peak_to_trough,swing highs 1990+ (^GSPC daily price),>=10% (zigzag),median,2.447639,months,28,"Yahoo Finance ^GSPC daily closes (price only); zigzag: decline >= r from swing high, ends on >= r rally from swing low"
C2_swing_declines,months_trough_to_regain_prior_high,swing highs 1990+ (^GSPC daily price),>=10% (zigzag),median,4.796715,months,28,"Yahoo Finance ^GSPC daily closes (price only); zigzag: decline >= r from swing high, ends on >= r rally from swing low"
C2_swing_declines,months_peak_to_regain_prior_high,swing highs 1990+ (^GSPC daily price),>=10% (zigzag),median,7.096509,months,28,"Yahoo Finance ^GSPC daily closes (price only); zigzag: decline >= r from swing high, ends on >= r rally from swing low"
C2_swing_declines,months_peak_to_regain_prior_high,swing highs 1990+ (^GSPC daily price),>=10% (zigzag),max,86.176591,months,28,"Yahoo Finance ^GSPC daily closes (price only); zigzag: decline >= r from swing high, ends on >= r rally from swing low"
C2_swing_declines,decline_count,swing highs 1928+ (^GSPC daily price),>=20% (zigzag),count,27.0,declines,27,"Yahoo Finance ^GSPC daily closes (price only); zigzag: decline >= r from swing high, ends on >= r rally from swing low"
C2_swing_declines,declines_per_decade,swing highs 1928+ (^GSPC daily price),>=20% (zigzag),rate,2.734665,per decade,27,"Yahoo Finance ^GSPC daily closes (price only); zigzag: decline >= r from swing high, ends on >= r rally from swing low"
C2_swing_declines,avg_years_between_declines,swing highs 1928+ (^GSPC daily price),>=20% (zigzag),mean,3.656755,years,27,"Yahoo Finance ^GSPC daily closes (price only); zigzag: decline >= r from swing high, ends on >= r rally from swing low"
C2_swing_declines,depth,swing highs 1928+ (^GSPC daily price),>=20% (zigzag),median,-0.328564,decimal,27,"Yahoo Finance ^GSPC daily closes (price only); zigzag: decline >= r from swing high, ends on >= r rally from swing low"
C2_swing_declines,months_peak_to_trough,swing highs 1928+ (^GSPC daily price),>=20% (zigzag),median,7.88501,months,27,"Yahoo Finance ^GSPC daily closes (price only); zigzag: decline >= r from swing high, ends on >= r rally from swing low"
C2_swing_declines,months_trough_to_regain_prior_high,swing highs 1928+ (^GSPC daily price),>=20% (zigzag),median,21.355236,months,27,"Yahoo Finance ^GSPC daily closes (price only); zigzag: decline >= r from swing high, ends on >= r rally from swing low"
C2_swing_declines,months_peak_to_regain_prior_high,swing highs 1928+ (^GSPC daily price),>=20% (zigzag),median,28.648871,months,27,"Yahoo Finance ^GSPC daily closes (price only); zigzag: decline >= r from swing high, ends on >= r rally from swing low"
C2_swing_declines,months_peak_to_regain_prior_high,swing highs 1928+ (^GSPC daily price),>=20% (zigzag),max,300.188912,months,27,"Yahoo Finance ^GSPC daily closes (price only); zigzag: decline >= r from swing high, ends on >= r rally from swing low"
C2_swing_declines,decline_count,swing highs 1950+ (^GSPC daily price),>=20% (zigzag),count,13.0,declines,13,"Yahoo Finance ^GSPC daily closes (price only); zigzag: decline >= r from swing high, ends on >= r rally from swing low"
C2_swing_declines,declines_per_decade,swing highs 1950+ (^GSPC daily price),>=20% (zigzag),rate,1.69423,per decade,13,"Yahoo Finance ^GSPC daily closes (price only); zigzag: decline >= r from swing high, ends on >= r rally from swing low"
C2_swing_declines,avg_years_between_declines,swing highs 1950+ (^GSPC daily price),>=20% (zigzag),mean,5.902385,years,13,"Yahoo Finance ^GSPC daily closes (price only); zigzag: decline >= r from swing high, ends on >= r rally from swing low"
C2_swing_declines,depth,swing highs 1950+ (^GSPC daily price),>=20% (zigzag),median,-0.319665,decimal,13,"Yahoo Finance ^GSPC daily closes (price only); zigzag: decline >= r from swing high, ends on >= r rally from swing low"
C2_swing_declines,months_peak_to_trough,swing highs 1950+ (^GSPC daily price),>=20% (zigzag),median,9.264887,months,13,"Yahoo Finance ^GSPC daily closes (price only); zigzag: decline >= r from swing high, ends on >= r rally from swing low"
C2_swing_declines,months_trough_to_regain_prior_high,swing highs 1950+ (^GSPC daily price),>=20% (zigzag),median,15.244353,months,13,"Yahoo Finance ^GSPC daily closes (price only); zigzag: decline >= r from swing high, ends on >= r rally from swing low"
C2_swing_declines,months_peak_to_regain_prior_high,swing highs 1950+ (^GSPC daily price),>=20% (zigzag),median,24.50924,months,13,"Yahoo Finance ^GSPC daily closes (price only); zigzag: decline >= r from swing high, ends on >= r rally from swing low"
C2_swing_declines,months_peak_to_regain_prior_high,swing highs 1950+ (^GSPC daily price),>=20% (zigzag),max,90.151951,months,13,"Yahoo Finance ^GSPC daily closes (price only); zigzag: decline >= r from swing high, ends on >= r rally from swing low"
C2_swing_declines,decline_count,swing highs 1990+ (^GSPC daily price),>=20% (zigzag),count,6.0,declines,6,"Yahoo Finance ^GSPC daily closes (price only); zigzag: decline >= r from swing high, ends on >= r rally from swing low"
C2_swing_declines,declines_per_decade,swing highs 1990+ (^GSPC daily price),>=20% (zigzag),rate,1.633497,per decade,6,"Yahoo Finance ^GSPC daily closes (price only); zigzag: decline >= r from swing high, ends on >= r rally from swing low"
C2_swing_declines,avg_years_between_declines,swing highs 1990+ (^GSPC daily price),>=20% (zigzag),mean,6.121834,years,6,"Yahoo Finance ^GSPC daily closes (price only); zigzag: decline >= r from swing high, ends on >= r rally from swing low"
C2_swing_declines,depth,swing highs 1990+ (^GSPC daily price),>=20% (zigzag),median,-0.329457,decimal,6,"Yahoo Finance ^GSPC daily closes (price only); zigzag: decline >= r from swing high, ends on >= r rally from swing low"
C2_swing_declines,months_peak_to_trough,swing highs 1990+ (^GSPC daily price),>=20% (zigzag),median,7.917864,months,6,"Yahoo Finance ^GSPC daily closes (price only); zigzag: decline >= r from swing high, ends on >= r rally from swing low"
C2_swing_declines,months_trough_to_regain_prior_high,swing highs 1990+ (^GSPC daily price),>=20% (zigzag),median,21.453799,months,6,"Yahoo Finance ^GSPC daily closes (price only); zigzag: decline >= r from swing high, ends on >= r rally from swing low"
C2_swing_declines,months_peak_to_regain_prior_high,swing highs 1990+ (^GSPC daily price),>=20% (zigzag),median,29.371663,months,6,"Yahoo Finance ^GSPC daily closes (price only); zigzag: decline >= r from swing high, ends on >= r rally from swing low"
C2_swing_declines,months_peak_to_regain_prior_high,swing highs 1990+ (^GSPC daily price),>=20% (zigzag),max,86.176591,months,6,"Yahoo Finance ^GSPC daily closes (price only); zigzag: decline >= r from swing high, ends on >= r rally from swing low"
C2_swing_declines,decline_count,swing highs 1928+ (^GSPC daily price),>=30% (zigzag),count,13.0,declines,13,"Yahoo Finance ^GSPC daily closes (price only); zigzag: decline >= r from swing high, ends on >= r rally from swing low"
C2_swing_declines,declines_per_decade,swing highs 1928+ (^GSPC daily price),>=30% (zigzag),rate,1.316691,per decade,13,"Yahoo Finance ^GSPC daily closes (price only); zigzag: decline >= r from swing high, ends on >= r rally from swing low"
C2_swing_declines,avg_years_between_declines,swing highs 1928+ (^GSPC daily price),>=30% (zigzag),mean,7.594798,years,13,"Yahoo Finance ^GSPC daily closes (price only); zigzag: decline >= r from swing high, ends on >= r rally from swing low"
C2_swing_declines,depth,swing highs 1928+ (^GSPC daily price),>=30% (zigzag),median,-0.462976,decimal,13,"Yahoo Finance ^GSPC daily closes (price only); zigzag: decline >= r from swing high, ends on >= r rally from swing low"
C2_swing_declines,months_peak_to_trough,swing highs 1928+ (^GSPC daily price),>=30% (zigzag),median,16.985626,months,13,"Yahoo Finance ^GSPC daily closes (price only); zigzag: decline >= r from swing high, ends on >= r rally from swing low"
C2_swing_declines,months_trough_to_regain_prior_high,swing highs 1928+ (^GSPC daily price),>=30% (zigzag),median,33.609856,months,13,"Yahoo Finance ^GSPC daily closes (price only); zigzag: decline >= r from swing high, ends on >= r rally from swing low"
C2_swing_declines,months_peak_to_regain_prior_high,swing highs 1928+ (^GSPC daily price),>=30% (zigzag),median,65.609856,months,13,"Yahoo Finance ^GSPC daily closes (price only); zigzag: decline >= r from swing high, ends on >= r rally from swing low"
C2_swing_declines,months_peak_to_regain_prior_high,swing highs 1928+ (^GSPC daily price),>=30% (zigzag),max,300.188912,months,13,"Yahoo Finance ^GSPC daily closes (price only); zigzag: decline >= r from swing high, ends on >= r rally from swing low"
C2_swing_declines,decline_count,swing highs 1950+ (^GSPC daily price),>=30% (zigzag),count,6.0,declines,6,"Yahoo Finance ^GSPC daily closes (price only); zigzag: decline >= r from swing high, ends on >= r rally from swing low"
C2_swing_declines,declines_per_decade,swing highs 1950+ (^GSPC daily price),>=30% (zigzag),rate,0.781952,per decade,6,"Yahoo Finance ^GSPC daily closes (price only); zigzag: decline >= r from swing high, ends on >= r rally from swing low"
C2_swing_declines,avg_years_between_declines,swing highs 1950+ (^GSPC daily price),>=30% (zigzag),mean,12.788501,years,6,"Yahoo Finance ^GSPC daily closes (price only); zigzag: decline >= r from swing high, ends on >= r rally from swing low"
C2_swing_declines,depth,swing highs 1950+ (^GSPC daily price),>=30% (zigzag),median,-0.421326,decimal,6,"Yahoo Finance ^GSPC daily closes (price only); zigzag: decline >= r from swing high, ends on >= r rally from swing low"
C2_swing_declines,months_peak_to_trough,swing highs 1950+ (^GSPC daily price),>=30% (zigzag),median,17.412731,months,6,"Yahoo Finance ^GSPC daily closes (price only); zigzag: decline >= r from swing high, ends on >= r rally from swing low"
C2_swing_declines,months_trough_to_regain_prior_high,swing highs 1950+ (^GSPC daily price),>=30% (zigzag),median,34.989733,months,6,"Yahoo Finance ^GSPC daily closes (price only); zigzag: decline >= r from swing high, ends on >= r rally from swing low"
C2_swing_declines,months_peak_to_regain_prior_high,swing highs 1950+ (^GSPC daily price),>=30% (zigzag),median,52.402464,months,6,"Yahoo Finance ^GSPC daily closes (price only); zigzag: decline >= r from swing high, ends on >= r rally from swing low"
C2_swing_declines,months_peak_to_regain_prior_high,swing highs 1950+ (^GSPC daily price),>=30% (zigzag),max,90.151951,months,6,"Yahoo Finance ^GSPC daily closes (price only); zigzag: decline >= r from swing high, ends on >= r rally from swing low"
C2_swing_declines,decline_count,swing highs 1990+ (^GSPC daily price),>=30% (zigzag),count,3.0,declines,3,"Yahoo Finance ^GSPC daily closes (price only); zigzag: decline >= r from swing high, ends on >= r rally from swing low"
C2_swing_declines,declines_per_decade,swing highs 1990+ (^GSPC daily price),>=30% (zigzag),rate,0.816749,per decade,3,"Yahoo Finance ^GSPC daily closes (price only); zigzag: decline >= r from swing high, ends on >= r rally from swing low"
C2_swing_declines,avg_years_between_declines,swing highs 1990+ (^GSPC daily price),>=30% (zigzag),mean,12.243669,years,3,"Yahoo Finance ^GSPC daily closes (price only); zigzag: decline >= r from swing high, ends on >= r rally from swing low"
C2_swing_declines,depth,swing highs 1990+ (^GSPC daily price),>=30% (zigzag),median,-0.491469,decimal,3,"Yahoo Finance ^GSPC daily closes (price only); zigzag: decline >= r from swing high, ends on >= r rally from swing low"
C2_swing_declines,months_peak_to_trough,swing highs 1990+ (^GSPC daily price),>=30% (zigzag),median,16.985626,months,3,"Yahoo Finance ^GSPC daily closes (price only); zigzag: decline >= r from swing high, ends on >= r rally from swing low"
C2_swing_declines,months_trough_to_regain_prior_high,swing highs 1990+ (^GSPC daily price),>=30% (zigzag),median,48.62423,months,3,"Yahoo Finance ^GSPC daily closes (price only); zigzag: decline >= r from swing high, ends on >= r rally from swing low"
C2_swing_declines,months_peak_to_regain_prior_high,swing highs 1990+ (^GSPC daily price),>=30% (zigzag),median,65.609856,months,3,"Yahoo Finance ^GSPC daily closes (price only); zigzag: decline >= r from swing high, ends on >= r rally from swing low"
C2_swing_declines,months_peak_to_regain_prior_high,swing highs 1990+ (^GSPC daily price),>=30% (zigzag),max,86.176591,months,3,"Yahoo Finance ^GSPC daily closes (price only); zigzag: decline >= r from swing high, ends on >= r rally from swing low"
C_drawdowns,current_drawdown_from_ATH,as of 2026-09-25 (^GSPC),spot,value,-0.007127,decimal,1,ATH 7798.99 on 2026-08-13
D_holding_window_risk,prob_max_drawdown_within_window_ge,1928+ daily starts (^GSPC price only),1y,>=10%,0.627994,fraction,24548,"Yahoo Finance ^GSPC daily closes; window = trading days (252=1y, 1260=5y)"
D_holding_window_risk,prob_price_falls_below_entry_by_ge,1928+ daily starts (^GSPC price only),1y,>=10%,0.372861,fraction,24548,"Yahoo Finance ^GSPC daily closes; window = trading days (252=1y, 1260=5y)"
D_holding_window_risk,prob_max_drawdown_within_window_ge,1928+ daily starts (^GSPC price only),1y,>=20%,0.234439,fraction,24548,"Yahoo Finance ^GSPC daily closes; window = trading days (252=1y, 1260=5y)"
D_holding_window_risk,prob_price_falls_below_entry_by_ge,1928+ daily starts (^GSPC price only),1y,>=20%,0.1759,fraction,24548,"Yahoo Finance ^GSPC daily closes; window = trading days (252=1y, 1260=5y)"
D_holding_window_risk,prob_max_drawdown_within_window_ge,1928+ daily starts (^GSPC price only),1y,>=30%,0.107178,fraction,24548,"Yahoo Finance ^GSPC daily closes; window = trading days (252=1y, 1260=5y)"
D_holding_window_risk,prob_price_falls_below_entry_by_ge,1928+ daily starts (^GSPC price only),1y,>=30%,0.071493,fraction,24548,"Yahoo Finance ^GSPC daily closes; window = trading days (252=1y, 1260=5y)"
D_holding_window_risk,prob_price_below_entry_at_window_end,1928+ daily starts (^GSPC price only),1y,share,0.301206,fraction,24548,"Yahoo Finance ^GSPC daily closes; window = trading days (252=1y, 1260=5y)"
D_holding_window_risk,max_drawdown_within_window,1928+ daily starts (^GSPC price only),1y,median,-0.123496,decimal,24548,"Yahoo Finance ^GSPC daily closes; window = trading days (252=1y, 1260=5y)"
D_holding_window_risk,prob_max_drawdown_within_window_ge,1928+ daily starts (^GSPC price only),5y,>=10%,0.976338,fraction,23540,"Yahoo Finance ^GSPC daily closes; window = trading days (252=1y, 1260=5y)"
D_holding_window_risk,prob_price_falls_below_entry_by_ge,1928+ daily starts (^GSPC price only),5y,>=10%,0.56147,fraction,23540,"Yahoo Finance ^GSPC daily closes; window = trading days (252=1y, 1260=5y)"
D_holding_window_risk,prob_max_drawdown_within_window_ge,1928+ daily starts (^GSPC price only),5y,>=20%,0.748428,fraction,23540,"Yahoo Finance ^GSPC daily closes; window = trading days (252=1y, 1260=5y)"
D_holding_window_risk,prob_price_falls_below_entry_by_ge,1928+ daily starts (^GSPC price only),5y,>=20%,0.365293,fraction,23540,"Yahoo Finance ^GSPC daily closes; window = trading days (252=1y, 1260=5y)"
D_holding_window_risk,prob_max_drawdown_within_window_ge,1928+ daily starts (^GSPC price only),5y,>=30%,0.45616,fraction,23540,"Yahoo Finance ^GSPC daily closes; window = trading days (252=1y, 1260=5y)"
D_holding_window_risk,prob_price_falls_below_entry_by_ge,1928+ daily starts (^GSPC price only),5y,>=30%,0.235811,fraction,23540,"Yahoo Finance ^GSPC daily closes; window = trading days (252=1y, 1260=5y)"
D_holding_window_risk,prob_price_below_entry_at_window_end,1928+ daily starts (^GSPC price only),5y,share,0.195412,fraction,23540,"Yahoo Finance ^GSPC daily closes; window = trading days (252=1y, 1260=5y)"
D_holding_window_risk,max_drawdown_within_window,1928+ daily starts (^GSPC price only),5y,median,-0.284675,decimal,23540,"Yahoo Finance ^GSPC daily closes; window = trading days (252=1y, 1260=5y)"
D_holding_window_risk,prob_max_drawdown_within_window_ge,1950+ daily starts (^GSPC price only),1y,>=10%,0.557865,fraction,19053,"Yahoo Finance ^GSPC daily closes; window = trading days (252=1y, 1260=5y)"
D_holding_window_risk,prob_price_falls_below_entry_by_ge,1950+ daily starts (^GSPC price only),1y,>=10%,0.314019,fraction,19053,"Yahoo Finance ^GSPC daily closes; window = trading days (252=1y, 1260=5y)"
D_holding_window_risk,prob_max_drawdown_within_window_ge,1950+ daily starts (^GSPC price only),1y,>=20%,0.155986,fraction,19053,"Yahoo Finance ^GSPC daily closes; window = trading days (252=1y, 1260=5y)"
D_holding_window_risk,prob_price_falls_below_entry_by_ge,1950+ daily starts (^GSPC price only),1y,>=20%,0.120244,fraction,19053,"Yahoo Finance ^GSPC daily closes; window = trading days (252=1y, 1260=5y)"
D_holding_window_risk,prob_max_drawdown_within_window_ge,1950+ daily starts (^GSPC price only),1y,>=30%,0.065921,fraction,19053,"Yahoo Finance ^GSPC daily closes; window = trading days (252=1y, 1260=5y)"
D_holding_window_risk,prob_price_falls_below_entry_by_ge,1950+ daily starts (^GSPC price only),1y,>=30%,0.037579,fraction,19053,"Yahoo Finance ^GSPC daily closes; window = trading days (252=1y, 1260=5y)"
D_holding_window_risk,prob_price_below_entry_at_window_end,1950+ daily starts (^GSPC price only),1y,share,0.253556,fraction,19053,"Yahoo Finance ^GSPC daily closes; window = trading days (252=1y, 1260=5y)"
D_holding_window_risk,max_drawdown_within_window,1950+ daily starts (^GSPC price only),1y,median,-0.105219,decimal,19053,"Yahoo Finance ^GSPC daily closes; window = trading days (252=1y, 1260=5y)"
D_holding_window_risk,prob_max_drawdown_within_window_ge,1950+ daily starts (^GSPC price only),5y,>=10%,0.969133,fraction,18045,"Yahoo Finance ^GSPC daily closes; window = trading days (252=1y, 1260=5y)"
D_holding_window_risk,prob_price_falls_below_entry_by_ge,1950+ daily starts (^GSPC price only),5y,>=10%,0.508174,fraction,18045,"Yahoo Finance ^GSPC daily closes; window = trading days (252=1y, 1260=5y)"
D_holding_window_risk,prob_max_drawdown_within_window_ge,1950+ daily starts (^GSPC price only),5y,>=20%,0.693101,fraction,18045,"Yahoo Finance ^GSPC daily closes; window = trading days (252=1y, 1260=5y)"
D_holding_window_risk,prob_price_falls_below_entry_by_ge,1950+ daily starts (^GSPC price only),5y,>=20%,0.303353,fraction,18045,"Yahoo Finance ^GSPC daily closes; window = trading days (252=1y, 1260=5y)"
D_holding_window_risk,prob_max_drawdown_within_window_ge,1950+ daily starts (^GSPC price only),5y,>=30%,0.414686,fraction,18045,"Yahoo Finance ^GSPC daily closes; window = trading days (252=1y, 1260=5y)"
D_holding_window_risk,prob_price_falls_below_entry_by_ge,1950+ daily starts (^GSPC price only),5y,>=30%,0.185259,fraction,18045,"Yahoo Finance ^GSPC daily closes; window = trading days (252=1y, 1260=5y)"
D_holding_window_risk,prob_price_below_entry_at_window_end,1950+ daily starts (^GSPC price only),5y,share,0.158437,fraction,18045,"Yahoo Finance ^GSPC daily closes; window = trading days (252=1y, 1260=5y)"
D_holding_window_risk,max_drawdown_within_window,1950+ daily starts (^GSPC price only),5y,median,-0.271136,decimal,18045,"Yahoo Finance ^GSPC daily closes; window = trading days (252=1y, 1260=5y)"
D_holding_window_risk,prob_max_drawdown_within_window_ge,1990+ daily starts (^GSPC price only),1y,>=10%,0.524392,fraction,8999,"Yahoo Finance ^GSPC daily closes; window = trading days (252=1y, 1260=5y)"
D_holding_window_risk,prob_price_falls_below_entry_by_ge,1990+ daily starts (^GSPC price only),1y,>=10%,0.314924,fraction,8999,"Yahoo Finance ^GSPC daily closes; window = trading days (252=1y, 1260=5y)"
D_holding_window_risk,prob_max_drawdown_within_window_ge,1990+ daily starts (^GSPC price only),1y,>=20%,0.160351,fraction,8999,"Yahoo Finance ^GSPC daily closes; window = trading days (252=1y, 1260=5y)"
D_holding_window_risk,prob_price_falls_below_entry_by_ge,1990+ daily starts (^GSPC price only),1y,>=20%,0.135015,fraction,8999,"Yahoo Finance ^GSPC daily closes; window = trading days (252=1y, 1260=5y)"
D_holding_window_risk,prob_max_drawdown_within_window_ge,1990+ daily starts (^GSPC price only),1y,>=30%,0.084787,fraction,8999,"Yahoo Finance ^GSPC daily closes; window = trading days (252=1y, 1260=5y)"
D_holding_window_risk,prob_price_falls_below_entry_by_ge,1990+ daily starts (^GSPC price only),1y,>=30%,0.05245,fraction,8999,"Yahoo Finance ^GSPC daily closes; window = trading days (252=1y, 1260=5y)"
D_holding_window_risk,prob_price_below_entry_at_window_end,1990+ daily starts (^GSPC price only),1y,share,0.192577,fraction,8999,"Yahoo Finance ^GSPC daily closes; window = trading days (252=1y, 1260=5y)"
D_holding_window_risk,max_drawdown_within_window,1990+ daily starts (^GSPC price only),1y,median,-0.101595,decimal,8999,"Yahoo Finance ^GSPC daily closes; window = trading days (252=1y, 1260=5y)"
D_holding_window_risk,prob_max_drawdown_within_window_ge,1990+ daily starts (^GSPC price only),5y,>=10%,0.930297,fraction,7991,"Yahoo Finance ^GSPC daily closes; window = trading days (252=1y, 1260=5y)"
D_holding_window_risk,prob_price_falls_below_entry_by_ge,1990+ daily starts (^GSPC price only),5y,>=10%,0.50632,fraction,7991,"Yahoo Finance ^GSPC daily closes; window = trading days (252=1y, 1260=5y)"
D_holding_window_risk,prob_max_drawdown_within_window_ge,1990+ daily starts (^GSPC price only),5y,>=20%,0.581029,fraction,7991,"Yahoo Finance ^GSPC daily closes; window = trading days (252=1y, 1260=5y)"
D_holding_window_risk,prob_price_falls_below_entry_by_ge,1990+ daily starts (^GSPC price only),5y,>=20%,0.345639,fraction,7991,"Yahoo Finance ^GSPC daily closes; window = trading days (252=1y, 1260=5y)"
D_holding_window_risk,prob_max_drawdown_within_window_ge,1990+ daily starts (^GSPC price only),5y,>=30%,0.492179,fraction,7991,"Yahoo Finance ^GSPC daily closes; window = trading days (252=1y, 1260=5y)"
D_holding_window_risk,prob_price_falls_below_entry_by_ge,1990+ daily starts (^GSPC price only),5y,>=30%,0.266174,fraction,7991,"Yahoo Finance ^GSPC daily closes; window = trading days (252=1y, 1260=5y)"
D_holding_window_risk,prob_price_below_entry_at_window_end,1990+ daily starts (^GSPC price only),5y,share,0.223877,fraction,7991,"Yahoo Finance ^GSPC daily closes; window = trading days (252=1y, 1260=5y)"
D_holding_window_risk,max_drawdown_within_window,1990+ daily starts (^GSPC price only),5y,median,-0.277722,decimal,7991,"Yahoo Finance ^GSPC daily closes; window = trading days (252=1y, 1260=5y)"
E_intra_year,intra_year_max_decline,1928-2025,1y,median,-0.131252,decimal,98,Yahoo Finance ^GSPC daily closes (price only); decline measured from running high within the calendar year
E_intra_year,intra_year_max_decline,1928-2025,1y,mean,-0.163306,decimal,98,Yahoo Finance ^GSPC daily closes (price only); decline measured from running high within the calendar year
E_intra_year,share_years_with_decline_ge10pct,1928-2025,1y,share,0.632653,fraction,98,Yahoo Finance ^GSPC daily closes (price only); decline measured from running high within the calendar year
E_intra_year,share_years_with_decline_ge20pct,1928-2025,1y,share,0.255102,fraction,98,Yahoo Finance ^GSPC daily closes (price only); decline measured from running high within the calendar year
E_intra_year,share_of_ge10pct_decline_years_ending_positive,1928-2025,1y,share,0.5,fraction,62,Yahoo Finance ^GSPC daily closes (price only); decline measured from running high within the calendar year
E_intra_year,intra_year_max_decline,1950-2025,1y,median,-0.105486,decimal,76,Yahoo Finance ^GSPC daily closes (price only); decline measured from running high within the calendar year
E_intra_year,intra_year_max_decline,1950-2025,1y,mean,-0.137432,decimal,76,Yahoo Finance ^GSPC daily closes (price only); decline measured from running high within the calendar year
E_intra_year,share_years_with_decline_ge10pct,1950-2025,1y,share,0.552632,fraction,76,Yahoo Finance ^GSPC daily closes (price only); decline measured from running high within the calendar year
E_intra_year,share_years_with_decline_ge20pct,1950-2025,1y,share,0.171053,fraction,76,Yahoo Finance ^GSPC daily closes (price only); decline measured from running high within the calendar year
E_intra_year,share_of_ge10pct_decline_years_ending_positive,1950-2025,1y,share,0.547619,fraction,42,Yahoo Finance ^GSPC daily closes (price only); decline measured from running high within the calendar year
E_intra_year,intra_year_max_decline,1990-2025,1y,median,-0.103943,decimal,36,Yahoo Finance ^GSPC daily closes (price only); decline measured from running high within the calendar year
E_intra_year,intra_year_max_decline,1990-2025,1y,mean,-0.143147,decimal,36,Yahoo Finance ^GSPC daily closes (price only); decline measured from running high within the calendar year
E_intra_year,share_years_with_decline_ge10pct,1990-2025,1y,share,0.555556,fraction,36,Yahoo Finance ^GSPC daily closes (price only); decline measured from running high within the calendar year
E_intra_year,share_years_with_decline_ge20pct,1990-2025,1y,share,0.166667,fraction,36,Yahoo Finance ^GSPC daily closes (price only); decline measured from running high within the calendar year
E_intra_year,share_of_ge10pct_decline_years_ending_positive,1990-2025,1y,share,0.55,fraction,20,Yahoo Finance ^GSPC daily closes (price only); decline measured from running high within the calendar year
E_intra_year,intra_year_max_decline,2026 YTD through 2026-09-25,YTD,value,-0.090975,decimal,184,Yahoo Finance ^GSPC daily closes (price only); decline measured from running high within the calendar year
E_intra_year,price_return_ytd,2026 YTD through 2026-09-25,YTD,value,0.131168,decimal,184,Yahoo Finance ^GSPC daily closes (price only); decline measured from running high within the calendar year
F_valuation,CAPE_estimate_at_2026-09-25,Shiller Sept-2026 CAPE scaled to 2026-09-25 close,spot,value,41.171013,x,1,Shiller ie_data.xls via shillerdata.com (file saved 2026-09-02); monthly avg prices (Sept P = Sept-1 close 7631.47; scaled by 7743.41/7631.47)
F_valuation,CAPE_Aug_2026_monthly_avg,Shiller,spot,value,41.119844,x,1,Shiller ie_data.xls via shillerdata.com (file saved 2026-09-02); monthly avg prices
F_valuation,CAPE_percentile_vs_history_1881_2026,Shiller,spot,percentile,0.989703,fraction,1748,Shiller ie_data.xls via shillerdata.com (file saved 2026-09-02); monthly avg prices
F_valuation,CAPE_max_1881_2026,Shiller,spot,max,44.19794,x,1748,max month 1999-12
F_valuation,CAPE_median_1881_2026,Shiller,spot,median,16.605712,x,1748,Shiller ie_data.xls via shillerdata.com (file saved 2026-09-02); monthly avg prices
F_valuation,CAPE_median_1990_2026,Shiller,spot,median,26.384404,x,440,Shiller ie_data.xls via shillerdata.com (file saved 2026-09-02); monthly avg prices
F_valuation,Shiller_excess_CAPE_yield_latest,Shiller 2026-09,spot,value,0.010101,decimal,1,Shiller ie_data.xls via shillerdata.com (file saved 2026-09-02); monthly avg prices
F_valuation,trailing_PE_reported_EPS_Shiller,price 2026-09-25 / E (2026-06),spot,value,26.21436,x,1,Shiller ie_data.xls via shillerdata.com (file saved 2026-09-02); monthly avg prices
F_valuation,regression_R2,starts 1926-01..2016-08 (logcape),10y,R2,0.303787,fraction,1088,Shiller ie_data.xls via shillerdata.com (file saved 2026-09-02); monthly avg prices; CAPE = Shiller P/E10; forward returns = real total return (CPI-deflated)
F_valuation,regression_slope,starts 1926-01..2016-08 (logcape),10y,coef,-0.074476,per unit x,1088,Shiller ie_data.xls via shillerdata.com (file saved 2026-09-02); monthly avg prices; CAPE = Shiller P/E10; forward returns = real total return (CPI-deflated)
F_valuation,regression_slope_tstat_HAC,starts 1926-01..2016-08 (logcape),10y,t,-4.235115,t,1088,Shiller ie_data.xls via shillerdata.com (file saved 2026-09-02); monthly avg prices; CAPE = Shiller P/E10; forward returns = real total return (CPI-deflated); Newey-West maxlags=120
F_valuation,predicted_real_return_at_current_CAPE,starts 1926-01..2016-08 (logcape),10y,fitted,0.002382,decimal/yr,1088,Shiller ie_data.xls via shillerdata.com (file saved 2026-09-02); monthly avg prices; CAPE = Shiller P/E10; forward returns = real total return (CPI-deflated); CAPE_now=41.2
F_valuation,regression_residual_sd,starts 1926-01..2016-08 (logcape),10y,sd,0.044411,decimal/yr,1088,Shiller ie_data.xls via shillerdata.com (file saved 2026-09-02); monthly avg prices; CAPE = Shiller P/E10; forward returns = real total return (CPI-deflated)
F_valuation,regression_R2,starts 1926-01..2016-08 (ey),10y,R2,0.268217,fraction,1088,Shiller ie_data.xls via shillerdata.com (file saved 2026-09-02); monthly avg prices; CAPE = Shiller P/E10; forward returns = real total return (CPI-deflated)
F_valuation,regression_slope,starts 1926-01..2016-08 (ey),10y,coef,1.065824,per unit x,1088,Shiller ie_data.xls via shillerdata.com (file saved 2026-09-02); monthly avg prices; CAPE = Shiller P/E10; forward returns = real total return (CPI-deflated)
F_valuation,regression_slope_tstat_HAC,starts 1926-01..2016-08 (ey),10y,t,3.679233,t,1088,Shiller ie_data.xls via shillerdata.com (file saved 2026-09-02); monthly avg prices; CAPE = Shiller P/E10; forward returns = real total return (CPI-deflated); Newey-West maxlags=120
F_valuation,predicted_real_return_at_current_CAPE,starts 1926-01..2016-08 (ey),10y,fitted,0.026658,decimal/yr,1088,Shiller ie_data.xls via shillerdata.com (file saved 2026-09-02); monthly avg prices; CAPE = Shiller P/E10; forward returns = real total return (CPI-deflated); CAPE_now=41.2
F_valuation,regression_residual_sd,starts 1926-01..2016-08 (ey),10y,sd,0.045531,decimal/yr,1088,Shiller ie_data.xls via shillerdata.com (file saved 2026-09-02); monthly avg prices; CAPE = Shiller P/E10; forward returns = real total return (CPI-deflated)
F_valuation,regression_R2,starts 1950-01..2016-08 (logcape),10y,R2,0.285495,fraction,800,Shiller ie_data.xls via shillerdata.com (file saved 2026-09-02); monthly avg prices; CAPE = Shiller P/E10; forward returns = real total return (CPI-deflated)
F_valuation,predicted_real_return_at_current_CAPE,starts 1950-01..2016-08 (logcape),10y,fitted,0.008363,decimal/yr,800,Shiller ie_data.xls via shillerdata.com (file saved 2026-09-02); monthly avg prices; CAPE = Shiller P/E10; forward returns = real total return (CPI-deflated)
F_valuation,regression_R2,starts 1990-01..2016-08 (logcape),10y,R2,0.776123,fraction,320,Shiller ie_data.xls via shillerdata.com (file saved 2026-09-02); monthly avg prices; CAPE = Shiller P/E10; forward returns = real total return (CPI-deflated)
F_valuation,predicted_real_return_at_current_CAPE,starts 1990-01..2016-08 (logcape),10y,fitted,-0.019346,decimal/yr,320,Shiller ie_data.xls via shillerdata.com (file saved 2026-09-02); monthly avg prices; CAPE = Shiller P/E10; forward returns = real total return (CPI-deflated)
F_valuation,out_of_sample_mean_error_realized_minus_fitted,fit 1926-1989 starts; test 1990-01..2016-08,10y,mean,0.064628,decimal/yr,320,Shiller ie_data.xls via shillerdata.com (file saved 2026-09-02); monthly avg prices; CAPE = Shiller P/E10; forward returns = real total return (CPI-deflated)
F_valuation,out_of_sample_RMSE,fit 1926-1989 starts; test 1990-01..2016-08,10y,rmse,0.069726,decimal/yr,320,Shiller ie_data.xls via shillerdata.com (file saved 2026-09-02); monthly avg prices; CAPE = Shiller P/E10; forward returns = real total return (CPI-deflated)
F_valuation,out_of_sample_share_realized_above_fitted,fit 1926-1989 starts; test 1990-01..2016-08,10y,share,0.996875,fraction,320,Shiller ie_data.xls via shillerdata.com (file saved 2026-09-02); monthly avg prices; CAPE = Shiller P/E10; forward returns = real total return (CPI-deflated)
F_valuation,subsequent_real_return_when_CAPE_high,starts with CAPE>=25 (1926-01..2016-08),10y,mean,0.033937,decimal/yr,163,Shiller ie_data.xls via shillerdata.com (file saved 2026-09-02); monthly avg prices; CAPE = Shiller P/E10; forward returns = real total return (CPI-deflated)
F_valuation,subsequent_real_return_when_CAPE_high,starts with CAPE>=25 (1926-01..2016-08),10y,min,-0.059239,decimal/yr,163,Shiller ie_data.xls via shillerdata.com (file saved 2026-09-02); monthly avg prices; CAPE = Shiller P/E10; forward returns = real total return (CPI-deflated)
F_valuation,subsequent_real_return_when_CAPE_high,starts with CAPE>=25 (1926-01..2016-08),10y,max,0.117548,decimal/yr,163,Shiller ie_data.xls via shillerdata.com (file saved 2026-09-02); monthly avg prices; CAPE = Shiller P/E10; forward returns = real total return (CPI-deflated)
F_valuation,subsequent_real_return_when_CAPE_high,starts with CAPE>=25 (1926-01..2016-08),10y,share_positive,0.760736,fraction,163,Shiller ie_data.xls via shillerdata.com (file saved 2026-09-02); monthly avg prices; CAPE = Shiller P/E10; forward returns = real total return (CPI-deflated)
F_valuation,high_CAPE_start_years_covered,starts with CAPE>=25 (1926-01..2016-08),10y,years,19.0,count,163,"years: 1928,1929,1930,1995,1996,1997,1998,1999,2000,2001,2002,2003,2004,2005,2006,2007,2014,2015,2016"
F_valuation,subsequent_real_return_when_CAPE_high,starts with CAPE>=30 (1926-01..2016-08),10y,mean,-0.010196,decimal/yr,57,Shiller ie_data.xls via shillerdata.com (file saved 2026-09-02); monthly avg prices; CAPE = Shiller P/E10; forward returns = real total return (CPI-deflated)
F_valuation,subsequent_real_return_when_CAPE_high,starts with CAPE>=30 (1926-01..2016-08),10y,min,-0.059239,decimal/yr,57,Shiller ie_data.xls via shillerdata.com (file saved 2026-09-02); monthly avg prices; CAPE = Shiller P/E10; forward returns = real total return (CPI-deflated)
F_valuation,subsequent_real_return_when_CAPE_high,starts with CAPE>=30 (1926-01..2016-08),10y,max,0.044874,decimal/yr,57,Shiller ie_data.xls via shillerdata.com (file saved 2026-09-02); monthly avg prices; CAPE = Shiller P/E10; forward returns = real total return (CPI-deflated)
F_valuation,subsequent_real_return_when_CAPE_high,starts with CAPE>=30 (1926-01..2016-08),10y,share_positive,0.403509,fraction,57,Shiller ie_data.xls via shillerdata.com (file saved 2026-09-02); monthly avg prices; CAPE = Shiller P/E10; forward returns = real total return (CPI-deflated)
F_valuation,high_CAPE_start_years_covered,starts with CAPE>=30 (1926-01..2016-08),10y,years,7.0,count,57,"years: 1929,1997,1998,1999,2000,2001,2002"
F_valuation,subsequent_real_return_when_CAPE_high,starts with CAPE>=35 (1926-01..2016-08),10y,mean,-0.025798,decimal/yr,34,Shiller ie_data.xls via shillerdata.com (file saved 2026-09-02); monthly avg prices; CAPE = Shiller P/E10; forward returns = real total return (CPI-deflated)
F_valuation,subsequent_real_return_when_CAPE_high,starts with CAPE>=35 (1926-01..2016-08),10y,min,-0.059239,decimal/yr,34,Shiller ie_data.xls via shillerdata.com (file saved 2026-09-02); monthly avg prices; CAPE = Shiller P/E10; forward returns = real total return (CPI-deflated)
F_valuation,subsequent_real_return_when_CAPE_high,starts with CAPE>=35 (1926-01..2016-08),10y,max,0.010829,decimal/yr,34,Shiller ie_data.xls via shillerdata.com (file saved 2026-09-02); monthly avg prices; CAPE = Shiller P/E10; forward returns = real total return (CPI-deflated)
F_valuation,subsequent_real_return_when_CAPE_high,starts with CAPE>=35 (1926-01..2016-08),10y,share_positive,0.147059,fraction,34,Shiller ie_data.xls via shillerdata.com (file saved 2026-09-02); monthly avg prices; CAPE = Shiller P/E10; forward returns = real total return (CPI-deflated)
F_valuation,high_CAPE_start_years_covered,starts with CAPE>=35 (1926-01..2016-08),10y,years,4.0,count,34,"years: 1998,1999,2000,2001"
F_valuation,subsequent_nominal_return_all_starts,all starts 1926-01..2016-08,10y,share_positive,0.954044,fraction,1088,Shiller ie_data.xls via shillerdata.com (file saved 2026-09-02); monthly avg prices; CAPE = Shiller P/E10; forward returns = real total return (CPI-deflated)
F_valuation,subsequent_nominal_return_when_CAPE_high,starts with CAPE>=25 (1926-01..2016-08) NOMINAL,10y,mean,0.055691,decimal/yr,163,Shiller ie_data.xls via shillerdata.com (file saved 2026-09-02); monthly avg prices; CAPE = Shiller P/E10; forward returns = real total return (CPI-deflated)
F_valuation,subsequent_nominal_return_when_CAPE_high,starts with CAPE>=25 (1926-01..2016-08) NOMINAL,10y,median,0.069485,decimal/yr,163,Shiller ie_data.xls via shillerdata.com (file saved 2026-09-02); monthly avg prices; CAPE = Shiller P/E10; forward returns = real total return (CPI-deflated)
F_valuation,subsequent_nominal_return_when_CAPE_high,starts with CAPE>=25 (1926-01..2016-08) NOMINAL,10y,min,-0.040213,decimal/yr,163,Shiller ie_data.xls via shillerdata.com (file saved 2026-09-02); monthly avg prices; CAPE = Shiller P/E10; forward returns = real total return (CPI-deflated)
F_valuation,subsequent_nominal_return_when_CAPE_high,starts with CAPE>=25 (1926-01..2016-08) NOMINAL,10y,share_positive,0.779141,fraction,163,Shiller ie_data.xls via shillerdata.com (file saved 2026-09-02); monthly avg prices; CAPE = Shiller P/E10; forward returns = real total return (CPI-deflated)
F_valuation,subsequent_nominal_return_when_CAPE_high,starts with CAPE>=30 (1926-01..2016-08) NOMINAL,10y,mean,0.013559,decimal/yr,57,Shiller ie_data.xls via shillerdata.com (file saved 2026-09-02); monthly avg prices; CAPE = Shiller P/E10; forward returns = real total return (CPI-deflated)
F_valuation,subsequent_nominal_return_when_CAPE_high,starts with CAPE>=30 (1926-01..2016-08) NOMINAL,10y,median,0.01183,decimal/yr,57,Shiller ie_data.xls via shillerdata.com (file saved 2026-09-02); monthly avg prices; CAPE = Shiller P/E10; forward returns = real total return (CPI-deflated)
F_valuation,subsequent_nominal_return_when_CAPE_high,starts with CAPE>=30 (1926-01..2016-08) NOMINAL,10y,min,-0.040213,decimal/yr,57,Shiller ie_data.xls via shillerdata.com (file saved 2026-09-02); monthly avg prices; CAPE = Shiller P/E10; forward returns = real total return (CPI-deflated)
F_valuation,subsequent_nominal_return_when_CAPE_high,starts with CAPE>=30 (1926-01..2016-08) NOMINAL,10y,share_positive,0.561404,fraction,57,Shiller ie_data.xls via shillerdata.com (file saved 2026-09-02); monthly avg prices; CAPE = Shiller P/E10; forward returns = real total return (CPI-deflated)
F_valuation,subsequent_nominal_return_when_CAPE_high,starts with CAPE>=35 (1926-01..2016-08) NOMINAL,10y,mean,-0.000932,decimal/yr,34,Shiller ie_data.xls via shillerdata.com (file saved 2026-09-02); monthly avg prices; CAPE = Shiller P/E10; forward returns = real total return (CPI-deflated)
F_valuation,subsequent_nominal_return_when_CAPE_high,starts with CAPE>=35 (1926-01..2016-08) NOMINAL,10y,median,-0.006016,decimal/yr,34,Shiller ie_data.xls via shillerdata.com (file saved 2026-09-02); monthly avg prices; CAPE = Shiller P/E10; forward returns = real total return (CPI-deflated)
F_valuation,subsequent_nominal_return_when_CAPE_high,starts with CAPE>=35 (1926-01..2016-08) NOMINAL,10y,min,-0.035039,decimal/yr,34,Shiller ie_data.xls via shillerdata.com (file saved 2026-09-02); monthly avg prices; CAPE = Shiller P/E10; forward returns = real total return (CPI-deflated)
F_valuation,subsequent_nominal_return_when_CAPE_high,starts with CAPE>=35 (1926-01..2016-08) NOMINAL,10y,share_positive,0.323529,fraction,34,Shiller ie_data.xls via shillerdata.com (file saved 2026-09-02); monthly avg prices; CAPE = Shiller P/E10; forward returns = real total return (CPI-deflated)
F_valuation,regression_R2,starts 1926-01..2021-08 (logcape),5y,R2,0.148559,fraction,1148,Shiller ie_data.xls via shillerdata.com (file saved 2026-09-02); monthly avg prices; CAPE = Shiller P/E10; forward returns = real total return (CPI-deflated)
F_valuation,regression_slope,starts 1926-01..2021-08 (logcape),5y,coef,-0.074475,per unit x,1148,Shiller ie_data.xls via shillerdata.com (file saved 2026-09-02); monthly avg prices; CAPE = Shiller P/E10; forward returns = real total return (CPI-deflated)
F_valuation,regression_slope_tstat_HAC,starts 1926-01..2021-08 (logcape),5y,t,-2.835341,t,1148,Shiller ie_data.xls via shillerdata.com (file saved 2026-09-02); monthly avg prices; CAPE = Shiller P/E10; forward returns = real total return (CPI-deflated); Newey-West maxlags=60
F_valuation,predicted_real_return_at_current_CAPE,starts 1926-01..2021-08 (logcape),5y,fitted,0.00442,decimal/yr,1148,Shiller ie_data.xls via shillerdata.com (file saved 2026-09-02); monthly avg prices; CAPE = Shiller P/E10; forward returns = real total return (CPI-deflated); CAPE_now=41.2
F_valuation,regression_residual_sd,starts 1926-01..2021-08 (logcape),5y,sd,0.072763,decimal/yr,1148,Shiller ie_data.xls via shillerdata.com (file saved 2026-09-02); monthly avg prices; CAPE = Shiller P/E10; forward returns = real total return (CPI-deflated)
F_valuation,regression_R2,starts 1926-01..2021-08 (ey),5y,R2,0.15434,fraction,1148,Shiller ie_data.xls via shillerdata.com (file saved 2026-09-02); monthly avg prices; CAPE = Shiller P/E10; forward returns = real total return (CPI-deflated)
F_valuation,regression_slope,starts 1926-01..2021-08 (ey),5y,coef,1.181427,per unit x,1148,Shiller ie_data.xls via shillerdata.com (file saved 2026-09-02); monthly avg prices; CAPE = Shiller P/E10; forward returns = real total return (CPI-deflated)
F_valuation,regression_slope_tstat_HAC,starts 1926-01..2021-08 (ey),5y,t,2.924956,t,1148,Shiller ie_data.xls via shillerdata.com (file saved 2026-09-02); monthly avg prices; CAPE = Shiller P/E10; forward returns = real total return (CPI-deflated); Newey-West maxlags=60
F_valuation,predicted_real_return_at_current_CAPE,starts 1926-01..2021-08 (ey),5y,fitted,0.023533,decimal/yr,1148,Shiller ie_data.xls via shillerdata.com (file saved 2026-09-02); monthly avg prices; CAPE = Shiller P/E10; forward returns = real total return (CPI-deflated); CAPE_now=41.2
F_valuation,regression_residual_sd,starts 1926-01..2021-08 (ey),5y,sd,0.072515,decimal/yr,1148,Shiller ie_data.xls via shillerdata.com (file saved 2026-09-02); monthly avg prices; CAPE = Shiller P/E10; forward returns = real total return (CPI-deflated)
F_valuation,regression_R2,starts 1950-01..2021-08 (logcape),5y,R2,0.1189,fraction,860,Shiller ie_data.xls via shillerdata.com (file saved 2026-09-02); monthly avg prices; CAPE = Shiller P/E10; forward returns = real total return (CPI-deflated)
F_valuation,predicted_real_return_at_current_CAPE,starts 1950-01..2021-08 (logcape),5y,fitted,0.024348,decimal/yr,860,Shiller ie_data.xls via shillerdata.com (file saved 2026-09-02); monthly avg prices; CAPE = Shiller P/E10; forward returns = real total return (CPI-deflated)
F_valuation,regression_R2,starts 1990-01..2021-08 (logcape),5y,R2,0.441629,fraction,380,Shiller ie_data.xls via shillerdata.com (file saved 2026-09-02); monthly avg prices; CAPE = Shiller P/E10; forward returns = real total return (CPI-deflated)
F_valuation,predicted_real_return_at_current_CAPE,starts 1990-01..2021-08 (logcape),5y,fitted,-0.021575,decimal/yr,380,Shiller ie_data.xls via shillerdata.com (file saved 2026-09-02); monthly avg prices; CAPE = Shiller P/E10; forward returns = real total return (CPI-deflated)
F_valuation,out_of_sample_mean_error_realized_minus_fitted,fit 1926-1989 starts; test 1990-01..2021-08,5y,mean,0.106672,decimal/yr,380,Shiller ie_data.xls via shillerdata.com (file saved 2026-09-02); monthly avg prices; CAPE = Shiller P/E10; forward returns = real total return (CPI-deflated)
F_valuation,out_of_sample_RMSE,fit 1926-1989 starts; test 1990-01..2021-08,5y,rmse,0.121813,decimal/yr,380,Shiller ie_data.xls via shillerdata.com (file saved 2026-09-02); monthly avg prices; CAPE = Shiller P/E10; forward returns = real total return (CPI-deflated)
F_valuation,out_of_sample_share_realized_above_fitted,fit 1926-1989 starts; test 1990-01..2021-08,5y,share,0.976316,fraction,380,Shiller ie_data.xls via shillerdata.com (file saved 2026-09-02); monthly avg prices; CAPE = Shiller P/E10; forward returns = real total return (CPI-deflated)
F_valuation,subsequent_real_return_when_CAPE_high,starts with CAPE>=25 (1926-01..2021-08),5y,mean,0.029371,decimal/yr,222,Shiller ie_data.xls via shillerdata.com (file saved 2026-09-02); monthly avg prices; CAPE = Shiller P/E10; forward returns = real total return (CPI-deflated)
F_valuation,subsequent_real_return_when_CAPE_high,starts with CAPE>=25 (1926-01..2021-08),5y,min,-0.13233,decimal/yr,222,Shiller ie_data.xls via shillerdata.com (file saved 2026-09-02); monthly avg prices; CAPE = Shiller P/E10; forward returns = real total return (CPI-deflated)
F_valuation,subsequent_real_return_when_CAPE_high,starts with CAPE>=25 (1926-01..2021-08),5y,max,0.156075,decimal/yr,222,Shiller ie_data.xls via shillerdata.com (file saved 2026-09-02); monthly avg prices; CAPE = Shiller P/E10; forward returns = real total return (CPI-deflated)
F_valuation,subsequent_real_return_when_CAPE_high,starts with CAPE>=25 (1926-01..2021-08),5y,share_positive,0.540541,fraction,222,Shiller ie_data.xls via shillerdata.com (file saved 2026-09-02); monthly avg prices; CAPE = Shiller P/E10; forward returns = real total return (CPI-deflated)
F_valuation,high_CAPE_start_years_covered,starts with CAPE>=25 (1926-01..2021-08),5y,years,24.0,count,222,"years: 1928,1929,1930,1995,1996,1997,1998,1999,2000,2001,2002,2003,2004,2005,2006,2007,2014,2015,2016,2017,2018,2019,2020,2021"
F_valuation,subsequent_real_return_when_CAPE_high,starts with CAPE>=30 (1926-01..2021-08),5y,mean,0.011424,decimal/yr,90,Shiller ie_data.xls via shillerdata.com (file saved 2026-09-02); monthly avg prices; CAPE = Shiller P/E10; forward returns = real total return (CPI-deflated)
F_valuation,subsequent_real_return_when_CAPE_high,starts with CAPE>=30 (1926-01..2021-08),5y,min,-0.13233,decimal/yr,90,Shiller ie_data.xls via shillerdata.com (file saved 2026-09-02); monthly avg prices; CAPE = Shiller P/E10; forward returns = real total return (CPI-deflated)
F_valuation,subsequent_real_return_when_CAPE_high,starts with CAPE>=30 (1926-01..2021-08),5y,max,0.111389,decimal/yr,90,Shiller ie_data.xls via shillerdata.com (file saved 2026-09-02); monthly avg prices; CAPE = Shiller P/E10; forward returns = real total return (CPI-deflated)
F_valuation,subsequent_real_return_when_CAPE_high,starts with CAPE>=30 (1926-01..2021-08),5y,share_positive,0.455556,fraction,90,Shiller ie_data.xls via shillerdata.com (file saved 2026-09-02); monthly avg prices; CAPE = Shiller P/E10; forward returns = real total return (CPI-deflated)
F_valuation,high_CAPE_start_years_covered,starts with CAPE>=30 (1926-01..2021-08),5y,years,12.0,count,90,"years: 1929,1997,1998,1999,2000,2001,2002,2017,2018,2019,2020,2021"
F_valuation,subsequent_real_return_when_CAPE_high,starts with CAPE>=35 (1926-01..2021-08),5y,mean,-0.018159,decimal/yr,41,Shiller ie_data.xls via shillerdata.com (file saved 2026-09-02); monthly avg prices; CAPE = Shiller P/E10; forward returns = real total return (CPI-deflated)
F_valuation,subsequent_real_return_when_CAPE_high,starts with CAPE>=35 (1926-01..2021-08),5y,min,-0.057963,decimal/yr,41,Shiller ie_data.xls via shillerdata.com (file saved 2026-09-02); monthly avg prices; CAPE = Shiller P/E10; forward returns = real total return (CPI-deflated)
F_valuation,subsequent_real_return_when_CAPE_high,starts with CAPE>=35 (1926-01..2021-08),5y,max,0.089302,decimal/yr,41,Shiller ie_data.xls via shillerdata.com (file saved 2026-09-02); monthly avg prices; CAPE = Shiller P/E10; forward returns = real total return (CPI-deflated)
F_valuation,subsequent_real_return_when_CAPE_high,starts with CAPE>=35 (1926-01..2021-08),5y,share_positive,0.170732,fraction,41,Shiller ie_data.xls via shillerdata.com (file saved 2026-09-02); monthly avg prices; CAPE = Shiller P/E10; forward returns = real total return (CPI-deflated)
F_valuation,high_CAPE_start_years_covered,starts with CAPE>=35 (1926-01..2021-08),5y,years,5.0,count,41,"years: 1998,1999,2000,2001,2021"
F_valuation,subsequent_nominal_return_all_starts,all starts 1926-01..2021-08,5y,share_positive,0.882404,fraction,1148,Shiller ie_data.xls via shillerdata.com (file saved 2026-09-02); monthly avg prices; CAPE = Shiller P/E10; forward returns = real total return (CPI-deflated)
F_valuation,subsequent_nominal_return_when_CAPE_high,starts with CAPE>=25 (1926-01..2021-08) NOMINAL,5y,mean,0.054488,decimal/yr,222,Shiller ie_data.xls via shillerdata.com (file saved 2026-09-02); monthly avg prices; CAPE = Shiller P/E10; forward returns = real total return (CPI-deflated)
F_valuation,subsequent_nominal_return_when_CAPE_high,starts with CAPE>=25 (1926-01..2021-08) NOMINAL,5y,median,0.039342,decimal/yr,222,Shiller ie_data.xls via shillerdata.com (file saved 2026-09-02); monthly avg prices; CAPE = Shiller P/E10; forward returns = real total return (CPI-deflated)
F_valuation,subsequent_nominal_return_when_CAPE_high,starts with CAPE>=25 (1926-01..2021-08) NOMINAL,5y,min,-0.1731,decimal/yr,222,Shiller ie_data.xls via shillerdata.com (file saved 2026-09-02); monthly avg prices; CAPE = Shiller P/E10; forward returns = real total return (CPI-deflated)
F_valuation,subsequent_nominal_return_when_CAPE_high,starts with CAPE>=25 (1926-01..2021-08) NOMINAL,5y,share_positive,0.702703,fraction,222,Shiller ie_data.xls via shillerdata.com (file saved 2026-09-02); monthly avg prices; CAPE = Shiller P/E10; forward returns = real total return (CPI-deflated)
F_valuation,subsequent_nominal_return_when_CAPE_high,starts with CAPE>=30 (1926-01..2021-08) NOMINAL,5y,mean,0.04193,decimal/yr,90,Shiller ie_data.xls via shillerdata.com (file saved 2026-09-02); monthly avg prices; CAPE = Shiller P/E10; forward returns = real total return (CPI-deflated)
F_valuation,subsequent_nominal_return_when_CAPE_high,starts with CAPE>=30 (1926-01..2021-08) NOMINAL,5y,median,0.014656,decimal/yr,90,Shiller ie_data.xls via shillerdata.com (file saved 2026-09-02); monthly avg prices; CAPE = Shiller P/E10; forward returns = real total return (CPI-deflated)
F_valuation,subsequent_nominal_return_when_CAPE_high,starts with CAPE>=30 (1926-01..2021-08) NOMINAL,5y,min,-0.1731,decimal/yr,90,Shiller ie_data.xls via shillerdata.com (file saved 2026-09-02); monthly avg prices; CAPE = Shiller P/E10; forward returns = real total return (CPI-deflated)
F_valuation,subsequent_nominal_return_when_CAPE_high,starts with CAPE>=30 (1926-01..2021-08) NOMINAL,5y,share_positive,0.588889,fraction,90,Shiller ie_data.xls via shillerdata.com (file saved 2026-09-02); monthly avg prices; CAPE = Shiller P/E10; forward returns = real total return (CPI-deflated)
F_valuation,subsequent_nominal_return_when_CAPE_high,starts with CAPE>=35 (1926-01..2021-08) NOMINAL,5y,mean,0.009937,decimal/yr,41,Shiller ie_data.xls via shillerdata.com (file saved 2026-09-02); monthly avg prices; CAPE = Shiller P/E10; forward returns = real total return (CPI-deflated)
F_valuation,subsequent_nominal_return_when_CAPE_high,starts with CAPE>=35 (1926-01..2021-08) NOMINAL,5y,median,-0.015392,decimal/yr,41,Shiller ie_data.xls via shillerdata.com (file saved 2026-09-02); monthly avg prices; CAPE = Shiller P/E10; forward returns = real total return (CPI-deflated)
F_valuation,subsequent_nominal_return_when_CAPE_high,starts with CAPE>=35 (1926-01..2021-08) NOMINAL,5y,min,-0.033692,decimal/yr,41,Shiller ie_data.xls via shillerdata.com (file saved 2026-09-02); monthly avg prices; CAPE = Shiller P/E10; forward returns = real total return (CPI-deflated)
F_valuation,subsequent_nominal_return_when_CAPE_high,starts with CAPE>=35 (1926-01..2021-08) NOMINAL,5y,share_positive,0.243902,fraction,41,Shiller ie_data.xls via shillerdata.com (file saved 2026-09-02); monthly avg prices; CAPE = Shiller P/E10; forward returns = real total return (CPI-deflated)
G_volatility,realized_vol_daily_log_returns_annualized,1928-2026,1y,sd*sqrt(252),0.189352,decimal,24800,Yahoo Finance ^GSPC daily closes (price)
G_volatility,realized_vol_daily_log_returns_annualized,1950-2026,1y,sd*sqrt(252),0.158005,decimal,19305,Yahoo Finance ^GSPC daily closes (price)
G_volatility,realized_vol_daily_log_returns_annualized,1990-2026,1y,sd*sqrt(252),0.179903,decimal,9251,Yahoo Finance ^GSPC daily closes (price)
G_volatility,realized_vol_daily_log_returns_annualized,last 10y to 2026-09-25,1y,sd*sqrt(252),0.181165,decimal,2514,Yahoo Finance ^GSPC daily closes (price)
G_volatility,realized_vol_daily_log_returns_annualized,last 1y to 2026-09-25,1y,sd*sqrt(252),0.12986,decimal,251,Yahoo Finance ^GSPC daily closes (price)
G_volatility,realized_vol_monthly_TR_annualized,1988-02..2026-08 (^SP500TR month-end),1y,sd*sqrt(12),0.146538,decimal,463,Yahoo Finance ^SP500TR month-end
G_volatility,sd_rolling_12m_nominal_TR,"1926-2026 (Shiller monthly, overlapping)",1y,sd,0.202661,decimal,1197,Shiller ie_data.xls via shillerdata.com (file saved 2026-09-02); monthly avg prices
G_volatility,VIX_close,2026-09-25,30d implied,value,0.1487,decimal,1,Yahoo Finance ^VIX
G_volatility,VIX_mean,1990-01-02..2026-09-25,30d implied,mean,0.194321,decimal,9253,Yahoo Finance ^VIX
G_volatility,VIX_median,1990-01-02..2026-09-25,30d implied,median,0.1758,decimal,9253,Yahoo Finance ^VIX
